environment,stratum,repeat,mode,seed,success,planner_success,failure_stage,error_code,action_wall_s,moveit_planning_s,par2_s,end_to_end_wall_s
43,distant_c0.5_from0.2,0,cartesian_ik,20691227,True,True,,1,0.25282100692857057,0.039246308,0.25282100692857057,0.2779440159210935
43,distant_c0.5_from0.2,0,joint_projected,20691227,True,True,,1,0.16758496302645653,0.027408428,0.16758496302645653,0.18802017800044268
43,distant_c0.5_from0.2,0,ompl_uniform,20691227,True,True,,1,0.19366036297287792,0.010106781,0.19366036297287792,0.19511699699796736
43,distant_c0.5_from0.2,1,cartesian_ik,20691328,True,True,,1,0.13613052398432046,0.084509951,0.13613052398432046,0.15654789202380925
43,distant_c0.5_from0.2,1,ompl_uniform,20691328,True,True,,1,0.29378240602090955,0.01414844,0.29378240602090955,0.29564893001224846
43,distant_c0.5_from0.2,1,joint_projected,20691328,True,True,,1,0.08056071400642395,0.033142784,0.08056071400642395,0.10087924706749618
43,distant_c0.5_from0.2,2,joint_projected,20691429,True,True,,1,0.10437430103775114,0.055115447,0.10437430103775114,0.12444796995259821
43,distant_c0.5_from0.2,2,ompl_uniform,20691429,True,True,,1,0.19069081102497876,0.021182435,0.19069081102497876,0.19183925399556756
43,distant_c0.5_from0.2,2,cartesian_ik,20691429,True,True,,1,0.07549693598411977,0.017725617,0.07549693598411977,0.09588766400702298
43,distant_c0.5_from0.2,3,ompl_uniform,20691530,True,True,,1,0.14154893101658672,0.036468241,0.14154893101658672,0.1432380029000342
43,distant_c0.5_from0.2,3,cartesian_ik,20691530,True,True,,1,0.06007958995178342,0.03307624,0.06007958995178342,0.08074444904923439
43,distant_c0.5_from0.2,3,joint_projected,20691530,True,True,,1,0.10646269505377859,0.029274222,0.10646269505377859,0.12661129992920905
43,distant_c0.5_from0.2,4,ompl_uniform,20691631,True,True,,1,0.16722495504654944,0.010182273,0.16722495504654944,0.16888729704078287
43,distant_c0.5_from0.2,4,cartesian_ik,20691631,True,True,,1,0.18835864996071905,0.024447227,0.18835864996071905,0.20919271698221564
43,distant_c0.5_from0.2,4,joint_projected,20691631,True,True,,1,0.07069844997022301,0.031326044,0.07069844997022301,0.09070568904280663
43,distant_c0.5_from0.2,5,ompl_uniform,20691732,True,True,,1,0.1637315839761868,0.028076721,0.1637315839761868,0.16495284298434854
43,distant_c0.5_from0.2,5,joint_projected,20691732,True,True,,1,0.13209653401281685,0.025293158,0.13209653401281685,0.15250150905922055
43,distant_c0.5_from0.2,5,cartesian_ik,20691732,True,True,,1,0.08083592692855746,0.015124967,0.08083592692855746,0.10121495905332267
43,distant_c0.5_from0.2,6,joint_projected,20691833,True,True,,1,0.15736326994374394,0.027643465,0.15736326994374394,0.17782340198755264
43,distant_c0.5_from0.2,6,ompl_uniform,20691833,True,True,,1,0.13188621797598898,0.013479212,0.13188621797598898,0.13331351592205465
43,distant_c0.5_from0.2,6,cartesian_ik,20691833,True,True,,1,0.20536211400758475,0.047688861,0.20536211400758475,0.22601672098971903
43,distant_c0.5_from0.2,7,cartesian_ik,20691934,True,True,,1,0.07557870796881616,0.04714001,0.07557870796881616,0.09602050902321935
43,distant_c0.5_from0.2,7,joint_projected,20691934,True,True,,1,0.18865103099960834,0.040820657,0.18865103099960834,0.2093873720150441
43,distant_c0.5_from0.2,7,ompl_uniform,20691934,True,True,,1,0.06842593697365373,0.012006862,0.06842593697365373,0.0701580650638789
43,distant_c0.5_from0.2,8,joint_projected,20692035,True,True,,1,0.19746674597263336,0.024240844,0.19746674597263336,0.21779389097355306
43,distant_c0.5_from0.2,8,ompl_uniform,20692035,True,True,,1,0.12682282098103315,0.008459574,0.12682282098103315,0.12787024094723165
43,distant_c0.5_from0.2,8,cartesian_ik,20692035,True,True,,1,0.07540129497647285,0.022041207,0.07540129497647285,0.09543846698943526
43,distant_c0.5_from0.2,9,joint_projected,20692136,True,True,,1,0.07982563506811857,0.034432989,0.07982563506811857,0.09952616808004677
43,distant_c0.5_from0.2,9,cartesian_ik,20692136,True,True,,1,0.08117656002286822,0.014637221,0.08117656002286822,0.10110526101198047
43,distant_c0.5_from0.2,9,ompl_uniform,20692136,True,True,,1,0.17807746992912143,0.004915878,0.17807746992912143,0.17949296196456999
38,offset_c0.7_from0.8,0,ompl_uniform,20641192,True,True,,1,0.14986389805562794,0.005964088,0.14986389805562794,0.1508507140679285
38,offset_c0.7_from0.8,0,cartesian_ik,20641192,True,True,,1,0.18183262599632144,0.066315812,0.18183262599632144,0.2029791499953717
38,offset_c0.7_from0.8,0,joint_projected,20641192,True,True,,1,0.1959254730027169,0.044834487,0.1959254730027169,0.2166495961137116
38,offset_c0.7_from0.8,1,joint_projected,20641293,True,True,,1,0.07180043496191502,0.028129911,0.07180043496191502,0.09215084405150265
38,offset_c0.7_from0.8,1,cartesian_ik,20641293,True,True,,1,0.23830913403071463,0.064385132,0.23830913403071463,0.25896829506382346
38,offset_c0.7_from0.8,1,ompl_uniform,20641293,True,True,,1,0.17081597703509033,0.030000267,0.17081597703509033,0.1720984090352431
38,offset_c0.7_from0.8,2,ompl_uniform,20641394,True,True,,1,0.19577100093010813,0.033683311,0.19577100093010813,0.19720514095388353
38,offset_c0.7_from0.8,2,joint_projected,20641394,True,True,,1,0.13396688899956644,0.036152591,0.13396688899956644,0.15505660010967404
38,offset_c0.7_from0.8,2,cartesian_ik,20641394,True,True,,1,0.27077025710605085,0.062687875,0.27077025710605085,0.2923394020181149
38,offset_c0.7_from0.8,3,cartesian_ik,20641495,True,True,,1,0.1507064449833706,0.016040247,0.1507064449833706,0.17149554612115026
38,offset_c0.7_from0.8,3,joint_projected,20641495,True,True,,1,0.1642764339921996,0.031834202,0.1642764339921996,0.18534275004640222
38,offset_c0.7_from0.8,3,ompl_uniform,20641495,True,True,,1,0.18347679800353944,0.027838556,0.18347679800353944,0.1851930299308151
38,offset_c0.7_from0.8,4,joint_projected,20641596,True,True,,1,0.060399245005100965,0.038729948,0.060399245005100965,0.08123557700309902
38,offset_c0.7_from0.8,4,cartesian_ik,20641596,True,True,,1,0.13306247896980494,0.019579313,0.13306247896980494,0.15369287400972098
38,offset_c0.7_from0.8,4,ompl_uniform,20641596,True,True,,1,0.19857132306788117,0.033929505,0.19857132306788117,0.19968368508853018
38,offset_c0.7_from0.8,5,ompl_uniform,20641697,True,True,,1,0.3981533239129931,0.047833005,0.3981533239129931,0.39970551908481866
38,offset_c0.7_from0.8,5,joint_projected,20641697,True,True,,1,0.17037219903431833,0.023809437,0.17037219903431833,0.19169684301596135
38,offset_c0.7_from0.8,5,cartesian_ik,20641697,True,True,,1,0.16580756905023009,0.087492086,0.16580756905023009,0.18642983795143664
38,offset_c0.7_from0.8,6,joint_projected,20641798,True,True,,1,0.1521506600547582,0.035973747,0.1521506600547582,0.17254395503550768
38,offset_c0.7_from0.8,6,cartesian_ik,20641798,True,True,,1,0.2115730019286275,0.023813297,0.2115730019286275,0.23207590111996979
38,offset_c0.7_from0.8,6,ompl_uniform,20641798,True,True,,1,0.188230792991817,0.021694112,0.188230792991817,0.18991672503761947
38,offset_c0.7_from0.8,7,joint_projected,20641899,True,True,,1,0.19124499009922147,0.02858574,0.19124499009922147,0.21187254413962364
38,offset_c0.7_from0.8,7,ompl_uniform,20641899,True,True,,1,0.23705013701692224,0.033504228,0.23705013701692224,0.23836084199137986
38,offset_c0.7_from0.8,7,cartesian_ik,20641899,True,True,,1,0.1537037199595943,0.028568487,0.1537037199595943,0.1749920730944723
38,offset_c0.7_from0.8,8,joint_projected,20642000,True,True,,1,0.13950097293127328,0.043582195,0.13950097293127328,0.15986216405872256
38,offset_c0.7_from0.8,8,ompl_uniform,20642000,True,True,,1,0.16995820892043412,0.015258646,0.16995820892043412,0.17129213898442686
38,offset_c0.7_from0.8,8,cartesian_ik,20642000,True,True,,1,0.19628462195396423,0.061241214,0.19628462195396423,0.21687737898901105
38,offset_c0.7_from0.8,9,ompl_uniform,20642101,True,True,,1,0.2050564039964229,0.042629872,0.2050564039964229,0.206744089955464
38,offset_c0.7_from0.8,9,joint_projected,20642101,True,True,,1,0.11722222599200904,0.02115426,0.11722222599200904,0.13795967597980052
38,offset_c0.7_from0.8,9,cartesian_ik,20642101,True,True,,1,0.13694144098553807,0.025558405,0.13694144098553807,0.15803511906415224
46,distant_c0.5_from0.2,0,ompl_uniform,20721248,True,True,,1,0.11686373804695904,0.008913922,0.11686373804695904,0.1182403729762882
46,distant_c0.5_from0.2,0,joint_projected,20721248,True,True,,1,0.07430855801794678,0.012125841,0.07430855801794678,0.09473248198628426
46,distant_c0.5_from0.2,0,cartesian_ik,20721248,True,True,,1,0.18572600092738867,0.034756658,0.18572600092738867,0.2060810059774667
46,distant_c0.5_from0.2,1,joint_projected,20721349,True,True,,1,0.04165315197315067,0.013670923,0.04165315197315067,0.06204857490956783
46,distant_c0.5_from0.2,1,ompl_uniform,20721349,True,True,,1,0.16895060299430043,0.025399839,0.16895060299430043,0.17044317803811282
46,distant_c0.5_from0.2,1,cartesian_ik,20721349,True,True,,1,0.11811642593238503,0.021855486,0.11811642593238503,0.13896745000965893
46,distant_c0.5_from0.2,2,joint_projected,20721450,True,True,,1,0.12694638199172914,0.039028876,0.12694638199172914,0.14708848297595978
46,distant_c0.5_from0.2,2,cartesian_ik,20721450,True,True,,1,0.19218726106919348,0.038177128,0.19218726106919348,0.21222618990577757
46,distant_c0.5_from0.2,2,ompl_uniform,20721450,True,True,,1,0.19379994797054678,0.033630451,0.19379994797054678,0.19547305698506534
46,distant_c0.5_from0.2,3,joint_projected,20721551,True,True,,1,0.10137135104741901,0.017369908,0.10137135104741901,0.12207600299734622
46,distant_c0.5_from0.2,3,ompl_uniform,20721551,True,True,,1,0.14987794402986765,0.018709329,0.14987794402986765,0.15127420192584395
46,distant_c0.5_from0.2,3,cartesian_ik,20721551,True,True,,1,0.13486703799571842,0.013472813,0.13486703799571842,0.15520459890831262
46,distant_c0.5_from0.2,4,cartesian_ik,20721652,True,True,,1,0.10577911895234138,0.012440952,0.10577911895234138,0.12552855699323118
46,distant_c0.5_from0.2,4,joint_projected,20721652,True,True,,1,0.08641014597378671,0.036449401,0.08641014597378671,0.10611320403404534
46,distant_c0.5_from0.2,4,ompl_uniform,20721652,True,True,,1,0.2600540020503104,0.020720017,0.2600540020503104,0.26136320002842695
46,distant_c0.5_from0.2,5,ompl_uniform,20721753,True,True,,1,0.24319077900145203,0.014284044,0.24319077900145203,0.24530113593209535
46,distant_c0.5_from0.2,5,cartesian_ik,20721753,True,True,,1,0.26461630302947015,0.035117413,0.26461630302947015,0.28517865389585495
46,distant_c0.5_from0.2,5,joint_projected,20721753,True,True,,1,0.11597247002646327,0.017310551,0.11597247002646327,0.13602515391539782
46,distant_c0.5_from0.2,6,joint_projected,20721854,True,True,,1,0.09897488099522889,0.032152266,0.09897488099522889,0.11896930588409305
46,distant_c0.5_from0.2,6,cartesian_ik,20721854,True,True,,1,0.15052241506054997,0.017644444,0.15052241506054997,0.17104768590070307
46,distant_c0.5_from0.2,6,ompl_uniform,20721854,True,True,,1,0.16504748398438096,0.008715916,0.16504748398438096,0.16644931701011956
46,distant_c0.5_from0.2,7,ompl_uniform,20721955,True,True,,1,0.14023491891566664,0.020853662,0.14023491891566664,0.1418050880311057
46,distant_c0.5_from0.2,7,joint_projected,20721955,True,True,,1,0.05042226903606206,0.02930307,0.05042226903606206,0.07057569897733629
46,distant_c0.5_from0.2,7,cartesian_ik,20721955,True,True,,1,0.11692410404793918,0.013426183,0.11692410404793918,0.1371773260179907
46,distant_c0.5_from0.2,8,cartesian_ik,20722056,True,True,,1,0.16186659398954362,0.023339188,0.16186659398954362,0.1821163889253512
46,distant_c0.5_from0.2,8,joint_projected,20722056,True,True,,1,0.12924257095437497,0.033589931,0.12924257095437497,0.14954367093741894
46,distant_c0.5_from0.2,8,ompl_uniform,20722056,True,True,,1,0.20644342992454767,0.034703796,0.20644342992454767,0.20745494903530926
46,distant_c0.5_from0.2,9,joint_projected,20722157,True,True,,1,0.08347388601396233,0.033850527,0.08347388601396233,0.10413919505663216
46,distant_c0.5_from0.2,9,ompl_uniform,20722157,True,True,,1,0.13353575894143432,0.011439792,0.13353575894143432,0.1352830759715289
46,distant_c0.5_from0.2,9,cartesian_ik,20722157,True,True,,1,0.04402473499067128,0.004843697,0.04402473499067128,0.0642916279612109
36,offset_c0.7_from0.8,0,ompl_uniform,20621178,True,True,,1,0.1341246860101819,0.021169162,0.1341246860101819,0.13529163599014282
36,offset_c0.7_from0.8,0,joint_projected,20621178,True,True,,1,0.1122381390305236,0.019947555,0.1122381390305236,0.13282882806379348
36,offset_c0.7_from0.8,0,cartesian_ik,20621178,True,True,,1,0.14679565897677094,0.045513288,0.14679565897677094,0.1675949670607224
36,offset_c0.7_from0.8,1,cartesian_ik,20621279,True,True,,1,0.09409682801924646,0.020190685,0.09409682801924646,0.1141458610072732
36,offset_c0.7_from0.8,1,joint_projected,20621279,True,True,,1,0.2319209409179166,0.02520201,0.2319209409179166,0.2524027720792219
36,offset_c0.7_from0.8,1,ompl_uniform,20621279,True,True,,1,0.09014953800942749,0.031013827,0.09014953800942749,0.091520452988334
36,offset_c0.7_from0.8,2,cartesian_ik,20621380,True,True,,1,0.10200062207877636,0.009602009,0.10200062207877636,0.12217356194742024
36,offset_c0.7_from0.8,2,ompl_uniform,20621380,True,True,,1,0.26965576503425837,0.026532581,0.26965576503425837,0.27081426000222564
36,offset_c0.7_from0.8,2,joint_projected,20621380,True,True,,1,0.16872348997276276,0.025793464,0.16872348997276276,0.18932116590440273
36,offset_c0.7_from0.8,3,joint_projected,20621481,True,True,,1,0.06506349600385875,0.022859509,0.06506349600385875,0.0850987610174343
36,offset_c0.7_from0.8,3,ompl_uniform,20621481,True,True,,1,0.11594878602772951,0.025127868,0.11594878602772951,0.11724069097544998
36,offset_c0.7_from0.8,3,cartesian_ik,20621481,True,True,,1,0.18429420900065452,0.048315937,0.18429420900065452,0.20499490399379283
36,offset_c0.7_from0.8,4,ompl_uniform,20621582,True,True,,1,0.10118220699951053,0.021896249,0.10118220699951053,0.10229084698949009
36,offset_c0.7_from0.8,4,cartesian_ik,20621582,True,True,,1,0.16277783398982137,0.035953182,0.16277783398982137,0.18353735795244575
36,offset_c0.7_from0.8,4,joint_projected,20621582,True,True,,1,0.09902872203383595,0.035166486,0.09902872203383595,0.11916096101049334
36,offset_c0.7_from0.8,5,cartesian_ik,20621683,True,True,,1,0.13484801002778113,0.009606274,0.13484801002778113,0.15548600093461573
36,offset_c0.7_from0.8,5,ompl_uniform,20621683,True,True,,1,0.13535545603372157,0.018016009,0.13535545603372157,0.13653462706133723
36,offset_c0.7_from0.8,5,joint_projected,20621683,True,True,,1,0.04859980090986937,0.023369103,0.04859980090986937,0.06903359398711473
36,offset_c0.7_from0.8,6,joint_projected,20621784,True,True,,1,0.06039825000334531,0.029775061,0.06039825000334531,0.0809152910951525
36,offset_c0.7_from0.8,6,ompl_uniform,20621784,True,True,,1,0.11399809503927827,0.020477944,0.11399809503927827,0.11563109303824604
36,offset_c0.7_from0.8,6,cartesian_ik,20621784,True,True,,1,0.10339279798790812,0.033941806,0.10339279798790812,0.12423154804855585
36,offset_c0.7_from0.8,7,cartesian_ik,20621885,True,True,,1,0.10257413098588586,0.01058623,0.10257413098588586,0.12298076099250466
36,offset_c0.7_from0.8,7,joint_projected,20621885,True,True,,1,0.04064767702948302,0.01950871,0.04064767702948302,0.060896063107065856
36,offset_c0.7_from0.8,7,ompl_uniform,20621885,True,True,,1,0.07982248393818736,0.020763834,0.07982248393818736,0.08131228398997337
36,offset_c0.7_from0.8,8,joint_projected,20621986,True,True,,1,0.057952932082116604,0.019974595,0.057952932082116604,0.07829107507131994
36,offset_c0.7_from0.8,8,ompl_uniform,20621986,True,True,,1,0.20564666099380702,0.035431803,0.20564666099380702,0.20743466401472688
36,offset_c0.7_from0.8,8,cartesian_ik,20621986,True,True,,1,0.16895882599055767,0.053982756,0.16895882599055767,0.18967007799074054
36,offset_c0.7_from0.8,9,joint_projected,20622087,True,True,,1,0.12925700703635812,0.036685779,0.12925700703635812,0.14966340200044215
36,offset_c0.7_from0.8,9,ompl_uniform,20622087,True,True,,1,0.20917528495192528,0.018017795,0.20917528495192528,0.21062123600859195
36,offset_c0.7_from0.8,9,cartesian_ik,20622087,True,True,,1,0.1892243929905817,0.058069215,0.1892243929905817,0.2103883079253137
41,distant_c0.5_from0.2,0,cartesian_ik,20671213,True,True,,1,0.07430664706043899,0.036579722,0.07430664706043899,0.09468912705779076
41,distant_c0.5_from0.2,0,ompl_uniform,20671213,True,True,,1,0.14555719192139804,0.011571091,0.14555719192139804,0.14711975294630975
41,distant_c0.5_from0.2,0,joint_projected,20671213,True,True,,1,0.10257182805798948,0.02789725,0.10257182805798948,0.12352778401691467
41,distant_c0.5_from0.2,1,joint_projected,20671314,True,True,,1,0.1337653970113024,0.022566334,0.1337653970113024,0.15414716699160635
41,distant_c0.5_from0.2,1,cartesian_ik,20671314,True,True,,1,0.11304874799679965,0.027038743,0.11304874799679965,0.13278310396708548
41,distant_c0.5_from0.2,1,ompl_uniform,20671314,True,True,,1,0.1085354300448671,0.006081568,0.1085354300448671,0.10964415699709207
41,distant_c0.5_from0.2,2,cartesian_ik,20671415,True,True,,1,0.03457191900815815,0.010106651,0.03457191900815815,0.054661966976709664
41,distant_c0.5_from0.2,2,ompl_uniform,20671415,True,True,,1,0.1182069219648838,0.006846427,0.1182069219648838,0.11980447790119797
41,distant_c0.5_from0.2,2,joint_projected,20671415,True,True,,1,0.041755449026823044,0.009436395,0.041755449026823044,0.06174967088736594
41,distant_c0.5_from0.2,3,ompl_uniform,20671516,True,True,,1,0.16166432900354266,0.032429518,0.16166432900354266,0.16317544505000114
41,distant_c0.5_from0.2,3,cartesian_ik,20671516,True,True,,1,0.14963014097884297,0.016724362,0.14963014097884297,0.1703090750379488
41,distant_c0.5_from0.2,3,joint_projected,20671516,True,True,,1,0.07801039703190327,0.018596433,0.07801039703190327,0.09780387300997972
41,distant_c0.5_from0.2,4,ompl_uniform,20671617,True,True,,1,0.15922621998470277,0.033404293,0.15922621998470277,0.16053990903310478
41,distant_c0.5_from0.2,4,cartesian_ik,20671617,True,True,,1,0.0307125129038468,0.017059138,0.0307125129038468,0.051340335980057716
41,distant_c0.5_from0.2,4,joint_projected,20671617,True,True,,1,0.16805705800652504,0.019575571,0.16805705800652504,0.18804187106434256
41,distant_c0.5_from0.2,5,ompl_uniform,20671718,True,True,,1,0.11969686998054385,0.029752906,0.11969686998054385,0.12102452293038368
41,distant_c0.5_from0.2,5,joint_projected,20671718,True,True,,1,0.04540269309654832,0.015051278,0.04540269309654832,0.06549925997387618
41,distant_c0.5_from0.2,5,cartesian_ik,20671718,True,True,,1,0.12799511093180627,0.021885428,0.12799511093180627,0.14869300299324095
41,distant_c0.5_from0.2,6,cartesian_ik,20671819,True,True,,1,0.11187130503822118,0.031201541,0.11187130503822118,0.13177063106559217
41,distant_c0.5_from0.2,6,ompl_uniform,20671819,True,True,,1,0.15534062392544,0.010723059,0.15534062392544,0.15652856102678925
41,distant_c0.5_from0.2,6,joint_projected,20671819,True,True,,1,0.0713804840343073,0.019610228,0.0713804840343073,0.09216455894056708
41,distant_c0.5_from0.2,7,joint_projected,20671920,True,True,,1,0.2024024190614,0.054128311,0.2024024190614,0.22245753300376236
41,distant_c0.5_from0.2,7,ompl_uniform,20671920,True,True,,1,0.22131080902181566,0.011267589,0.22131080902181566,0.22308298107236624
41,distant_c0.5_from0.2,7,cartesian_ik,20671920,True,True,,1,0.16833825199864805,0.021784692,0.16833825199864805,0.18854129000101238
41,distant_c0.5_from0.2,8,ompl_uniform,20672021,True,True,,1,0.16960460599511862,0.019517033,0.16960460599511862,0.17098272603470832
41,distant_c0.5_from0.2,8,cartesian_ik,20672021,True,True,,1,0.12503154203295708,0.035617377,0.12503154203295708,0.14501412096433342
41,distant_c0.5_from0.2,8,joint_projected,20672021,True,True,,1,0.055133134010247886,0.020021877,0.055133134010247886,0.07497674890328199
41,distant_c0.5_from0.2,9,joint_projected,20672122,True,True,,1,0.08123629703186452,0.019630292,0.08123629703186452,0.10110185400117189
41,distant_c0.5_from0.2,9,cartesian_ik,20672122,True,True,,1,0.18695128010585904,0.02045917,0.18695128010585904,0.20780936302617192
41,distant_c0.5_from0.2,9,ompl_uniform,20672122,True,True,,1,0.1264490350149572,0.008374608,0.1264490350149572,0.1281331330537796
47,distant_c0.5_from0.2,0,cartesian_ik,20731255,True,True,,1,0.1147421570494771,0.02580881,0.1147421570494771,0.13503118802327663
47,distant_c0.5_from0.2,0,joint_projected,20731255,True,True,,1,0.05402537202462554,0.016782433,0.05402537202462554,0.07486310496460646
47,distant_c0.5_from0.2,0,ompl_uniform,20731255,True,True,,1,0.09376140299718827,0.028445206,0.09376140299718827,0.09516558598261327
47,distant_c0.5_from0.2,1,ompl_uniform,20731356,True,True,,1,0.15153091994579881,0.038780882,0.15153091994579881,0.1530202419962734
47,distant_c0.5_from0.2,1,cartesian_ik,20731356,True,True,,1,0.12192985601723194,0.025357122,0.12192985601723194,0.14253956102766097
47,distant_c0.5_from0.2,1,joint_projected,20731356,True,True,,1,0.1422667889855802,0.019612608,0.1422667889855802,0.16290449688676745
47,distant_c0.5_from0.2,2,cartesian_ik,20731457,True,True,,1,0.13115682895295322,0.010101146,0.13115682895295322,0.15156439202837646
47,distant_c0.5_from0.2,2,joint_projected,20731457,True,True,,1,0.07297956105321646,0.029463226,0.07297956105321646,0.09308290400076658
47,distant_c0.5_from0.2,2,ompl_uniform,20731457,True,True,,1,0.09870927396696061,0.02092147,0.09870927396696061,0.10002550494391471
47,distant_c0.5_from0.2,3,ompl_uniform,20731558,True,True,,1,0.14457538502756506,0.025240172,0.14457538502756506,0.14609255595132709
47,distant_c0.5_from0.2,3,joint_projected,20731558,True,True,,1,0.12671840202528983,0.025860127,0.12671840202528983,0.14793393900617957
47,distant_c0.5_from0.2,3,cartesian_ik,20731558,True,True,,1,0.11448690004181117,0.016963176,0.11448690004181117,0.1347581410082057
47,distant_c0.5_from0.2,4,cartesian_ik,20731659,True,True,,1,0.11899797595106065,0.019256636,0.11899797595106065,0.13943149300757796
47,distant_c0.5_from0.2,4,joint_projected,20731659,True,True,,1,0.06158950901590288,0.026885651,0.06158950901590288,0.08242257707752287
47,distant_c0.5_from0.2,4,ompl_uniform,20731659,True,True,,1,0.15393344801850617,0.009580742,0.15393344801850617,0.15503129397984594
47,distant_c0.5_from0.2,5,joint_projected,20731760,True,True,,1,0.13301401596982032,0.027262032,0.13301401596982032,0.15361766295973212
47,distant_c0.5_from0.2,5,cartesian_ik,20731760,True,True,,1,0.11657125107012689,0.0150203,0.11657125107012689,0.13691840996034443
47,distant_c0.5_from0.2,5,ompl_uniform,20731760,True,True,,1,0.1612585320835933,0.010588318,0.1612585320835933,0.1626651679398492
47,distant_c0.5_from0.2,6,joint_projected,20731861,True,True,,1,0.06780227809213102,0.015661771,0.06780227809213102,0.08808032493107021
47,distant_c0.5_from0.2,6,cartesian_ik,20731861,True,True,,1,0.15305688593070954,0.008635029,0.15305688593070954,0.17392732191365212
47,distant_c0.5_from0.2,6,ompl_uniform,20731861,True,True,,1,0.1522339090006426,0.008432212,0.1522339090006426,0.1535707659786567
47,distant_c0.5_from0.2,7,ompl_uniform,20731962,True,True,,1,0.18716554902493954,0.025565202,0.18716554902493954,0.18851995503064245
47,distant_c0.5_from0.2,7,joint_projected,20731962,True,True,,1,0.05768203304614872,0.019724552,0.05768203304614872,0.0778942828765139
47,distant_c0.5_from0.2,7,cartesian_ik,20731962,True,True,,1,0.148816968081519,0.026788997,0.148816968081519,0.16894275799859315
47,distant_c0.5_from0.2,8,joint_projected,20732063,True,True,,1,0.08046725299209356,0.02061432,0.08046725299209356,0.10085799091029912
47,distant_c0.5_from0.2,8,cartesian_ik,20732063,True,True,,1,0.17263046198058873,0.017561957,0.17263046198058873,0.19282214296981692
47,distant_c0.5_from0.2,8,ompl_uniform,20732063,True,True,,1,0.18622141797095537,0.031572626,0.18622141797095537,0.1876925250981003
47,distant_c0.5_from0.2,9,cartesian_ik,20732164,True,True,,1,0.09223643504083157,0.016081204,0.09223643504083157,0.11286843288689852
47,distant_c0.5_from0.2,9,ompl_uniform,20732164,True,True,,1,0.09501987497787923,0.019731554,0.09501987497787923,0.09643770498223603
47,distant_c0.5_from0.2,9,joint_projected,20732164,True,True,,1,0.1484348919475451,0.022733531,0.1484348919475451,0.16861028596758842
7,central_c0.5_from0.2,0,cartesian_ik,20330975,True,True,,1,0.24068616307340562,0.090329553,0.24068616307340562,0.2608683289727196
7,central_c0.5_from0.2,0,ompl_uniform,20330975,True,True,,1,0.22822148399427533,0.028286098,0.22822148399427533,0.22957390896044672
7,central_c0.5_from0.2,0,joint_projected,20330975,True,True,,1,0.11212418205104768,0.031726162,0.11212418205104768,0.1324441001052037
7,central_c0.5_from0.2,1,cartesian_ik,20331076,True,True,,1,0.278309368994087,0.056410343,0.278309368994087,0.29866090998984873
7,central_c0.5_from0.2,1,ompl_uniform,20331076,True,True,,1,0.13512232899665833,0.017934012,0.13512232899665833,0.1363221009960398
7,central_c0.5_from0.2,1,joint_projected,20331076,True,True,,1,0.1560329629573971,0.026363423,0.1560329629573971,0.17622434999793768
7,central_c0.5_from0.2,2,ompl_uniform,20331177,True,True,,1,0.23045498505234718,0.019561895,0.23045498505234718,0.23195632302667946
7,central_c0.5_from0.2,2,joint_projected,20331177,True,True,,1,0.06296466407366097,0.015740495,0.06296466407366097,0.08329402201343328
7,central_c0.5_from0.2,2,cartesian_ik,20331177,True,True,,1,0.18958406092133373,0.065395292,0.18958406092133373,0.20970945805311203
7,central_c0.5_from0.2,3,joint_projected,20331278,True,True,,1,0.23002579901367426,0.039703929,0.23002579901367426,0.2501003179932013
7,central_c0.5_from0.2,3,ompl_uniform,20331278,True,True,,1,0.13819857989437878,0.017692141,0.13819857989437878,0.13967920991126448
7,central_c0.5_from0.2,3,cartesian_ik,20331278,True,True,,1,0.15640954696573317,0.034727404,0.15640954696573317,0.17658222909085453
7,central_c0.5_from0.2,4,ompl_uniform,20331379,True,True,,1,0.1756134940078482,0.01545533,0.1756134940078482,0.1770501909777522
7,central_c0.5_from0.2,4,joint_projected,20331379,True,True,,1,0.16186831006780267,0.031612516,0.16186831006780267,0.18226990301627666
7,central_c0.5_from0.2,4,cartesian_ik,20331379,True,True,,1,0.20148856902960688,0.052766939,0.20148856902960688,0.2222053500590846
7,central_c0.5_from0.2,5,ompl_uniform,20331480,True,True,,1,0.4704709410434589,0.034999327,0.4704709410434589,0.47204493393655866
7,central_c0.5_from0.2,5,cartesian_ik,20331480,True,True,,1,0.11771002702880651,0.031877273,0.11771002702880651,0.13805064104963094
7,central_c0.5_from0.2,5,joint_projected,20331480,True,True,,1,0.21355712390504777,0.072354596,0.21355712390504777,0.23371092311572284
7,central_c0.5_from0.2,6,joint_projected,20331581,True,True,,1,0.18417239096015692,0.033794983,0.18417239096015692,0.20476277405396104
7,central_c0.5_from0.2,6,ompl_uniform,20331581,True,True,,1,0.15642571996431798,0.015153847,0.15642571996431798,0.157916227937676
7,central_c0.5_from0.2,6,cartesian_ik,20331581,True,True,,1,0.2430078419856727,0.080461199,0.2430078419856727,0.26318718504626304
7,central_c0.5_from0.2,7,cartesian_ik,20331682,True,True,,1,0.16570412297733128,0.028892965,0.16570412297733128,0.1855323709314689
7,central_c0.5_from0.2,7,joint_projected,20331682,True,True,,1,0.09808608994353563,0.017604449,0.09808608994353563,0.1182543890317902
7,central_c0.5_from0.2,7,ompl_uniform,20331682,True,True,,1,0.14603048900607973,0.010657743,0.14603048900607973,0.14767629804555327
7,central_c0.5_from0.2,8,joint_projected,20331783,True,True,,1,0.18344614701345563,0.044547261,0.18344614701345563,0.203743034042418
7,central_c0.5_from0.2,8,cartesian_ik,20331783,True,True,,1,0.21251334203407168,0.074259273,0.21251334203407168,0.23277609201613814
7,central_c0.5_from0.2,8,ompl_uniform,20331783,True,True,,1,0.21446009608916938,0.021419339,0.21446009608916938,0.2157570030540228
7,central_c0.5_from0.2,9,joint_projected,20331884,True,True,,1,0.18024554511066526,0.02400072,0.18024554511066526,0.2006777359638363
7,central_c0.5_from0.2,9,ompl_uniform,20331884,True,True,,1,0.5300438160775229,0.046497467,0.5300438160775229,0.5318867840105668
7,central_c0.5_from0.2,9,cartesian_ik,20331884,True,True,,1,0.15565593994688243,0.029689133,0.15565593994688243,0.17584716202691197
26,offset_c0.5_from0.2,0,ompl_uniform,20521108,True,True,,1,0.16502024000510573,0.032768991,0.16502024000510573,0.16597683599684387
26,offset_c0.5_from0.2,0,cartesian_ik,20521108,True,True,,1,0.10746665101032704,0.017472274,0.10746665101032704,0.1275757149560377
26,offset_c0.5_from0.2,0,joint_projected,20521108,True,True,,1,0.2494790949858725,0.029162632,0.2494790949858725,0.26961500791367143
26,offset_c0.5_from0.2,1,ompl_uniform,20521209,True,True,,1,0.12520170293282717,0.013237049,0.12520170293282717,0.1262634659651667
26,offset_c0.5_from0.2,1,joint_projected,20521209,True,True,,1,0.036322270054370165,0.020084757,0.036322270054370165,0.05675239802803844
26,offset_c0.5_from0.2,1,cartesian_ik,20521209,True,True,,1,0.03357696300372481,0.019028872,0.03357696300372481,0.05345571297220886
26,offset_c0.5_from0.2,2,joint_projected,20521310,True,True,,1,0.11327183106914163,0.023609637,0.11327183106914163,0.13402016391046345
26,offset_c0.5_from0.2,2,ompl_uniform,20521310,True,True,,1,0.18606202502269298,0.027694457,0.18606202502269298,0.18718745093792677
26,offset_c0.5_from0.2,2,cartesian_ik,20521310,True,True,,1,0.17021658399607986,0.015231547,0.17021658399607986,0.19098326901439577
26,offset_c0.5_from0.2,3,ompl_uniform,20521411,True,True,,1,0.12503108591772616,0.035152116,0.12503108591772616,0.12663360207807273
26,offset_c0.5_from0.2,3,joint_projected,20521411,True,True,,1,0.20316425792407244,0.023388436,0.20316425792407244,0.22375971300061792
26,offset_c0.5_from0.2,3,cartesian_ik,20521411,True,True,,1,0.15094401699025184,0.032786552,0.15094401699025184,0.1710354300448671
26,offset_c0.5_from0.2,4,cartesian_ik,20521512,True,True,,1,0.2873772180173546,0.049284764,0.2873772180173546,0.30875613796524704
26,offset_c0.5_from0.2,4,joint_projected,20521512,True,True,,1,0.15388378698844463,0.027997653,0.15388378698844463,0.17404198099393398
26,offset_c0.5_from0.2,4,ompl_uniform,20521512,True,True,,1,0.19258640194311738,0.00945753,0.19258640194311738,0.19431506900582463
26,offset_c0.5_from0.2,5,cartesian_ik,20521613,True,True,,1,0.11689784796908498,0.050326418,0.11689784796908498,0.13728594488929957
26,offset_c0.5_from0.2,5,ompl_uniform,20521613,True,True,,1,0.10980506497435272,0.024189475,0.10980506497435272,0.11106327699963003
26,offset_c0.5_from0.2,5,joint_projected,20521613,True,True,,1,0.1324435279238969,0.028790428,0.1324435279238969,0.15290953498333693
26,offset_c0.5_from0.2,6,joint_projected,20521714,True,True,,1,0.04023933096323162,0.021998315,0.04023933096323162,0.06092170090414584
26,offset_c0.5_from0.2,6,cartesian_ik,20521714,True,True,,1,0.1346654980443418,0.03830576,0.1346654980443418,0.15472915396094322
26,offset_c0.5_from0.2,6,ompl_uniform,20521714,True,True,,1,0.15629977290518582,0.0356429,0.15629977290518582,0.1575924779754132
26,offset_c0.5_from0.2,7,joint_projected,20521815,True,True,,1,0.15198692108970135,0.033323912,0.15198692108970135,0.17226491798646748
26,offset_c0.5_from0.2,7,cartesian_ik,20521815,True,True,,1,0.11701594898477197,0.012298299,0.11701594898477197,0.13692974403966218
26,offset_c0.5_from0.2,7,ompl_uniform,20521815,True,True,,1,0.1479177389992401,0.011120935,0.1479177389992401,0.14909809897653759
26,offset_c0.5_from0.2,8,joint_projected,20521916,True,True,,1,0.09048556501511484,0.024109921,0.09048556501511484,0.11058109300211072
26,offset_c0.5_from0.2,8,cartesian_ik,20521916,True,True,,1,0.13923156599048525,0.053498719,0.13923156599048525,0.15984067099634558
26,offset_c0.5_from0.2,8,ompl_uniform,20521916,True,True,,1,0.12656788690946996,0.01136701,0.12656788690946996,0.12778187298681587
26,offset_c0.5_from0.2,9,joint_projected,20522017,True,True,,1,0.04421326797455549,0.017576974,0.04421326797455549,0.06440699496306479
26,offset_c0.5_from0.2,9,cartesian_ik,20522017,True,True,,1,0.06625521893147379,0.016130788,0.06625521893147379,0.08629046392161399
26,offset_c0.5_from0.2,9,ompl_uniform,20522017,True,True,,1,0.17489025904797018,0.029082881,0.17489025904797018,0.17619661195203662
14,central_c0.7_from0.8,0,joint_projected,20401024,True,True,,1,0.0869412129977718,0.027599628,0.0869412129977718,0.10696869099047035
14,central_c0.7_from0.8,0,ompl_uniform,20401024,True,True,,1,0.2429291580338031,0.011488588,0.2429291580338031,0.2445214840117842
14,central_c0.7_from0.8,0,cartesian_ik,20401024,True,True,,1,0.06667201302479953,0.044395686,0.06667201302479953,0.08682901400607079
14,central_c0.7_from0.8,1,ompl_uniform,20401125,True,True,,1,0.11029147705994546,0.015677113,0.11029147705994546,0.1116619419772178
14,central_c0.7_from0.8,1,cartesian_ik,20401125,True,True,,1,0.12474455393385142,0.04273303,0.12474455393385142,0.14565959002356976
14,central_c0.7_from0.8,1,joint_projected,20401125,True,True,,1,0.3506612059427425,0.033369185,0.3506612059427425,0.37128387799020857
14,central_c0.7_from0.8,2,cartesian_ik,20401226,True,True,,1,0.1765710279578343,0.04347531,0.1765710279578343,0.19842597492970526
14,central_c0.7_from0.8,2,ompl_uniform,20401226,True,True,,1,0.1461826809681952,0.020763734,0.1461826809681952,0.14791326597332954
14,central_c0.7_from0.8,2,joint_projected,20401226,True,True,,1,0.05315507296472788,0.019483806,0.05315507296472788,0.07411444000899792
14,central_c0.7_from0.8,3,cartesian_ik,20401327,True,True,,1,0.12615780904889107,0.05323652,0.12615780904889107,0.14666389802005142
14,central_c0.7_from0.8,3,ompl_uniform,20401327,True,True,,1,0.141425030073151,0.033611605,0.141425030073151,0.14275804196950048
14,central_c0.7_from0.8,3,joint_projected,20401327,True,True,,1,0.146343256928958,0.027120395,0.146343256928958,0.16763453907333314
14,central_c0.7_from0.8,4,ompl_uniform,20401428,True,True,,1,0.19425771699752659,0.03318777,0.19425771699752659,0.19581035000737756
14,central_c0.7_from0.8,4,joint_projected,20401428,True,True,,1,0.0351312009152025,0.016663713,0.0351312009152025,0.05560060101561248
14,central_c0.7_from0.8,4,cartesian_ik,20401428,True,True,,1,0.08448617300018668,0.014786728,0.08448617300018668,0.104598214966245
14,central_c0.7_from0.8,5,cartesian_ik,20401529,True,True,,1,0.20055011997465044,0.06825592,0.20055011997465044,0.2209205870749429
14,central_c0.7_from0.8,5,ompl_uniform,20401529,True,True,,1,0.1613366740057245,0.016873329,0.1613366740057245,0.1627127560786903
14,central_c0.7_from0.8,5,joint_projected,20401529,True,True,,1,0.08098556404002011,0.026285516,0.08098556404002011,0.102101473021321
14,central_c0.7_from0.8,6,ompl_uniform,20401630,True,True,,1,0.09838745498564094,0.013330171,0.09838745498564094,0.09991330304183066
14,central_c0.7_from0.8,6,cartesian_ik,20401630,True,True,,1,0.14894721505697817,0.047734519,0.14894721505697817,0.17013020301237702
14,central_c0.7_from0.8,6,joint_projected,20401630,True,True,,1,0.17346409894526005,0.034137097,0.17346409894526005,0.19408972293604165
14,central_c0.7_from0.8,7,ompl_uniform,20401731,True,True,,1,0.06312584492843598,0.007045771,0.06312584492843598,0.06441266008187085
14,central_c0.7_from0.8,7,cartesian_ik,20401731,True,True,,1,0.10170312400441617,0.018289561,0.10170312400441617,0.1226588620338589
14,central_c0.7_from0.8,7,joint_projected,20401731,True,True,,1,0.19092989503405988,0.02807122,0.19092989503405988,0.2113012420013547
14,central_c0.7_from0.8,8,joint_projected,20401832,True,True,,1,0.20644653006456792,0.016595772,0.20644653006456792,0.22712859697639942
14,central_c0.7_from0.8,8,cartesian_ik,20401832,True,True,,1,0.07631492905784398,0.028901174,0.07631492905784398,0.09696163609623909
14,central_c0.7_from0.8,8,ompl_uniform,20401832,True,True,,1,0.19955320295412093,0.032229416,0.19955320295412093,0.20129301794804633
14,central_c0.7_from0.8,9,cartesian_ik,20401933,True,True,,1,0.1228912650840357,0.022890123,0.1228912650840357,0.14357934100553393
14,central_c0.7_from0.8,9,ompl_uniform,20401933,True,True,,1,0.07962881796993315,0.005717719,0.07962881796993315,0.08094556897412986
14,central_c0.7_from0.8,9,joint_projected,20401933,True,True,,1,0.04904116096440703,0.012539745,0.04904116096440703,0.07022185693494976
12,central_c0.7_from0.8,0,joint_projected,20381010,True,True,,1,0.11012201209086925,0.020623166,0.11012201209086925,0.13061826908960938
12,central_c0.7_from0.8,0,cartesian_ik,20381010,True,True,,1,0.10250748204998672,0.046658196,0.10250748204998672,0.12326597201172262
12,central_c0.7_from0.8,0,ompl_uniform,20381010,True,True,,1,0.21320753206964582,0.012224924,0.21320753206964582,0.21438994898926467
12,central_c0.7_from0.8,1,joint_projected,20381111,True,True,,1,0.1060457129497081,0.026405426,0.1060457129497081,0.1265656229807064
12,central_c0.7_from0.8,1,cartesian_ik,20381111,True,True,,1,0.20737733296118677,0.044576392,0.20737733296118677,0.22795168904121965
12,central_c0.7_from0.8,1,ompl_uniform,20381111,True,True,,1,0.17164482700172812,0.009725528,0.17164482700172812,0.17274800303857774
12,central_c0.7_from0.8,2,ompl_uniform,20381212,True,True,,1,0.2060441280482337,0.030618032,0.2060441280482337,0.20777913299389184
12,central_c0.7_from0.8,2,cartesian_ik,20381212,True,True,,1,0.1248621050035581,0.030107506,0.1248621050035581,0.1455722600221634
12,central_c0.7_from0.8,2,joint_projected,20381212,True,True,,1,0.22358045098371804,0.017492998,0.22358045098371804,0.24399111699312925
12,central_c0.7_from0.8,3,ompl_uniform,20381313,True,True,,1,0.1355705369496718,0.007913973,0.1355705369496718,0.13683364598546177
12,central_c0.7_from0.8,3,cartesian_ik,20381313,True,True,,1,0.14396354008931667,0.045949238,0.14396354008931667,0.16430331603623927
12,central_c0.7_from0.8,3,joint_projected,20381313,True,True,,1,0.2194683300331235,0.022670502,0.2194683300331235,0.24026092502754182
12,central_c0.7_from0.8,4,cartesian_ik,20381414,True,True,,1,0.1858309010276571,0.037078186,0.1858309010276571,0.20661022595595568
12,central_c0.7_from0.8,4,joint_projected,20381414,True,True,,1,0.18462087400257587,0.031323305,0.18462087400257587,0.20512243907433003
12,central_c0.7_from0.8,4,ompl_uniform,20381414,True,True,,1,0.12969572097063065,0.022016227,0.12969572097063065,0.13118388003204018
12,central_c0.7_from0.8,5,joint_projected,20381515,True,True,,1,0.212371886940673,0.030697759,0.212371886940673,0.23375569900963455
12,central_c0.7_from0.8,5,ompl_uniform,20381515,True,True,,1,0.17026752198580652,0.039205214,0.17026752198580652,0.17195885605178773
12,central_c0.7_from0.8,5,cartesian_ik,20381515,True,True,,1,0.1756130870198831,0.052744675,0.1756130870198831,0.19706626900006086
12,central_c0.7_from0.8,6,joint_projected,20381616,True,True,,1,0.16105037997476757,0.019858634,0.16105037997476757,0.18177719798404723
12,central_c0.7_from0.8,6,ompl_uniform,20381616,True,True,,1,0.18140975304413587,0.014030559,0.18140975304413587,0.18295134301297367
12,central_c0.7_from0.8,6,cartesian_ik,20381616,True,True,,1,0.07462578197009861,0.017730336,0.07462578197009861,0.09554825106170028
12,central_c0.7_from0.8,7,cartesian_ik,20381717,True,True,,1,0.12373835104517639,0.03358881,0.12373835104517639,0.14482678403146565
12,central_c0.7_from0.8,7,ompl_uniform,20381717,True,True,,1,0.18564647994935513,0.027530484,0.18564647994935513,0.18770617397967726
12,central_c0.7_from0.8,7,joint_projected,20381717,True,True,,1,0.09426057909149677,0.022590308,0.09426057909149677,0.11533607298042625
12,central_c0.7_from0.8,8,ompl_uniform,20381818,True,True,,1,0.09780614206101745,0.013948383,0.09780614206101745,0.09961440600454807
12,central_c0.7_from0.8,8,joint_projected,20381818,True,True,,1,0.05258313298691064,0.012782515,0.05258313298691064,0.07415394496638328
12,central_c0.7_from0.8,8,cartesian_ik,20381818,True,True,,1,0.21112621808424592,0.035875476,0.21112621808424592,0.23241497506387532
12,central_c0.7_from0.8,9,ompl_uniform,20381919,True,True,,1,0.13707287202123553,0.014722499,0.13707287202123553,0.13871880108490586
12,central_c0.7_from0.8,9,joint_projected,20381919,True,True,,1,0.24869876401498914,0.039087213,0.24869876401498914,0.26956574199721217
12,central_c0.7_from0.8,9,cartesian_ik,20381919,True,True,,1,0.13054407306481153,0.059871753,0.13054407306481153,0.15141503291670233
54,distant_c0.7_from0.8,0,ompl_uniform,20801304,True,True,,1,0.18425324000418186,0.01787531,0.18425324000418186,0.185571554931812
54,distant_c0.7_from0.8,0,joint_projected,20801304,True,True,,1,0.1117104790173471,0.023942583,0.1117104790173471,0.1326819279929623
54,distant_c0.7_from0.8,0,cartesian_ik,20801304,True,True,,1,0.2269736259477213,0.038318926,0.2269736259477213,0.24781359499320388
54,distant_c0.7_from0.8,1,joint_projected,20801405,True,True,,1,0.05672401806805283,0.025972994,0.05672401806805283,0.07778394897468388
54,distant_c0.7_from0.8,1,cartesian_ik,20801405,True,True,,1,0.2527374989585951,0.036702322,0.2527374989585951,0.27353003597818315
54,distant_c0.7_from0.8,1,ompl_uniform,20801405,True,True,,1,0.09474658395629376,0.023726802,0.09474658395629376,0.09616918605752289
54,distant_c0.7_from0.8,2,cartesian_ik,20801506,True,True,,1,0.14014880894683301,0.020937283,0.14014880894683301,0.16016099601984024
54,distant_c0.7_from0.8,2,joint_projected,20801506,True,True,,1,0.1363086459459737,0.045714446,0.1363086459459737,0.15651380899362266
54,distant_c0.7_from0.8,2,ompl_uniform,20801506,True,True,,1,0.17350502300541848,0.029999225,0.17350502300541848,0.17491009295918047
54,distant_c0.7_from0.8,3,joint_projected,20801607,True,True,,1,0.07434648799244314,0.023506565,0.07434648799244314,0.09508758899755776
54,distant_c0.7_from0.8,3,cartesian_ik,20801607,True,True,,1,0.055380158009938896,0.019354021,0.055380158009938896,0.07547967799473554
54,distant_c0.7_from0.8,3,ompl_uniform,20801607,True,True,,1,0.14736985799390823,0.028136953,0.14736985799390823,0.14843953296076506
54,distant_c0.7_from0.8,4,joint_projected,20801708,True,True,,1,0.10923893202561885,0.04138946,0.10923893202561885,0.129375733085908
54,distant_c0.7_from0.8,4,ompl_uniform,20801708,True,True,,1,0.1746099489973858,0.035808384,0.1746099489973858,0.17562348500359803
54,distant_c0.7_from0.8,4,cartesian_ik,20801708,True,True,,1,0.14285809500142932,0.045468097,0.14285809500142932,0.1629021039698273
54,distant_c0.7_from0.8,5,joint_projected,20801809,True,True,,1,0.10113359801471233,0.010137916,0.10113359801471233,0.12113276997115463
54,distant_c0.7_from0.8,5,cartesian_ik,20801809,True,True,,1,0.14433144591748714,0.021098918,0.14433144591748714,0.16429889993742108
54,distant_c0.7_from0.8,5,ompl_uniform,20801809,True,True,,1,0.25189565401524305,0.02328876,0.25189565401524305,0.2533056630054489
54,distant_c0.7_from0.8,6,cartesian_ik,20801910,True,True,,1,0.08589296601712704,0.006936182,0.08589296601712704,0.10591198201291263
54,distant_c0.7_from0.8,6,ompl_uniform,20801910,True,True,,1,0.18853526702150702,0.029150096,0.18853526702150702,0.18970474309753627
54,distant_c0.7_from0.8,6,joint_projected,20801910,True,True,,1,0.17131979705300182,0.031401855,0.17131979705300182,0.1913413490401581
54,distant_c0.7_from0.8,7,ompl_uniform,20802011,True,True,,1,0.11444789497181773,0.024243881,0.11444789497181773,0.11580162099562585
54,distant_c0.7_from0.8,7,cartesian_ik,20802011,True,True,,1,0.0689006500178948,0.01726791,0.0689006500178948,0.08943335607182235
54,distant_c0.7_from0.8,7,joint_projected,20802011,True,True,,1,0.044688930036500096,0.02596539,0.044688930036500096,0.06492621498182416
54,distant_c0.7_from0.8,8,ompl_uniform,20802112,True,True,,1,0.19041139900218695,0.011816214,0.19041139900218695,0.19165871501900256
54,distant_c0.7_from0.8,8,cartesian_ik,20802112,True,True,,1,0.11775501992087811,0.01352702,0.11775501992087811,0.13788406096864492
54,distant_c0.7_from0.8,8,joint_projected,20802112,True,True,,1,0.16305796103551984,0.027139215,0.16305796103551984,0.18325606000144035
54,distant_c0.7_from0.8,9,cartesian_ik,20802213,True,True,,1,0.13902182294987142,0.039660285,0.13902182294987142,0.15949209604877979
54,distant_c0.7_from0.8,9,ompl_uniform,20802213,True,True,,1,0.1499985019909218,0.029070767,0.1499985019909218,0.15140943904407322
54,distant_c0.7_from0.8,9,joint_projected,20802213,True,True,,1,0.11308480997104198,0.037573413,0.11308480997104198,0.13333689607679844
15,central_c0.7_from0.8,0,cartesian_ik,20411031,True,True,,1,0.08315881702583283,0.042567462,0.08315881702583283,0.10300944396294653
15,central_c0.7_from0.8,0,ompl_uniform,20411031,True,True,,1,0.17388884990941733,0.02012329,0.17388884990941733,0.1749943709000945
15,central_c0.7_from0.8,0,joint_projected,20411031,True,True,,1,0.08543116704095155,0.018778551,0.08543116704095155,0.10624727397225797
15,central_c0.7_from0.8,1,ompl_uniform,20411132,True,True,,1,0.17355756496544927,0.047431636,0.17355756496544927,0.17488388309720904
15,central_c0.7_from0.8,1,joint_projected,20411132,True,True,,1,0.14263881999067962,0.020417194,0.14263881999067962,0.1628127139993012
15,central_c0.7_from0.8,1,cartesian_ik,20411132,True,True,,1,0.11535984696820378,0.006880114,0.11535984696820378,0.13555166206788272
15,central_c0.7_from0.8,2,cartesian_ik,20411233,True,True,,1,0.08755339402705431,0.041908978,0.08755339402705431,0.10841565299779177
15,central_c0.7_from0.8,2,joint_projected,20411233,True,True,,1,0.17729161004535854,0.022157093,0.17729161004535854,0.19828861288260669
15,central_c0.7_from0.8,2,ompl_uniform,20411233,True,True,,1,0.13729798106942326,0.014066696,0.13729798106942326,0.13870468002278358
15,central_c0.7_from0.8,3,joint_projected,20411334,True,True,,1,0.15925330994650722,0.026618974,0.15925330994650722,0.1793973770691082
15,central_c0.7_from0.8,3,ompl_uniform,20411334,True,True,,1,0.0962472369428724,0.014163155,0.0962472369428724,0.09802244300954044
15,central_c0.7_from0.8,3,cartesian_ik,20411334,True,True,,1,0.026704899966716766,0.007337685,0.026704899966716766,0.047038535005412996
15,central_c0.7_from0.8,4,cartesian_ik,20411435,True,True,,1,0.07522132701706141,0.011655451,0.07522132701706141,0.0956242720130831
15,central_c0.7_from0.8,4,joint_projected,20411435,True,True,,1,0.07118568196892738,0.020026188,0.07118568196892738,0.09179267892614007
15,central_c0.7_from0.8,4,ompl_uniform,20411435,True,True,,1,0.15434207406360656,0.025490683,0.15434207406360656,0.15578370005823672
15,central_c0.7_from0.8,5,ompl_uniform,20411536,True,True,,1,0.1453894260339439,0.015004362,0.1453894260339439,0.14700018102303147
15,central_c0.7_from0.8,5,joint_projected,20411536,True,True,,1,0.17060807207599282,0.031695405,0.17060807207599282,0.19135806802660227
15,central_c0.7_from0.8,5,cartesian_ik,20411536,True,True,,1,0.0977711210725829,0.013900263,0.0977711210725829,0.11794990999624133
15,central_c0.7_from0.8,6,ompl_uniform,20411637,True,True,,1,0.09735210100188851,0.007389266,0.09735210100188851,0.09870500303804874
15,central_c0.7_from0.8,6,cartesian_ik,20411637,True,True,,1,0.07686707098037004,0.011721143,0.07686707098037004,0.0973868160508573
15,central_c0.7_from0.8,6,joint_projected,20411637,True,True,,1,0.05540376505814493,0.022004764,0.05540376505814493,0.07589039800222963
15,central_c0.7_from0.8,7,joint_projected,20411738,True,True,,1,0.02812187490053475,0.014098844,0.02812187490053475,0.04848647001199424
15,central_c0.7_from0.8,7,cartesian_ik,20411738,True,True,,1,0.057915572077035904,0.00843522,0.057915572077035904,0.07845683593768626
15,central_c0.7_from0.8,7,ompl_uniform,20411738,True,True,,1,0.19026817905250937,0.013622882,0.19026817905250937,0.1913448090199381
15,central_c0.7_from0.8,8,cartesian_ik,20411839,True,True,,1,0.1608043130254373,0.051966317,0.1608043130254373,0.18086332501843572
15,central_c0.7_from0.8,8,joint_projected,20411839,True,True,,1,0.12178859999403358,0.023441285,0.12178859999403358,0.14252400398254395
15,central_c0.7_from0.8,8,ompl_uniform,20411839,True,True,,1,0.17127779708243906,0.026031042,0.17127779708243906,0.1725406280020252
15,central_c0.7_from0.8,9,cartesian_ik,20411940,True,True,,1,0.14824433997273445,0.0237938,0.14824433997273445,0.16927064000628889
15,central_c0.7_from0.8,9,ompl_uniform,20411940,True,True,,1,0.11189600802026689,0.009836742,0.11189600802026689,0.1130280300276354
15,central_c0.7_from0.8,9,joint_projected,20411940,True,True,,1,0.08341156307142228,0.02883339,0.08341156307142228,0.10413427499588579
51,distant_c0.7_from0.8,0,ompl_uniform,20771283,True,True,,1,0.08527269202750176,0.004556303,0.08527269202750176,0.08627429907210171
51,distant_c0.7_from0.8,0,joint_projected,20771283,True,True,,1,0.07388469390571117,0.01549369,0.07388469390571117,0.0947468780213967
51,distant_c0.7_from0.8,0,cartesian_ik,20771283,True,True,,1,0.07895444799214602,0.014791979,0.07895444799214602,0.09949366503860801
51,distant_c0.7_from0.8,1,ompl_uniform,20771384,True,True,,1,0.13610581390094012,0.033284081,0.13610581390094012,0.13786606898065656
51,distant_c0.7_from0.8,1,cartesian_ik,20771384,True,True,,1,0.03293073596432805,0.005540921,0.03293073596432805,0.05352228903211653
51,distant_c0.7_from0.8,1,joint_projected,20771384,True,True,,1,0.0381396550219506,0.028607496,0.0381396550219506,0.058842262951657176
51,distant_c0.7_from0.8,2,ompl_uniform,20771485,True,True,,1,0.10628165409434587,0.031441736,0.10628165409434587,0.10756393894553185
51,distant_c0.7_from0.8,2,joint_projected,20771485,True,True,,1,0.15361126291099936,0.019626988,0.15361126291099936,0.17453929700423032
51,distant_c0.7_from0.8,2,cartesian_ik,20771485,True,True,,1,0.03682687703985721,0.017401118,0.03682687703985721,0.05766858300194144
51,distant_c0.7_from0.8,3,joint_projected,20771586,True,True,,1,0.07980401092208922,0.012819544,0.07980401092208922,0.10053281008731574
51,distant_c0.7_from0.8,3,cartesian_ik,20771586,True,True,,1,0.019618444959633052,0.007290959,0.019618444959633052,0.04078618704807013
51,distant_c0.7_from0.8,3,ompl_uniform,20771586,True,True,,1,0.12810182699467987,0.015784876,0.12810182699467987,0.1297021369682625
51,distant_c0.7_from0.8,4,joint_projected,20771687,True,True,,1,0.11117477901279926,0.038750584,0.11117477901279926,0.13210497004911304
51,distant_c0.7_from0.8,4,cartesian_ik,20771687,True,True,,1,0.15877297101542354,0.014686659,0.15877297101542354,0.17884444794617593
51,distant_c0.7_from0.8,4,ompl_uniform,20771687,True,True,,1,0.1396979819983244,0.027167884,0.1396979819983244,0.1415489239152521
51,distant_c0.7_from0.8,5,ompl_uniform,20771788,True,True,,1,0.18839311401825398,0.027505915,0.18839311401825398,0.1903450220124796
51,distant_c0.7_from0.8,5,cartesian_ik,20771788,True,True,,1,0.1293147150427103,0.071101463,0.1293147150427103,0.15035848401021212
51,distant_c0.7_from0.8,5,joint_projected,20771788,True,True,,1,0.09657025302294642,0.035828857,0.09657025302294642,0.11718246911186725
51,distant_c0.7_from0.8,6,cartesian_ik,20771889,True,True,,1,0.08381462399847806,0.029448242,0.08381462399847806,0.10432312800548971
51,distant_c0.7_from0.8,6,joint_projected,20771889,True,True,,1,0.14555036497768015,0.03576199,0.14555036497768015,0.16549403802491724
51,distant_c0.7_from0.8,6,ompl_uniform,20771889,True,True,,1,0.18761444697156549,0.020431581,0.18761444697156549,0.18919000506866723
51,distant_c0.7_from0.8,7,ompl_uniform,20771990,True,True,,1,0.1293719500536099,0.014990359,0.1293719500536099,0.13100641802884638
51,distant_c0.7_from0.8,7,cartesian_ik,20771990,True,True,,1,0.14745162590406835,0.028333127,0.14745162590406835,0.1680981550598517
51,distant_c0.7_from0.8,7,joint_projected,20771990,True,True,,1,0.0488504939712584,0.026925884,0.0488504939712584,0.06906720495317131
51,distant_c0.7_from0.8,8,cartesian_ik,20772091,True,True,,1,0.059542052913457155,0.031771714,0.059542052913457155,0.08003372000530362
51,distant_c0.7_from0.8,8,ompl_uniform,20772091,True,True,,1,0.12926638999488205,0.018288225,0.12926638999488205,0.13060826295986772
51,distant_c0.7_from0.8,8,joint_projected,20772091,True,True,,1,0.16135190101340413,0.024920469,0.16135190101340413,0.18227218103129417
51,distant_c0.7_from0.8,9,ompl_uniform,20772192,True,True,,1,0.13140146399382502,0.007709339,0.13140146399382502,0.13281326496507972
51,distant_c0.7_from0.8,9,cartesian_ik,20772192,True,True,,1,0.17862619902007282,0.024520354,0.17862619902007282,0.20004170597530901
51,distant_c0.7_from0.8,9,joint_projected,20772192,True,True,,1,0.04836882895324379,0.024468549,0.04836882895324379,0.06882588006556034
13,central_c0.7_from0.8,0,joint_projected,20391017,True,True,,1,0.04496349906548858,0.025297523,0.04496349906548858,0.06514100090134889
13,central_c0.7_from0.8,0,ompl_uniform,20391017,True,True,,1,0.20497065398376435,0.027369643,0.20497065398376435,0.2066510149743408
13,central_c0.7_from0.8,0,cartesian_ik,20391017,True,True,,1,0.22066361305769533,0.038116289,0.22066361305769533,0.24129337293561548
13,central_c0.7_from0.8,1,cartesian_ik,20391118,True,True,,1,0.06329991901293397,0.017311368,0.06329991901293397,0.08376309287268668
13,central_c0.7_from0.8,1,ompl_uniform,20391118,True,True,,1,0.153332223999314,0.016676074,0.153332223999314,0.15481033991090953
13,central_c0.7_from0.8,1,joint_projected,20391118,True,True,,1,0.06935204798355699,0.026968063,0.06935204798355699,0.09023170394357294
13,central_c0.7_from0.8,2,cartesian_ik,20391219,True,True,,1,0.18253928900230676,0.03273604,0.18253928900230676,0.20323056797496974
13,central_c0.7_from0.8,2,joint_projected,20391219,True,True,,1,0.1144553079502657,0.024012167,0.1144553079502657,0.13455110881477594
13,central_c0.7_from0.8,2,ompl_uniform,20391219,True,True,,1,0.22771914501208812,0.025200968,0.22771914501208812,0.2291833240306005
13,central_c0.7_from0.8,3,ompl_uniform,20391320,True,True,,1,0.28547894989605993,0.020296169,0.28547894989605993,0.28749703895300627
13,central_c0.7_from0.8,3,cartesian_ik,20391320,True,True,,1,0.11013578600250185,0.01667877,0.11013578600250185,0.1308974790154025
13,central_c0.7_from0.8,3,joint_projected,20391320,True,True,,1,0.22382595692761242,0.034777881,0.22382595692761242,0.2444108409108594
13,central_c0.7_from0.8,4,joint_projected,20391421,True,True,,1,0.1930024919565767,0.033571943,0.1930024919565767,0.21356233791448176
13,central_c0.7_from0.8,4,cartesian_ik,20391421,True,True,,1,0.0814826360438019,0.030987741,0.0814826360438019,0.10199790995102376
13,central_c0.7_from0.8,4,ompl_uniform,20391421,True,True,,1,0.2601807309547439,0.027024573,0.2601807309547439,0.26212052709888667
13,central_c0.7_from0.8,5,cartesian_ik,20391522,True,True,,1,0.13821604498662055,0.017432568,0.13821604498662055,0.15873349783942103
13,central_c0.7_from0.8,5,ompl_uniform,20391522,True,True,,1,0.09393609093967825,0.009872774,0.09393609093967825,0.09571974806021899
13,central_c0.7_from0.8,5,joint_projected,20391522,True,True,,1,0.12204909499268979,0.014423409,0.12204909499268979,0.14344867295585573
13,central_c0.7_from0.8,6,joint_projected,20391623,True,True,,1,0.0800044439965859,0.009871712,0.0800044439965859,0.1014104438945651
13,central_c0.7_from0.8,6,cartesian_ik,20391623,True,True,,1,0.04064612800721079,0.00944652,0.04064612800721079,0.0609464569715783
13,central_c0.7_from0.8,6,ompl_uniform,20391623,True,True,,1,0.11783168709371239,0.016314058,0.11783168709371239,0.11885283805895597
13,central_c0.7_from0.8,7,joint_projected,20391724,True,True,,1,0.15183174004778266,0.028930711,0.15183174004778266,0.17222275002859533
13,central_c0.7_from0.8,7,cartesian_ik,20391724,True,True,,1,0.10511854896321893,0.035696373,0.10511854896321893,0.1257757869316265
13,central_c0.7_from0.8,7,ompl_uniform,20391724,True,True,,1,0.19994393200613558,0.02066119,0.19994393200613558,0.20131620892789215
13,central_c0.7_from0.8,8,ompl_uniform,20391825,True,True,,1,0.19701542798429728,0.018791379,0.19701542798429728,0.1985629639821127
13,central_c0.7_from0.8,8,cartesian_ik,20391825,True,True,,1,0.16655403596814722,0.013394357,0.16655403596814722,0.18690800084732473
13,central_c0.7_from0.8,8,joint_projected,20391825,True,True,,1,0.10949703305959702,0.031483705,0.10949703305959702,0.12981178192421794
13,central_c0.7_from0.8,9,ompl_uniform,20391926,True,True,,1,0.24156215193215758,0.022136506,0.24156215193215758,0.24279081798158586
13,central_c0.7_from0.8,9,joint_projected,20391926,True,True,,1,0.11934081395156682,0.029702595,0.11934081395156682,0.14037944294977933
13,central_c0.7_from0.8,9,cartesian_ik,20391926,True,True,,1,0.17855385597795248,0.037040271,0.17855385597795248,0.198625506949611
44,distant_c0.5_from0.2,0,joint_projected,20701234,True,True,,1,0.1411454010521993,0.039583648,0.1411454010521993,0.16111823194660246
44,distant_c0.5_from0.2,0,ompl_uniform,20701234,True,True,,1,0.09851201495621353,0.017420602,0.09851201495621353,0.1002060369355604
44,distant_c0.5_from0.2,0,cartesian_ik,20701234,True,True,,1,0.1507599410833791,0.013854565,0.1507599410833791,0.17108823999296874
44,distant_c0.5_from0.2,1,cartesian_ik,20701335,True,True,,1,0.14925553288776428,0.033027992,0.14925553288776428,0.1694435909157619
44,distant_c0.5_from0.2,1,ompl_uniform,20701335,True,True,,1,0.2289345480967313,0.013769486,0.2289345480967313,0.23011474998202175
44,distant_c0.5_from0.2,1,joint_projected,20701335,True,True,,1,0.10435989894904196,0.0274009,0.10435989894904196,0.12491733103524894
44,distant_c0.5_from0.2,2,joint_projected,20701436,True,True,,1,0.126167536014691,0.021486059,0.126167536014691,0.1461882060393691
44,distant_c0.5_from0.2,2,ompl_uniform,20701436,True,True,,1,0.11332019499968737,0.012677988,0.11332019499968737,0.11440753703936934
44,distant_c0.5_from0.2,2,cartesian_ik,20701436,True,True,,1,0.11605480394791812,0.013084066,0.11605480394791812,0.13684944692067802
44,distant_c0.5_from0.2,3,ompl_uniform,20701537,True,True,,1,0.16902902000583708,0.016050276,0.16902902000583708,0.1705617350526154
44,distant_c0.5_from0.2,3,joint_projected,20701537,True,True,,1,0.0653771129436791,0.020429028,0.0653771129436791,0.0861028399085626
44,distant_c0.5_from0.2,3,cartesian_ik,20701537,True,True,,1,0.10190134891308844,0.01712658,0.10190134891308844,0.1225225399248302
44,distant_c0.5_from0.2,4,joint_projected,20701638,True,True,,1,0.14793663995806128,0.021605716,0.14793663995806128,0.16865281690843403
44,distant_c0.5_from0.2,4,cartesian_ik,20701638,True,True,,1,0.06407380604650825,0.021183325,0.06407380604650825,0.08434830093756318
44,distant_c0.5_from0.2,4,ompl_uniform,20701638,True,True,,1,0.19330704398453236,0.026861566,0.19330704398453236,0.1944078829837963
44,distant_c0.5_from0.2,5,joint_projected,20701739,True,True,,1,0.10695212800055742,0.005427462,0.10695212800055742,0.12733457691501826
44,distant_c0.5_from0.2,5,cartesian_ik,20701739,True,True,,1,0.11755173292476684,0.014849562,0.11755173292476684,0.13829686888493598
44,distant_c0.5_from0.2,5,ompl_uniform,20701739,True,True,,1,0.18324952793773264,0.013780822,0.18324952793773264,0.18455928494222462
44,distant_c0.5_from0.2,6,joint_projected,20701840,True,True,,1,0.07901682099327445,0.011870743,0.07901682099327445,0.10003783390857279
44,distant_c0.5_from0.2,6,ompl_uniform,20701840,True,True,,1,0.16204563702922314,0.033577916,0.16204563702922314,0.16338642104528844
44,distant_c0.5_from0.2,6,cartesian_ik,20701840,True,True,,1,0.11358120501972735,0.014402847,0.11358120501972735,0.13415182591415942
44,distant_c0.5_from0.2,7,cartesian_ik,20701941,True,True,,1,0.12451725092250854,0.019898809,0.12451725092250854,0.1454602989833802
44,distant_c0.5_from0.2,7,joint_projected,20701941,True,True,,1,0.056240245001390576,0.016583266,0.056240245001390576,0.07672948099207133
44,distant_c0.5_from0.2,7,ompl_uniform,20701941,True,True,,1,0.1989074459997937,0.033317248,0.1989074459997937,0.20042880298569798
44,distant_c0.5_from0.2,8,ompl_uniform,20702042,True,True,,1,0.16160959389526397,0.02586089,0.16160959389526397,0.1627297749510035
44,distant_c0.5_from0.2,8,cartesian_ik,20702042,True,True,,1,0.049284020089544356,0.006037099,0.049284020089544356,0.06954154197592288
44,distant_c0.5_from0.2,8,joint_projected,20702042,True,True,,1,0.12090197089128196,0.01852406,0.12090197089128196,0.14097762398887426
44,distant_c0.5_from0.2,9,ompl_uniform,20702143,True,True,,1,0.17711250996217132,0.016629927,0.17711250996217132,0.17818047699984163
44,distant_c0.5_from0.2,9,cartesian_ik,20702143,True,True,,1,0.1411948970053345,0.010956314,0.1411948970053345,0.16150173894129694
44,distant_c0.5_from0.2,9,joint_projected,20702143,True,True,,1,0.15760859299916774,0.015214833,0.15760859299916774,0.1781078438507393
19,central_c0.7_from0.8,0,ompl_uniform,20451059,True,True,,1,0.20439378102310002,0.032343437,0.20439378102310002,0.20566375204361975
19,central_c0.7_from0.8,0,joint_projected,20451059,True,True,,1,0.1468852850375697,0.107275256,0.1468852850375697,0.16677623195573688
19,central_c0.7_from0.8,0,cartesian_ik,20451059,True,True,,1,0.11583135405089706,0.017980183,0.11583135405089706,0.13608473900239915
19,central_c0.7_from0.8,1,cartesian_ik,20451160,True,True,,1,0.1383242099545896,0.007751484,0.1383242099545896,0.15820070600602776
19,central_c0.7_from0.8,1,ompl_uniform,20451160,True,True,,1,0.2267648970009759,0.030722171,0.2267648970009759,0.22847744496539235
19,central_c0.7_from0.8,1,joint_projected,20451160,True,True,,1,0.2921452809823677,0.118301576,0.2921452809823677,0.3122383779846132
19,central_c0.7_from0.8,2,ompl_uniform,20451261,True,True,,1,0.09703283396083862,0.014149558,0.09703283396083862,0.09852074005175382
19,central_c0.7_from0.8,2,joint_projected,20451261,True,True,,1,0.2462991459760815,0.116166844,0.2462991459760815,0.26631020207423717
19,central_c0.7_from0.8,2,cartesian_ik,20451261,True,True,,1,0.15043983305804431,0.033542996,0.15043983305804431,0.1703502699965611
19,central_c0.7_from0.8,3,cartesian_ik,20451362,True,True,,1,0.14539061300456524,0.023833363,0.14539061300456524,0.16494835203047842
19,central_c0.7_from0.8,3,ompl_uniform,20451362,True,True,,1,0.13583014393225312,0.021344161,0.13583014393225312,0.13713122403714806
19,central_c0.7_from0.8,3,joint_projected,20451362,True,True,,1,0.23351873899810016,0.122716078,0.23351873899810016,0.2537390069337562
19,central_c0.7_from0.8,4,cartesian_ik,20451463,True,True,,1,0.13236745598260313,0.069399761,0.13236745598260313,0.15276401198934764
19,central_c0.7_from0.8,4,joint_projected,20451463,True,True,,1,0.2853609829908237,0.130665984,0.2853609829908237,0.30583608301822096
19,central_c0.7_from0.8,4,ompl_uniform,20451463,True,True,,1,0.1826599589549005,0.009698499,0.1826599589549005,0.18398907699156553
19,central_c0.7_from0.8,5,joint_projected,20451564,True,True,,1,0.17108137195464224,0.111247277,0.17108137195464224,0.19163671601563692
19,central_c0.7_from0.8,5,ompl_uniform,20451564,True,True,,1,0.12871681503020227,0.017567351,0.12871681503020227,0.1308647240512073
19,central_c0.7_from0.8,5,cartesian_ik,20451564,True,True,,1,0.10799245000816882,0.02881875,0.10799245000816882,0.12809886399190873
19,central_c0.7_from0.8,6,cartesian_ik,20451665,True,True,,1,0.142349002067931,0.012583615,0.142349002067931,0.16264083608984947
19,central_c0.7_from0.8,6,joint_projected,20451665,True,True,,1,0.3095310600474477,0.12521009,0.3095310600474477,0.3291475320002064
19,central_c0.7_from0.8,6,ompl_uniform,20451665,True,True,,1,0.21046362107153982,0.012897222,0.21046362107153982,0.21190798690076917
19,central_c0.7_from0.8,7,joint_projected,20451766,True,True,,1,0.25924976903479546,0.132984218,0.25924976903479546,0.2792211400810629
19,central_c0.7_from0.8,7,cartesian_ik,20451766,True,True,,1,0.13075020199175924,0.032113432,0.13075020199175924,0.15059639199171215
19,central_c0.7_from0.8,7,ompl_uniform,20451766,True,True,,1,0.21400048397481441,0.017761169,0.21400048397481441,0.2156801789533347
19,central_c0.7_from0.8,8,joint_projected,20451867,True,True,,1,0.17817724007181823,0.112706486,0.17817724007181823,0.19929943000897765
19,central_c0.7_from0.8,8,cartesian_ik,20451867,True,True,,1,0.23629090806934983,0.026656841,0.23629090806934983,0.25603410007897764
19,central_c0.7_from0.8,8,ompl_uniform,20451867,True,True,,1,0.11721017095260322,0.013759306,0.11721017095260322,0.11836915009189397
19,central_c0.7_from0.8,9,joint_projected,20451968,True,True,,1,0.17437418003100902,0.116130861,0.17437418003100902,0.19446438795421273
19,central_c0.7_from0.8,9,ompl_uniform,20451968,True,True,,1,0.18226457794662565,0.027164989,0.18226457794662565,0.1839073090814054
19,central_c0.7_from0.8,9,cartesian_ik,20451968,True,True,,1,0.13349050702527165,0.013090595,0.13349050702527165,0.15396415698342025
2,central_c0.5_from0.2,0,cartesian_ik,20280940,True,True,,1,0.2436587898992002,0.029014457,0.2436587898992002,0.2640505600720644
2,central_c0.5_from0.2,0,joint_projected,20280940,True,True,,1,0.07111399504356086,0.017421836,0.07111399504356086,0.09180566400755197
2,central_c0.5_from0.2,0,ompl_uniform,20280940,True,True,,1,0.14005729497876018,0.019192518,0.14005729497876018,0.14177738293074071
2,central_c0.5_from0.2,1,cartesian_ik,20281041,True,True,,1,0.18934990500565618,0.044078611,0.18934990500565618,0.20979818713385612
2,central_c0.5_from0.2,1,joint_projected,20281041,True,True,,1,0.10115030396264046,0.016242476,0.10115030396264046,0.1222639640327543
2,central_c0.5_from0.2,1,ompl_uniform,20281041,True,True,,1,0.1441993030020967,0.027560445,0.1441993030020967,0.1459811159875244
2,central_c0.5_from0.2,2,ompl_uniform,20281142,True,True,,1,0.15382502402644604,0.025425788,0.15382502402644604,0.1555355730233714
2,central_c0.5_from0.2,2,cartesian_ik,20281142,True,True,,1,0.11525394197087735,0.010769249,0.11525394197087735,0.13623213802929968
2,central_c0.5_from0.2,2,joint_projected,20281142,True,True,,1,0.11743787594605237,0.023401138,0.11743787594605237,0.13823387504089624
2,central_c0.5_from0.2,3,joint_projected,20281243,True,True,,1,0.16276231105439365,0.037389682,0.16276231105439365,0.18340287101455033
2,central_c0.5_from0.2,3,ompl_uniform,20281243,True,True,,1,0.17523499799426645,0.019514122,0.17523499799426645,0.17688485491089523
2,central_c0.5_from0.2,3,cartesian_ik,20281243,True,True,,1,0.1687088100006804,0.028797941,0.1687088100006804,0.18973115412518382
2,central_c0.5_from0.2,4,ompl_uniform,20281344,True,True,,1,0.15791658603120595,0.009353676,0.15791658603120595,0.15911507396958768
2,central_c0.5_from0.2,4,joint_projected,20281344,True,True,,1,0.11419828794896603,0.028722467,0.11419828794896603,0.13460505404509604
2,central_c0.5_from0.2,4,cartesian_ik,20281344,True,True,,1,0.09929836192168295,0.012155236,0.09929836192168295,0.12018747406546026
2,central_c0.5_from0.2,5,ompl_uniform,20281445,True,True,,1,0.06700305000413209,0.008364134,0.06700305000413209,0.06838479707948864
2,central_c0.5_from0.2,5,cartesian_ik,20281445,True,True,,1,0.05997234210371971,0.023493979,0.05997234210371971,0.08084718009922653
2,central_c0.5_from0.2,5,joint_projected,20281445,True,True,,1,0.08472196909133345,0.029966068,0.08472196909133345,0.1054350120248273
2,central_c0.5_from0.2,6,cartesian_ik,20281546,True,True,,1,0.07780274504330009,0.011630957,0.07780274504330009,0.09868740302044898
2,central_c0.5_from0.2,6,ompl_uniform,20281546,True,True,,1,0.14561138802673668,0.006619384,0.14561138802673668,0.1470904169837013
2,central_c0.5_from0.2,6,joint_projected,20281546,True,True,,1,0.11826473602559417,0.025519394,0.11826473602559417,0.13935931806918234
2,central_c0.5_from0.2,7,cartesian_ik,20281647,True,True,,1,0.1242696400731802,0.015809471,0.1242696400731802,0.14472860703244805
2,central_c0.5_from0.2,7,joint_projected,20281647,True,True,,1,0.08819994097575545,0.018510975,0.08819994097575545,0.10884208302013576
2,central_c0.5_from0.2,7,ompl_uniform,20281647,True,True,,1,0.1563970549032092,0.010577938,0.1563970549032092,0.15782425994984806
2,central_c0.5_from0.2,8,joint_projected,20281748,True,True,,1,0.10581151710357517,0.018697204,0.10581151710357517,0.12709966802503914
2,central_c0.5_from0.2,8,cartesian_ik,20281748,True,True,,1,0.10952864296268672,0.0251636,0.10952864296268672,0.13009532901924103
2,central_c0.5_from0.2,8,ompl_uniform,20281748,True,True,,1,0.15051063906867057,0.011336297,0.15051063906867057,0.15225352603010833
2,central_c0.5_from0.2,9,joint_projected,20281849,True,True,,1,0.14446226006839424,0.043233258,0.14446226006839424,0.16545033804140985
2,central_c0.5_from0.2,9,ompl_uniform,20281849,True,True,,1,0.14102378103416413,0.009854754,0.14102378103416413,0.14212212793063372
2,central_c0.5_from0.2,9,cartesian_ik,20281849,True,True,,1,0.13027971307747066,0.009457842,0.13027971307747066,0.15125140210147947
22,offset_c0.5_from0.2,0,cartesian_ik,20481080,True,True,,1,0.11989863298367709,0.017557525,0.11989863298367709,0.1492746319854632
22,offset_c0.5_from0.2,0,ompl_uniform,20481080,True,True,,1,0.12632978498004377,0.0238488,0.12632978498004377,0.1276959889801219
22,offset_c0.5_from0.2,0,joint_projected,20481080,True,True,,1,0.11636454903054982,0.013891691,0.11636454903054982,0.1359347669640556
22,offset_c0.5_from0.2,1,cartesian_ik,20481181,True,True,,1,0.08543161302804947,0.025128814,0.08543161302804947,0.10538671596441418
22,offset_c0.5_from0.2,1,joint_projected,20481181,True,True,,1,0.04701195505913347,0.016998358,0.04701195505913347,0.06675044598523527
22,offset_c0.5_from0.2,1,ompl_uniform,20481181,True,True,,1,0.12911701807752252,0.013914387,0.12911701807752252,0.13057036802638322
22,offset_c0.5_from0.2,2,joint_projected,20481282,True,True,,1,0.10582331696059555,0.016330997,0.10582331696059555,0.12603586597833782
22,offset_c0.5_from0.2,2,cartesian_ik,20481282,True,True,,1,0.1405438460642472,0.034697529,0.1405438460642472,0.1601144439773634
22,offset_c0.5_from0.2,2,ompl_uniform,20481282,True,True,,1,0.14983557490631938,0.012108888,0.14983557490631938,0.15090467897243798
22,offset_c0.5_from0.2,3,joint_projected,20481383,True,True,,1,0.17932472401298583,0.031275175,0.17932472401298583,0.19875515101011842
22,offset_c0.5_from0.2,3,ompl_uniform,20481383,True,True,,1,0.1507763440022245,0.010072348,0.1507763440022245,0.15247369499411434
22,offset_c0.5_from0.2,3,cartesian_ik,20481383,True,True,,1,0.10365575097966939,0.010093905,0.10365575097966939,0.12425373599398881
22,offset_c0.5_from0.2,4,cartesian_ik,20481484,True,True,,1,0.1629970349604264,0.014543746,0.1629970349604264,0.18244652391877025
22,offset_c0.5_from0.2,4,ompl_uniform,20481484,True,True,,1,0.11219259002245963,0.004431201,0.11219259002245963,0.11331521905958652
22,offset_c0.5_from0.2,4,joint_projected,20481484,True,True,,1,0.0553383850492537,0.016809964,0.0553383850492537,0.07563805091194808
22,offset_c0.5_from0.2,5,ompl_uniform,20481585,True,True,,1,0.14293355704285204,0.005067415,0.14293355704285204,0.14490806008689106
22,offset_c0.5_from0.2,5,cartesian_ik,20481585,True,True,,1,0.1510351219912991,0.045040047,0.1510351219912991,0.17123254004400223
22,offset_c0.5_from0.2,5,joint_projected,20481585,True,True,,1,0.11605501500889659,0.025210402,0.11605501500889659,0.13563870801590383
22,offset_c0.5_from0.2,6,joint_projected,20481686,True,True,,1,0.09470448398496956,0.020978158,0.09470448398496956,0.11460562003776431
22,offset_c0.5_from0.2,6,ompl_uniform,20481686,True,True,,1,0.10674531804397702,0.010437854,0.10674531804397702,0.10812657396309078
22,offset_c0.5_from0.2,6,cartesian_ik,20481686,True,True,,1,0.08519398199860007,0.006983768,0.08519398199860007,0.10472291090991348
22,offset_c0.5_from0.2,7,joint_projected,20481787,True,True,,1,0.07477601710706949,0.021139341,0.07477601710706949,0.09453942300751805
22,offset_c0.5_from0.2,7,cartesian_ik,20481787,True,True,,1,0.17253257089760154,0.019965137,0.17253257089760154,0.1926214420236647
22,offset_c0.5_from0.2,7,ompl_uniform,20481787,True,True,,1,0.20022309094201773,0.036015334,0.20022309094201773,0.20174768497236073
22,offset_c0.5_from0.2,8,ompl_uniform,20481888,True,True,,1,0.11848800699226558,0.007745814,0.11848800699226558,0.12037584802601486
22,offset_c0.5_from0.2,8,joint_projected,20481888,True,True,,1,0.09563269407954067,0.030807061,0.09563269407954067,0.11536530905868858
22,offset_c0.5_from0.2,8,cartesian_ik,20481888,True,True,,1,0.094827193999663,0.028960383,0.094827193999663,0.11443382001016289
22,offset_c0.5_from0.2,9,cartesian_ik,20481989,True,True,,1,0.05952289898414165,0.023073857,0.05952289898414165,0.07907297904603183
22,offset_c0.5_from0.2,9,joint_projected,20481989,True,True,,1,0.1783858749549836,0.02849567,0.1783858749549836,0.19883553602267057
22,offset_c0.5_from0.2,9,ompl_uniform,20481989,True,True,,1,0.09202818607445806,0.009631749,0.09202818607445806,0.09350700990762562
9,central_c0.5_from0.2,0,cartesian_ik,20350989,True,True,,1,0.20276898599695414,0.056519265,0.20276898599695414,0.22286040987819433
9,central_c0.5_from0.2,0,ompl_uniform,20350989,True,True,,1,0.17510463600046933,0.021954363,0.17510463600046933,0.1765061819460243
9,central_c0.5_from0.2,0,joint_projected,20350989,True,True,,1,0.19850945693906397,0.047954592,0.19850945693906397,0.21938676398713142
9,central_c0.5_from0.2,1,ompl_uniform,20351090,True,True,,1,0.09144103503786027,0.006180469,0.09144103503786027,0.09262298105750233
9,central_c0.5_from0.2,1,cartesian_ik,20351090,True,True,,1,0.09797703300137073,0.024915717,0.09797703300137073,0.1183454419951886
9,central_c0.5_from0.2,1,joint_projected,20351090,True,True,,1,0.17351363494526595,0.02880951,0.17351363494526595,0.19358321488834918
9,central_c0.5_from0.2,2,cartesian_ik,20351191,True,True,,1,0.06759862403851002,0.020631287,0.06759862403851002,0.08781064092181623
9,central_c0.5_from0.2,2,joint_projected,20351191,True,True,,1,0.11733656702563167,0.024686248,0.11733656702563167,0.13763647596351802
9,central_c0.5_from0.2,2,ompl_uniform,20351191,True,True,,1,0.23893502005375922,0.02034033,0.23893502005375922,0.24038788198959082
9,central_c0.5_from0.2,3,ompl_uniform,20351292,True,True,,1,0.1660558810690418,0.026255503,0.1660558810690418,0.16744916199240834
9,central_c0.5_from0.2,3,cartesian_ik,20351292,True,True,,1,0.06932439701631665,0.018982488,0.06932439701631665,0.08919130393769592
9,central_c0.5_from0.2,3,joint_projected,20351292,True,True,,1,0.037169915973208845,0.016765572,0.037169915973208845,0.05710424401331693
9,central_c0.5_from0.2,4,joint_projected,20351393,True,True,,1,0.1362572779180482,0.032955008,0.1362572779180482,0.1573927829740569
9,central_c0.5_from0.2,4,cartesian_ik,20351393,True,True,,1,0.13492731004953384,0.018686859,0.13492731004953384,0.15545932296663523
9,central_c0.5_from0.2,4,ompl_uniform,20351393,True,True,,1,0.09855194401461631,0.008785005,0.09855194401461631,0.0998769219731912
9,central_c0.5_from0.2,5,cartesian_ik,20351494,True,True,,1,0.17070070502813905,0.063130923,0.17070070502813905,0.19086357788182795
9,central_c0.5_from0.2,5,joint_projected,20351494,True,True,,1,0.13595383090432733,0.037664001,0.13595383090432733,0.15590277395676821
9,central_c0.5_from0.2,5,ompl_uniform,20351494,True,True,,1,0.16500586306210607,0.017970132,0.16500586306210607,0.16644829500000924
9,central_c0.5_from0.2,6,ompl_uniform,20351595,True,True,,1,0.1847515240078792,0.028303381,0.1847515240078792,0.18629230302758515
9,central_c0.5_from0.2,6,joint_projected,20351595,True,True,,1,0.10954477998893708,0.024015282,0.10954477998893708,0.12984199298080057
9,central_c0.5_from0.2,6,cartesian_ik,20351595,True,True,,1,0.2636515520280227,0.029392396,0.2636515520280227,0.2840188869740814
9,central_c0.5_from0.2,7,ompl_uniform,20351696,True,True,,1,0.17256081302184612,0.032373316,0.17256081302184612,0.1738741600420326
9,central_c0.5_from0.2,7,joint_projected,20351696,True,True,,1,0.09825564699713141,0.018614817,0.09825564699713141,0.11919180792756379
9,central_c0.5_from0.2,7,cartesian_ik,20351696,True,True,,1,0.21332572808023542,0.050890892,0.21332572808023542,0.23385320091620088
9,central_c0.5_from0.2,8,joint_projected,20351797,True,True,,1,0.23355999996419996,0.033726234,0.23355999996419996,0.25397308205720037
9,central_c0.5_from0.2,8,ompl_uniform,20351797,True,True,,1,0.13089560193475336,0.010522854,0.13089560193475336,0.13253729196731
9,central_c0.5_from0.2,8,cartesian_ik,20351797,True,True,,1,0.23827466391958296,0.022406653,0.23827466391958296,0.2590044109383598
9,central_c0.5_from0.2,9,joint_projected,20351898,True,True,,1,0.04810845304746181,0.018707497,0.04810845304746181,0.06841928092762828
9,central_c0.5_from0.2,9,cartesian_ik,20351898,True,True,,1,0.08892375894356519,0.020469222,0.08892375894356519,0.10940633888822049
9,central_c0.5_from0.2,9,ompl_uniform,20351898,True,True,,1,0.10068247898016125,0.018767978,0.10068247898016125,0.10261110600549728
23,offset_c0.5_from0.2,0,joint_projected,20491087,True,True,,1,0.09861091198399663,0.015763917,0.09861091198399663,0.11897257203236222
23,offset_c0.5_from0.2,0,cartesian_ik,20491087,True,True,,1,0.1227195899700746,0.035287579,0.1227195899700746,0.14245845808181912
23,offset_c0.5_from0.2,0,ompl_uniform,20491087,True,True,,1,0.10794627608265728,0.018285873,0.10794627608265728,0.10960239905398339
23,offset_c0.5_from0.2,1,joint_projected,20491188,True,True,,1,0.12027264898642898,0.030548316,0.12027264898642898,0.1407921650679782
23,offset_c0.5_from0.2,1,cartesian_ik,20491188,True,True,,1,0.12853804894257337,0.027126827,0.12853804894257337,0.1488358749775216
23,offset_c0.5_from0.2,1,ompl_uniform,20491188,True,True,,1,0.167659388971515,0.027769132,0.167659388971515,0.16932709200773388
23,offset_c0.5_from0.2,2,cartesian_ik,20491289,True,True,,1,0.13439594500232488,0.027565448,0.13439594500232488,0.15455225808545947
23,offset_c0.5_from0.2,2,joint_projected,20491289,True,True,,1,0.08466227794997394,0.023706375,0.08466227794997394,0.10468970704823732
23,offset_c0.5_from0.2,2,ompl_uniform,20491289,True,True,,1,0.17039877304341644,0.01726159,0.17039877304341644,0.17185349797364324
23,offset_c0.5_from0.2,3,cartesian_ik,20491390,True,True,,1,0.09982250991743058,0.01776675,0.09982250991743058,0.12007712200284004
23,offset_c0.5_from0.2,3,joint_projected,20491390,True,True,,1,0.07277494599111378,0.020878465,0.07277494599111378,0.09316873596981168
23,offset_c0.5_from0.2,3,ompl_uniform,20491390,True,True,,1,0.09312290803063661,0.015745472,0.09312290803063661,0.09474284399766475
23,offset_c0.5_from0.2,4,joint_projected,20491491,True,True,,1,0.1717461709631607,0.014895345,0.1717461709631607,0.1921234850306064
23,offset_c0.5_from0.2,4,ompl_uniform,20491491,True,True,,1,0.15956389100756496,0.025120224,0.15956389100756496,0.16098865400999784
23,offset_c0.5_from0.2,4,cartesian_ik,20491491,True,True,,1,0.07724342402070761,0.014644776,0.07724342402070761,0.09773878403939307
23,offset_c0.5_from0.2,5,ompl_uniform,20491592,True,True,,1,0.19785457698162645,0.025674826,0.19785457698162645,0.1992307009641081
23,offset_c0.5_from0.2,5,joint_projected,20491592,True,True,,1,0.10838913801126182,0.031179597,0.10838913801126182,0.12791148805990815
23,offset_c0.5_from0.2,5,cartesian_ik,20491592,True,True,,1,0.19359075801912695,0.02499863,0.19359075801912695,0.2135167020605877
23,offset_c0.5_from0.2,6,ompl_uniform,20491693,True,True,,1,0.17956673994194716,0.010946947,0.17956673994194716,0.18091135192662477
23,offset_c0.5_from0.2,6,joint_projected,20491693,True,True,,1,0.2856577809434384,0.052633358,0.2856577809434384,0.305344918044284
23,offset_c0.5_from0.2,6,cartesian_ik,20491693,True,True,,1,0.176888023968786,0.020043438,0.176888023968786,0.19681918004062027
23,offset_c0.5_from0.2,7,ompl_uniform,20491794,True,True,,1,0.11849091399926692,0.029754771,0.11849091399926692,0.1201638140482828
23,offset_c0.5_from0.2,7,cartesian_ik,20491794,True,True,,1,0.049536093021743,0.0061524,0.049536093021743,0.0696407170034945
23,offset_c0.5_from0.2,7,joint_projected,20491794,True,True,,1,0.14622473996132612,0.018871133,0.14622473996132612,0.16576877108309418
23,offset_c0.5_from0.2,8,ompl_uniform,20491895,True,True,,1,0.18376787204761058,0.01613266,0.18376787204761058,0.18538168200757354
23,offset_c0.5_from0.2,8,cartesian_ik,20491895,True,True,,1,0.18622673803474754,0.012501917,0.18622673803474754,0.20687533903401345
23,offset_c0.5_from0.2,8,joint_projected,20491895,True,True,,1,0.054083146969787776,0.030602663,0.054083146969787776,0.0744998010341078
23,offset_c0.5_from0.2,9,ompl_uniform,20491996,True,True,,1,0.18346419103909284,0.028523977,0.18346419103909284,0.18496841995511204
23,offset_c0.5_from0.2,9,joint_projected,20491996,True,True,,1,0.12052328500431031,0.012302123,0.12052328500431031,0.14074231998529285
23,offset_c0.5_from0.2,9,cartesian_ik,20491996,True,True,,1,0.15164382802322507,0.017292783,0.15164382802322507,0.17178973997943103
40,distant_c0.5_from0.2,0,cartesian_ik,20661206,True,True,,1,0.1459308499470353,0.012939223,0.1459308499470353,0.1670949060935527
40,distant_c0.5_from0.2,0,joint_projected,20661206,True,True,,1,0.12000449502374977,0.012085618,0.12000449502374977,0.14101844606921077
40,distant_c0.5_from0.2,0,ompl_uniform,20661206,True,True,,1,0.19774673297069967,0.018156979,0.19774673297069967,0.199518620967865
40,distant_c0.5_from0.2,1,cartesian_ik,20661307,True,True,,1,0.07500458497088403,0.022375773,0.07500458497088403,0.09572826011572033
40,distant_c0.5_from0.2,1,ompl_uniform,20661307,True,True,,1,0.08081939001567662,0.003811178,0.08081939001567662,0.08239459001924843
40,distant_c0.5_from0.2,1,joint_projected,20661307,True,True,,1,0.04092527902685106,0.018302315,0.04092527902685106,0.062168406089767814
40,distant_c0.5_from0.2,2,joint_projected,20661408,True,True,,1,0.03739377995952964,0.018308925,0.03739377995952964,0.057492315070703626
40,distant_c0.5_from0.2,2,ompl_uniform,20661408,True,True,,1,0.06830242404248565,0.004417121,0.06830242404248565,0.07028649491257966
40,distant_c0.5_from0.2,2,cartesian_ik,20661408,True,True,,1,0.1294689771020785,0.0065024,0.1294689771020785,0.1504872920922935
40,distant_c0.5_from0.2,3,ompl_uniform,20661509,True,True,,1,0.09795659000519663,0.017624167,0.09795659000519663,0.09932690998539329
40,distant_c0.5_from0.2,3,cartesian_ik,20661509,True,True,,1,0.2673030389705673,0.028747763,0.2673030389705673,0.28830000909511
40,distant_c0.5_from0.2,3,joint_projected,20661509,True,True,,1,0.15120807802304626,0.058792208,0.15120807802304626,0.17156891210470349
40,distant_c0.5_from0.2,4,joint_projected,20661610,True,True,,1,0.10992761899251491,0.026905264,0.10992761899251491,0.13040523999370635
40,distant_c0.5_from0.2,4,cartesian_ik,20661610,True,True,,1,0.17585303902160376,0.020738701,0.17585303902160376,0.19686401111539453
40,distant_c0.5_from0.2,4,ompl_uniform,20661610,True,True,,1,0.21662857802584767,0.018390275,0.21662857802584767,0.2183934380300343
40,distant_c0.5_from0.2,5,ompl_uniform,20661711,True,True,,1,0.121165974996984,0.016890868,0.121165974996984,0.12260170397348702
40,distant_c0.5_from0.2,5,joint_projected,20661711,True,True,,1,0.08481648401357234,0.020613142,0.08481648401357234,0.10600975516717881
40,distant_c0.5_from0.2,5,cartesian_ik,20661711,True,True,,1,0.12448899797163904,0.020302683,0.12448899797163904,0.14558382506947964
40,distant_c0.5_from0.2,6,cartesian_ik,20661812,True,True,,1,0.024691949016414583,0.012651816,0.024691949016414583,0.045297896140255034
40,distant_c0.5_from0.2,6,ompl_uniform,20661812,True,True,,1,0.12750315899029374,0.019892804,0.12750315899029374,0.12872432090807706
40,distant_c0.5_from0.2,6,joint_projected,20661812,True,True,,1,0.036988927982747555,0.015821722,0.036988927982747555,0.05781322706025094
40,distant_c0.5_from0.2,7,ompl_uniform,20661913,True,True,,1,0.17602570599410683,0.010248096,0.17602570599410683,0.17782062897458673
40,distant_c0.5_from0.2,7,joint_projected,20661913,True,True,,1,0.09605362499132752,0.030931052,0.09605362499132752,0.11731684510596097
40,distant_c0.5_from0.2,7,cartesian_ik,20661913,True,True,,1,0.05992476502433419,0.009550885,0.05992476502433419,0.08088280109222978
40,distant_c0.5_from0.2,8,cartesian_ik,20662014,True,True,,1,0.11182586499489844,0.006153386,0.11182586499489844,0.13334663701243699
40,distant_c0.5_from0.2,8,joint_projected,20662014,True,True,,1,0.04733825696166605,0.012734321,0.04733825696166605,0.06780140404589474
40,distant_c0.5_from0.2,8,ompl_uniform,20662014,True,True,,1,0.135092286975123,0.009592629,0.135092286975123,0.13706112699583173
40,distant_c0.5_from0.2,9,joint_projected,20662115,True,True,,1,0.053559983032755554,0.011563107,0.053559983032755554,0.07419596600811929
40,distant_c0.5_from0.2,9,ompl_uniform,20662115,True,True,,1,0.1345679759979248,0.005015056,0.1345679759979248,0.13613046589307487
40,distant_c0.5_from0.2,9,cartesian_ik,20662115,True,True,,1,0.12836546800099313,0.025108173,0.12836546800099313,0.14961227914318442
33,offset_c0.7_from0.8,0,ompl_uniform,20591157,True,True,,1,0.1882366300560534,0.022447979,0.1882366300560534,0.18924089393112808
33,offset_c0.7_from0.8,0,joint_projected,20591157,True,True,,1,0.16082802100572735,0.023693558,0.16082802100572735,0.18201899412088096
33,offset_c0.7_from0.8,0,cartesian_ik,20591157,True,True,,1,0.1670562649378553,0.028269999,0.1670562649378553,0.18837311607785523
33,offset_c0.7_from0.8,1,cartesian_ik,20591258,True,True,,1,0.15130345104262233,0.033782482,0.15130345104262233,0.1726371900876984
33,offset_c0.7_from0.8,1,joint_projected,20591258,True,True,,1,0.0788094779709354,0.034121589,0.0788094779709354,0.09917805797886103
33,offset_c0.7_from0.8,1,ompl_uniform,20591258,True,True,,1,0.11211504496168345,0.021571876,0.11211504496168345,0.11423567903693765
33,offset_c0.7_from0.8,2,joint_projected,20591359,True,True,,1,0.06998476304579526,0.012412952,0.06998476304579526,0.09146343497559428
33,offset_c0.7_from0.8,2,ompl_uniform,20591359,True,True,,1,0.10820338304620236,0.005314917,0.10820338304620236,0.1093094510724768
33,offset_c0.7_from0.8,2,cartesian_ik,20591359,True,True,,1,0.20446635701227933,0.015538597,0.20446635701227933,0.2262333679245785
33,offset_c0.7_from0.8,3,ompl_uniform,20591460,True,True,,1,0.16692282992880791,0.02880772,0.16692282992880791,0.16832018201239407
33,offset_c0.7_from0.8,3,joint_projected,20591460,True,True,,1,0.11448197707068175,0.02373224,0.11448197707068175,0.13613997399806976
33,offset_c0.7_from0.8,3,cartesian_ik,20591460,True,True,,1,0.1286396470386535,0.029491693,0.1286396470386535,0.15002882399130613
33,offset_c0.7_from0.8,4,ompl_uniform,20591561,True,True,,1,0.13192260602954775,0.009105182,0.13192260602954775,0.13327498198486865
33,offset_c0.7_from0.8,4,cartesian_ik,20591561,True,True,,1,0.13294558494817466,0.039123486,0.13294558494817466,0.15404049400240183
33,offset_c0.7_from0.8,4,joint_projected,20591561,True,True,,1,0.12435625889338553,0.00998023,0.12435625889338553,0.14497692207805812
33,offset_c0.7_from0.8,5,ompl_uniform,20591662,True,True,,1,0.12804384995251894,0.026121707,0.12804384995251894,0.12958221591543406
33,offset_c0.7_from0.8,5,joint_projected,20591662,True,True,,1,0.11475799302570522,0.015178193,0.11475799302570522,0.13556519604753703
33,offset_c0.7_from0.8,5,cartesian_ik,20591662,True,True,,1,0.1564177880063653,0.035184093,0.1564177880063653,0.17670437798369676
33,offset_c0.7_from0.8,6,cartesian_ik,20591763,True,True,,1,0.1424257280305028,0.014174127,0.1424257280305028,0.16284380899742246
33,offset_c0.7_from0.8,6,ompl_uniform,20591763,True,True,,1,0.10254238999914378,0.02166683,0.10254238999914378,0.10370778094511479
33,offset_c0.7_from0.8,6,joint_projected,20591763,True,True,,1,0.09264385397545993,0.023129197,0.09264385397545993,0.11425689491443336
33,offset_c0.7_from0.8,7,joint_projected,20591864,True,True,,1,0.16458984301425517,0.036497977,0.16458984301425517,0.18558959302026778
33,offset_c0.7_from0.8,7,cartesian_ik,20591864,True,True,,1,0.06027903303038329,0.01562655,0.06027903303038329,0.08096320298500359
33,offset_c0.7_from0.8,7,ompl_uniform,20591864,True,True,,1,0.21349754999391735,0.027614154,0.21349754999391735,0.21524958789814264
33,offset_c0.7_from0.8,8,ompl_uniform,20591965,True,True,,1,0.16466963000129908,0.010254411,0.16466963000129908,0.16651822405401617
33,offset_c0.7_from0.8,8,cartesian_ik,20591965,True,True,,1,0.15960971300955862,0.011786524,0.15960971300955862,0.18100479408167303
33,offset_c0.7_from0.8,8,joint_projected,20591965,True,True,,1,0.1364131720038131,0.027796121,0.1364131720038131,0.15776273410301656
33,offset_c0.7_from0.8,9,joint_projected,20592066,True,True,,1,0.25572558597195894,0.022260748,0.25572558597195894,0.27689594007097185
33,offset_c0.7_from0.8,9,cartesian_ik,20592066,True,True,,1,0.05675353296101093,0.009044118,0.05675353296101093,0.07792106096167117
33,offset_c0.7_from0.8,9,ompl_uniform,20592066,True,True,,1,0.12553626100998372,0.009603714,0.12553626100998372,0.1268064669566229
39,offset_c0.7_from0.8,0,ompl_uniform,20651199,True,True,,1,0.19434382603503764,0.031967849,0.19434382603503764,0.19544793805107474
39,offset_c0.7_from0.8,0,joint_projected,20651199,True,True,,1,0.04281580890528858,0.00931156,0.04281580890528858,0.06326491106301546
39,offset_c0.7_from0.8,0,cartesian_ik,20651199,True,True,,1,0.1156152969924733,0.017279182,0.1156152969924733,0.1362864770926535
39,offset_c0.7_from0.8,1,ompl_uniform,20651300,True,True,,1,0.15352121996693313,0.0176416,0.15352121996693313,0.155006272951141
39,offset_c0.7_from0.8,1,cartesian_ik,20651300,True,True,,1,0.0771508349571377,0.011184769,0.0771508349571377,0.09763858502265066
39,offset_c0.7_from0.8,1,joint_projected,20651300,True,True,,1,0.22135422995779663,0.032557914,0.22135422995779663,0.24136201513465494
39,offset_c0.7_from0.8,2,ompl_uniform,20651401,True,True,,1,0.11003131209872663,0.006500218,0.11003131209872663,0.11143405397888273
39,offset_c0.7_from0.8,2,joint_projected,20651401,True,True,,1,0.1158692769240588,0.018681901,0.1158692769240588,0.13652845902834088
39,offset_c0.7_from0.8,2,cartesian_ik,20651401,True,True,,1,0.19259598699864,0.034845539,0.19259598699864,0.21286582306493074
39,offset_c0.7_from0.8,3,joint_projected,20651502,True,True,,1,0.06908892502542585,0.01532835,0.06908892502542585,0.08945557405240834
39,offset_c0.7_from0.8,3,cartesian_ik,20651502,True,True,,1,0.11496787203941494,0.010044437,0.11496787203941494,0.13550900295376778
39,offset_c0.7_from0.8,3,ompl_uniform,20651502,True,True,,1,0.0842463350854814,0.019217412,0.0842463350854814,0.08595788397360593
39,offset_c0.7_from0.8,4,joint_projected,20651603,True,True,,1,0.0283988380106166,0.018675275,0.0283988380106166,0.04878180508967489
39,offset_c0.7_from0.8,4,cartesian_ik,20651603,True,True,,1,0.12467943201772869,0.027822629,0.12467943201772869,0.1446693290490657
39,offset_c0.7_from0.8,4,ompl_uniform,20651603,True,True,,1,0.10129325604066253,0.013574204,0.10129325604066253,0.1028814809396863
39,offset_c0.7_from0.8,5,joint_projected,20651704,True,True,,1,0.11995528906118125,0.022306498,0.11995528906118125,0.1405518139945343
39,offset_c0.7_from0.8,5,cartesian_ik,20651704,True,True,,1,0.1726028909906745,0.014282192,0.1726028909906745,0.19319814501795918
39,offset_c0.7_from0.8,5,ompl_uniform,20651704,True,True,,1,0.07211418205406517,0.00668546,0.07211418205406517,0.07383930904325098
39,offset_c0.7_from0.8,6,ompl_uniform,20651805,True,True,,1,0.20565853698644787,0.023869578,0.20565853698644787,0.20770300598815084
39,offset_c0.7_from0.8,6,cartesian_ik,20651805,True,True,,1,0.11771068000234663,0.012872085,0.11771068000234663,0.13811210810672492
39,offset_c0.7_from0.8,6,joint_projected,20651805,True,True,,1,0.16704436799045652,0.01618154,0.16704436799045652,0.1884012430673465
39,offset_c0.7_from0.8,7,cartesian_ik,20651906,True,True,,1,0.189118827925995,0.023883268,0.189118827925995,0.20913211908191442
39,offset_c0.7_from0.8,7,joint_projected,20651906,True,True,,1,0.21619424200616777,0.035173428,0.21619424200616777,0.23709078202955425
39,offset_c0.7_from0.8,7,ompl_uniform,20651906,True,True,,1,0.15341464593075216,0.022019174,0.15341464593075216,0.15465411893092096
39,offset_c0.7_from0.8,8,joint_projected,20652007,True,True,,1,0.0762739070923999,0.016931491,0.0762739070923999,0.0965317680966109
39,offset_c0.7_from0.8,8,ompl_uniform,20652007,True,True,,1,0.16598908009473234,0.012234055,0.16598908009473234,0.16748481907416135
39,offset_c0.7_from0.8,8,cartesian_ik,20652007,True,True,,1,0.12245226302184165,0.014335572,0.12245226302184165,0.1426989200990647
39,offset_c0.7_from0.8,9,joint_projected,20652108,True,True,,1,0.08955047407653183,0.013665444,0.08955047407653183,0.10936417698394507
39,offset_c0.7_from0.8,9,ompl_uniform,20652108,True,True,,1,0.1043565389700234,0.012173581,0.1043565389700234,0.10605414700694382
39,offset_c0.7_from0.8,9,cartesian_ik,20652108,True,True,,1,0.14342573704198003,0.034065335,0.14342573704198003,0.16388072108384222
6,central_c0.5_from0.2,0,joint_projected,20320968,True,True,,1,0.09194681199733168,0.024246869,0.09194681199733168,0.11199575301725417
6,central_c0.5_from0.2,0,cartesian_ik,20320968,True,True,,1,0.07003084989264607,0.031866204,0.07003084989264607,0.09088933793827891
6,central_c0.5_from0.2,0,ompl_uniform,20320968,True,True,,1,0.18546270998194814,0.016448866,0.18546270998194814,0.18666727002710104
6,central_c0.5_from0.2,1,cartesian_ik,20321069,True,True,,1,0.14991016802378,0.02778857,0.14991016802378,0.1701312130317092
6,central_c0.5_from0.2,1,ompl_uniform,20321069,True,True,,1,0.13931847095955163,0.019965446,0.13931847095955163,0.14048361394088715
6,central_c0.5_from0.2,1,joint_projected,20321069,True,True,,1,0.20534865197259933,0.03015896,0.20534865197259933,0.22628603200428188
6,central_c0.5_from0.2,2,ompl_uniform,20321170,True,True,,1,0.13522420800291002,0.011848352,0.13522420800291002,0.13672297401353717
6,central_c0.5_from0.2,2,joint_projected,20321170,True,True,,1,0.12953943596221507,0.017389199,0.12953943596221507,0.15045260800980031
6,central_c0.5_from0.2,2,cartesian_ik,20321170,True,True,,1,0.049128922051750124,0.014064136,0.049128922051750124,0.0701404110295698
6,central_c0.5_from0.2,3,cartesian_ik,20321271,True,True,,1,0.04406400606967509,0.019503006,0.04406400606967509,0.06422594108153135
6,central_c0.5_from0.2,3,joint_projected,20321271,True,True,,1,0.20950972894206643,0.026771427,0.20950972894206643,0.2301769780460745
6,central_c0.5_from0.2,3,ompl_uniform,20321271,True,True,,1,0.21775514294859022,0.009818335,0.21775514294859022,0.219188446062617
6,central_c0.5_from0.2,4,cartesian_ik,20321372,True,True,,1,0.12400431290734559,0.01950685,0.12400431290734559,0.14407339307945222
6,central_c0.5_from0.2,4,joint_projected,20321372,True,True,,1,0.08397698600310832,0.016717851,0.08397698600310832,0.1046857739565894
6,central_c0.5_from0.2,4,ompl_uniform,20321372,True,True,,1,0.14017302996944636,0.010404078,0.14017302996944636,0.14145357708912343
6,central_c0.5_from0.2,5,joint_projected,20321473,True,True,,1,0.05285084107890725,0.018256695,0.05285084107890725,0.07367686799261719
6,central_c0.5_from0.2,5,cartesian_ik,20321473,True,True,,1,0.08262945897877216,0.024766537,0.08262945897877216,0.10354234499391168
6,central_c0.5_from0.2,5,ompl_uniform,20321473,True,True,,1,0.13807584496680647,0.02529562,0.13807584496680647,0.13970207597594708
6,central_c0.5_from0.2,6,joint_projected,20321574,True,True,,1,0.09142945508938283,0.013918972,0.09142945508938283,0.11214293597731739
6,central_c0.5_from0.2,6,cartesian_ik,20321574,True,True,,1,0.057564490009099245,0.01426021,0.057564490009099245,0.07864281407091767
6,central_c0.5_from0.2,6,ompl_uniform,20321574,True,True,,1,0.15778813906945288,0.012272651,0.15778813906945288,0.15919876703992486
6,central_c0.5_from0.2,7,joint_projected,20321675,True,True,,1,0.17895134398713708,0.020089511,0.17895134398713708,0.19985223200637847
6,central_c0.5_from0.2,7,cartesian_ik,20321675,True,True,,1,0.1688843199517578,0.011718177,0.1688843199517578,0.1893379968823865
6,central_c0.5_from0.2,7,ompl_uniform,20321675,True,True,,1,0.1255410839803517,0.01138043,0.1255410839803517,0.12717389198951423
6,central_c0.5_from0.2,8,ompl_uniform,20321776,True,True,,1,0.12482165405526757,0.020900585,0.12482165405526757,0.1262929430231452
6,central_c0.5_from0.2,8,joint_projected,20321776,True,True,,1,0.041115344036370516,0.019145891,0.041115344036370516,0.06168654700741172
6,central_c0.5_from0.2,8,cartesian_ik,20321776,True,True,,1,0.17932646302506328,0.035406768,0.17932646302506328,0.19983695505652577
6,central_c0.5_from0.2,9,cartesian_ik,20321877,True,True,,1,0.12257985305041075,0.026303921,0.12257985305041075,0.1428976618917659
6,central_c0.5_from0.2,9,joint_projected,20321877,True,True,,1,0.18829460092820227,0.023928295,0.18829460092820227,0.2094295620918274
6,central_c0.5_from0.2,9,ompl_uniform,20321877,True,True,,1,0.1706194169819355,0.023614507,0.1706194169819355,0.17176609800662845
59,distant_c0.7_from0.8,0,joint_projected,20851339,True,True,,1,0.029128335998393595,0.009075458,0.029128335998393595,0.048803623067215085
59,distant_c0.7_from0.8,0,ompl_uniform,20851339,True,True,,1,0.17131644091568887,0.011358641,0.17131644091568887,0.17269889498129487
59,distant_c0.7_from0.8,0,cartesian_ik,20851339,True,True,,1,0.07725305296480656,0.012206871,0.07725305296480656,0.09733517118729651
59,distant_c0.7_from0.8,1,joint_projected,20851440,True,True,,1,0.06613685307092965,0.025416653,0.06613685307092965,0.08662628009915352
59,distant_c0.7_from0.8,1,ompl_uniform,20851440,True,True,,1,0.1974816620349884,0.021769858,0.1974816620349884,0.19900259911082685
59,distant_c0.7_from0.8,1,cartesian_ik,20851440,True,True,,1,0.07570144394412637,0.008133871,0.07570144394412637,0.09616480208933353
59,distant_c0.7_from0.8,2,joint_projected,20851541,True,True,,1,0.2066414140863344,0.028759268,0.2066414140863344,0.22702890215441585
59,distant_c0.7_from0.8,2,ompl_uniform,20851541,True,True,,1,0.14050174108706415,0.011929773,0.14050174108706415,0.14179341692943126
59,distant_c0.7_from0.8,2,cartesian_ik,20851541,True,True,,1,0.1175897769862786,0.046787624,0.1175897769862786,0.13790614309255034
59,distant_c0.7_from0.8,3,joint_projected,20851642,True,True,,1,0.09629726794082671,0.036791534,0.09629726794082671,0.1164746000431478
59,distant_c0.7_from0.8,3,cartesian_ik,20851642,True,True,,1,0.15092378202825785,0.015117799,0.15092378202825785,0.17178216110914946
59,distant_c0.7_from0.8,3,ompl_uniform,20851642,True,True,,1,0.17828064097557217,0.016933721,0.17828064097557217,0.17956913798116148
59,distant_c0.7_from0.8,4,cartesian_ik,20851743,True,True,,1,0.14524888596497476,0.012492931,0.14524888596497476,0.1660772510804236
59,distant_c0.7_from0.8,4,ompl_uniform,20851743,True,True,,1,0.16891050396952778,0.021883326,0.16891050396952778,0.17080676392652094
59,distant_c0.7_from0.8,4,joint_projected,20851743,True,True,,1,0.12439414905384183,0.013606976,0.12439414905384183,0.14543464116286486
59,distant_c0.7_from0.8,5,ompl_uniform,20851844,True,True,,1,0.1521404340164736,0.012428546,0.1521404340164736,0.15391358104534447
59,distant_c0.7_from0.8,5,joint_projected,20851844,True,True,,1,0.10541678394656628,0.025320988,0.10541678394656628,0.1265204211231321
59,distant_c0.7_from0.8,5,cartesian_ik,20851844,True,True,,1,0.02871408499777317,0.00284219,0.02871408499777317,0.04917151213157922
59,distant_c0.7_from0.8,6,cartesian_ik,20851945,True,True,,1,0.09866678202524781,0.033627345,0.09866678202524781,0.11899897409603
59,distant_c0.7_from0.8,6,joint_projected,20851945,True,True,,1,0.10389961302280426,0.031829428,0.10389961302280426,0.12450125708710402
59,distant_c0.7_from0.8,6,ompl_uniform,20851945,True,True,,1,0.16572629904840142,0.030557498,0.16572629904840142,0.16733896208461374
59,distant_c0.7_from0.8,7,ompl_uniform,20852046,True,True,,1,0.19857837993185967,0.018249062,0.19857837993185967,0.20035315991844982
59,distant_c0.7_from0.8,7,joint_projected,20852046,True,True,,1,0.10437363898381591,0.016852002,0.10437363898381591,0.12443853006698191
59,distant_c0.7_from0.8,7,cartesian_ik,20852046,True,True,,1,0.1703498950228095,0.032171801,0.1703498950228095,0.19099978415761143
59,distant_c0.7_from0.8,8,ompl_uniform,20852147,True,True,,1,0.14942471496760845,0.022864267,0.14942471496760845,0.15105561108794063
59,distant_c0.7_from0.8,8,cartesian_ik,20852147,True,True,,1,0.1295848930021748,0.022295272,0.1295848930021748,0.150677242083475
59,distant_c0.7_from0.8,8,joint_projected,20852147,True,True,,1,0.08724174997769296,0.015076221,0.08724174997769296,0.1079468431416899
59,distant_c0.7_from0.8,9,cartesian_ik,20852248,True,True,,1,0.07360440993215889,0.011292982,0.07360440993215889,0.09426911605987698
59,distant_c0.7_from0.8,9,ompl_uniform,20852248,True,True,,1,0.16823945008218288,0.02088917,0.16823945008218288,0.16974241100251675
59,distant_c0.7_from0.8,9,joint_projected,20852248,True,True,,1,0.12171170394867659,0.038874794,0.12171170394867659,0.14231538504827768
30,offset_c0.7_from0.8,0,joint_projected,20561136,True,True,,1,0.1644851550227031,0.023043815,0.1644851550227031,0.18556143098976463
30,offset_c0.7_from0.8,0,ompl_uniform,20561136,True,True,,1,0.05433257797267288,0.01478317,0.05433257797267288,0.05572608602233231
30,offset_c0.7_from0.8,0,cartesian_ik,20561136,True,True,,1,0.12625711201690137,0.009855219,0.12625711201690137,0.14699292206205428
30,offset_c0.7_from0.8,1,joint_projected,20561237,True,True,,1,0.04102514893747866,0.008883136,0.04102514893747866,0.06291711004450917
30,offset_c0.7_from0.8,1,cartesian_ik,20561237,True,True,,1,0.12271939998026937,0.023762183,0.12271939998026937,0.1442174849798903
30,offset_c0.7_from0.8,1,ompl_uniform,20561237,True,True,,1,0.14510174503084272,0.025484957,0.14510174503084272,0.14729647699277848
30,offset_c0.7_from0.8,2,cartesian_ik,20561338,True,True,,1,0.11453444405924529,0.011684754,0.11453444405924529,0.13610145496204495
30,offset_c0.7_from0.8,2,joint_projected,20561338,True,True,,1,0.1173774340422824,0.020795702,0.1173774340422824,0.13828308298252523
30,offset_c0.7_from0.8,2,ompl_uniform,20561338,True,True,,1,0.171848273021169,0.026837366,0.171848273021169,0.17356266698334366
30,offset_c0.7_from0.8,3,cartesian_ik,20561439,True,True,,1,0.1888015459990129,0.048838162,0.1888015459990129,0.21052652597427368
30,offset_c0.7_from0.8,3,joint_projected,20561439,True,True,,1,0.11055732995737344,0.021639245,0.11055732995737344,0.13163278193678707
30,offset_c0.7_from0.8,3,ompl_uniform,20561439,True,True,,1,0.1720624309964478,0.021193236,0.1720624309964478,0.1731336279772222
30,offset_c0.7_from0.8,4,cartesian_ik,20561540,True,True,,1,0.09237447299528867,0.010064448,0.09237447299528867,0.11444341309834272
30,offset_c0.7_from0.8,4,ompl_uniform,20561540,True,True,,1,0.13533890794496983,0.019831859,0.13533890794496983,0.13694731995929033
30,offset_c0.7_from0.8,4,joint_projected,20561540,True,True,,1,0.07200498797465116,0.024611032,0.07200498797465116,0.09340234205592424
30,offset_c0.7_from0.8,5,ompl_uniform,20561641,True,True,,1,0.18048834498040378,0.007661964,0.18048834498040378,0.18198298092465848
30,offset_c0.7_from0.8,5,joint_projected,20561641,True,True,,1,0.10764574503991753,0.018334876,0.10764574503991753,0.1290626620175317
30,offset_c0.7_from0.8,5,cartesian_ik,20561641,True,True,,1,0.11748267197981477,0.023889853,0.11748267197981477,0.13812716701067984
30,offset_c0.7_from0.8,6,ompl_uniform,20561742,True,True,,1,0.343333555967547,0.016320665,0.343333555967547,0.34592794300988317
30,offset_c0.7_from0.8,6,joint_projected,20561742,True,True,,1,0.07393001497257501,0.026964645,0.07393001497257501,0.09574193402659148
30,offset_c0.7_from0.8,6,cartesian_ik,20561742,True,True,,1,0.20018637692555785,0.054223505,0.20018637692555785,0.22198013204615563
30,offset_c0.7_from0.8,7,joint_projected,20561843,True,True,,1,0.1655204410199076,0.034267604,0.1655204410199076,0.18717646494042128
30,offset_c0.7_from0.8,7,cartesian_ik,20561843,True,True,,1,0.14028456900268793,0.04985905,0.14028456900268793,0.16193061997182667
30,offset_c0.7_from0.8,7,ompl_uniform,20561843,True,True,,1,0.1935880919918418,0.018460014,0.1935880919918418,0.1946867440128699
30,offset_c0.7_from0.8,8,cartesian_ik,20561944,True,True,,1,0.1815443040104583,0.025591864,0.1815443040104583,0.20294358395040035
30,offset_c0.7_from0.8,8,joint_projected,20561944,True,True,,1,0.09631042904220521,0.015713403,0.09631042904220521,0.1174363880418241
30,offset_c0.7_from0.8,8,ompl_uniform,20561944,True,True,,1,0.13514623802620918,0.011019595,0.13514623802620918,0.1363184779183939
30,offset_c0.7_from0.8,9,joint_projected,20562045,True,True,,1,0.09683976601809263,0.042952796,0.09683976601809263,0.11786134296562523
30,offset_c0.7_from0.8,9,ompl_uniform,20562045,True,True,,1,0.08300756302196532,0.003792782,0.08300756302196532,0.08475715306121856
30,offset_c0.7_from0.8,9,cartesian_ik,20562045,True,True,,1,0.13681816100142896,0.022699173,0.13681816100142896,0.15876965294592083
28,offset_c0.5_from0.2,0,cartesian_ik,20541122,True,True,,1,0.13365759002044797,0.026711881,0.13365759002044797,0.15395605901721865
28,offset_c0.5_from0.2,0,joint_projected,20541122,True,True,,1,0.1120116860838607,0.023486869,0.1120116860838607,0.13244968105573207
28,offset_c0.5_from0.2,0,ompl_uniform,20541122,True,True,,1,0.12186890805605799,0.024299616,0.12186890805605799,0.12325105292256922
28,offset_c0.5_from0.2,1,cartesian_ik,20541223,True,True,,1,0.04144941200502217,0.013604027,0.04144941200502217,0.061954793869517744
28,offset_c0.5_from0.2,1,ompl_uniform,20541223,True,True,,1,0.10622562898788601,0.024264863,0.10622562898788601,0.10795095306821167
28,offset_c0.5_from0.2,1,joint_projected,20541223,True,True,,1,0.1285755829885602,0.023283602,0.1285755829885602,0.1495439528953284
28,offset_c0.5_from0.2,2,ompl_uniform,20541324,True,True,,1,0.10515081195626408,0.027952192,0.10515081195626408,0.10697993903886527
28,offset_c0.5_from0.2,2,cartesian_ik,20541324,True,True,,1,0.12937777605839074,0.011689554,0.12937777605839074,0.15007817489095032
28,offset_c0.5_from0.2,2,joint_projected,20541324,True,True,,1,0.08130555099342018,0.026072,0.08130555099342018,0.1021840829635039
28,offset_c0.5_from0.2,3,cartesian_ik,20541425,True,True,,1,0.09120750601869076,0.020320453,0.09120750601869076,0.11185756791383028
28,offset_c0.5_from0.2,3,joint_projected,20541425,True,True,,1,0.1575262249680236,0.023423673,0.1575262249680236,0.17781771789304912
28,offset_c0.5_from0.2,3,ompl_uniform,20541425,True,True,,1,0.14425741403829306,0.02856206,0.14425741403829306,0.1457709289388731
28,offset_c0.5_from0.2,4,joint_projected,20541526,True,True,,1,0.11589425301644951,0.028828138,0.11589425301644951,0.1369216759921983
28,offset_c0.5_from0.2,4,cartesian_ik,20541526,True,True,,1,0.0671331329504028,0.027922779,0.0671331329504028,0.08791072003077716
28,offset_c0.5_from0.2,4,ompl_uniform,20541526,True,True,,1,0.17613430204801261,0.029089537,0.17613430204801261,0.17771788500249386
28,offset_c0.5_from0.2,5,joint_projected,20541627,True,True,,1,0.1314644570229575,0.03828874,0.1314644570229575,0.15270944591611624
28,offset_c0.5_from0.2,5,ompl_uniform,20541627,True,True,,1,0.1726641959976405,0.008628002,0.1726641959976405,0.17374363995622844
28,offset_c0.5_from0.2,5,cartesian_ik,20541627,True,True,,1,0.26442144194152206,0.052836701,0.26442144194152206,0.28544756304472685
28,offset_c0.5_from0.2,6,ompl_uniform,20541728,True,True,,1,0.1822114180540666,0.031848566,0.1822114180540666,0.1838856239337474
28,offset_c0.5_from0.2,6,cartesian_ik,20541728,True,True,,1,0.12931641703471541,0.066978244,0.12931641703471541,0.15037735388614237
28,offset_c0.5_from0.2,6,joint_projected,20541728,True,True,,1,0.14501985895913094,0.022834618,0.14501985895913094,0.1660421988926828
28,offset_c0.5_from0.2,7,ompl_uniform,20541829,True,True,,1,0.097832758910954,0.02009385,0.097832758910954,0.09949271008372307
28,offset_c0.5_from0.2,7,cartesian_ik,20541829,True,True,,1,0.13384785398375243,0.029000859,0.13384785398375243,0.1543607609346509
28,offset_c0.5_from0.2,7,joint_projected,20541829,True,True,,1,0.12394939595833421,0.024745153,0.12394939595833421,0.14460836595389992
28,offset_c0.5_from0.2,8,ompl_uniform,20541930,True,True,,1,0.08130343398079276,0.011671793,0.08130343398079276,0.08288387104403228
28,offset_c0.5_from0.2,8,cartesian_ik,20541930,True,True,,1,0.1351721379905939,0.068150967,0.1351721379905939,0.1556668549310416
28,offset_c0.5_from0.2,8,joint_projected,20541930,True,True,,1,0.11731704196427017,0.030635065,0.11731704196427017,0.13762215292081237
28,offset_c0.5_from0.2,9,joint_projected,20542031,True,True,,1,0.17262551793828607,0.017620998,0.17262551793828607,0.19389662786852568
28,offset_c0.5_from0.2,9,cartesian_ik,20542031,True,True,,1,0.06487004901282489,0.008319977,0.06487004901282489,0.08531492191832513
28,offset_c0.5_from0.2,9,ompl_uniform,20542031,True,True,,1,0.13813450105953962,0.021756193,0.13813450105953962,0.14004416402895004
0,central_c0.5_from0.2,0,ompl_uniform,20260926,True,True,,1,0.15474403905682266,0.008898671,0.15474403905682266,0.15615579299628735
0,central_c0.5_from0.2,0,cartesian_ik,20260926,True,True,,1,0.10194491199217737,0.014691061,0.10194491199217737,0.23267794295679778
0,central_c0.5_from0.2,0,joint_projected,20260926,True,True,,1,0.16845011699479073,0.030831936,0.16845011699479073,0.29929789796005934
0,central_c0.5_from0.2,1,joint_projected,20261027,True,True,,1,0.06956526008434594,0.030403479,0.06956526008434594,0.2003928809426725
0,central_c0.5_from0.2,1,cartesian_ik,20261027,True,True,,1,0.11750359507277608,0.039662087,0.11750359507277608,0.2477445179829374
0,central_c0.5_from0.2,1,ompl_uniform,20261027,True,True,,1,0.1870944070396945,0.020781517,0.1870944070396945,0.1884908570209518
0,central_c0.5_from0.2,2,cartesian_ik,20261128,True,True,,1,0.13992655905894935,0.0137612,0.13992655905894935,0.27110918890684843
0,central_c0.5_from0.2,2,ompl_uniform,20261128,True,True,,1,0.25521244294941425,0.019449081,0.25521244294941425,0.2568933869479224
0,central_c0.5_from0.2,2,joint_projected,20261128,True,True,,1,0.151639404008165,0.045875473,0.151639404008165,0.28284601494669914
0,central_c0.5_from0.2,3,cartesian_ik,20261229,True,True,,1,0.07701035297941417,0.041004013,0.07701035297941417,0.2074142979690805
0,central_c0.5_from0.2,3,ompl_uniform,20261229,True,True,,1,0.10389999696053565,0.010022319,0.10389999696053565,0.10560117301065475
0,central_c0.5_from0.2,3,joint_projected,20261229,True,True,,1,0.19044931302778423,0.023352881,0.19044931302778423,0.32168504199944437
0,central_c0.5_from0.2,4,cartesian_ik,20261330,True,True,,1,0.16748454293701798,0.052658743,0.16748454293701798,0.298541764030233
0,central_c0.5_from0.2,4,joint_projected,20261330,True,True,,1,0.03759407694451511,0.023083048,0.03759407694451511,0.16849314491264522
0,central_c0.5_from0.2,4,ompl_uniform,20261330,True,True,,1,0.15271795797161758,0.03622661,0.15271795797161758,0.1546497771050781
0,central_c0.5_from0.2,5,ompl_uniform,20261431,True,True,,1,0.15256046608556062,0.014266906,0.15256046608556062,0.15455467393621802
0,central_c0.5_from0.2,5,cartesian_ik,20261431,True,True,,1,0.10168289998546243,0.018102046,0.10168289998546243,0.23283507698215544
0,central_c0.5_from0.2,5,joint_projected,20261431,True,True,,1,0.2038491730345413,0.038238461,0.2038491730345413,0.3350186249008402
0,central_c0.5_from0.2,6,ompl_uniform,20261532,True,True,,1,0.06667053105775267,0.018891889,0.06667053105775267,0.06853752792812884
0,central_c0.5_from0.2,6,cartesian_ik,20261532,True,True,,1,0.21099012496415526,0.025977737,0.21099012496415526,0.3419862170703709
0,central_c0.5_from0.2,6,joint_projected,20261532,True,True,,1,0.2028804540168494,0.026541835,0.2028804540168494,0.33395063190255314
0,central_c0.5_from0.2,7,ompl_uniform,20261633,True,True,,1,0.1023220430361107,0.022727579,0.1023220430361107,0.10395637201145291
0,central_c0.5_from0.2,7,joint_projected,20261633,True,True,,1,0.09745602204930037,0.035086207,0.09745602204930037,0.2286301919957623
0,central_c0.5_from0.2,7,cartesian_ik,20261633,True,True,,1,0.09816615504678339,0.040533599,0.09816615504678339,0.2288579079322517
0,central_c0.5_from0.2,8,joint_projected,20261734,True,True,,1,0.16205611696932465,0.029615614,0.16205611696932465,0.2931476910598576
0,central_c0.5_from0.2,8,cartesian_ik,20261734,True,True,,1,0.06361789000220597,0.025202667,0.06361789000220597,0.1940326920012012
0,central_c0.5_from0.2,8,ompl_uniform,20261734,True,True,,1,0.1328384829685092,0.011469203,0.1328384829685092,0.1346185909351334
0,central_c0.5_from0.2,9,joint_projected,20261835,True,True,,1,0.10281231498811394,0.030741868,0.10281231498811394,0.2335203968686983
0,central_c0.5_from0.2,9,ompl_uniform,20261835,True,True,,1,0.1495364480651915,0.014279538,0.1495364480651915,0.1509707469958812
0,central_c0.5_from0.2,9,cartesian_ik,20261835,True,True,,1,0.18444947199895978,0.01934251,0.18444947199895978,0.31475366500671953
24,offset_c0.5_from0.2,0,cartesian_ik,20501094,True,True,,1,0.10597904410678893,0.022361689,0.10597904410678893,0.12601149699185044
24,offset_c0.5_from0.2,0,ompl_uniform,20501094,True,True,,1,0.14516312000341713,0.027645754,0.14516312000341713,0.14695133594796062
24,offset_c0.5_from0.2,0,joint_projected,20501094,True,True,,1,0.052937699016183615,0.027889557,0.052937699016183615,0.07319594395812601
24,offset_c0.5_from0.2,1,cartesian_ik,20501195,True,True,,1,0.10470623709261417,0.011381812,0.10470623709261417,0.12487623607739806
24,offset_c0.5_from0.2,1,ompl_uniform,20501195,True,True,,1,0.1805756539106369,0.025122765,0.1805756539106369,0.1824128848966211
24,offset_c0.5_from0.2,1,joint_projected,20501195,True,True,,1,0.15497153799515218,0.034207978,0.15497153799515218,0.1752771930769086
24,offset_c0.5_from0.2,2,ompl_uniform,20501296,True,True,,1,0.2594266659580171,0.03317577,0.2594266659580171,0.26126330194529146
24,offset_c0.5_from0.2,2,cartesian_ik,20501296,True,True,,1,0.10505769692827016,0.051033069,0.10505769692827016,0.12643547204788774
24,offset_c0.5_from0.2,2,joint_projected,20501296,True,True,,1,0.10715520707890391,0.02630951,0.10715520707890391,0.12773715308867395
24,offset_c0.5_from0.2,3,joint_projected,20501397,True,True,,1,0.09880742290988564,0.041519018,0.09880742290988564,0.11941327305976301
24,offset_c0.5_from0.2,3,ompl_uniform,20501397,True,True,,1,0.15589691593777388,0.027682334,0.15589691593777388,0.15768030798062682
24,offset_c0.5_from0.2,3,cartesian_ik,20501397,True,True,,1,0.07261616503819823,0.055772413,0.07261616503819823,0.09297399607021362
24,offset_c0.5_from0.2,4,cartesian_ik,20501498,True,True,,1,0.15919300401583314,0.037811863,0.15919300401583314,0.18005103606265038
24,offset_c0.5_from0.2,4,ompl_uniform,20501498,True,True,,1,0.11604284308850765,0.020182484,0.11604284308850765,0.11747895705047995
24,offset_c0.5_from0.2,4,joint_projected,20501498,True,True,,1,0.2441714860033244,0.036376178,0.2441714860033244,0.2654428450623527
24,offset_c0.5_from0.2,5,joint_projected,20501599,True,True,,1,0.17303138598799706,0.032396767,0.17303138598799706,0.19348113902378827
24,offset_c0.5_from0.2,5,ompl_uniform,20501599,True,True,,1,0.25194131897296757,0.039658461,0.25194131897296757,0.25400281709153205
24,offset_c0.5_from0.2,5,cartesian_ik,20501599,True,True,,1,0.19541954807937145,0.063321416,0.19541954807937145,0.21657680708449334
24,offset_c0.5_from0.2,6,cartesian_ik,20501700,True,True,,1,0.1857422780012712,0.0497341,0.1857422780012712,0.20653357508126646
24,offset_c0.5_from0.2,6,joint_projected,20501700,True,True,,1,0.18911125790327787,0.02608121,0.18911125790327787,0.21010880800895393
24,offset_c0.5_from0.2,6,ompl_uniform,20501700,True,True,,1,0.1648295889608562,0.039887297,0.1648295889608562,0.16656584397424012
24,offset_c0.5_from0.2,7,ompl_uniform,20501801,True,True,,1,0.1422191800083965,0.023620419,0.1422191800083965,0.144117477000691
24,offset_c0.5_from0.2,7,joint_projected,20501801,True,True,,1,0.18824103299994022,0.026563854,0.18824103299994022,0.20900866005104035
24,offset_c0.5_from0.2,7,cartesian_ik,20501801,True,True,,1,0.20293690101243556,0.050235583,0.20293690101243556,0.22389927809126675
24,offset_c0.5_from0.2,8,cartesian_ik,20501902,True,True,,1,0.1365718999877572,0.025732402,0.1365718999877572,0.1568754380568862
24,offset_c0.5_from0.2,8,joint_projected,20501902,True,True,,1,0.04546653700526804,0.015090454,0.04546653700526804,0.06617820507381111
24,offset_c0.5_from0.2,8,ompl_uniform,20501902,True,True,,1,0.18333520996384323,0.034237574,0.18333520996384323,0.18506868509575725
24,offset_c0.5_from0.2,9,joint_projected,20502003,True,True,,1,0.10947224602568895,0.035920602,0.10947224602568895,0.1302108101081103
24,offset_c0.5_from0.2,9,ompl_uniform,20502003,True,True,,1,0.1892984809819609,0.032330545,0.1892984809819609,0.19122974399942905
24,offset_c0.5_from0.2,9,cartesian_ik,20502003,True,True,,1,0.256235682987608,0.073347211,0.256235682987608,0.28611792507581413
11,central_c0.7_from0.8,0,cartesian_ik,20371003,True,True,,1,0.05222393199801445,0.020957041,0.05222393199801445,0.0722990829963237
11,central_c0.7_from0.8,0,joint_projected,20371003,True,True,,1,0.07194163196254522,0.027278981,0.07194163196254522,0.09290561103262007
11,central_c0.7_from0.8,0,ompl_uniform,20371003,True,True,,1,0.08973231201525778,0.008561716,0.08973231201525778,0.09142570709809661
11,central_c0.7_from0.8,1,joint_projected,20371104,True,True,,1,0.11678282101638615,0.042149343,0.11678282101638615,0.13769639993552119
11,central_c0.7_from0.8,1,ompl_uniform,20371104,True,True,,1,0.18142102507408708,0.006222156,0.18142102507408708,0.18261293997056782
11,central_c0.7_from0.8,1,cartesian_ik,20371104,True,True,,1,0.21942613902501762,0.041831267,0.21942613902501762,0.24087837303522974
11,central_c0.7_from0.8,2,ompl_uniform,20371205,True,True,,1,0.10525473300367594,0.018869293,0.10525473300367594,0.1069449910428375
11,central_c0.7_from0.8,2,joint_projected,20371205,True,True,,1,0.17386420804541558,0.018707163,0.17386420804541558,0.19423398503568023
11,central_c0.7_from0.8,2,cartesian_ik,20371205,True,True,,1,0.19632702996023,0.011493137,0.19632702996023,0.21669701603241265
11,central_c0.7_from0.8,3,ompl_uniform,20371306,True,True,,1,0.16369118506554514,0.013859324,0.16369118506554514,0.16516825498547405
11,central_c0.7_from0.8,3,joint_projected,20371306,True,True,,1,0.25301143305841833,0.032782928,0.25301143305841833,0.2738076950190589
11,central_c0.7_from0.8,3,cartesian_ik,20371306,True,True,,1,0.05766529205720872,0.023771213,0.05766529205720872,0.07828307803720236
11,central_c0.7_from0.8,4,cartesian_ik,20371407,True,True,,1,0.04794057097751647,0.008685375,0.04794057097751647,0.06871550297364593
11,central_c0.7_from0.8,4,joint_projected,20371407,True,True,,1,0.20144529291428626,0.025692841,0.20144529291428626,0.22200780408456922
11,central_c0.7_from0.8,4,ompl_uniform,20371407,True,True,,1,0.17413778195623308,0.011233641,0.17413778195623308,0.17577140789944679
11,central_c0.7_from0.8,5,ompl_uniform,20371508,True,True,,1,0.09130635904148221,0.009562746,0.09130635904148221,0.09279287199024111
11,central_c0.7_from0.8,5,cartesian_ik,20371508,True,True,,1,0.04627854295540601,0.022213135,0.04627854295540601,0.06722777499817312
11,central_c0.7_from0.8,5,joint_projected,20371508,True,True,,1,0.023798945010639727,0.015208817,0.023798945010639727,0.04399143601767719
11,central_c0.7_from0.8,6,cartesian_ik,20371609,True,True,,1,0.15817263897042722,0.023561211,0.15817263897042722,0.1788630560040474
11,central_c0.7_from0.8,6,joint_projected,20371609,True,True,,1,0.17272883094847202,0.02764764,0.17272883094847202,0.19355532701592892
11,central_c0.7_from0.8,6,ompl_uniform,20371609,True,True,,1,0.1580220360774547,0.032085401,0.1580220360774547,0.15922218305058777
11,central_c0.7_from0.8,7,ompl_uniform,20371710,True,True,,1,0.1264469709713012,0.018367796,0.1264469709713012,0.12808140006382018
11,central_c0.7_from0.8,7,joint_projected,20371710,True,True,,1,0.11317572102416307,0.017215037,0.11317572102416307,0.13421117700636387
11,central_c0.7_from0.8,7,cartesian_ik,20371710,True,True,,1,0.06957165198400617,0.019268588,0.06957165198400617,0.09047228703275323
11,central_c0.7_from0.8,8,ompl_uniform,20371811,True,True,,1,0.16951087000779808,0.020191807,0.16951087000779808,0.1710144670214504
11,central_c0.7_from0.8,8,joint_projected,20371811,True,True,,1,0.14693321392405778,0.045734527,0.14693321392405778,0.16808517195750028
11,central_c0.7_from0.8,8,cartesian_ik,20371811,True,True,,1,0.28407676599454135,0.060053667,0.28407676599454135,0.3056034139590338
11,central_c0.7_from0.8,9,joint_projected,20371912,True,True,,1,0.026202331064268947,0.016288889,0.026202331064268947,0.04615182301495224
11,central_c0.7_from0.8,9,ompl_uniform,20371912,True,True,,1,0.07453884603455663,0.003263746,0.07453884603455663,0.07603683893103153
11,central_c0.7_from0.8,9,cartesian_ik,20371912,True,True,,1,0.05615187296643853,0.017702156,0.05615187296643853,0.07727374194655567
37,offset_c0.7_from0.8,0,ompl_uniform,20631185,True,True,,1,0.1342971819685772,0.034710848,0.1342971819685772,0.13571275700815022
37,offset_c0.7_from0.8,0,joint_projected,20631185,True,True,,1,0.2107944709714502,0.116815312,0.2107944709714502,0.2320181850809604
37,offset_c0.7_from0.8,0,cartesian_ik,20631185,True,True,,1,0.07170059997588396,0.025412077,0.07170059997588396,0.09248581598512828
37,offset_c0.7_from0.8,1,ompl_uniform,20631286,True,True,,1,0.2506784559227526,0.015153255,0.2506784559227526,0.25233231496531516
37,offset_c0.7_from0.8,1,joint_projected,20631286,True,True,,1,0.2641022870084271,0.119014482,0.2641022870084271,0.28468152205459774
37,offset_c0.7_from0.8,1,cartesian_ik,20631286,True,True,,1,0.07066366204526275,0.0470368,0.07066366204526275,0.09102827007882297
37,offset_c0.7_from0.8,2,ompl_uniform,20631387,True,True,,1,0.12643432791810483,0.008331997,0.12643432791810483,0.12818405800499022
37,offset_c0.7_from0.8,2,cartesian_ik,20631387,True,True,,1,0.08563676103949547,0.021179604,0.08563676103949547,0.10619467892684042
37,offset_c0.7_from0.8,2,joint_projected,20631387,True,True,,1,0.19531687500420958,0.127330773,0.19531687500420958,0.21623659401666373
37,offset_c0.7_from0.8,3,cartesian_ik,20631488,True,True,,1,0.18548168695997447,0.044783231,0.18548168695997447,0.20626191899646074
37,offset_c0.7_from0.8,3,joint_projected,20631488,True,True,,1,0.19410109205637127,0.109470717,0.19410109205637127,0.21522884699515998
37,offset_c0.7_from0.8,3,ompl_uniform,20631488,True,True,,1,0.0801664829486981,0.020176208,0.0801664829486981,0.08142154198139906
37,offset_c0.7_from0.8,4,cartesian_ik,20631589,True,True,,1,0.13632399996276945,0.028887248,0.13632399996276945,0.15772084798663855
37,offset_c0.7_from0.8,4,joint_projected,20631589,True,True,,1,0.22416392201557755,0.120154742,0.22416392201557755,0.24480360897723585
37,offset_c0.7_from0.8,4,ompl_uniform,20631589,True,True,,1,0.16114170395303518,0.009259183,0.16114170395303518,0.16294054500758648
37,offset_c0.7_from0.8,5,ompl_uniform,20631690,True,True,,1,0.13868174306116998,0.011984696,0.13868174306116998,0.14008344907779247
37,offset_c0.7_from0.8,5,joint_projected,20631690,True,True,,1,0.20556478400249034,0.119263157,0.20556478400249034,0.22647065191995353
37,offset_c0.7_from0.8,5,cartesian_ik,20631690,True,True,,1,0.17135651502758265,0.024422466,0.17135651502758265,0.19217167305760086
37,offset_c0.7_from0.8,6,ompl_uniform,20631791,True,True,,1,0.14966088405344635,0.02111208,0.14966088405344635,0.15135096397716552
37,offset_c0.7_from0.8,6,cartesian_ik,20631791,True,True,,1,0.10597849707119167,0.025264765,0.10597849707119167,0.1270294450223446
37,offset_c0.7_from0.8,6,joint_projected,20631791,True,True,,1,0.2287110760807991,0.109534428,0.2287110760807991,0.24993677297607064
37,offset_c0.7_from0.8,7,joint_projected,20631892,True,True,,1,0.2013012320967391,0.114024389,0.2013012320967391,0.22266249801032245
37,offset_c0.7_from0.8,7,cartesian_ik,20631892,True,True,,1,0.10884269198868424,0.012430298,0.10884269198868424,0.12945988995488733
37,offset_c0.7_from0.8,7,ompl_uniform,20631892,True,True,,1,0.14992105797864497,0.010511844,0.14992105797864497,0.1516825860599056
37,offset_c0.7_from0.8,8,cartesian_ik,20631993,True,True,,1,0.2131106259766966,0.092305232,0.2131106259766966,0.23422602703794837
37,offset_c0.7_from0.8,8,joint_projected,20631993,True,True,,1,0.26904412801377475,0.120490296,0.26904412801377475,0.28993366193026304
37,offset_c0.7_from0.8,8,ompl_uniform,20631993,True,True,,1,0.17298547003883868,0.02170802,0.17298547003883868,0.17463994107674807
37,offset_c0.7_from0.8,9,joint_projected,20632094,True,True,,1,0.17689276300370693,0.108492824,0.17689276300370693,0.19812458800151944
37,offset_c0.7_from0.8,9,ompl_uniform,20632094,True,True,,1,0.23063198407180607,0.01243276,0.23063198407180607,0.2321599500719458
37,offset_c0.7_from0.8,9,cartesian_ik,20632094,True,True,,1,0.09960945695638657,0.022141982,0.09960945695638657,0.12013444595504552
31,offset_c0.7_from0.8,0,ompl_uniform,20571143,True,True,,1,0.22725200199056417,0.038125068,0.22725200199056417,0.22863872104790062
31,offset_c0.7_from0.8,0,joint_projected,20571143,True,True,,1,0.0870361999841407,0.038570833,0.0870361999841407,0.10688736196607351
31,offset_c0.7_from0.8,0,cartesian_ik,20571143,True,True,,1,0.23000352398958057,0.069004254,0.23000352398958057,0.2503126639639959
31,offset_c0.7_from0.8,1,ompl_uniform,20571244,True,True,,1,0.11535176797769964,0.018333735,0.11535176797769964,0.11682488291990012
31,offset_c0.7_from0.8,1,joint_projected,20571244,True,True,,1,0.09133003407623619,0.03640725,0.09133003407623619,0.11169134103693068
31,offset_c0.7_from0.8,1,cartesian_ik,20571244,True,True,,1,0.09521970897912979,0.022526503,0.09521970897912979,0.11579361197073013
31,offset_c0.7_from0.8,2,cartesian_ik,20571345,True,True,,1,0.15026119200047106,0.051700605,0.15026119200047106,0.1704458500025794
31,offset_c0.7_from0.8,2,joint_projected,20571345,True,True,,1,0.08305824699345976,0.014461345,0.08305824699345976,0.10301573504693806
31,offset_c0.7_from0.8,2,ompl_uniform,20571345,True,True,,1,0.17129760794341564,0.033531321,0.17129760794341564,0.1726349680684507
31,offset_c0.7_from0.8,3,joint_projected,20571446,True,True,,1,0.11266743298619986,0.020207648,0.11266743298619986,0.13353572809137404
31,offset_c0.7_from0.8,3,cartesian_ik,20571446,True,True,,1,0.06415222806390375,0.013999962,0.06415222806390375,0.08446774503681809
31,offset_c0.7_from0.8,3,ompl_uniform,20571446,True,True,,1,0.11435754701960832,0.011281754,0.11435754701960832,0.116134851006791
31,offset_c0.7_from0.8,4,cartesian_ik,20571547,True,True,,1,0.14553786697797477,0.026968658,0.14553786697797477,0.16597294493112713
31,offset_c0.7_from0.8,4,ompl_uniform,20571547,True,True,,1,0.4301976029528305,0.023264051,0.4301976029528305,0.4319110499927774
31,offset_c0.7_from0.8,4,joint_projected,20571547,True,True,,1,0.26769547595176846,0.037083499,0.26769547595176846,0.28845388698391616
31,offset_c0.7_from0.8,5,ompl_uniform,20571648,True,True,,1,0.19704720890149474,0.030838481,0.19704720890149474,0.19863719795830548
31,offset_c0.7_from0.8,5,cartesian_ik,20571648,True,True,,1,0.21371314593125135,0.043871602,0.21371314593125135,0.2343299670610577
31,offset_c0.7_from0.8,5,joint_projected,20571648,True,True,,1,0.15641032601706684,0.019757612,0.15641032601706684,0.17685379600152373
31,offset_c0.7_from0.8,6,ompl_uniform,20571749,True,True,,1,0.06581753597129136,0.005145818,0.06581753597129136,0.06718116300180554
31,offset_c0.7_from0.8,6,cartesian_ik,20571749,True,True,,1,0.21703889803029597,0.041645838,0.21703889803029597,0.23761834600009024
31,offset_c0.7_from0.8,6,joint_projected,20571749,True,True,,1,0.14296362607274204,0.019180449,0.14296362607274204,0.16332569392398
31,offset_c0.7_from0.8,7,joint_projected,20571850,True,True,,1,0.15836020396091044,0.021874489,0.15836020396091044,0.1789139020256698
31,offset_c0.7_from0.8,7,cartesian_ik,20571850,True,True,,1,0.17256909294519573,0.0390555,0.17256909294519573,0.19350889103952795
31,offset_c0.7_from0.8,7,ompl_uniform,20571850,True,True,,1,0.2194880120223388,0.032339457,0.2194880120223388,0.22122664807830006
31,offset_c0.7_from0.8,8,ompl_uniform,20571951,True,True,,1,0.19105844502337277,0.025452251,0.19105844502337277,0.19253647199366242
31,offset_c0.7_from0.8,8,joint_projected,20571951,True,True,,1,0.17804728401824832,0.022498581,0.17804728401824832,0.19939358811825514
31,offset_c0.7_from0.8,8,cartesian_ik,20571951,True,True,,1,0.12651647196616977,0.032015997,0.12651647196616977,0.1465792499948293
31,offset_c0.7_from0.8,9,cartesian_ik,20572052,True,True,,1,0.2038862460758537,0.047548048,0.2038862460758537,0.2246414580149576
31,offset_c0.7_from0.8,9,joint_projected,20572052,True,True,,1,0.12819237005896866,0.030797557,0.12819237005896866,0.14905301411636174
31,offset_c0.7_from0.8,9,ompl_uniform,20572052,True,True,,1,0.08779207710176706,0.008559412,0.08779207710176706,0.08928787708282471
53,distant_c0.7_from0.8,0,joint_projected,20791297,True,True,,1,0.08062780101317912,0.028756992,0.08062780101317912,0.10045959101989865
53,distant_c0.7_from0.8,0,cartesian_ik,20791297,True,True,,1,0.17519459803588688,0.01657876,0.17519459803588688,0.19609421293716878
53,distant_c0.7_from0.8,0,ompl_uniform,20791297,True,True,,1,0.15240966994315386,0.018063918,0.15240966994315386,0.15371470502577722
53,distant_c0.7_from0.8,1,ompl_uniform,20791398,True,True,,1,0.14816588093526661,0.01291134,0.14816588093526661,0.1499810959212482
53,distant_c0.7_from0.8,1,cartesian_ik,20791398,True,True,,1,0.08661248092539608,0.024304404,0.08661248092539608,0.1075531030073762
53,distant_c0.7_from0.8,1,joint_projected,20791398,True,True,,1,0.044403462088666856,0.025294635,0.044403462088666856,0.06493519304785877
53,distant_c0.7_from0.8,2,cartesian_ik,20791499,True,True,,1,0.08289754495490342,0.018825406,0.08289754495490342,0.10313203791156411
53,distant_c0.7_from0.8,2,ompl_uniform,20791499,True,True,,1,0.14448495500255376,0.010624501,0.14448495500255376,0.14612999907694757
53,distant_c0.7_from0.8,2,joint_projected,20791499,True,True,,1,0.06959927396383137,0.012129853,0.06959927396383137,0.09005085402168334
53,distant_c0.7_from0.8,3,joint_projected,20791600,True,True,,1,0.07062882790341973,0.023268459,0.07062882790341973,0.09110822295770049
53,distant_c0.7_from0.8,3,cartesian_ik,20791600,True,True,,1,0.20000736403744668,0.019136188,0.20000736403744668,0.2206757089588791
53,distant_c0.7_from0.8,3,ompl_uniform,20791600,True,True,,1,0.18340212397743016,0.041206224,0.18340212397743016,0.18514840200077742
53,distant_c0.7_from0.8,4,ompl_uniform,20791701,True,True,,1,0.15433670405764133,0.016581232,0.15433670405764133,0.1560363610042259
53,distant_c0.7_from0.8,4,cartesian_ik,20791701,True,True,,1,0.10236230806913227,0.029821,0.10236230806913227,0.12353430700022727
53,distant_c0.7_from0.8,4,joint_projected,20791701,True,True,,1,0.04800593003164977,0.020336167,0.04800593003164977,0.06850004603620619
53,distant_c0.7_from0.8,5,joint_projected,20791802,True,True,,1,0.1535267650615424,0.024301459,0.1535267650615424,0.17391026997938752
53,distant_c0.7_from0.8,5,cartesian_ik,20791802,True,True,,1,0.02801991894375533,0.007016151,0.02801991894375533,0.048264965997077525
53,distant_c0.7_from0.8,5,ompl_uniform,20791802,True,True,,1,0.19178091699723154,0.014610707,0.19178091699723154,0.19330140599049628
53,distant_c0.7_from0.8,6,cartesian_ik,20791903,True,True,,1,0.13570089300628752,0.014030539,0.13570089300628752,0.15664547693450004
53,distant_c0.7_from0.8,6,joint_projected,20791903,True,True,,1,0.09598028706386685,0.015025971,0.09598028706386685,0.11714413308072835
53,distant_c0.7_from0.8,6,ompl_uniform,20791903,True,True,,1,0.17750270396936685,0.030208498,0.17750270396936685,0.178906257962808
53,distant_c0.7_from0.8,7,cartesian_ik,20792004,True,True,,1,0.17052099900320172,0.017200178,0.17052099900320172,0.19075885997153819
53,distant_c0.7_from0.8,7,joint_projected,20792004,True,True,,1,0.061501457006670535,0.024090994,0.061501457006670535,0.08165641501545906
53,distant_c0.7_from0.8,7,ompl_uniform,20792004,True,True,,1,0.16737170203123242,0.017877619,0.16737170203123242,0.16897457710001618
53,distant_c0.7_from0.8,8,ompl_uniform,20792105,True,True,,1,0.1094301319681108,0.010302358,0.1094301319681108,0.11132775398436934
53,distant_c0.7_from0.8,8,joint_projected,20792105,True,True,,1,0.05897565605118871,0.024081437,0.05897565605118871,0.0799927880289033
53,distant_c0.7_from0.8,8,cartesian_ik,20792105,True,True,,1,0.10685654997359961,0.008844793,0.10685654997359961,0.12768788496032357
53,distant_c0.7_from0.8,9,cartesian_ik,20792206,True,True,,1,0.05850280600134283,0.020839406,0.05850280600134283,0.07935748796444386
53,distant_c0.7_from0.8,9,ompl_uniform,20792206,True,True,,1,0.12698708602692932,0.023273668,0.12698708602692932,0.128667748067528
53,distant_c0.7_from0.8,9,joint_projected,20792206,True,True,,1,0.11896736000198871,0.028051451,0.11896736000198871,0.13929456495679915
16,central_c0.7_from0.8,0,joint_projected,20421038,True,True,,1,0.11200313409790397,0.029114141,0.11200313409790397,0.1322360400808975
16,central_c0.7_from0.8,0,ompl_uniform,20421038,True,True,,1,0.18942111206706613,0.037851928,0.18942111206706613,0.19074683298822492
16,central_c0.7_from0.8,0,cartesian_ik,20421038,True,True,,1,0.1591057579498738,0.025609122,0.1591057579498738,0.18032554211094975
16,central_c0.7_from0.8,1,cartesian_ik,20421139,True,True,,1,0.12840647296980023,0.034867517,0.12840647296980023,0.14939543802756816
16,central_c0.7_from0.8,1,joint_projected,20421139,True,True,,1,0.08612876594997942,0.032344505,0.08612876594997942,0.10715481010265648
16,central_c0.7_from0.8,1,ompl_uniform,20421139,True,True,,1,0.1719858009601012,0.0204519,0.1719858009601012,0.1739096320234239
16,central_c0.7_from0.8,2,cartesian_ik,20421240,True,True,,1,0.1212395210750401,0.032327445,0.1212395210750401,0.14207195898052305
16,central_c0.7_from0.8,2,ompl_uniform,20421240,True,True,,1,0.11776295397430658,0.009241427,0.11776295397430658,0.11928592901676893
16,central_c0.7_from0.8,2,joint_projected,20421240,True,True,,1,0.17390037106815726,0.038433148,0.17390037106815726,0.19540930702351034
16,central_c0.7_from0.8,3,ompl_uniform,20421341,True,True,,1,0.15494985692203045,0.037379324,0.15494985692203045,0.15678548999130726
16,central_c0.7_from0.8,3,cartesian_ik,20421341,True,True,,1,0.17171805701218545,0.016400722,0.17171805701218545,0.19275070703588426
16,central_c0.7_from0.8,3,joint_projected,20421341,True,True,,1,0.10314327804371715,0.014195534,0.10314327804371715,0.1231901760911569
16,central_c0.7_from0.8,4,ompl_uniform,20421442,True,True,,1,0.1194029418984428,0.012280383,0.1194029418984428,0.12103925296105444
16,central_c0.7_from0.8,4,joint_projected,20421442,True,True,,1,0.17096060793846846,0.03138769,0.17096060793846846,0.19178043899592012
16,central_c0.7_from0.8,4,cartesian_ik,20421442,True,True,,1,0.12792529200669378,0.026019244,0.12792529200669378,0.14883147412911057
16,central_c0.7_from0.8,5,ompl_uniform,20421543,True,True,,1,0.15698616800364107,0.022301799,0.15698616800364107,0.15851590503007174
16,central_c0.7_from0.8,5,joint_projected,20421543,True,True,,1,0.061212869943119586,0.029299936,0.061212869943119586,0.08208819513674825
16,central_c0.7_from0.8,5,cartesian_ik,20421543,True,True,,1,0.1349476840114221,0.045121584,0.1349476840114221,0.1553391549969092
16,central_c0.7_from0.8,6,ompl_uniform,20421644,True,True,,1,0.10013012203853577,0.009499554,0.10013012203853577,0.10136191605124623
16,central_c0.7_from0.8,6,cartesian_ik,20421644,True,True,,1,0.14101291308179498,0.017471026,0.14101291308179498,0.16134431003592908
16,central_c0.7_from0.8,6,joint_projected,20421644,True,True,,1,0.2425331739941612,0.024373689,0.2425331739941612,0.26365552202332765
16,central_c0.7_from0.8,7,cartesian_ik,20421745,True,True,,1,0.1627504409989342,0.044092117,0.1627504409989342,0.18328008812386543
16,central_c0.7_from0.8,7,ompl_uniform,20421745,True,True,,1,0.13058027101214975,0.009737632,0.13058027101214975,0.13188414403703064
16,central_c0.7_from0.8,7,joint_projected,20421745,True,True,,1,0.08418966201134026,0.033726016,0.08418966201134026,0.10476940707303584
16,central_c0.7_from0.8,8,joint_projected,20421846,True,True,,1,0.15632774506229907,0.033638914,0.15632774506229907,0.17771169811021537
16,central_c0.7_from0.8,8,ompl_uniform,20421846,True,True,,1,0.15353894897270948,0.034032757,0.15353894897270948,0.1552711019758135
16,central_c0.7_from0.8,8,cartesian_ik,20421846,True,True,,1,0.1804175479337573,0.050161531,0.1804175479337573,0.2016567310784012
16,central_c0.7_from0.8,9,cartesian_ik,20421947,True,True,,1,0.08449619100429118,0.009599281,0.08449619100429118,0.10513137595262378
16,central_c0.7_from0.8,9,joint_projected,20421947,True,True,,1,0.053176841931417584,0.014648296,0.053176841931417584,0.07375215203501284
16,central_c0.7_from0.8,9,ompl_uniform,20421947,True,True,,1,0.1937479490879923,0.016633563,0.1937479490879923,0.19500332104507834
48,distant_c0.5_from0.2,0,cartesian_ik,20741262,True,True,,1,0.1786120719043538,0.017346961,0.1786120719043538,0.19884126994293183
48,distant_c0.5_from0.2,0,joint_projected,20741262,True,True,,1,0.08913711505010724,0.025455216,0.08913711505010724,0.10917793202679604
48,distant_c0.5_from0.2,0,ompl_uniform,20741262,True,True,,1,0.10431266902014613,0.022777933,0.10431266902014613,0.10584820806980133
48,distant_c0.5_from0.2,1,joint_projected,20741363,True,True,,1,0.1598027090076357,0.037111336,0.1598027090076357,0.18058539705816656
48,distant_c0.5_from0.2,1,cartesian_ik,20741363,True,True,,1,0.08592879993375391,0.037376534,0.08592879993375391,0.10636596207041293
48,distant_c0.5_from0.2,1,ompl_uniform,20741363,True,True,,1,0.11257602495606989,0.011928395,0.11257602495606989,0.11376396799460053
48,distant_c0.5_from0.2,2,ompl_uniform,20741464,True,True,,1,0.17818911198992282,0.007950884,0.17818911198992282,0.17996553098782897
48,distant_c0.5_from0.2,2,cartesian_ik,20741464,True,True,,1,0.1625788250239566,0.044537595,0.1625788250239566,0.1831672500120476
48,distant_c0.5_from0.2,2,joint_projected,20741464,True,True,,1,0.19092954194638878,0.028219207,0.19092954194638878,0.21199054212775081
48,distant_c0.5_from0.2,3,ompl_uniform,20741565,True,True,,1,0.14911821600981057,0.023601564,0.14911821600981057,0.15043928299564868
48,distant_c0.5_from0.2,3,joint_projected,20741565,True,True,,1,0.09296577901113778,0.021029962,0.09296577901113778,0.11344961100257933
48,distant_c0.5_from0.2,3,cartesian_ik,20741565,True,True,,1,0.13218026096001267,0.026671296,0.13218026096001267,0.15299228799995035
48,distant_c0.5_from0.2,4,cartesian_ik,20741666,True,True,,1,0.1090905760647729,0.011570505,0.1090905760647729,0.12994151702150702
48,distant_c0.5_from0.2,4,joint_projected,20741666,True,True,,1,0.1011533880373463,0.009963313,0.1011533880373463,0.12155982700642198
48,distant_c0.5_from0.2,4,ompl_uniform,20741666,True,True,,1,0.23433028906583786,0.009485722,0.23433028906583786,0.23590396100189537
48,distant_c0.5_from0.2,5,ompl_uniform,20741767,True,True,,1,0.08682079694699496,0.017518849,0.08682079694699496,0.08867194899357855
48,distant_c0.5_from0.2,5,cartesian_ik,20741767,True,True,,1,0.09956219396553934,0.016035171,0.09956219396553934,0.12015550502110273
48,distant_c0.5_from0.2,5,joint_projected,20741767,True,True,,1,0.1440380869898945,0.016942394,0.1440380869898945,0.16402442997787148
48,distant_c0.5_from0.2,6,ompl_uniform,20741868,True,True,,1,0.13616859598550946,0.025480735,0.13616859598550946,0.13760207092855126
48,distant_c0.5_from0.2,6,joint_projected,20741868,True,True,,1,0.05746658705174923,0.019084578,0.05746658705174923,0.07818306202534586
48,distant_c0.5_from0.2,6,cartesian_ik,20741868,True,True,,1,0.09915728797204792,0.013499692,0.09915728797204792,0.11934942204970866
48,distant_c0.5_from0.2,7,ompl_uniform,20741969,True,True,,1,0.19435647106729448,0.0046756,0.19435647106729448,0.19567070400808007
48,distant_c0.5_from0.2,7,cartesian_ik,20741969,True,True,,1,0.047773872036486864,0.006119419,0.047773872036486864,0.06811456708237529
48,distant_c0.5_from0.2,7,joint_projected,20741969,True,True,,1,0.026446161908097565,0.013393544,0.026446161908097565,0.04752056498546153
48,distant_c0.5_from0.2,8,ompl_uniform,20742070,True,True,,1,0.21569986094255,0.012879604,0.21569986094255,0.21693060407415032
48,distant_c0.5_from0.2,8,cartesian_ik,20742070,True,True,,1,0.15095625794492662,0.016180217,0.15095625794492662,0.1715866660233587
48,distant_c0.5_from0.2,8,joint_projected,20742070,True,True,,1,0.14696813200134784,0.017992584,0.14696813200134784,0.16724081605207175
48,distant_c0.5_from0.2,9,cartesian_ik,20742171,True,True,,1,0.08905404096003622,0.026155238,0.08905404096003622,0.10999081307090819
48,distant_c0.5_from0.2,9,ompl_uniform,20742171,True,True,,1,0.16733869700692594,0.00870279,0.16733869700692594,0.16910256794653833
48,distant_c0.5_from0.2,9,joint_projected,20742171,True,True,,1,0.10837406304199249,0.028692229,0.10837406304199249,0.12910650100093335
49,distant_c0.5_from0.2,0,ompl_uniform,20751269,True,True,,1,0.20795501302927732,0.020028024,0.20795501302927732,0.20919581898488104
49,distant_c0.5_from0.2,0,cartesian_ik,20751269,True,True,,1,0.13039212697185576,0.011453173,0.13039212697185576,0.1508139920188114
49,distant_c0.5_from0.2,0,joint_projected,20751269,True,True,,1,0.08614032797049731,0.029451346,0.08614032797049731,0.10587702796328813
49,distant_c0.5_from0.2,1,joint_projected,20751370,True,True,,1,0.108449109015055,0.024354838,0.108449109015055,0.12818335415795445
49,distant_c0.5_from0.2,1,cartesian_ik,20751370,True,True,,1,0.10391050798352808,0.010117903,0.10391050798352808,0.12413442111574113
49,distant_c0.5_from0.2,1,ompl_uniform,20751370,True,True,,1,0.12778133200481534,0.008857311,0.12778133200481534,0.12955304491333663
49,distant_c0.5_from0.2,2,ompl_uniform,20751471,True,True,,1,0.10168048297055066,0.024786532,0.10168048297055066,0.10354183404706419
49,distant_c0.5_from0.2,2,joint_projected,20751471,True,True,,1,0.12755770597141236,0.018785388,0.12755770597141236,0.14758788712788373
49,distant_c0.5_from0.2,2,cartesian_ik,20751471,True,True,,1,0.17470995092298836,0.017491537,0.17470995092298836,0.1955938880564645
49,distant_c0.5_from0.2,3,ompl_uniform,20751572,True,True,,1,0.17348133900668472,0.019496532,0.17348133900668472,0.17470082896761596
49,distant_c0.5_from0.2,3,cartesian_ik,20751572,True,True,,1,0.09454256400931627,0.008667211,0.09454256400931627,0.115466034039855
49,distant_c0.5_from0.2,3,joint_projected,20751572,True,True,,1,0.08658035099506378,0.038642537,0.08658035099506378,0.10690668900497258
49,distant_c0.5_from0.2,4,joint_projected,20751673,True,True,,1,0.07102628494612873,0.0124772,0.07102628494612873,0.0913605970563367
49,distant_c0.5_from0.2,4,cartesian_ik,20751673,True,True,,1,0.034751650993712246,0.008009236,0.034751650993712246,0.05522515205666423
49,distant_c0.5_from0.2,4,ompl_uniform,20751673,True,True,,1,0.2549955960130319,0.01474498,0.2549955960130319,0.25631447799969465
49,distant_c0.5_from0.2,5,ompl_uniform,20751774,True,True,,1,0.1721621509641409,0.011969203,0.1721621509641409,0.17400864500086755
49,distant_c0.5_from0.2,5,cartesian_ik,20751774,True,True,,1,0.06584122800268233,0.014706232,0.06584122800268233,0.08642138913273811
49,distant_c0.5_from0.2,5,joint_projected,20751774,True,True,,1,0.1150618470273912,0.027704887,0.1150618470273912,0.13580728310626
49,distant_c0.5_from0.2,6,joint_projected,20751875,True,True,,1,0.05560176307335496,0.021887577,0.05560176307335496,0.0762951010838151
49,distant_c0.5_from0.2,6,cartesian_ik,20751875,True,True,,1,0.14720049989409745,0.008020321,0.14720049989409745,0.16756493307184428
49,distant_c0.5_from0.2,6,ompl_uniform,20751875,True,True,,1,0.12351466505788267,0.031096637,0.12351466505788267,0.12503642495721579
49,distant_c0.5_from0.2,7,ompl_uniform,20751976,True,True,,1,0.13435871410183609,0.022028455,0.13435871410183609,0.1359210090013221
49,distant_c0.5_from0.2,7,joint_projected,20751976,True,True,,1,0.17157082294579595,0.024847899,0.17157082294579595,0.19284585607238114
49,distant_c0.5_from0.2,7,cartesian_ik,20751976,True,True,,1,0.08614660403691232,0.044389131,0.08614660403691232,0.10636941308621317
49,distant_c0.5_from0.2,8,ompl_uniform,20752077,True,True,,1,0.18692752695642412,0.03343688,0.18692752695642412,0.18849817500449717
49,distant_c0.5_from0.2,8,joint_projected,20752077,True,True,,1,0.10211929096840322,0.01971279,0.10211929096840322,0.12253053102176636
49,distant_c0.5_from0.2,8,cartesian_ik,20752077,True,True,,1,0.11761605693027377,0.027575806,0.11761605693027377,0.13793981506023556
49,distant_c0.5_from0.2,9,joint_projected,20752178,True,True,,1,0.10609395999927074,0.02644361,0.10609395999927074,0.1273166430182755
49,distant_c0.5_from0.2,9,ompl_uniform,20752178,True,True,,1,0.15970157692208886,0.012057782,0.15970157692208886,0.16134072304703295
49,distant_c0.5_from0.2,9,cartesian_ik,20752178,True,True,,1,0.1626009710598737,0.028132671,0.1626009710598737,0.18362418410833925
42,distant_c0.5_from0.2,0,cartesian_ik,20681220,True,True,,1,0.09363879193551838,0.007687567,0.09363879193551838,0.1148277890169993
42,distant_c0.5_from0.2,0,joint_projected,20681220,True,True,,1,0.088211132097058,0.013865221,0.088211132097058,0.10866438399534672
42,distant_c0.5_from0.2,0,ompl_uniform,20681220,True,True,,1,0.13779953704215586,0.010543029,0.13779953704215586,0.13933018199168146
42,distant_c0.5_from0.2,1,cartesian_ik,20681321,True,True,,1,0.11283305706456304,0.032730805,0.11283305706456304,0.13315136195160449
42,distant_c0.5_from0.2,1,ompl_uniform,20681321,True,True,,1,0.1624574629822746,0.010464661,0.1624574629822746,0.1642328950110823
42,distant_c0.5_from0.2,1,joint_projected,20681321,True,True,,1,0.05923346302006394,0.01782152,0.05923346302006394,0.0802391991019249
42,distant_c0.5_from0.2,2,joint_projected,20681422,True,True,,1,0.15161797206383198,0.02462914,0.15161797206383198,0.17248344304971397
42,distant_c0.5_from0.2,2,cartesian_ik,20681422,True,True,,1,0.1565857109380886,0.026551911,0.1565857109380886,0.17769076500553638
42,distant_c0.5_from0.2,2,ompl_uniform,20681422,True,True,,1,0.11577246407978237,0.014425723,0.11577246407978237,0.11712874297518283
42,distant_c0.5_from0.2,3,ompl_uniform,20681523,True,True,,1,0.22762603498995304,0.032901813,0.22762603498995304,0.22887897107284516
42,distant_c0.5_from0.2,3,cartesian_ik,20681523,True,True,,1,0.0921118319965899,0.011646942,0.0921118319965899,0.11316744703799486
42,distant_c0.5_from0.2,3,joint_projected,20681523,True,True,,1,0.09173882391769439,0.030293629,0.09173882391769439,0.1126029189908877
42,distant_c0.5_from0.2,4,cartesian_ik,20681624,True,True,,1,0.13819452398456633,0.020135985,0.13819452398456633,0.15873667097184807
42,distant_c0.5_from0.2,4,ompl_uniform,20681624,True,True,,1,0.15320074593182653,0.010744975,0.15320074593182653,0.15479824610520154
42,distant_c0.5_from0.2,4,joint_projected,20681624,True,True,,1,0.14393019990529865,0.037090929,0.14393019990529865,0.16478079708758742
42,distant_c0.5_from0.2,5,joint_projected,20681725,True,True,,1,0.11569017998408526,0.020679579,0.11569017998408526,0.13590930995997041
42,distant_c0.5_from0.2,5,ompl_uniform,20681725,True,True,,1,0.08004777901805937,0.022675719,0.08004777901805937,0.08148344699293375
42,distant_c0.5_from0.2,5,cartesian_ik,20681725,True,True,,1,0.14130572392605245,0.012542074,0.14130572392605245,0.16246897692326456
42,distant_c0.5_from0.2,6,cartesian_ik,20681826,True,True,,1,0.06542695499956608,0.011972644,0.06542695499956608,0.08568161900620908
42,distant_c0.5_from0.2,6,ompl_uniform,20681826,True,True,,1,0.16126824298407882,0.020814172,0.16126824298407882,0.16261183703318238
42,distant_c0.5_from0.2,6,joint_projected,20681826,True,True,,1,0.10927987203467637,0.022693463,0.10927987203467637,0.13004934403579682
42,distant_c0.5_from0.2,7,joint_projected,20681927,True,True,,1,0.0904017350403592,0.02109616,0.0904017350403592,0.11095211596693844
42,distant_c0.5_from0.2,7,ompl_uniform,20681927,True,True,,1,0.1277226860402152,0.009003513,0.1277226860402152,0.12903918500524014
42,distant_c0.5_from0.2,7,cartesian_ik,20681927,True,True,,1,0.1716215229826048,0.034414978,0.1716215229826048,0.19246840698178858
42,distant_c0.5_from0.2,8,ompl_uniform,20682028,True,True,,1,0.1445144369499758,0.022245282,0.1445144369499758,0.1455066530033946
42,distant_c0.5_from0.2,8,joint_projected,20682028,True,True,,1,0.0892705520382151,0.027250755,0.0892705520382151,0.10981128504499793
42,distant_c0.5_from0.2,8,cartesian_ik,20682028,True,True,,1,0.12971112201921642,0.017080142,0.12971112201921642,0.1510773750487715
42,distant_c0.5_from0.2,9,cartesian_ik,20682129,True,True,,1,0.07453970797359943,0.017364284,0.07453970797359943,0.09595035505481064
42,distant_c0.5_from0.2,9,joint_projected,20682129,True,True,,1,0.05436909000854939,0.021475146,0.05436909000854939,0.07463840499985963
42,distant_c0.5_from0.2,9,ompl_uniform,20682129,True,True,,1,0.2547114510089159,0.015943293,0.2547114510089159,0.2562248760368675
10,central_c0.7_from0.8,0,cartesian_ik,20360996,True,True,,1,0.2723421489354223,0.051358979,0.2723421489354223,0.29237025300972164
10,central_c0.7_from0.8,0,joint_projected,20360996,True,True,,1,0.12068353593349457,0.038127056,0.12068353593349457,0.14097699313424528
10,central_c0.7_from0.8,0,ompl_uniform,20360996,True,True,,1,0.1229576759506017,0.008644371,0.1229576759506017,0.12481465598102659
10,central_c0.7_from0.8,1,joint_projected,20361097,True,True,,1,0.11249980609863997,0.029890676,0.11249980609863997,0.13354393502231687
10,central_c0.7_from0.8,1,ompl_uniform,20361097,True,True,,1,0.1667242400581017,0.014614532,0.1667242400581017,0.16857510595582426
10,central_c0.7_from0.8,1,cartesian_ik,20361097,True,True,,1,0.17035605304408818,0.030959057,0.17035605304408818,0.1917675849981606
10,central_c0.7_from0.8,2,joint_projected,20361198,True,True,,1,0.08489672606810927,0.021896656,0.08489672606810927,0.10566229512915015
10,central_c0.7_from0.8,2,cartesian_ik,20361198,True,True,,1,0.15812314697541296,0.030760101,0.15812314697541296,0.1782260200707242
10,central_c0.7_from0.8,2,ompl_uniform,20361198,True,True,,1,0.1980597210349515,0.033266223,0.1980597210349515,0.1999312819680199
10,central_c0.7_from0.8,3,ompl_uniform,20361299,True,True,,1,0.12587614706717432,0.01109427,0.12587614706717432,0.12778659095056355
10,central_c0.7_from0.8,3,joint_projected,20361299,True,True,,1,0.06733099103439599,0.018818884,0.06733099103439599,0.08829944906756282
10,central_c0.7_from0.8,3,cartesian_ik,20361299,True,True,,1,0.09944946295581758,0.025701337,0.09944946295581758,0.11979013402014971
10,central_c0.7_from0.8,4,cartesian_ik,20361400,True,True,,1,0.07920596201438457,0.015647589,0.07920596201438457,0.09958558506332338
10,central_c0.7_from0.8,4,joint_projected,20361400,True,True,,1,0.1133803860284388,0.027949241,0.1133803860284388,0.13361804001033306
10,central_c0.7_from0.8,4,ompl_uniform,20361400,True,True,,1,0.20236822904553264,0.034465639,0.20236822904553264,0.20418828504625708
10,central_c0.7_from0.8,5,joint_projected,20361501,True,True,,1,0.12633987702429295,0.037201881,0.12633987702429295,0.14688693906646222
10,central_c0.7_from0.8,5,cartesian_ik,20361501,True,True,,1,0.12556834402494133,0.02861917,0.12556834402494133,0.14589496911503375
10,central_c0.7_from0.8,5,ompl_uniform,20361501,True,True,,1,0.11524740292225033,0.026608003,0.11524740292225033,0.1169549310579896
10,central_c0.7_from0.8,6,cartesian_ik,20361602,True,True,,1,0.12343335303012282,0.05710327,0.12343335303012282,0.14352094114292413
10,central_c0.7_from0.8,6,joint_projected,20361602,True,True,,1,0.10229848208837211,0.023512269,0.10229848208837211,0.12291416700463742
10,central_c0.7_from0.8,6,ompl_uniform,20361602,True,True,,1,0.1701172300381586,0.041040636,0.1701172300381586,0.17170202999841422
10,central_c0.7_from0.8,7,cartesian_ik,20361703,True,True,,1,0.22761499998159707,0.035743233,0.22761499998159707,0.24855965201277286
10,central_c0.7_from0.8,7,ompl_uniform,20361703,True,True,,1,0.14872248494066298,0.012093351,0.14872248494066298,0.15026792709250003
10,central_c0.7_from0.8,7,joint_projected,20361703,True,True,,1,0.14361273997928947,0.023517797,0.14361273997928947,0.1638214490376413
10,central_c0.7_from0.8,8,joint_projected,20361804,True,True,,1,0.11754770402330905,0.026142521,0.11754770402330905,0.13755930308252573
10,central_c0.7_from0.8,8,ompl_uniform,20361804,True,True,,1,0.18899026105646044,0.015109768,0.18899026105646044,0.19084713805932552
10,central_c0.7_from0.8,8,cartesian_ik,20361804,True,True,,1,0.09037509094923735,0.023897516,0.09037509094923735,0.11121032503433526
10,central_c0.7_from0.8,9,ompl_uniform,20361905,True,True,,1,0.17783533700276166,0.015573297,0.17783533700276166,0.17927145201247185
10,central_c0.7_from0.8,9,cartesian_ik,20361905,True,True,,1,0.09833279508166015,0.032186367,0.09833279508166015,0.11875391297508031
10,central_c0.7_from0.8,9,joint_projected,20361905,True,True,,1,0.17336873803287745,0.035846889,0.17336873803287745,0.19332819001283497
8,central_c0.5_from0.2,0,ompl_uniform,20340982,True,True,,1,0.09698517504148185,0.012719104,0.09698517504148185,0.09829383995383978
8,central_c0.5_from0.2,0,cartesian_ik,20340982,True,True,,1,0.13058598490897566,0.0210124,0.13058598490897566,0.15093231294304132
8,central_c0.5_from0.2,0,joint_projected,20340982,True,True,,1,0.14136271202005446,0.015017875,0.14136271202005446,0.1614947699708864
8,central_c0.5_from0.2,1,cartesian_ik,20341083,True,True,,1,0.18489485001191497,0.028789741,0.18489485001191497,0.20494461699854583
8,central_c0.5_from0.2,1,ompl_uniform,20341083,True,True,,1,0.12108665192499757,0.020074467,0.12108665192499757,0.12255409802310169
8,central_c0.5_from0.2,1,joint_projected,20341083,True,True,,1,0.1272025180514902,0.01935735,0.1272025180514902,0.1479739089263603
8,central_c0.5_from0.2,2,joint_projected,20341184,True,True,,1,0.11164762708358467,0.011839342,0.11164762708358467,0.1327699120156467
8,central_c0.5_from0.2,2,cartesian_ik,20341184,True,True,,1,0.15139988099690527,0.014251157,0.15139988099690527,0.17149000510107726
8,central_c0.5_from0.2,2,ompl_uniform,20341184,True,True,,1,0.17410591605585068,0.006511457,0.17410591605585068,0.1755421650595963
8,central_c0.5_from0.2,3,joint_projected,20341285,True,True,,1,0.15736306994222105,0.025270686,0.15736306994222105,0.1778166180010885
8,central_c0.5_from0.2,3,cartesian_ik,20341285,True,True,,1,0.12688120803795755,0.02462349,0.12688120803795755,0.1465936329914257
8,central_c0.5_from0.2,3,ompl_uniform,20341285,True,True,,1,0.12821506999898702,0.008468912,0.12821506999898702,0.13000287499744445
8,central_c0.5_from0.2,4,joint_projected,20341386,True,True,,1,0.12693771591875702,0.025685489,0.12693771591875702,0.14775799203198403
8,central_c0.5_from0.2,4,ompl_uniform,20341386,True,True,,1,0.17347070504911244,0.035504634,0.17347070504911244,0.17499866103753448
8,central_c0.5_from0.2,4,cartesian_ik,20341386,True,True,,1,0.15437766502145678,0.027176952,0.15437766502145678,0.17521691299043596
8,central_c0.5_from0.2,5,cartesian_ik,20341487,True,True,,1,0.10272839094977826,0.018907222,0.10272839094977826,0.12365765997674316
8,central_c0.5_from0.2,5,ompl_uniform,20341487,True,True,,1,0.2975482640322298,0.025299249,0.2975482640322298,0.2997579330112785
8,central_c0.5_from0.2,5,joint_projected,20341487,True,True,,1,0.11271747201681137,0.029686488,0.11271747201681137,0.13353112805634737
8,central_c0.5_from0.2,6,cartesian_ik,20341588,True,True,,1,0.10066772904247046,0.009578437,0.10066772904247046,0.12069581903051585
8,central_c0.5_from0.2,6,ompl_uniform,20341588,True,True,,1,0.1172340929042548,0.00748242,0.1172340929042548,0.11856651201378554
8,central_c0.5_from0.2,6,joint_projected,20341588,True,True,,1,0.18514200008939952,0.030549266,0.18514200008939952,0.20523655496072024
8,central_c0.5_from0.2,7,ompl_uniform,20341689,True,True,,1,0.15785963099915534,0.009456208,0.15785963099915534,0.1594951240113005
8,central_c0.5_from0.2,7,cartesian_ik,20341689,True,True,,1,0.1323608219390735,0.030716181,0.1323608219390735,0.15270898304879665
8,central_c0.5_from0.2,7,joint_projected,20341689,True,True,,1,0.1709097910206765,0.022469613,0.1709097910206765,0.19117941800504923
8,central_c0.5_from0.2,8,joint_projected,20341790,True,True,,1,0.17977452697232366,0.037904931,0.17977452697232366,0.19995121203828603
8,central_c0.5_from0.2,8,ompl_uniform,20341790,True,True,,1,0.12408922996837646,0.028187454,0.12408922996837646,0.12564286799170077
8,central_c0.5_from0.2,8,cartesian_ik,20341790,True,True,,1,0.09027518797665834,0.004273992,0.09027518797665834,0.11014006799086928
8,central_c0.5_from0.2,9,cartesian_ik,20341891,True,True,,1,0.27029081399086863,0.035457521,0.27029081399086863,0.29017131903674453
8,central_c0.5_from0.2,9,ompl_uniform,20341891,True,True,,1,0.1744443050120026,0.045147429,0.1744443050120026,0.17587611603084952
8,central_c0.5_from0.2,9,joint_projected,20341891,True,True,,1,0.10237147600855678,0.015148253,0.10237147600855678,0.12294097000267357
17,central_c0.7_from0.8,0,cartesian_ik,20431045,True,True,,1,0.0780806610127911,0.028718015,0.0780806610127911,0.09779149992391467
17,central_c0.7_from0.8,0,joint_projected,20431045,True,True,,1,0.13866598100867122,0.028587127,0.13866598100867122,0.1583144689211622
17,central_c0.7_from0.8,0,ompl_uniform,20431045,True,True,,1,0.11240003199782223,0.027656272,0.11240003199782223,0.11388712096959352
17,central_c0.7_from0.8,1,joint_projected,20431146,True,True,,1,0.1133369110757485,0.0297853,0.1133369110757485,0.1341079199919477
17,central_c0.7_from0.8,1,ompl_uniform,20431146,True,True,,1,0.2538547080475837,0.015480484,0.2538547080475837,0.25570998806506395
17,central_c0.7_from0.8,1,cartesian_ik,20431146,True,True,,1,0.16288039297796786,0.040850992,0.16288039297796786,0.18345942290034145
17,central_c0.7_from0.8,2,ompl_uniform,20431247,True,True,,1,0.19372073304839432,0.014898283,0.19372073304839432,0.1953224679455161
17,central_c0.7_from0.8,2,joint_projected,20431247,True,True,,1,0.1640225329902023,0.022674823,0.1640225329902023,0.18452893197536469
17,central_c0.7_from0.8,2,cartesian_ik,20431247,True,True,,1,0.23444602394010872,0.076986836,0.23444602394010872,0.2550070028519258
17,central_c0.7_from0.8,3,ompl_uniform,20431348,True,True,,1,0.13773587194737047,0.016366188,0.13773587194737047,0.13900882296729833
17,central_c0.7_from0.8,3,cartesian_ik,20431348,True,True,,1,0.1135163139551878,0.017600804,0.1135163139551878,0.13404405093751848
17,central_c0.7_from0.8,3,joint_projected,20431348,True,True,,1,0.157477792003192,0.047275983,0.157477792003192,0.1778161448892206
17,central_c0.7_from0.8,4,cartesian_ik,20431449,True,True,,1,0.12384858599398285,0.045328405,0.12384858599398285,0.14410334697458893
17,central_c0.7_from0.8,4,joint_projected,20431449,True,True,,1,0.15724534599576145,0.027739749,0.15724534599576145,0.17757743084803224
17,central_c0.7_from0.8,4,ompl_uniform,20431449,True,True,,1,0.0945992839988321,0.010107182,0.0945992839988321,0.09623481996823102
17,central_c0.7_from0.8,5,cartesian_ik,20431550,True,True,,1,0.18640560703352094,0.039898534,0.18640560703352094,0.20663502684328705
17,central_c0.7_from0.8,5,ompl_uniform,20431550,True,True,,1,0.13112810102757066,0.010736805,0.13112810102757066,0.13264128495939076
17,central_c0.7_from0.8,5,joint_projected,20431550,True,True,,1,0.1700237140757963,0.045284282,0.1700237140757963,0.19076988787855953
17,central_c0.7_from0.8,6,ompl_uniform,20431651,True,True,,1,0.12238719710148871,0.017454472,0.12238719710148871,0.12416417396161705
17,central_c0.7_from0.8,6,joint_projected,20431651,True,True,,1,0.1631598579697311,0.025624804,0.1631598579697311,0.18401876091957092
17,central_c0.7_from0.8,6,cartesian_ik,20431651,True,True,,1,0.10280659701675177,0.031449619,0.10280659701675177,0.12319112988188863
17,central_c0.7_from0.8,7,ompl_uniform,20431752,True,True,,1,0.13954032107722014,0.03124468,0.13954032107722014,0.14141196093987674
17,central_c0.7_from0.8,7,joint_projected,20431752,True,True,,1,0.15362862800247967,0.037651266,0.15362862800247967,0.17336783499922603
17,central_c0.7_from0.8,7,cartesian_ik,20431752,True,True,,1,0.18631645501591265,0.017648714,0.18631645501591265,0.2065495828865096
17,central_c0.7_from0.8,8,ompl_uniform,20431853,True,True,,1,0.24616981600411236,0.015777496,0.24616981600411236,0.24810073396656662
17,central_c0.7_from0.8,8,cartesian_ik,20431853,True,True,,1,0.20113981503527611,0.0534276,0.20113981503527611,0.2216544150141999
17,central_c0.7_from0.8,8,joint_projected,20431853,True,True,,1,0.1025522609706968,0.025034858,0.1025522609706968,0.12317150994203985
17,central_c0.7_from0.8,9,joint_projected,20431954,True,True,,1,0.1266287569887936,0.022195134,0.1266287569887936,0.1467033828375861
17,central_c0.7_from0.8,9,ompl_uniform,20431954,True,True,,1,0.22601128602400422,0.019075231,0.22601128602400422,0.22783113201148808
17,central_c0.7_from0.8,9,cartesian_ik,20431954,True,True,,1,0.2729146219789982,0.104966928,0.2729146219789982,0.2938292359467596
29,offset_c0.5_from0.2,0,cartesian_ik,20551129,True,True,,1,0.22482023597694933,0.063176722,0.22482023597694933,0.24543616094160825
29,offset_c0.5_from0.2,0,ompl_uniform,20551129,True,True,,1,0.2234542720252648,0.015908167,0.2234542720252648,0.22539318597409874
29,offset_c0.5_from0.2,0,joint_projected,20551129,True,True,,1,0.31141780805774033,0.112935047,0.31141780805774033,0.33296528505161405
29,offset_c0.5_from0.2,1,joint_projected,20551230,True,True,,1,0.20918826293200254,0.117635663,0.20918826293200254,0.23055866500362754
29,offset_c0.5_from0.2,1,cartesian_ik,20551230,True,True,,1,0.17580204992555082,0.03652028,0.17580204992555082,0.1971630770713091
29,offset_c0.5_from0.2,1,ompl_uniform,20551230,True,True,,1,0.33555044000968337,0.035024881,0.33555044000968337,0.33748618501704186
29,offset_c0.5_from0.2,2,cartesian_ik,20551331,True,True,,1,0.1949311220087111,0.077693457,0.1949311220087111,0.21574384800624102
29,offset_c0.5_from0.2,2,joint_projected,20551331,True,True,,1,0.2609536770032719,0.126405872,0.2609536770032719,0.2821189350215718
29,offset_c0.5_from0.2,2,ompl_uniform,20551331,True,True,,1,0.2324092120397836,0.025038431,0.2324092120397836,0.23453046195209026
29,offset_c0.5_from0.2,3,ompl_uniform,20551432,True,True,,1,0.34274499700404704,0.047095099,0.34274499700404704,0.3448043289827183
29,offset_c0.5_from0.2,3,joint_projected,20551432,True,True,,1,0.25861625792458653,0.123750374,0.25861625792458653,0.27959236095193774
29,offset_c0.5_from0.2,3,cartesian_ik,20551432,True,True,,1,0.18267177394591272,0.038467374,0.18267177394591272,0.20392135402653366
29,offset_c0.5_from0.2,4,cartesian_ik,20551533,True,True,,1,0.17074794496875256,0.051490248,0.17074794496875256,0.19126477697864175
29,offset_c0.5_from0.2,4,joint_projected,20551533,True,True,,1,0.38374804600607604,0.118546277,0.38374804600607604,0.40435206901747733
29,offset_c0.5_from0.2,4,ompl_uniform,20551533,True,True,,1,0.150788018014282,0.03089197,0.150788018014282,0.15201359195634723
29,offset_c0.5_from0.2,5,ompl_uniform,20551634,True,True,,1,0.13195739197544754,0.028551133,0.13195739197544754,0.13336739805527031
29,offset_c0.5_from0.2,5,cartesian_ik,20551634,True,True,,1,0.22738762001972646,0.091107935,0.22738762001972646,0.2483352500712499
29,offset_c0.5_from0.2,5,joint_projected,20551634,True,True,,1,0.2641953920247033,0.177232106,0.2641953920247033,0.2851428330177441
29,offset_c0.5_from0.2,6,ompl_uniform,20551735,True,True,,1,0.36221679602749646,0.047068679,0.36221679602749646,0.36357020400464535
29,offset_c0.5_from0.2,6,joint_projected,20551735,True,True,,1,0.16937395301647484,0.100999079,0.16937395301647484,0.1902014500228688
29,offset_c0.5_from0.2,6,cartesian_ik,20551735,True,True,,1,0.13182873907499015,0.012809187,0.13182873907499015,0.15246065892279148
29,offset_c0.5_from0.2,7,ompl_uniform,20551836,True,True,,1,0.17936091998126358,0.035708416,0.17936091998126358,0.18037880200427026
29,offset_c0.5_from0.2,7,cartesian_ik,20551836,True,True,,1,0.23369899101089686,0.083411434,0.23369899101089686,0.2554029090097174
29,offset_c0.5_from0.2,7,joint_projected,20551836,True,True,,1,0.3717685539741069,0.145991719,0.3717685539741069,0.39337769290432334
29,offset_c0.5_from0.2,8,joint_projected,20551937,True,True,,1,0.23127898899838328,0.123987268,0.23127898899838328,0.25191088195424527
29,offset_c0.5_from0.2,8,ompl_uniform,20551937,True,True,,1,0.24530361604411155,0.028223054,0.24530361604411155,0.24645890691317618
29,offset_c0.5_from0.2,8,cartesian_ik,20551937,True,True,,1,0.2720725629478693,0.051822023,0.2720725629478693,0.2927929910365492
29,offset_c0.5_from0.2,9,joint_projected,20552038,True,True,,1,0.2536366239655763,0.131906415,0.2536366239655763,0.27504126902204007
29,offset_c0.5_from0.2,9,ompl_uniform,20552038,True,True,,1,0.26413070305716246,0.025907347,0.26413070305716246,0.2658912529004738
29,offset_c0.5_from0.2,9,cartesian_ik,20552038,True,True,,1,0.37253251508809626,0.119127036,0.37253251508809626,0.393698915024288
52,distant_c0.7_from0.8,0,ompl_uniform,20781290,True,True,,1,0.16840058797970414,0.021667715,0.16840058797970414,0.1696379049681127
52,distant_c0.7_from0.8,0,cartesian_ik,20781290,True,True,,1,0.16512503696139902,0.02719581,0.16512503696139902,0.1864199209958315
52,distant_c0.7_from0.8,0,joint_projected,20781290,True,True,,1,0.13042570604011416,0.023568236,0.13042570604011416,0.15146764391101897
52,distant_c0.7_from0.8,1,joint_projected,20781391,True,True,,1,0.06819901603739709,0.022464494,0.06819901603739709,0.08927451388444752
52,distant_c0.7_from0.8,1,cartesian_ik,20781391,True,True,,1,0.19485598802566528,0.032643119,0.19485598802566528,0.2158854859881103
52,distant_c0.7_from0.8,1,ompl_uniform,20781391,True,True,,1,0.1310049359453842,0.011129295,0.1310049359453842,0.13273181091062725
52,distant_c0.7_from0.8,2,joint_projected,20781492,True,True,,1,0.15431530494242907,0.01467422,0.15431530494242907,0.17553887492977083
52,distant_c0.7_from0.8,2,ompl_uniform,20781492,True,True,,1,0.13939413893967867,0.012560732,0.13939413893967867,0.14109913096763194
52,distant_c0.7_from0.8,2,cartesian_ik,20781492,True,True,,1,0.10130039998330176,0.022986303,0.10130039998330176,0.1223036169540137
52,distant_c0.7_from0.8,3,joint_projected,20781593,True,True,,1,0.12802618101704866,0.019896023,0.12802618101704866,0.14886011590715498
52,distant_c0.7_from0.8,3,cartesian_ik,20781593,True,True,,1,0.18139604991301894,0.016404464,0.18139604991301894,0.20197450497653335
52,distant_c0.7_from0.8,3,ompl_uniform,20781593,True,True,,1,0.2524586390936747,0.016037467,0.2524586390936747,0.25432848709169775
52,distant_c0.7_from0.8,4,cartesian_ik,20781694,True,True,,1,0.09205410000868142,0.017492558,0.09205410000868142,0.11381457094103098
52,distant_c0.7_from0.8,4,ompl_uniform,20781694,True,True,,1,0.05922415596432984,0.004888654,0.05922415596432984,0.06070858798921108
52,distant_c0.7_from0.8,4,joint_projected,20781694,True,True,,1,0.17881601897533983,0.017902373,0.17881601897533983,0.19976316194515675
52,distant_c0.7_from0.8,5,joint_projected,20781795,True,True,,1,0.09208760200999677,0.011997053,0.09208760200999677,0.11238586495164782
52,distant_c0.7_from0.8,5,ompl_uniform,20781795,True,True,,1,0.1399089499609545,0.021843953,0.1399089499609545,0.14118475699797273
52,distant_c0.7_from0.8,5,cartesian_ik,20781795,True,True,,1,0.141753641073592,0.038083211,0.141753641073592,0.16293003398459405
52,distant_c0.7_from0.8,6,joint_projected,20781896,True,True,,1,0.07895141304470599,0.026188764,0.07895141304470599,0.09973941498901695
52,distant_c0.7_from0.8,6,ompl_uniform,20781896,True,True,,1,0.16432571702171117,0.012312346,0.16432571702171117,0.16582220408599824
52,distant_c0.7_from0.8,6,cartesian_ik,20781896,True,True,,1,0.1194019999820739,0.011459128,0.1194019999820739,0.14090891589876264
52,distant_c0.7_from0.8,7,joint_projected,20781997,True,True,,1,0.09208074095658958,0.037608892,0.09208074095658958,0.11259319505188614
52,distant_c0.7_from0.8,7,ompl_uniform,20781997,True,True,,1,0.1882884290535003,0.026261375,0.1882884290535003,0.19006294501014054
52,distant_c0.7_from0.8,7,cartesian_ik,20781997,True,True,,1,0.07851065299473703,0.014627706,0.07851065299473703,0.09976653498597443
52,distant_c0.7_from0.8,8,cartesian_ik,20782098,True,True,,1,0.12140197306871414,0.028987822,0.12140197306871414,0.1420964050339535
52,distant_c0.7_from0.8,8,joint_projected,20782098,True,True,,1,0.12808897497598082,0.027785004,0.12808897497598082,0.14909679896663874
52,distant_c0.7_from0.8,8,ompl_uniform,20782098,True,True,,1,0.22210277407430112,0.017701855,0.22210277407430112,0.22383458900731057
52,distant_c0.7_from0.8,9,joint_projected,20782199,True,True,,1,0.16087074298411608,0.02776168,0.16087074298411608,0.18135662493295968
52,distant_c0.7_from0.8,9,ompl_uniform,20782199,True,True,,1,0.09901450702454895,0.005869768,0.09901450702454895,0.10068544989917427
52,distant_c0.7_from0.8,9,cartesian_ik,20782199,True,True,,1,0.1490960599621758,0.011312523,0.1490960599621758,0.16955543193034828
20,offset_c0.5_from0.2,0,ompl_uniform,20461066,True,True,,1,0.1184881340013817,0.009830755,0.1184881340013817,0.1200262630591169
20,offset_c0.5_from0.2,0,cartesian_ik,20461066,True,True,,1,0.0780520000262186,0.021248306,0.0780520000262186,0.0981294650118798
20,offset_c0.5_from0.2,0,joint_projected,20461066,True,True,,1,0.1373002550099045,0.017846113,0.1373002550099045,0.1575261700199917
20,offset_c0.5_from0.2,1,joint_projected,20461167,True,True,,1,0.15640040999278426,0.034346529,0.15640040999278426,0.17676614504307508
20,offset_c0.5_from0.2,1,cartesian_ik,20461167,True,True,,1,0.08451112092006952,0.022677841,0.08451112092006952,0.1043313069967553
20,offset_c0.5_from0.2,1,ompl_uniform,20461167,True,True,,1,0.14384471194352955,0.011515199,0.14384471194352955,0.14555354998447
20,offset_c0.5_from0.2,2,ompl_uniform,20461268,True,True,,1,0.08080652891658247,0.005318542,0.08080652891658247,0.08229962107725441
20,offset_c0.5_from0.2,2,joint_projected,20461268,True,True,,1,0.04176785296294838,0.014384544,0.04176785296294838,0.06197964400053024
20,offset_c0.5_from0.2,2,cartesian_ik,20461268,True,True,,1,0.09806973696686327,0.043871873,0.09806973696686327,0.11803639808204025
20,offset_c0.5_from0.2,3,cartesian_ik,20461369,True,True,,1,0.17548578698188066,0.027714409,0.17548578698188066,0.19599851907696575
20,offset_c0.5_from0.2,3,joint_projected,20461369,True,True,,1,0.030766944051720202,0.018695802,0.030766944051720202,0.05111983709502965
20,offset_c0.5_from0.2,3,ompl_uniform,20461369,True,True,,1,0.13633059500716627,0.009689795,0.13633059500716627,0.13771039992570877
20,offset_c0.5_from0.2,4,cartesian_ik,20461470,True,True,,1,0.20926940604113042,0.018756788,0.20926940604113042,0.22928173805121332
20,offset_c0.5_from0.2,4,ompl_uniform,20461470,True,True,,1,0.1294379630126059,0.009863854,0.1294379630126059,0.13079788896720856
20,offset_c0.5_from0.2,4,joint_projected,20461470,True,True,,1,0.13566678203642368,0.033901064,0.13566678203642368,0.1556010510539636
20,offset_c0.5_from0.2,5,ompl_uniform,20461571,True,True,,1,0.1533924739342183,0.027400303,0.1533924739342183,0.15471643395721912
20,offset_c0.5_from0.2,5,joint_projected,20461571,True,True,,1,0.10900196502916515,0.024305142,0.10900196502916515,0.12946838198695332
20,offset_c0.5_from0.2,5,cartesian_ik,20461571,True,True,,1,0.05336535593960434,0.004695798,0.05336535593960434,0.07403604208957404
20,offset_c0.5_from0.2,6,cartesian_ik,20461672,True,True,,1,0.07844454504083842,0.031853575,0.07844454504083842,0.09821266599465162
20,offset_c0.5_from0.2,6,joint_projected,20461672,True,True,,1,0.0980512750102207,0.025303214,0.0980512750102207,0.11839296109974384
20,offset_c0.5_from0.2,6,ompl_uniform,20461672,True,True,,1,0.1135860700160265,0.009193248,0.1135860700160265,0.11517952103167772
20,offset_c0.5_from0.2,7,joint_projected,20461773,True,True,,1,0.14103800093289465,0.015829392,0.14103800093289465,0.16162694594822824
20,offset_c0.5_from0.2,7,cartesian_ik,20461773,True,True,,1,0.09102700906805694,0.043878545,0.09102700906805694,0.11139794799964875
20,offset_c0.5_from0.2,7,ompl_uniform,20461773,True,True,,1,0.21794693102128804,0.038963904,0.21794693102128804,0.21956579701509327
20,offset_c0.5_from0.2,8,cartesian_ik,20461874,True,True,,1,0.03760224592406303,0.016922361,0.03760224592406303,0.05854075192473829
20,offset_c0.5_from0.2,8,ompl_uniform,20461874,True,True,,1,0.146644416032359,0.015234524,0.146644416032359,0.1480504940263927
20,offset_c0.5_from0.2,8,joint_projected,20461874,True,True,,1,0.14776907803025097,0.029614518,0.14776907803025097,0.16860863601323217
20,offset_c0.5_from0.2,9,ompl_uniform,20461975,True,True,,1,0.09643646096810699,0.003469177,0.09643646096810699,0.09791396802756935
20,offset_c0.5_from0.2,9,joint_projected,20461975,True,True,,1,0.13604115403722972,0.018446788,0.13604115403722972,0.15731830906588584
20,offset_c0.5_from0.2,9,cartesian_ik,20461975,True,True,,1,0.07748831599019468,0.02879197,0.07748831599019468,0.09752139798365533
1,central_c0.5_from0.2,0,cartesian_ik,20270933,True,True,,1,0.2022716960636899,0.026332065,0.2022716960636899,0.22379212104715407
1,central_c0.5_from0.2,0,joint_projected,20270933,True,True,,1,0.200728323077783,0.046611028,0.200728323077783,0.2222399989841506
1,central_c0.5_from0.2,0,ompl_uniform,20270933,True,True,,1,0.1872032320825383,0.015652721,0.1872032320825383,0.18866249301936477
1,central_c0.5_from0.2,1,joint_projected,20271034,True,True,,1,0.16757381206844002,0.019390888,0.16757381206844002,0.19025147799402475
1,central_c0.5_from0.2,1,cartesian_ik,20271034,True,True,,1,0.11617307097185403,0.031912669,0.11617307097185403,0.1383779669413343
1,central_c0.5_from0.2,1,ompl_uniform,20271034,True,True,,1,0.1363187339156866,0.016423812,0.1363187339156866,0.13824274204671383
1,central_c0.5_from0.2,2,ompl_uniform,20271135,True,True,,1,0.0891470080241561,0.005423832,0.0891470080241561,0.09063701995182782
1,central_c0.5_from0.2,2,joint_projected,20271135,True,True,,1,0.0689272879390046,0.015283864,0.0689272879390046,0.09061305306386203
1,central_c0.5_from0.2,2,cartesian_ik,20271135,True,True,,1,0.1608457750407979,0.024328004,0.1608457750407979,0.1827488070121035
1,central_c0.5_from0.2,3,ompl_uniform,20271236,True,True,,1,0.11218882701359689,0.008425925,0.11218882701359689,0.11329455499071628
1,central_c0.5_from0.2,3,cartesian_ik,20271236,True,True,,1,0.17584085697308183,0.048031914,0.17584085697308183,0.19769660697784275
1,central_c0.5_from0.2,3,joint_projected,20271236,True,True,,1,0.0973816909827292,0.042728934,0.0973816909827292,0.11937177996151149
1,central_c0.5_from0.2,4,ompl_uniform,20271337,True,True,,1,0.16177677607629448,0.009418207,0.16177677607629448,0.16344137396663427
1,central_c0.5_from0.2,4,joint_projected,20271337,True,True,,1,0.09524060494732112,0.020344936,0.09524060494732112,0.11673878796864301
1,central_c0.5_from0.2,4,cartesian_ik,20271337,True,True,,1,0.1345748850144446,0.010836837,0.1345748850144446,0.15629632293712348
1,central_c0.5_from0.2,5,ompl_uniform,20271438,True,True,,1,0.11167292797472328,0.011468104,0.11167292797472328,0.11366788495797664
1,central_c0.5_from0.2,5,joint_projected,20271438,True,True,,1,0.14804778201505542,0.023031246,0.14804778201505542,0.1695782890310511
1,central_c0.5_from0.2,5,cartesian_ik,20271438,True,True,,1,0.12129247502889484,0.016268545,0.12129247502889484,0.14273659500759095
1,central_c0.5_from0.2,6,cartesian_ik,20271539,True,True,,1,0.1658091590506956,0.030166041,0.1658091590506956,0.18699713796377182
1,central_c0.5_from0.2,6,ompl_uniform,20271539,True,True,,1,0.15538939298130572,0.028546753,0.15538939298130572,0.15715043293312192
1,central_c0.5_from0.2,6,joint_projected,20271539,True,True,,1,0.18207544006872922,0.043541812,0.18207544006872922,0.2038486689561978
1,central_c0.5_from0.2,7,ompl_uniform,20271640,True,True,,1,0.161256467923522,0.009177376,0.161256467923522,0.1624419370200485
1,central_c0.5_from0.2,7,cartesian_ik,20271640,True,True,,1,0.15878992096986622,0.025223118,0.15878992096986622,0.1808452190598473
1,central_c0.5_from0.2,7,joint_projected,20271640,True,True,,1,0.1768054210115224,0.027897521,0.1768054210115224,0.19878726091701537
1,central_c0.5_from0.2,8,joint_projected,20271741,True,True,,1,0.16306684410665184,0.029174176,0.16306684410665184,0.1850067439954728
1,central_c0.5_from0.2,8,cartesian_ik,20271741,True,True,,1,0.20036962302401662,0.019988646,0.20036962302401662,0.22188858408480883
1,central_c0.5_from0.2,8,ompl_uniform,20271741,True,True,,1,0.20597388700116426,0.010600008,0.20597388700116426,0.206992227002047
1,central_c0.5_from0.2,9,cartesian_ik,20271842,True,True,,1,0.11357313103508204,0.023288939,0.11357313103508204,0.13464389310684055
1,central_c0.5_from0.2,9,ompl_uniform,20271842,True,True,,1,0.10515644797123969,0.009697163,0.10515644797123969,0.10632917901966721
1,central_c0.5_from0.2,9,joint_projected,20271842,True,True,,1,0.18901438103057444,0.02886412,0.18901438103057444,0.2108542420901358
32,offset_c0.7_from0.8,0,ompl_uniform,20581150,True,True,,1,0.17919595097191632,0.019509721,0.17919595097191632,0.1804862159769982
32,offset_c0.7_from0.8,0,joint_projected,20581150,True,True,,1,0.08881723205558956,0.020930232,0.08881723205558956,0.11046042386442423
32,offset_c0.7_from0.8,0,cartesian_ik,20581150,True,True,,1,0.1582891111029312,0.020269946,0.1582891111029312,0.1794577050022781
32,offset_c0.7_from0.8,1,cartesian_ik,20581251,True,True,,1,0.12634065398015082,0.033198588,0.12634065398015082,0.1471696930238977
32,offset_c0.7_from0.8,1,ompl_uniform,20581251,True,True,,1,0.2064549649367109,0.019277301,0.2064549649367109,0.2081284230807796
32,offset_c0.7_from0.8,1,joint_projected,20581251,True,True,,1,0.15634159999899566,0.028550652,0.15634159999899566,0.17731365095824003
32,offset_c0.7_from0.8,2,cartesian_ik,20581352,True,True,,1,0.1734269990120083,0.025672499,0.1734269990120083,0.19384794298093766
32,offset_c0.7_from0.8,2,ompl_uniform,20581352,True,True,,1,0.15233456110581756,0.009833759,0.15233456110581756,0.1537767379777506
32,offset_c0.7_from0.8,2,joint_projected,20581352,True,True,,1,0.12516209692694247,0.023241311,0.12516209692694247,0.1457517899107188
32,offset_c0.7_from0.8,3,ompl_uniform,20581453,True,True,,1,0.21287159889470786,0.018591804,0.21287159889470786,0.21461378899402916
32,offset_c0.7_from0.8,3,joint_projected,20581453,True,True,,1,0.1506383679807186,0.017540804,0.1506383679807186,0.17128612287342548
32,offset_c0.7_from0.8,3,cartesian_ik,20581453,True,True,,1,0.15415763307828456,0.029250703,0.15415763307828456,0.17462977685499936
32,offset_c0.7_from0.8,4,joint_projected,20581554,True,True,,1,0.03384494094643742,0.024182931,0.03384494094643742,0.05472945491783321
32,offset_c0.7_from0.8,4,ompl_uniform,20581554,True,True,,1,0.1062979029957205,0.012712637,0.1062979029957205,0.10773007501848042
32,offset_c0.7_from0.8,4,cartesian_ik,20581554,True,True,,1,0.205834559048526,0.033817334,0.205834559048526,0.22818509594071656
32,offset_c0.7_from0.8,5,ompl_uniform,20581655,True,True,,1,0.2721985320094973,0.038344959,0.2721985320094973,0.2742985680233687
32,offset_c0.7_from0.8,5,joint_projected,20581655,True,True,,1,0.1393083850853145,0.027204993,0.1393083850853145,0.16003497899509966
32,offset_c0.7_from0.8,5,cartesian_ik,20581655,True,True,,1,0.23580450401641428,0.059717072,0.23580450401641428,0.25651020591612905
32,offset_c0.7_from0.8,6,ompl_uniform,20581756,True,True,,1,0.15027122397441417,0.030693406,0.15027122397441417,0.1518986209994182
32,offset_c0.7_from0.8,6,cartesian_ik,20581756,True,True,,1,0.08952904993202537,0.009541728,0.08952904993202537,0.11113440187182277
32,offset_c0.7_from0.8,6,joint_projected,20581756,True,True,,1,0.10511929099448025,0.016170179,0.10511929099448025,0.12579648499377072
32,offset_c0.7_from0.8,7,joint_projected,20581857,True,True,,1,0.1485743810189888,0.018205978,0.1485743810189888,0.1696365789975971
32,offset_c0.7_from0.8,7,cartesian_ik,20581857,True,True,,1,0.14227981597650796,0.020217675,0.14227981597650796,0.16309426492080092
32,offset_c0.7_from0.8,7,ompl_uniform,20581857,True,True,,1,0.0943515399703756,0.016181388,0.0943515399703756,0.09600082191172987
32,offset_c0.7_from0.8,8,joint_projected,20581958,True,True,,1,0.08907400502357632,0.029534647,0.08907400502357632,0.11011472693644464
32,offset_c0.7_from0.8,8,cartesian_ik,20581958,True,True,,1,0.15092103590723127,0.029827982,0.15092103590723127,0.1719105050433427
32,offset_c0.7_from0.8,8,ompl_uniform,20581958,True,True,,1,0.1314666890539229,0.016046962,0.1314666890539229,0.13284869398921728
32,offset_c0.7_from0.8,9,cartesian_ik,20582059,True,True,,1,0.12138636701274663,0.045087498,0.12138636701274663,0.14229624485597014
32,offset_c0.7_from0.8,9,joint_projected,20582059,True,True,,1,0.1138184400042519,0.021014879,0.1138184400042519,0.1340900588547811
32,offset_c0.7_from0.8,9,ompl_uniform,20582059,True,True,,1,0.09343073598574847,0.009439535,0.09343073598574847,0.0951174539513886
55,distant_c0.7_from0.8,0,joint_projected,20811311,False,False,start_invalid_in_corridor,,0.0,0.0,6.0,0.019880534033291042
55,distant_c0.7_from0.8,0,ompl_uniform,20811311,True,True,,1,0.14347554801497608,0.013446227,0.14347554801497608,0.14448240702040493
55,distant_c0.7_from0.8,0,cartesian_ik,20811311,False,False,start_invalid_in_corridor,,0.0,0.0,6.0,0.02003479900304228
55,distant_c0.7_from0.8,1,cartesian_ik,20811412,False,False,start_invalid_in_corridor,,0.0,0.0,6.0,0.0195046131266281
55,distant_c0.7_from0.8,1,joint_projected,20811412,False,False,start_invalid_in_corridor,,0.0,0.0,6.0,0.01938224711921066
55,distant_c0.7_from0.8,1,ompl_uniform,20811412,True,True,,1,0.14582423097454011,0.019405346,0.14582423097454011,0.1469295029528439
55,distant_c0.7_from0.8,2,cartesian_ik,20811513,False,False,start_invalid_in_corridor,,0.0,0.0,6.0,0.02063547109719366
55,distant_c0.7_from0.8,2,ompl_uniform,20811513,True,True,,1,0.16083984496071935,0.01430201,0.16083984496071935,0.16187377099413425
55,distant_c0.7_from0.8,2,joint_projected,20811513,False,False,start_invalid_in_corridor,,0.0,0.0,6.0,0.02033637510612607
55,distant_c0.7_from0.8,3,joint_projected,20811614,False,False,start_invalid_in_corridor,,0.0,0.0,6.0,0.01978196413256228
55,distant_c0.7_from0.8,3,cartesian_ik,20811614,False,False,start_invalid_in_corridor,,0.0,0.0,6.0,0.019608437083661556
55,distant_c0.7_from0.8,3,ompl_uniform,20811614,True,True,,1,0.1433446540031582,0.008919395,0.1433446540031582,0.14446607197169214
55,distant_c0.7_from0.8,4,ompl_uniform,20811715,True,True,,1,0.10500579793006182,0.024243994,0.10500579793006182,0.10661412798799574
55,distant_c0.7_from0.8,4,cartesian_ik,20811715,False,False,start_invalid_in_corridor,,0.0,0.0,6.0,0.020538746030069888
55,distant_c0.7_from0.8,4,joint_projected,20811715,False,False,start_invalid_in_corridor,,0.0,0.0,6.0,0.020113309030421078
55,distant_c0.7_from0.8,5,cartesian_ik,20811816,False,False,start_invalid_in_corridor,,0.0,0.0,6.0,0.019648363115265965
55,distant_c0.7_from0.8,5,ompl_uniform,20811816,True,True,,1,0.11223132000304759,0.014137606,0.11223132000304759,0.11345772491768003
55,distant_c0.7_from0.8,5,joint_projected,20811816,False,False,start_invalid_in_corridor,,0.0,0.0,6.0,0.020586367114447057
55,distant_c0.7_from0.8,6,joint_projected,20811917,False,False,start_invalid_in_corridor,,0.0,0.0,6.0,0.019914926029741764
55,distant_c0.7_from0.8,6,cartesian_ik,20811917,False,False,start_invalid_in_corridor,,0.0,0.0,6.0,0.019719268078915775
55,distant_c0.7_from0.8,6,ompl_uniform,20811917,True,True,,1,0.17537326901219785,0.012631991,0.17537326901219785,0.17665057501289994
55,distant_c0.7_from0.8,7,ompl_uniform,20812018,True,True,,1,0.12292644695844501,0.011018139,0.12292644695844501,0.12463470490183681
55,distant_c0.7_from0.8,7,joint_projected,20812018,False,False,start_invalid_in_corridor,,0.0,0.0,6.0,0.020323055097833276
55,distant_c0.7_from0.8,7,cartesian_ik,20812018,False,False,start_invalid_in_corridor,,0.0,0.0,6.0,0.019677676144056022
55,distant_c0.7_from0.8,8,cartesian_ik,20812119,False,False,start_invalid_in_corridor,,0.0,0.0,6.0,0.01942218199837953
55,distant_c0.7_from0.8,8,joint_projected,20812119,False,False,start_invalid_in_corridor,,0.0,0.0,6.0,0.019271664088591933
55,distant_c0.7_from0.8,8,ompl_uniform,20812119,True,True,,1,0.09917398600373417,0.008897723,0.09917398600373417,0.1001915680244565
55,distant_c0.7_from0.8,9,ompl_uniform,20812220,True,True,,1,0.06986132892780006,0.004009891,0.06986132892780006,0.07160572498105466
55,distant_c0.7_from0.8,9,cartesian_ik,20812220,False,False,start_invalid_in_corridor,,0.0,0.0,6.0,0.02065877104178071
55,distant_c0.7_from0.8,9,joint_projected,20812220,False,False,start_invalid_in_corridor,,0.0,0.0,6.0,0.020006117061711848
4,central_c0.5_from0.2,0,joint_projected,20300954,False,False,start_invalid_in_corridor,,0.0,0.0,6.0,0.019697694922797382
4,central_c0.5_from0.2,0,ompl_uniform,20300954,True,True,,1,0.08807204896584153,0.011414347,0.08807204896584153,0.0890645959880203
4,central_c0.5_from0.2,0,cartesian_ik,20300954,False,False,start_invalid_in_corridor,,0.0,0.0,6.0,0.02003155800048262
4,central_c0.5_from0.2,1,joint_projected,20301055,False,False,start_invalid_in_corridor,,0.0,0.0,6.0,0.019672700902447104
4,central_c0.5_from0.2,1,ompl_uniform,20301055,True,True,,1,0.11972051893826574,0.008638905,0.11972051893826574,0.12093773996457458
4,central_c0.5_from0.2,1,cartesian_ik,20301055,False,False,start_invalid_in_corridor,,0.0,0.0,6.0,0.020768921938724816
4,central_c0.5_from0.2,2,ompl_uniform,20301156,True,True,,1,0.11089506396092474,0.024545965,0.11089506396092474,0.11237417696975172
4,central_c0.5_from0.2,2,joint_projected,20301156,False,False,start_invalid_in_corridor,,0.0,0.0,6.0,0.020732128992676735
4,central_c0.5_from0.2,2,cartesian_ik,20301156,False,False,start_invalid_in_corridor,,0.0,0.0,6.0,0.01998391398228705
4,central_c0.5_from0.2,3,ompl_uniform,20301257,True,True,,1,0.14924555306788534,0.006775287,0.14924555306788534,0.15053654194343835
4,central_c0.5_from0.2,3,cartesian_ik,20301257,False,False,start_invalid_in_corridor,,0.0,0.0,6.0,0.02035863499622792
4,central_c0.5_from0.2,3,joint_projected,20301257,False,False,start_invalid_in_corridor,,0.0,0.0,6.0,0.019728341954760253
4,central_c0.5_from0.2,4,joint_projected,20301358,False,False,start_invalid_in_corridor,,0.0,0.0,6.0,0.019507979042828083
4,central_c0.5_from0.2,4,ompl_uniform,20301358,True,True,,1,0.10127591202035546,0.009362096,0.10127591202035546,0.10261443594936281
4,central_c0.5_from0.2,4,cartesian_ik,20301358,False,False,start_invalid_in_corridor,,0.0,0.0,6.0,0.020225962973199785
4,central_c0.5_from0.2,5,ompl_uniform,20301459,True,True,,1,0.15350878797471523,0.030831447,0.15350878797471523,0.15467860095668584
4,central_c0.5_from0.2,5,cartesian_ik,20301459,False,False,start_invalid_in_corridor,,0.0,0.0,6.0,0.020616492023691535
4,central_c0.5_from0.2,5,joint_projected,20301459,False,False,start_invalid_in_corridor,,0.0,0.0,6.0,0.02003913896623999
4,central_c0.5_from0.2,6,joint_projected,20301560,False,False,start_invalid_in_corridor,,0.0,0.0,6.0,0.01963536604307592
4,central_c0.5_from0.2,6,ompl_uniform,20301560,True,True,,1,0.08246889803558588,0.010114798,0.08246889803558588,0.08351833606138825
4,central_c0.5_from0.2,6,cartesian_ik,20301560,False,False,start_invalid_in_corridor,,0.0,0.0,6.0,0.020664167939685285
4,central_c0.5_from0.2,7,joint_projected,20301661,False,False,start_invalid_in_corridor,,0.0,0.0,6.0,0.01982550392858684
4,central_c0.5_from0.2,7,cartesian_ik,20301661,False,False,start_invalid_in_corridor,,0.0,0.0,6.0,0.020017259987071157
4,central_c0.5_from0.2,7,ompl_uniform,20301661,True,True,,1,0.16080987907480448,0.009939575,0.16080987907480448,0.16210636892355978
4,central_c0.5_from0.2,8,ompl_uniform,20301762,True,True,,1,0.08816176606342196,0.014829661,0.08816176606342196,0.08995214698370546
4,central_c0.5_from0.2,8,joint_projected,20301762,False,False,start_invalid_in_corridor,,0.0,0.0,6.0,0.020888481056317687
4,central_c0.5_from0.2,8,cartesian_ik,20301762,False,False,start_invalid_in_corridor,,0.0,0.0,6.0,0.019994167028926313
4,central_c0.5_from0.2,9,joint_projected,20301863,False,False,start_invalid_in_corridor,,0.0,0.0,6.0,0.019704544916749
4,central_c0.5_from0.2,9,ompl_uniform,20301863,True,True,,1,0.11042733490467072,0.010082924,0.11042733490467072,0.11147926200646907
4,central_c0.5_from0.2,9,cartesian_ik,20301863,False,False,start_invalid_in_corridor,,0.0,0.0,6.0,0.0206708749756217
35,offset_c0.7_from0.8,0,cartesian_ik,20611171,True,True,,1,0.11737963708583266,0.009339146,0.11737963708583266,0.13766257592942566
35,offset_c0.7_from0.8,0,joint_projected,20611171,True,True,,1,0.05617618095129728,0.025395053,0.05617618095129728,0.07668517995625734
35,offset_c0.7_from0.8,0,ompl_uniform,20611171,True,True,,1,0.1162509530549869,0.012634883,0.1162509530549869,0.11781869793776423
35,offset_c0.7_from0.8,1,joint_projected,20611272,True,True,,1,0.07087552302982658,0.021557272,0.07087552302982658,0.09134487598203123
35,offset_c0.7_from0.8,1,cartesian_ik,20611272,True,True,,1,0.2779244550038129,0.012738423,0.2779244550038129,0.29864814097527415
35,offset_c0.7_from0.8,1,ompl_uniform,20611272,True,True,,1,0.12091178703121841,0.00888636,0.12091178703121841,0.12243674707133323
35,offset_c0.7_from0.8,2,ompl_uniform,20611373,True,True,,1,0.10630781494546682,0.010919068,0.10630781494546682,0.10790110798552632
35,offset_c0.7_from0.8,2,cartesian_ik,20611373,True,True,,1,0.11612433497793972,0.027499321,0.11612433497793972,0.1377387180691585
35,offset_c0.7_from0.8,2,joint_projected,20611373,True,True,,1,0.07137194892857224,0.029372657,0.07137194892857224,0.09151836996898055
35,offset_c0.7_from0.8,3,cartesian_ik,20611474,True,True,,1,0.08091547107324004,0.006577142,0.08091547107324004,0.10185871308203787
35,offset_c0.7_from0.8,3,ompl_uniform,20611474,True,True,,1,0.10043502599000931,0.0151408,0.10043502599000931,0.1016523870639503
35,offset_c0.7_from0.8,3,joint_projected,20611474,True,True,,1,0.14722579100634903,0.044896392,0.14722579100634903,0.16783798299729824
35,offset_c0.7_from0.8,4,joint_projected,20611575,True,True,,1,0.03740579995792359,0.012107317,0.03740579995792359,0.0579026909545064
35,offset_c0.7_from0.8,4,cartesian_ik,20611575,True,True,,1,0.07977700210176408,0.020670485,0.07977700210176408,0.10066316998563707
35,offset_c0.7_from0.8,4,ompl_uniform,20611575,True,True,,1,0.03901807905640453,0.004033255,0.03901807905640453,0.04081985505763441
35,offset_c0.7_from0.8,5,joint_projected,20611676,True,True,,1,0.08026601595338434,0.018214246,0.08026601595338434,0.10036676691379398
35,offset_c0.7_from0.8,5,cartesian_ik,20611676,True,True,,1,0.13681619800627232,0.027610939,0.13681619800627232,0.15765589498914778
35,offset_c0.7_from0.8,5,ompl_uniform,20611676,True,True,,1,0.16412643797229975,0.009067756,0.16412643797229975,0.16551316808909178
35,offset_c0.7_from0.8,6,ompl_uniform,20611777,True,True,,1,0.14828592201229185,0.011245128,0.14828592201229185,0.1501559690805152
35,offset_c0.7_from0.8,6,joint_projected,20611777,True,True,,1,0.13323948392644525,0.027992093,0.13323948392644525,0.15456728904973716
35,offset_c0.7_from0.8,6,cartesian_ik,20611777,True,True,,1,0.08006563503295183,0.025096152,0.08006563503295183,0.10094901698175818
35,offset_c0.7_from0.8,7,ompl_uniform,20611878,True,True,,1,0.092417779029347,0.005850104,0.092417779029347,0.09422304504550993
35,offset_c0.7_from0.8,7,cartesian_ik,20611878,True,True,,1,0.09971625998150557,0.02118688,0.09971625998150557,0.12128963391296566
35,offset_c0.7_from0.8,7,joint_projected,20611878,True,True,,1,0.03866658196784556,0.016119936,0.03866658196784556,0.05844963202252984
35,offset_c0.7_from0.8,8,joint_projected,20611979,True,True,,1,0.10719259304460138,0.026080777,0.10719259304460138,0.12670990801416337
35,offset_c0.7_from0.8,8,ompl_uniform,20611979,True,True,,1,0.16462313197553158,0.009044126,0.16462313197553158,0.1661155769834295
35,offset_c0.7_from0.8,8,cartesian_ik,20611979,True,True,,1,0.18562912591733038,0.015542166,0.18562912591733038,0.20635734591633081
35,offset_c0.7_from0.8,9,joint_projected,20612080,True,True,,1,0.13874554599169642,0.022911384,0.13874554599169642,0.15834764600731432
35,offset_c0.7_from0.8,9,ompl_uniform,20612080,True,True,,1,0.1508940759813413,0.008429103,0.1508940759813413,0.15200309397187084
35,offset_c0.7_from0.8,9,cartesian_ik,20612080,True,True,,1,0.1472164950100705,0.043177742,0.1472164950100705,0.16746517305728048
21,offset_c0.5_from0.2,0,cartesian_ik,20471073,True,True,,1,0.07708612899295986,0.041337127,0.07708612899295986,0.09721248305868357
21,offset_c0.5_from0.2,0,joint_projected,20471073,True,True,,1,0.05649061396252364,0.022354299,0.05649061396252364,0.07696886511985213
21,offset_c0.5_from0.2,0,ompl_uniform,20471073,True,True,,1,0.085536367027089,0.010845495,0.085536367027089,0.08692920103203505
21,offset_c0.5_from0.2,1,cartesian_ik,20471174,True,True,,1,0.15769903792534024,0.018711447,0.15769903792534024,0.1786989209940657
21,offset_c0.5_from0.2,1,joint_projected,20471174,True,True,,1,0.1844592309789732,0.027286281,0.1844592309789732,0.2057079210644588
21,offset_c0.5_from0.2,1,ompl_uniform,20471174,True,True,,1,0.2118535350309685,0.03069175,0.2118535350309685,0.21360332902986556
21,offset_c0.5_from0.2,2,cartesian_ik,20471275,True,True,,1,0.03126031893771142,0.013992207,0.03126031893771142,0.05211611313279718
21,offset_c0.5_from0.2,2,ompl_uniform,20471275,True,True,,1,0.19229346606880426,0.030302532,0.19229346606880426,0.19384256191551685
21,offset_c0.5_from0.2,2,joint_projected,20471275,True,True,,1,0.14709503389894962,0.028806591,0.14709503389894962,0.16818592511117458
21,offset_c0.5_from0.2,3,cartesian_ik,20471376,True,True,,1,0.12772269907873124,0.022552526,0.12772269907873124,0.14870425697881728
21,offset_c0.5_from0.2,3,joint_projected,20471376,True,True,,1,0.12318283400963992,0.01866363,0.12318283400963992,0.14389052405022085
21,offset_c0.5_from0.2,3,ompl_uniform,20471376,True,True,,1,0.11685584194492549,0.010190137,0.11685584194492549,0.11825411603786051
21,offset_c0.5_from0.2,4,cartesian_ik,20471477,True,True,,1,0.11201845295727253,0.007050828,0.11201845295727253,0.1330011150566861
21,offset_c0.5_from0.2,4,ompl_uniform,20471477,True,True,,1,0.13010158797260374,0.028125588,0.13010158797260374,0.1318249279865995
21,offset_c0.5_from0.2,4,joint_projected,20471477,True,True,,1,0.17658232699614018,0.019980312,0.17658232699614018,0.19798705202993006
21,offset_c0.5_from0.2,5,ompl_uniform,20471578,True,True,,1,0.17593995505012572,0.031887016,0.17593995505012572,0.17765766102820635
21,offset_c0.5_from0.2,5,cartesian_ik,20471578,True,True,,1,0.08556584105826914,0.04155629,0.08556584105826914,0.10672447201795876
21,offset_c0.5_from0.2,5,joint_projected,20471578,True,True,,1,0.13213519204873592,0.022036676,0.13213519204873592,0.15341040305793285
21,offset_c0.5_from0.2,6,cartesian_ik,20471679,True,True,,1,0.050691100070253015,0.045217645,0.050691100070253015,0.0713854250498116
21,offset_c0.5_from0.2,6,joint_projected,20471679,True,True,,1,0.1402490820037201,0.025365789,0.1402490820037201,0.16156709205824882
21,offset_c0.5_from0.2,6,ompl_uniform,20471679,True,True,,1,0.1657760039670393,0.032710401,0.1657760039670393,0.16780899197328836
21,offset_c0.5_from0.2,7,ompl_uniform,20471780,True,True,,1,0.3108943769475445,0.03706843,0.3108943769475445,0.31260554294567555
21,offset_c0.5_from0.2,7,cartesian_ik,20471780,True,True,,1,0.17184332699980587,0.016772973,0.17184332699980587,0.19292787497397512
21,offset_c0.5_from0.2,7,joint_projected,20471780,True,True,,1,0.148564467090182,0.018241623,0.148564467090182,0.1694870371138677
21,offset_c0.5_from0.2,8,cartesian_ik,20471881,True,True,,1,0.10123644897248596,0.027121805,0.10123644897248596,0.12325706507544965
21,offset_c0.5_from0.2,8,joint_projected,20471881,True,True,,1,0.1262199570192024,0.02646747,0.1262199570192024,0.1465823670150712
21,offset_c0.5_from0.2,8,ompl_uniform,20471881,True,True,,1,0.1128764059394598,0.008672049,0.1128764059394598,0.1141331261023879
21,offset_c0.5_from0.2,9,joint_projected,20471982,True,True,,1,0.15832559007685632,0.024350236,0.15832559007685632,0.17947279301006347
21,offset_c0.5_from0.2,9,cartesian_ik,20471982,True,True,,1,0.23688010696787387,0.054429974,0.23688010696787387,0.25817313708830625
21,offset_c0.5_from0.2,9,ompl_uniform,20471982,True,True,,1,0.18877245800103992,0.010827876,0.18877245800103992,0.19032298889942467
56,distant_c0.7_from0.8,0,joint_projected,20821318,True,True,,1,0.022866793093271554,0.009277953,0.022866793093271554,0.0433112399186939
56,distant_c0.7_from0.8,0,cartesian_ik,20821318,True,True,,1,0.019735889974981546,0.003693925,0.019735889974981546,0.04061941395048052
56,distant_c0.7_from0.8,0,ompl_uniform,20821318,True,True,,1,0.23685002699494362,0.023885491,0.23685002699494362,0.2385035949992016
56,distant_c0.7_from0.8,1,joint_projected,20821419,True,True,,1,0.1126255780691281,0.01489132,0.1126255780691281,0.13360122998710722
56,distant_c0.7_from0.8,1,cartesian_ik,20821419,True,True,,1,0.08448992797639221,0.016557625,0.08448992797639221,0.10524068400263786
56,distant_c0.7_from0.8,1,ompl_uniform,20821419,True,True,,1,0.1704076649621129,0.026009737,0.1704076649621129,0.17189139500260353
56,distant_c0.7_from0.8,2,ompl_uniform,20821520,True,True,,1,0.12515177205204964,0.024567183,0.12515177205204964,0.12654386297799647
56,distant_c0.7_from0.8,2,cartesian_ik,20821520,True,True,,1,0.08880035392940044,0.010494294,0.08880035392940044,0.10925920691806823
56,distant_c0.7_from0.8,2,joint_projected,20821520,True,True,,1,0.11007018003147095,0.016957961,0.11007018003147095,0.13017946504987776
56,distant_c0.7_from0.8,3,cartesian_ik,20821621,True,True,,1,0.22148763900622725,0.046756197,0.22148763900622725,0.24208046996500343
56,distant_c0.7_from0.8,3,ompl_uniform,20821621,True,True,,1,0.1397033620160073,0.017679876,0.1397033620160073,0.1410126080736518
56,distant_c0.7_from0.8,3,joint_projected,20821621,True,True,,1,0.19460187398362905,0.027171824,0.19460187398362905,0.21562135103158653
56,distant_c0.7_from0.8,4,cartesian_ik,20821722,True,True,,1,0.11737432901281863,0.012666689,0.11737432901281863,0.1375531068770215
56,distant_c0.7_from0.8,4,ompl_uniform,20821722,True,True,,1,0.1274093920364976,0.010312076,0.1274093920364976,0.129069150891155
56,distant_c0.7_from0.8,4,joint_projected,20821722,True,True,,1,0.1457141910213977,0.022709904,0.1457141910213977,0.16691862198058516
56,distant_c0.7_from0.8,5,joint_projected,20821823,True,True,,1,0.11131976498290896,0.034811058,0.11131976498290896,0.13240179885178804
56,distant_c0.7_from0.8,5,cartesian_ik,20821823,True,True,,1,0.15537984704133123,0.014647644,0.15537984704133123,0.17615098098758608
56,distant_c0.7_from0.8,5,ompl_uniform,20821823,True,True,,1,0.13382623495999724,0.011930871,0.13382623495999724,0.13531744107604027
56,distant_c0.7_from0.8,6,cartesian_ik,20821924,True,True,,1,0.11730430007446557,0.018605056,0.11730430007446557,0.13842090591788292
56,distant_c0.7_from0.8,6,ompl_uniform,20821924,True,True,,1,0.14121836493723094,0.012689077,0.14121836493723094,0.1427498139673844
56,distant_c0.7_from0.8,6,joint_projected,20821924,True,True,,1,0.16244440397713333,0.029808882,0.16244440397713333,0.18346821202430874
56,distant_c0.7_from0.8,7,ompl_uniform,20822025,True,True,,1,0.17523758998140693,0.01896046,0.17523758998140693,0.17653220996726304
56,distant_c0.7_from0.8,7,joint_projected,20822025,True,True,,1,0.13552776805590838,0.030426511,0.13552776805590838,0.1563340099528432
56,distant_c0.7_from0.8,7,cartesian_ik,20822025,True,True,,1,0.213149763061665,0.021325527,0.213149763061665,0.2337639529723674
56,distant_c0.7_from0.8,8,joint_projected,20822126,True,True,,1,0.10325525503139943,0.019250878,0.10325525503139943,0.12449508788995445
56,distant_c0.7_from0.8,8,cartesian_ik,20822126,True,True,,1,0.05915657395962626,0.009499364,0.05915657395962626,0.07988480292260647
56,distant_c0.7_from0.8,8,ompl_uniform,20822126,True,True,,1,0.19499898806679994,0.012407278,0.19499898806679994,0.19679228495806456
56,distant_c0.7_from0.8,9,ompl_uniform,20822227,True,True,,1,0.131354063982144,0.017450991,0.131354063982144,0.13324272900354117
56,distant_c0.7_from0.8,9,joint_projected,20822227,True,True,,1,0.1290361339924857,0.020665315,0.1290361339924857,0.1502018328756094
56,distant_c0.7_from0.8,9,cartesian_ik,20822227,True,True,,1,0.08751833101268858,0.024374512,0.08751833101268858,0.10837405000347644
5,central_c0.5_from0.2,0,cartesian_ik,20310961,True,True,,1,0.22834849695209414,0.071158127,0.22834849695209414,0.2492575419601053
5,central_c0.5_from0.2,0,ompl_uniform,20310961,True,True,,1,0.26734113204292953,0.018846609,0.26734113204292953,0.2689056620001793
5,central_c0.5_from0.2,0,joint_projected,20310961,True,True,,1,0.2057250130455941,0.030193048,0.2057250130455941,0.22633844194933772
5,central_c0.5_from0.2,1,ompl_uniform,20311062,True,True,,1,0.42376145301386714,0.061709237,0.42376145301386714,0.4256497280439362
5,central_c0.5_from0.2,1,joint_projected,20311062,True,True,,1,0.10115262295585126,0.030615102,0.10115262295585126,0.12159004900604486
5,central_c0.5_from0.2,1,cartesian_ik,20311062,True,True,,1,0.14667185000143945,0.011157817,0.14667185000143945,0.16764572903048247
5,central_c0.5_from0.2,2,joint_projected,20311163,True,True,,1,0.181891830987297,0.032564262,0.181891830987297,0.2025649700080976
5,central_c0.5_from0.2,2,cartesian_ik,20311163,True,True,,1,0.2795513729797676,0.054245606,0.2795513729797676,0.3002864990849048
5,central_c0.5_from0.2,2,ompl_uniform,20311163,True,True,,1,0.4229601059341803,0.047832323,0.4229601059341803,0.4246172630228102
5,central_c0.5_from0.2,3,joint_projected,20311264,True,True,,1,0.1699056699872017,0.045252385,0.1699056699872017,0.19053426897153258
5,central_c0.5_from0.2,3,ompl_uniform,20311264,True,True,,1,0.13247936801053584,0.01621805,0.13247936801053584,0.13431722309906036
5,central_c0.5_from0.2,3,cartesian_ik,20311264,True,True,,1,0.25415513094048947,0.075324528,0.25415513094048947,0.2752126210834831
5,central_c0.5_from0.2,4,joint_projected,20311365,True,True,,1,0.2655518719693646,0.019733263,0.2655518719693646,0.28579797700513154
5,central_c0.5_from0.2,4,ompl_uniform,20311365,True,True,,1,0.46491721109487116,0.034423901,0.46491721109487116,0.46646685793530196
5,central_c0.5_from0.2,4,cartesian_ik,20311365,True,True,,1,0.17411500599700958,0.027835597,0.17411500599700958,0.1944989199982956
5,central_c0.5_from0.2,5,ompl_uniform,20311466,True,True,,1,0.18019795895088464,0.01521235,0.18019795895088464,0.18207400292158127
5,central_c0.5_from0.2,5,cartesian_ik,20311466,True,True,,1,0.16452164598740637,0.023037258,0.16452164598740637,0.18517994205467403
5,central_c0.5_from0.2,5,joint_projected,20311466,True,True,,1,0.10221426701173186,0.024575164,0.10221426701173186,0.12239485001191497
5,central_c0.5_from0.2,6,cartesian_ik,20311567,True,True,,1,0.1397725499700755,0.039185487,0.1397725499700755,0.16035851603373885
5,central_c0.5_from0.2,6,ompl_uniform,20311567,True,True,,1,0.22421100502833724,0.027334441,0.22421100502833724,0.22586627502460033
5,central_c0.5_from0.2,6,joint_projected,20311567,True,True,,1,0.27261567197274417,0.048013776,0.27261567197274417,0.2936329949880019
5,central_c0.5_from0.2,7,joint_projected,20311668,True,True,,1,0.1466682949103415,0.032087558,0.1466682949103415,0.1675358940847218
5,central_c0.5_from0.2,7,cartesian_ik,20311668,True,True,,1,0.3044171269284561,0.043721937,0.3044171269284561,0.3254298040410504
5,central_c0.5_from0.2,7,ompl_uniform,20311668,True,True,,1,0.19173893705010414,0.015352567,0.19173893705010414,0.1933944970369339
5,central_c0.5_from0.2,8,ompl_uniform,20311769,True,True,,1,0.2524837600067258,0.034686876,0.2524837600067258,0.25441444001626223
5,central_c0.5_from0.2,8,cartesian_ik,20311769,True,True,,1,0.1686196100199595,0.036779651,0.1686196100199595,0.18882278900127858
5,central_c0.5_from0.2,8,joint_projected,20311769,True,True,,1,0.15307555499020964,0.024209708,0.15307555499020964,0.17412750597577542
5,central_c0.5_from0.2,9,joint_projected,20311870,True,True,,1,0.18109975999686867,0.036572071,0.18109975999686867,0.2021532809594646
5,central_c0.5_from0.2,9,cartesian_ik,20311870,True,True,,1,0.2282726529520005,0.070778933,0.2282726529520005,0.24964605702552944
5,central_c0.5_from0.2,9,ompl_uniform,20311870,True,True,,1,0.13860025606118143,0.039686438,0.13860025606118143,0.1403143700445071
58,distant_c0.7_from0.8,0,cartesian_ik,20841332,True,True,,1,0.09949286107439548,0.013761957,0.09949286107439548,0.11980241700075567
58,distant_c0.7_from0.8,0,ompl_uniform,20841332,True,True,,1,0.11394552409183234,0.02189775,0.11394552409183234,0.11588629905600101
58,distant_c0.7_from0.8,0,joint_projected,20841332,True,True,,1,0.04189715499524027,0.017381272,0.04189715499524027,0.06316110701300204
58,distant_c0.7_from0.8,1,joint_projected,20841433,True,True,,1,0.09376592398621142,0.03647359,0.09376592398621142,0.11503369896672666
58,distant_c0.7_from0.8,1,cartesian_ik,20841433,True,True,,1,0.07571750599890947,0.018009959,0.07571750599890947,0.09654955402947962
58,distant_c0.7_from0.8,1,ompl_uniform,20841433,True,True,,1,0.16809120296966285,0.02418313,0.16809120296966285,0.16986793105024844
58,distant_c0.7_from0.8,2,cartesian_ik,20841534,True,True,,1,0.07441694603767246,0.005915922,0.07441694603767246,0.09559191693551838
58,distant_c0.7_from0.8,2,joint_projected,20841534,True,True,,1,0.1226911669364199,0.017075025,0.1226911669364199,0.14338669902645051
58,distant_c0.7_from0.8,2,ompl_uniform,20841534,True,True,,1,0.17490110697690398,0.024291565,0.17490110697690398,0.17672132095322013
58,distant_c0.7_from0.8,3,joint_projected,20841635,True,True,,1,0.10848017199896276,0.043030819,0.10848017199896276,0.12953947798814625
58,distant_c0.7_from0.8,3,ompl_uniform,20841635,True,True,,1,0.1473451340571046,0.022768357,0.1473451340571046,0.1489641040097922
58,distant_c0.7_from0.8,3,cartesian_ik,20841635,True,True,,1,0.08703181403689086,0.011019766,0.08703181403689086,0.10806749295443296
58,distant_c0.7_from0.8,4,joint_projected,20841736,True,True,,1,0.05775694199837744,0.017760518,0.05775694199837744,0.0787933049723506
58,distant_c0.7_from0.8,4,ompl_uniform,20841736,True,True,,1,0.19009050400927663,0.02839101,0.19009050400927663,0.1918785379966721
58,distant_c0.7_from0.8,4,cartesian_ik,20841736,True,True,,1,0.18432030593976378,0.013325292,0.18432030593976378,0.20523313793819398
58,distant_c0.7_from0.8,5,ompl_uniform,20841837,True,True,,1,0.24051316000986844,0.028152493,0.24051316000986844,0.24220798001624644
58,distant_c0.7_from0.8,5,joint_projected,20841837,True,True,,1,0.13123801304027438,0.023605532,0.13123801304027438,0.15183242701459676
58,distant_c0.7_from0.8,5,cartesian_ik,20841837,True,True,,1,0.043989376979880035,0.012539693,0.043989376979880035,0.06483624398242682
58,distant_c0.7_from0.8,6,ompl_uniform,20841938,True,True,,1,0.11947449797298759,0.015382508,0.11947449797298759,0.1212535579688847
58,distant_c0.7_from0.8,6,cartesian_ik,20841938,True,True,,1,0.08406209107488394,0.024774449,0.08406209107488394,0.10484510497190058
58,distant_c0.7_from0.8,6,joint_projected,20841938,True,True,,1,0.019945323932915926,0.011404537,0.019945323932915926,0.040850765886716545
58,distant_c0.7_from0.8,7,cartesian_ik,20842039,True,True,,1,0.16409878700505942,0.020489148,0.16409878700505942,0.18443080806173384
58,distant_c0.7_from0.8,7,ompl_uniform,20842039,True,True,,1,0.19333848205860704,0.029927562,0.19333848205860704,0.19528233900200576
58,distant_c0.7_from0.8,7,joint_projected,20842039,True,True,,1,0.16311268403660506,0.030865718,0.16311268403660506,0.18409851391334087
58,distant_c0.7_from0.8,8,joint_projected,20842140,True,True,,1,0.07257963705342263,0.010439864,0.07257963705342263,0.093560787034221
58,distant_c0.7_from0.8,8,cartesian_ik,20842140,True,True,,1,0.14126642199698836,0.014916937,0.14126642199698836,0.16159633093047887
58,distant_c0.7_from0.8,8,ompl_uniform,20842140,True,True,,1,0.16252359200734645,0.013366785,0.16252359200734645,0.16418669209815562
58,distant_c0.7_from0.8,9,joint_projected,20842241,True,True,,1,0.12102633307222277,0.019270882,0.12102633307222277,0.14215873403009027
58,distant_c0.7_from0.8,9,ompl_uniform,20842241,True,True,,1,0.1413196719950065,0.010205926,0.1413196719950065,0.14299197297077626
58,distant_c0.7_from0.8,9,cartesian_ik,20842241,True,True,,1,0.12168415100313723,0.008661933,0.12168415100313723,0.14288818405475467
27,offset_c0.5_from0.2,0,joint_projected,20531115,True,True,,1,0.116397175937891,0.018074673,0.116397175937891,0.13701939291786402
27,offset_c0.5_from0.2,0,cartesian_ik,20531115,True,True,,1,0.21138159604743123,0.036087751,0.21138159604743123,0.23198815796058625
27,offset_c0.5_from0.2,0,ompl_uniform,20531115,True,True,,1,0.14855925203301013,0.013127461,0.14855925203301013,0.149921006988734
27,offset_c0.5_from0.2,1,cartesian_ik,20531216,True,True,,1,0.10581528197508305,0.006709845,0.10581528197508305,0.12688922102097422
27,offset_c0.5_from0.2,1,joint_projected,20531216,True,True,,1,0.05395821493584663,0.022198984,0.05395821493584663,0.07389665895607322
27,offset_c0.5_from0.2,1,ompl_uniform,20531216,True,True,,1,0.1338529820786789,0.006848279,0.1338529820786789,0.1351645269896835
27,offset_c0.5_from0.2,2,joint_projected,20531317,True,True,,1,0.12571052100975066,0.022125219,0.12571052100975066,0.14673632092308253
27,offset_c0.5_from0.2,2,cartesian_ik,20531317,True,True,,1,0.15621568902861327,0.0169186,0.15621568902861327,0.17678324598819017
27,offset_c0.5_from0.2,2,ompl_uniform,20531317,True,True,,1,0.13628946989774704,0.012989979,0.13628946989774704,0.13810318196192384
27,offset_c0.5_from0.2,3,cartesian_ik,20531418,True,True,,1,0.055244543007574975,0.030472499,0.055244543007574975,0.07585033995565027
27,offset_c0.5_from0.2,3,joint_projected,20531418,True,True,,1,0.11438761092722416,0.040664414,0.11438761092722416,0.13427380297798663
27,offset_c0.5_from0.2,3,ompl_uniform,20531418,True,True,,1,0.09210339095443487,0.018366215,0.09210339095443487,0.09374145301990211
27,offset_c0.5_from0.2,4,cartesian_ik,20531519,True,True,,1,0.15166521607898176,0.01381429,0.15166521607898176,0.1725029400549829
27,offset_c0.5_from0.2,4,joint_projected,20531519,True,True,,1,0.12698300497140735,0.029555381,0.12698300497140735,0.14709937397856265
27,offset_c0.5_from0.2,4,ompl_uniform,20531519,True,True,,1,0.09681196801830083,0.009614923,0.09681196801830083,0.09855028300080448
27,offset_c0.5_from0.2,5,cartesian_ik,20531620,True,True,,1,0.10444333404302597,0.053988182,0.10444333404302597,0.12491862999740988
27,offset_c0.5_from0.2,5,joint_projected,20531620,True,True,,1,0.11978632991667837,0.025843966,0.11978632991667837,0.1403899269644171
27,offset_c0.5_from0.2,5,ompl_uniform,20531620,True,True,,1,0.15251698601059616,0.039025392,0.15251698601059616,0.15393354301340878
27,offset_c0.5_from0.2,6,ompl_uniform,20531721,True,True,,1,0.28240732208359987,0.01824716,0.28240732208359987,0.28405202890280634
27,offset_c0.5_from0.2,6,joint_projected,20531721,True,True,,1,0.11049146996811032,0.018432676,0.11049146996811032,0.13063601800240576
27,offset_c0.5_from0.2,6,cartesian_ik,20531721,True,True,,1,0.07777001895010471,0.008141085,0.07777001895010471,0.09852325695101172
27,offset_c0.5_from0.2,7,cartesian_ik,20531822,True,True,,1,0.051070061046630144,0.012707713,0.051070061046630144,0.0714194820029661
27,offset_c0.5_from0.2,7,joint_projected,20531822,True,True,,1,0.1371913510374725,0.027914271,0.1371913510374725,0.15730427205562592
27,offset_c0.5_from0.2,7,ompl_uniform,20531822,True,True,,1,0.15269222599454224,0.013796949,0.15269222599454224,0.15413386595901102
27,offset_c0.5_from0.2,8,ompl_uniform,20531923,True,True,,1,0.11735284002497792,0.016853388,0.11735284002497792,0.11931779701262712
27,offset_c0.5_from0.2,8,cartesian_ik,20531923,True,True,,1,0.0976346239913255,0.011913036,0.0976346239913255,0.11787411000113934
27,offset_c0.5_from0.2,8,joint_projected,20531923,True,True,,1,0.04848108207806945,0.014079008,0.04848108207806945,0.06843450095038861
27,offset_c0.5_from0.2,9,joint_projected,20532024,True,True,,1,0.12700496497564018,0.02515522,0.12700496497564018,0.14727215806487948
27,offset_c0.5_from0.2,9,ompl_uniform,20532024,True,True,,1,0.12903006398119032,0.006422968,0.12903006398119032,0.1306615659268573
27,offset_c0.5_from0.2,9,cartesian_ik,20532024,True,True,,1,0.1540193649707362,0.033392826,0.1540193649707362,0.17454474291298538
25,offset_c0.5_from0.2,0,joint_projected,20511101,True,True,,1,0.04033777199219912,0.009674896,0.04033777199219912,0.06069696613121778
25,offset_c0.5_from0.2,0,cartesian_ik,20511101,True,True,,1,0.1738752730889246,0.020245344,0.1738752730889246,0.19439483515452594
25,offset_c0.5_from0.2,0,ompl_uniform,20511101,True,True,,1,0.09194290603045374,0.009803133,0.09194290603045374,0.09381239803042263
25,offset_c0.5_from0.2,1,ompl_uniform,20511202,True,True,,1,0.2056839030701667,0.009423381,0.2056839030701667,0.20720501604955643
25,offset_c0.5_from0.2,1,cartesian_ik,20511202,True,True,,1,0.15543557703495026,0.020187685,0.15543557703495026,0.1759649181040004
25,offset_c0.5_from0.2,1,joint_projected,20511202,True,True,,1,0.07502244994975626,0.021603877,0.07502244994975626,0.09598041709978133
25,offset_c0.5_from0.2,2,cartesian_ik,20511303,True,True,,1,0.12064620002638549,0.026813492,0.12064620002638549,0.1419782320735976
25,offset_c0.5_from0.2,2,joint_projected,20511303,True,True,,1,0.17528382095042616,0.023689468,0.17528382095042616,0.1959552700864151
25,offset_c0.5_from0.2,2,ompl_uniform,20511303,True,True,,1,0.20189154299441725,0.009525528,0.20189154299441725,0.2031234559835866
25,offset_c0.5_from0.2,3,cartesian_ik,20511404,True,True,,1,0.10607428499497473,0.018911157,0.10607428499497473,0.1264330450212583
25,offset_c0.5_from0.2,3,joint_projected,20511404,True,True,,1,0.20171783107798547,0.020835085,0.20171783107798547,0.222130966023542
25,offset_c0.5_from0.2,3,ompl_uniform,20511404,True,True,,1,0.18430755799636245,0.017044122,0.18430755799636245,0.18598519207444042
25,offset_c0.5_from0.2,4,ompl_uniform,20511505,True,True,,1,0.23691947502084076,0.018296846,0.23691947502084076,0.23855421599000692
25,offset_c0.5_from0.2,4,joint_projected,20511505,True,True,,1,0.042940759914927185,0.018414782,0.042940759914927185,0.06359130202326924
25,offset_c0.5_from0.2,4,cartesian_ik,20511505,True,True,,1,0.10030745097901672,0.030981254,0.10030745097901672,0.12064413609914482
25,offset_c0.5_from0.2,5,ompl_uniform,20511606,True,True,,1,0.09102097910363227,0.007346203,0.09102097910363227,0.09246729000005871
25,offset_c0.5_from0.2,5,cartesian_ik,20511606,True,True,,1,0.03717685793526471,0.021695716,0.03717685793526471,0.05781982105690986
25,offset_c0.5_from0.2,5,joint_projected,20511606,True,True,,1,0.07724489201791584,0.033710921,0.07724489201791584,0.09783934208098799
25,offset_c0.5_from0.2,6,joint_projected,20511707,True,True,,1,0.06487361097242683,0.010338343,0.06487361097242683,0.08539357513654977
25,offset_c0.5_from0.2,6,cartesian_ik,20511707,True,True,,1,0.14602220803499222,0.019581496,0.14602220803499222,0.16652749106287956
25,offset_c0.5_from0.2,6,ompl_uniform,20511707,True,True,,1,0.15701243409421295,0.011053917,0.15701243409421295,0.1586992220254615
25,offset_c0.5_from0.2,7,ompl_uniform,20511808,True,True,,1,0.17014542606193572,0.032150502,0.17014542606193572,0.1720317059662193
25,offset_c0.5_from0.2,7,joint_projected,20511808,True,True,,1,0.10585411998908967,0.043053595,0.10585411998908967,0.12651689699850976
25,offset_c0.5_from0.2,7,cartesian_ik,20511808,True,True,,1,0.16862185602076352,0.028047717,0.16862185602076352,0.1895535901421681
25,offset_c0.5_from0.2,8,cartesian_ik,20511909,True,True,,1,0.16129135992377996,0.034115721,0.16129135992377996,0.18252062005922198
25,offset_c0.5_from0.2,8,ompl_uniform,20511909,True,True,,1,0.10395171900745481,0.010909653,0.10395171900745481,0.10591907997149974
25,offset_c0.5_from0.2,8,joint_projected,20511909,True,True,,1,0.12506969494279474,0.017342525,0.12506969494279474,0.14555419306270778
25,offset_c0.5_from0.2,9,joint_projected,20512010,True,True,,1,0.1006798279704526,0.02568611,0.1006798279704526,0.1209100930718705
25,offset_c0.5_from0.2,9,ompl_uniform,20512010,True,True,,1,0.18264132598415017,0.024127311,0.18264132598415017,0.18406099500134587
25,offset_c0.5_from0.2,9,cartesian_ik,20512010,True,True,,1,0.09115356497932225,0.013562823,0.09115356497932225,0.11222796607762575
57,distant_c0.7_from0.8,0,cartesian_ik,20831325,True,True,,1,0.05938883405178785,0.018899513,0.05938883405178785,0.07976363296620548
57,distant_c0.7_from0.8,0,ompl_uniform,20831325,True,True,,1,0.193486605072394,0.023013579,0.193486605072394,0.19546800199896097
57,distant_c0.7_from0.8,0,joint_projected,20831325,True,True,,1,0.08326357800979167,0.011381583,0.08326357800979167,0.10422755300533026
57,distant_c0.7_from0.8,1,ompl_uniform,20831426,True,True,,1,0.0931872749933973,0.014932193,0.0931872749933973,0.09484145301394165
57,distant_c0.7_from0.8,1,cartesian_ik,20831426,True,True,,1,0.041890070075169206,0.006487722,0.041890070075169206,0.06289286690298468
57,distant_c0.7_from0.8,1,joint_projected,20831426,False,True,path_audit,1,0.054293214925564826,0.014624909,6.0,0.07519436383154243
57,distant_c0.7_from0.8,2,ompl_uniform,20831527,True,True,,1,0.14083773095626384,0.00774477,0.14083773095626384,0.1423417170299217
57,distant_c0.7_from0.8,2,joint_projected,20831527,True,True,,1,0.058145614922977984,0.021627036,0.058145614922977984,0.08053633302915841
57,distant_c0.7_from0.8,2,cartesian_ik,20831527,True,True,,1,0.055290210992097855,0.027074162,0.055290210992097855,0.07613285793922842
57,distant_c0.7_from0.8,3,ompl_uniform,20831628,True,True,,1,0.08247978903818876,0.008969502,0.08247978903818876,0.08389583393000066
57,distant_c0.7_from0.8,3,joint_projected,20831628,True,True,,1,0.08300185797270387,0.017908905,0.08300185797270387,0.10349987994413823
57,distant_c0.7_from0.8,3,cartesian_ik,20831628,True,True,,1,0.06572407891508192,0.009390355,0.06572407891508192,0.0860733778681606
57,distant_c0.7_from0.8,4,cartesian_ik,20831729,True,True,,1,0.11148874997161329,0.008099655,0.11148874997161329,0.1321319048292935
57,distant_c0.7_from0.8,4,joint_projected,20831729,True,True,,1,0.057764734025113285,0.015658309,0.057764734025113285,0.07809868396725506
57,distant_c0.7_from0.8,4,ompl_uniform,20831729,True,True,,1,0.1527885029790923,0.018452585,0.1527885029790923,0.15435373201034963
57,distant_c0.7_from0.8,5,joint_projected,20831830,True,True,,1,0.16751388006377965,0.020931074,0.16751388006377965,0.1888545169495046
57,distant_c0.7_from0.8,5,cartesian_ik,20831830,True,True,,1,0.1969776100013405,0.011195336,0.1969776100013405,0.218253580853343
57,distant_c0.7_from0.8,5,ompl_uniform,20831830,True,True,,1,0.37138286302797496,0.033044865,0.37138286302797496,0.3730895690387115
57,distant_c0.7_from0.8,6,ompl_uniform,20831931,True,True,,1,0.16607587703038007,0.012325627,0.16607587703038007,0.1679080530302599
57,distant_c0.7_from0.8,6,joint_projected,20831931,True,True,,1,0.11012867791578174,0.025994233,0.11012867791578174,0.13150024693459272
57,distant_c0.7_from0.8,6,cartesian_ik,20831931,True,True,,1,0.11132969590835273,0.03456838,0.11132969590835273,0.13224366994109005
57,distant_c0.7_from0.8,7,cartesian_ik,20832032,True,True,,1,0.2852338469820097,0.043961625,0.2852338469820097,0.30610565992537886
57,distant_c0.7_from0.8,7,ompl_uniform,20832032,True,True,,1,0.1155705179553479,0.015274048,0.1155705179553479,0.11695215001236647
57,distant_c0.7_from0.8,7,joint_projected,20832032,True,True,,1,0.09987680497579277,0.019163469,0.09987680497579277,0.12022881186567247
57,distant_c0.7_from0.8,8,ompl_uniform,20832133,True,True,,1,0.17221481900196522,0.019236323,0.17221481900196522,0.17362407397013158
57,distant_c0.7_from0.8,8,cartesian_ik,20832133,True,True,,1,0.12073845998384058,0.016475069,0.12073845998384058,0.14119127590674907
57,distant_c0.7_from0.8,8,joint_projected,20832133,True,True,,1,0.02753088902682066,0.011158705,0.02753088902682066,0.04831460886634886
57,distant_c0.7_from0.8,9,joint_projected,20832234,True,True,,1,0.057341584004461765,0.016140532,0.057341584004461765,0.07793036988005042
57,distant_c0.7_from0.8,9,ompl_uniform,20832234,True,True,,1,0.1491760319331661,0.015006998,0.1491760319331661,0.1507339309900999
57,distant_c0.7_from0.8,9,cartesian_ik,20832234,True,True,,1,0.04235180199611932,0.015664327,0.04235180199611932,0.06273381586652249
3,central_c0.5_from0.2,0,ompl_uniform,20290947,True,True,,1,0.10165043408051133,0.008032192,0.10165043408051133,0.10295630199834704
3,central_c0.5_from0.2,0,joint_projected,20290947,True,True,,1,0.038127730949781835,0.011380335,0.038127730949781835,0.059326522052288055
3,central_c0.5_from0.2,0,cartesian_ik,20290947,True,True,,1,0.13714773405808955,0.01769327,0.13714773405808955,0.15785076399333775
3,central_c0.5_from0.2,1,joint_projected,20291048,True,True,,1,0.14700755605008453,0.036613011,0.14700755605008453,0.16786821198184043
3,central_c0.5_from0.2,1,cartesian_ik,20291048,True,True,,1,0.14278884802479297,0.029780505,0.14278884802479297,0.16372716706246138
3,central_c0.5_from0.2,1,ompl_uniform,20291048,True,True,,1,0.14816693891771138,0.010234984,0.14816693891771138,0.14981596800498664
3,central_c0.5_from0.2,2,ompl_uniform,20291149,True,True,,1,0.4454212290002033,0.024368598,0.4454212290002033,0.4473728210432455
3,central_c0.5_from0.2,2,joint_projected,20291149,True,True,,1,0.1623160350136459,0.023274826,0.1623160350136459,0.1831035780487582
3,central_c0.5_from0.2,2,cartesian_ik,20291149,True,True,,1,0.21648571104742587,0.092680444,0.21648571104742587,0.23744128504768014
3,central_c0.5_from0.2,3,joint_projected,20291250,True,True,,1,0.055545251932926476,0.011910139,0.055545251932926476,0.0761639770353213
3,central_c0.5_from0.2,3,cartesian_ik,20291250,True,True,,1,0.19973470806144178,0.04030798,0.19973470806144178,0.2202812129398808
3,central_c0.5_from0.2,3,ompl_uniform,20291250,True,True,,1,0.16940772195812315,0.010274076,0.16940772195812315,0.1711548549355939
3,central_c0.5_from0.2,4,ompl_uniform,20291351,True,True,,1,0.13357980002183467,0.016224912,0.13357980002183467,0.13545756705570966
3,central_c0.5_from0.2,4,joint_projected,20291351,True,True,,1,0.16187306703068316,0.032429382,0.16187306703068316,0.1828345760004595
3,central_c0.5_from0.2,4,cartesian_ik,20291351,True,True,,1,0.15426580794155598,0.023604806,0.15426580794155598,0.17550276895053685
3,central_c0.5_from0.2,5,joint_projected,20291452,True,True,,1,0.09590411698445678,0.026161855,0.09590411698445678,0.11647932103369385
3,central_c0.5_from0.2,5,cartesian_ik,20291452,True,True,,1,0.06354943104088306,0.013229439,0.06354943104088306,0.08452559204306453
3,central_c0.5_from0.2,5,ompl_uniform,20291452,True,True,,1,0.2464866569498554,0.029978678,0.2464866569498554,0.24800044298171997
3,central_c0.5_from0.2,6,ompl_uniform,20291553,True,True,,1,0.09591441100928932,0.011089233,0.09591441100928932,0.09774762694723904
3,central_c0.5_from0.2,6,joint_projected,20291553,True,True,,1,0.0654806699603796,0.017898321,0.0654806699603796,0.08600058197043836
3,central_c0.5_from0.2,6,cartesian_ik,20291553,True,True,,1,0.17296210897620767,0.037505273,0.17296210897620767,0.19399369892198592
3,central_c0.5_from0.2,7,joint_projected,20291654,True,True,,1,0.09239413496106863,0.027268342,0.09239413496106863,0.11293044406920671
3,central_c0.5_from0.2,7,cartesian_ik,20291654,True,True,,1,0.13164653594139963,0.060415305,0.13164653594139963,0.15278770006261766
3,central_c0.5_from0.2,7,ompl_uniform,20291654,True,True,,1,0.13306940498296171,0.026774107,0.13306940498296171,0.13465701800305396
3,central_c0.5_from0.2,8,joint_projected,20291755,True,True,,1,0.09786568803247064,0.02132376,0.09786568803247064,0.11866527702659369
3,central_c0.5_from0.2,8,cartesian_ik,20291755,True,True,,1,0.1165567800635472,0.050649829,0.1165567800635472,0.1370516490424052
3,central_c0.5_from0.2,8,ompl_uniform,20291755,True,True,,1,0.18517005792818964,0.012195146,0.18517005792818964,0.1868940880522132
3,central_c0.5_from0.2,9,cartesian_ik,20291856,True,True,,1,0.14885456499177963,0.03175835,0.14885456499177963,0.17001709202304482
3,central_c0.5_from0.2,9,joint_projected,20291856,True,True,,1,0.14262368995696306,0.024158478,0.14262368995696306,0.16371826897375286
3,central_c0.5_from0.2,9,ompl_uniform,20291856,True,True,,1,0.23362448893021792,0.015911489,0.23362448893021792,0.24545186897739768
50,distant_c0.7_from0.8,0,cartesian_ik,20761276,True,True,,1,0.06478339398745447,0.029240719,0.06478339398745447,0.08522449608426541
50,distant_c0.7_from0.8,0,joint_projected,20761276,True,True,,1,0.10292023897636682,0.015195488,0.10292023897636682,0.1233379531186074
50,distant_c0.7_from0.8,0,ompl_uniform,20761276,True,True,,1,0.15028946194797754,0.013706588,0.15028946194797754,0.15190211404114962
50,distant_c0.7_from0.8,1,cartesian_ik,20761377,True,True,,1,0.10474481794517487,0.016172484,0.10474481794517487,0.12584343110211194
50,distant_c0.7_from0.8,1,joint_projected,20761377,True,True,,1,0.07533114997204393,0.018514307,0.07533114997204393,0.09590746404137462
50,distant_c0.7_from0.8,1,ompl_uniform,20761377,True,True,,1,0.13567287602927536,0.019607091,0.13567287602927536,0.13721403200179338
50,distant_c0.7_from0.8,2,joint_projected,20761478,True,True,,1,0.04192001209594309,0.009591737,0.04192001209594309,0.0622625540709123
50,distant_c0.7_from0.8,2,cartesian_ik,20761478,True,True,,1,0.056495274999178946,0.006748084,0.056495274999178946,0.07791721599642187
50,distant_c0.7_from0.8,2,ompl_uniform,20761478,True,True,,1,0.13892291602678597,0.027218837,0.13892291602678597,0.14047325495630503
50,distant_c0.7_from0.8,3,ompl_uniform,20761579,True,True,,1,0.1842713289661333,0.011433675,0.1842713289661333,0.18624710699077696
50,distant_c0.7_from0.8,3,joint_projected,20761579,True,True,,1,0.09681473509408534,0.019478901,0.09681473509408534,0.11777461809106171
50,distant_c0.7_from0.8,3,cartesian_ik,20761579,True,True,,1,0.1230419980129227,0.011693158,0.1230419980129227,0.14327838097233325
50,distant_c0.7_from0.8,4,cartesian_ik,20761680,True,True,,1,0.13314213801641017,0.014761776,0.13314213801641017,0.1536438331240788
50,distant_c0.7_from0.8,4,ompl_uniform,20761680,True,True,,1,0.08856138901319355,0.011474009,0.08856138901319355,0.09011882892809808
50,distant_c0.7_from0.8,4,joint_projected,20761680,True,True,,1,0.11769503192044795,0.015927741,0.11769503192044795,0.13821504695806652
50,distant_c0.7_from0.8,5,cartesian_ik,20761781,True,True,,1,0.13110856001731008,0.018250179,0.13110856001731008,0.15151720703579485
50,distant_c0.7_from0.8,5,joint_projected,20761781,True,True,,1,0.1151578159769997,0.014792287,0.1151578159769997,0.13588025502394885
50,distant_c0.7_from0.8,5,ompl_uniform,20761781,True,True,,1,0.17955901904497296,0.01169299,0.17955901904497296,0.18116152100265026
50,distant_c0.7_from0.8,6,ompl_uniform,20761882,True,True,,1,0.17875043593812734,0.017046115,0.17875043593812734,0.1806169239571318
50,distant_c0.7_from0.8,6,joint_projected,20761882,True,True,,1,0.17670382594224066,0.024427671,0.17670382594224066,0.19749939208850265
50,distant_c0.7_from0.8,6,cartesian_ik,20761882,True,True,,1,0.18889994989149272,0.012086354,0.18889994989149272,0.2096385289914906
50,distant_c0.7_from0.8,7,cartesian_ik,20761983,True,True,,1,0.049273214070126414,0.021108016,0.049273214070126414,0.06999149499461055
50,distant_c0.7_from0.8,7,ompl_uniform,20761983,True,True,,1,0.23455616598948836,0.008369204,0.23455616598948836,0.23610968806315213
50,distant_c0.7_from0.8,7,joint_projected,20761983,True,True,,1,0.17183021595701575,0.020381355,0.17183021595701575,0.19260091905016452
50,distant_c0.7_from0.8,8,joint_projected,20762084,True,True,,1,0.06135137903038412,0.025126035,0.06135137903038412,0.08207068801857531
50,distant_c0.7_from0.8,8,cartesian_ik,20762084,True,True,,1,0.07059026299975812,0.01414853,0.07059026299975812,0.0909254839643836
50,distant_c0.7_from0.8,8,ompl_uniform,20762084,True,True,,1,0.13141232507769018,0.010999118,0.13141232507769018,0.13288292300421745
50,distant_c0.7_from0.8,9,cartesian_ik,20762185,True,True,,1,0.13882330304477364,0.011783149,0.13882330304477364,0.15966199000831693
50,distant_c0.7_from0.8,9,ompl_uniform,20762185,True,True,,1,0.09427659795619547,0.011338822,0.09427659795619547,0.09572387102525681
50,distant_c0.7_from0.8,9,joint_projected,20762185,True,True,,1,0.12980532296933234,0.021882701,0.12980532296933234,0.1507767380680889
18,central_c0.7_from0.8,0,ompl_uniform,20441052,True,True,,1,0.2589073709677905,0.022028859,0.2589073709677905,0.2606224010232836
18,central_c0.7_from0.8,0,cartesian_ik,20441052,True,True,,1,0.18651901197154075,0.02143489,0.18651901197154075,0.20708279393147677
18,central_c0.7_from0.8,0,joint_projected,20441052,True,True,,1,0.18148001201916486,0.02408067,0.18148001201916486,0.2022694699699059
18,central_c0.7_from0.8,1,ompl_uniform,20441153,True,True,,1,0.25590673298574984,0.02126795,0.25590673298574984,0.2575361109338701
18,central_c0.7_from0.8,1,cartesian_ik,20441153,True,True,,1,0.14803982398007065,0.024606411,0.14803982398007065,0.1687015889910981
18,central_c0.7_from0.8,1,joint_projected,20441153,True,True,,1,0.15156200202181935,0.027355466,0.15156200202181935,0.17229560390114784
18,central_c0.7_from0.8,2,cartesian_ik,20441254,True,True,,1,0.10302048700395972,0.018673106,0.10302048700395972,0.12393030594103038
18,central_c0.7_from0.8,2,joint_projected,20441254,True,True,,1,0.1689857100136578,0.024822558,0.1689857100136578,0.19006843492388725
18,central_c0.7_from0.8,2,ompl_uniform,20441254,True,True,,1,0.17257252207491547,0.009591187,0.17257252207491547,0.17434147198218852
18,central_c0.7_from0.8,3,cartesian_ik,20441355,True,True,,1,0.3284247589763254,0.071660603,0.3284247589763254,0.34931220090948045
18,central_c0.7_from0.8,3,joint_projected,20441355,True,True,,1,0.22639300802256912,0.019567789,0.22639300802256912,0.24715373408980668
18,central_c0.7_from0.8,3,ompl_uniform,20441355,True,True,,1,0.07636828196700662,0.011018024,0.07636828196700662,0.07811294705606997
18,central_c0.7_from0.8,4,joint_projected,20441456,True,True,,1,0.18032586004119366,0.03871183,0.18032586004119366,0.201216439018026
18,central_c0.7_from0.8,4,cartesian_ik,20441456,True,True,,1,0.20266196702141315,0.065912112,0.20266196702141315,0.22346160688903183
18,central_c0.7_from0.8,4,ompl_uniform,20441456,True,True,,1,0.1792124368948862,0.016491222,0.1792124368948862,0.18123417301103473
18,central_c0.7_from0.8,5,joint_projected,20441557,True,True,,1,0.10637768800370395,0.013344964,0.10637768800370395,0.12746531795710325
18,central_c0.7_from0.8,5,cartesian_ik,20441557,True,True,,1,0.22457196691539139,0.086921835,0.22457196691539139,0.24556717893574387
18,central_c0.7_from0.8,5,ompl_uniform,20441557,True,True,,1,0.2663260049885139,0.038320088,0.2663260049885139,0.2683581670280546
18,central_c0.7_from0.8,6,cartesian_ik,20441658,True,True,,1,0.1678021450061351,0.026029946,0.1678021450061351,0.1886385129764676
18,central_c0.7_from0.8,6,joint_projected,20441658,True,True,,1,0.17022590700071305,0.022576809,0.17022590700071305,0.1911215769359842
18,central_c0.7_from0.8,6,ompl_uniform,20441658,True,True,,1,0.1286496309330687,0.015568538,0.1286496309330687,0.1305607040412724
18,central_c0.7_from0.8,7,ompl_uniform,20441759,True,True,,1,0.22359614400193095,0.018611591,0.22359614400193095,0.2351712470408529
18,central_c0.7_from0.8,7,joint_projected,20441759,True,True,,1,0.17122778098564595,0.023963414,0.17122778098564595,0.19257672096136957
18,central_c0.7_from0.8,7,cartesian_ik,20441759,True,True,,1,0.35486897092778236,0.117904526,0.35486897092778236,0.3756679348880425
18,central_c0.7_from0.8,8,ompl_uniform,20441860,True,True,,1,0.06750765698961914,0.006725525,0.06750765698961914,0.06934411090333015
18,central_c0.7_from0.8,8,joint_projected,20441860,True,True,,1,0.17085085902363062,0.044051148,0.17085085902363062,0.19160045101307333
18,central_c0.7_from0.8,8,cartesian_ik,20441860,True,True,,1,0.12011319410521537,0.044924774,0.12011319410521537,0.14091980701778084
18,central_c0.7_from0.8,9,ompl_uniform,20441961,True,True,,1,0.14914528606459498,0.030737815,0.14914528606459498,0.15108811401296407
18,central_c0.7_from0.8,9,cartesian_ik,20441961,True,True,,1,0.18000786297488958,0.099273547,0.18000786297488958,0.20113669603597373
18,central_c0.7_from0.8,9,joint_projected,20441961,True,True,,1,0.13434166298247874,0.023056947,0.13434166298247874,0.15530604892410338
34,offset_c0.7_from0.8,0,ompl_uniform,20601164,True,True,,1,0.143519444973208,0.010571315,0.143519444973208,0.14489293796941638
34,offset_c0.7_from0.8,0,cartesian_ik,20601164,True,True,,1,0.1681806209962815,0.009362704,0.1681806209962815,0.19003140297718346
34,offset_c0.7_from0.8,0,joint_projected,20601164,True,True,,1,0.055746703990735114,0.016633216,0.055746703990735114,0.07702401396818459
34,offset_c0.7_from0.8,1,joint_projected,20601265,True,True,,1,0.10445913695730269,0.01235451,0.10445913695730269,0.125827353913337
34,offset_c0.7_from0.8,1,ompl_uniform,20601265,True,True,,1,0.1272264050785452,0.010808043,0.1272264050785452,0.12883343000430614
34,offset_c0.7_from0.8,1,cartesian_ik,20601265,True,True,,1,0.2185438770102337,0.031909736,0.2185438770102337,0.2402912499383092
34,offset_c0.7_from0.8,2,cartesian_ik,20601366,True,True,,1,0.05934612010605633,0.013567311,0.05934612010605633,0.08069950190838426
34,offset_c0.7_from0.8,2,ompl_uniform,20601366,True,True,,1,0.12472734006587416,0.011483873,0.12472734006587416,0.12641968694515526
34,offset_c0.7_from0.8,2,joint_projected,20601366,True,True,,1,0.17528490303084254,0.0191015,0.17528490303084254,0.1971532158786431
34,offset_c0.7_from0.8,3,ompl_uniform,20601467,True,True,,1,0.06923259200993925,0.015843463,0.06923259200993925,0.07084350497461855
34,offset_c0.7_from0.8,3,cartesian_ik,20601467,True,True,,1,0.11067493900191039,0.017125707,0.11067493900191039,0.1320101679302752
34,offset_c0.7_from0.8,3,joint_projected,20601467,True,True,,1,0.11867608304601163,0.020270446,0.11867608304601163,0.14001160289626569
34,offset_c0.7_from0.8,4,joint_projected,20601568,True,True,,1,0.07548152806703001,0.0295988,0.07548152806703001,0.097017852938734
34,offset_c0.7_from0.8,4,cartesian_ik,20601568,True,True,,1,0.1589826550334692,0.030029228,0.1589826550334692,0.18028114491607994
34,offset_c0.7_from0.8,4,ompl_uniform,20601568,True,True,,1,0.11532692692708224,0.008973318,0.11532692692708224,0.11713042098563164
34,offset_c0.7_from0.8,5,cartesian_ik,20601669,True,True,,1,0.16314651200082153,0.015863537,0.16314651200082153,0.18445711699314415
34,offset_c0.7_from0.8,5,ompl_uniform,20601669,True,True,,1,0.1579924679826945,0.008891518,0.1579924679826945,0.15976349997799844
34,offset_c0.7_from0.8,5,joint_projected,20601669,True,True,,1,0.13275302608963102,0.031245747,0.13275302608963102,0.15436241193674505
34,offset_c0.7_from0.8,6,cartesian_ik,20601770,True,True,,1,0.030629839980974793,0.018993505,0.030629839980974793,0.05173171893693507
34,offset_c0.7_from0.8,6,joint_projected,20601770,True,True,,1,0.1075377109227702,0.028770355,0.1075377109227702,0.12908596685156226
34,offset_c0.7_from0.8,6,ompl_uniform,20601770,True,True,,1,0.13495342305395752,0.011099978,0.13495342305395752,0.1366376910591498
34,offset_c0.7_from0.8,7,ompl_uniform,20601871,True,True,,1,0.17683883104473352,0.019359954,0.17683883104473352,0.17904978804290295
34,offset_c0.7_from0.8,7,joint_projected,20601871,True,True,,1,0.13607942103408277,0.022665149,0.13607942103408277,0.15768102603033185
34,offset_c0.7_from0.8,7,cartesian_ik,20601871,True,True,,1,0.13815834699198604,0.04850527,0.13815834699198604,0.1595123609295115
34,offset_c0.7_from0.8,8,ompl_uniform,20601972,True,True,,1,0.1294990750029683,0.010447305,0.1294990750029683,0.13118021690752357
34,offset_c0.7_from0.8,8,cartesian_ik,20601972,True,True,,1,0.06457073695492,0.010307268,0.06457073695492,0.08607788884546608
34,offset_c0.7_from0.8,8,joint_projected,20601972,True,True,,1,0.09599374595563859,0.014814842,0.09599374595563859,0.11746683588717133
34,offset_c0.7_from0.8,9,joint_projected,20602073,True,True,,1,0.10229182697366923,0.015984496,0.10229182697366923,0.12329677492380142
34,offset_c0.7_from0.8,9,ompl_uniform,20602073,True,True,,1,0.1251159500097856,0.029816962,0.1251159500097856,0.12676646490581334
34,offset_c0.7_from0.8,9,cartesian_ik,20602073,True,True,,1,0.11120934702921659,0.019865177,0.11120934702921659,0.13266088592354208
45,distant_c0.5_from0.2,0,cartesian_ik,20711241,True,True,,1,0.11607785907108337,0.011080369,0.11607785907108337,0.13682805292773992
45,distant_c0.5_from0.2,0,joint_projected,20711241,True,True,,1,0.11922270699869841,0.039701627,0.11922270699869841,0.13973888696637005
45,distant_c0.5_from0.2,0,ompl_uniform,20711241,True,True,,1,0.12302351288963109,0.025486651,0.12302351288963109,0.12463525799103081
45,distant_c0.5_from0.2,1,joint_projected,20711342,True,True,,1,0.08977798698469996,0.016162352,0.08977798698469996,0.1110999098746106
45,distant_c0.5_from0.2,1,ompl_uniform,20711342,True,True,,1,0.14184930094052106,0.010349329,0.14184930094052106,0.14334241102915257
45,distant_c0.5_from0.2,1,cartesian_ik,20711342,True,True,,1,0.07820921402890235,0.050186892,0.07820921402890235,0.0992672760039568
45,distant_c0.5_from0.2,2,ompl_uniform,20711443,True,True,,1,0.13662861799821258,0.010252464,0.13662861799821258,0.13852892199065536
45,distant_c0.5_from0.2,2,cartesian_ik,20711443,True,True,,1,0.07135479105636477,0.00991537,0.07135479105636477,0.09260464587714523
45,distant_c0.5_from0.2,2,joint_projected,20711443,True,True,,1,0.10147561901248991,0.016641972,0.10147561901248991,0.12268859404139221
45,distant_c0.5_from0.2,3,joint_projected,20711544,True,True,,1,0.18877256999257952,0.028322892,0.18877256999257952,0.20966930291615427
45,distant_c0.5_from0.2,3,ompl_uniform,20711544,True,True,,1,0.12894074991345406,0.012799339,0.12894074991345406,0.13081504590809345
45,distant_c0.5_from0.2,3,cartesian_ik,20711544,True,True,,1,0.18886088707949966,0.015159176,0.18886088707949966,0.2093845228664577
45,distant_c0.5_from0.2,4,cartesian_ik,20711645,True,True,,1,0.17010919703170657,0.028786713,0.17010919703170657,0.19099767203442752
45,distant_c0.5_from0.2,4,joint_projected,20711645,True,True,,1,0.14017095800954849,0.029280252,0.14017095800954849,0.16088430490344763
45,distant_c0.5_from0.2,4,ompl_uniform,20711645,True,True,,1,0.06701400002930313,0.00423542,0.06701400002930313,0.06876132392790169
45,distant_c0.5_from0.2,5,ompl_uniform,20711746,True,True,,1,0.15452649199869484,0.015778097,0.15452649199869484,0.15609167399816215
45,distant_c0.5_from0.2,5,cartesian_ik,20711746,True,True,,1,0.12458650395274162,0.017133014,0.12458650395274162,0.14546050399076194
45,distant_c0.5_from0.2,5,joint_projected,20711746,True,True,,1,0.13030854996759444,0.03728202,0.13030854996759444,0.1511501888744533
45,distant_c0.5_from0.2,6,cartesian_ik,20711847,True,True,,1,0.07225576997734606,0.006271464,0.07225576997734606,0.09334746585227549
45,distant_c0.5_from0.2,6,ompl_uniform,20711847,True,True,,1,0.12562789698131382,0.015144454,0.12562789698131382,0.12724102998618037
45,distant_c0.5_from0.2,6,joint_projected,20711847,True,True,,1,0.0915440870448947,0.015221008,0.0915440870448947,0.11252912087365985
45,distant_c0.5_from0.2,7,ompl_uniform,20711948,True,True,,1,0.2211468160385266,0.01499536,0.2211468160385266,0.22302361798938364
45,distant_c0.5_from0.2,7,cartesian_ik,20711948,True,True,,1,0.052725273999385536,0.026281191,0.052725273999385536,0.07391084393020719
45,distant_c0.5_from0.2,7,joint_projected,20711948,True,True,,1,0.1300739279249683,0.02933698,0.1300739279249683,0.15094967395998538
45,distant_c0.5_from0.2,8,joint_projected,20712049,True,True,,1,0.10362593701574951,0.019774988,0.10362593701574951,0.12440983788110316
45,distant_c0.5_from0.2,8,ompl_uniform,20712049,True,True,,1,0.16021982999518514,0.009900077,0.16021982999518514,0.1700728900032118
45,distant_c0.5_from0.2,8,cartesian_ik,20712049,True,True,,1,0.216813056031242,0.017149799,0.216813056031242,0.23794349294621497
45,distant_c0.5_from0.2,9,joint_projected,20712150,True,True,,1,0.09466523502487689,0.031873221,0.09466523502487689,0.11567404097877443
45,distant_c0.5_from0.2,9,cartesian_ik,20712150,True,True,,1,0.07703196408692747,0.007580355,0.07703196408692747,0.09830725996289402
45,distant_c0.5_from0.2,9,ompl_uniform,20712150,True,True,,1,0.21171030995901674,0.01171735,0.21171030995901674,0.21371155697852373
