environment,stratum,repeat,mode,seed,success,planner_success,failure_stage,error_code,action_wall_s,moveit_planning_s,par2_s,end_to_end_wall_s
43,distant_c0.5_from0.2,0,cartesian_ik,20691227,True,True,,1,0.2650586928939447,0.085347481,0.2650586928939447,0.28529651707503945
43,distant_c0.5_from0.2,0,joint_projected,20691227,True,True,,1,0.10606441297568381,0.018087844,0.10606441297568381,0.12587644311133772
43,distant_c0.5_from0.2,0,ompl_uniform,20691227,True,True,,1,0.11975327297113836,0.005465259,0.11975327297113836,0.12142743694130331
43,distant_c0.5_from0.2,1,cartesian_ik,20691328,True,True,,1,0.21163600811269134,0.040630408,0.21163600811269134,0.23276979208458215
43,distant_c0.5_from0.2,1,ompl_uniform,20691328,True,True,,1,0.20334982499480247,0.024415527,0.20334982499480247,0.20513362693600357
43,distant_c0.5_from0.2,1,joint_projected,20691328,True,True,,1,0.08553729904815555,0.018736187,0.08553729904815555,0.10627067997120321
43,distant_c0.5_from0.2,2,joint_projected,20691429,True,True,,1,0.18240774306468666,0.034309286,0.18240774306468666,0.2035527810221538
43,distant_c0.5_from0.2,2,ompl_uniform,20691429,True,True,,1,0.21011586696840823,0.010257059,0.21011586696840823,0.21170972590334713
43,distant_c0.5_from0.2,2,cartesian_ik,20691429,True,True,,1,0.10791855200659484,0.033740801,0.10791855200659484,0.12760930403601378
43,distant_c0.5_from0.2,3,ompl_uniform,20691530,True,True,,1,0.19733379199169576,0.018900958,0.19733379199169576,0.19907595997210592
43,distant_c0.5_from0.2,3,cartesian_ik,20691530,True,True,,1,0.14693900698330253,0.039227383,0.14693900698330253,0.16701483202632517
43,distant_c0.5_from0.2,3,joint_projected,20691530,True,True,,1,0.10339107399340719,0.044235562,0.10339107399340719,0.12337134208064526
43,distant_c0.5_from0.2,4,ompl_uniform,20691631,True,True,,1,0.13328993995673954,0.0088163,0.13328993995673954,0.13452217006124556
43,distant_c0.5_from0.2,4,cartesian_ik,20691631,True,True,,1,0.1955612659221515,0.104033239,0.1955612659221515,0.21593284502159804
43,distant_c0.5_from0.2,4,joint_projected,20691631,True,True,,1,0.09693764604162425,0.044074789,0.09693764604162425,0.11778271000366658
43,distant_c0.5_from0.2,5,ompl_uniform,20691732,True,True,,1,0.15877616102807224,0.011112384,0.15877616102807224,0.1604130039922893
43,distant_c0.5_from0.2,5,joint_projected,20691732,True,True,,1,0.02424249507021159,0.008387864,0.02424249507021159,0.04481003503315151
43,distant_c0.5_from0.2,5,cartesian_ik,20691732,True,True,,1,0.15408192796166986,0.037402214,0.15408192796166986,0.17487852403428406
43,distant_c0.5_from0.2,6,joint_projected,20691833,True,True,,1,0.06410129799041897,0.019669224,0.06410129799041897,0.08475130097940564
43,distant_c0.5_from0.2,6,ompl_uniform,20691833,True,True,,1,0.11448859993834049,0.007618856,0.11448859993834049,0.11603181494865566
43,distant_c0.5_from0.2,6,cartesian_ik,20691833,True,True,,1,0.2085934050846845,0.04826557,0.2085934050846845,0.2289576509501785
43,distant_c0.5_from0.2,7,cartesian_ik,20691934,True,True,,1,0.12816391699016094,0.065839095,0.12816391699016094,0.14884827204514295
43,distant_c0.5_from0.2,7,joint_projected,20691934,True,True,,1,0.12706858199089766,0.029691301,0.12706858199089766,0.14757049502804875
43,distant_c0.5_from0.2,7,ompl_uniform,20691934,True,True,,1,0.15951907308772206,0.008710061,0.15951907308772206,0.160856967093423
43,distant_c0.5_from0.2,8,joint_projected,20692035,True,True,,1,0.18440625607036054,0.028317863,0.18440625607036054,0.20443292299751192
43,distant_c0.5_from0.2,8,ompl_uniform,20692035,True,True,,1,0.10752524202689528,0.009165014,0.10752524202689528,0.10878362297080457
43,distant_c0.5_from0.2,8,cartesian_ik,20692035,True,True,,1,0.12408448301721364,0.047878029,0.12408448301721364,0.14473929605446756
43,distant_c0.5_from0.2,9,joint_projected,20692136,True,True,,1,0.1823084969073534,0.018912111,0.1823084969073534,0.20260558207519352
43,distant_c0.5_from0.2,9,cartesian_ik,20692136,True,True,,1,0.154096515965648,0.038319477,0.154096515965648,0.17441420105751604
43,distant_c0.5_from0.2,9,ompl_uniform,20692136,True,True,,1,0.13499660207889974,0.019800337,0.13499660207889974,0.13654673006385565
38,offset_c0.7_from0.8,0,ompl_uniform,20641192,True,True,,1,0.1126913579646498,0.005946477,0.1126913579646498,0.11382884706836194
38,offset_c0.7_from0.8,0,cartesian_ik,20641192,False,False,planning,99999,3.080648945993744,0.0,6.0,3.1010105930035934
38,offset_c0.7_from0.8,0,joint_projected,20641192,False,False,planning,99999,3.095263094990514,0.0,6.0,3.115343607030809
38,offset_c0.7_from0.8,1,joint_projected,20641293,False,False,planning,99999,3.100863810046576,0.0,6.0,3.1207788919564337
38,offset_c0.7_from0.8,1,cartesian_ik,20641293,False,False,planning,99999,3.096471064025536,0.0,6.0,3.1163045429857448
38,offset_c0.7_from0.8,1,ompl_uniform,20641293,True,True,,1,0.20176079508382827,0.019679096,0.20176079508382827,0.20317337301094085
38,offset_c0.7_from0.8,2,ompl_uniform,20641394,True,True,,1,0.161153840017505,0.015998785,0.161153840017505,0.16241507302038372
38,offset_c0.7_from0.8,2,joint_projected,20641394,False,False,planning,99999,3.002528697019443,0.0,6.0,3.0224927350645885
38,offset_c0.7_from0.8,2,cartesian_ik,20641394,False,False,planning,99999,3.1049667519982904,0.0,6.0,3.1248437160393223
38,offset_c0.7_from0.8,3,cartesian_ik,20641495,False,False,planning,99999,3.0970342180226,0.0,6.0,3.117419568938203
38,offset_c0.7_from0.8,3,joint_projected,20641495,False,False,planning,99999,3.0880078870104626,0.0,6.0,3.1076538619818166
38,offset_c0.7_from0.8,3,ompl_uniform,20641495,True,True,,1,0.22368913190439343,0.028894473,0.22368913190439343,0.225258854101412
38,offset_c0.7_from0.8,4,joint_projected,20641596,False,False,planning,99999,3.0507312810514122,0.0,6.0,3.071255085989833
38,offset_c0.7_from0.8,4,cartesian_ik,20641596,False,False,planning,99999,3.1078070199582726,0.0,6.0,3.127394939074293
38,offset_c0.7_from0.8,4,ompl_uniform,20641596,True,True,,1,0.16956140007823706,0.013075001,0.16956140007823706,0.1707726209424436
38,offset_c0.7_from0.8,5,ompl_uniform,20641697,True,True,,1,0.30638863996136934,0.009966482,0.30638863996136934,0.30791139299981296
38,offset_c0.7_from0.8,5,joint_projected,20641697,False,False,planning,99999,3.0402544350363314,0.0,6.0,3.0599963730201125
38,offset_c0.7_from0.8,5,cartesian_ik,20641697,False,False,planning,99999,3.109451932949014,0.0,6.0,3.1292247240198776
38,offset_c0.7_from0.8,6,joint_projected,20641798,False,False,planning,99999,3.085002512088977,0.0,6.0,3.104590334929526
38,offset_c0.7_from0.8,6,cartesian_ik,20641798,False,False,planning,99999,3.1019546849420294,0.0,6.0,3.1221893379697576
38,offset_c0.7_from0.8,6,ompl_uniform,20641798,True,True,,1,0.15905144100543112,0.01043993,0.15905144100543112,0.16049074905458838
38,offset_c0.7_from0.8,7,joint_projected,20641899,False,False,planning,99999,3.0045574749819934,0.0,6.0,3.025004526018165
38,offset_c0.7_from0.8,7,ompl_uniform,20641899,True,True,,1,0.17683592799585313,0.029090137,0.17683592799585313,0.17805425100959837
38,offset_c0.7_from0.8,7,cartesian_ik,20641899,False,False,planning,99999,3.018829090986401,0.0,6.0,3.0390570100862533
38,offset_c0.7_from0.8,8,joint_projected,20642000,False,False,planning,99999,3.098298133001663,0.0,6.0,3.1181210859213024
38,offset_c0.7_from0.8,8,ompl_uniform,20642000,True,True,,1,0.21849435300100595,0.046246252,0.21849435300100595,0.21977596497163177
38,offset_c0.7_from0.8,8,cartesian_ik,20642000,False,False,planning,99999,3.0702899020398036,0.0,6.0,3.0904321039561182
38,offset_c0.7_from0.8,9,ompl_uniform,20642101,True,True,,1,0.17556765105109662,0.018950941,0.17556765105109662,0.17714184103533626
38,offset_c0.7_from0.8,9,joint_projected,20642101,False,False,planning,99999,3.0954028479754925,0.0,6.0,3.1158651689765975
38,offset_c0.7_from0.8,9,cartesian_ik,20642101,False,False,planning,99999,3.100492450990714,0.0,6.0,3.1208132590400055
46,distant_c0.5_from0.2,0,ompl_uniform,20721248,True,True,,1,0.19026393501553684,0.017449207,0.19026393501553684,0.19163621705956757
46,distant_c0.5_from0.2,0,joint_projected,20721248,True,True,,1,0.19372270803432912,0.023922921,0.19372270803432912,0.2142914280993864
46,distant_c0.5_from0.2,0,cartesian_ik,20721248,True,True,,1,0.1168375649722293,0.012938122,0.1168375649722293,0.13726853602565825
46,distant_c0.5_from0.2,1,joint_projected,20721349,True,True,,1,0.025680726976133883,0.014971953,0.025680726976133883,0.046102038002572954
46,distant_c0.5_from0.2,1,ompl_uniform,20721349,True,True,,1,0.20234089100267738,0.023094112,0.20234089100267738,0.20340285496786237
46,distant_c0.5_from0.2,1,cartesian_ik,20721349,True,True,,1,0.1035149130038917,0.022977473,0.1035149130038917,0.12405132304411381
46,distant_c0.5_from0.2,2,joint_projected,20721450,True,True,,1,0.0721447819378227,0.017274881,0.0721447819378227,0.09216782997827977
46,distant_c0.5_from0.2,2,cartesian_ik,20721450,True,True,,1,0.13392460707109421,0.015559688,0.13392460707109421,0.15387490903958678
46,distant_c0.5_from0.2,2,ompl_uniform,20721450,True,True,,1,0.09789830795489252,0.020254796,0.09789830795489252,0.0996028840309009
46,distant_c0.5_from0.2,3,joint_projected,20721551,True,True,,1,0.12828238599468023,0.023775619,0.12828238599468023,0.14892328705172986
46,distant_c0.5_from0.2,3,ompl_uniform,20721551,True,True,,1,0.12381208990700543,0.010843647,0.12381208990700543,0.12556916801258922
46,distant_c0.5_from0.2,3,cartesian_ik,20721551,True,True,,1,0.17743188701570034,0.021950522,0.17743188701570034,0.19795778498519212
46,distant_c0.5_from0.2,4,cartesian_ik,20721652,True,True,,1,0.10608693398535252,0.008588179,0.10608693398535252,0.12666485703084618
46,distant_c0.5_from0.2,4,joint_projected,20721652,True,True,,1,0.18223171506542712,0.020415149,0.18223171506542712,0.20269861305132508
46,distant_c0.5_from0.2,4,ompl_uniform,20721652,True,True,,1,0.11229230102617294,0.016833173,0.11229230102617294,0.11384400504175574
46,distant_c0.5_from0.2,5,ompl_uniform,20721753,True,True,,1,0.2614075399469584,0.018545064,0.2614075399469584,0.26340873702429235
46,distant_c0.5_from0.2,5,cartesian_ik,20721753,True,True,,1,0.13605453295167536,0.013854423,0.13605453295167536,0.15673780802171677
46,distant_c0.5_from0.2,5,joint_projected,20721753,True,True,,1,0.12348882807418704,0.027622593,0.12348882807418704,0.14350507711060345
46,distant_c0.5_from0.2,6,joint_projected,20721854,True,True,,1,0.12072534405160695,0.014245864,0.12072534405160695,0.14084747596643865
46,distant_c0.5_from0.2,6,cartesian_ik,20721854,True,True,,1,0.10043092805426568,0.051655323,0.10043092805426568,0.12048134708311409
46,distant_c0.5_from0.2,6,ompl_uniform,20721854,True,True,,1,0.13534523802809417,0.016332919,0.13534523802809417,0.137337408028543
46,distant_c0.5_from0.2,7,ompl_uniform,20721955,True,True,,1,0.1191790810553357,0.010089508,0.1191790810553357,0.12033181497827172
46,distant_c0.5_from0.2,7,joint_projected,20721955,True,True,,1,0.03893021203111857,0.025005641,0.03893021203111857,0.058810063055716455
46,distant_c0.5_from0.2,7,cartesian_ik,20721955,True,True,,1,0.05444883496966213,0.020196057,0.05444883496966213,0.0743198380805552
46,distant_c0.5_from0.2,8,cartesian_ik,20722056,True,True,,1,0.05202446202747524,0.0224155,0.05202446202747524,0.07241498003713787
46,distant_c0.5_from0.2,8,joint_projected,20722056,True,True,,1,0.06234506389591843,0.018548991,0.06234506389591843,0.08244368201121688
46,distant_c0.5_from0.2,8,ompl_uniform,20722056,True,True,,1,0.08716629596892744,0.006588069,0.08716629596892744,0.08879608300048858
46,distant_c0.5_from0.2,9,joint_projected,20722157,True,True,,1,0.12312135496176779,0.026693635,0.12312135496176779,0.14290256495587528
46,distant_c0.5_from0.2,9,ompl_uniform,20722157,True,True,,1,0.30399391998071223,0.024246485,0.30399391998071223,0.30544579203706235
46,distant_c0.5_from0.2,9,cartesian_ik,20722157,True,True,,1,0.12592477397993207,0.013392871,0.12592477397993207,0.14569775003474206
36,offset_c0.7_from0.8,0,ompl_uniform,20621178,True,True,,1,0.1631813870044425,0.011921306,0.1631813870044425,0.16461454599630088
36,offset_c0.7_from0.8,0,joint_projected,20621178,True,True,,1,0.2617800519801676,0.08184047,0.2617800519801676,0.28300595295149833
36,offset_c0.7_from0.8,0,cartesian_ik,20621178,True,True,,1,0.43132733402308077,0.132247051,0.43132733402308077,0.4529430440161377
36,offset_c0.7_from0.8,1,cartesian_ik,20621279,True,True,,1,2.83510568307247,2.303421171,2.83510568307247,2.8569262239616364
36,offset_c0.7_from0.8,1,joint_projected,20621279,True,True,,1,0.472841477021575,0.110232582,0.472841477021575,0.4950679539470002
36,offset_c0.7_from0.8,1,ompl_uniform,20621279,True,True,,1,0.10964634595438838,0.017993639,0.10964634595438838,0.11118016997352242
36,offset_c0.7_from0.8,2,cartesian_ik,20621380,True,True,,1,0.7571557019837201,0.444352546,0.7571557019837201,0.7785888399230316
36,offset_c0.7_from0.8,2,ompl_uniform,20621380,True,True,,1,0.1042919399915263,0.014627862,0.1042919399915263,0.10560781101230532
36,offset_c0.7_from0.8,2,joint_projected,20621380,False,False,planning,99999,3.1027239280520007,0.0,6.0,3.1235282488632947
36,offset_c0.7_from0.8,3,joint_projected,20621481,False,False,planning,99999,3.103464417043142,0.0,6.0,3.123625566950068
36,offset_c0.7_from0.8,3,ompl_uniform,20621481,True,True,,1,0.226767432061024,0.01684852,0.226767432061024,0.2280523080844432
36,offset_c0.7_from0.8,3,cartesian_ik,20621481,False,True,path_audit,1,0.550033143023029,0.226772712,6.0,0.5712865280220285
36,offset_c0.7_from0.8,4,ompl_uniform,20621582,True,True,,1,0.15946314192842692,0.010782168,0.15946314192842692,0.16066245909314603
36,offset_c0.7_from0.8,4,cartesian_ik,20621582,True,True,,1,1.6113936939509585,0.821848837,1.6113936939509585,1.6350549448980018
36,offset_c0.7_from0.8,4,joint_projected,20621582,False,False,planning,99999,3.044210040010512,0.0,6.0,3.064240296022035
36,offset_c0.7_from0.8,5,cartesian_ik,20621683,True,True,,1,2.1873221860732883,1.561604621,2.1873221860732883,2.2086713849566877
36,offset_c0.7_from0.8,5,ompl_uniform,20621683,True,True,,1,0.09661028604023159,0.013848371,0.09661028604023159,0.09812364599201828
36,offset_c0.7_from0.8,5,joint_projected,20621683,False,False,planning,99999,3.02251764095854,0.0,6.0,3.0430328119546175
36,offset_c0.7_from0.8,6,joint_projected,20621784,True,True,,1,0.7268936230102554,0.252851672,0.7268936230102554,0.7481819218955934
36,offset_c0.7_from0.8,6,ompl_uniform,20621784,True,True,,1,0.17401340906508267,0.008651791,0.17401340906508267,0.17582738702185452
36,offset_c0.7_from0.8,6,cartesian_ik,20621784,True,True,,1,0.9110049840528518,0.461186323,0.9110049840528518,0.9332363388966769
36,offset_c0.7_from0.8,7,cartesian_ik,20621885,False,True,path_audit,1,2.3209076980128884,1.894545813,6.0,2.3419887829804793
36,offset_c0.7_from0.8,7,joint_projected,20621885,False,False,planning,99999,3.0302988019539043,0.0,6.0,3.051063184044324
36,offset_c0.7_from0.8,7,ompl_uniform,20621885,True,True,,1,0.18129143095575273,0.013228014,0.18129143095575273,0.1829458710271865
36,offset_c0.7_from0.8,8,joint_projected,20621986,False,False,planning,99999,3.009806956979446,0.0,6.0,3.030742095899768
36,offset_c0.7_from0.8,8,ompl_uniform,20621986,True,True,,1,0.2219959800131619,0.026701529,0.2219959800131619,0.22383509203791618
36,offset_c0.7_from0.8,8,cartesian_ik,20621986,True,True,,1,1.0070787310833111,0.474408573,1.0070787310833111,1.0285263499245048
36,offset_c0.7_from0.8,9,joint_projected,20622087,False,False,planning,99999,3.1021075809840113,0.0,6.0,3.12225082796067
36,offset_c0.7_from0.8,9,ompl_uniform,20622087,True,True,,1,0.23064513190183789,0.037532403,0.23064513190183789,0.2319510499946773
36,offset_c0.7_from0.8,9,cartesian_ik,20622087,True,True,,1,1.6051311070332304,0.868908946,1.6051311070332304,1.6262086989590898
41,distant_c0.5_from0.2,0,cartesian_ik,20671213,False,True,path_audit,1,0.13286958902608603,0.030809697,6.0,0.15251328295562416
41,distant_c0.5_from0.2,0,ompl_uniform,20671213,True,True,,1,0.18388690403662622,0.024708711,0.18388690403662622,0.18499313900247216
41,distant_c0.5_from0.2,0,joint_projected,20671213,True,True,,1,0.10866103996522725,0.024630318,0.10866103996522725,0.12876544101163745
41,distant_c0.5_from0.2,1,joint_projected,20671314,True,True,,1,0.10893099091481417,0.016982239,0.10893099091481417,0.1288541629910469
41,distant_c0.5_from0.2,1,cartesian_ik,20671314,True,True,,1,0.04489805398043245,0.009974007,0.04489805398043245,0.06529137201141566
41,distant_c0.5_from0.2,1,ompl_uniform,20671314,True,True,,1,0.13153931009583175,0.014677675,0.13153931009583175,0.13325147796422243
41,distant_c0.5_from0.2,2,cartesian_ik,20671415,True,True,,1,0.22839198797009885,0.016273047,0.22839198797009885,0.24913719994947314
41,distant_c0.5_from0.2,2,ompl_uniform,20671415,True,True,,1,0.13019717601127923,0.011150269,0.13019717601127923,0.13192365691065788
41,distant_c0.5_from0.2,2,joint_projected,20671415,True,True,,1,0.2566772069549188,0.024819062,0.2566772069549188,0.27736492396797985
41,distant_c0.5_from0.2,3,ompl_uniform,20671516,True,True,,1,0.12031485105399042,0.017807849,0.12031485105399042,0.12219559599179775
41,distant_c0.5_from0.2,3,cartesian_ik,20671516,True,True,,1,0.05120639794040471,0.02432027,0.05120639794040471,0.07169363193679601
41,distant_c0.5_from0.2,3,joint_projected,20671516,True,True,,1,0.21668048691935837,0.041249385,0.21668048691935837,0.23704109888058156
41,distant_c0.5_from0.2,4,ompl_uniform,20671617,True,True,,1,0.14875839708838612,0.022643223,0.14875839708838612,0.15012154099531472
41,distant_c0.5_from0.2,4,cartesian_ik,20671617,True,True,,1,0.24904392007738352,0.043071003,0.24904392007738352,0.27055158896837384
41,distant_c0.5_from0.2,4,joint_projected,20671617,True,True,,1,0.08256801008246839,0.012457838,0.08256801008246839,0.10342253290582448
41,distant_c0.5_from0.2,5,ompl_uniform,20671718,True,True,,1,0.2253684370080009,0.014819265,0.2253684370080009,0.2267768350429833
41,distant_c0.5_from0.2,5,joint_projected,20671718,True,True,,1,0.08540637802798301,0.020348695,0.08540637802798301,0.10628962295595556
41,distant_c0.5_from0.2,5,cartesian_ik,20671718,True,True,,1,0.20409008290152997,0.022004962,0.20409008290152997,0.22502266196534038
41,distant_c0.5_from0.2,6,cartesian_ik,20671819,True,True,,1,0.0735813369974494,0.015618833,0.0735813369974494,0.09399782295804471
41,distant_c0.5_from0.2,6,ompl_uniform,20671819,True,True,,1,0.0711890299571678,0.022994493,0.0711890299571678,0.07273443695157766
41,distant_c0.5_from0.2,6,joint_projected,20671819,True,True,,1,0.10816429206170142,0.017293729,0.10816429206170142,0.12863136897794902
41,distant_c0.5_from0.2,7,joint_projected,20671920,True,True,,1,0.1315543600358069,0.020520812,0.1315543600358069,0.1515726459911093
41,distant_c0.5_from0.2,7,ompl_uniform,20671920,True,True,,1,0.1484813040588051,0.022447226,0.1484813040588051,0.14988374593667686
41,distant_c0.5_from0.2,7,cartesian_ik,20671920,True,True,,1,0.15660737094003707,0.039604654,0.15660737094003707,0.17683830996975303
41,distant_c0.5_from0.2,8,ompl_uniform,20672021,True,True,,1,0.15220406895969063,0.018198646,0.15220406895969063,0.153336143004708
41,distant_c0.5_from0.2,8,cartesian_ik,20672021,True,True,,1,0.03978719608858228,0.01368894,0.03978719608858228,0.06022798386402428
41,distant_c0.5_from0.2,8,joint_projected,20672021,True,True,,1,0.1798536820570007,0.031181668,0.1798536820570007,0.20047231891658157
41,distant_c0.5_from0.2,9,joint_projected,20672122,True,True,,1,0.10585494607221335,0.038522936,0.10585494607221335,0.12568076490424573
41,distant_c0.5_from0.2,9,cartesian_ik,20672122,True,True,,1,0.1082680249819532,0.010695067,0.1082680249819532,0.12835944804828614
41,distant_c0.5_from0.2,9,ompl_uniform,20672122,True,True,,1,0.1649216910591349,0.011406523,0.1649216910591349,0.16644552198704332
47,distant_c0.5_from0.2,0,cartesian_ik,20731255,True,True,,1,0.3619926000246778,0.066953668,0.3619926000246778,0.3822250299854204
47,distant_c0.5_from0.2,0,joint_projected,20731255,True,True,,1,0.16832354001235217,0.031778446,0.16832354001235217,0.18947829795069993
47,distant_c0.5_from0.2,0,ompl_uniform,20731255,True,True,,1,0.06512496003415436,0.013437355,0.06512496003415436,0.06654108094517142
47,distant_c0.5_from0.2,1,ompl_uniform,20731356,True,True,,1,0.13637337496038526,0.021888207,0.13637337496038526,0.13770302291959524
47,distant_c0.5_from0.2,1,cartesian_ik,20731356,True,True,,1,0.0592573689064011,0.022010147,0.0592573689064011,0.07964342902414501
47,distant_c0.5_from0.2,1,joint_projected,20731356,True,True,,1,0.14072397898416966,0.031126645,0.14072397898416966,0.161351511022076
47,distant_c0.5_from0.2,2,cartesian_ik,20731457,True,True,,1,0.02972200291696936,0.00501612,0.02972200291696936,0.049697877024300396
47,distant_c0.5_from0.2,2,joint_projected,20731457,True,True,,1,0.04070683603640646,0.027401923,0.04070683603640646,0.06050858099479228
47,distant_c0.5_from0.2,2,ompl_uniform,20731457,True,True,,1,0.07553618308156729,0.004316905,0.07553618308156729,0.07728881598450243
47,distant_c0.5_from0.2,3,ompl_uniform,20731558,True,True,,1,0.12449260102584958,0.013453484,0.12449260102584958,0.12564195599406958
47,distant_c0.5_from0.2,3,joint_projected,20731558,True,True,,1,0.04905562801286578,0.017407291,0.04905562801286578,0.06918654893524945
47,distant_c0.5_from0.2,3,cartesian_ik,20731558,True,True,,1,0.20723516691941768,0.026615761,0.20723516691941768,0.22775147389620543
47,distant_c0.5_from0.2,4,cartesian_ik,20731659,True,True,,1,0.10567409102804959,0.033016037,0.10567409102804959,0.12569034204352647
47,distant_c0.5_from0.2,4,joint_projected,20731659,True,True,,1,0.2638841300504282,0.046648057,0.2638841300504282,0.28437104588374496
47,distant_c0.5_from0.2,4,ompl_uniform,20731659,True,True,,1,0.08748944790568203,0.008990847,0.08748944790568203,0.08905324107035995
47,distant_c0.5_from0.2,5,joint_projected,20731760,True,True,,1,0.14966226799879223,0.030433061,0.14966226799879223,0.16988906497135758
47,distant_c0.5_from0.2,5,cartesian_ik,20731760,True,True,,1,0.1765555189922452,0.031281099,0.1765555189922452,0.19701494299806654
47,distant_c0.5_from0.2,5,ompl_uniform,20731760,True,True,,1,0.13544851902406663,0.014893848,0.13544851902406663,0.13703039602842182
47,distant_c0.5_from0.2,6,joint_projected,20731861,True,True,,1,0.11949202104005963,0.034680648,0.11949202104005963,0.14021924301050603
47,distant_c0.5_from0.2,6,cartesian_ik,20731861,True,True,,1,0.19801576004829258,0.030360091,0.19801576004829258,0.21843460702802986
47,distant_c0.5_from0.2,6,ompl_uniform,20731861,True,True,,1,0.16807140095625073,0.016703682,0.16807140095625073,0.16931922896765172
47,distant_c0.5_from0.2,7,ompl_uniform,20731962,True,True,,1,0.17186679202131927,0.014715105,0.17186679202131927,0.1732062610099092
47,distant_c0.5_from0.2,7,joint_projected,20731962,True,True,,1,0.11701997905038297,0.02998922,0.11701997905038297,0.13752686395309865
47,distant_c0.5_from0.2,7,cartesian_ik,20731962,True,True,,1,0.1321514289593324,0.01519798,0.1321514289593324,0.1523518959293142
47,distant_c0.5_from0.2,8,joint_projected,20732063,True,True,,1,0.12164778308942914,0.029518073,0.12164778308942914,0.1420576689997688
47,distant_c0.5_from0.2,8,cartesian_ik,20732063,True,True,,1,0.054400931927375495,0.019412613,0.054400931927375495,0.0747015830129385
47,distant_c0.5_from0.2,8,ompl_uniform,20732063,True,True,,1,0.2038939530029893,0.010257693,0.2038939530029893,0.20518691395409405
47,distant_c0.5_from0.2,9,cartesian_ik,20732164,True,True,,1,0.1112067389767617,0.008253419,0.1112067389767617,0.13208001700695604
47,distant_c0.5_from0.2,9,ompl_uniform,20732164,True,True,,1,0.10007122496608645,0.014681106,0.10007122496608645,0.1016068640165031
47,distant_c0.5_from0.2,9,joint_projected,20732164,True,True,,1,0.06533140304964036,0.028552615,0.06533140304964036,0.08557169488631189
7,central_c0.5_from0.2,0,cartesian_ik,20330975,False,False,goal_invalid_in_corridor,,0.0,0.0,6.0,0.019838531967252493
7,central_c0.5_from0.2,0,ompl_uniform,20330975,True,True,,1,0.2489981200778857,0.035200678,0.2489981200778857,0.2501286680344492
7,central_c0.5_from0.2,0,joint_projected,20330975,False,False,goal_invalid_in_corridor,,0.0,0.0,6.0,0.020518743083812296
7,central_c0.5_from0.2,1,cartesian_ik,20331076,False,False,goal_invalid_in_corridor,,0.0,0.0,6.0,0.02014749706722796
7,central_c0.5_from0.2,1,ompl_uniform,20331076,True,True,,1,0.12823426304385066,0.029518051,0.12823426304385066,0.1298003609990701
7,central_c0.5_from0.2,1,joint_projected,20331076,False,False,goal_invalid_in_corridor,,0.0,0.0,6.0,0.020696236053481698
7,central_c0.5_from0.2,2,ompl_uniform,20331177,True,True,,1,0.25693812989629805,0.025814507,0.25693812989629805,0.25849889894016087
7,central_c0.5_from0.2,2,joint_projected,20331177,False,False,goal_invalid_in_corridor,,0.0,0.0,6.0,0.02025626611430198
7,central_c0.5_from0.2,2,cartesian_ik,20331177,False,False,goal_invalid_in_corridor,,0.0,0.0,6.0,0.019812828046269715
7,central_c0.5_from0.2,3,joint_projected,20331278,False,False,goal_invalid_in_corridor,,0.0,0.0,6.0,0.019762650947086513
7,central_c0.5_from0.2,3,ompl_uniform,20331278,True,True,,1,0.472387254005298,0.04321686,0.472387254005298,0.47382183105219156
7,central_c0.5_from0.2,3,cartesian_ik,20331278,False,False,goal_invalid_in_corridor,,0.0,0.0,6.0,0.020786607055924833
7,central_c0.5_from0.2,4,ompl_uniform,20331379,True,True,,1,0.1389583069831133,0.023902358,0.1389583069831133,0.14029998506885022
7,central_c0.5_from0.2,4,joint_projected,20331379,False,False,goal_invalid_in_corridor,,0.0,0.0,6.0,0.01995553309097886
7,central_c0.5_from0.2,4,cartesian_ik,20331379,False,False,goal_invalid_in_corridor,,0.0,0.0,6.0,0.019763155025430024
7,central_c0.5_from0.2,5,ompl_uniform,20331480,True,True,,1,0.19085102691315114,0.033155069,0.19085102691315114,0.19211057806387544
7,central_c0.5_from0.2,5,cartesian_ik,20331480,False,False,goal_invalid_in_corridor,,0.0,0.0,6.0,0.019986295024864376
7,central_c0.5_from0.2,5,joint_projected,20331480,False,False,goal_invalid_in_corridor,,0.0,0.0,6.0,0.019276809063740075
7,central_c0.5_from0.2,6,joint_projected,20331581,False,False,goal_invalid_in_corridor,,0.0,0.0,6.0,0.01924166502431035
7,central_c0.5_from0.2,6,ompl_uniform,20331581,True,True,,1,0.31915246206335723,0.013985783,0.31915246206335723,0.3203340689651668
7,central_c0.5_from0.2,6,cartesian_ik,20331581,False,False,goal_invalid_in_corridor,,0.0,0.0,6.0,0.02012730808928609
7,central_c0.5_from0.2,7,cartesian_ik,20331682,False,False,goal_invalid_in_corridor,,0.0,0.0,6.0,0.01971250108908862
7,central_c0.5_from0.2,7,joint_projected,20331682,False,False,goal_invalid_in_corridor,,0.0,0.0,6.0,0.019603517022915184
7,central_c0.5_from0.2,7,ompl_uniform,20331682,True,True,,1,0.1276436080224812,0.016653853,0.1276436080224812,0.12869833305012435
7,central_c0.5_from0.2,8,joint_projected,20331783,False,False,goal_invalid_in_corridor,,0.0,0.0,6.0,0.02067047404125333
7,central_c0.5_from0.2,8,cartesian_ik,20331783,False,False,goal_invalid_in_corridor,,0.0,0.0,6.0,0.020204537082463503
7,central_c0.5_from0.2,8,ompl_uniform,20331783,True,True,,1,0.1429460869403556,0.009361851,0.1429460869403556,0.14394703297875822
7,central_c0.5_from0.2,9,joint_projected,20331884,False,False,goal_invalid_in_corridor,,0.0,0.0,6.0,0.021253968006931245
7,central_c0.5_from0.2,9,ompl_uniform,20331884,True,True,,1,0.12660328391939402,0.03573504,0.12660328391939402,0.12803173391148448
7,central_c0.5_from0.2,9,cartesian_ik,20331884,False,False,goal_invalid_in_corridor,,0.0,0.0,6.0,0.020579037023708224
26,offset_c0.5_from0.2,0,ompl_uniform,20521108,True,True,,1,0.1716223310213536,0.016735233,0.1716223310213536,0.17328885605093092
26,offset_c0.5_from0.2,0,cartesian_ik,20521108,True,True,,1,0.09723634703550488,0.027740884,0.09723634703550488,0.11902487801853567
26,offset_c0.5_from0.2,0,joint_projected,20521108,True,True,,1,0.12735291803255677,0.020145093,0.12735291803255677,0.1488167269853875
26,offset_c0.5_from0.2,1,ompl_uniform,20521209,True,True,,1,0.10920473397709429,0.008367951,0.10920473397709429,0.11088423000182956
26,offset_c0.5_from0.2,1,joint_projected,20521209,True,True,,1,0.07886025100015104,0.036671697,0.07886025100015104,0.1004673111019656
26,offset_c0.5_from0.2,1,cartesian_ik,20521209,True,True,,1,0.10859823296777904,0.015637619,0.10859823296777904,0.13014142401516438
26,offset_c0.5_from0.2,2,joint_projected,20521310,True,True,,1,0.09479032701347023,0.022440106,0.09479032701347023,0.11629081203136593
26,offset_c0.5_from0.2,2,ompl_uniform,20521310,True,True,,1,0.2123786109732464,0.017524269,0.2123786109732464,0.21427294402383268
26,offset_c0.5_from0.2,2,cartesian_ik,20521310,True,True,,1,0.1271926430054009,0.021199893,0.1271926430054009,0.14890740311238915
26,offset_c0.5_from0.2,3,ompl_uniform,20521411,True,True,,1,0.20004265592433512,0.011613038,0.20004265592433512,0.2019279000815004
26,offset_c0.5_from0.2,3,joint_projected,20521411,True,True,,1,0.11039346409961581,0.03986612,0.11039346409961581,0.1318917110329494
26,offset_c0.5_from0.2,3,cartesian_ik,20521411,True,True,,1,0.04973823099862784,0.011839353,0.04973823099862784,0.0710114510729909
26,offset_c0.5_from0.2,4,cartesian_ik,20521512,True,True,,1,0.12495994288474321,0.034153644,0.12495994288474321,0.1464310340816155
26,offset_c0.5_from0.2,4,joint_projected,20521512,True,True,,1,0.1470155279384926,0.027143179,0.1470155279384926,0.16780047095380723
26,offset_c0.5_from0.2,4,ompl_uniform,20521512,True,True,,1,0.22736586700193584,0.021147611,0.22736586700193584,0.22880568099208176
26,offset_c0.5_from0.2,5,cartesian_ik,20521613,True,True,,1,0.21462071407586336,0.040078902,0.21462071407586336,0.236468164017424
26,offset_c0.5_from0.2,5,ompl_uniform,20521613,True,True,,1,0.16257978393696249,0.012504768,0.16257978393696249,0.1646850008983165
26,offset_c0.5_from0.2,5,joint_projected,20521613,True,True,,1,0.09903389506507665,0.028220049,0.09903389506507665,0.12096467905212194
26,offset_c0.5_from0.2,6,joint_projected,20521714,True,True,,1,0.0949409760069102,0.03345601,0.0949409760069102,0.11664811510127038
26,offset_c0.5_from0.2,6,cartesian_ik,20521714,True,True,,1,0.07117933291010559,0.02307236,0.07117933291010559,0.0922682760283351
26,offset_c0.5_from0.2,6,ompl_uniform,20521714,True,True,,1,0.12203509290702641,0.011054217,0.12203509290702641,0.12359844497404993
26,offset_c0.5_from0.2,7,joint_projected,20521815,True,True,,1,0.06444309197831899,0.024771131,0.06444309197831899,0.08608950208872557
26,offset_c0.5_from0.2,7,cartesian_ik,20521815,True,True,,1,0.10838534205686301,0.025812729,0.10838534205686301,0.130038846982643
26,offset_c0.5_from0.2,7,ompl_uniform,20521815,True,True,,1,0.15606617007870227,0.010607103,0.15606617007870227,0.15785473899450153
26,offset_c0.5_from0.2,8,joint_projected,20521916,True,True,,1,0.13486040208954364,0.04011332,0.13486040208954364,0.15648007206618786
26,offset_c0.5_from0.2,8,cartesian_ik,20521916,True,True,,1,0.1434174319729209,0.010175347,0.1434174319729209,0.16439564106985927
26,offset_c0.5_from0.2,8,ompl_uniform,20521916,True,True,,1,0.16394921601749957,0.012729826,0.16394921601749957,0.16575487598311156
26,offset_c0.5_from0.2,9,joint_projected,20522017,True,True,,1,0.24265134206507355,0.033210227,0.24265134206507355,0.2641384470043704
26,offset_c0.5_from0.2,9,cartesian_ik,20522017,True,True,,1,0.10268451296724379,0.024750653,0.10268451296724379,0.12421447900123894
26,offset_c0.5_from0.2,9,ompl_uniform,20522017,True,True,,1,0.23407125391531736,0.022160605,0.23407125391531736,0.2359099560417235
14,central_c0.7_from0.8,0,joint_projected,20401024,False,False,planning,99999,3.006545862997882,0.0,6.0,3.0266099739819765
14,central_c0.7_from0.8,0,ompl_uniform,20401024,True,True,,1,0.19004833896178752,0.007094867,0.19004833896178752,0.19144295807927847
14,central_c0.7_from0.8,0,cartesian_ik,20401024,True,True,,1,1.3318599310005084,1.010250715,1.3318599310005084,1.3538007849128917
14,central_c0.7_from0.8,1,ompl_uniform,20401125,True,True,,1,0.16546487505547702,0.010821251,0.16546487505547702,0.16709362296387553
14,central_c0.7_from0.8,1,cartesian_ik,20401125,True,True,,1,0.8539983830414712,0.496303188,0.8539983830414712,0.8759482869645581
14,central_c0.7_from0.8,1,joint_projected,20401125,False,False,planning,99999,3.0519002539804205,0.0,6.0,3.0729067970532924
14,central_c0.7_from0.8,2,cartesian_ik,20401226,True,True,,1,1.0638286670437083,0.706706474,1.0638286670437083,1.0851212739944458
14,central_c0.7_from0.8,2,ompl_uniform,20401226,True,True,,1,0.16186860401649028,0.017565409,0.16186860401649028,0.1636223109671846
14,central_c0.7_from0.8,2,joint_projected,20401226,False,False,planning,99999,3.0318000910338014,0.0,6.0,3.0524830149952322
14,central_c0.7_from0.8,3,cartesian_ik,20401327,False,False,planning,99999,3.1057651839219034,0.0,6.0,3.1258117569377646
14,central_c0.7_from0.8,3,ompl_uniform,20401327,True,True,,1,0.24680089601315558,0.045451313,0.24680089601315558,0.2485812100348994
14,central_c0.7_from0.8,3,joint_projected,20401327,True,True,,1,0.5378435340244323,0.147453284,0.5378435340244323,0.5593447310384363
14,central_c0.7_from0.8,4,ompl_uniform,20401428,True,True,,1,0.28418706892989576,0.032001395,0.28418706892989576,0.28631921799387783
14,central_c0.7_from0.8,4,joint_projected,20401428,False,False,planning,99999,3.0542961379978806,0.0,6.0,3.07518860604614
14,central_c0.7_from0.8,4,cartesian_ik,20401428,False,False,planning,99999,3.105934332939796,0.0,6.0,3.1259436439722776
14,central_c0.7_from0.8,5,cartesian_ik,20401529,True,True,,1,2.2258788229664788,1.752234667,2.2258788229664788,2.2472765390994027
14,central_c0.7_from0.8,5,ompl_uniform,20401529,True,True,,1,0.21212368202395737,0.027722127,0.21212368202395737,0.21391769696492702
14,central_c0.7_from0.8,5,joint_projected,20401529,False,False,planning,99999,3.0928025599569082,0.0,6.0,3.113777789985761
14,central_c0.7_from0.8,6,ompl_uniform,20401630,True,True,,1,0.20559007895644754,0.032178304,0.20559007895644754,0.20750046498142183
14,central_c0.7_from0.8,6,cartesian_ik,20401630,True,True,,1,0.42326687497552484,0.17842204,0.42326687497552484,0.4443120500072837
14,central_c0.7_from0.8,6,joint_projected,20401630,False,False,planning,99999,3.0884849060093984,0.0,6.0,3.1098702419549227
14,central_c0.7_from0.8,7,ompl_uniform,20401731,True,True,,1,0.28204660199116915,0.02835057,0.28204660199116915,0.2838831499684602
14,central_c0.7_from0.8,7,cartesian_ik,20401731,True,True,,1,2.4061506600119174,1.959928904,2.4061506600119174,2.427753939991817
14,central_c0.7_from0.8,7,joint_projected,20401731,False,False,planning,99999,3.083539995015599,0.0,6.0,3.104444574099034
14,central_c0.7_from0.8,8,joint_projected,20401832,False,False,planning,99999,3.098689573002048,0.0,6.0,3.119347434025258
14,central_c0.7_from0.8,8,cartesian_ik,20401832,True,True,,1,0.36406872898805887,0.158906029,0.36406872898805887,0.3850940640550107
14,central_c0.7_from0.8,8,ompl_uniform,20401832,True,True,,1,0.4089178319554776,0.0182044,0.4089178319554776,0.4109304609009996
14,central_c0.7_from0.8,9,cartesian_ik,20401933,True,True,,1,1.7395871850894764,1.11138559,1.7395871850894764,1.7617365480400622
14,central_c0.7_from0.8,9,ompl_uniform,20401933,True,True,,1,0.10382824204862118,0.016845949,0.10382824204862118,0.10527882096357644
14,central_c0.7_from0.8,9,joint_projected,20401933,False,False,planning,99999,3.085092322085984,0.0,6.0,3.1059804880060256
12,central_c0.7_from0.8,0,joint_projected,20381010,False,False,goal_ik_design,,0.0,0.0,6.0,0.01899097894784063
12,central_c0.7_from0.8,0,cartesian_ik,20381010,False,False,goal_ik_design,,0.0,0.0,6.0,0.01899097894784063
12,central_c0.7_from0.8,0,ompl_uniform,20381010,False,False,goal_ik_design,,0.0,0.0,6.0,0.0
12,central_c0.7_from0.8,1,joint_projected,20381111,False,False,goal_ik_design,,0.0,0.0,6.0,0.01899097894784063
12,central_c0.7_from0.8,1,cartesian_ik,20381111,False,False,goal_ik_design,,0.0,0.0,6.0,0.01899097894784063
12,central_c0.7_from0.8,1,ompl_uniform,20381111,False,False,goal_ik_design,,0.0,0.0,6.0,0.0
12,central_c0.7_from0.8,2,ompl_uniform,20381212,False,False,goal_ik_design,,0.0,0.0,6.0,0.0
12,central_c0.7_from0.8,2,cartesian_ik,20381212,False,False,goal_ik_design,,0.0,0.0,6.0,0.01899097894784063
12,central_c0.7_from0.8,2,joint_projected,20381212,False,False,goal_ik_design,,0.0,0.0,6.0,0.01899097894784063
12,central_c0.7_from0.8,3,ompl_uniform,20381313,False,False,goal_ik_design,,0.0,0.0,6.0,0.0
12,central_c0.7_from0.8,3,cartesian_ik,20381313,False,False,goal_ik_design,,0.0,0.0,6.0,0.01899097894784063
12,central_c0.7_from0.8,3,joint_projected,20381313,False,False,goal_ik_design,,0.0,0.0,6.0,0.01899097894784063
12,central_c0.7_from0.8,4,cartesian_ik,20381414,False,False,goal_ik_design,,0.0,0.0,6.0,0.01899097894784063
12,central_c0.7_from0.8,4,joint_projected,20381414,False,False,goal_ik_design,,0.0,0.0,6.0,0.01899097894784063
12,central_c0.7_from0.8,4,ompl_uniform,20381414,False,False,goal_ik_design,,0.0,0.0,6.0,0.0
12,central_c0.7_from0.8,5,joint_projected,20381515,False,False,goal_ik_design,,0.0,0.0,6.0,0.01899097894784063
12,central_c0.7_from0.8,5,ompl_uniform,20381515,False,False,goal_ik_design,,0.0,0.0,6.0,0.0
12,central_c0.7_from0.8,5,cartesian_ik,20381515,False,False,goal_ik_design,,0.0,0.0,6.0,0.01899097894784063
12,central_c0.7_from0.8,6,joint_projected,20381616,False,False,goal_ik_design,,0.0,0.0,6.0,0.01899097894784063
12,central_c0.7_from0.8,6,ompl_uniform,20381616,False,False,goal_ik_design,,0.0,0.0,6.0,0.0
12,central_c0.7_from0.8,6,cartesian_ik,20381616,False,False,goal_ik_design,,0.0,0.0,6.0,0.01899097894784063
12,central_c0.7_from0.8,7,cartesian_ik,20381717,False,False,goal_ik_design,,0.0,0.0,6.0,0.01899097894784063
12,central_c0.7_from0.8,7,ompl_uniform,20381717,False,False,goal_ik_design,,0.0,0.0,6.0,0.0
12,central_c0.7_from0.8,7,joint_projected,20381717,False,False,goal_ik_design,,0.0,0.0,6.0,0.01899097894784063
12,central_c0.7_from0.8,8,ompl_uniform,20381818,False,False,goal_ik_design,,0.0,0.0,6.0,0.0
12,central_c0.7_from0.8,8,joint_projected,20381818,False,False,goal_ik_design,,0.0,0.0,6.0,0.01899097894784063
12,central_c0.7_from0.8,8,cartesian_ik,20381818,False,False,goal_ik_design,,0.0,0.0,6.0,0.01899097894784063
12,central_c0.7_from0.8,9,ompl_uniform,20381919,False,False,goal_ik_design,,0.0,0.0,6.0,0.0
12,central_c0.7_from0.8,9,joint_projected,20381919,False,False,goal_ik_design,,0.0,0.0,6.0,0.01899097894784063
12,central_c0.7_from0.8,9,cartesian_ik,20381919,False,False,goal_ik_design,,0.0,0.0,6.0,0.01899097894784063
54,distant_c0.7_from0.8,0,ompl_uniform,20801304,True,True,,1,0.1440558610484004,0.007678196,0.1440558610484004,0.14543518598657101
54,distant_c0.7_from0.8,0,joint_projected,20801304,True,True,,1,0.12281986104790121,0.026503758,0.12281986104790121,0.1430333461612463
54,distant_c0.7_from0.8,0,cartesian_ik,20801304,True,True,,1,0.1292557780398056,0.013296446,0.1292557780398056,0.14988053706474602
54,distant_c0.7_from0.8,1,joint_projected,20801405,True,True,,1,0.132206445094198,0.02574909,0.132206445094198,0.1527311580721289
54,distant_c0.7_from0.8,1,cartesian_ik,20801405,True,True,,1,0.13730480894446373,0.009053154,0.13730480894446373,0.15790548420045525
54,distant_c0.7_from0.8,1,ompl_uniform,20801405,True,True,,1,0.09502366103697568,0.008272501,0.09502366103697568,0.09603770799003541
54,distant_c0.7_from0.8,2,cartesian_ik,20801506,True,True,,1,0.1463312089908868,0.013886342,0.1463312089908868,0.16678677510935813
54,distant_c0.7_from0.8,2,joint_projected,20801506,True,True,,1,0.06679263396654278,0.028296288,0.06679263396654278,0.08723365620244294
54,distant_c0.7_from0.8,2,ompl_uniform,20801506,True,True,,1,0.16912772099021822,0.014139058,0.16912772099021822,0.17042381595820189
54,distant_c0.7_from0.8,3,joint_projected,20801607,True,True,,1,0.25199567794334143,0.020548491,0.25199567794334143,0.27288836310617626
54,distant_c0.7_from0.8,3,cartesian_ik,20801607,True,True,,1,0.0692106990609318,0.010517656,0.0692106990609318,0.08984416606836021
54,distant_c0.7_from0.8,3,ompl_uniform,20801607,True,True,,1,0.1981270790565759,0.008913663,0.1981270790565759,0.19998175103683025
54,distant_c0.7_from0.8,4,joint_projected,20801708,True,True,,1,0.055663115927018225,0.026226522,0.055663115927018225,0.07616337004583329
54,distant_c0.7_from0.8,4,ompl_uniform,20801708,True,True,,1,0.16855010809376836,0.009339307,0.16855010809376836,0.1699156790273264
54,distant_c0.7_from0.8,4,cartesian_ik,20801708,True,True,,1,0.2035864939680323,0.02329867,0.2035864939680323,0.22439117019530386
54,distant_c0.7_from0.8,5,joint_projected,20801809,True,True,,1,0.11672434397041798,0.017872591,0.11672434397041798,0.13723068311810493
54,distant_c0.7_from0.8,5,cartesian_ik,20801809,True,True,,1,0.13091962004546076,0.009272102,0.13091962004546076,0.15148907213006169
54,distant_c0.7_from0.8,5,ompl_uniform,20801809,True,True,,1,0.22408906603232026,0.016909929,0.22408906603232026,0.22576295502949506
54,distant_c0.7_from0.8,6,cartesian_ik,20801910,True,True,,1,0.12597456702496856,0.020620117,0.12597456702496856,0.14611499512102455
54,distant_c0.7_from0.8,6,ompl_uniform,20801910,True,True,,1,0.12025349494069815,0.025042283,0.12025349494069815,0.12227638298645616
54,distant_c0.7_from0.8,6,joint_projected,20801910,True,True,,1,0.12733856495469809,0.013494502,0.12733856495469809,0.1482084710150957
54,distant_c0.7_from0.8,7,ompl_uniform,20802011,True,True,,1,0.21932971198111773,0.014064389,0.21932971198111773,0.22084744193125516
54,distant_c0.7_from0.8,7,cartesian_ik,20802011,True,True,,1,0.06948628509417176,0.017589562,0.06948628509417176,0.0900839320383966
54,distant_c0.7_from0.8,7,joint_projected,20802011,True,True,,1,0.17988614994101226,0.031176921,0.17988614994101226,0.2007003240287304
54,distant_c0.7_from0.8,8,ompl_uniform,20802112,True,True,,1,0.2121747680939734,0.011716349,0.2121747680939734,0.21400027896743268
54,distant_c0.7_from0.8,8,cartesian_ik,20802112,True,True,,1,0.16442501300480217,0.01629489,0.16442501300480217,0.1843198190908879
54,distant_c0.7_from0.8,8,joint_projected,20802112,True,True,,1,0.06835808302275836,0.013945305,0.06835808302275836,0.08895652112551033
54,distant_c0.7_from0.8,9,cartesian_ik,20802213,True,True,,1,0.14643586694728583,0.022464315,0.14643586694728583,0.16671516105998307
54,distant_c0.7_from0.8,9,ompl_uniform,20802213,True,True,,1,0.10673601902090013,0.012933926,0.10673601902090013,0.10845533804968
54,distant_c0.7_from0.8,9,joint_projected,20802213,True,True,,1,0.09436063701286912,0.021892444,0.09436063701286912,0.11428865906782448
15,central_c0.7_from0.8,0,cartesian_ik,20411031,False,False,goal_ik_design,,0.0,0.0,6.0,0.019612887990660965
15,central_c0.7_from0.8,0,ompl_uniform,20411031,False,False,goal_ik_design,,0.0,0.0,6.0,0.0
15,central_c0.7_from0.8,0,joint_projected,20411031,False,False,goal_ik_design,,0.0,0.0,6.0,0.019612887990660965
15,central_c0.7_from0.8,1,ompl_uniform,20411132,False,False,goal_ik_design,,0.0,0.0,6.0,0.0
15,central_c0.7_from0.8,1,joint_projected,20411132,False,False,goal_ik_design,,0.0,0.0,6.0,0.019612887990660965
15,central_c0.7_from0.8,1,cartesian_ik,20411132,False,False,goal_ik_design,,0.0,0.0,6.0,0.019612887990660965
15,central_c0.7_from0.8,2,cartesian_ik,20411233,False,False,goal_ik_design,,0.0,0.0,6.0,0.019612887990660965
15,central_c0.7_from0.8,2,joint_projected,20411233,False,False,goal_ik_design,,0.0,0.0,6.0,0.019612887990660965
15,central_c0.7_from0.8,2,ompl_uniform,20411233,False,False,goal_ik_design,,0.0,0.0,6.0,0.0
15,central_c0.7_from0.8,3,joint_projected,20411334,False,False,goal_ik_design,,0.0,0.0,6.0,0.019612887990660965
15,central_c0.7_from0.8,3,ompl_uniform,20411334,False,False,goal_ik_design,,0.0,0.0,6.0,0.0
15,central_c0.7_from0.8,3,cartesian_ik,20411334,False,False,goal_ik_design,,0.0,0.0,6.0,0.019612887990660965
15,central_c0.7_from0.8,4,cartesian_ik,20411435,False,False,goal_ik_design,,0.0,0.0,6.0,0.019612887990660965
15,central_c0.7_from0.8,4,joint_projected,20411435,False,False,goal_ik_design,,0.0,0.0,6.0,0.019612887990660965
15,central_c0.7_from0.8,4,ompl_uniform,20411435,False,False,goal_ik_design,,0.0,0.0,6.0,0.0
15,central_c0.7_from0.8,5,ompl_uniform,20411536,False,False,goal_ik_design,,0.0,0.0,6.0,0.0
15,central_c0.7_from0.8,5,joint_projected,20411536,False,False,goal_ik_design,,0.0,0.0,6.0,0.019612887990660965
15,central_c0.7_from0.8,5,cartesian_ik,20411536,False,False,goal_ik_design,,0.0,0.0,6.0,0.019612887990660965
15,central_c0.7_from0.8,6,ompl_uniform,20411637,False,False,goal_ik_design,,0.0,0.0,6.0,0.0
15,central_c0.7_from0.8,6,cartesian_ik,20411637,False,False,goal_ik_design,,0.0,0.0,6.0,0.019612887990660965
15,central_c0.7_from0.8,6,joint_projected,20411637,False,False,goal_ik_design,,0.0,0.0,6.0,0.019612887990660965
15,central_c0.7_from0.8,7,joint_projected,20411738,False,False,goal_ik_design,,0.0,0.0,6.0,0.019612887990660965
15,central_c0.7_from0.8,7,cartesian_ik,20411738,False,False,goal_ik_design,,0.0,0.0,6.0,0.019612887990660965
15,central_c0.7_from0.8,7,ompl_uniform,20411738,False,False,goal_ik_design,,0.0,0.0,6.0,0.0
15,central_c0.7_from0.8,8,cartesian_ik,20411839,False,False,goal_ik_design,,0.0,0.0,6.0,0.019612887990660965
15,central_c0.7_from0.8,8,joint_projected,20411839,False,False,goal_ik_design,,0.0,0.0,6.0,0.019612887990660965
15,central_c0.7_from0.8,8,ompl_uniform,20411839,False,False,goal_ik_design,,0.0,0.0,6.0,0.0
15,central_c0.7_from0.8,9,cartesian_ik,20411940,False,False,goal_ik_design,,0.0,0.0,6.0,0.019612887990660965
15,central_c0.7_from0.8,9,ompl_uniform,20411940,False,False,goal_ik_design,,0.0,0.0,6.0,0.0
15,central_c0.7_from0.8,9,joint_projected,20411940,False,False,goal_ik_design,,0.0,0.0,6.0,0.019612887990660965
51,distant_c0.7_from0.8,0,ompl_uniform,20771283,True,True,,1,0.12186141009442508,0.008917219,0.12186141009442508,0.1231989610241726
51,distant_c0.7_from0.8,0,joint_projected,20771283,False,False,planning,99999,3.031251610023901,0.0,6.0,3.0516193179646507
51,distant_c0.7_from0.8,0,cartesian_ik,20771283,False,False,planning,99999,3.102621018071659,0.0,6.0,3.1227155330125242
51,distant_c0.7_from0.8,1,ompl_uniform,20771384,True,True,,1,0.15845070499926805,0.012857334,0.15845070499926805,0.15994273393880576
51,distant_c0.7_from0.8,1,cartesian_ik,20771384,False,False,planning,99999,3.0227015030104667,0.0,6.0,3.0434092560317367
51,distant_c0.7_from0.8,1,joint_projected,20771384,False,False,planning,99999,3.0977153880521655,0.0,6.0,3.117903749924153
51,distant_c0.7_from0.8,2,ompl_uniform,20771485,True,True,,1,0.1827653560321778,0.011941019,0.1827653560321778,0.18411500891670585
51,distant_c0.7_from0.8,2,joint_projected,20771485,False,False,planning,99999,3.1033638330409303,0.0,6.0,3.1239076550118625
51,distant_c0.7_from0.8,2,cartesian_ik,20771485,False,False,planning,99999,3.1030497609172016,0.0,6.0,3.123383642989211
51,distant_c0.7_from0.8,3,joint_projected,20771586,False,False,planning,99999,3.087143147015013,0.0,6.0,3.107037757989019
51,distant_c0.7_from0.8,3,cartesian_ik,20771586,False,False,planning,99999,3.102657033014111,0.0,6.0,3.1224445190746337
51,distant_c0.7_from0.8,3,ompl_uniform,20771586,True,True,,1,0.1648694350151345,0.010953137,0.1648694350151345,0.16641599196009338
51,distant_c0.7_from0.8,4,joint_projected,20771687,False,False,planning,99999,3.0188852320425212,0.0,6.0,3.0392938629956916
51,distant_c0.7_from0.8,4,cartesian_ik,20771687,False,False,planning,99999,3.108761503943242,0.0,6.0,3.1285331819672137
51,distant_c0.7_from0.8,4,ompl_uniform,20771687,True,True,,1,0.14955179207026958,0.008832246,0.14955179207026958,0.15074790094513446
51,distant_c0.7_from0.8,5,ompl_uniform,20771788,True,True,,1,0.10463775997050107,0.011904388,0.10463775997050107,0.10641911497805268
51,distant_c0.7_from0.8,5,cartesian_ik,20771788,False,False,planning,99999,3.094659761991352,0.0,6.0,3.115116158965975
51,distant_c0.7_from0.8,5,joint_projected,20771788,False,False,planning,99999,3.0925565339857712,0.0,6.0,3.1125741329742596
51,distant_c0.7_from0.8,6,cartesian_ik,20771889,False,False,planning,99999,3.1034506149590015,0.0,6.0,3.1239610200282186
51,distant_c0.7_from0.8,6,joint_projected,20771889,False,False,planning,99999,3.0902434249874204,0.0,6.0,3.1102392019238323
51,distant_c0.7_from0.8,6,ompl_uniform,20771889,True,True,,1,0.2113703959621489,0.034346275,0.2113703959621489,0.21280606905929744
51,distant_c0.7_from0.8,7,ompl_uniform,20771990,True,True,,1,0.26023647701367736,0.029301341,0.26023647701367736,0.26222072693053633
51,distant_c0.7_from0.8,7,cartesian_ik,20771990,False,False,planning,99999,3.07746673701331,0.0,6.0,3.0980263960082084
51,distant_c0.7_from0.8,7,joint_projected,20771990,False,False,planning,99999,3.0930046970024705,0.0,6.0,3.1131239269161597
51,distant_c0.7_from0.8,8,cartesian_ik,20772091,False,False,planning,99999,3.1026602790225297,0.0,6.0,3.1229756410466507
51,distant_c0.7_from0.8,8,ompl_uniform,20772091,True,True,,1,0.15494738309644163,0.009572058,0.15494738309644163,0.15669402398634702
51,distant_c0.7_from0.8,8,joint_projected,20772091,False,False,planning,99999,3.0168652680004016,0.0,6.0,3.0375239569693804
51,distant_c0.7_from0.8,9,ompl_uniform,20772192,True,True,,1,0.2031766469590366,0.013358999,0.2031766469590366,0.20506848709192127
51,distant_c0.7_from0.8,9,cartesian_ik,20772192,False,False,planning,99999,3.0989715399919078,0.0,6.0,3.1196904309326783
51,distant_c0.7_from0.8,9,joint_projected,20772192,False,False,planning,99999,3.092191459960304,0.0,6.0,3.112732548965141
13,central_c0.7_from0.8,0,joint_projected,20391017,False,False,planning,99999,3.0953954900614917,0.0,6.0,3.118555919965729
13,central_c0.7_from0.8,0,ompl_uniform,20391017,True,True,,1,0.701455598929897,0.035933353,0.701455598929897,0.703809141064994
13,central_c0.7_from0.8,0,cartesian_ik,20391017,False,False,planning,99999,3.0929352089297026,0.0,6.0,3.1165871790144593
13,central_c0.7_from0.8,1,cartesian_ik,20391118,False,False,planning,99999,3.0967508420581,0.0,6.0,3.120225299964659
13,central_c0.7_from0.8,1,ompl_uniform,20391118,True,True,,1,0.22259542194660753,0.022240983,0.22259542194660753,0.22438318899367005
13,central_c0.7_from0.8,1,joint_projected,20391118,False,False,planning,99999,3.0098510440438986,0.0,6.0,3.0336858009686694
13,central_c0.7_from0.8,2,cartesian_ik,20391219,False,False,planning,99999,3.103924724040553,0.0,6.0,3.1276044859550893
13,central_c0.7_from0.8,2,joint_projected,20391219,False,False,planning,99999,3.0910097210435197,0.0,6.0,3.114813880994916
13,central_c0.7_from0.8,2,ompl_uniform,20391219,True,True,,1,0.24486499291379005,0.015898631,0.24486499291379005,0.24652839603368193
13,central_c0.7_from0.8,3,ompl_uniform,20391320,True,True,,1,0.2673945399001241,0.037866989,0.2673945399001241,0.26922441297210753
13,central_c0.7_from0.8,3,cartesian_ik,20391320,False,False,planning,99999,3.099620198016055,0.0,6.0,3.122970449971035
13,central_c0.7_from0.8,3,joint_projected,20391320,False,False,planning,99999,3.0954609629698098,0.0,6.0,3.119209812954068
13,central_c0.7_from0.8,4,joint_projected,20391421,False,False,planning,99999,3.0991689909715205,0.0,6.0,3.1224054909544066
13,central_c0.7_from0.8,4,cartesian_ik,20391421,False,False,planning,99999,3.097609450109303,0.0,6.0,3.1208541080122814
13,central_c0.7_from0.8,4,ompl_uniform,20391421,True,True,,1,0.34832696593366563,0.037450493,0.34832696593366563,0.3498118710704148
13,central_c0.7_from0.8,5,cartesian_ik,20391522,False,False,planning,99999,3.0787945019546896,0.0,6.0,3.1026420489652082
13,central_c0.7_from0.8,5,ompl_uniform,20391522,True,True,,1,0.49031263298820704,0.019314989,0.49031263298820704,0.49225082399789244
13,central_c0.7_from0.8,5,joint_projected,20391522,False,False,planning,99999,3.092362098977901,0.0,6.0,3.1161113179987296
13,central_c0.7_from0.8,6,joint_projected,20391623,False,False,planning,99999,3.102586754015647,0.0,6.0,3.1256334158824757
13,central_c0.7_from0.8,6,cartesian_ik,20391623,False,False,planning,99999,3.091799875954166,0.0,6.0,3.114754770998843
13,central_c0.7_from0.8,6,ompl_uniform,20391623,True,True,,1,0.18175421003252268,0.041917185,0.18175421003252268,0.18297110102139413
13,central_c0.7_from0.8,7,joint_projected,20391724,False,False,planning,99999,3.0716878189705312,0.0,6.0,3.095130519941449
13,central_c0.7_from0.8,7,cartesian_ik,20391724,False,False,planning,99999,3.1028720100875944,0.0,6.0,3.1263195880455896
13,central_c0.7_from0.8,7,ompl_uniform,20391724,True,True,,1,0.2292471540858969,0.022689609,0.2292471540858969,0.23109111795201898
13,central_c0.7_from0.8,8,ompl_uniform,20391825,True,True,,1,0.15075497201178223,0.035150675,0.15075497201178223,0.15262833493761718
13,central_c0.7_from0.8,8,cartesian_ik,20391825,False,False,planning,99999,3.0774730920093134,0.0,6.0,3.100963699980639
13,central_c0.7_from0.8,8,joint_projected,20391825,False,False,planning,99999,3.092776745907031,0.0,6.0,3.1164488960057497
13,central_c0.7_from0.8,9,ompl_uniform,20391926,True,True,,1,0.37264536099974066,0.024921556,0.37264536099974066,0.37428365810774267
13,central_c0.7_from0.8,9,joint_projected,20391926,False,False,planning,99999,3.0621700760675594,0.0,6.0,3.0863104569725692
13,central_c0.7_from0.8,9,cartesian_ik,20391926,False,False,planning,99999,3.107720284955576,0.0,6.0,3.131558128981851
44,distant_c0.5_from0.2,0,joint_projected,20701234,True,True,,1,0.0917384660569951,0.018764569,0.0917384660569951,0.11196891195140779
44,distant_c0.5_from0.2,0,ompl_uniform,20701234,True,True,,1,0.17500325303990394,0.02015252,0.17500325303990394,0.1770090729696676
44,distant_c0.5_from0.2,0,cartesian_ik,20701234,True,True,,1,0.17970611702185124,0.011592953,0.17970611702185124,0.2090060089249164
44,distant_c0.5_from0.2,1,cartesian_ik,20701335,True,True,,1,0.07652707898523659,0.019793786,0.07652707898523659,0.0973091518972069
44,distant_c0.5_from0.2,1,ompl_uniform,20701335,True,True,,1,0.09590719908010215,0.018452214,0.09590719908010215,0.09758608206175268
44,distant_c0.5_from0.2,1,joint_projected,20701335,True,True,,1,0.10683587298262864,0.021719566,0.10683587298262864,0.12761174491606653
44,distant_c0.5_from0.2,2,joint_projected,20701436,True,True,,1,0.04345719306729734,0.015038109,0.04345719306729734,0.06411371193826199
44,distant_c0.5_from0.2,2,ompl_uniform,20701436,True,True,,1,0.12108797999098897,0.019153715,0.12108797999098897,0.12265551195014268
44,distant_c0.5_from0.2,2,cartesian_ik,20701436,True,True,,1,0.03511417401023209,0.004156617,0.03511417401023209,0.056056275963783264
44,distant_c0.5_from0.2,3,ompl_uniform,20701537,True,True,,1,0.13648731401190162,0.003737266,0.13648731401190162,0.13753050903324038
44,distant_c0.5_from0.2,3,joint_projected,20701537,True,True,,1,0.056259138975292444,0.011171753,0.056259138975292444,0.07694045396056026
44,distant_c0.5_from0.2,3,cartesian_ik,20701537,True,True,,1,0.05709607410244644,0.014521674,0.05709607410244644,0.07735467387828976
44,distant_c0.5_from0.2,4,joint_projected,20701638,True,True,,1,0.12158593302592635,0.014296995,0.12158593302592635,0.14553752599749714
44,distant_c0.5_from0.2,4,cartesian_ik,20701638,True,True,,1,0.0699185230769217,0.017185806,0.0699185230769217,0.0900161899626255
44,distant_c0.5_from0.2,4,ompl_uniform,20701638,True,True,,1,0.20460111100692302,0.023039358,0.20460111100692302,0.20620200596749783
44,distant_c0.5_from0.2,5,joint_projected,20701739,True,True,,1,0.04838755808304995,0.020935983,0.04838755808304995,0.06908862688578665
44,distant_c0.5_from0.2,5,cartesian_ik,20701739,True,True,,1,0.04719706007745117,0.015013487,0.04719706007745117,0.06768280197866261
44,distant_c0.5_from0.2,5,ompl_uniform,20701739,True,True,,1,0.14905363298021257,0.010728572,0.14905363298021257,0.15121907403226942
44,distant_c0.5_from0.2,6,joint_projected,20701840,True,True,,1,0.09495390998199582,0.016046585,0.09495390998199582,0.1212833859026432
44,distant_c0.5_from0.2,6,ompl_uniform,20701840,True,True,,1,0.11706630699336529,0.024313298,0.11706630699336529,0.11866555293090641
44,distant_c0.5_from0.2,6,cartesian_ik,20701840,True,True,,1,0.11789471399970353,0.015973918,0.11789471399970353,0.1387280619237572
44,distant_c0.5_from0.2,7,cartesian_ik,20701941,True,True,,1,0.09485002001747489,0.028972374,0.09485002001747489,0.11547727894503623
44,distant_c0.5_from0.2,7,joint_projected,20701941,True,True,,1,0.10220194596331567,0.021806605,0.10220194596331567,0.12288187292870134
44,distant_c0.5_from0.2,7,ompl_uniform,20701941,True,True,,1,0.16547365300357342,0.011246168,0.16547365300357342,0.16722216096241027
44,distant_c0.5_from0.2,8,ompl_uniform,20702042,True,True,,1,0.2011748559307307,0.02380599,0.2011748559307307,0.2029267119942233
44,distant_c0.5_from0.2,8,cartesian_ik,20702042,True,True,,1,0.1988233719021082,0.012513613,0.1988233719021082,0.2197153519373387
44,distant_c0.5_from0.2,8,joint_projected,20702042,True,True,,1,0.14005365897901356,0.020824237,0.14005365897901356,0.1602161800255999
44,distant_c0.5_from0.2,9,ompl_uniform,20702143,True,True,,1,0.1705481030512601,0.016449055,0.1705481030512601,0.17196740896906704
44,distant_c0.5_from0.2,9,cartesian_ik,20702143,True,True,,1,0.11609701800625771,0.024145741,0.11609701800625771,0.13717815594282
44,distant_c0.5_from0.2,9,joint_projected,20702143,True,True,,1,0.12337728904094547,0.022553395,0.12337728904094547,0.14406714297365397
19,central_c0.7_from0.8,0,ompl_uniform,20451059,False,False,goal_ik_design,,0.0,0.0,6.0,0.0
19,central_c0.7_from0.8,0,joint_projected,20451059,False,False,goal_ik_design,,0.0,0.0,6.0,0.01884125906508416
19,central_c0.7_from0.8,0,cartesian_ik,20451059,False,False,goal_ik_design,,0.0,0.0,6.0,0.01884125906508416
19,central_c0.7_from0.8,1,cartesian_ik,20451160,False,False,goal_ik_design,,0.0,0.0,6.0,0.01884125906508416
19,central_c0.7_from0.8,1,ompl_uniform,20451160,False,False,goal_ik_design,,0.0,0.0,6.0,0.0
19,central_c0.7_from0.8,1,joint_projected,20451160,False,False,goal_ik_design,,0.0,0.0,6.0,0.01884125906508416
19,central_c0.7_from0.8,2,ompl_uniform,20451261,False,False,goal_ik_design,,0.0,0.0,6.0,0.0
19,central_c0.7_from0.8,2,joint_projected,20451261,False,False,goal_ik_design,,0.0,0.0,6.0,0.01884125906508416
19,central_c0.7_from0.8,2,cartesian_ik,20451261,False,False,goal_ik_design,,0.0,0.0,6.0,0.01884125906508416
19,central_c0.7_from0.8,3,cartesian_ik,20451362,False,False,goal_ik_design,,0.0,0.0,6.0,0.01884125906508416
19,central_c0.7_from0.8,3,ompl_uniform,20451362,False,False,goal_ik_design,,0.0,0.0,6.0,0.0
19,central_c0.7_from0.8,3,joint_projected,20451362,False,False,goal_ik_design,,0.0,0.0,6.0,0.01884125906508416
19,central_c0.7_from0.8,4,cartesian_ik,20451463,False,False,goal_ik_design,,0.0,0.0,6.0,0.01884125906508416
19,central_c0.7_from0.8,4,joint_projected,20451463,False,False,goal_ik_design,,0.0,0.0,6.0,0.01884125906508416
19,central_c0.7_from0.8,4,ompl_uniform,20451463,False,False,goal_ik_design,,0.0,0.0,6.0,0.0
19,central_c0.7_from0.8,5,joint_projected,20451564,False,False,goal_ik_design,,0.0,0.0,6.0,0.01884125906508416
19,central_c0.7_from0.8,5,ompl_uniform,20451564,False,False,goal_ik_design,,0.0,0.0,6.0,0.0
19,central_c0.7_from0.8,5,cartesian_ik,20451564,False,False,goal_ik_design,,0.0,0.0,6.0,0.01884125906508416
19,central_c0.7_from0.8,6,cartesian_ik,20451665,False,False,goal_ik_design,,0.0,0.0,6.0,0.01884125906508416
19,central_c0.7_from0.8,6,joint_projected,20451665,False,False,goal_ik_design,,0.0,0.0,6.0,0.01884125906508416
19,central_c0.7_from0.8,6,ompl_uniform,20451665,False,False,goal_ik_design,,0.0,0.0,6.0,0.0
19,central_c0.7_from0.8,7,joint_projected,20451766,False,False,goal_ik_design,,0.0,0.0,6.0,0.01884125906508416
19,central_c0.7_from0.8,7,cartesian_ik,20451766,False,False,goal_ik_design,,0.0,0.0,6.0,0.01884125906508416
19,central_c0.7_from0.8,7,ompl_uniform,20451766,False,False,goal_ik_design,,0.0,0.0,6.0,0.0
19,central_c0.7_from0.8,8,joint_projected,20451867,False,False,goal_ik_design,,0.0,0.0,6.0,0.01884125906508416
19,central_c0.7_from0.8,8,cartesian_ik,20451867,False,False,goal_ik_design,,0.0,0.0,6.0,0.01884125906508416
19,central_c0.7_from0.8,8,ompl_uniform,20451867,False,False,goal_ik_design,,0.0,0.0,6.0,0.0
19,central_c0.7_from0.8,9,joint_projected,20451968,False,False,goal_ik_design,,0.0,0.0,6.0,0.01884125906508416
19,central_c0.7_from0.8,9,ompl_uniform,20451968,False,False,goal_ik_design,,0.0,0.0,6.0,0.0
19,central_c0.7_from0.8,9,cartesian_ik,20451968,False,False,goal_ik_design,,0.0,0.0,6.0,0.01884125906508416
2,central_c0.5_from0.2,0,cartesian_ik,20280940,True,True,,1,0.6157408819999546,0.228724377,0.6157408819999546,0.6371885320404544
2,central_c0.5_from0.2,0,joint_projected,20280940,True,True,,1,0.24073383095674217,0.06828017,0.24073383095674217,0.26236104604322463
2,central_c0.5_from0.2,0,ompl_uniform,20280940,True,True,,1,0.345671987044625,0.012779721,0.345671987044625,0.3478055080631748
2,central_c0.5_from0.2,1,cartesian_ik,20281041,True,True,,1,2.389508517924696,1.30151031,2.389508517924696,2.412295536021702
2,central_c0.5_from0.2,1,joint_projected,20281041,False,False,planning,99999,3.008824759046547,0.0,6.0,3.0296757470350713
2,central_c0.5_from0.2,1,ompl_uniform,20281041,True,True,,1,0.21707775094546378,0.03656416,0.21707775094546378,0.2185861699981615
2,central_c0.5_from0.2,2,ompl_uniform,20281142,True,True,,1,0.2404096469981596,0.041290615,0.2404096469981596,0.2423528489889577
2,central_c0.5_from0.2,2,cartesian_ik,20281142,True,True,,1,0.8183576890733093,0.665110834,0.8183576890733093,0.8402386790839955
2,central_c0.5_from0.2,2,joint_projected,20281142,False,False,planning,99999,3.0355519329896197,0.0,6.0,3.0566902491264045
2,central_c0.5_from0.2,3,joint_projected,20281243,True,True,,1,0.4479058999568224,0.121323364,0.4479058999568224,0.469373639090918
2,central_c0.5_from0.2,3,ompl_uniform,20281243,True,True,,1,0.1710404510376975,0.021559614,0.1710404510376975,0.17249541694764048
2,central_c0.5_from0.2,3,cartesian_ik,20281243,True,True,,1,0.3584937929408625,0.189625139,0.3584937929408625,0.3799447419587523
2,central_c0.5_from0.2,4,ompl_uniform,20281344,True,True,,1,0.17949210805818439,0.022393253,0.17949210805818439,0.18088543799240142
2,central_c0.5_from0.2,4,joint_projected,20281344,False,False,planning,99999,3.010976659017615,0.0,6.0,3.031660079024732
2,central_c0.5_from0.2,4,cartesian_ik,20281344,True,True,,1,1.8351856239605695,1.55037228,1.8351856239605695,1.8563956340076402
2,central_c0.5_from0.2,5,ompl_uniform,20281445,True,True,,1,0.1533862320939079,0.040716456,0.1533862320939079,0.15482601302210242
2,central_c0.5_from0.2,5,cartesian_ik,20281445,True,True,,1,0.15914043691009283,0.037520414,0.15914043691009283,0.18093900103121996
2,central_c0.5_from0.2,5,joint_projected,20281445,True,True,,1,0.2400325289927423,0.035443394,0.2400325289927423,0.26142058393452317
2,central_c0.5_from0.2,6,cartesian_ik,20281546,True,True,,1,0.8090597160626203,0.495582604,0.8090597160626203,0.8309588360134512
2,central_c0.5_from0.2,6,ompl_uniform,20281546,True,True,,1,0.12827514694072306,0.020619979,0.12827514694072306,0.1299534538993612
2,central_c0.5_from0.2,6,joint_projected,20281546,False,False,planning,99999,3.021468525985256,0.0,6.0,3.0422474060906097
2,central_c0.5_from0.2,7,cartesian_ik,20281647,True,True,,1,0.4357359920395538,0.253399432,0.4357359920395538,0.45663887402042747
2,central_c0.5_from0.2,7,joint_projected,20281647,False,False,planning,99999,3.1039893709821627,0.0,6.0,3.125029962975532
2,central_c0.5_from0.2,7,ompl_uniform,20281647,True,True,,1,0.17304126801900566,0.017824353,0.17304126801900566,0.17484255402814597
2,central_c0.5_from0.2,8,joint_projected,20281748,False,False,planning,99999,3.0271180940326303,0.0,6.0,3.048403788008727
2,central_c0.5_from0.2,8,cartesian_ik,20281748,True,True,,1,0.6891255540540442,0.505351361,0.6891255540540442,0.7101823560660705
2,central_c0.5_from0.2,8,ompl_uniform,20281748,True,True,,1,0.138237179024145,0.018386272,0.138237179024145,0.14000742696225643
2,central_c0.5_from0.2,9,joint_projected,20281849,True,True,,1,1.3370423089945689,1.23715989,1.3370423089945689,1.3586805190425366
2,central_c0.5_from0.2,9,ompl_uniform,20281849,True,True,,1,0.13509279198478907,0.01176695,0.13509279198478907,0.13687719707377255
2,central_c0.5_from0.2,9,cartesian_ik,20281849,True,True,,1,0.5409195700194687,0.334320545,0.5409195700194687,0.5630280270706862
22,offset_c0.5_from0.2,0,cartesian_ik,20481080,False,False,goal_ik_design,,0.0,0.0,6.0,0.018670186982490122
22,offset_c0.5_from0.2,0,ompl_uniform,20481080,False,False,goal_ik_design,,0.0,0.0,6.0,0.0
22,offset_c0.5_from0.2,0,joint_projected,20481080,False,False,goal_ik_design,,0.0,0.0,6.0,0.018670186982490122
22,offset_c0.5_from0.2,1,cartesian_ik,20481181,False,False,goal_ik_design,,0.0,0.0,6.0,0.018670186982490122
22,offset_c0.5_from0.2,1,joint_projected,20481181,False,False,goal_ik_design,,0.0,0.0,6.0,0.018670186982490122
22,offset_c0.5_from0.2,1,ompl_uniform,20481181,False,False,goal_ik_design,,0.0,0.0,6.0,0.0
22,offset_c0.5_from0.2,2,joint_projected,20481282,False,False,goal_ik_design,,0.0,0.0,6.0,0.018670186982490122
22,offset_c0.5_from0.2,2,cartesian_ik,20481282,False,False,goal_ik_design,,0.0,0.0,6.0,0.018670186982490122
22,offset_c0.5_from0.2,2,ompl_uniform,20481282,False,False,goal_ik_design,,0.0,0.0,6.0,0.0
22,offset_c0.5_from0.2,3,joint_projected,20481383,False,False,goal_ik_design,,0.0,0.0,6.0,0.018670186982490122
22,offset_c0.5_from0.2,3,ompl_uniform,20481383,False,False,goal_ik_design,,0.0,0.0,6.0,0.0
22,offset_c0.5_from0.2,3,cartesian_ik,20481383,False,False,goal_ik_design,,0.0,0.0,6.0,0.018670186982490122
22,offset_c0.5_from0.2,4,cartesian_ik,20481484,False,False,goal_ik_design,,0.0,0.0,6.0,0.018670186982490122
22,offset_c0.5_from0.2,4,ompl_uniform,20481484,False,False,goal_ik_design,,0.0,0.0,6.0,0.0
22,offset_c0.5_from0.2,4,joint_projected,20481484,False,False,goal_ik_design,,0.0,0.0,6.0,0.018670186982490122
22,offset_c0.5_from0.2,5,ompl_uniform,20481585,False,False,goal_ik_design,,0.0,0.0,6.0,0.0
22,offset_c0.5_from0.2,5,cartesian_ik,20481585,False,False,goal_ik_design,,0.0,0.0,6.0,0.018670186982490122
22,offset_c0.5_from0.2,5,joint_projected,20481585,False,False,goal_ik_design,,0.0,0.0,6.0,0.018670186982490122
22,offset_c0.5_from0.2,6,joint_projected,20481686,False,False,goal_ik_design,,0.0,0.0,6.0,0.018670186982490122
22,offset_c0.5_from0.2,6,ompl_uniform,20481686,False,False,goal_ik_design,,0.0,0.0,6.0,0.0
22,offset_c0.5_from0.2,6,cartesian_ik,20481686,False,False,goal_ik_design,,0.0,0.0,6.0,0.018670186982490122
22,offset_c0.5_from0.2,7,joint_projected,20481787,False,False,goal_ik_design,,0.0,0.0,6.0,0.018670186982490122
22,offset_c0.5_from0.2,7,cartesian_ik,20481787,False,False,goal_ik_design,,0.0,0.0,6.0,0.018670186982490122
22,offset_c0.5_from0.2,7,ompl_uniform,20481787,False,False,goal_ik_design,,0.0,0.0,6.0,0.0
22,offset_c0.5_from0.2,8,ompl_uniform,20481888,False,False,goal_ik_design,,0.0,0.0,6.0,0.0
22,offset_c0.5_from0.2,8,joint_projected,20481888,False,False,goal_ik_design,,0.0,0.0,6.0,0.018670186982490122
22,offset_c0.5_from0.2,8,cartesian_ik,20481888,False,False,goal_ik_design,,0.0,0.0,6.0,0.018670186982490122
22,offset_c0.5_from0.2,9,cartesian_ik,20481989,False,False,goal_ik_design,,0.0,0.0,6.0,0.018670186982490122
22,offset_c0.5_from0.2,9,joint_projected,20481989,False,False,goal_ik_design,,0.0,0.0,6.0,0.018670186982490122
22,offset_c0.5_from0.2,9,ompl_uniform,20481989,False,False,goal_ik_design,,0.0,0.0,6.0,0.0
9,central_c0.5_from0.2,0,cartesian_ik,20350989,False,False,goal_ik_design,,0.0,0.0,6.0,0.018880534102208912
9,central_c0.5_from0.2,0,ompl_uniform,20350989,False,False,goal_ik_design,,0.0,0.0,6.0,0.0
9,central_c0.5_from0.2,0,joint_projected,20350989,False,False,goal_ik_design,,0.0,0.0,6.0,0.018880534102208912
9,central_c0.5_from0.2,1,ompl_uniform,20351090,False,False,goal_ik_design,,0.0,0.0,6.0,0.0
9,central_c0.5_from0.2,1,cartesian_ik,20351090,False,False,goal_ik_design,,0.0,0.0,6.0,0.018880534102208912
9,central_c0.5_from0.2,1,joint_projected,20351090,False,False,goal_ik_design,,0.0,0.0,6.0,0.018880534102208912
9,central_c0.5_from0.2,2,cartesian_ik,20351191,False,False,goal_ik_design,,0.0,0.0,6.0,0.018880534102208912
9,central_c0.5_from0.2,2,joint_projected,20351191,False,False,goal_ik_design,,0.0,0.0,6.0,0.018880534102208912
9,central_c0.5_from0.2,2,ompl_uniform,20351191,False,False,goal_ik_design,,0.0,0.0,6.0,0.0
9,central_c0.5_from0.2,3,ompl_uniform,20351292,False,False,goal_ik_design,,0.0,0.0,6.0,0.0
9,central_c0.5_from0.2,3,cartesian_ik,20351292,False,False,goal_ik_design,,0.0,0.0,6.0,0.018880534102208912
9,central_c0.5_from0.2,3,joint_projected,20351292,False,False,goal_ik_design,,0.0,0.0,6.0,0.018880534102208912
9,central_c0.5_from0.2,4,joint_projected,20351393,False,False,goal_ik_design,,0.0,0.0,6.0,0.018880534102208912
9,central_c0.5_from0.2,4,cartesian_ik,20351393,False,False,goal_ik_design,,0.0,0.0,6.0,0.018880534102208912
9,central_c0.5_from0.2,4,ompl_uniform,20351393,False,False,goal_ik_design,,0.0,0.0,6.0,0.0
9,central_c0.5_from0.2,5,cartesian_ik,20351494,False,False,goal_ik_design,,0.0,0.0,6.0,0.018880534102208912
9,central_c0.5_from0.2,5,joint_projected,20351494,False,False,goal_ik_design,,0.0,0.0,6.0,0.018880534102208912
9,central_c0.5_from0.2,5,ompl_uniform,20351494,False,False,goal_ik_design,,0.0,0.0,6.0,0.0
9,central_c0.5_from0.2,6,ompl_uniform,20351595,False,False,goal_ik_design,,0.0,0.0,6.0,0.0
9,central_c0.5_from0.2,6,joint_projected,20351595,False,False,goal_ik_design,,0.0,0.0,6.0,0.018880534102208912
9,central_c0.5_from0.2,6,cartesian_ik,20351595,False,False,goal_ik_design,,0.0,0.0,6.0,0.018880534102208912
9,central_c0.5_from0.2,7,ompl_uniform,20351696,False,False,goal_ik_design,,0.0,0.0,6.0,0.0
9,central_c0.5_from0.2,7,joint_projected,20351696,False,False,goal_ik_design,,0.0,0.0,6.0,0.018880534102208912
9,central_c0.5_from0.2,7,cartesian_ik,20351696,False,False,goal_ik_design,,0.0,0.0,6.0,0.018880534102208912
9,central_c0.5_from0.2,8,joint_projected,20351797,False,False,goal_ik_design,,0.0,0.0,6.0,0.018880534102208912
9,central_c0.5_from0.2,8,ompl_uniform,20351797,False,False,goal_ik_design,,0.0,0.0,6.0,0.0
9,central_c0.5_from0.2,8,cartesian_ik,20351797,False,False,goal_ik_design,,0.0,0.0,6.0,0.018880534102208912
9,central_c0.5_from0.2,9,joint_projected,20351898,False,False,goal_ik_design,,0.0,0.0,6.0,0.018880534102208912
9,central_c0.5_from0.2,9,cartesian_ik,20351898,False,False,goal_ik_design,,0.0,0.0,6.0,0.018880534102208912
9,central_c0.5_from0.2,9,ompl_uniform,20351898,False,False,goal_ik_design,,0.0,0.0,6.0,0.0
23,offset_c0.5_from0.2,0,joint_projected,20491087,True,True,,1,0.10189189400989562,0.021538405,0.10189189400989562,0.12182110489811748
23,offset_c0.5_from0.2,0,cartesian_ik,20491087,True,True,,1,0.11529595998581499,0.04234606,0.11529595998581499,0.13587830495089293
23,offset_c0.5_from0.2,0,ompl_uniform,20491087,True,True,,1,0.21971792995464057,0.011171494,0.21971792995464057,0.22169117303565145
23,offset_c0.5_from0.2,1,joint_projected,20491188,True,True,,1,0.19049311894923449,0.041974743,0.19049311894923449,0.21150921599473804
23,offset_c0.5_from0.2,1,cartesian_ik,20491188,True,True,,1,0.10118472098838538,0.014543517,0.10118472098838538,0.12170129991136491
23,offset_c0.5_from0.2,1,ompl_uniform,20491188,True,True,,1,0.14614104200154543,0.010746818,0.14614104200154543,0.1478272620588541
23,offset_c0.5_from0.2,2,cartesian_ik,20491289,True,True,,1,0.10813801805488765,0.028443126,0.10813801805488765,0.1291840469930321
23,offset_c0.5_from0.2,2,joint_projected,20491289,True,True,,1,0.0433931719744578,0.008111033,0.0433931719744578,0.06380545499268919
23,offset_c0.5_from0.2,2,ompl_uniform,20491289,True,True,,1,0.16217858099844307,0.011838885,0.16217858099844307,0.16401899908669293
23,offset_c0.5_from0.2,3,cartesian_ik,20491390,True,True,,1,0.11179507302585989,0.008970984,0.11179507302585989,0.13225894491188228
23,offset_c0.5_from0.2,3,joint_projected,20491390,True,True,,1,0.06862844806164503,0.017092325,0.06862844806164503,0.08925047004595399
23,offset_c0.5_from0.2,3,ompl_uniform,20491390,True,True,,1,0.16756403795443475,0.010084494,0.16756403795443475,0.16946302202995867
23,offset_c0.5_from0.2,4,joint_projected,20491491,True,True,,1,0.08334095892496407,0.012330101,0.08334095892496407,0.10344834392890334
23,offset_c0.5_from0.2,4,ompl_uniform,20491491,True,True,,1,0.11858361400663853,0.012757796,0.11858361400663853,0.12037896807305515
23,offset_c0.5_from0.2,4,cartesian_ik,20491491,True,True,,1,0.10822800500318408,0.030196711,0.10822800500318408,0.12796569196507335
23,offset_c0.5_from0.2,5,ompl_uniform,20491592,True,True,,1,0.19797207892406732,0.029261899,0.19797207892406732,0.19949461903888732
23,offset_c0.5_from0.2,5,joint_projected,20491592,True,True,,1,0.059788001934066415,0.014560335,0.059788001934066415,0.0798099139938131
23,offset_c0.5_from0.2,5,cartesian_ik,20491592,True,True,,1,0.07174209400545806,0.011508478,0.07174209400545806,0.09200883388984948
23,offset_c0.5_from0.2,6,ompl_uniform,20491693,True,True,,1,0.18106503202579916,0.023415129,0.18106503202579916,0.182840138906613
23,offset_c0.5_from0.2,6,joint_projected,20491693,True,True,,1,0.1246697639580816,0.03188609,0.1246697639580816,0.14524086005985737
23,offset_c0.5_from0.2,6,cartesian_ik,20491693,True,True,,1,0.2180918580852449,0.051996415,0.2180918580852449,0.23803395801223814
23,offset_c0.5_from0.2,7,ompl_uniform,20491794,True,True,,1,0.17136386898346245,0.01822637,0.17136386898346245,0.17294433899223804
23,offset_c0.5_from0.2,7,cartesian_ik,20491794,True,True,,1,0.0995802900288254,0.013996338,0.0995802900288254,0.120402866974473
23,offset_c0.5_from0.2,7,joint_projected,20491794,True,True,,1,0.08270150201860815,0.022997525,0.08270150201860815,0.1032353260088712
23,offset_c0.5_from0.2,8,ompl_uniform,20491895,True,True,,1,0.1994481700239703,0.024830141,0.1994481700239703,0.2014911570586264
23,offset_c0.5_from0.2,8,cartesian_ik,20491895,True,True,,1,0.13943460502196103,0.021394766,0.13943460502196103,0.15979183604940772
23,offset_c0.5_from0.2,8,joint_projected,20491895,True,True,,1,0.039775092038325965,0.014279515,0.039775092038325965,0.0598634819034487
23,offset_c0.5_from0.2,9,ompl_uniform,20491996,True,True,,1,0.19939664704725146,0.01910422,0.19939664704725146,0.200826768996194
23,offset_c0.5_from0.2,9,joint_projected,20491996,True,True,,1,0.08053411496803164,0.032978249,0.08053411496803164,0.10098806291352957
23,offset_c0.5_from0.2,9,cartesian_ik,20491996,True,True,,1,0.08669077896047384,0.02437114,0.08669077896047384,0.10706284397747368
40,distant_c0.5_from0.2,0,cartesian_ik,20661206,True,True,,1,0.06254098005592823,0.003821884,0.06254098005592823,0.08197458297945559
40,distant_c0.5_from0.2,0,joint_projected,20661206,True,True,,1,0.11812597909010947,0.019109791,0.11812597909010947,0.1380004360107705
40,distant_c0.5_from0.2,0,ompl_uniform,20661206,True,True,,1,0.10394603596068919,0.019272225,0.10394603596068919,0.10541510197799653
40,distant_c0.5_from0.2,1,cartesian_ik,20661307,True,True,,1,0.07462313398718834,0.017030435,0.07462313398718834,0.09543628711253405
40,distant_c0.5_from0.2,1,ompl_uniform,20661307,True,True,,1,0.06807222298812121,0.007208842,0.06807222298812121,0.06946443603374064
40,distant_c0.5_from0.2,1,joint_projected,20661307,True,True,,1,0.14998479804489762,0.017511742,0.14998479804489762,0.17066264804452658
40,distant_c0.5_from0.2,2,joint_projected,20661408,True,True,,1,0.14653497701510787,0.038566173,0.14653497701510787,0.16654788504820317
40,distant_c0.5_from0.2,2,ompl_uniform,20661408,True,True,,1,0.09905392699874938,0.024289811,0.09905392699874938,0.10038104909472167
40,distant_c0.5_from0.2,2,cartesian_ik,20661408,True,True,,1,0.10829412506427616,0.024484325,0.10829412506427616,0.1292807060526684
40,distant_c0.5_from0.2,3,ompl_uniform,20661509,True,True,,1,0.14169517101254314,0.029059815,0.14169517101254314,0.1428511249832809
40,distant_c0.5_from0.2,3,cartesian_ik,20661509,True,True,,1,0.16737712605390698,0.036475871,0.16737712605390698,0.18724516103975475
40,distant_c0.5_from0.2,3,joint_projected,20661509,True,True,,1,0.08247579901944846,0.021011448,0.08247579901944846,0.10245218907948583
40,distant_c0.5_from0.2,4,joint_projected,20661610,True,True,,1,0.11885909701231867,0.029154459,0.11885909701231867,0.13925331307109445
40,distant_c0.5_from0.2,4,cartesian_ik,20661610,True,True,,1,0.1318822099128738,0.011470798,0.1318822099128738,0.15157751110382378
40,distant_c0.5_from0.2,4,ompl_uniform,20661610,True,True,,1,0.13422390003688633,0.004931105,0.13422390003688633,0.135637752013281
40,distant_c0.5_from0.2,5,ompl_uniform,20661711,True,True,,1,0.09211208194028586,0.016281406,0.09211208194028586,0.09378369292244315
40,distant_c0.5_from0.2,5,joint_projected,20661711,True,True,,1,0.0845249859848991,0.016598778,0.0845249859848991,0.10491049801930785
40,distant_c0.5_from0.2,5,cartesian_ik,20661711,True,True,,1,0.09239995700772852,0.01124044,0.09239995700772852,0.11205512704327703
40,distant_c0.5_from0.2,6,cartesian_ik,20661812,True,True,,1,0.07313998602330685,0.017605226,0.07313998602330685,0.09281962004024535
40,distant_c0.5_from0.2,6,ompl_uniform,20661812,True,True,,1,0.1289277250180021,0.004942898,0.1289277250180021,0.13003312807995826
40,distant_c0.5_from0.2,6,joint_projected,20661812,True,True,,1,0.015067098080180585,0.008456164,0.015067098080180585,0.03533580701332539
40,distant_c0.5_from0.2,7,ompl_uniform,20661913,True,True,,1,0.14457335195038468,0.013766254,0.14457335195038468,0.14618152705952525
40,distant_c0.5_from0.2,7,joint_projected,20661913,True,True,,1,0.10706443898379803,0.027076031,0.10706443898379803,0.12714694894384593
40,distant_c0.5_from0.2,7,cartesian_ik,20661913,True,True,,1,0.17912393901497126,0.013510831,0.17912393901497126,0.1993259449955076
40,distant_c0.5_from0.2,8,cartesian_ik,20662014,True,True,,1,0.0742557019693777,0.006684905,0.0742557019693777,0.09471874893642962
40,distant_c0.5_from0.2,8,joint_projected,20662014,True,True,,1,0.02087406301870942,0.011488701,0.02087406301870942,0.04133195197209716
40,distant_c0.5_from0.2,8,ompl_uniform,20662014,True,True,,1,0.12521046097390354,0.02789782,0.12521046097390354,0.12643154908437282
40,distant_c0.5_from0.2,9,joint_projected,20662115,True,True,,1,0.1546848489670083,0.014490494,0.1546848489670083,0.17524638306349516
40,distant_c0.5_from0.2,9,ompl_uniform,20662115,True,True,,1,0.2194339350098744,0.01037154,0.2194339350098744,0.22106368897948414
40,distant_c0.5_from0.2,9,cartesian_ik,20662115,True,True,,1,0.04786612302996218,0.00631797,0.04786612302996218,0.06848155602347106
33,offset_c0.7_from0.8,0,ompl_uniform,20591157,True,True,,1,0.1776433939812705,0.036063779,0.1776433939812705,0.17904155899304897
33,offset_c0.7_from0.8,0,joint_projected,20591157,True,True,,1,0.14335796295199543,0.024217885,0.14335796295199543,0.16510018694680184
33,offset_c0.7_from0.8,0,cartesian_ik,20591157,True,True,,1,0.18606994592119008,0.084978301,0.18606994592119008,0.20694507705047727
33,offset_c0.7_from0.8,1,cartesian_ik,20591258,True,True,,1,0.2256303469184786,0.118323523,0.2256303469184786,0.2475954219698906
33,offset_c0.7_from0.8,1,joint_projected,20591258,True,True,,1,1.7128662850009277,1.563047563,1.7128662850009277,1.734537318116054
33,offset_c0.7_from0.8,1,ompl_uniform,20591258,True,True,,1,0.21135516406502575,0.034730662,0.21135516406502575,0.21322944189887494
33,offset_c0.7_from0.8,2,joint_projected,20591359,True,True,,1,0.10620867693796754,0.032919101,0.10620867693796754,0.12789072294253856
33,offset_c0.7_from0.8,2,ompl_uniform,20591359,True,True,,1,0.42667538102250546,0.015887928,0.42667538102250546,0.42872315004933625
33,offset_c0.7_from0.8,2,cartesian_ik,20591359,True,True,,1,0.3134900099830702,0.097544346,0.3134900099830702,0.33547412406187505
33,offset_c0.7_from0.8,3,ompl_uniform,20591460,True,True,,1,0.1821233630180359,0.036712426,0.1821233630180359,0.18399555201176554
33,offset_c0.7_from0.8,3,joint_projected,20591460,True,True,,1,0.2170142149552703,0.047482671,0.2170142149552703,0.23904112994205207
33,offset_c0.7_from0.8,3,cartesian_ik,20591460,True,True,,1,0.24315031606238335,0.062244737,0.24315031606238335,0.2646702849306166
33,offset_c0.7_from0.8,4,ompl_uniform,20591561,True,True,,1,0.18667428300250322,0.031963953,0.18667428300250322,0.18860708305146545
33,offset_c0.7_from0.8,4,cartesian_ik,20591561,True,True,,1,0.1292160329176113,0.038503946,0.1292160329176113,0.15101371402852237
33,offset_c0.7_from0.8,4,joint_projected,20591561,True,True,,1,0.14225552300922573,0.022272127,0.14225552300922573,0.16391215194016695
33,offset_c0.7_from0.8,5,ompl_uniform,20591662,True,True,,1,0.16521798796020448,0.032230069,0.16521798796020448,0.16686707607004791
33,offset_c0.7_from0.8,5,joint_projected,20591662,True,True,,1,0.14410794305149466,0.026285467,0.14410794305149466,0.16621005802880973
33,offset_c0.7_from0.8,5,cartesian_ik,20591662,True,True,,1,0.14200470491778105,0.033965438,0.14200470491778105,0.1636839610291645
33,offset_c0.7_from0.8,6,cartesian_ik,20591763,True,True,,1,0.21930623496882617,0.02722677,0.21930623496882617,0.24128605297300965
33,offset_c0.7_from0.8,6,ompl_uniform,20591763,True,True,,1,0.191648012958467,0.01020473,0.191648012958467,0.1929990379139781
33,offset_c0.7_from0.8,6,joint_projected,20591763,True,True,,1,0.21308416000101715,0.032859747,0.21308416000101715,0.23505115299485624
33,offset_c0.7_from0.8,7,joint_projected,20591864,True,True,,1,0.22479294904042035,0.030298856,0.22479294904042035,0.2467759900027886
33,offset_c0.7_from0.8,7,cartesian_ik,20591864,True,True,,1,0.331988931982778,0.071209205,0.331988931982778,0.3539298529503867
33,offset_c0.7_from0.8,7,ompl_uniform,20591864,True,True,,1,0.1489544149953872,0.009717329,0.1489544149953872,0.15044334100093693
33,offset_c0.7_from0.8,8,ompl_uniform,20591965,True,True,,1,0.18562363204546273,0.045320608,0.18562363204546273,0.18768605100922287
33,offset_c0.7_from0.8,8,cartesian_ik,20591965,True,True,,1,0.2365828580223024,0.073718751,0.2365828580223024,0.2582985230255872
33,offset_c0.7_from0.8,8,joint_projected,20591965,True,True,,1,0.15992852300405502,0.024107562,0.15992852300405502,0.18181171000469476
33,offset_c0.7_from0.8,9,joint_projected,20592066,True,True,,1,0.4760466400766745,0.285633572,0.4760466400766745,0.49813561304472387
33,offset_c0.7_from0.8,9,cartesian_ik,20592066,True,True,,1,0.17793531995266676,0.046048963,0.17793531995266676,0.199167721089907
33,offset_c0.7_from0.8,9,ompl_uniform,20592066,True,True,,1,0.29858401394449174,0.025854416,0.29858401394449174,0.3003131980076432
39,offset_c0.7_from0.8,0,ompl_uniform,20651199,True,True,,1,0.17021155206020921,0.016702445,0.17021155206020921,0.17140110908076167
39,offset_c0.7_from0.8,0,joint_projected,20651199,True,True,,1,0.26249477395322174,0.091212677,0.26249477395322174,0.2844760169973597
39,offset_c0.7_from0.8,0,cartesian_ik,20651199,True,True,,1,0.27637504891026765,0.061184214,0.27637504891026765,0.29847554594743997
39,offset_c0.7_from0.8,1,ompl_uniform,20651300,True,True,,1,0.16005498601589352,0.009293258,0.16005498601589352,0.16177933500148356
39,offset_c0.7_from0.8,1,cartesian_ik,20651300,True,True,,1,0.34688578196801245,0.240289235,0.34688578196801245,0.3691521700238809
39,offset_c0.7_from0.8,1,joint_projected,20651300,True,True,,1,0.3040426530642435,0.041721408,0.3040426530642435,0.32639571791514754
39,offset_c0.7_from0.8,2,ompl_uniform,20651401,True,True,,1,0.22800878703128546,0.025953235,0.22800878703128546,0.22983414109330624
39,offset_c0.7_from0.8,2,joint_projected,20651401,True,True,,1,0.2095539110014215,0.073828077,0.2095539110014215,0.23154387902468443
39,offset_c0.7_from0.8,2,cartesian_ik,20651401,True,True,,1,0.13824323192238808,0.024802279,0.13824323192238808,0.15963488002307713
39,offset_c0.7_from0.8,3,joint_projected,20651502,True,True,,1,0.29433545493520796,0.03658422,0.29433545493520796,0.3159186609555036
39,offset_c0.7_from0.8,3,cartesian_ik,20651502,True,True,,1,0.14157110103406012,0.044395933,0.14157110103406012,0.1627722349949181
39,offset_c0.7_from0.8,3,ompl_uniform,20651502,True,True,,1,0.18643897294532508,0.023739844,0.18643897294532508,0.18832696496974677
39,offset_c0.7_from0.8,4,joint_projected,20651603,True,True,,1,0.15157258801627904,0.033157182,0.15157258801627904,0.17312978894915432
39,offset_c0.7_from0.8,4,cartesian_ik,20651603,True,True,,1,0.2980473230127245,0.132547523,0.2980473230127245,0.31972694699652493
39,offset_c0.7_from0.8,4,ompl_uniform,20651603,True,True,,1,0.15832051797769964,0.010045321,0.15832051797769964,0.15987543598748744
39,offset_c0.7_from0.8,5,joint_projected,20651704,True,True,,1,0.13022305397316813,0.029696116,0.13022305397316813,0.15165813302155584
39,offset_c0.7_from0.8,5,cartesian_ik,20651704,True,True,,1,0.1692662970162928,0.084687183,0.1692662970162928,0.1907140240073204
39,offset_c0.7_from0.8,5,ompl_uniform,20651704,True,True,,1,0.09864021802786738,0.013038382,0.09864021802786738,0.10019149002619088
39,offset_c0.7_from0.8,6,ompl_uniform,20651805,True,True,,1,0.11036388005595654,0.008582487,0.11036388005595654,0.11203158996067941
39,offset_c0.7_from0.8,6,cartesian_ik,20651805,True,True,,1,0.22208957199472934,0.08141201,0.22208957199472934,0.24337162298616022
39,offset_c0.7_from0.8,6,joint_projected,20651805,True,True,,1,0.2283814549446106,0.053265905,0.2283814549446106,0.24989190499763936
39,offset_c0.7_from0.8,7,cartesian_ik,20651906,True,True,,1,0.1767755290493369,0.047083368,0.1767755290493369,0.19836948800366372
39,offset_c0.7_from0.8,7,joint_projected,20651906,True,True,,1,0.1883954940130934,0.046843653,0.1883954940130934,0.20979421900119632
39,offset_c0.7_from0.8,7,ompl_uniform,20651906,True,True,,1,0.0912466049194336,0.014010513,0.0912466049194336,0.09263019589707255
39,offset_c0.7_from0.8,8,joint_projected,20652007,True,True,,1,0.12196621298789978,0.023037824,0.12196621298789978,0.14409788395278156
39,offset_c0.7_from0.8,8,ompl_uniform,20652007,True,True,,1,0.2571514389710501,0.024258277,0.2571514389710501,0.25870311504695565
39,offset_c0.7_from0.8,8,cartesian_ik,20652007,True,True,,1,0.31089353596325964,0.19477339,0.31089353596325964,0.3343501939671114
39,offset_c0.7_from0.8,9,joint_projected,20652108,True,True,,1,0.19586340500973165,0.018495761,0.19586340500973165,0.2174746139207855
39,offset_c0.7_from0.8,9,ompl_uniform,20652108,True,True,,1,0.2507804080378264,0.014576733,0.2507804080378264,0.25306079199071974
39,offset_c0.7_from0.8,9,cartesian_ik,20652108,True,True,,1,0.20703972107730806,0.044867746,0.20703972107730806,0.2287905269768089
6,central_c0.5_from0.2,0,joint_projected,20320968,False,False,planning,99999,3.0506305920425802,0.0,6.0,3.070998662034981
6,central_c0.5_from0.2,0,cartesian_ik,20320968,True,True,,1,0.4286649300483987,0.17075786,0.4286649300483987,0.4496365920640528
6,central_c0.5_from0.2,0,ompl_uniform,20320968,True,True,,1,0.18004993605427444,0.019458298,0.18004993605427444,0.18172481702640653
6,central_c0.5_from0.2,1,cartesian_ik,20321069,True,True,,1,0.5167972119525075,0.264885058,0.5167972119525075,0.5383168410044163
6,central_c0.5_from0.2,1,ompl_uniform,20321069,True,True,,1,0.2618828930426389,0.01215845,0.2618828930426389,0.26353913208004087
6,central_c0.5_from0.2,1,joint_projected,20321069,False,False,planning,99999,3.0926242530113086,0.0,6.0,3.1138667800696567
6,central_c0.5_from0.2,2,ompl_uniform,20321170,True,True,,1,0.19259616208728403,0.018741082,0.19259616208728403,0.19400154892355204
6,central_c0.5_from0.2,2,joint_projected,20321170,True,True,,1,0.5950636740308255,0.272284305,0.5950636740308255,0.6170416499953717
6,central_c0.5_from0.2,2,cartesian_ik,20321170,True,True,,1,1.0044976030476391,0.362267358,1.0044976030476391,1.0258302431320772
6,central_c0.5_from0.2,3,cartesian_ik,20321271,True,True,,1,1.3037030640989542,0.656945985,1.3037030640989542,1.3257465499918908
6,central_c0.5_from0.2,3,joint_projected,20321271,False,False,planning,99999,3.0224468529922888,0.0,6.0,3.043284301063977
6,central_c0.5_from0.2,3,ompl_uniform,20321271,True,True,,1,0.3017838540254161,0.031039968,0.3017838540254161,0.30332015291787684
6,central_c0.5_from0.2,4,cartesian_ik,20321372,True,True,,1,0.40966594603378326,0.134770451,0.40966594603378326,0.4311371720395982
6,central_c0.5_from0.2,4,joint_projected,20321372,False,False,planning,99999,3.036429467960261,0.0,6.0,3.057297903113067
6,central_c0.5_from0.2,4,ompl_uniform,20321372,True,True,,1,0.25799294002354145,0.036280379,0.25799294002354145,0.25941459101159126
6,central_c0.5_from0.2,5,joint_projected,20321473,False,False,planning,99999,3.1019784909440205,0.0,6.0,3.122340244008228
6,central_c0.5_from0.2,5,cartesian_ik,20321473,False,True,path_audit,1,0.4464521970367059,0.17662833,6.0,0.467340357019566
6,central_c0.5_from0.2,5,ompl_uniform,20321473,True,True,,1,0.15628257999196649,0.021671281,0.15628257999196649,0.1581888139480725
6,central_c0.5_from0.2,6,joint_projected,20321574,False,False,planning,99999,3.073261365061626,0.0,6.0,3.0943066279869527
6,central_c0.5_from0.2,6,cartesian_ik,20321574,True,True,,1,0.5114271470811218,0.258413615,0.5114271470811218,0.5321980130393058
6,central_c0.5_from0.2,6,ompl_uniform,20321574,True,True,,1,0.12460249499417841,0.025886154,0.12460249499417841,0.1262310800375417
6,central_c0.5_from0.2,7,joint_projected,20321675,False,False,planning,99999,3.0665303169516847,0.0,6.0,3.087530495133251
6,central_c0.5_from0.2,7,cartesian_ik,20321675,True,True,,1,0.8387371100252494,0.507283731,0.8387371100252494,0.859938251087442
6,central_c0.5_from0.2,7,ompl_uniform,20321675,True,True,,1,0.24602190405130386,0.015037357,0.24602190405130386,0.2475482280133292
6,central_c0.5_from0.2,8,ompl_uniform,20321776,True,True,,1,0.2667571840574965,0.017761112,0.2667571840574965,0.26874159602448344
6,central_c0.5_from0.2,8,joint_projected,20321776,False,False,planning,99999,3.065358654013835,0.0,6.0,3.0866789501160383
6,central_c0.5_from0.2,8,cartesian_ik,20321776,True,True,,1,1.2153918710537255,0.520506687,1.2153918710537255,1.2377455910900608
6,central_c0.5_from0.2,9,cartesian_ik,20321877,True,True,,1,0.4304198749596253,0.163515738,0.4304198749596253,0.45196396904066205
6,central_c0.5_from0.2,9,joint_projected,20321877,False,False,planning,99999,3.0760934579884633,0.0,6.0,3.0970023380359635
6,central_c0.5_from0.2,9,ompl_uniform,20321877,True,True,,1,0.27140822098590434,0.01733679,0.27140822098590434,0.27284702903125435
59,distant_c0.7_from0.8,0,joint_projected,20851339,True,True,,1,0.06884245295077562,0.011158161,0.06884245295077562,0.08945712994318455
59,distant_c0.7_from0.8,0,ompl_uniform,20851339,True,True,,1,0.1966067320900038,0.028183137,0.1966067320900038,0.19814059603959322
59,distant_c0.7_from0.8,0,cartesian_ik,20851339,True,True,,1,0.12415966100525111,0.053875337,0.12415966100525111,0.1449813119834289
59,distant_c0.7_from0.8,1,joint_projected,20851440,True,True,,1,0.12277669704053551,0.036814331,0.12277669704053551,0.14379779598675668
59,distant_c0.7_from0.8,1,ompl_uniform,20851440,True,True,,1,0.09594541299156845,0.01276324,0.09594541299156845,0.09772636299021542
59,distant_c0.7_from0.8,1,cartesian_ik,20851440,True,True,,1,0.1102291950955987,0.025054323,0.1102291950955987,0.1311769929016009
59,distant_c0.7_from0.8,2,joint_projected,20851541,True,True,,1,0.07923572300933301,0.025362857,0.07923572300933301,0.10044157796073705
59,distant_c0.7_from0.8,2,ompl_uniform,20851541,True,True,,1,0.2217605939367786,0.016247601,0.2217605939367786,0.22341753507498652
59,distant_c0.7_from0.8,2,cartesian_ik,20851541,True,True,,1,0.14011420297902077,0.023594108,0.14011420297902077,0.16147179889958352
59,distant_c0.7_from0.8,3,joint_projected,20851642,True,True,,1,0.11194898292887956,0.027223271,0.11194898292887956,0.13300839206203818
59,distant_c0.7_from0.8,3,cartesian_ik,20851642,True,True,,1,0.12812813406344503,0.04803153,0.12812813406344503,0.14910545595921576
59,distant_c0.7_from0.8,3,ompl_uniform,20851642,True,True,,1,0.14571811992209405,0.009711958,0.14571811992209405,0.14733128808438778
59,distant_c0.7_from0.8,4,cartesian_ik,20851743,True,True,,1,0.26804535603150725,0.047504847,0.26804535603150725,0.2886941300239414
59,distant_c0.7_from0.8,4,ompl_uniform,20851743,True,True,,1,0.21996574196964502,0.025088339,0.21996574196964502,0.22159974602982402
59,distant_c0.7_from0.8,4,joint_projected,20851743,True,True,,1,0.13321591005660594,0.025857992,0.13321591005660594,0.1541076940484345
59,distant_c0.7_from0.8,5,ompl_uniform,20851844,True,True,,1,0.12024256505537778,0.023368873,0.12024256505537778,0.121692307991907
59,distant_c0.7_from0.8,5,joint_projected,20851844,True,True,,1,0.08492017001844943,0.017173156,0.08492017001844943,0.10598007903899997
59,distant_c0.7_from0.8,5,cartesian_ik,20851844,True,True,,1,0.11038618406746536,0.023187951,0.11038618406746536,0.13097826100420207
59,distant_c0.7_from0.8,6,cartesian_ik,20851945,True,True,,1,0.17568286298774183,0.039136344,0.17568286298774183,0.19729126000311226
59,distant_c0.7_from0.8,6,joint_projected,20851945,True,True,,1,0.1049096150090918,0.024186753,0.1049096150090918,0.12593987898435444
59,distant_c0.7_from0.8,6,ompl_uniform,20851945,True,True,,1,0.11826704198028892,0.032449708,0.11826704198028892,0.1200432589976117
59,distant_c0.7_from0.8,7,ompl_uniform,20852046,True,True,,1,0.2689494320657104,0.009934496,0.2689494320657104,0.2709835859714076
59,distant_c0.7_from0.8,7,joint_projected,20852046,True,True,,1,0.1429900990333408,0.0364885,0.1429900990333408,0.16411704698111862
59,distant_c0.7_from0.8,7,cartesian_ik,20852046,True,True,,1,0.06106569594703615,0.018936543,0.06106569594703615,0.08167196402791888
59,distant_c0.7_from0.8,8,ompl_uniform,20852147,True,True,,1,0.22896779410075396,0.023534013,0.22896779410075396,0.23050514899659902
59,distant_c0.7_from0.8,8,cartesian_ik,20852147,True,True,,1,0.13650177093222737,0.009046471,0.13650177093222737,0.1575878190342337
59,distant_c0.7_from0.8,8,joint_projected,20852147,True,True,,1,0.06895963905844837,0.015151207,0.06895963905844837,0.09022878098767251
59,distant_c0.7_from0.8,9,cartesian_ik,20852248,True,True,,1,0.12456396501511335,0.02928524,0.12456396501511335,0.1456507269758731
59,distant_c0.7_from0.8,9,ompl_uniform,20852248,True,True,,1,0.21257976803462952,0.011990245,0.21257976803462952,0.21424469607882202
59,distant_c0.7_from0.8,9,joint_projected,20852248,True,True,,1,0.1430785469710827,0.019019321,0.1430785469710827,0.16385116602759808
30,offset_c0.7_from0.8,0,joint_projected,20561136,False,True,path_audit,1,0.10514349408913404,0.032886174,6.0,0.1252209700178355
30,offset_c0.7_from0.8,0,ompl_uniform,20561136,True,True,,1,0.19499986805021763,0.032731654,0.19499986805021763,0.1969032760243863
30,offset_c0.7_from0.8,0,cartesian_ik,20561136,True,True,,1,0.3350622860016301,0.06776172,0.3350622860016301,0.35611794400028884
30,offset_c0.7_from0.8,1,joint_projected,20561237,True,True,,1,0.20715461496729404,0.02569758,0.20715461496729404,0.2279522770550102
30,offset_c0.7_from0.8,1,cartesian_ik,20561237,True,True,,1,0.23069719097111374,0.183051442,0.23069719097111374,0.2510029160184786
30,offset_c0.7_from0.8,1,ompl_uniform,20561237,True,True,,1,0.11542860500048846,0.010457391,0.11542860500048846,0.11679962102789432
30,offset_c0.7_from0.8,2,cartesian_ik,20561338,True,True,,1,0.3270757719874382,0.095658389,0.3270757719874382,0.3480653780279681
30,offset_c0.7_from0.8,2,joint_projected,20561338,True,True,,1,3.1212378289783373,2.955664388,3.0,3.142536425963044
30,offset_c0.7_from0.8,2,ompl_uniform,20561338,True,True,,1,0.18530358897987753,0.015814523,0.18530358897987753,0.18673036596737802
30,offset_c0.7_from0.8,3,cartesian_ik,20561439,True,True,,1,0.4191586639499292,0.189903793,0.4191586639499292,0.4401108480524272
30,offset_c0.7_from0.8,3,joint_projected,20561439,False,True,path_audit,1,0.45602184906601906,0.216308748,6.0,0.47742455010302365
30,offset_c0.7_from0.8,3,ompl_uniform,20561439,True,True,,1,0.18403872102499008,0.017649977,0.18403872102499008,0.18555575306527317
30,offset_c0.7_from0.8,4,cartesian_ik,20561540,True,True,,1,0.15424180997069925,0.054391796,0.15424180997069925,0.1754221790470183
30,offset_c0.7_from0.8,4,ompl_uniform,20561540,True,True,,1,0.2400410439586267,0.03384999,0.2400410439586267,0.24170369002968073
30,offset_c0.7_from0.8,4,joint_projected,20561540,True,True,,1,1.6131228350568563,1.239033569,1.6131228350568563,1.6348484241170809
30,offset_c0.7_from0.8,5,ompl_uniform,20561641,True,True,,1,0.22833464399445802,0.014179831,0.22833464399445802,0.2302601879928261
30,offset_c0.7_from0.8,5,joint_projected,20561641,True,True,,1,0.2804506339598447,0.037110205,0.2804506339598447,0.3019846030510962
30,offset_c0.7_from0.8,5,cartesian_ik,20561641,True,True,,1,0.48816880804952234,0.205284494,0.48816880804952234,0.5092606970574707
30,offset_c0.7_from0.8,6,ompl_uniform,20561742,True,True,,1,0.14376672497019172,0.020771634,0.14376672497019172,0.14542162301950157
30,offset_c0.7_from0.8,6,joint_projected,20561742,True,True,,1,0.7313045770861208,0.508254301,0.7313045770861208,0.7532580750994384
30,offset_c0.7_from0.8,6,cartesian_ik,20561742,True,True,,1,0.3409905170556158,0.031449568,0.3409905170556158,0.3619605080457404
30,offset_c0.7_from0.8,7,joint_projected,20561843,False,False,planning,99999,3.1051547749666497,0.0,6.0,3.1257690431084484
30,offset_c0.7_from0.8,7,cartesian_ik,20561843,True,True,,1,0.1621493329294026,0.045872408,0.1621493329294026,0.18291185807902366
30,offset_c0.7_from0.8,7,ompl_uniform,20561843,True,True,,1,0.24173491192050278,0.024596709,0.24173491192050278,0.2436320980777964
30,offset_c0.7_from0.8,8,cartesian_ik,20561944,True,True,,1,0.5825303239980713,0.107225777,0.5825303239980713,0.6037431410513818
30,offset_c0.7_from0.8,8,joint_projected,20561944,True,True,,1,0.29983885399997234,0.032129912,0.29983885399997234,0.32149632507935166
30,offset_c0.7_from0.8,8,ompl_uniform,20561944,True,True,,1,0.20336891210172325,0.029762281,0.20336891210172325,0.20496874500531703
30,offset_c0.7_from0.8,9,joint_projected,20562045,True,True,,1,0.39072809903882444,0.067811519,0.39072809903882444,0.4122952000470832
30,offset_c0.7_from0.8,9,ompl_uniform,20562045,True,True,,1,0.15002371603623033,0.009898099,0.15002371603623033,0.15172539302147925
30,offset_c0.7_from0.8,9,cartesian_ik,20562045,True,True,,1,0.6763632580405101,0.140565528,0.6763632580405101,0.6986132840393111
28,offset_c0.5_from0.2,0,cartesian_ik,20541122,True,True,,1,0.21955279109533876,0.047131577,0.21955279109533876,0.23962107300758362
28,offset_c0.5_from0.2,0,joint_projected,20541122,True,True,,1,0.08066837198566645,0.02622232,0.08066837198566645,0.1013004289707169
28,offset_c0.5_from0.2,0,ompl_uniform,20541122,True,True,,1,0.18189624196384102,0.016279495,0.18189624196384102,0.18372813204769045
28,offset_c0.5_from0.2,1,cartesian_ik,20541223,True,True,,1,0.14178651897236705,0.046530417,0.14178651897236705,0.16247856989502907
28,offset_c0.5_from0.2,1,ompl_uniform,20541223,True,True,,1,0.15439311601221561,0.014893558,0.15439311601221561,0.1561089491005987
28,offset_c0.5_from0.2,1,joint_projected,20541223,True,True,,1,0.09663778496906161,0.03271734,0.09663778496906161,0.1171132359886542
28,offset_c0.5_from0.2,2,ompl_uniform,20541324,True,True,,1,0.12197808607015759,0.010839675,0.12197808607015759,0.1238578159827739
28,offset_c0.5_from0.2,2,cartesian_ik,20541324,True,True,,1,0.13007283199112862,0.030372547,0.13007283199112862,0.15087548305746168
28,offset_c0.5_from0.2,2,joint_projected,20541324,True,True,,1,0.963506167056039,0.764597799,0.963506167056039,0.9842812209390104
28,offset_c0.5_from0.2,3,cartesian_ik,20541425,True,True,,1,0.16709889809135348,0.030063997,0.16709889809135348,0.18774887989275157
28,offset_c0.5_from0.2,3,joint_projected,20541425,True,True,,1,0.14826620707754046,0.035326783,0.14826620707754046,0.16952915489673615
28,offset_c0.5_from0.2,3,ompl_uniform,20541425,True,True,,1,0.09765729098580778,0.010896862,0.09765729098580778,0.0992859510006383
28,offset_c0.5_from0.2,4,joint_projected,20541526,True,True,,1,0.32926000095903873,0.215099988,0.32926000095903873,0.35009854997042567
28,offset_c0.5_from0.2,4,cartesian_ik,20541526,True,True,,1,0.3452834750059992,0.145668854,0.3452834750059992,0.3662020330084488
28,offset_c0.5_from0.2,4,ompl_uniform,20541526,True,True,,1,0.18546504096593708,0.032862176,0.18546504096593708,0.18717696494422853
28,offset_c0.5_from0.2,5,joint_projected,20541627,True,True,,1,0.15076443192083389,0.027481675,0.15076443192083389,0.17148531298153102
28,offset_c0.5_from0.2,5,ompl_uniform,20541627,True,True,,1,0.0836817140225321,0.006382465,0.0836817140225321,0.08527078502811491
28,offset_c0.5_from0.2,5,cartesian_ik,20541627,True,True,,1,0.07366910600103438,0.046346318,0.07366910600103438,0.09432820091024041
28,offset_c0.5_from0.2,6,ompl_uniform,20541728,True,True,,1,0.08110506494995207,0.005203389,0.08110506494995207,0.0828029919648543
28,offset_c0.5_from0.2,6,cartesian_ik,20541728,True,True,,1,0.40200610901229084,0.15317184,0.40200610901229084,0.4227221489418298
28,offset_c0.5_from0.2,6,joint_projected,20541728,True,True,,1,0.07980480906553566,0.022942266,0.07980480906553566,0.10035770502872765
28,offset_c0.5_from0.2,7,ompl_uniform,20541829,True,True,,1,0.1561286629876122,0.00799315,0.1561286629876122,0.15765719301998615
28,offset_c0.5_from0.2,7,cartesian_ik,20541829,True,True,,1,0.16089403606019914,0.060995854,0.16089403606019914,0.18152023199945688
28,offset_c0.5_from0.2,7,joint_projected,20541829,True,True,,1,0.12607149395626038,0.032721372,0.12607149395626038,0.1465322880540043
28,offset_c0.5_from0.2,8,ompl_uniform,20541930,True,True,,1,0.19704100594390184,0.014517002,0.19704100594390184,0.1988923540338874
28,offset_c0.5_from0.2,8,cartesian_ik,20541930,True,True,,1,0.14644505397882313,0.047700582,0.14644505397882313,0.16751998104155064
28,offset_c0.5_from0.2,8,joint_projected,20541930,False,False,planning,99999,3.081426957040094,0.0,6.0,3.1020356429507956
28,offset_c0.5_from0.2,9,joint_projected,20542031,True,True,,1,0.14351741899736226,0.022109013,0.14351741899736226,0.16375490697100759
28,offset_c0.5_from0.2,9,cartesian_ik,20542031,True,True,,1,0.06155227601993829,0.007749757,0.06155227601993829,0.08248767605982721
28,offset_c0.5_from0.2,9,ompl_uniform,20542031,True,True,,1,0.16806813795119524,0.014190835,0.16806813795119524,0.16998525091912597
0,central_c0.5_from0.2,0,ompl_uniform,20260926,True,True,,1,0.1041992410318926,0.008528266,0.1041992410318926,0.10581586300395429
0,central_c0.5_from0.2,0,cartesian_ik,20260926,False,False,planning,99999,3.0669315638951957,0.0,6.0,3.089320637867786
0,central_c0.5_from0.2,0,joint_projected,20260926,False,False,planning,99999,3.095851205987856,0.0,6.0,3.1180572449229658
0,central_c0.5_from0.2,1,joint_projected,20261027,False,False,planning,99999,3.103449668036774,0.0,6.0,3.125162175972946
0,central_c0.5_from0.2,1,cartesian_ik,20261027,False,False,planning,99999,3.0943348340224475,0.0,6.0,3.116592416889034
0,central_c0.5_from0.2,1,ompl_uniform,20261027,True,True,,1,0.27504693891387433,0.013744988,0.27504693891387433,0.2766596700530499
0,central_c0.5_from0.2,2,cartesian_ik,20261128,False,False,planning,99999,3.092754677985795,0.0,6.0,3.115356736932881
0,central_c0.5_from0.2,2,ompl_uniform,20261128,True,True,,1,0.2020228860201314,0.011802034,0.2020228860201314,0.20356914296280593
0,central_c0.5_from0.2,2,joint_projected,20261128,False,False,planning,99999,3.066663664067164,0.0,6.0,3.0893155889352784
0,central_c0.5_from0.2,3,cartesian_ik,20261229,False,False,planning,99999,3.100829435978085,0.0,6.0,3.1231936159310862
0,central_c0.5_from0.2,3,ompl_uniform,20261229,True,True,,1,0.21833749499637634,0.030164913,0.21833749499637634,0.22019076999276876
0,central_c0.5_from0.2,3,joint_projected,20261229,False,False,planning,99999,3.0416212329873815,0.0,6.0,3.0641646599397063
0,central_c0.5_from0.2,4,cartesian_ik,20261330,False,False,planning,99999,3.105826759012416,0.0,6.0,3.1278926039813086
0,central_c0.5_from0.2,4,joint_projected,20261330,False,False,planning,99999,3.0856290629599243,0.0,6.0,3.1081196828745306
0,central_c0.5_from0.2,4,ompl_uniform,20261330,True,True,,1,0.1789355289656669,0.039656993,0.1789355289656669,0.1801325490232557
0,central_c0.5_from0.2,5,ompl_uniform,20261431,True,True,,1,0.1582645419985056,0.01740437,0.1582645419985056,0.16010261699557304
0,central_c0.5_from0.2,5,cartesian_ik,20261431,False,False,planning,99999,3.08438071096316,0.0,6.0,3.1074350979179144
0,central_c0.5_from0.2,5,joint_projected,20261431,False,False,planning,99999,3.093433797941543,0.0,6.0,3.116015073028393
0,central_c0.5_from0.2,6,ompl_uniform,20261532,True,True,,1,0.19490097602829337,0.038225604,0.19490097602829337,0.19620784802827984
0,central_c0.5_from0.2,6,cartesian_ik,20261532,False,False,planning,99999,3.0874976329505444,0.0,6.0,3.109661007998511
0,central_c0.5_from0.2,6,joint_projected,20261532,False,False,planning,99999,3.0949411330511793,0.0,6.0,3.11754403100349
0,central_c0.5_from0.2,7,ompl_uniform,20261633,True,True,,1,0.2167677580146119,0.007207946,0.2167677580146119,0.21809325902722776
0,central_c0.5_from0.2,7,joint_projected,20261633,False,False,planning,99999,3.0532608591020107,0.0,6.0,3.0757962429197505
0,central_c0.5_from0.2,7,cartesian_ik,20261633,False,False,planning,99999,3.1034870779840276,0.0,6.0,3.1258989908965304
0,central_c0.5_from0.2,8,joint_projected,20261734,False,False,planning,99999,3.088761099963449,0.0,6.0,3.110854697879404
0,central_c0.5_from0.2,8,cartesian_ik,20261734,False,False,planning,99999,3.098522542975843,0.0,6.0,3.121078834985383
0,central_c0.5_from0.2,8,ompl_uniform,20261734,True,True,,1,0.2054141809931025,0.010451312,0.2054141809931025,0.20686644199304283
0,central_c0.5_from0.2,9,joint_projected,20261835,False,False,planning,99999,3.064581674989313,0.0,6.0,3.0874712768709287
0,central_c0.5_from0.2,9,ompl_uniform,20261835,True,True,,1,0.24479800800327212,0.021343656,0.24479800800327212,0.2463907969649881
0,central_c0.5_from0.2,9,cartesian_ik,20261835,False,False,planning,99999,3.0313138279598206,0.0,6.0,3.054049859987572
24,offset_c0.5_from0.2,0,cartesian_ik,20501094,False,False,planning,99999,3.07600879506208,0.0,6.0,3.096152213984169
24,offset_c0.5_from0.2,0,ompl_uniform,20501094,True,True,,1,0.2322350579779595,0.011900201,0.2322350579779595,0.23360593908000737
24,offset_c0.5_from0.2,0,joint_projected,20501094,False,False,planning,99999,3.0986685709794983,0.0,6.0,3.1193202460417524
24,offset_c0.5_from0.2,1,cartesian_ik,20501195,False,False,planning,99999,3.1031711410032585,0.0,6.0,3.123669874970801
24,offset_c0.5_from0.2,1,ompl_uniform,20501195,True,True,,1,0.22324953402858227,0.015176719,0.22324953402858227,0.2248181119794026
24,offset_c0.5_from0.2,1,joint_projected,20501195,False,False,planning,99999,3.0261768490308896,0.0,6.0,3.0467212318908423
24,offset_c0.5_from0.2,2,ompl_uniform,20501296,True,True,,1,0.2516373839462176,0.008450093,0.2516373839462176,0.2532126549631357
24,offset_c0.5_from0.2,2,cartesian_ik,20501296,False,False,planning,99999,3.1041394820204005,0.0,6.0,3.125062768929638
24,offset_c0.5_from0.2,2,joint_projected,20501296,False,False,planning,99999,3.090199843980372,0.0,6.0,3.1106059548910707
24,offset_c0.5_from0.2,3,joint_projected,20501397,False,False,planning,99999,3.103347060037777,0.0,6.0,3.1242858939804137
24,offset_c0.5_from0.2,3,ompl_uniform,20501397,True,True,,1,0.24455262895207852,0.030441219,0.24455262895207852,0.24636396206915379
24,offset_c0.5_from0.2,3,cartesian_ik,20501397,False,False,planning,99999,3.0502579580061138,0.0,6.0,3.0711189418798313
24,offset_c0.5_from0.2,4,cartesian_ik,20501498,False,False,planning,99999,3.0936639480059966,0.0,6.0,3.1140056980075315
24,offset_c0.5_from0.2,4,ompl_uniform,20501498,True,True,,1,0.21611041494179517,0.035727965,0.21611041494179517,0.21767460298724473
24,offset_c0.5_from0.2,4,joint_projected,20501498,False,False,planning,99999,3.0224312050268054,0.0,6.0,3.04310278093908
24,offset_c0.5_from0.2,5,joint_projected,20501599,False,False,planning,99999,3.101293566985987,0.0,6.0,3.1216312469914556
24,offset_c0.5_from0.2,5,ompl_uniform,20501599,True,True,,1,0.314089672989212,0.023828914,0.314089672989212,0.3160496139898896
24,offset_c0.5_from0.2,5,cartesian_ik,20501599,False,False,planning,99999,3.0117893760325387,0.0,6.0,3.0325533989816904
24,offset_c0.5_from0.2,6,cartesian_ik,20501700,False,False,planning,99999,3.0969477819744498,0.0,6.0,3.117261554929428
24,offset_c0.5_from0.2,6,joint_projected,20501700,False,False,planning,99999,3.0949780880473554,0.0,6.0,3.1153565369313583
24,offset_c0.5_from0.2,6,ompl_uniform,20501700,True,True,,1,0.23567579698283225,0.02909138,0.23567579698283225,0.23734180198516697
24,offset_c0.5_from0.2,7,ompl_uniform,20501801,True,True,,1,0.11541295400820673,0.008576528,0.11541295400820673,0.11722420295700431
24,offset_c0.5_from0.2,7,joint_projected,20501801,False,False,planning,99999,3.018147772992961,0.0,6.0,3.038409233908169
24,offset_c0.5_from0.2,7,cartesian_ik,20501801,False,False,planning,99999,3.1107334370026365,0.0,6.0,3.1307755269808695
24,offset_c0.5_from0.2,8,cartesian_ik,20501902,False,False,planning,99999,3.083009814028628,0.0,6.0,3.1040406150277704
24,offset_c0.5_from0.2,8,joint_projected,20501902,False,False,planning,99999,3.0955114599782974,0.0,6.0,3.1154582469025627
24,offset_c0.5_from0.2,8,ompl_uniform,20501902,True,True,,1,0.1902841420378536,0.018046568,0.1902841420378536,0.19140809099189937
24,offset_c0.5_from0.2,9,joint_projected,20502003,False,False,planning,99999,3.020258828997612,0.0,6.0,3.040403365972452
24,offset_c0.5_from0.2,9,ompl_uniform,20502003,True,True,,1,0.22804083104711026,0.015247536,0.22804083104711026,0.22966982901562005
24,offset_c0.5_from0.2,9,cartesian_ik,20502003,False,False,planning,99999,3.0182566369185224,0.0,6.0,3.0395346709992737
11,central_c0.7_from0.8,0,cartesian_ik,20371003,True,True,,1,0.39772517408709973,0.22748918,0.39772517408709973,0.41843625297769904
11,central_c0.7_from0.8,0,joint_projected,20371003,True,True,,1,0.11024349404033273,0.028825354,0.11024349404033273,0.1312650719191879
11,central_c0.7_from0.8,0,ompl_uniform,20371003,True,True,,1,0.21337086090352386,0.03042,0.21337086090352386,0.2150338679784909
11,central_c0.7_from0.8,1,joint_projected,20371104,False,False,planning,99999,3.078230167971924,0.0,6.0,3.099291664897464
11,central_c0.7_from0.8,1,ompl_uniform,20371104,True,True,,1,0.18184158205986023,0.024735791,0.18184158205986023,0.18350120401009917
11,central_c0.7_from0.8,1,cartesian_ik,20371104,True,True,,1,0.3005233369767666,0.217528162,0.3005233369767666,0.3217298479285091
11,central_c0.7_from0.8,2,ompl_uniform,20371205,True,True,,1,0.18493454298004508,0.028986837,0.18493454298004508,0.18669216602575034
11,central_c0.7_from0.8,2,joint_projected,20371205,True,True,,1,0.1966308910632506,0.057121934,0.1966308910632506,0.21784938487689942
11,central_c0.7_from0.8,2,cartesian_ik,20371205,True,True,,1,0.04216507903765887,0.015802412,0.04216507903765887,0.06282371084671468
11,central_c0.7_from0.8,3,ompl_uniform,20371306,True,True,,1,0.12141389306634665,0.013676848,0.12141389306634665,0.12296019599307328
11,central_c0.7_from0.8,3,joint_projected,20371306,True,True,,1,0.3757710950449109,0.246850553,0.3757710950449109,0.3970323549583554
11,central_c0.7_from0.8,3,cartesian_ik,20371306,True,True,,1,0.28263204207178205,0.167259849,0.28263204207178205,0.30328546883538365
11,central_c0.7_from0.8,4,cartesian_ik,20371407,True,True,,1,0.16255178092978895,0.040430783,0.16255178092978895,0.18347557494416833
11,central_c0.7_from0.8,4,joint_projected,20371407,True,True,,1,0.04944718105252832,0.02042806,0.04944718105252832,0.07013145892415196
11,central_c0.7_from0.8,4,ompl_uniform,20371407,True,True,,1,0.15151540096849203,0.013822614,0.15151540096849203,0.153173016034998
11,central_c0.7_from0.8,5,ompl_uniform,20371508,True,True,,1,0.186444120015949,0.010870056,0.186444120015949,0.18824940198101103
11,central_c0.7_from0.8,5,cartesian_ik,20371508,True,True,,1,0.3351981620071456,0.159900423,0.3351981620071456,0.35643597692251205
11,central_c0.7_from0.8,5,joint_projected,20371508,True,True,,1,0.1501331109320745,0.04626269,0.1501331109320745,0.1712026399327442
11,central_c0.7_from0.8,6,cartesian_ik,20371609,True,True,,1,0.10951250593643636,0.039062199,0.10951250593643636,0.13068741897586733
11,central_c0.7_from0.8,6,joint_projected,20371609,True,True,,1,0.36993133602663875,0.124787829,0.36993133602663875,0.3916488669347018
11,central_c0.7_from0.8,6,ompl_uniform,20371609,True,True,,1,0.20984743698500097,0.013268913,0.20984743698500097,0.21132535894867033
11,central_c0.7_from0.8,7,ompl_uniform,20371710,True,True,,1,0.18752159096766263,0.036559522,0.18752159096766263,0.18948346702381968
11,central_c0.7_from0.8,7,joint_projected,20371710,True,True,,1,0.07723667100071907,0.016897342,0.07723667100071907,0.09867006994318217
11,central_c0.7_from0.8,7,cartesian_ik,20371710,True,True,,1,0.12434282898902893,0.009767444,0.12434282898902893,0.14521833090111613
11,central_c0.7_from0.8,8,ompl_uniform,20371811,True,True,,1,0.13260086707305163,0.029871331,0.13260086707305163,0.13429348391946405
11,central_c0.7_from0.8,8,joint_projected,20371811,True,True,,1,0.09881754603702575,0.020777547,0.09881754603702575,0.12015072081703693
11,central_c0.7_from0.8,8,cartesian_ik,20371811,True,True,,1,0.2399603109806776,0.175854851,0.2399603109806776,0.26105184492189437
11,central_c0.7_from0.8,9,joint_projected,20371912,True,True,,1,1.1061791019747034,0.815108552,1.1061791019747034,1.1273940079845488
11,central_c0.7_from0.8,9,ompl_uniform,20371912,True,True,,1,0.22470034193247557,0.029797938,0.22470034193247557,0.22632619098294526
11,central_c0.7_from0.8,9,cartesian_ik,20371912,True,True,,1,0.15503994200844318,0.093898436,0.15503994200844318,0.1765355629613623
37,offset_c0.7_from0.8,0,ompl_uniform,20631185,True,True,,1,0.12579300394281745,0.014052291,0.12579300394281745,0.12728424603119493
37,offset_c0.7_from0.8,0,joint_projected,20631185,True,True,,1,0.16573802998755127,0.04124885,0.16573802998755127,0.18630951596423984
37,offset_c0.7_from0.8,0,cartesian_ik,20631185,True,True,,1,0.41254470800049603,0.134310297,0.41254470800049603,0.43377057695761323
37,offset_c0.7_from0.8,1,ompl_uniform,20631286,True,True,,1,0.0895566149847582,0.009122136,0.0895566149847582,0.09150791703723371
37,offset_c0.7_from0.8,1,joint_projected,20631286,True,True,,1,0.23500767000950873,0.05283609,0.23500767000950873,0.25540979497600347
37,offset_c0.7_from0.8,1,cartesian_ik,20631286,True,True,,1,0.2428617139812559,0.083653368,0.2428617139812559,0.26318298699334264
37,offset_c0.7_from0.8,2,ompl_uniform,20631387,True,True,,1,0.15004559606313705,0.02612693,0.15004559606313705,0.15174910996574908
37,offset_c0.7_from0.8,2,cartesian_ik,20631387,True,True,,1,0.16938805300742388,0.04717832,0.16938805300742388,0.19026143907103688
37,offset_c0.7_from0.8,2,joint_projected,20631387,False,False,planning,99999,3.104497150052339,0.0,6.0,3.1246546489419416
37,offset_c0.7_from0.8,3,cartesian_ik,20631488,True,True,,1,0.2685641039861366,0.10756057,0.2685641039861366,0.28882530599366874
37,offset_c0.7_from0.8,3,joint_projected,20631488,True,True,,1,0.24245846003759652,0.049538562,0.24245846003759652,0.26338339399080724
37,offset_c0.7_from0.8,3,ompl_uniform,20631488,True,True,,1,0.18633409903850406,0.011070609,0.18633409903850406,0.1881999740144238
37,offset_c0.7_from0.8,4,cartesian_ik,20631589,True,True,,1,0.22026657999958843,0.083052592,0.22026657999958843,0.24139443889725953
37,offset_c0.7_from0.8,4,joint_projected,20631589,True,True,,1,0.204347041901201,0.086269603,0.204347041901201,0.22563204099424183
37,offset_c0.7_from0.8,4,ompl_uniform,20631589,True,True,,1,0.11815442703664303,0.025028466,0.11815442703664303,0.11975219007581472
37,offset_c0.7_from0.8,5,ompl_uniform,20631690,True,True,,1,0.15046131110284477,0.027788507,0.15046131110284477,0.15175011300016195
37,offset_c0.7_from0.8,5,joint_projected,20631690,True,True,,1,0.09599990607239306,0.015707049,0.09599990607239306,0.11717295600101352
37,offset_c0.7_from0.8,5,cartesian_ik,20631690,True,True,,1,0.15799102699384093,0.020894414,0.15799102699384093,0.17881221999414265
37,offset_c0.7_from0.8,6,ompl_uniform,20631791,True,True,,1,0.06859326793346554,0.009102696,0.06859326793346554,0.07011130906175822
37,offset_c0.7_from0.8,6,cartesian_ik,20631791,False,True,path_audit,1,0.4553973999572918,0.234579621,6.0,0.4759587369626388
37,offset_c0.7_from0.8,6,joint_projected,20631791,False,True,path_audit,1,0.1734949939418584,0.040469503,6.0,0.19420607399661094
37,offset_c0.7_from0.8,7,joint_projected,20631892,True,True,,1,0.27806268201675266,0.05756505,0.27806268201675266,0.2989754519658163
37,offset_c0.7_from0.8,7,cartesian_ik,20631892,True,True,,1,0.08345352008473128,0.018199989,0.08345352008473128,0.10447271401062608
37,offset_c0.7_from0.8,7,ompl_uniform,20631892,True,True,,1,0.13964525901246816,0.01189187,0.13964525901246816,0.1414432160090655
37,offset_c0.7_from0.8,8,cartesian_ik,20631993,False,True,path_audit,1,0.13590942602604628,0.03586599,6.0,0.1568915230454877
37,offset_c0.7_from0.8,8,joint_projected,20631993,False,False,planning,99999,3.100855782045983,0.0,6.0,3.1210723610129207
37,offset_c0.7_from0.8,8,ompl_uniform,20631993,True,True,,1,0.17497033590916544,0.007551686,0.17497033590916544,0.17663910705596209
37,offset_c0.7_from0.8,9,joint_projected,20632094,True,True,,1,0.3007767510134727,0.052158315,0.3007767510134727,0.3221907069673762
37,offset_c0.7_from0.8,9,ompl_uniform,20632094,True,True,,1,0.2281882200622931,0.01265579,0.2281882200622931,0.22998225304763764
37,offset_c0.7_from0.8,9,cartesian_ik,20632094,True,True,,1,0.2529431799193844,0.187796439,0.2529431799193844,0.27378723700530827
31,offset_c0.7_from0.8,0,ompl_uniform,20571143,True,True,,1,0.31242083001416177,0.014710496,0.31242083001416177,0.31414297700393945
31,offset_c0.7_from0.8,0,joint_projected,20571143,False,False,planning,99999,3.038545752991922,0.0,6.0,3.0592594378395006
31,offset_c0.7_from0.8,0,cartesian_ik,20571143,True,True,,1,2.3023091609356925,1.674152145,2.3023091609356925,2.3234305949881673
31,offset_c0.7_from0.8,1,ompl_uniform,20571244,True,True,,1,0.18511755298823118,0.012133613,0.18511755298823118,0.18669241294264793
31,offset_c0.7_from0.8,1,joint_projected,20571244,False,False,planning,99999,3.0693943119840696,0.0,6.0,3.0894147239159793
31,offset_c0.7_from0.8,1,cartesian_ik,20571244,True,True,,1,0.7614035430597141,0.363791159,0.7614035430597141,0.7829423029907048
31,offset_c0.7_from0.8,2,cartesian_ik,20571345,True,True,,1,0.4514895119937137,0.183614479,0.4514895119937137,0.4729089270113036
31,offset_c0.7_from0.8,2,joint_projected,20571345,False,False,planning,99999,3.067918905057013,0.0,6.0,3.088613991974853
31,offset_c0.7_from0.8,2,ompl_uniform,20571345,True,True,,1,0.16182917193509638,0.018418959,0.16182917193509638,0.16359491099137813
31,offset_c0.7_from0.8,3,joint_projected,20571446,False,False,planning,99999,3.0052815669914708,0.0,6.0,3.0262465549167246
31,offset_c0.7_from0.8,3,cartesian_ik,20571446,False,False,planning,99999,3.106278086081147,0.0,6.0,3.1257225138833746
31,offset_c0.7_from0.8,3,ompl_uniform,20571446,True,True,,1,0.2552230099681765,0.0156641,0.2552230099681765,0.25661665899679065
31,offset_c0.7_from0.8,4,cartesian_ik,20571547,True,True,,1,1.6165717529365793,1.041679865,1.6165717529365793,1.6384755478939041
31,offset_c0.7_from0.8,4,ompl_uniform,20571547,True,True,,1,0.1473018249962479,0.006817358,0.1473018249962479,0.14923429605551064
31,offset_c0.7_from0.8,4,joint_projected,20571547,False,False,planning,99999,3.0475064589409158,0.0,6.0,3.0677576408488676
31,offset_c0.7_from0.8,5,ompl_uniform,20571648,True,True,,1,0.28380448499228805,0.018309846,0.28380448499228805,0.28524904302321374
31,offset_c0.7_from0.8,5,cartesian_ik,20571648,True,True,,1,1.5009195259772241,1.226727079,1.5009195259772241,1.5220533879473805
31,offset_c0.7_from0.8,5,joint_projected,20571648,False,False,planning,99999,3.0075691470410675,0.0,6.0,3.0272530139191076
31,offset_c0.7_from0.8,6,ompl_uniform,20571749,True,True,,1,0.19617745198775083,0.023625317,0.19617745198775083,0.19791133201215416
31,offset_c0.7_from0.8,6,cartesian_ik,20571749,True,True,,1,0.8426305099856108,0.498662451,0.8426305099856108,0.8642017169622704
31,offset_c0.7_from0.8,6,joint_projected,20571749,False,False,planning,99999,3.056003694073297,0.0,6.0,3.0767437459435314
31,offset_c0.7_from0.8,7,joint_projected,20571850,False,False,planning,99999,3.100850156042725,0.0,6.0,3.1207999548641965
31,offset_c0.7_from0.8,7,cartesian_ik,20571850,True,True,,1,1.2403910129796714,0.784356448,1.2403910129796714,1.260811878950335
31,offset_c0.7_from0.8,7,ompl_uniform,20571850,True,True,,1,0.14764939190354198,0.018527648,0.14764939190354198,0.14909628697205335
31,offset_c0.7_from0.8,8,ompl_uniform,20571951,True,True,,1,0.12310766393784434,0.013699491,0.12310766393784434,0.12491977692116052
31,offset_c0.7_from0.8,8,joint_projected,20571951,False,False,planning,99999,3.0987956429598853,0.0,6.0,3.1187647139886394
31,offset_c0.7_from0.8,8,cartesian_ik,20571951,True,True,,1,0.4096877849660814,0.067454082,0.4096877849660814,0.4304249759297818
31,offset_c0.7_from0.8,9,cartesian_ik,20572052,True,True,,1,3.3600168169941753,2.689685089,3.0,3.381865922943689
31,offset_c0.7_from0.8,9,joint_projected,20572052,True,True,,1,3.770995607948862,2.680309014,3.0,3.7928868698654696
31,offset_c0.7_from0.8,9,ompl_uniform,20572052,True,True,,1,0.23878517397679389,0.019543867,0.23878517397679389,0.24059560697060078
53,distant_c0.7_from0.8,0,joint_projected,20791297,True,True,,1,0.10404547106008977,0.025821598,0.10404547106008977,0.1235590010182932
53,distant_c0.7_from0.8,0,cartesian_ik,20791297,True,True,,1,0.11459614196792245,0.007408649,0.11459614196792245,0.13461134012322873
53,distant_c0.7_from0.8,0,ompl_uniform,20791297,True,True,,1,0.0833288369467482,0.018555412,0.0833288369467482,0.0850721460301429
53,distant_c0.7_from0.8,1,ompl_uniform,20791398,True,True,,1,0.0724187740124762,0.011051618,0.0724187740124762,0.07424141198862344
53,distant_c0.7_from0.8,1,cartesian_ik,20791398,True,True,,1,0.07767288200557232,0.022483972,0.07767288200557232,0.09824702411424369
53,distant_c0.7_from0.8,1,joint_projected,20791398,True,True,,1,0.13601750892121345,0.037688729,0.13601750892121345,0.15622750902548432
53,distant_c0.7_from0.8,2,cartesian_ik,20791499,True,True,,1,0.17686599888838828,0.016096069,0.17686599888838828,0.19661847897805274
53,distant_c0.7_from0.8,2,ompl_uniform,20791499,True,True,,1,0.091243622940965,0.013937784,0.091243622940965,0.0925190350972116
53,distant_c0.7_from0.8,2,joint_projected,20791499,True,True,,1,0.056590989930555224,0.014402397,0.056590989930555224,0.0769663080573082
53,distant_c0.7_from0.8,3,joint_projected,20791600,True,True,,1,0.1421967539936304,0.044835512,0.1421967539936304,0.16179571906104684
53,distant_c0.7_from0.8,3,cartesian_ik,20791600,True,True,,1,0.12095715291798115,0.008015844,0.12095715291798115,0.14127468294464052
53,distant_c0.7_from0.8,3,ompl_uniform,20791600,True,True,,1,0.18599308794364333,0.011039693,0.18599308794364333,0.18759115901775658
53,distant_c0.7_from0.8,4,ompl_uniform,20791701,True,True,,1,0.20579358492977917,0.018024101,0.20579358492977917,0.20773621299304068
53,distant_c0.7_from0.8,4,cartesian_ik,20791701,True,True,,1,0.12979981792159379,0.023248147,0.12979981792159379,0.15054147003684193
53,distant_c0.7_from0.8,4,joint_projected,20791701,True,True,,1,0.12765599007252604,0.036759239,0.12765599007252604,0.1480319850379601
53,distant_c0.7_from0.8,5,joint_projected,20791802,True,True,,1,0.12951137602794915,0.02014386,0.12951137602794915,0.14884433802217245
53,distant_c0.7_from0.8,5,cartesian_ik,20791802,True,True,,1,0.048889175057411194,0.016736343,0.048889175057411194,0.06821535702329129
53,distant_c0.7_from0.8,5,ompl_uniform,20791802,True,True,,1,0.16358673200011253,0.008632135,0.16358673200011253,0.16469545604195446
53,distant_c0.7_from0.8,6,cartesian_ik,20791903,True,True,,1,0.05736179801169783,0.01735954,0.05736179801169783,0.07685530604794621
53,distant_c0.7_from0.8,6,joint_projected,20791903,True,True,,1,0.13163593702483922,0.031045484,0.13163593702483922,0.15126421896275133
53,distant_c0.7_from0.8,6,ompl_uniform,20791903,True,True,,1,0.17724894196726382,0.012421765,0.17724894196726382,0.1782157119596377
53,distant_c0.7_from0.8,7,cartesian_ik,20792004,True,True,,1,0.05424363596830517,0.007964474,0.05424363596830517,0.07421110500581563
53,distant_c0.7_from0.8,7,joint_projected,20792004,True,True,,1,0.12293650396168232,0.017749621,0.12293650396168232,0.14312363299541175
53,distant_c0.7_from0.8,7,ompl_uniform,20792004,True,True,,1,0.11164531600661576,0.010086162,0.11164531600661576,0.112951181945391
53,distant_c0.7_from0.8,8,ompl_uniform,20792105,True,True,,1,0.1584584650117904,0.013290938,0.1584584650117904,0.1597397440345958
53,distant_c0.7_from0.8,8,joint_projected,20792105,True,True,,1,0.16269614291377366,0.031623904,0.16269614291377366,0.1829081129981205
53,distant_c0.7_from0.8,8,cartesian_ik,20792105,True,True,,1,0.09604794101323932,0.01842903,0.09604794101323932,0.11566753895021975
53,distant_c0.7_from0.8,9,cartesian_ik,20792206,True,True,,1,0.10550630197394639,0.017091158,0.10550630197394639,0.12590931099839509
53,distant_c0.7_from0.8,9,ompl_uniform,20792206,True,True,,1,0.14955909503623843,0.010249198,0.14955909503623843,0.15101240202784538
53,distant_c0.7_from0.8,9,joint_projected,20792206,True,True,,1,0.052925017080269754,0.021882697,0.052925017080269754,0.07333658810239285
16,central_c0.7_from0.8,0,joint_projected,20421038,False,False,planning,99999,3.059284771909006,0.0,6.0,3.0790721889352426
16,central_c0.7_from0.8,0,ompl_uniform,20421038,True,True,,1,0.20855664706323296,0.038970024,0.20855664706323296,0.20985916606150568
16,central_c0.7_from0.8,0,cartesian_ik,20421038,False,False,planning,99999,3.0720665800618008,0.0,6.0,3.092493356904015
16,central_c0.7_from0.8,1,cartesian_ik,20421139,False,False,planning,99999,3.0954049269203097,0.0,6.0,3.1157746178796515
16,central_c0.7_from0.8,1,joint_projected,20421139,False,False,planning,99999,3.097452522953972,0.0,6.0,3.1181762678315863
16,central_c0.7_from0.8,1,ompl_uniform,20421139,True,True,,1,0.25830494391266257,0.032749915,0.25830494391266257,0.2600303429644555
16,central_c0.7_from0.8,2,cartesian_ik,20421240,False,False,planning,99999,3.0163698180112988,0.0,6.0,3.0371291019255295
16,central_c0.7_from0.8,2,ompl_uniform,20421240,True,True,,1,0.1982153640128672,0.037581873,0.1982153640128672,0.19987727189436555
16,central_c0.7_from0.8,2,joint_projected,20421240,False,False,planning,99999,3.083595248986967,0.0,6.0,3.1044553299434483
16,central_c0.7_from0.8,3,ompl_uniform,20421341,True,True,,1,0.1914382689865306,0.034353742,0.1914382689865306,0.19284945097751915
16,central_c0.7_from0.8,3,cartesian_ik,20421341,False,False,planning,99999,3.0643478160491213,0.0,6.0,3.0843401598976925
16,central_c0.7_from0.8,3,joint_projected,20421341,False,False,planning,99999,3.0925162009662017,0.0,6.0,3.112993052927777
16,central_c0.7_from0.8,4,ompl_uniform,20421442,True,True,,1,0.20429340505506843,0.027083798,0.20429340505506843,0.2062688119476661
16,central_c0.7_from0.8,4,joint_projected,20421442,False,False,planning,99999,3.0826894979691133,0.0,6.0,3.1029061059234664
16,central_c0.7_from0.8,4,cartesian_ik,20421442,False,False,planning,99999,3.1054827409097925,0.0,6.0,3.12549494986888
16,central_c0.7_from0.8,5,ompl_uniform,20421543,True,True,,1,0.35601752309594303,0.018526378,0.35601752309594303,0.3575210929848254
16,central_c0.7_from0.8,5,joint_projected,20421543,False,False,planning,99999,3.031504783895798,0.0,6.0,3.0521258919034153
16,central_c0.7_from0.8,5,cartesian_ik,20421543,False,False,planning,99999,3.0985471239546314,0.0,6.0,3.119314535870217
16,central_c0.7_from0.8,6,ompl_uniform,20421644,True,True,,1,0.20830210903659463,0.030033046,0.20830210903659463,0.20955512393265963
16,central_c0.7_from0.8,6,cartesian_ik,20421644,False,False,planning,99999,3.0492013139883056,0.0,6.0,3.069735945900902
16,central_c0.7_from0.8,6,joint_projected,20421644,False,False,planning,99999,3.0912909070029855,0.0,6.0,3.111887580831535
16,central_c0.7_from0.8,7,cartesian_ik,20421745,False,False,planning,99999,3.10578148602508,0.0,6.0,3.1255157499108464
16,central_c0.7_from0.8,7,ompl_uniform,20421745,True,True,,1,0.2573548969812691,0.01851083,0.2573548969812691,0.2594513649819419
16,central_c0.7_from0.8,7,joint_projected,20421745,False,False,planning,99999,3.0824292739853263,0.0,6.0,3.1031177069526166
16,central_c0.7_from0.8,8,joint_projected,20421846,False,False,planning,99999,3.1012995300116017,0.0,6.0,3.1216292658355087
16,central_c0.7_from0.8,8,ompl_uniform,20421846,True,True,,1,0.2001572969602421,0.008117815,0.2001572969602421,0.20142205990850925
16,central_c0.7_from0.8,8,cartesian_ik,20421846,False,False,planning,99999,3.062207729090005,0.0,6.0,3.0831964089302346
16,central_c0.7_from0.8,9,cartesian_ik,20421947,False,False,planning,99999,3.096709323930554,0.0,6.0,3.117398157948628
16,central_c0.7_from0.8,9,joint_projected,20421947,False,False,planning,99999,3.0947631769813597,0.0,6.0,3.1150915258331224
16,central_c0.7_from0.8,9,ompl_uniform,20421947,True,True,,1,0.1945601279148832,0.013763086,0.1945601279148832,0.1962008470436558
48,distant_c0.5_from0.2,0,cartesian_ik,20741262,True,True,,1,0.12059505004435778,0.021466587,0.12059505004435778,0.14042937092017382
48,distant_c0.5_from0.2,0,joint_projected,20741262,True,True,,1,0.03811546810902655,0.021657439,0.03811546810902655,0.057860185974277556
48,distant_c0.5_from0.2,0,ompl_uniform,20741262,True,True,,1,0.1380004909588024,0.020360336,0.1380004909588024,0.13935378892347217
48,distant_c0.5_from0.2,1,joint_projected,20741363,True,True,,1,0.14072493405546993,0.029530355,0.14072493405546993,0.16117128788027912
48,distant_c0.5_from0.2,1,cartesian_ik,20741363,True,True,,1,0.0881378420162946,0.035048501,0.0881378420162946,0.1084753378527239
48,distant_c0.5_from0.2,1,ompl_uniform,20741363,True,True,,1,0.16185217502061278,0.015285097,0.16185217502061278,0.16377577290404588
48,distant_c0.5_from0.2,2,ompl_uniform,20741464,True,True,,1,0.15595308202318847,0.019858262,0.15595308202318847,0.157853644923307
48,distant_c0.5_from0.2,2,cartesian_ik,20741464,True,True,,1,0.0893996850354597,0.003660863,0.0893996850354597,0.11060266592539847
48,distant_c0.5_from0.2,2,joint_projected,20741464,True,True,,1,0.1314018570119515,0.026447414,0.1314018570119515,0.15198386390693486
48,distant_c0.5_from0.2,3,ompl_uniform,20741565,True,True,,1,0.18105452705640346,0.020243468,0.18105452705640346,0.1823230949230492
48,distant_c0.5_from0.2,3,joint_projected,20741565,True,True,,1,0.026715148938819766,0.010697514,0.026715148938819766,0.04756202595308423
48,distant_c0.5_from0.2,3,cartesian_ik,20741565,True,True,,1,0.08457523002289236,0.030496336,0.08457523002289236,0.10488603287376463
48,distant_c0.5_from0.2,4,cartesian_ik,20741666,True,True,,1,0.06388695107307285,0.022199772,0.06388695107307285,0.08445896196644753
48,distant_c0.5_from0.2,4,joint_projected,20741666,True,True,,1,0.16936751594766974,0.032215506,0.16936751594766974,0.18977820093277842
48,distant_c0.5_from0.2,4,ompl_uniform,20741666,True,True,,1,0.06954349298030138,0.010549204,0.06954349298030138,0.07120692706666887
48,distant_c0.5_from0.2,5,ompl_uniform,20741767,True,True,,1,0.18726600101217628,0.0121006,0.18726600101217628,0.18879616097547114
48,distant_c0.5_from0.2,5,cartesian_ik,20741767,True,True,,1,0.1271934099495411,0.047575033,0.1271934099495411,0.14786775887478143
48,distant_c0.5_from0.2,5,joint_projected,20741767,True,True,,1,0.14275507791899145,0.017547485,0.14275507791899145,0.16343334084376693
48,distant_c0.5_from0.2,6,ompl_uniform,20741868,True,True,,1,0.20184432598762214,0.013785941,0.20184432598762214,0.20387364900670946
48,distant_c0.5_from0.2,6,joint_projected,20741868,True,True,,1,0.10610981495119631,0.030283808,0.10610981495119631,0.1265731459716335
48,distant_c0.5_from0.2,6,cartesian_ik,20741868,True,True,,1,0.12022908101789653,0.025548574,0.12022908101789653,0.14052915596403182
48,distant_c0.5_from0.2,7,ompl_uniform,20741969,True,True,,1,0.1877787319244817,0.011416085,0.1877787319244817,0.18940521904733032
48,distant_c0.5_from0.2,7,cartesian_ik,20741969,True,True,,1,0.11463042499963194,0.01523835,0.11463042499963194,0.13544040988199413
48,distant_c0.5_from0.2,7,joint_projected,20741969,True,True,,1,0.13541888108011335,0.025241692,0.13541888108011335,0.1558215138502419
48,distant_c0.5_from0.2,8,ompl_uniform,20742070,True,True,,1,0.15460919495671988,0.012340336,0.15460919495671988,0.1558471720200032
48,distant_c0.5_from0.2,8,cartesian_ik,20742070,True,True,,1,0.15023518807720393,0.024458187,0.15023518807720393,0.1710299908882007
48,distant_c0.5_from0.2,8,joint_projected,20742070,True,True,,1,0.17450725194066763,0.031744983,0.17450725194066763,0.19548690295778215
48,distant_c0.5_from0.2,9,cartesian_ik,20742171,True,True,,1,0.05754301499109715,0.03506802,0.05754301499109715,0.07836645096540451
48,distant_c0.5_from0.2,9,ompl_uniform,20742171,True,True,,1,0.19220647704787552,0.009374466,0.19220647704787552,0.1940317420521751
48,distant_c0.5_from0.2,9,joint_projected,20742171,True,True,,1,0.19656094594392926,0.035966796,0.19656094594392926,0.21757006586994976
49,distant_c0.5_from0.2,0,ompl_uniform,20751269,True,True,,1,0.16807832405902445,0.010208862,0.16807832405902445,0.16936847509350628
49,distant_c0.5_from0.2,0,cartesian_ik,20751269,True,True,,1,0.13764319103211164,0.024128158,0.13764319103211164,0.15842122898902744
49,distant_c0.5_from0.2,0,joint_projected,20751269,True,True,,1,0.0923690510680899,0.032601093,0.0923690510680899,0.11251492204610258
49,distant_c0.5_from0.2,1,joint_projected,20751370,True,True,,1,0.17373271798714995,0.023924528,0.17373271798714995,0.19461892487015575
49,distant_c0.5_from0.2,1,cartesian_ik,20751370,True,True,,1,0.19434051995631307,0.040229165,0.19434051995631307,0.214985265978612
49,distant_c0.5_from0.2,1,ompl_uniform,20751370,True,True,,1,0.18280206504277885,0.021955972,0.18280206504277885,0.18446647911332548
49,distant_c0.5_from0.2,2,ompl_uniform,20751471,True,True,,1,0.18265616602730006,0.024548849,0.18265616602730006,0.18455414904747158
49,distant_c0.5_from0.2,2,joint_projected,20751471,True,True,,1,0.022956312051974237,0.008764464,0.022956312051974237,0.043849221896380186
49,distant_c0.5_from0.2,2,cartesian_ik,20751471,True,True,,1,0.14047555904835463,0.047810329,0.14047555904835463,0.16107941791415215
49,distant_c0.5_from0.2,3,ompl_uniform,20751572,True,True,,1,0.13327477604616433,0.016633944,0.13327477604616433,0.1348888099892065
49,distant_c0.5_from0.2,3,cartesian_ik,20751572,True,True,,1,0.09093966498039663,0.011508284,0.09093966498039663,0.11240228801034391
49,distant_c0.5_from0.2,3,joint_projected,20751572,True,True,,1,0.07088876701891422,0.026678757,0.07088876701891422,0.09194765298161656
49,distant_c0.5_from0.2,4,joint_projected,20751673,True,True,,1,0.07324258994776756,0.043473073,0.07324258994776756,0.09370524797122926
49,distant_c0.5_from0.2,4,cartesian_ik,20751673,True,True,,1,0.08020362490788102,0.009534228,0.08020362490788102,0.10105437296442688
49,distant_c0.5_from0.2,4,ompl_uniform,20751673,True,True,,1,0.1831477639498189,0.028572835,0.1831477639498189,0.18496984092053026
49,distant_c0.5_from0.2,5,ompl_uniform,20751774,True,True,,1,0.11096655996516347,0.040547682,0.11096655996516347,0.1125465480145067
49,distant_c0.5_from0.2,5,cartesian_ik,20751774,True,True,,1,0.10038481105584651,0.022996797,0.10038481105584651,0.1215413409518078
49,distant_c0.5_from0.2,5,joint_projected,20751774,True,True,,1,0.08918720902875066,0.027233927,0.08918720902875066,0.11009736696723849
49,distant_c0.5_from0.2,6,joint_projected,20751875,True,True,,1,0.08506627997849137,0.023093953,0.08506627997849137,0.10598547896370292
49,distant_c0.5_from0.2,6,cartesian_ik,20751875,True,True,,1,0.1009546599816531,0.032644534,0.1009546599816531,0.12207667005714029
49,distant_c0.5_from0.2,6,ompl_uniform,20751875,True,True,,1,0.16943385999184102,0.02812026,0.16943385999184102,0.17089891503565013
49,distant_c0.5_from0.2,7,ompl_uniform,20751976,True,True,,1,0.09328844398260117,0.008288228,0.09328844398260117,0.09479543508496135
49,distant_c0.5_from0.2,7,joint_projected,20751976,True,True,,1,0.24183003907091916,0.022928711,0.24183003907091916,0.26306891499552876
49,distant_c0.5_from0.2,7,cartesian_ik,20751976,True,True,,1,0.14364784595090896,0.03775514,0.14364784595090896,0.1642257160274312
49,distant_c0.5_from0.2,8,ompl_uniform,20752077,True,True,,1,0.21446259296499193,0.037614623,0.21446259296499193,0.21616414503660053
49,distant_c0.5_from0.2,8,joint_projected,20752077,True,True,,1,0.10867685894481838,0.014773479,0.10867685894481838,0.12957580597139895
49,distant_c0.5_from0.2,8,cartesian_ik,20752077,True,True,,1,0.13218278298154473,0.039650171,0.13218278298154473,0.1532731190090999
49,distant_c0.5_from0.2,9,joint_projected,20752178,True,True,,1,0.11867870308924466,0.033886024,0.11867870308924466,0.13941200100816786
49,distant_c0.5_from0.2,9,ompl_uniform,20752178,True,True,,1,0.15893428795970976,0.017731342,0.15893428795970976,0.16093673394061625
49,distant_c0.5_from0.2,9,cartesian_ik,20752178,True,True,,1,0.1323622779455036,0.015054649,0.1323622779455036,0.1527329710079357
42,distant_c0.5_from0.2,0,cartesian_ik,20681220,True,True,,1,0.12397817790042609,0.011954906,0.12397817790042609,0.14360867394134402
42,distant_c0.5_from0.2,0,joint_projected,20681220,True,True,,1,0.10188720491714776,0.038185129,0.10188720491714776,0.1221376049797982
42,distant_c0.5_from0.2,0,ompl_uniform,20681220,True,True,,1,0.16111378802452236,0.023981131,0.16111378802452236,0.16269014996942133
42,distant_c0.5_from0.2,1,cartesian_ik,20681321,True,True,,1,0.036773207946680486,0.008335727,0.036773207946680486,0.05745728989131749
42,distant_c0.5_from0.2,1,ompl_uniform,20681321,True,True,,1,0.17481327301356941,0.016096288,0.17481327301356941,0.17665376095101237
42,distant_c0.5_from0.2,1,joint_projected,20681321,True,True,,1,0.05740822106599808,0.031718555,0.05740822106599808,0.07815355597995222
42,distant_c0.5_from0.2,2,joint_projected,20681422,True,True,,1,0.1800448769936338,0.037727578,0.1800448769936338,0.20010447793174535
42,distant_c0.5_from0.2,2,cartesian_ik,20681422,True,True,,1,0.08492640603799373,0.024251746,0.08492640603799373,0.10475067689549178
42,distant_c0.5_from0.2,2,ompl_uniform,20681422,True,True,,1,0.16010747698601335,0.016124313,0.16010747698601335,0.16172007599379867
42,distant_c0.5_from0.2,3,ompl_uniform,20681523,True,True,,1,0.16277866705786437,0.007972794,0.16277866705786437,0.16415454098023474
42,distant_c0.5_from0.2,3,cartesian_ik,20681523,True,True,,1,0.20963951002340764,0.017313207,0.20963951002340764,0.23077399702742696
42,distant_c0.5_from0.2,3,joint_projected,20681523,True,True,,1,0.0399596409406513,0.011097229,0.0399596409406513,0.060631154919974506
42,distant_c0.5_from0.2,4,cartesian_ik,20681624,True,True,,1,0.06793274101801217,0.010331447,0.06793274101801217,0.08850725705269724
42,distant_c0.5_from0.2,4,ompl_uniform,20681624,True,True,,1,0.1675305759999901,0.012326298,0.1675305759999901,0.16942818101961166
42,distant_c0.5_from0.2,4,joint_projected,20681624,True,True,,1,0.10808948311023414,0.017553116,0.10808948311023414,0.12829057697672397
42,distant_c0.5_from0.2,5,joint_projected,20681725,True,True,,1,0.04174429806880653,0.016785721,0.04174429806880653,0.06238997296895832
42,distant_c0.5_from0.2,5,ompl_uniform,20681725,True,True,,1,0.13473226502537727,0.007401738,0.13473226502537727,0.1361079540802166
42,distant_c0.5_from0.2,5,cartesian_ik,20681725,True,True,,1,0.14330056600738317,0.032063415,0.14330056600738317,0.16373180400114506
42,distant_c0.5_from0.2,6,cartesian_ik,20681826,True,True,,1,0.11978305806405842,0.013726467,0.11978305806405842,0.13959860987961292
42,distant_c0.5_from0.2,6,ompl_uniform,20681826,True,True,,1,0.12567966396454722,0.014110572,0.12567966396454722,0.1266433569835499
42,distant_c0.5_from0.2,6,joint_projected,20681826,True,True,,1,0.10049718793015927,0.014589688,0.10049718793015927,0.12100104906130582
42,distant_c0.5_from0.2,7,joint_projected,20681927,True,True,,1,0.1251531729940325,0.018008108,0.1251531729940325,0.14574196701869369
42,distant_c0.5_from0.2,7,ompl_uniform,20681927,True,True,,1,0.2296247520716861,0.02129371,0.2296247520716861,0.231433238950558
42,distant_c0.5_from0.2,7,cartesian_ik,20681927,True,True,,1,0.15770908701233566,0.018435892,0.15770908701233566,0.1780843388987705
42,distant_c0.5_from0.2,8,ompl_uniform,20682028,True,True,,1,0.20527064707130194,0.025026582,0.20527064707130194,0.2066133599728346
42,distant_c0.5_from0.2,8,joint_projected,20682028,True,True,,1,0.1538771539926529,0.018144173,0.1538771539926529,0.17414422694128007
42,distant_c0.5_from0.2,8,cartesian_ik,20682028,True,True,,1,0.15515351993963122,0.023663128,0.15515351993963122,0.1757066248683259
42,distant_c0.5_from0.2,9,cartesian_ik,20682129,True,True,,1,0.11195675900671631,0.015136415,0.11195675900671631,0.13230418891180307
42,distant_c0.5_from0.2,9,joint_projected,20682129,True,True,,1,0.18311555997934192,0.02285724,0.18311555997934192,0.20429395895916969
42,distant_c0.5_from0.2,9,ompl_uniform,20682129,True,True,,1,0.09525771997869015,0.01443085,0.09525771997869015,0.09658485499676317
10,central_c0.7_from0.8,0,cartesian_ik,20360996,True,True,,1,0.8529968750663102,0.655252857,0.8529968750663102,0.8732268260791898
10,central_c0.7_from0.8,0,joint_projected,20360996,False,False,planning,99999,3.0807845179224387,0.0,6.0,3.10173812310677
10,central_c0.7_from0.8,0,ompl_uniform,20360996,True,True,,1,0.1882654360961169,0.01608271,0.1882654360961169,0.1896922120358795
10,central_c0.7_from0.8,1,joint_projected,20361097,True,True,,1,0.3159309510374442,0.095035092,0.3159309510374442,0.33752349810674787
10,central_c0.7_from0.8,1,ompl_uniform,20361097,True,True,,1,0.13077027106191963,0.015992382,0.13077027106191963,0.13201931596267968
10,central_c0.7_from0.8,1,cartesian_ik,20361097,True,True,,1,0.11091178003698587,0.040302237,0.11091178003698587,0.13207024906296283
10,central_c0.7_from0.8,2,joint_projected,20361198,False,False,planning,99999,3.069350984063931,0.0,6.0,3.0898164710961282
10,central_c0.7_from0.8,2,cartesian_ik,20361198,True,True,,1,0.28797776997089386,0.083545718,0.28797776997089386,0.30855313409119844
10,central_c0.7_from0.8,2,ompl_uniform,20361198,True,True,,1,0.1576339800376445,0.023303634,0.1576339800376445,0.15950240101665258
10,central_c0.7_from0.8,3,ompl_uniform,20361299,True,True,,1,0.1557435079012066,0.010361104,0.1557435079012066,0.15760118805337697
10,central_c0.7_from0.8,3,joint_projected,20361299,False,False,planning,99999,3.0589332960080355,0.0,6.0,3.0798963290872052
10,central_c0.7_from0.8,3,cartesian_ik,20361299,False,True,path_audit,1,1.4932953199604526,0.432792993,6.0,1.515310436137952
10,central_c0.7_from0.8,4,cartesian_ik,20361400,True,True,,1,0.3242981070652604,0.156822236,0.3242981070652604,0.34536626702174544
10,central_c0.7_from0.8,4,joint_projected,20361400,True,True,,1,0.5323428730480373,0.419795139,0.5323428730480373,0.5536100130993873
10,central_c0.7_from0.8,4,ompl_uniform,20361400,True,True,,1,0.20456411899067461,0.016058232,0.20456411899067461,0.2063095240155235
10,central_c0.7_from0.8,5,joint_projected,20361501,False,False,planning,99999,3.0615792309399694,0.0,6.0,3.0823736981255934
10,central_c0.7_from0.8,5,cartesian_ik,20361501,True,True,,1,0.31504206894896924,0.134885524,0.31504206894896924,0.3364925590576604
10,central_c0.7_from0.8,5,ompl_uniform,20361501,True,True,,1,0.17050176102202386,0.033044289,0.17050176102202386,0.1719447640934959
10,central_c0.7_from0.8,6,cartesian_ik,20361602,True,True,,1,0.3428585999645293,0.167514247,0.3428585999645293,0.3639342520618811
10,central_c0.7_from0.8,6,joint_projected,20361602,True,True,,1,0.22255301696714014,0.037867603,0.22255301696714014,0.24348654807545245
10,central_c0.7_from0.8,6,ompl_uniform,20361602,True,True,,1,0.10323816700838506,0.005450827,0.10323816700838506,0.10509869491215795
10,central_c0.7_from0.8,7,cartesian_ik,20361703,True,True,,1,0.29753661493305117,0.110503172,0.29753661493305117,0.31897702906280756
10,central_c0.7_from0.8,7,ompl_uniform,20361703,True,True,,1,0.17413880908861756,0.013223817,0.17413880908861756,0.17554931296035647
10,central_c0.7_from0.8,7,joint_projected,20361703,True,True,,1,0.506213219021447,0.22584552,0.506213219021447,0.527984194108285
10,central_c0.7_from0.8,8,joint_projected,20361804,False,False,planning,99999,3.0548992750700563,0.0,6.0,3.07561237399932
10,central_c0.7_from0.8,8,ompl_uniform,20361804,True,True,,1,0.18475869705434889,0.014027816,0.18475869705434889,0.18642439495306462
10,central_c0.7_from0.8,8,cartesian_ik,20361804,True,True,,1,0.48056619707494974,0.18033591,0.48056619707494974,0.5022218390367925
10,central_c0.7_from0.8,9,ompl_uniform,20361905,True,True,,1,0.16078253998421133,0.015838278,0.16078253998421133,0.16251029400154948
10,central_c0.7_from0.8,9,cartesian_ik,20361905,True,True,,1,0.21722969901748002,0.082105451,0.21722969901748002,0.23890203307382762
10,central_c0.7_from0.8,9,joint_projected,20361905,True,True,,1,0.11747160204686224,0.035518949,0.11747160204686224,0.13795044808648527
8,central_c0.5_from0.2,0,ompl_uniform,20340982,True,True,,1,0.17134738306049258,0.02618907,0.17134738306049258,0.17265442397911102
8,central_c0.5_from0.2,0,cartesian_ik,20340982,True,True,,1,0.2540760850533843,0.091818753,0.2540760850533843,0.2764076970051974
8,central_c0.5_from0.2,0,joint_projected,20340982,False,False,planning,99999,3.016445583081804,0.0,6.0,3.037640832015313
8,central_c0.5_from0.2,1,cartesian_ik,20341083,True,True,,1,0.6311519989976659,0.368929155,0.6311519989976659,0.6526194419711828
8,central_c0.5_from0.2,1,ompl_uniform,20341083,True,True,,1,0.22437020495999604,0.036685762,0.22437020495999604,0.2265325200278312
8,central_c0.5_from0.2,1,joint_projected,20341083,False,False,planning,99999,3.006795239984058,0.0,6.0,3.028360676020384
8,central_c0.5_from0.2,2,joint_projected,20341184,False,False,planning,99999,3.104585638968274,0.0,6.0,3.1254592130426317
8,central_c0.5_from0.2,2,cartesian_ik,20341184,True,True,,1,0.48530935996677727,0.186759714,0.48530935996677727,0.5072603709995747
8,central_c0.5_from0.2,2,ompl_uniform,20341184,True,True,,1,0.3425741899991408,0.060192072,0.3425741899991408,0.3442651319783181
8,central_c0.5_from0.2,3,joint_projected,20341285,True,True,,1,0.5061710650334135,0.290393755,0.5061710650334135,0.5281898970715702
8,central_c0.5_from0.2,3,cartesian_ik,20341285,False,True,path_audit,1,0.3002734259935096,0.209628205,6.0,0.3222000061068684
8,central_c0.5_from0.2,3,ompl_uniform,20341285,True,True,,1,0.20991449302528054,0.034213848,0.20991449302528054,0.21164741390384734
8,central_c0.5_from0.2,4,joint_projected,20341386,False,False,planning,99999,3.0744106461061165,0.0,6.0,3.096098862006329
8,central_c0.5_from0.2,4,ompl_uniform,20341386,True,True,,1,0.18562562193255872,0.007371605,0.18562562193255872,0.18749681301414967
8,central_c0.5_from0.2,4,cartesian_ik,20341386,True,True,,1,0.29878162895329297,0.114857334,0.29878162895329297,0.32106131000909954
8,central_c0.5_from0.2,5,cartesian_ik,20341487,True,True,,1,0.26792468107305467,0.072211016,0.26792468107305467,0.28953476005699486
8,central_c0.5_from0.2,5,ompl_uniform,20341487,True,True,,1,0.20909778599161655,0.017127641,0.20909778599161655,0.21109029394574463
8,central_c0.5_from0.2,5,joint_projected,20341487,True,True,,1,0.24469590396620333,0.13142243,0.24469590396620333,0.2665065359324217
8,central_c0.5_from0.2,6,cartesian_ik,20341588,True,True,,1,0.12866972293704748,0.030489201,0.12866972293704748,0.150625089998357
8,central_c0.5_from0.2,6,ompl_uniform,20341588,True,True,,1,0.46465440501924604,0.025511193,0.46465440501924604,0.46661360491998494
8,central_c0.5_from0.2,6,joint_projected,20341588,False,False,planning,99999,3.0436909310519695,0.0,6.0,3.0651880759978667
8,central_c0.5_from0.2,7,ompl_uniform,20341689,True,True,,1,0.31908155605196953,0.019773259,0.31908155605196953,0.3210456289816648
8,central_c0.5_from0.2,7,cartesian_ik,20341689,True,True,,1,0.3095845100469887,0.191232704,0.3095845100469887,0.3323854838963598
8,central_c0.5_from0.2,7,joint_projected,20341689,False,False,planning,99999,3.0594929750077426,0.0,6.0,3.08132656395901
8,central_c0.5_from0.2,8,joint_projected,20341790,False,False,planning,99999,3.104371982975863,0.0,6.0,3.126126103918068
8,central_c0.5_from0.2,8,ompl_uniform,20341790,True,True,,1,0.3933194800047204,0.036476597,0.3933194800047204,0.39527942007407546
8,central_c0.5_from0.2,8,cartesian_ik,20341790,True,True,,1,0.2925706119276583,0.227077843,0.2925706119276583,0.31427789805456996
8,central_c0.5_from0.2,9,cartesian_ik,20341891,True,True,,1,0.1050135400146246,0.052491344,0.1050135400146246,0.12620976800099015
8,central_c0.5_from0.2,9,ompl_uniform,20341891,True,True,,1,0.12595302506815642,0.011353755,0.12595302506815642,0.12753423699177802
8,central_c0.5_from0.2,9,joint_projected,20341891,False,False,planning,99999,3.035827412037179,0.0,6.0,3.057032950920984
17,central_c0.7_from0.8,0,cartesian_ik,20431045,False,False,goal_invalid_in_corridor,,0.0,0.0,6.0,0.020666116033680737
17,central_c0.7_from0.8,0,joint_projected,20431045,False,False,goal_invalid_in_corridor,,0.0,0.0,6.0,0.020207260036841035
17,central_c0.7_from0.8,0,ompl_uniform,20431045,True,True,,1,0.15048220299649984,0.012394234,0.15048220299649984,0.15160310501232743
17,central_c0.7_from0.8,1,joint_projected,20431146,False,False,goal_invalid_in_corridor,,0.0,0.0,6.0,0.021202540025115013
17,central_c0.7_from0.8,1,ompl_uniform,20431146,True,True,,1,0.502315022982657,0.038956792,0.502315022982657,0.5042252379935235
17,central_c0.7_from0.8,1,cartesian_ik,20431146,False,False,goal_invalid_in_corridor,,0.0,0.0,6.0,0.021056127967312932
17,central_c0.7_from0.8,2,ompl_uniform,20431247,True,True,,1,0.27087992895394564,0.023578925,0.27087992895394564,0.27259902691002935
17,central_c0.7_from0.8,2,joint_projected,20431247,False,False,goal_invalid_in_corridor,,0.0,0.0,6.0,0.021436386974528432
17,central_c0.7_from0.8,2,cartesian_ik,20431247,False,False,goal_invalid_in_corridor,,0.0,0.0,6.0,0.020796145894564688
17,central_c0.7_from0.8,3,ompl_uniform,20431348,True,True,,1,0.11907473101746291,0.010259849,0.11907473101746291,0.12084818899165839
17,central_c0.7_from0.8,3,cartesian_ik,20431348,False,False,goal_invalid_in_corridor,,0.0,0.0,6.0,0.021023398032411933
17,central_c0.7_from0.8,3,joint_projected,20431348,False,False,goal_invalid_in_corridor,,0.0,0.0,6.0,0.020129558979533613
17,central_c0.7_from0.8,4,cartesian_ik,20431449,False,False,goal_invalid_in_corridor,,0.0,0.0,6.0,0.019947448978200555
17,central_c0.7_from0.8,4,joint_projected,20431449,False,False,goal_invalid_in_corridor,,0.0,0.0,6.0,0.01962284801993519
17,central_c0.7_from0.8,4,ompl_uniform,20431449,True,True,,1,0.13486768095754087,0.013453343,0.13486768095754087,0.13576727802865207
17,central_c0.7_from0.8,5,cartesian_ik,20431550,False,False,goal_invalid_in_corridor,,0.0,0.0,6.0,0.021310164942406118
17,central_c0.7_from0.8,5,ompl_uniform,20431550,True,True,,1,0.22057775396388024,0.018845236,0.22057775396388024,0.22197302500717342
17,central_c0.7_from0.8,5,joint_projected,20431550,False,False,goal_invalid_in_corridor,,0.0,0.0,6.0,0.021154606016352773
17,central_c0.7_from0.8,6,ompl_uniform,20431651,True,True,,1,0.18191946996375918,0.013315388,0.18191946996375918,0.18318400997668505
17,central_c0.7_from0.8,6,joint_projected,20431651,False,False,goal_invalid_in_corridor,,0.0,0.0,6.0,0.021196912042796612
17,central_c0.7_from0.8,6,cartesian_ik,20431651,False,False,goal_invalid_in_corridor,,0.0,0.0,6.0,0.02064554998651147
17,central_c0.7_from0.8,7,ompl_uniform,20431752,True,True,,1,0.2226422131061554,0.024536706,0.2226422131061554,0.2237549660494551
17,central_c0.7_from0.8,7,joint_projected,20431752,False,False,goal_invalid_in_corridor,,0.0,0.0,6.0,0.02129649103153497
17,central_c0.7_from0.8,7,cartesian_ik,20431752,False,False,goal_invalid_in_corridor,,0.0,0.0,6.0,0.020718480926007032
17,central_c0.7_from0.8,8,ompl_uniform,20431853,True,True,,1,0.08038254093844444,0.005014094,0.08038254093844444,0.08172332402318716
17,central_c0.7_from0.8,8,cartesian_ik,20431853,False,False,goal_invalid_in_corridor,,0.0,0.0,6.0,0.02111808501649648
17,central_c0.7_from0.8,8,joint_projected,20431853,False,False,goal_invalid_in_corridor,,0.0,0.0,6.0,0.020176858990453184
17,central_c0.7_from0.8,9,joint_projected,20431954,False,False,goal_invalid_in_corridor,,0.0,0.0,6.0,0.020004422985948622
17,central_c0.7_from0.8,9,ompl_uniform,20431954,True,True,,1,0.16040735004935414,0.020493574,0.16040735004935414,0.16160338395275176
17,central_c0.7_from0.8,9,cartesian_ik,20431954,False,False,goal_invalid_in_corridor,,0.0,0.0,6.0,0.021091567003168166
29,offset_c0.5_from0.2,0,cartesian_ik,20551129,True,True,,1,0.19540649699047208,0.048422721,0.19540649699047208,0.21575045096687973
29,offset_c0.5_from0.2,0,ompl_uniform,20551129,True,True,,1,0.26396299595944583,0.033583828,0.26396299595944583,0.2654376500286162
29,offset_c0.5_from0.2,0,joint_projected,20551129,True,True,,1,0.14003494393546134,0.020016285,0.14003494393546134,0.16054779302794486
29,offset_c0.5_from0.2,1,joint_projected,20551230,True,True,,1,0.1276213900418952,0.035119628,0.1276213900418952,0.14858009398449212
29,offset_c0.5_from0.2,1,cartesian_ik,20551230,True,True,,1,0.2749047599500045,0.16172521,0.2749047599500045,0.2956111900275573
29,offset_c0.5_from0.2,1,ompl_uniform,20551230,True,True,,1,0.1046491579618305,0.02467905,0.1046491579618305,0.10683246201369911
29,offset_c0.5_from0.2,2,cartesian_ik,20551331,True,True,,1,0.18484793894458562,0.10869262,0.18484793894458562,0.20559139002580196
29,offset_c0.5_from0.2,2,joint_projected,20551331,True,True,,1,0.10553048306610435,0.033205827,0.10553048306610435,0.12613869295455515
29,offset_c0.5_from0.2,2,ompl_uniform,20551331,True,True,,1,0.21700707799755037,0.021610111,0.21700707799755037,0.21894694806542248
29,offset_c0.5_from0.2,3,ompl_uniform,20551432,True,True,,1,0.5035193299409002,0.038456375,0.5035193299409002,0.5055228259880096
29,offset_c0.5_from0.2,3,joint_projected,20551432,True,True,,1,0.1042591939913109,0.027685388,0.1042591939913109,0.1250995200825855
29,offset_c0.5_from0.2,3,cartesian_ik,20551432,True,True,,1,0.5603476869873703,0.260551222,0.5603476869873703,0.5812038930598646
29,offset_c0.5_from0.2,4,cartesian_ik,20551533,True,True,,1,0.5078844410600141,0.217214338,0.5078844410600141,0.5290483610006049
29,offset_c0.5_from0.2,4,joint_projected,20551533,False,False,planning,99999,3.0604467150988057,0.0,6.0,3.081126419012435
29,offset_c0.5_from0.2,4,ompl_uniform,20551533,True,True,,1,0.20026029204018414,0.005094829,0.20026029204018414,0.201778715942055
29,offset_c0.5_from0.2,5,ompl_uniform,20551634,True,True,,1,0.1649081789655611,0.030948119,0.1649081789655611,0.16675998794380575
29,offset_c0.5_from0.2,5,cartesian_ik,20551634,True,True,,1,0.1357889969367534,0.012098437,0.1357889969367534,0.1559740490047261
29,offset_c0.5_from0.2,5,joint_projected,20551634,True,True,,1,0.29822182503994554,0.034299575,0.29822182503994554,0.3188597831176594
29,offset_c0.5_from0.2,6,ompl_uniform,20551735,True,True,,1,0.5255845079664141,0.053058532,0.5255845079664141,0.527347979019396
29,offset_c0.5_from0.2,6,joint_projected,20551735,True,True,,1,0.1524765701033175,0.04052331,0.1524765701033175,0.17341934004798532
29,offset_c0.5_from0.2,6,cartesian_ik,20551735,True,True,,1,0.453026607981883,0.220113851,0.453026607981883,0.4736401520203799
29,offset_c0.5_from0.2,7,ompl_uniform,20551836,True,True,,1,0.17749682604335248,0.013142631,0.17749682604335248,0.17900558200199157
29,offset_c0.5_from0.2,7,cartesian_ik,20551836,True,True,,1,0.2630509260343388,0.103407611,0.2630509260343388,0.2837769890902564
29,offset_c0.5_from0.2,7,joint_projected,20551836,True,True,,1,0.20042892289347947,0.048545461,0.20042892289347947,0.22071787097956985
29,offset_c0.5_from0.2,8,joint_projected,20551937,True,True,,1,0.07150261802598834,0.028964169,0.07150261802598834,0.0917940071085468
29,offset_c0.5_from0.2,8,ompl_uniform,20551937,True,True,,1,0.15116745501291007,0.017804959,0.15116745501291007,0.15285021299496293
29,offset_c0.5_from0.2,8,cartesian_ik,20551937,True,True,,1,0.2413645350607112,0.194808189,0.2413645350607112,0.26197890995536
29,offset_c0.5_from0.2,9,joint_projected,20552038,False,False,planning,99999,3.0959905630443245,0.0,6.0,3.1166655200067908
29,offset_c0.5_from0.2,9,ompl_uniform,20552038,True,True,,1,0.2481597469886765,0.008528572,0.2481597469886765,0.24969096097629517
29,offset_c0.5_from0.2,9,cartesian_ik,20552038,True,True,,1,0.2277946890098974,0.07257269,0.2277946890098974,0.24841479409951717
52,distant_c0.7_from0.8,0,ompl_uniform,20781290,True,True,,1,0.2614406211068854,0.011928855,0.2614406211068854,0.2626389790093526
52,distant_c0.7_from0.8,0,cartesian_ik,20781290,True,True,,1,0.1390033420175314,0.016819938,0.1390033420175314,0.15947416599374264
52,distant_c0.7_from0.8,0,joint_projected,20781290,True,True,,1,0.0894874210935086,0.03394948,0.0894874210935086,0.10928919888101518
52,distant_c0.7_from0.8,1,joint_projected,20781391,True,True,,1,0.15371941204648465,0.027784977,0.15371941204648465,0.17436358099803329
52,distant_c0.7_from0.8,1,cartesian_ik,20781391,True,True,,1,0.18680627504363656,0.042215119,0.18680627504363656,0.20746547891758382
52,distant_c0.7_from0.8,1,ompl_uniform,20781391,True,True,,1,0.12302829907275736,0.015585031,0.12302829907275736,0.12507182697299868
52,distant_c0.7_from0.8,2,joint_projected,20781492,True,True,,1,0.09332935197744519,0.028923331,0.09332935197744519,0.11378672195132822
52,distant_c0.7_from0.8,2,ompl_uniform,20781492,True,True,,1,0.17292537703178823,0.029217401,0.17292537703178823,0.1748364589875564
52,distant_c0.7_from0.8,2,cartesian_ik,20781492,True,True,,1,0.20688994601368904,0.075400652,0.20688994601368904,0.22791725804563612
52,distant_c0.7_from0.8,3,joint_projected,20781593,True,True,,1,0.062115194043144584,0.029374957,0.062115194043144584,0.08252299588639289
52,distant_c0.7_from0.8,3,cartesian_ik,20781593,True,True,,1,0.1050942960428074,0.038759073,0.1050942960428074,0.12544312898535281
52,distant_c0.7_from0.8,3,ompl_uniform,20781593,True,True,,1,0.15897684800438583,0.009838509,0.15897684800438583,0.1603158749639988
52,distant_c0.7_from0.8,4,cartesian_ik,20781694,True,True,,1,0.09781477402430028,0.012657351,0.09781477402430028,0.1188483169535175
52,distant_c0.7_from0.8,4,ompl_uniform,20781694,True,True,,1,0.1968113600742072,0.034295293,0.1968113600742072,0.1986097909975797
52,distant_c0.7_from0.8,4,joint_projected,20781694,True,True,,1,0.11086646793410182,0.024229884,0.11086646793410182,0.13157114596106112
52,distant_c0.7_from0.8,5,joint_projected,20781795,True,True,,1,0.1354767350712791,0.034458513,0.1354767350712791,0.15556956001091748
52,distant_c0.7_from0.8,5,ompl_uniform,20781795,True,True,,1,0.1008548210375011,0.024594782,0.1008548210375011,0.10223766707349569
52,distant_c0.7_from0.8,5,cartesian_ik,20781795,True,True,,1,0.04572375805582851,0.018555203,0.04572375805582851,0.0657678700517863
52,distant_c0.7_from0.8,6,joint_projected,20781896,True,True,,1,0.11612155102193356,0.019991618,0.11612155102193356,0.13577902503311634
52,distant_c0.7_from0.8,6,ompl_uniform,20781896,True,True,,1,0.15738305391278118,0.010427411,0.15738305391278118,0.15865762892644852
52,distant_c0.7_from0.8,6,cartesian_ik,20781896,True,True,,1,0.1578921739710495,0.04019985,0.1578921739710495,0.1783318119123578
52,distant_c0.7_from0.8,7,joint_projected,20781997,True,True,,1,0.09923349507153034,0.02270751,0.09923349507153034,0.11938747193198651
52,distant_c0.7_from0.8,7,ompl_uniform,20781997,True,True,,1,0.1513505569892004,0.027120943,0.1513505569892004,0.1529093598946929
52,distant_c0.7_from0.8,7,cartesian_ik,20781997,True,True,,1,0.18457603408023715,0.038910916,0.18457603408023715,0.20516956504434347
52,distant_c0.7_from0.8,8,cartesian_ik,20782098,True,True,,1,0.13776530197355896,0.018869037,0.13776530197355896,0.15837914997246116
52,distant_c0.7_from0.8,8,joint_projected,20782098,True,True,,1,0.030258634011261165,0.018201677,0.030258634011261165,0.050874721026048064
52,distant_c0.7_from0.8,8,ompl_uniform,20782098,True,True,,1,0.1968176260124892,0.020245383,0.1968176260124892,0.19840630306862295
52,distant_c0.7_from0.8,9,joint_projected,20782199,True,True,,1,0.13719616597518325,0.037310894,0.13719616597518325,0.15795081795658916
52,distant_c0.7_from0.8,9,ompl_uniform,20782199,True,True,,1,0.29004519199952483,0.022372322,0.29004519199952483,0.292129187961109
52,distant_c0.7_from0.8,9,cartesian_ik,20782199,True,True,,1,0.1357990299584344,0.01382839,0.1357990299584344,0.15677086089272052
20,offset_c0.5_from0.2,0,ompl_uniform,20461066,True,True,,1,0.10755242698360234,0.013767178,0.10755242698360234,0.10905619408003986
20,offset_c0.5_from0.2,0,cartesian_ik,20461066,False,True,path_audit,1,0.7238272479735315,0.276171041,6.0,0.7450008660089225
20,offset_c0.5_from0.2,0,joint_projected,20461066,True,True,,1,0.7540056539000943,0.370105317,0.7540056539000943,0.7750715370057151
20,offset_c0.5_from0.2,1,joint_projected,20461167,True,True,,1,0.15493108006194234,0.088727662,0.15493108006194234,0.1756509110564366
20,offset_c0.5_from0.2,1,cartesian_ik,20461167,True,True,,1,0.6409878550330177,0.31602996,0.6409878550330177,0.6619249869836494
20,offset_c0.5_from0.2,1,ompl_uniform,20461167,True,True,,1,0.22192664700560272,0.015171135,0.22192664700560272,0.22364361200015992
20,offset_c0.5_from0.2,2,ompl_uniform,20461268,True,True,,1,0.14865706698037684,0.021818195,0.14865706698037684,0.15044878900516778
20,offset_c0.5_from0.2,2,joint_projected,20461268,True,True,,1,0.24149883806239814,0.111986852,0.24149883806239814,0.2623551710275933
20,offset_c0.5_from0.2,2,cartesian_ik,20461268,True,True,,1,0.2436175380134955,0.116631615,0.2436175380134955,0.26396315393503755
20,offset_c0.5_from0.2,3,cartesian_ik,20461369,True,True,,1,0.5948734370758757,0.373328766,0.5948734370758757,0.6160667899530381
20,offset_c0.5_from0.2,3,joint_projected,20461369,True,True,,1,0.15718945011030883,0.057021636,0.15718945011030883,0.17726327094715089
20,offset_c0.5_from0.2,3,ompl_uniform,20461369,True,True,,1,0.14196227700449526,0.010458319,0.14196227700449526,0.14367361599579453
20,offset_c0.5_from0.2,4,cartesian_ik,20461470,True,True,,1,0.38242018304299563,0.206326442,0.38242018304299563,0.4030531990574673
20,offset_c0.5_from0.2,4,ompl_uniform,20461470,True,True,,1,0.11907662905286998,0.009760242,0.11907662905286998,0.12050682900007814
20,offset_c0.5_from0.2,4,joint_projected,20461470,True,True,,1,0.2485694109927863,0.096723752,0.2485694109927863,0.2691358699230477
20,offset_c0.5_from0.2,5,ompl_uniform,20461571,True,True,,1,0.22032579500228167,0.019984842,0.22032579500228167,0.22212926496285945
20,offset_c0.5_from0.2,5,joint_projected,20461571,True,True,,1,0.4221002769190818,0.106082369,0.4221002769190818,0.44392141595017165
20,offset_c0.5_from0.2,5,cartesian_ik,20461571,True,True,,1,0.37967062706593424,0.148860349,0.37967062706593424,0.4008362649474293
20,offset_c0.5_from0.2,6,cartesian_ik,20461672,True,True,,1,0.20041740592569113,0.086558746,0.20041740592569113,0.2208821999374777
20,offset_c0.5_from0.2,6,joint_projected,20461672,True,True,,1,0.49877374607603997,0.09723143,0.49877374607603997,0.5197519150096923
20,offset_c0.5_from0.2,6,ompl_uniform,20461672,True,True,,1,0.13352425501216203,0.027794472,0.13352425501216203,0.13511352299246937
20,offset_c0.5_from0.2,7,joint_projected,20461773,True,True,,1,0.6915123059879988,0.606950778,0.6915123059879988,0.712462801951915
20,offset_c0.5_from0.2,7,cartesian_ik,20461773,True,True,,1,0.38555927004199475,0.224070003,0.38555927004199475,0.4065717050107196
20,offset_c0.5_from0.2,7,ompl_uniform,20461773,True,True,,1,0.2674711849540472,0.009712805,0.2674711849540472,0.269152007997036
20,offset_c0.5_from0.2,8,cartesian_ik,20461874,True,True,,1,0.19241371506359428,0.067178408,0.19241371506359428,0.21315524098463356
20,offset_c0.5_from0.2,8,ompl_uniform,20461874,True,True,,1,0.10746716498397291,0.00908908,0.10746716498397291,0.10902520106174052
20,offset_c0.5_from0.2,8,joint_projected,20461874,True,True,,1,0.3595556350192055,0.249907484,0.3595556350192055,0.3800883430521935
20,offset_c0.5_from0.2,9,ompl_uniform,20461975,True,True,,1,0.18506092496681958,0.022993703,0.18506092496681958,0.186590324039571
20,offset_c0.5_from0.2,9,joint_projected,20461975,True,True,,1,0.2524772940669209,0.153771228,0.2524772940669209,0.27321355999447405
20,offset_c0.5_from0.2,9,cartesian_ik,20461975,True,True,,1,0.535448117996566,0.199095052,0.535448117996566,0.5557841350091621
1,central_c0.5_from0.2,0,cartesian_ik,20270933,True,True,,1,0.13164094591047615,0.064018345,0.13164094591047615,0.1530526609858498
1,central_c0.5_from0.2,0,joint_projected,20270933,True,True,,1,0.18931412999518216,0.029362617,0.18931412999518216,0.210453141015023
1,central_c0.5_from0.2,0,ompl_uniform,20270933,True,True,,1,0.154400055995211,0.019179751,0.154400055995211,0.15611075097694993
1,central_c0.5_from0.2,1,joint_projected,20271034,True,True,,1,0.18195774406194687,0.034457591,0.18195774406194687,0.2042417749762535
1,central_c0.5_from0.2,1,cartesian_ik,20271034,True,True,,1,0.3907213679049164,0.141451777,0.3907213679049164,0.4127557990141213
1,central_c0.5_from0.2,1,ompl_uniform,20271034,True,True,,1,0.21318815601989627,0.028063456,0.21318815601989627,0.21503541199490428
1,central_c0.5_from0.2,2,ompl_uniform,20271135,True,True,,1,0.10326001502107829,0.013747088,0.10326001502107829,0.10511085798498243
1,central_c0.5_from0.2,2,joint_projected,20271135,True,True,,1,0.3130824629915878,0.053245793,0.3130824629915878,0.33469877298921347
1,central_c0.5_from0.2,2,cartesian_ik,20271135,True,True,,1,0.38377603702247143,0.176117087,0.38377603702247143,0.40542408206965774
1,central_c0.5_from0.2,3,ompl_uniform,20271236,True,True,,1,0.18602636898867786,0.032149976,0.18602636898867786,0.18756748002488166
1,central_c0.5_from0.2,3,cartesian_ik,20271236,True,True,,1,0.38577349903061986,0.086297408,0.38577349903061986,0.40835761395283043
1,central_c0.5_from0.2,3,joint_projected,20271236,True,True,,1,0.15283758495934308,0.08459442,0.15283758495934308,0.17463696096092463
1,central_c0.5_from0.2,4,ompl_uniform,20271337,True,True,,1,0.180797680048272,0.016116356,0.180797680048272,0.18224184005521238
1,central_c0.5_from0.2,4,joint_projected,20271337,True,True,,1,0.12756858894135803,0.039378318,0.12756858894135803,0.14919060107786208
1,central_c0.5_from0.2,4,cartesian_ik,20271337,True,True,,1,0.2678254429483786,0.060172328,0.2678254429483786,0.2895771039184183
1,central_c0.5_from0.2,5,ompl_uniform,20271438,True,True,,1,0.1251968980068341,0.026722385,0.1251968980068341,0.1268887899350375
1,central_c0.5_from0.2,5,joint_projected,20271438,True,True,,1,0.29063684795983136,0.054440433,0.29063684795983136,0.3125995040172711
1,central_c0.5_from0.2,5,cartesian_ik,20271438,True,True,,1,0.2691788119263947,0.13436524,0.2691788119263947,0.2907769459998235
1,central_c0.5_from0.2,6,cartesian_ik,20271539,True,True,,1,0.2154270000755787,0.082076418,0.2154270000755787,0.23745314800180495
1,central_c0.5_from0.2,6,ompl_uniform,20271539,True,True,,1,0.08287876204121858,0.00908251,0.08287876204121858,0.08451911201700568
1,central_c0.5_from0.2,6,joint_projected,20271539,True,True,,1,0.18105256091803312,0.044026917,0.18105256091803312,0.20266629895195365
1,central_c0.5_from0.2,7,ompl_uniform,20271640,True,True,,1,0.17143800598569214,0.017979283,0.17143800598569214,0.17265250300988555
1,central_c0.5_from0.2,7,cartesian_ik,20271640,True,True,,1,0.16069689998403192,0.073160253,0.16069689998403192,0.18177535000722855
1,central_c0.5_from0.2,7,joint_projected,20271640,True,True,,1,0.2846615039743483,0.153667033,0.2846615039743483,0.30617518501821905
1,central_c0.5_from0.2,8,joint_projected,20271741,True,True,,1,0.24549000500701368,0.1668027,0.24549000500701368,0.2665255538886413
1,central_c0.5_from0.2,8,cartesian_ik,20271741,True,True,,1,0.31546904100105166,0.098531478,0.31546904100105166,0.33674905402585864
1,central_c0.5_from0.2,8,ompl_uniform,20271741,True,True,,1,0.18413239694200456,0.011200972,0.18413239694200456,0.1854443639749661
1,central_c0.5_from0.2,9,cartesian_ik,20271842,True,True,,1,0.6473870570771396,0.252576948,0.6473870570771396,0.669270621961914
1,central_c0.5_from0.2,9,ompl_uniform,20271842,True,True,,1,0.0910205680411309,0.020863764,0.0910205680411309,0.09248112398199737
1,central_c0.5_from0.2,9,joint_projected,20271842,True,True,,1,0.10291610704734921,0.038541328,0.10291610704734921,0.1249396939529106
32,offset_c0.7_from0.8,0,ompl_uniform,20581150,True,True,,1,0.11156344297342002,0.009958062,0.11156344297342002,0.11307901598047465
32,offset_c0.7_from0.8,0,joint_projected,20581150,True,True,,1,0.10630530503112823,0.010565225,0.10630530503112823,0.1271739648655057
32,offset_c0.7_from0.8,0,cartesian_ik,20581150,True,True,,1,0.17421659303363413,0.027497898,0.17421659303363413,0.19538244290743023
32,offset_c0.7_from0.8,1,cartesian_ik,20581251,True,True,,1,0.14598526002373546,0.029604615,0.14598526002373546,0.16712286591064185
32,offset_c0.7_from0.8,1,ompl_uniform,20581251,True,True,,1,0.16890822804998606,0.040848683,0.16890822804998606,0.17058042506687343
32,offset_c0.7_from0.8,1,joint_projected,20581251,True,True,,1,0.12106406909879297,0.01995112,0.12106406909879297,0.1416135939070955
32,offset_c0.7_from0.8,2,cartesian_ik,20581352,True,True,,1,0.1063188329571858,0.033810066,0.1063188329571858,0.1274102709721774
32,offset_c0.7_from0.8,2,ompl_uniform,20581352,True,True,,1,0.23956996004562825,0.026019961,0.23956996004562825,0.24151691002771258
32,offset_c0.7_from0.8,2,joint_projected,20581352,True,True,,1,0.10888271301519126,0.034497107,0.10888271301519126,0.1302363818977028
32,offset_c0.7_from0.8,3,ompl_uniform,20581453,True,True,,1,0.21940833202097565,0.035046451,0.21940833202097565,0.22117549402173609
32,offset_c0.7_from0.8,3,joint_projected,20581453,True,True,,1,0.04725833400152624,0.02838292,0.04725833400152624,0.06826222978997976
32,offset_c0.7_from0.8,3,cartesian_ik,20581453,True,True,,1,0.26110524288378656,0.08083915,0.26110524288378656,0.2818272429285571
32,offset_c0.7_from0.8,4,joint_projected,20581554,True,True,,1,0.08004056301433593,0.021644761,0.08004056301433593,0.10066390689462423
32,offset_c0.7_from0.8,4,ompl_uniform,20581554,True,True,,1,0.18848568596877158,0.030518014,0.18848568596877158,0.19051494996529073
32,offset_c0.7_from0.8,4,cartesian_ik,20581554,True,True,,1,0.34288744104560465,0.099795823,0.34288744104560465,0.3645611279644072
32,offset_c0.7_from0.8,5,ompl_uniform,20581655,True,True,,1,0.14501391095109284,0.008778733,0.14501391095109284,0.14676191797479987
32,offset_c0.7_from0.8,5,joint_projected,20581655,True,True,,1,0.032584727043285966,0.011340877,0.032584727043285966,0.05394128989428282
32,offset_c0.7_from0.8,5,cartesian_ik,20581655,True,True,,1,0.05901761294808239,0.027221918,0.05901761294808239,0.08036978985182941
32,offset_c0.7_from0.8,6,ompl_uniform,20581756,True,True,,1,0.07948565308470279,0.022255956,0.07948565308470279,0.0808322710217908
32,offset_c0.7_from0.8,6,cartesian_ik,20581756,True,True,,1,0.11686155898496509,0.057642805,0.11686155898496509,0.13859322888311
32,offset_c0.7_from0.8,6,joint_projected,20581756,True,True,,1,0.10966716601978987,0.022344813,0.10966716601978987,0.1312384168850258
32,offset_c0.7_from0.8,7,joint_projected,20581857,True,True,,1,0.18824203999247402,0.035968539,0.18824203999247402,0.20975414186250418
32,offset_c0.7_from0.8,7,cartesian_ik,20581857,True,True,,1,0.27483664301689714,0.044414435,0.27483664301689714,0.29596346197649837
32,offset_c0.7_from0.8,7,ompl_uniform,20581857,True,True,,1,0.12842201394960284,0.010695543,0.12842201394960284,0.13018852996174246
32,offset_c0.7_from0.8,8,joint_projected,20581958,True,True,,1,0.10476004297379404,0.033952745,0.10476004297379404,0.12593537685461342
32,offset_c0.7_from0.8,8,cartesian_ik,20581958,True,True,,1,0.29502724297344685,0.041144917,0.29502724297344685,0.31598980794660747
32,offset_c0.7_from0.8,8,ompl_uniform,20581958,True,True,,1,0.1605262520024553,0.030432785,0.1605262520024553,0.1621548100374639
32,offset_c0.7_from0.8,9,cartesian_ik,20582059,True,True,,1,0.23811522498726845,0.054262185,0.23811522498726845,0.2595568068791181
32,offset_c0.7_from0.8,9,joint_projected,20582059,True,True,,1,0.18802922300528735,0.041009448,0.18802922300528735,0.20921394089236856
32,offset_c0.7_from0.8,9,ompl_uniform,20582059,True,True,,1,0.08415407105349004,0.019418023,0.08415407105349004,0.08569018193520606
55,distant_c0.7_from0.8,0,joint_projected,20811311,True,True,,1,0.13278383703436702,0.021098317,0.13278383703436702,0.15267257392406464
55,distant_c0.7_from0.8,0,ompl_uniform,20811311,True,True,,1,0.1842345769982785,0.013036951,0.1842345769982785,0.18598486203700304
55,distant_c0.7_from0.8,0,cartesian_ik,20811311,True,True,,1,0.1251973700709641,0.023059702,0.1251973700709641,0.14602780702989548
55,distant_c0.7_from0.8,1,cartesian_ik,20811412,True,True,,1,0.06780790991615504,0.042464426,0.06780790991615504,0.08852050290443003
55,distant_c0.7_from0.8,1,joint_projected,20811412,True,True,,1,0.052285518031567335,0.017138921,0.052285518031567335,0.07195941498503089
55,distant_c0.7_from0.8,1,ompl_uniform,20811412,True,True,,1,0.12236220994964242,0.005815783,0.12236220994964242,0.12348302395548671
55,distant_c0.7_from0.8,2,cartesian_ik,20811513,True,True,,1,0.526264309999533,0.109753285,0.526264309999533,0.5469404390314594
55,distant_c0.7_from0.8,2,ompl_uniform,20811513,True,True,,1,0.18449358898214996,0.022171422,0.18449358898214996,0.18591877608560026
55,distant_c0.7_from0.8,2,joint_projected,20811513,True,True,,1,0.04416099702939391,0.025345365,0.04416099702939391,0.06450588593725115
55,distant_c0.7_from0.8,3,joint_projected,20811614,True,True,,1,0.13096839003264904,0.026114815,0.13096839003264904,0.15093063097447157
55,distant_c0.7_from0.8,3,cartesian_ik,20811614,True,True,,1,0.1917881229892373,0.045667512,0.1917881229892373,0.21197390498127788
55,distant_c0.7_from0.8,3,ompl_uniform,20811614,True,True,,1,0.15998125704936683,0.022754216,0.15998125704936683,0.16111208102665842
55,distant_c0.7_from0.8,4,ompl_uniform,20811715,True,True,,1,0.14247766602784395,0.012434645,0.14247766602784395,0.1439966419711709
55,distant_c0.7_from0.8,4,cartesian_ik,20811715,False,True,path_audit,1,0.6277478379197419,0.111597394,6.0,0.6487390890251845
55,distant_c0.7_from0.8,4,joint_projected,20811715,True,True,,1,0.029301167000085115,0.018766574,0.029301167000085115,0.04884669801685959
55,distant_c0.7_from0.8,5,cartesian_ik,20811816,True,True,,1,0.05573890404775739,0.006283808,0.05573890404775739,0.0762486559106037
55,distant_c0.7_from0.8,5,ompl_uniform,20811816,True,True,,1,0.17906011699233204,0.011936451,0.17906011699233204,0.18063753901515156
55,distant_c0.7_from0.8,5,joint_projected,20811816,True,True,,1,0.19643738097511232,0.025334898,0.19643738097511232,0.217149541946128
55,distant_c0.7_from0.8,6,joint_projected,20811917,False,True,path_audit,1,0.1697151600383222,0.015819486,6.0,0.1901574080111459
55,distant_c0.7_from0.8,6,cartesian_ik,20811917,True,True,,1,0.12422755698207766,0.040915074,0.12422755698207766,0.1449757240479812
55,distant_c0.7_from0.8,6,ompl_uniform,20811917,True,True,,1,0.1433346139965579,0.023051021,0.1433346139965579,0.14449813088867813
55,distant_c0.7_from0.8,7,ompl_uniform,20812018,True,True,,1,0.10766888700891286,0.007114763,0.10766888700891286,0.10938235407229513
55,distant_c0.7_from0.8,7,joint_projected,20812018,True,True,,1,0.13251376897096634,0.026902692,0.13251376897096634,0.15254368097521365
55,distant_c0.7_from0.8,7,cartesian_ik,20812018,True,True,,1,0.19100921403151006,0.0655789,0.19100921403151006,0.2110224609496072
55,distant_c0.7_from0.8,8,cartesian_ik,20812119,True,True,,1,0.18894112098496407,0.077746394,0.18894112098496407,0.20979353692382574
55,distant_c0.7_from0.8,8,joint_projected,20812119,True,True,,1,0.10648769198451191,0.024008296,0.10648769198451191,0.12651951692532748
55,distant_c0.7_from0.8,8,ompl_uniform,20812119,True,True,,1,0.2360061020590365,0.015933084,0.2360061020590365,0.23746204003691673
55,distant_c0.7_from0.8,9,ompl_uniform,20812220,True,True,,1,0.1879534519976005,0.019768808,0.1879534519976005,0.18967967596836388
55,distant_c0.7_from0.8,9,cartesian_ik,20812220,True,True,,1,0.213884984026663,0.085678788,0.213884984026663,0.23459587595425546
55,distant_c0.7_from0.8,9,joint_projected,20812220,True,True,,1,0.09797978808637708,0.021390574,0.09797978808637708,0.1176589229144156
4,central_c0.5_from0.2,0,joint_projected,20300954,True,True,,1,0.14153532299678773,0.030520978,0.14153532299678773,0.16231844411231577
4,central_c0.5_from0.2,0,ompl_uniform,20300954,True,True,,1,0.14622187707573175,0.023612601,0.14622187707573175,0.1476995829725638
4,central_c0.5_from0.2,0,cartesian_ik,20300954,True,True,,1,0.1301197379361838,0.055814558,0.1301197379361838,0.15127135603688657
4,central_c0.5_from0.2,1,joint_projected,20301055,True,True,,1,0.2803353469353169,0.02701497,0.2803353469353169,0.30244822800159454
4,central_c0.5_from0.2,1,ompl_uniform,20301055,True,True,,1,0.18311449699103832,0.019097551,0.18311449699103832,0.18453017994761467
4,central_c0.5_from0.2,1,cartesian_ik,20301055,True,True,,1,0.21722900203894824,0.066478718,0.21722900203894824,0.23881008801981807
4,central_c0.5_from0.2,2,ompl_uniform,20301156,True,True,,1,0.2389101949520409,0.038851202,0.2389101949520409,0.24034075997769833
4,central_c0.5_from0.2,2,joint_projected,20301156,True,True,,1,0.06112476601265371,0.021695309,0.06112476601265371,0.08261844608932734
4,central_c0.5_from0.2,2,cartesian_ik,20301156,True,True,,1,0.1640811850083992,0.066623638,0.1640811850083992,0.18535202008206397
4,central_c0.5_from0.2,3,ompl_uniform,20301257,True,True,,1,0.1863650210434571,0.043369423,0.1863650210434571,0.18814355100039393
4,central_c0.5_from0.2,3,cartesian_ik,20301257,True,True,,1,0.2596285669133067,0.190950159,0.2596285669133067,0.28149838908575475
4,central_c0.5_from0.2,3,joint_projected,20301257,True,True,,1,0.18805533007252961,0.040871086,0.18805533007252961,0.20978339202702045
4,central_c0.5_from0.2,4,joint_projected,20301358,True,True,,1,0.16863099101465195,0.029623406,0.16863099101465195,0.1903081979835406
4,central_c0.5_from0.2,4,ompl_uniform,20301358,True,True,,1,0.09709596098400652,0.029440989,0.09709596098400652,0.09861189499497414
4,central_c0.5_from0.2,4,cartesian_ik,20301358,True,True,,1,0.272724935086444,0.08550877,0.272724935086444,0.29452284914441407
4,central_c0.5_from0.2,5,ompl_uniform,20301459,True,True,,1,0.19106538500636816,0.021594534,0.19106538500636816,0.19302430900279433
4,central_c0.5_from0.2,5,cartesian_ik,20301459,True,True,,1,0.6365850470028818,0.191777412,0.6365850470028818,0.6589087670436129
4,central_c0.5_from0.2,5,joint_projected,20301459,True,True,,1,0.07751022500451654,0.018381766,0.07751022500451654,0.0988548370078206
4,central_c0.5_from0.2,6,joint_projected,20301560,True,True,,1,0.10801168403122574,0.024070352,0.10801168403122574,0.12966236798092723
4,central_c0.5_from0.2,6,ompl_uniform,20301560,True,True,,1,0.21182458207476884,0.037617688,0.21182458207476884,0.21340646396856755
4,central_c0.5_from0.2,6,cartesian_ik,20301560,True,True,,1,0.1794335040031001,0.096879973,0.1794335040031001,0.20117616595234722
4,central_c0.5_from0.2,7,joint_projected,20301661,True,True,,1,0.08048878505360335,0.025112336,0.08048878505360335,0.10231071407906711
4,central_c0.5_from0.2,7,cartesian_ik,20301661,True,True,,1,0.21537126891780645,0.08615446,0.21537126891780645,0.23687452904414386
4,central_c0.5_from0.2,7,ompl_uniform,20301661,True,True,,1,0.12250791501719505,0.01548967,0.12250791501719505,0.12418994901236147
4,central_c0.5_from0.2,8,ompl_uniform,20301762,True,True,,1,0.10809534904547036,0.024096077,0.10809534904547036,0.109840850927867
4,central_c0.5_from0.2,8,joint_projected,20301762,True,True,,1,0.09222544194199145,0.037394713,0.09222544194199145,0.11392235895618796
4,central_c0.5_from0.2,8,cartesian_ik,20301762,True,True,,1,0.3639709179988131,0.132228281,0.3639709179988131,0.38552980695385486
4,central_c0.5_from0.2,9,joint_projected,20301863,True,True,,1,0.2937493729405105,0.043353423,0.2937493729405105,0.3151646490441635
4,central_c0.5_from0.2,9,ompl_uniform,20301863,True,True,,1,0.13096496707294136,0.019862719,0.13096496707294136,0.13236128399148583
4,central_c0.5_from0.2,9,cartesian_ik,20301863,True,True,,1,0.26571086805779487,0.136245678,0.26571086805779487,0.28723341203294694
35,offset_c0.7_from0.8,0,cartesian_ik,20611171,False,False,goal_ik_design,,0.0,0.0,6.0,0.018348117009736598
35,offset_c0.7_from0.8,0,joint_projected,20611171,False,False,goal_ik_design,,0.0,0.0,6.0,0.018348117009736598
35,offset_c0.7_from0.8,0,ompl_uniform,20611171,False,False,goal_ik_design,,0.0,0.0,6.0,0.0
35,offset_c0.7_from0.8,1,joint_projected,20611272,False,False,goal_ik_design,,0.0,0.0,6.0,0.018348117009736598
35,offset_c0.7_from0.8,1,cartesian_ik,20611272,False,False,goal_ik_design,,0.0,0.0,6.0,0.018348117009736598
35,offset_c0.7_from0.8,1,ompl_uniform,20611272,False,False,goal_ik_design,,0.0,0.0,6.0,0.0
35,offset_c0.7_from0.8,2,ompl_uniform,20611373,False,False,goal_ik_design,,0.0,0.0,6.0,0.0
35,offset_c0.7_from0.8,2,cartesian_ik,20611373,False,False,goal_ik_design,,0.0,0.0,6.0,0.018348117009736598
35,offset_c0.7_from0.8,2,joint_projected,20611373,False,False,goal_ik_design,,0.0,0.0,6.0,0.018348117009736598
35,offset_c0.7_from0.8,3,cartesian_ik,20611474,False,False,goal_ik_design,,0.0,0.0,6.0,0.018348117009736598
35,offset_c0.7_from0.8,3,ompl_uniform,20611474,False,False,goal_ik_design,,0.0,0.0,6.0,0.0
35,offset_c0.7_from0.8,3,joint_projected,20611474,False,False,goal_ik_design,,0.0,0.0,6.0,0.018348117009736598
35,offset_c0.7_from0.8,4,joint_projected,20611575,False,False,goal_ik_design,,0.0,0.0,6.0,0.018348117009736598
35,offset_c0.7_from0.8,4,cartesian_ik,20611575,False,False,goal_ik_design,,0.0,0.0,6.0,0.018348117009736598
35,offset_c0.7_from0.8,4,ompl_uniform,20611575,False,False,goal_ik_design,,0.0,0.0,6.0,0.0
35,offset_c0.7_from0.8,5,joint_projected,20611676,False,False,goal_ik_design,,0.0,0.0,6.0,0.018348117009736598
35,offset_c0.7_from0.8,5,cartesian_ik,20611676,False,False,goal_ik_design,,0.0,0.0,6.0,0.018348117009736598
35,offset_c0.7_from0.8,5,ompl_uniform,20611676,False,False,goal_ik_design,,0.0,0.0,6.0,0.0
35,offset_c0.7_from0.8,6,ompl_uniform,20611777,False,False,goal_ik_design,,0.0,0.0,6.0,0.0
35,offset_c0.7_from0.8,6,joint_projected,20611777,False,False,goal_ik_design,,0.0,0.0,6.0,0.018348117009736598
35,offset_c0.7_from0.8,6,cartesian_ik,20611777,False,False,goal_ik_design,,0.0,0.0,6.0,0.018348117009736598
35,offset_c0.7_from0.8,7,ompl_uniform,20611878,False,False,goal_ik_design,,0.0,0.0,6.0,0.0
35,offset_c0.7_from0.8,7,cartesian_ik,20611878,False,False,goal_ik_design,,0.0,0.0,6.0,0.018348117009736598
35,offset_c0.7_from0.8,7,joint_projected,20611878,False,False,goal_ik_design,,0.0,0.0,6.0,0.018348117009736598
35,offset_c0.7_from0.8,8,joint_projected,20611979,False,False,goal_ik_design,,0.0,0.0,6.0,0.018348117009736598
35,offset_c0.7_from0.8,8,ompl_uniform,20611979,False,False,goal_ik_design,,0.0,0.0,6.0,0.0
35,offset_c0.7_from0.8,8,cartesian_ik,20611979,False,False,goal_ik_design,,0.0,0.0,6.0,0.018348117009736598
35,offset_c0.7_from0.8,9,joint_projected,20612080,False,False,goal_ik_design,,0.0,0.0,6.0,0.018348117009736598
35,offset_c0.7_from0.8,9,ompl_uniform,20612080,False,False,goal_ik_design,,0.0,0.0,6.0,0.0
35,offset_c0.7_from0.8,9,cartesian_ik,20612080,False,False,goal_ik_design,,0.0,0.0,6.0,0.018348117009736598
21,offset_c0.5_from0.2,0,cartesian_ik,20471073,False,False,goal_ik_design,,0.0,0.0,6.0,0.018628907040692866
21,offset_c0.5_from0.2,0,joint_projected,20471073,False,False,goal_ik_design,,0.0,0.0,6.0,0.018628907040692866
21,offset_c0.5_from0.2,0,ompl_uniform,20471073,False,False,goal_ik_design,,0.0,0.0,6.0,0.0
21,offset_c0.5_from0.2,1,cartesian_ik,20471174,False,False,goal_ik_design,,0.0,0.0,6.0,0.018628907040692866
21,offset_c0.5_from0.2,1,joint_projected,20471174,False,False,goal_ik_design,,0.0,0.0,6.0,0.018628907040692866
21,offset_c0.5_from0.2,1,ompl_uniform,20471174,False,False,goal_ik_design,,0.0,0.0,6.0,0.0
21,offset_c0.5_from0.2,2,cartesian_ik,20471275,False,False,goal_ik_design,,0.0,0.0,6.0,0.018628907040692866
21,offset_c0.5_from0.2,2,ompl_uniform,20471275,False,False,goal_ik_design,,0.0,0.0,6.0,0.0
21,offset_c0.5_from0.2,2,joint_projected,20471275,False,False,goal_ik_design,,0.0,0.0,6.0,0.018628907040692866
21,offset_c0.5_from0.2,3,cartesian_ik,20471376,False,False,goal_ik_design,,0.0,0.0,6.0,0.018628907040692866
21,offset_c0.5_from0.2,3,joint_projected,20471376,False,False,goal_ik_design,,0.0,0.0,6.0,0.018628907040692866
21,offset_c0.5_from0.2,3,ompl_uniform,20471376,False,False,goal_ik_design,,0.0,0.0,6.0,0.0
21,offset_c0.5_from0.2,4,cartesian_ik,20471477,False,False,goal_ik_design,,0.0,0.0,6.0,0.018628907040692866
21,offset_c0.5_from0.2,4,ompl_uniform,20471477,False,False,goal_ik_design,,0.0,0.0,6.0,0.0
21,offset_c0.5_from0.2,4,joint_projected,20471477,False,False,goal_ik_design,,0.0,0.0,6.0,0.018628907040692866
21,offset_c0.5_from0.2,5,ompl_uniform,20471578,False,False,goal_ik_design,,0.0,0.0,6.0,0.0
21,offset_c0.5_from0.2,5,cartesian_ik,20471578,False,False,goal_ik_design,,0.0,0.0,6.0,0.018628907040692866
21,offset_c0.5_from0.2,5,joint_projected,20471578,False,False,goal_ik_design,,0.0,0.0,6.0,0.018628907040692866
21,offset_c0.5_from0.2,6,cartesian_ik,20471679,False,False,goal_ik_design,,0.0,0.0,6.0,0.018628907040692866
21,offset_c0.5_from0.2,6,joint_projected,20471679,False,False,goal_ik_design,,0.0,0.0,6.0,0.018628907040692866
21,offset_c0.5_from0.2,6,ompl_uniform,20471679,False,False,goal_ik_design,,0.0,0.0,6.0,0.0
21,offset_c0.5_from0.2,7,ompl_uniform,20471780,False,False,goal_ik_design,,0.0,0.0,6.0,0.0
21,offset_c0.5_from0.2,7,cartesian_ik,20471780,False,False,goal_ik_design,,0.0,0.0,6.0,0.018628907040692866
21,offset_c0.5_from0.2,7,joint_projected,20471780,False,False,goal_ik_design,,0.0,0.0,6.0,0.018628907040692866
21,offset_c0.5_from0.2,8,cartesian_ik,20471881,False,False,goal_ik_design,,0.0,0.0,6.0,0.018628907040692866
21,offset_c0.5_from0.2,8,joint_projected,20471881,False,False,goal_ik_design,,0.0,0.0,6.0,0.018628907040692866
21,offset_c0.5_from0.2,8,ompl_uniform,20471881,False,False,goal_ik_design,,0.0,0.0,6.0,0.0
21,offset_c0.5_from0.2,9,joint_projected,20471982,False,False,goal_ik_design,,0.0,0.0,6.0,0.018628907040692866
21,offset_c0.5_from0.2,9,cartesian_ik,20471982,False,False,goal_ik_design,,0.0,0.0,6.0,0.018628907040692866
21,offset_c0.5_from0.2,9,ompl_uniform,20471982,False,False,goal_ik_design,,0.0,0.0,6.0,0.0
56,distant_c0.7_from0.8,0,joint_projected,20821318,False,False,goal_ik_design,,0.0,0.0,6.0,0.018707151990383863
56,distant_c0.7_from0.8,0,cartesian_ik,20821318,False,False,goal_ik_design,,0.0,0.0,6.0,0.018707151990383863
56,distant_c0.7_from0.8,0,ompl_uniform,20821318,False,False,goal_ik_design,,0.0,0.0,6.0,0.0
56,distant_c0.7_from0.8,1,joint_projected,20821419,False,False,goal_ik_design,,0.0,0.0,6.0,0.018707151990383863
56,distant_c0.7_from0.8,1,cartesian_ik,20821419,False,False,goal_ik_design,,0.0,0.0,6.0,0.018707151990383863
56,distant_c0.7_from0.8,1,ompl_uniform,20821419,False,False,goal_ik_design,,0.0,0.0,6.0,0.0
56,distant_c0.7_from0.8,2,ompl_uniform,20821520,False,False,goal_ik_design,,0.0,0.0,6.0,0.0
56,distant_c0.7_from0.8,2,cartesian_ik,20821520,False,False,goal_ik_design,,0.0,0.0,6.0,0.018707151990383863
56,distant_c0.7_from0.8,2,joint_projected,20821520,False,False,goal_ik_design,,0.0,0.0,6.0,0.018707151990383863
56,distant_c0.7_from0.8,3,cartesian_ik,20821621,False,False,goal_ik_design,,0.0,0.0,6.0,0.018707151990383863
56,distant_c0.7_from0.8,3,ompl_uniform,20821621,False,False,goal_ik_design,,0.0,0.0,6.0,0.0
56,distant_c0.7_from0.8,3,joint_projected,20821621,False,False,goal_ik_design,,0.0,0.0,6.0,0.018707151990383863
56,distant_c0.7_from0.8,4,cartesian_ik,20821722,False,False,goal_ik_design,,0.0,0.0,6.0,0.018707151990383863
56,distant_c0.7_from0.8,4,ompl_uniform,20821722,False,False,goal_ik_design,,0.0,0.0,6.0,0.0
56,distant_c0.7_from0.8,4,joint_projected,20821722,False,False,goal_ik_design,,0.0,0.0,6.0,0.018707151990383863
56,distant_c0.7_from0.8,5,joint_projected,20821823,False,False,goal_ik_design,,0.0,0.0,6.0,0.018707151990383863
56,distant_c0.7_from0.8,5,cartesian_ik,20821823,False,False,goal_ik_design,,0.0,0.0,6.0,0.018707151990383863
56,distant_c0.7_from0.8,5,ompl_uniform,20821823,False,False,goal_ik_design,,0.0,0.0,6.0,0.0
56,distant_c0.7_from0.8,6,cartesian_ik,20821924,False,False,goal_ik_design,,0.0,0.0,6.0,0.018707151990383863
56,distant_c0.7_from0.8,6,ompl_uniform,20821924,False,False,goal_ik_design,,0.0,0.0,6.0,0.0
56,distant_c0.7_from0.8,6,joint_projected,20821924,False,False,goal_ik_design,,0.0,0.0,6.0,0.018707151990383863
56,distant_c0.7_from0.8,7,ompl_uniform,20822025,False,False,goal_ik_design,,0.0,0.0,6.0,0.0
56,distant_c0.7_from0.8,7,joint_projected,20822025,False,False,goal_ik_design,,0.0,0.0,6.0,0.018707151990383863
56,distant_c0.7_from0.8,7,cartesian_ik,20822025,False,False,goal_ik_design,,0.0,0.0,6.0,0.018707151990383863
56,distant_c0.7_from0.8,8,joint_projected,20822126,False,False,goal_ik_design,,0.0,0.0,6.0,0.018707151990383863
56,distant_c0.7_from0.8,8,cartesian_ik,20822126,False,False,goal_ik_design,,0.0,0.0,6.0,0.018707151990383863
56,distant_c0.7_from0.8,8,ompl_uniform,20822126,False,False,goal_ik_design,,0.0,0.0,6.0,0.0
56,distant_c0.7_from0.8,9,ompl_uniform,20822227,False,False,goal_ik_design,,0.0,0.0,6.0,0.0
56,distant_c0.7_from0.8,9,joint_projected,20822227,False,False,goal_ik_design,,0.0,0.0,6.0,0.018707151990383863
56,distant_c0.7_from0.8,9,cartesian_ik,20822227,False,False,goal_ik_design,,0.0,0.0,6.0,0.018707151990383863
5,central_c0.5_from0.2,0,cartesian_ik,20310961,True,True,,1,0.3554728040471673,0.200521154,0.3554728040471673,0.3754567998694256
5,central_c0.5_from0.2,0,ompl_uniform,20310961,True,True,,1,0.12650259002111852,0.013995511,0.12650259002111852,0.12818476697430015
5,central_c0.5_from0.2,0,joint_projected,20310961,True,True,,1,0.6084555760025978,0.164916385,0.6084555760025978,0.6297624689759687
5,central_c0.5_from0.2,1,ompl_uniform,20311062,True,True,,1,0.17694287898484617,0.018771879,0.17694287898484617,0.17905456491280347
5,central_c0.5_from0.2,1,joint_projected,20311062,True,True,,1,0.4478813939495012,0.145250925,0.4478813939495012,0.4690602959599346
5,central_c0.5_from0.2,1,cartesian_ik,20311062,True,True,,1,0.14395543304271996,0.074286042,0.14395543304271996,0.1648741839453578
5,central_c0.5_from0.2,2,joint_projected,20311163,True,True,,1,0.5762243149802089,0.20676182,0.5762243149802089,0.5978404929628596
5,central_c0.5_from0.2,2,cartesian_ik,20311163,True,True,,1,1.0615872690686956,0.682092502,1.0615872690686956,1.0824721668614075
5,central_c0.5_from0.2,2,ompl_uniform,20311163,True,True,,1,0.33870489394757897,0.021997584,0.33870489394757897,0.34046823100652546
5,central_c0.5_from0.2,3,joint_projected,20311264,True,True,,1,0.22750427399296314,0.046314556,0.22750427399296314,0.2484732869779691
5,central_c0.5_from0.2,3,ompl_uniform,20311264,True,True,,1,0.20158505800645798,0.032212179,0.20158505800645798,0.20305839902721345
5,central_c0.5_from0.2,3,cartesian_ik,20311264,True,True,,1,0.5808983960887417,0.37310207,0.5808983960887417,0.6018959999782965
5,central_c0.5_from0.2,4,joint_projected,20311365,True,True,,1,0.29991727706510574,0.046432491,0.29991727706510574,0.3201892828801647
5,central_c0.5_from0.2,4,ompl_uniform,20311365,True,True,,1,0.20362750894855708,0.035613451,0.20362750894855708,0.2052488699555397
5,central_c0.5_from0.2,4,cartesian_ik,20311365,True,True,,1,0.600609751068987,0.317780281,0.600609751068987,0.6212858519284055
5,central_c0.5_from0.2,5,ompl_uniform,20311466,True,True,,1,0.23571995098609477,0.046919806,0.23571995098609477,0.23723268299363554
5,central_c0.5_from0.2,5,cartesian_ik,20311466,True,True,,1,0.29834503098390996,0.091894502,0.29834503098390996,0.3188218029681593
5,central_c0.5_from0.2,5,joint_projected,20311466,True,True,,1,0.13875620404724032,0.027975285,0.13875620404724032,0.15871828491799533
5,central_c0.5_from0.2,6,cartesian_ik,20311567,True,True,,1,0.5978116969345137,0.330336775,0.5978116969345137,0.6184530348982662
5,central_c0.5_from0.2,6,ompl_uniform,20311567,True,True,,1,0.2915103370323777,0.051488197,0.2915103370323777,0.29310060502029955
5,central_c0.5_from0.2,6,joint_projected,20311567,False,False,planning,99999,3.026877947966568,0.0,6.0,3.047004390042275
5,central_c0.5_from0.2,7,joint_projected,20311668,True,True,,1,0.5360528629971668,0.156323715,0.5360528629971668,0.5570314389187843
5,central_c0.5_from0.2,7,cartesian_ik,20311668,True,True,,1,0.28857421805150807,0.164376635,0.28857421805150807,0.3091956089483574
5,central_c0.5_from0.2,7,ompl_uniform,20311668,True,True,,1,0.30465743294917047,0.033691006,0.30465743294917047,0.30683574301656336
5,central_c0.5_from0.2,8,ompl_uniform,20311769,True,True,,1,0.13536148599814624,0.038113269,0.13536148599814624,0.13723029103130102
5,central_c0.5_from0.2,8,cartesian_ik,20311769,True,True,,1,0.4240310760214925,0.113794128,0.4240310760214925,0.44569557486101985
5,central_c0.5_from0.2,8,joint_projected,20311769,True,True,,1,0.36165193596389145,0.042368544,0.36165193596389145,0.38243719190359116
5,central_c0.5_from0.2,9,joint_projected,20311870,True,True,,1,2.3904541830997914,2.146186875,2.3904541830997914,2.4118418028810993
5,central_c0.5_from0.2,9,cartesian_ik,20311870,True,True,,1,0.8068573930067942,0.649541437,0.8068573930067942,0.8271492220228538
5,central_c0.5_from0.2,9,ompl_uniform,20311870,True,True,,1,0.41159693291410804,0.051536011,0.41159693291410804,0.41309337492566556
58,distant_c0.7_from0.8,0,cartesian_ik,20841332,False,False,goal_ik_design,,0.0,0.0,6.0,0.018398295040242374
58,distant_c0.7_from0.8,0,ompl_uniform,20841332,False,False,goal_ik_design,,0.0,0.0,6.0,0.0
58,distant_c0.7_from0.8,0,joint_projected,20841332,False,False,goal_ik_design,,0.0,0.0,6.0,0.018398295040242374
58,distant_c0.7_from0.8,1,joint_projected,20841433,False,False,goal_ik_design,,0.0,0.0,6.0,0.018398295040242374
58,distant_c0.7_from0.8,1,cartesian_ik,20841433,False,False,goal_ik_design,,0.0,0.0,6.0,0.018398295040242374
58,distant_c0.7_from0.8,1,ompl_uniform,20841433,False,False,goal_ik_design,,0.0,0.0,6.0,0.0
58,distant_c0.7_from0.8,2,cartesian_ik,20841534,False,False,goal_ik_design,,0.0,0.0,6.0,0.018398295040242374
58,distant_c0.7_from0.8,2,joint_projected,20841534,False,False,goal_ik_design,,0.0,0.0,6.0,0.018398295040242374
58,distant_c0.7_from0.8,2,ompl_uniform,20841534,False,False,goal_ik_design,,0.0,0.0,6.0,0.0
58,distant_c0.7_from0.8,3,joint_projected,20841635,False,False,goal_ik_design,,0.0,0.0,6.0,0.018398295040242374
58,distant_c0.7_from0.8,3,ompl_uniform,20841635,False,False,goal_ik_design,,0.0,0.0,6.0,0.0
58,distant_c0.7_from0.8,3,cartesian_ik,20841635,False,False,goal_ik_design,,0.0,0.0,6.0,0.018398295040242374
58,distant_c0.7_from0.8,4,joint_projected,20841736,False,False,goal_ik_design,,0.0,0.0,6.0,0.018398295040242374
58,distant_c0.7_from0.8,4,ompl_uniform,20841736,False,False,goal_ik_design,,0.0,0.0,6.0,0.0
58,distant_c0.7_from0.8,4,cartesian_ik,20841736,False,False,goal_ik_design,,0.0,0.0,6.0,0.018398295040242374
58,distant_c0.7_from0.8,5,ompl_uniform,20841837,False,False,goal_ik_design,,0.0,0.0,6.0,0.0
58,distant_c0.7_from0.8,5,joint_projected,20841837,False,False,goal_ik_design,,0.0,0.0,6.0,0.018398295040242374
58,distant_c0.7_from0.8,5,cartesian_ik,20841837,False,False,goal_ik_design,,0.0,0.0,6.0,0.018398295040242374
58,distant_c0.7_from0.8,6,ompl_uniform,20841938,False,False,goal_ik_design,,0.0,0.0,6.0,0.0
58,distant_c0.7_from0.8,6,cartesian_ik,20841938,False,False,goal_ik_design,,0.0,0.0,6.0,0.018398295040242374
58,distant_c0.7_from0.8,6,joint_projected,20841938,False,False,goal_ik_design,,0.0,0.0,6.0,0.018398295040242374
58,distant_c0.7_from0.8,7,cartesian_ik,20842039,False,False,goal_ik_design,,0.0,0.0,6.0,0.018398295040242374
58,distant_c0.7_from0.8,7,ompl_uniform,20842039,False,False,goal_ik_design,,0.0,0.0,6.0,0.0
58,distant_c0.7_from0.8,7,joint_projected,20842039,False,False,goal_ik_design,,0.0,0.0,6.0,0.018398295040242374
58,distant_c0.7_from0.8,8,joint_projected,20842140,False,False,goal_ik_design,,0.0,0.0,6.0,0.018398295040242374
58,distant_c0.7_from0.8,8,cartesian_ik,20842140,False,False,goal_ik_design,,0.0,0.0,6.0,0.018398295040242374
58,distant_c0.7_from0.8,8,ompl_uniform,20842140,False,False,goal_ik_design,,0.0,0.0,6.0,0.0
58,distant_c0.7_from0.8,9,joint_projected,20842241,False,False,goal_ik_design,,0.0,0.0,6.0,0.018398295040242374
58,distant_c0.7_from0.8,9,ompl_uniform,20842241,False,False,goal_ik_design,,0.0,0.0,6.0,0.0
58,distant_c0.7_from0.8,9,cartesian_ik,20842241,False,False,goal_ik_design,,0.0,0.0,6.0,0.018398295040242374
27,offset_c0.5_from0.2,0,joint_projected,20531115,True,True,,1,0.3388232080033049,0.062351575,0.3388232080033049,0.359080653055571
27,offset_c0.5_from0.2,0,cartesian_ik,20531115,True,True,,1,0.21060839295387268,0.067229598,0.21060839295387268,0.23122462898027152
27,offset_c0.5_from0.2,0,ompl_uniform,20531115,True,True,,1,0.14226620993576944,0.012675842,0.14226620993576944,0.14370868494734168
27,offset_c0.5_from0.2,1,cartesian_ik,20531216,True,True,,1,0.2820849600248039,0.066452465,0.2820849600248039,0.3031902080401778
27,offset_c0.5_from0.2,1,joint_projected,20531216,True,True,,1,0.2282009469345212,0.026455952,0.2282009469345212,0.2486214250093326
27,offset_c0.5_from0.2,1,ompl_uniform,20531216,True,True,,1,0.10630771203432232,0.011065695,0.10630771203432232,0.10779178899247199
27,offset_c0.5_from0.2,2,joint_projected,20531317,True,True,,1,0.16546917299274355,0.045447289,0.16546917299274355,0.18669060815591365
27,offset_c0.5_from0.2,2,cartesian_ik,20531317,True,True,,1,0.13754653092473745,0.038916431,0.13754653092473745,0.1575638330541551
27,offset_c0.5_from0.2,2,ompl_uniform,20531317,True,True,,1,0.20025773299857974,0.035852953,0.20025773299857974,0.20202363701537251
27,offset_c0.5_from0.2,3,cartesian_ik,20531418,True,True,,1,0.3378515309887007,0.079239695,0.3378515309887007,0.358935859054327
27,offset_c0.5_from0.2,3,joint_projected,20531418,True,True,,1,0.6712407449958846,0.219877994,0.6712407449958846,0.6926985020982102
27,offset_c0.5_from0.2,3,ompl_uniform,20531418,True,True,,1,0.16921677393838763,0.025875682,0.16921677393838763,0.17054522992111742
27,offset_c0.5_from0.2,4,cartesian_ik,20531519,True,True,,1,0.39363842306192964,0.10519108,0.39363842306192964,0.4139816970564425
27,offset_c0.5_from0.2,4,joint_projected,20531519,True,True,,1,0.34585953794885427,0.047527477,0.34585953794885427,0.3666112980572507
27,offset_c0.5_from0.2,4,ompl_uniform,20531519,True,True,,1,0.19210499804466963,0.029842872,0.19210499804466963,0.194258211995475
27,offset_c0.5_from0.2,5,cartesian_ik,20531620,True,True,,1,0.19473977107554674,0.047365934,0.19473977107554674,0.21596422407310456
27,offset_c0.5_from0.2,5,joint_projected,20531620,True,True,,1,0.2514938589883968,0.063439798,0.2514938589883968,0.27282636205200106
27,offset_c0.5_from0.2,5,ompl_uniform,20531620,True,True,,1,0.10438468202482909,0.028739099,0.10438468202482909,0.10587318707257509
27,offset_c0.5_from0.2,6,ompl_uniform,20531721,True,True,,1,0.21518523199483752,0.015201076,0.21518523199483752,0.21706183010246605
27,offset_c0.5_from0.2,6,joint_projected,20531721,True,True,,1,0.19398885208647698,0.02740421,0.19398885208647698,0.21467310411389917
27,offset_c0.5_from0.2,6,cartesian_ik,20531721,True,True,,1,0.24361048894934356,0.113010355,0.24361048894934356,0.2645429220283404
27,offset_c0.5_from0.2,7,cartesian_ik,20531822,True,True,,1,0.1860138149932027,0.073548956,0.1860138149932027,0.2064994991524145
27,offset_c0.5_from0.2,7,joint_projected,20531822,True,True,,1,0.5729464640608057,0.176463954,0.5729464640608057,0.5944937980966642
27,offset_c0.5_from0.2,7,ompl_uniform,20531822,True,True,,1,0.1815729570807889,0.022981995,0.1815729570807889,0.18313664698507637
27,offset_c0.5_from0.2,8,ompl_uniform,20531923,True,True,,1,0.13850543007720262,0.017513989,0.13850543007720262,0.14042967895511538
27,offset_c0.5_from0.2,8,cartesian_ik,20531923,True,True,,1,0.21711997303646058,0.082482929,0.21711997303646058,0.238340157084167
27,offset_c0.5_from0.2,8,joint_projected,20531923,True,True,,1,0.35978003696072847,0.085182094,0.35978003696072847,0.3808127020020038
27,offset_c0.5_from0.2,9,joint_projected,20532024,True,True,,1,0.17648991593159735,0.021323348,0.17648991593159735,0.19721045799087733
27,offset_c0.5_from0.2,9,ompl_uniform,20532024,True,True,,1,0.16322124702855945,0.008706644,0.16322124702855945,0.16482163802720606
27,offset_c0.5_from0.2,9,cartesian_ik,20532024,True,True,,1,0.1543564130552113,0.023456874,0.1543564130552113,0.174578323145397
25,offset_c0.5_from0.2,0,joint_projected,20511101,False,False,goal_ik_design,,0.0,0.0,6.0,0.019242223002947867
25,offset_c0.5_from0.2,0,cartesian_ik,20511101,False,False,goal_ik_design,,0.0,0.0,6.0,0.019242223002947867
25,offset_c0.5_from0.2,0,ompl_uniform,20511101,False,False,goal_ik_design,,0.0,0.0,6.0,0.0
25,offset_c0.5_from0.2,1,ompl_uniform,20511202,False,False,goal_ik_design,,0.0,0.0,6.0,0.0
25,offset_c0.5_from0.2,1,cartesian_ik,20511202,False,False,goal_ik_design,,0.0,0.0,6.0,0.019242223002947867
25,offset_c0.5_from0.2,1,joint_projected,20511202,False,False,goal_ik_design,,0.0,0.0,6.0,0.019242223002947867
25,offset_c0.5_from0.2,2,cartesian_ik,20511303,False,False,goal_ik_design,,0.0,0.0,6.0,0.019242223002947867
25,offset_c0.5_from0.2,2,joint_projected,20511303,False,False,goal_ik_design,,0.0,0.0,6.0,0.019242223002947867
25,offset_c0.5_from0.2,2,ompl_uniform,20511303,False,False,goal_ik_design,,0.0,0.0,6.0,0.0
25,offset_c0.5_from0.2,3,cartesian_ik,20511404,False,False,goal_ik_design,,0.0,0.0,6.0,0.019242223002947867
25,offset_c0.5_from0.2,3,joint_projected,20511404,False,False,goal_ik_design,,0.0,0.0,6.0,0.019242223002947867
25,offset_c0.5_from0.2,3,ompl_uniform,20511404,False,False,goal_ik_design,,0.0,0.0,6.0,0.0
25,offset_c0.5_from0.2,4,ompl_uniform,20511505,False,False,goal_ik_design,,0.0,0.0,6.0,0.0
25,offset_c0.5_from0.2,4,joint_projected,20511505,False,False,goal_ik_design,,0.0,0.0,6.0,0.019242223002947867
25,offset_c0.5_from0.2,4,cartesian_ik,20511505,False,False,goal_ik_design,,0.0,0.0,6.0,0.019242223002947867
25,offset_c0.5_from0.2,5,ompl_uniform,20511606,False,False,goal_ik_design,,0.0,0.0,6.0,0.0
25,offset_c0.5_from0.2,5,cartesian_ik,20511606,False,False,goal_ik_design,,0.0,0.0,6.0,0.019242223002947867
25,offset_c0.5_from0.2,5,joint_projected,20511606,False,False,goal_ik_design,,0.0,0.0,6.0,0.019242223002947867
25,offset_c0.5_from0.2,6,joint_projected,20511707,False,False,goal_ik_design,,0.0,0.0,6.0,0.019242223002947867
25,offset_c0.5_from0.2,6,cartesian_ik,20511707,False,False,goal_ik_design,,0.0,0.0,6.0,0.019242223002947867
25,offset_c0.5_from0.2,6,ompl_uniform,20511707,False,False,goal_ik_design,,0.0,0.0,6.0,0.0
25,offset_c0.5_from0.2,7,ompl_uniform,20511808,False,False,goal_ik_design,,0.0,0.0,6.0,0.0
25,offset_c0.5_from0.2,7,joint_projected,20511808,False,False,goal_ik_design,,0.0,0.0,6.0,0.019242223002947867
25,offset_c0.5_from0.2,7,cartesian_ik,20511808,False,False,goal_ik_design,,0.0,0.0,6.0,0.019242223002947867
25,offset_c0.5_from0.2,8,cartesian_ik,20511909,False,False,goal_ik_design,,0.0,0.0,6.0,0.019242223002947867
25,offset_c0.5_from0.2,8,ompl_uniform,20511909,False,False,goal_ik_design,,0.0,0.0,6.0,0.0
25,offset_c0.5_from0.2,8,joint_projected,20511909,False,False,goal_ik_design,,0.0,0.0,6.0,0.019242223002947867
25,offset_c0.5_from0.2,9,joint_projected,20512010,False,False,goal_ik_design,,0.0,0.0,6.0,0.019242223002947867
25,offset_c0.5_from0.2,9,ompl_uniform,20512010,False,False,goal_ik_design,,0.0,0.0,6.0,0.0
25,offset_c0.5_from0.2,9,cartesian_ik,20512010,False,False,goal_ik_design,,0.0,0.0,6.0,0.019242223002947867
57,distant_c0.7_from0.8,0,cartesian_ik,20831325,False,False,planning,99999,3.019970885012299,0.0,6.0,3.039656845969148
57,distant_c0.7_from0.8,0,ompl_uniform,20831325,True,True,,1,0.1722567219985649,0.02562008,0.1722567219985649,0.17357425694353878
57,distant_c0.7_from0.8,0,joint_projected,20831325,False,False,planning,99999,3.054502562037669,0.0,6.0,3.0747973560355604
57,distant_c0.7_from0.8,1,ompl_uniform,20831426,True,True,,1,0.241895008017309,0.015630384,0.241895008017309,0.24300922208931297
57,distant_c0.7_from0.8,1,cartesian_ik,20831426,False,False,planning,99999,3.0323259620927274,0.0,6.0,3.053142465883866
57,distant_c0.7_from0.8,1,joint_projected,20831426,False,False,planning,99999,3.0956621350487694,0.0,6.0,3.116225080913864
57,distant_c0.7_from0.8,2,ompl_uniform,20831527,True,True,,1,0.26353041699621826,0.009330248,0.26353041699621826,0.26480546907987446
57,distant_c0.7_from0.8,2,joint_projected,20831527,False,False,planning,99999,3.024702619994059,0.0,6.0,3.044959099031985
57,distant_c0.7_from0.8,2,cartesian_ik,20831527,False,False,planning,99999,3.1040257829008624,0.0,6.0,3.1239678169367835
57,distant_c0.7_from0.8,3,ompl_uniform,20831628,True,True,,1,0.185029722051695,0.033207501,0.185029722051695,0.18644844100344926
57,distant_c0.7_from0.8,3,joint_projected,20831628,False,False,planning,99999,3.007960435934365,0.0,6.0,3.0282472579274327
57,distant_c0.7_from0.8,3,cartesian_ik,20831628,False,False,planning,99999,3.1038235400337726,0.0,6.0,3.1235197050264105
57,distant_c0.7_from0.8,4,cartesian_ik,20831729,False,False,planning,99999,3.092782597988844,0.0,6.0,3.112979799043387
57,distant_c0.7_from0.8,4,joint_projected,20831729,False,False,planning,99999,3.094116386026144,0.0,6.0,3.1144937709905207
57,distant_c0.7_from0.8,4,ompl_uniform,20831729,True,True,,1,0.22053579799830914,0.018147422,0.22053579799830914,0.22182133805472404
57,distant_c0.7_from0.8,5,joint_projected,20831830,False,False,planning,99999,3.082625809009187,0.0,6.0,3.103228579973802
57,distant_c0.7_from0.8,5,cartesian_ik,20831830,False,False,planning,99999,3.103895502979867,0.0,6.0,3.1241150579880923
57,distant_c0.7_from0.8,5,ompl_uniform,20831830,True,True,,1,0.16792338097002357,0.0177654,0.16792338097002357,0.16924609907437116
57,distant_c0.7_from0.8,6,ompl_uniform,20831931,True,True,,1,0.09037546708714217,0.005412969,0.09037546708714217,0.09202757210005075
57,distant_c0.7_from0.8,6,joint_projected,20831931,False,False,planning,99999,3.0244464139686897,0.0,6.0,3.0446068049641326
57,distant_c0.7_from0.8,6,cartesian_ik,20831931,False,False,planning,99999,3.1045550339622423,0.0,6.0,3.124962881905958
57,distant_c0.7_from0.8,7,cartesian_ik,20832032,False,False,planning,99999,3.0935533499578014,0.0,6.0,3.1137451169779524
57,distant_c0.7_from0.8,7,ompl_uniform,20832032,True,True,,1,0.21222533902619034,0.020228367,0.21222533902619034,0.21348883700557053
57,distant_c0.7_from0.8,7,joint_projected,20832032,False,False,planning,99999,3.056964813033119,0.0,6.0,3.0770806309301406
57,distant_c0.7_from0.8,8,ompl_uniform,20832133,True,True,,1,0.18847599194850773,0.018745519,0.18847599194850773,0.18953600502572954
57,distant_c0.7_from0.8,8,cartesian_ik,20832133,True,True,,1,1.4443447050871328,1.328442572,1.4443447050871328,1.4653583079343662
57,distant_c0.7_from0.8,8,joint_projected,20832133,False,False,planning,99999,3.0801094120834023,0.0,6.0,3.1008045789785683
57,distant_c0.7_from0.8,9,joint_projected,20832234,False,False,planning,99999,3.101313410094008,0.0,6.0,3.121302636922337
57,distant_c0.7_from0.8,9,ompl_uniform,20832234,True,True,,1,0.2844063309021294,0.028830564,0.2844063309021294,0.28606807603500783
57,distant_c0.7_from0.8,9,cartesian_ik,20832234,False,False,planning,99999,3.0258347570197657,0.0,6.0,3.04605065996293
3,central_c0.5_from0.2,0,ompl_uniform,20290947,True,True,,1,0.11587553401477635,0.015299619,0.11587553401477635,0.11681739694904536
3,central_c0.5_from0.2,0,joint_projected,20290947,False,False,planning,99999,3.049119074945338,0.0,6.0,3.0702735111117363
3,central_c0.5_from0.2,0,cartesian_ik,20290947,False,False,planning,99999,3.105119696003385,0.0,6.0,3.1258674521232024
3,central_c0.5_from0.2,1,joint_projected,20291048,False,False,planning,99999,3.0864764369325712,0.0,6.0,3.1079040450276807
3,central_c0.5_from0.2,1,cartesian_ik,20291048,False,False,planning,99999,3.098971149069257,0.0,6.0,3.119399704039097
3,central_c0.5_from0.2,1,ompl_uniform,20291048,True,True,,1,0.22982565499842167,0.025171044,0.22982565499842167,0.23139448696747422
3,central_c0.5_from0.2,2,ompl_uniform,20291149,True,True,,1,0.1200569310458377,0.010410061,0.1200569310458377,0.12136552110314369
3,central_c0.5_from0.2,2,joint_projected,20291149,False,False,planning,99999,3.0717756140511483,0.0,6.0,3.092641558032483
3,central_c0.5_from0.2,2,cartesian_ik,20291149,False,False,planning,99999,3.1067342010792345,0.0,6.0,3.127973763970658
3,central_c0.5_from0.2,3,joint_projected,20291250,False,False,planning,99999,3.089083818020299,0.0,6.0,3.1093794531188905
3,central_c0.5_from0.2,3,cartesian_ik,20291250,False,False,planning,99999,3.1001224369974807,0.0,6.0,3.1217630940955132
3,central_c0.5_from0.2,3,ompl_uniform,20291250,True,True,,1,0.22117027593776584,0.013346631,0.22117027593776584,0.22255279205273837
3,central_c0.5_from0.2,4,ompl_uniform,20291351,True,True,,1,0.11774716398213059,0.020923934,0.11774716398213059,0.11934717500116676
3,central_c0.5_from0.2,4,joint_projected,20291351,False,False,planning,99999,3.093470070976764,0.0,6.0,3.1151346440892667
3,central_c0.5_from0.2,4,cartesian_ik,20291351,False,False,planning,99999,3.1047301590442657,0.0,6.0,3.125221900991164
3,central_c0.5_from0.2,5,joint_projected,20291452,False,False,planning,99999,3.0880294629605487,0.0,6.0,3.108627004083246
3,central_c0.5_from0.2,5,cartesian_ik,20291452,False,False,planning,99999,3.105402876972221,0.0,6.0,3.125803114962764
3,central_c0.5_from0.2,5,ompl_uniform,20291452,True,True,,1,0.22093767602927983,0.032446273,0.22093767602927983,0.22218982491176575
3,central_c0.5_from0.2,6,ompl_uniform,20291553,True,True,,1,0.2640968789346516,0.021387765,0.2640968789346516,0.26554675900842994
3,central_c0.5_from0.2,6,joint_projected,20291553,False,False,planning,99999,3.0948773039272055,0.0,6.0,3.115891382098198
3,central_c0.5_from0.2,6,cartesian_ik,20291553,False,False,planning,99999,3.1038010279880837,0.0,6.0,3.12487451499328
3,central_c0.5_from0.2,7,joint_projected,20291654,False,False,planning,99999,3.0880896610906348,0.0,6.0,3.1094841660233214
3,central_c0.5_from0.2,7,cartesian_ik,20291654,False,False,planning,99999,3.0993672559270635,0.0,6.0,3.1203185360645875
3,central_c0.5_from0.2,7,ompl_uniform,20291654,True,True,,1,0.15880501398351043,0.008420582,0.15880501398351043,0.1601789790438488
3,central_c0.5_from0.2,8,joint_projected,20291755,False,False,planning,99999,3.04165464208927,0.0,6.0,3.063071293057874
3,central_c0.5_from0.2,8,cartesian_ik,20291755,False,False,planning,99999,3.1032053099479526,0.0,6.0,3.123913058079779
3,central_c0.5_from0.2,8,ompl_uniform,20291755,True,True,,1,0.30670131801161915,0.026979476,0.30670131801161915,0.30793400504626334
3,central_c0.5_from0.2,9,cartesian_ik,20291856,False,False,planning,99999,3.043261563987471,0.0,6.0,3.064212215016596
3,central_c0.5_from0.2,9,joint_projected,20291856,False,False,planning,99999,3.0906273919390514,0.0,6.0,3.1115777059458196
3,central_c0.5_from0.2,9,ompl_uniform,20291856,True,True,,1,0.2441083809826523,0.0152075,0.2441083809826523,0.24537338793743402
50,distant_c0.7_from0.8,0,cartesian_ik,20761276,True,True,,1,0.17291704402305186,0.037141578,0.17291704402305186,0.19320327800232917
50,distant_c0.7_from0.8,0,joint_projected,20761276,True,True,,1,0.053036415949463844,0.022093798,0.053036415949463844,0.07372965209651738
50,distant_c0.7_from0.8,0,ompl_uniform,20761276,True,True,,1,0.20009939197916538,0.013345624,0.20009939197916538,0.20147560397163033
50,distant_c0.7_from0.8,1,cartesian_ik,20761377,True,True,,1,0.09036742791067809,0.046647942,0.09036742791067809,0.11135667806956917
50,distant_c0.7_from0.8,1,joint_projected,20761377,True,True,,1,0.05956437496934086,0.01854588,0.05956437496934086,0.08007193298544735
50,distant_c0.7_from0.8,1,ompl_uniform,20761377,True,True,,1,0.18324897706042975,0.025965349,0.18324897706042975,0.18496710900217295
50,distant_c0.7_from0.8,2,joint_projected,20761478,True,True,,1,0.07674956310074776,0.042339348,0.07674956310074776,0.09748266905080527
50,distant_c0.7_from0.8,2,cartesian_ik,20761478,True,True,,1,0.12556497904006392,0.037428547,0.12556497904006392,0.14621301903389394
50,distant_c0.7_from0.8,2,ompl_uniform,20761478,True,True,,1,0.14445642300415784,0.012499341,0.14445642300415784,0.14603490906301886
50,distant_c0.7_from0.8,3,ompl_uniform,20761579,True,True,,1,0.1644428949803114,0.009342211,0.1644428949803114,0.1662454119650647
50,distant_c0.7_from0.8,3,joint_projected,20761579,True,True,,1,0.05853353999555111,0.017065363,0.05853353999555111,0.07954025804065168
50,distant_c0.7_from0.8,3,cartesian_ik,20761579,True,True,,1,0.13882992800790817,0.010908665,0.13882992800790817,0.15913752908818424
50,distant_c0.7_from0.8,4,cartesian_ik,20761680,True,True,,1,0.1293829740025103,0.046071767,0.1293829740025103,0.15021669398993254
50,distant_c0.7_from0.8,4,ompl_uniform,20761680,True,True,,1,0.0934654789743945,0.017958014,0.0934654789743945,0.09492348600178957
50,distant_c0.7_from0.8,4,joint_projected,20761680,True,True,,1,0.05978987296111882,0.017054002,0.05978987296111882,0.08011131698731333
50,distant_c0.7_from0.8,5,cartesian_ik,20761781,True,True,,1,0.18418967304751277,0.114408844,0.18418967304751277,0.2048499780939892
50,distant_c0.7_from0.8,5,joint_projected,20761781,True,True,,1,0.0816938120406121,0.021871064,0.0816938120406121,0.10229903599247336
50,distant_c0.7_from0.8,5,ompl_uniform,20761781,True,True,,1,0.20861127704847604,0.018418764,0.20861127704847604,0.20970199489966035
50,distant_c0.7_from0.8,6,ompl_uniform,20761882,True,True,,1,0.20299785898532718,0.021716808,0.20299785898532718,0.20414437598083168
50,distant_c0.7_from0.8,6,joint_projected,20761882,True,True,,1,0.11096764099784195,0.032862465,0.11096764099784195,0.13171676499769092
50,distant_c0.7_from0.8,6,cartesian_ik,20761882,True,True,,1,0.24106117500923574,0.056146286,0.24106117500923574,0.2615496211219579
50,distant_c0.7_from0.8,7,cartesian_ik,20761983,True,True,,1,0.13252899202052504,0.016366327,0.13252899202052504,0.15297102613840252
50,distant_c0.7_from0.8,7,ompl_uniform,20761983,True,True,,1,0.20952935004606843,0.017449198,0.20952935004606843,0.21116671105846763
50,distant_c0.7_from0.8,7,joint_projected,20761983,True,True,,1,0.12461131007876247,0.046562309,0.12461131007876247,0.1454552949871868
50,distant_c0.7_from0.8,8,joint_projected,20762084,True,True,,1,0.07292722398415208,0.021461073,0.07292722398415208,0.09362440695986152
50,distant_c0.7_from0.8,8,cartesian_ik,20762084,True,True,,1,0.1370164949912578,0.053331774,0.1370164949912578,0.15718601807020605
50,distant_c0.7_from0.8,8,ompl_uniform,20762084,True,True,,1,0.1618333130609244,0.034883555,0.1618333130609244,0.16343350696843117
50,distant_c0.7_from0.8,9,cartesian_ik,20762185,True,True,,1,0.04316507501062006,0.018373148,0.04316507501062006,0.06377188803162426
50,distant_c0.7_from0.8,9,ompl_uniform,20762185,True,True,,1,0.18800447089597583,0.02797429,0.18800447089597583,0.18933220603503287
50,distant_c0.7_from0.8,9,joint_projected,20762185,True,True,,1,0.04498532705474645,0.014897068,0.04498532705474645,0.06564951804466546
18,central_c0.7_from0.8,0,ompl_uniform,20441052,False,False,goal_ik_design,,0.0,0.0,6.0,0.0
18,central_c0.7_from0.8,0,cartesian_ik,20441052,False,False,goal_ik_design,,0.0,0.0,6.0,0.018402801011689007
18,central_c0.7_from0.8,0,joint_projected,20441052,False,False,goal_ik_design,,0.0,0.0,6.0,0.018402801011689007
18,central_c0.7_from0.8,1,ompl_uniform,20441153,False,False,goal_ik_design,,0.0,0.0,6.0,0.0
18,central_c0.7_from0.8,1,cartesian_ik,20441153,False,False,goal_ik_design,,0.0,0.0,6.0,0.018402801011689007
18,central_c0.7_from0.8,1,joint_projected,20441153,False,False,goal_ik_design,,0.0,0.0,6.0,0.018402801011689007
18,central_c0.7_from0.8,2,cartesian_ik,20441254,False,False,goal_ik_design,,0.0,0.0,6.0,0.018402801011689007
18,central_c0.7_from0.8,2,joint_projected,20441254,False,False,goal_ik_design,,0.0,0.0,6.0,0.018402801011689007
18,central_c0.7_from0.8,2,ompl_uniform,20441254,False,False,goal_ik_design,,0.0,0.0,6.0,0.0
18,central_c0.7_from0.8,3,cartesian_ik,20441355,False,False,goal_ik_design,,0.0,0.0,6.0,0.018402801011689007
18,central_c0.7_from0.8,3,joint_projected,20441355,False,False,goal_ik_design,,0.0,0.0,6.0,0.018402801011689007
18,central_c0.7_from0.8,3,ompl_uniform,20441355,False,False,goal_ik_design,,0.0,0.0,6.0,0.0
18,central_c0.7_from0.8,4,joint_projected,20441456,False,False,goal_ik_design,,0.0,0.0,6.0,0.018402801011689007
18,central_c0.7_from0.8,4,cartesian_ik,20441456,False,False,goal_ik_design,,0.0,0.0,6.0,0.018402801011689007
18,central_c0.7_from0.8,4,ompl_uniform,20441456,False,False,goal_ik_design,,0.0,0.0,6.0,0.0
18,central_c0.7_from0.8,5,joint_projected,20441557,False,False,goal_ik_design,,0.0,0.0,6.0,0.018402801011689007
18,central_c0.7_from0.8,5,cartesian_ik,20441557,False,False,goal_ik_design,,0.0,0.0,6.0,0.018402801011689007
18,central_c0.7_from0.8,5,ompl_uniform,20441557,False,False,goal_ik_design,,0.0,0.0,6.0,0.0
18,central_c0.7_from0.8,6,cartesian_ik,20441658,False,False,goal_ik_design,,0.0,0.0,6.0,0.018402801011689007
18,central_c0.7_from0.8,6,joint_projected,20441658,False,False,goal_ik_design,,0.0,0.0,6.0,0.018402801011689007
18,central_c0.7_from0.8,6,ompl_uniform,20441658,False,False,goal_ik_design,,0.0,0.0,6.0,0.0
18,central_c0.7_from0.8,7,ompl_uniform,20441759,False,False,goal_ik_design,,0.0,0.0,6.0,0.0
18,central_c0.7_from0.8,7,joint_projected,20441759,False,False,goal_ik_design,,0.0,0.0,6.0,0.018402801011689007
18,central_c0.7_from0.8,7,cartesian_ik,20441759,False,False,goal_ik_design,,0.0,0.0,6.0,0.018402801011689007
18,central_c0.7_from0.8,8,ompl_uniform,20441860,False,False,goal_ik_design,,0.0,0.0,6.0,0.0
18,central_c0.7_from0.8,8,joint_projected,20441860,False,False,goal_ik_design,,0.0,0.0,6.0,0.018402801011689007
18,central_c0.7_from0.8,8,cartesian_ik,20441860,False,False,goal_ik_design,,0.0,0.0,6.0,0.018402801011689007
18,central_c0.7_from0.8,9,ompl_uniform,20441961,False,False,goal_ik_design,,0.0,0.0,6.0,0.0
18,central_c0.7_from0.8,9,cartesian_ik,20441961,False,False,goal_ik_design,,0.0,0.0,6.0,0.018402801011689007
18,central_c0.7_from0.8,9,joint_projected,20441961,False,False,goal_ik_design,,0.0,0.0,6.0,0.018402801011689007
34,offset_c0.7_from0.8,0,ompl_uniform,20601164,False,False,goal_ik_design,,0.0,0.0,6.0,0.0
34,offset_c0.7_from0.8,0,cartesian_ik,20601164,False,False,goal_ik_design,,0.0,0.0,6.0,0.018328691949136555
34,offset_c0.7_from0.8,0,joint_projected,20601164,False,False,goal_ik_design,,0.0,0.0,6.0,0.018328691949136555
34,offset_c0.7_from0.8,1,joint_projected,20601265,False,False,goal_ik_design,,0.0,0.0,6.0,0.018328691949136555
34,offset_c0.7_from0.8,1,ompl_uniform,20601265,False,False,goal_ik_design,,0.0,0.0,6.0,0.0
34,offset_c0.7_from0.8,1,cartesian_ik,20601265,False,False,goal_ik_design,,0.0,0.0,6.0,0.018328691949136555
34,offset_c0.7_from0.8,2,cartesian_ik,20601366,False,False,goal_ik_design,,0.0,0.0,6.0,0.018328691949136555
34,offset_c0.7_from0.8,2,ompl_uniform,20601366,False,False,goal_ik_design,,0.0,0.0,6.0,0.0
34,offset_c0.7_from0.8,2,joint_projected,20601366,False,False,goal_ik_design,,0.0,0.0,6.0,0.018328691949136555
34,offset_c0.7_from0.8,3,ompl_uniform,20601467,False,False,goal_ik_design,,0.0,0.0,6.0,0.0
34,offset_c0.7_from0.8,3,cartesian_ik,20601467,False,False,goal_ik_design,,0.0,0.0,6.0,0.018328691949136555
34,offset_c0.7_from0.8,3,joint_projected,20601467,False,False,goal_ik_design,,0.0,0.0,6.0,0.018328691949136555
34,offset_c0.7_from0.8,4,joint_projected,20601568,False,False,goal_ik_design,,0.0,0.0,6.0,0.018328691949136555
34,offset_c0.7_from0.8,4,cartesian_ik,20601568,False,False,goal_ik_design,,0.0,0.0,6.0,0.018328691949136555
34,offset_c0.7_from0.8,4,ompl_uniform,20601568,False,False,goal_ik_design,,0.0,0.0,6.0,0.0
34,offset_c0.7_from0.8,5,cartesian_ik,20601669,False,False,goal_ik_design,,0.0,0.0,6.0,0.018328691949136555
34,offset_c0.7_from0.8,5,ompl_uniform,20601669,False,False,goal_ik_design,,0.0,0.0,6.0,0.0
34,offset_c0.7_from0.8,5,joint_projected,20601669,False,False,goal_ik_design,,0.0,0.0,6.0,0.018328691949136555
34,offset_c0.7_from0.8,6,cartesian_ik,20601770,False,False,goal_ik_design,,0.0,0.0,6.0,0.018328691949136555
34,offset_c0.7_from0.8,6,joint_projected,20601770,False,False,goal_ik_design,,0.0,0.0,6.0,0.018328691949136555
34,offset_c0.7_from0.8,6,ompl_uniform,20601770,False,False,goal_ik_design,,0.0,0.0,6.0,0.0
34,offset_c0.7_from0.8,7,ompl_uniform,20601871,False,False,goal_ik_design,,0.0,0.0,6.0,0.0
34,offset_c0.7_from0.8,7,joint_projected,20601871,False,False,goal_ik_design,,0.0,0.0,6.0,0.018328691949136555
34,offset_c0.7_from0.8,7,cartesian_ik,20601871,False,False,goal_ik_design,,0.0,0.0,6.0,0.018328691949136555
34,offset_c0.7_from0.8,8,ompl_uniform,20601972,False,False,goal_ik_design,,0.0,0.0,6.0,0.0
34,offset_c0.7_from0.8,8,cartesian_ik,20601972,False,False,goal_ik_design,,0.0,0.0,6.0,0.018328691949136555
34,offset_c0.7_from0.8,8,joint_projected,20601972,False,False,goal_ik_design,,0.0,0.0,6.0,0.018328691949136555
34,offset_c0.7_from0.8,9,joint_projected,20602073,False,False,goal_ik_design,,0.0,0.0,6.0,0.018328691949136555
34,offset_c0.7_from0.8,9,ompl_uniform,20602073,False,False,goal_ik_design,,0.0,0.0,6.0,0.0
34,offset_c0.7_from0.8,9,cartesian_ik,20602073,False,False,goal_ik_design,,0.0,0.0,6.0,0.018328691949136555
45,distant_c0.5_from0.2,0,cartesian_ik,20711241,True,True,,1,0.12881995202042162,0.032292873,0.12881995202042162,0.14902173401787877
45,distant_c0.5_from0.2,0,joint_projected,20711241,True,True,,1,0.1207537860609591,0.042886258,0.1207537860609591,0.14155636192299426
45,distant_c0.5_from0.2,0,ompl_uniform,20711241,True,True,,1,0.2780260139843449,0.021932804,0.2780260139843449,0.27972928900271654
45,distant_c0.5_from0.2,1,joint_projected,20711342,True,True,,1,0.06472755700815469,0.018010178,0.06472755700815469,0.0854776109335944
45,distant_c0.5_from0.2,1,ompl_uniform,20711342,True,True,,1,0.1949337680125609,0.024851397,0.1949337680125609,0.196137654944323
45,distant_c0.5_from0.2,1,cartesian_ik,20711342,True,True,,1,0.15897766803391278,0.046822338,0.15897766803391278,0.17944190208800137
45,distant_c0.5_from0.2,2,ompl_uniform,20711443,True,True,,1,0.14120779396034777,0.030002794,0.14120779396034777,0.14306744700297713
45,distant_c0.5_from0.2,2,cartesian_ik,20711443,True,True,,1,0.18138027202803642,0.039842612,0.18138027202803642,0.20181941299233586
45,distant_c0.5_from0.2,2,joint_projected,20711443,True,True,,1,0.11191253003198653,0.022014081,0.11191253003198653,0.13242208200972527
45,distant_c0.5_from0.2,3,joint_projected,20711544,True,True,,1,0.12149166106246412,0.014470241,0.12149166106246412,0.14211928204167634
45,distant_c0.5_from0.2,3,ompl_uniform,20711544,True,True,,1,0.15089491300750524,0.007540553,0.15089491300750524,0.15266154892742634
45,distant_c0.5_from0.2,3,cartesian_ik,20711544,True,True,,1,0.07858647301327437,0.023153251,0.07858647301327437,0.09919870202429593
45,distant_c0.5_from0.2,4,cartesian_ik,20711645,True,True,,1,0.17665259703062475,0.037119842,0.17665259703062475,0.19780828105285764
45,distant_c0.5_from0.2,4,joint_projected,20711645,True,True,,1,0.02861880394630134,0.006332268,0.02861880394630134,0.04939805902540684
45,distant_c0.5_from0.2,4,ompl_uniform,20711645,True,True,,1,0.09004216699395329,0.01547479,0.09004216699395329,0.09156682493630797
45,distant_c0.5_from0.2,5,ompl_uniform,20711746,True,True,,1,0.176894090953283,0.016759785,0.176894090953283,0.17847778007853776
45,distant_c0.5_from0.2,5,cartesian_ik,20711746,True,True,,1,0.09025213401764631,0.035101769,0.09025213401764631,0.11079916800372303
45,distant_c0.5_from0.2,5,joint_projected,20711746,True,True,,1,0.12186744005884975,0.022307755,0.12186744005884975,0.1430594710400328
45,distant_c0.5_from0.2,6,cartesian_ik,20711847,True,True,,1,0.10483660793397576,0.01188667,0.10483660793397576,0.12569833197630942
45,distant_c0.5_from0.2,6,ompl_uniform,20711847,True,True,,1,0.21314224507659674,0.024602563,0.21314224507659674,0.21437694900669158
45,distant_c0.5_from0.2,6,joint_projected,20711847,True,True,,1,0.10866455303039402,0.011650817,0.10866455303039402,0.12969861808232963
45,distant_c0.5_from0.2,7,ompl_uniform,20711948,True,True,,1,0.07252003299072385,0.009865294,0.07252003299072385,0.07393796602264047
45,distant_c0.5_from0.2,7,cartesian_ik,20711948,True,True,,1,0.1563989989226684,0.029805851,0.1563989989226684,0.17665841802954674
45,distant_c0.5_from0.2,7,joint_projected,20711948,True,True,,1,0.03289939393289387,0.020505024,0.03289939393289387,0.052917915978468955
45,distant_c0.5_from0.2,8,joint_projected,20712049,True,True,,1,0.04692520201206207,0.016122477,0.04692520201206207,0.06732868601102382
45,distant_c0.5_from0.2,8,ompl_uniform,20712049,True,True,,1,0.10235477308742702,0.021024885,0.10235477308742702,0.10372111503966153
45,distant_c0.5_from0.2,8,cartesian_ik,20712049,True,True,,1,0.04264514893293381,0.023243904,0.04264514893293381,0.06324192904867232
45,distant_c0.5_from0.2,9,joint_projected,20712150,True,True,,1,0.027721678954549134,0.013981339,0.027721678954549134,0.048296825028955936
45,distant_c0.5_from0.2,9,cartesian_ik,20712150,True,True,,1,0.14905965409707278,0.013478221,0.14905965409707278,0.16912193701136857
45,distant_c0.5_from0.2,9,ompl_uniform,20712150,True,True,,1,0.11173488106578588,0.012354141,0.11173488106578588,0.11323521099984646
