environment,stratum,repeat,mode,seed,success,planner_success,failure_stage,error_code,action_wall_s,moveit_planning_s,par2_s,end_to_end_wall_s
24,offset_c0.5_from0.2,0,ompl_uniform,20501095,True,True,,1,0.1683083059033379,0.009918112,0.1683083059033379,0.16948737390339375
24,offset_c0.5_from0.2,0,cartesian_ik,20501095,True,True,,1,0.04022345202974975,0.00868145,0.04022345202974975,0.06053277407772839
24,offset_c0.5_from0.2,0,joint_projected,20501095,True,True,,1,0.06069091195240617,0.017716504,0.06069091195240617,0.08068487804848701
24,offset_c0.5_from0.2,1,cartesian_ik,20501196,True,True,,1,0.10445123899262398,0.008404581,0.10445123899262398,0.12411218718625605
24,offset_c0.5_from0.2,1,ompl_uniform,20501196,True,True,,1,0.11336840793956071,0.011364362,0.11336840793956071,0.11459542403463274
24,offset_c0.5_from0.2,1,joint_projected,20501196,True,True,,1,0.1462632130132988,0.033530117,0.1462632130132988,0.16615499812178314
24,offset_c0.5_from0.2,2,joint_projected,20501297,True,True,,1,0.0632293940288946,0.020649446,0.0632293940288946,0.08303296007215977
24,offset_c0.5_from0.2,2,cartesian_ik,20501297,True,True,,1,0.04003039002418518,0.006233603,0.04003039002418518,0.06056578306015581
24,offset_c0.5_from0.2,2,ompl_uniform,20501297,True,True,,1,0.14513535995502025,0.014211467,0.14513535995502025,0.146658981917426
24,offset_c0.5_from0.2,3,ompl_uniform,20501398,True,True,,1,0.09273609996307641,0.019593373,0.09273609996307641,0.09441887598950416
24,offset_c0.5_from0.2,3,cartesian_ik,20501398,True,True,,1,0.073461375082843,0.013017368,0.073461375082843,0.09438209305517375
24,offset_c0.5_from0.2,3,joint_projected,20501398,True,True,,1,0.14245209004729986,0.036994511,0.14245209004729986,0.16250456508714706
24,offset_c0.5_from0.2,4,cartesian_ik,20501499,True,True,,1,0.05815438798163086,0.021516489,0.05815438798163086,0.07820180407725275
24,offset_c0.5_from0.2,4,ompl_uniform,20501499,True,True,,1,0.1395208960166201,0.016950305,0.1395208960166201,0.1413573840400204
24,offset_c0.5_from0.2,4,joint_projected,20501499,True,True,,1,0.1396010189782828,0.02076097,0.1396010189782828,0.1601254710694775
39,offset_c0.7_from0.8,0,cartesian_ik,20651200,True,True,,1,0.13706493901554495,0.0351817,0.13706493901554495,0.15747960796579719
39,offset_c0.7_from0.8,0,joint_projected,20651200,True,True,,1,0.12564607593230903,0.017326605,0.12564607593230903,0.14680611086077988
39,offset_c0.7_from0.8,0,ompl_uniform,20651200,True,True,,1,0.1659261389868334,0.009879093,0.1659261389868334,0.16755594301503152
39,offset_c0.7_from0.8,1,joint_projected,20651301,True,True,,1,0.02358393103349954,0.009353893,0.02358393103349954,0.0442842289339751
39,offset_c0.7_from0.8,1,cartesian_ik,20651301,True,True,,1,0.1220448330277577,0.03254372,0.1220448330277577,0.14316503086593002
39,offset_c0.7_from0.8,1,ompl_uniform,20651301,True,True,,1,0.20457382895983756,0.03306436,0.20457382895983756,0.20594262098893523
39,offset_c0.7_from0.8,2,cartesian_ik,20651402,True,True,,1,0.06242046901024878,0.0277034,0.06242046901024878,0.08324506285134703
39,offset_c0.7_from0.8,2,ompl_uniform,20651402,True,True,,1,0.14318161993287504,0.015272147,0.14318161993287504,0.14443039894104004
39,offset_c0.7_from0.8,2,joint_projected,20651402,True,True,,1,0.13285641407128423,0.020214971,0.13285641407128423,0.15433155989740044
39,offset_c0.7_from0.8,3,cartesian_ik,20651503,True,True,,1,0.08852038800250739,0.028842676,0.08852038800250739,0.10978759604040533
39,offset_c0.7_from0.8,3,joint_projected,20651503,True,True,,1,0.09551103296689689,0.023789012,0.09551103296689689,0.11581532086711377
39,offset_c0.7_from0.8,3,ompl_uniform,20651503,True,True,,1,0.10012156795710325,0.021623155,0.10012156795710325,0.10173426498658955
39,offset_c0.7_from0.8,4,joint_projected,20651604,True,True,,1,0.1413362950552255,0.036646624,0.1413362950552255,0.16256549290847033
39,offset_c0.7_from0.8,4,cartesian_ik,20651604,True,True,,1,0.15265857602935284,0.03704612,0.15265857602935284,0.17335015500430018
39,offset_c0.7_from0.8,4,ompl_uniform,20651604,True,True,,1,0.11626980896107852,0.011965507,0.11626980896107852,0.11754576803650707
30,offset_c0.7_from0.8,0,cartesian_ik,20561137,True,True,,1,0.12204714096151292,0.024510752,0.12204714096151292,0.1430395650677383
30,offset_c0.7_from0.8,0,ompl_uniform,20561137,True,True,,1,0.09963057900313288,0.028636128,0.09963057900313288,0.10113315796479583
30,offset_c0.7_from0.8,0,joint_projected,20561137,True,True,,1,0.13915327994618565,0.024641899,0.13915327994618565,0.16000909509602934
30,offset_c0.7_from0.8,1,ompl_uniform,20561238,True,True,,1,0.11353849107399583,0.010171228,0.11353849107399583,0.11482258001342416
30,offset_c0.7_from0.8,1,joint_projected,20561238,True,True,,1,0.16150261904112995,0.039693341,0.16150261904112995,0.18253671715501696
30,offset_c0.7_from0.8,1,cartesian_ik,20561238,True,True,,1,0.24279489705804735,0.048862913,0.24279489705804735,0.26445189001969993
30,offset_c0.7_from0.8,2,cartesian_ik,20561339,True,True,,1,0.1178340109763667,0.034015684,0.1178340109763667,0.1391472480027005
30,offset_c0.7_from0.8,2,ompl_uniform,20561339,True,True,,1,0.13978155294898897,0.010187626,0.13978155294898897,0.14146857103332877
30,offset_c0.7_from0.8,2,joint_projected,20561339,True,True,,1,0.09682778199203312,0.023747838,0.09682778199203312,0.1175638590939343
30,offset_c0.7_from0.8,3,ompl_uniform,20561440,True,True,,1,0.1453234750078991,0.015885397,0.1453234750078991,0.14688663196284324
30,offset_c0.7_from0.8,3,cartesian_ik,20561440,True,True,,1,0.17435616604052484,0.038214723,0.17435616604052484,0.19547558203339577
30,offset_c0.7_from0.8,3,joint_projected,20561440,True,True,,1,0.09430716594215482,0.029701485,0.09430716594215482,0.11505694105289876
30,offset_c0.7_from0.8,4,ompl_uniform,20561541,True,True,,1,0.12893611600156873,0.028584462,0.12893611600156873,0.13017203996423632
30,offset_c0.7_from0.8,4,joint_projected,20561541,True,True,,1,0.09920222300570458,0.04085011,0.09920222300570458,0.12012867105659097
30,offset_c0.7_from0.8,4,cartesian_ik,20561541,True,True,,1,0.17930270195938647,0.047047483,0.17930270195938647,0.20051212899852544
18,central_c0.7_from0.8,0,ompl_uniform,20441053,True,True,,1,0.1518661679001525,0.03545844,0.1518661679001525,0.15310732193756849
18,central_c0.7_from0.8,0,joint_projected,20441053,True,True,,1,0.12861783092375845,0.027440611,0.12861783092375845,0.14907153800595552
18,central_c0.7_from0.8,0,cartesian_ik,20441053,True,True,,1,0.1809950020397082,0.040865693,0.1809950020397082,0.20176945894490927
18,central_c0.7_from0.8,1,joint_projected,20441154,True,True,,1,0.13964902493171394,0.056100245,0.13964902493171394,0.16029443708248436
18,central_c0.7_from0.8,1,ompl_uniform,20441154,True,True,,1,0.17086838092654943,0.032077464,0.17086838092654943,0.17224043002352118
18,central_c0.7_from0.8,1,cartesian_ik,20441154,True,True,,1,0.20398293202742934,0.040585136,0.20398293202742934,0.22515677800402045
18,central_c0.7_from0.8,2,joint_projected,20441255,True,True,,1,0.15698566706851125,0.032614891,0.15698566706851125,0.17834471294190735
18,central_c0.7_from0.8,2,cartesian_ik,20441255,True,True,,1,0.10100426594726741,0.017449026,0.10100426594726741,0.12151213502511382
18,central_c0.7_from0.8,2,ompl_uniform,20441255,True,True,,1,0.14047005295287818,0.02869473,0.14047005295287818,0.14193498704116791
18,central_c0.7_from0.8,3,cartesian_ik,20441356,True,True,,1,0.1192790960194543,0.034719175,0.1192790960194543,0.13975351606495678
18,central_c0.7_from0.8,3,joint_projected,20441356,True,True,,1,0.22055026597809047,0.049184586,0.22055026597809047,0.24075931101106107
18,central_c0.7_from0.8,3,ompl_uniform,20441356,True,True,,1,0.18413784797303379,0.009528178,0.18413784797303379,0.18560231698211282
18,central_c0.7_from0.8,4,cartesian_ik,20441457,True,True,,1,0.09039349900558591,0.018384666,0.09039349900558591,0.11132417502813041
18,central_c0.7_from0.8,4,ompl_uniform,20441457,True,True,,1,0.12905770493671298,0.017595817,0.12905770493671298,0.13105328904930502
18,central_c0.7_from0.8,4,joint_projected,20441457,True,True,,1,0.044645035988651216,0.024396634,0.044645035988651216,0.0654249070212245
35,offset_c0.7_from0.8,0,joint_projected,20611172,True,True,,1,0.19651620695367455,0.028699026,0.19651620695367455,0.2177776729222387
35,offset_c0.7_from0.8,0,cartesian_ik,20611172,True,True,,1,0.11978824704419822,0.044076288,0.11978824704419822,0.1402097069658339
35,offset_c0.7_from0.8,0,ompl_uniform,20611172,True,True,,1,0.18049713096115738,0.016503573,0.18049713096115738,0.1819509050110355
35,offset_c0.7_from0.8,1,cartesian_ik,20611273,True,True,,1,0.16981398907955736,0.021839903,0.16981398907955736,0.19084522395860404
35,offset_c0.7_from0.8,1,joint_projected,20611273,True,True,,1,0.07222045701928437,0.0120938,0.07222045701928437,0.09315268788486719
35,offset_c0.7_from0.8,1,ompl_uniform,20611273,True,True,,1,0.22661434393376112,0.016726027,0.22661434393376112,0.22845108609180897
35,offset_c0.7_from0.8,2,ompl_uniform,20611374,True,True,,1,0.13193953200243413,0.010466788,0.13193953200243413,0.13390321901533753
35,offset_c0.7_from0.8,2,joint_projected,20611374,True,True,,1,0.10842375201173127,0.033152252,0.10842375201173127,0.12918983795680106
35,offset_c0.7_from0.8,2,cartesian_ik,20611374,True,True,,1,0.11741392104886472,0.02101215,0.11741392104886472,0.13867007393855602
35,offset_c0.7_from0.8,3,ompl_uniform,20611475,True,True,,1,0.1402067969320342,0.032801254,0.1402067969320342,0.14144995203241706
35,offset_c0.7_from0.8,3,cartesian_ik,20611475,True,True,,1,0.12706095399335027,0.019177184,0.12706095399335027,0.14805927698034793
35,offset_c0.7_from0.8,3,joint_projected,20611475,True,True,,1,0.07626085891388357,0.039903719,0.07626085891388357,0.09628506691660732
35,offset_c0.7_from0.8,4,cartesian_ik,20611576,True,True,,1,0.14671408897265792,0.02190369,0.14671408897265792,0.16735196893569082
35,offset_c0.7_from0.8,4,ompl_uniform,20611576,True,True,,1,0.14158855704590678,0.005836929,0.14158855704590678,0.14338463102467358
35,offset_c0.7_from0.8,4,joint_projected,20611576,True,True,,1,0.19115152803715318,0.032938091,0.19115152803715318,0.21245103189721704
16,central_c0.7_from0.8,0,cartesian_ik,20421039,True,True,,1,0.034933704999275506,0.019220883,0.034933704999275506,0.054558521951548755
16,central_c0.7_from0.8,0,ompl_uniform,20421039,True,True,,1,0.1731911599636078,0.009812508,0.1731911599636078,0.17479406401980668
16,central_c0.7_from0.8,0,joint_projected,20421039,True,True,,1,0.20544249599333853,0.034800397,0.20544249599333853,0.2255072419065982
16,central_c0.7_from0.8,1,joint_projected,20421140,True,True,,1,0.14327848504763097,0.02687882,0.14327848504763097,0.16335416387300938
16,central_c0.7_from0.8,1,cartesian_ik,20421140,True,True,,1,0.18487451202236116,0.035129402,0.18487451202236116,0.20541336992755532
16,central_c0.7_from0.8,1,ompl_uniform,20421140,True,True,,1,0.11243248800747097,0.01036012,0.11243248800747097,0.11341355799231678
16,central_c0.7_from0.8,2,cartesian_ik,20421241,True,True,,1,0.1292660409817472,0.034127763,0.1292660409817472,0.14950052392669022
16,central_c0.7_from0.8,2,ompl_uniform,20421241,True,True,,1,0.1532214239705354,0.014429886,0.1532214239705354,0.15445972105953842
16,central_c0.7_from0.8,2,joint_projected,20421241,True,True,,1,0.18966800102498382,0.033776778,0.18966800102498382,0.2099743529688567
16,central_c0.7_from0.8,3,cartesian_ik,20421342,True,True,,1,0.19638090499211103,0.033062106,0.19638090499211103,0.21610020101070404
16,central_c0.7_from0.8,3,joint_projected,20421342,True,True,,1,0.25135768204927444,0.024437243,0.25135768204927444,0.2716163039440289
16,central_c0.7_from0.8,3,ompl_uniform,20421342,True,True,,1,0.1629705139202997,0.032568306,0.1629705139202997,0.16414576396346092
16,central_c0.7_from0.8,4,cartesian_ik,20421443,True,True,,1,0.19911258399952203,0.012573317,0.19911258399952203,0.2199753939639777
16,central_c0.7_from0.8,4,joint_projected,20421443,True,True,,1,0.18213643901981413,0.043372478,0.18213643901981413,0.20260865800082684
16,central_c0.7_from0.8,4,ompl_uniform,20421443,True,True,,1,0.2168581400765106,0.021958005,0.2168581400765106,0.2183323409408331
11,central_c0.7_from0.8,0,cartesian_ik,20371004,True,True,,1,0.11821987107396126,0.024562854,0.11821987107396126,0.13827349501661956
11,central_c0.7_from0.8,0,ompl_uniform,20371004,True,True,,1,0.12419916200451553,0.01490365,0.12419916200451553,0.12575905199628323
11,central_c0.7_from0.8,0,joint_projected,20371004,True,True,,1,0.2653597129974514,0.030484451,0.2653597129974514,0.28645436104852706
11,central_c0.7_from0.8,1,joint_projected,20371105,True,True,,1,0.1337184440344572,0.038061114,0.1337184440344572,0.15417119103949517
11,central_c0.7_from0.8,1,ompl_uniform,20371105,True,True,,1,0.16547155193984509,0.033950036,0.16547155193984509,0.16709552996326238
11,central_c0.7_from0.8,1,cartesian_ik,20371105,True,True,,1,0.1355257830582559,0.056221746,0.1355257830582559,0.15652889700140804
11,central_c0.7_from0.8,2,joint_projected,20371206,True,True,,1,0.26293995999731123,0.026440835,0.26293995999731123,0.2841378559824079
11,central_c0.7_from0.8,2,cartesian_ik,20371206,True,True,,1,0.12947626097593457,0.076980703,0.12947626097593457,0.1498344170395285
11,central_c0.7_from0.8,2,ompl_uniform,20371206,True,True,,1,0.15684610500466079,0.009799339,0.15684610500466079,0.1583072510547936
11,central_c0.7_from0.8,3,joint_projected,20371307,True,True,,1,0.11042424198240042,0.029254353,0.11042424198240042,0.13102935499045998
11,central_c0.7_from0.8,3,ompl_uniform,20371307,True,True,,1,0.1366201980272308,0.021660453,0.1366201980272308,0.13794361206237227
11,central_c0.7_from0.8,3,cartesian_ik,20371307,True,True,,1,0.18369439302477986,0.057704133,0.18369439302477986,0.20388083602301776
11,central_c0.7_from0.8,4,cartesian_ik,20371408,True,True,,1,0.24021900002844632,0.07269223,0.24021900002844632,0.2608610331080854
11,central_c0.7_from0.8,4,joint_projected,20371408,True,True,,1,0.1485724200028926,0.032908388,0.1485724200028926,0.1694909620564431
11,central_c0.7_from0.8,4,ompl_uniform,20371408,True,True,,1,0.14176226209383458,0.010928075,0.14176226209383458,0.14292822091374546
14,central_c0.7_from0.8,0,joint_projected,20401025,True,True,,1,0.12992696394212544,0.035369611,0.12992696394212544,0.1501819179393351
14,central_c0.7_from0.8,0,ompl_uniform,20401025,True,True,,1,0.15264392003882676,0.020815193,0.15264392003882676,0.15394797699991614
14,central_c0.7_from0.8,0,cartesian_ik,20401025,True,True,,1,0.13069503591395915,0.041871915,0.13069503591395915,0.15087677701376379
14,central_c0.7_from0.8,1,ompl_uniform,20401126,True,True,,1,0.1539408959215507,0.017774761,0.1539408959215507,0.15550826594699174
14,central_c0.7_from0.8,1,cartesian_ik,20401126,True,True,,1,0.1190161689883098,0.011762345,0.1190161689883098,0.13984987989533693
14,central_c0.7_from0.8,1,joint_projected,20401126,True,True,,1,0.0725508420728147,0.022912161,0.0725508420728147,0.09242271399125457
14,central_c0.7_from0.8,2,cartesian_ik,20401227,True,True,,1,0.15519238996785134,0.05689038,0.15519238996785134,0.1753329710336402
14,central_c0.7_from0.8,2,joint_projected,20401227,False,False,planning,99999,3.052609651000239,0.0,6.0,3.0725879879901186
14,central_c0.7_from0.8,2,ompl_uniform,20401227,True,True,,1,0.20650520001072437,0.021537472,0.20650520001072437,0.20800632797181606
14,central_c0.7_from0.8,3,cartesian_ik,20401328,True,True,,1,0.1486000269651413,0.066483665,0.1486000269651413,0.16939421591814607
14,central_c0.7_from0.8,3,joint_projected,20401328,True,True,,1,0.15323982993140817,0.032578661,0.15323982993140817,0.173963546869345
14,central_c0.7_from0.8,3,ompl_uniform,20401328,True,True,,1,0.25219529599417,0.026617597,0.25219529599417,0.25420440500602126
14,central_c0.7_from0.8,4,cartesian_ik,20401429,True,True,,1,0.15927138202823699,0.039002097,0.15927138202823699,0.17971503792796284
14,central_c0.7_from0.8,4,joint_projected,20401429,True,True,,1,0.19375659199431539,0.032221564,0.19375659199431539,0.21425246796570718
14,central_c0.7_from0.8,4,ompl_uniform,20401429,True,True,,1,0.31077436404302716,0.014648269,0.31077436404302716,0.3122549159452319
5,central_c0.5_from0.2,0,joint_projected,20310962,True,True,,1,0.07360196392983198,0.013712048,0.07360196392983198,0.0939628139603883
5,central_c0.5_from0.2,0,cartesian_ik,20310962,True,True,,1,0.09108754794578999,0.011363107,0.09108754794578999,0.11128199798986316
5,central_c0.5_from0.2,0,ompl_uniform,20310962,True,True,,1,0.1701724169543013,0.023151603,0.1701724169543013,0.1715061479480937
5,central_c0.5_from0.2,1,cartesian_ik,20311063,True,True,,1,0.12153616291470826,0.047395961,0.12153616291470826,0.14198184898123145
5,central_c0.5_from0.2,1,ompl_uniform,20311063,True,True,,1,0.15658637695014477,0.020857557,0.15658637695014477,0.15819807501975447
5,central_c0.5_from0.2,1,joint_projected,20311063,True,True,,1,0.17242276202887297,0.020828582,0.17242276202887297,0.1937505529494956
5,central_c0.5_from0.2,2,cartesian_ik,20311164,True,True,,1,0.09828883805312216,0.025551879,0.09828883805312216,0.11906779697164893
5,central_c0.5_from0.2,2,joint_projected,20311164,True,True,,1,0.0848772170720622,0.015182452,0.0848772170720622,0.10568252892699093
5,central_c0.5_from0.2,2,ompl_uniform,20311164,True,True,,1,0.17466598597820848,0.035532871,0.17466598597820848,0.17608901602216065
5,central_c0.5_from0.2,3,ompl_uniform,20311265,True,True,,1,0.11454951390624046,0.022948145,0.11454951390624046,0.11588825995568186
5,central_c0.5_from0.2,3,joint_projected,20311265,True,True,,1,0.17220283509232104,0.049402974,0.17220283509232104,0.19279160199221224
5,central_c0.5_from0.2,3,cartesian_ik,20311265,True,True,,1,0.14778455707710236,0.035073334,0.14778455707710236,0.168604773003608
5,central_c0.5_from0.2,4,ompl_uniform,20311366,True,True,,1,0.10571314103435725,0.017844471,0.10571314103435725,0.10704851499758661
5,central_c0.5_from0.2,4,joint_projected,20311366,True,True,,1,0.11078843800351024,0.019393985,0.11078843800351024,0.1321054029976949
5,central_c0.5_from0.2,4,cartesian_ik,20311366,True,True,,1,0.3091240159701556,0.039908457,0.3091240159701556,0.3304344719508663
1,central_c0.5_from0.2,0,joint_projected,20270934,True,True,,1,0.0998716689646244,0.022999391,0.0998716689646244,0.1210425749886781
1,central_c0.5_from0.2,0,ompl_uniform,20270934,True,True,,1,0.11440923600457609,0.007711442,0.11440923600457609,0.11583213892299682
1,central_c0.5_from0.2,0,cartesian_ik,20270934,True,True,,1,0.0699915629811585,0.027563008,0.0699915629811585,0.09101919899694622
1,central_c0.5_from0.2,1,cartesian_ik,20271035,True,True,,1,0.19735623605083674,0.013965422,0.19735623605083674,0.21884381596464664
1,central_c0.5_from0.2,1,ompl_uniform,20271035,True,True,,1,0.10782650392502546,0.011833043,0.10782650392502546,0.10922040604054928
1,central_c0.5_from0.2,1,joint_projected,20271035,True,True,,1,0.12350041104946285,0.032547702,0.12350041104946285,0.145202983985655
1,central_c0.5_from0.2,2,ompl_uniform,20271136,True,True,,1,0.15875829698052257,0.022339356,0.15875829698052257,0.16010754008311778
1,central_c0.5_from0.2,2,joint_projected,20271136,True,True,,1,0.06374116102233529,0.02747459,0.06374116102233529,0.08465855591930449
1,central_c0.5_from0.2,2,cartesian_ik,20271136,True,True,,1,0.08181715698447078,0.02823423,0.08181715698447078,0.10283119895029813
1,central_c0.5_from0.2,3,joint_projected,20271237,True,True,,1,0.10842590709216893,0.018596004,0.10842590709216893,0.13016211101785302
1,central_c0.5_from0.2,3,cartesian_ik,20271237,True,True,,1,0.14780740207061172,0.015922605,0.14780740207061172,0.16902168199885637
1,central_c0.5_from0.2,3,ompl_uniform,20271237,True,True,,1,0.21099563804455101,0.035573614,0.21099563804455101,0.21270710008684546
1,central_c0.5_from0.2,4,joint_projected,20271338,True,True,,1,0.12719883094541728,0.025426897,0.12719883094541728,0.14858601603191346
1,central_c0.5_from0.2,4,ompl_uniform,20271338,True,True,,1,0.10354507796000689,0.009730137,0.10354507796000689,0.10493596899323165
1,central_c0.5_from0.2,4,cartesian_ik,20271338,True,True,,1,0.09558501793071628,0.016647953,0.09558501793071628,0.11699256498832256
57,distant_c0.7_from0.8,0,cartesian_ik,20831326,True,True,,1,0.13236800103913993,0.024466454,0.13236800103913993,0.15264579409267753
57,distant_c0.7_from0.8,0,ompl_uniform,20831326,True,True,,1,0.14608625101391226,0.022485967,0.14608625101391226,0.14733033103402704
57,distant_c0.7_from0.8,0,joint_projected,20831326,True,True,,1,0.07447914709337056,0.023419166,0.07447914709337056,0.09521088399924338
57,distant_c0.7_from0.8,1,cartesian_ik,20831427,True,True,,1,0.15170950791798532,0.043037046,0.15170950791798532,0.17222980805672705
57,distant_c0.7_from0.8,1,joint_projected,20831427,True,True,,1,0.09722559293732047,0.033085993,0.09722559293732047,0.11751886806450784
57,distant_c0.7_from0.8,1,ompl_uniform,20831427,True,True,,1,0.0729050759691745,0.009762763,0.0729050759691745,0.07461617002263665
57,distant_c0.7_from0.8,2,joint_projected,20831528,True,True,,1,0.03630557004362345,0.011591272,0.03630557004362345,0.05701658711768687
57,distant_c0.7_from0.8,2,cartesian_ik,20831528,True,True,,1,0.136506502982229,0.016374673,0.136506502982229,0.15749741904437542
57,distant_c0.7_from0.8,2,ompl_uniform,20831528,True,True,,1,0.09414083906449378,0.020858065,0.09414083906449378,0.09527351194992661
57,distant_c0.7_from0.8,3,joint_projected,20831629,True,True,,1,0.05687808897346258,0.023624125,0.05687808897346258,0.07749483198858798
57,distant_c0.7_from0.8,3,ompl_uniform,20831629,True,True,,1,0.21850405004806817,0.011527841,0.21850405004806817,0.21984443499241024
57,distant_c0.7_from0.8,3,cartesian_ik,20831629,True,True,,1,0.09458181995432824,0.025513227,0.09458181995432824,0.1156459900084883
57,distant_c0.7_from0.8,4,ompl_uniform,20831730,True,True,,1,0.1548959370702505,0.024554183,0.1548959370702505,0.15605142002459615
57,distant_c0.7_from0.8,4,cartesian_ik,20831730,True,True,,1,0.1125161579111591,0.033312634,0.1125161579111591,0.13367082609329373
57,distant_c0.7_from0.8,4,joint_projected,20831730,True,True,,1,0.14201592898461968,0.016079915,0.14201592898461968,0.163382156053558
34,offset_c0.7_from0.8,0,ompl_uniform,20601165,True,True,,1,0.1711872679879889,0.022153813,0.1711872679879889,0.17223577795084566
34,offset_c0.7_from0.8,0,joint_projected,20601165,True,True,,1,0.09312684391625226,0.025041639,0.09312684391625226,0.11482407699804753
34,offset_c0.7_from0.8,0,cartesian_ik,20601165,True,True,,1,0.0740520590916276,0.007189634,0.0740520590916276,0.09667503996752203
34,offset_c0.7_from0.8,1,joint_projected,20601266,True,True,,1,0.09132027695886791,0.022858834,0.09132027695886791,0.1136474700178951
34,offset_c0.7_from0.8,1,ompl_uniform,20601266,True,True,,1,0.11137142591178417,0.013882207,0.11137142591178417,0.11257101607043296
34,offset_c0.7_from0.8,1,cartesian_ik,20601266,True,True,,1,0.18443190201651305,0.02029622,0.18443190201651305,0.2065302380360663
34,offset_c0.7_from0.8,2,joint_projected,20601367,True,True,,1,0.046608153032138944,0.020640949,0.046608153032138944,0.06865010899491608
34,offset_c0.7_from0.8,2,cartesian_ik,20601367,True,True,,1,0.15712632704526186,0.0108306,0.15712632704526186,0.17929404601454735
34,offset_c0.7_from0.8,2,ompl_uniform,20601367,True,True,,1,0.11911373597104102,0.022852878,0.11911373597104102,0.1203803060343489
34,offset_c0.7_from0.8,3,joint_projected,20601468,True,True,,1,0.0647935209563002,0.032225131,0.0647935209563002,0.08723067096434534
34,offset_c0.7_from0.8,3,ompl_uniform,20601468,True,True,,1,0.13465929601807147,0.033493107,0.13465929601807147,0.1363909519277513
34,offset_c0.7_from0.8,3,cartesian_ik,20601468,True,True,,1,0.10746272490359843,0.007751276,0.10746272490359843,0.12918366002850235
34,offset_c0.7_from0.8,4,cartesian_ik,20601569,True,True,,1,0.048127239919267595,0.021514396,0.048127239919267595,0.07033902301918715
34,offset_c0.7_from0.8,4,ompl_uniform,20601569,True,True,,1,0.14966946200001985,0.019288783,0.14966946200001985,0.1509601059369743
34,offset_c0.7_from0.8,4,joint_projected,20601569,True,True,,1,0.14452597498893738,0.030949,0.14452597498893738,0.16729211597703397
0,central_c0.5_from0.2,0,ompl_uniform,20260927,True,True,,1,0.11082489602267742,0.010442828,0.11082489602267742,0.11203969304915518
0,central_c0.5_from0.2,0,joint_projected,20260927,False,False,start_invalid_in_corridor,,0.0,0.0,6.0,0.7959997319849208
0,central_c0.5_from0.2,0,cartesian_ik,20260927,False,False,start_invalid_in_corridor,,0.0,0.0,6.0,0.7950780929531902
0,central_c0.5_from0.2,1,joint_projected,20261028,False,False,start_invalid_in_corridor,,0.0,0.0,6.0,0.794676314922981
0,central_c0.5_from0.2,1,ompl_uniform,20261028,True,True,,1,0.1672724219970405,0.016634978,0.1672724219970405,0.1682660219958052
0,central_c0.5_from0.2,1,cartesian_ik,20261028,False,False,start_invalid_in_corridor,,0.0,0.0,6.0,0.7962045159656554
0,central_c0.5_from0.2,2,ompl_uniform,20261129,True,True,,1,0.19561143300961703,0.03591,0.19561143300961703,0.1972668260568753
0,central_c0.5_from0.2,2,cartesian_ik,20261129,False,False,start_invalid_in_corridor,,0.0,0.0,6.0,0.7960808349307626
0,central_c0.5_from0.2,2,joint_projected,20261129,False,False,start_invalid_in_corridor,,0.0,0.0,6.0,0.7956621060147882
0,central_c0.5_from0.2,3,cartesian_ik,20261230,False,False,start_invalid_in_corridor,,0.0,0.0,6.0,0.7948100350331515
0,central_c0.5_from0.2,3,joint_projected,20261230,False,False,start_invalid_in_corridor,,0.0,0.0,6.0,0.7948531019501388
0,central_c0.5_from0.2,3,ompl_uniform,20261230,True,True,,1,0.15224638604559004,0.034861714,0.15224638604559004,0.1533042099326849
0,central_c0.5_from0.2,4,joint_projected,20261331,False,False,start_invalid_in_corridor,,0.0,0.0,6.0,0.7956267980625853
0,central_c0.5_from0.2,4,ompl_uniform,20261331,True,True,,1,0.15836200199555606,0.023118139,0.15836200199555606,0.15974577004089952
0,central_c0.5_from0.2,4,cartesian_ik,20261331,False,False,start_invalid_in_corridor,,0.0,0.0,6.0,0.795865391031839
54,distant_c0.7_from0.8,0,ompl_uniform,20801305,True,True,,1,0.16698589303996414,0.031539877,0.16698589303996414,0.1684972490184009
54,distant_c0.7_from0.8,0,joint_projected,20801305,True,True,,1,0.06897830904927105,0.021017253,0.06897830904927105,0.0894828939344734
54,distant_c0.7_from0.8,0,cartesian_ik,20801305,True,True,,1,0.08571145299356431,0.019697881,0.08571145299356431,0.10609792999457568
54,distant_c0.7_from0.8,1,ompl_uniform,20801406,True,True,,1,0.15442068804986775,0.022850014,0.15442068804986775,0.15602612006478012
54,distant_c0.7_from0.8,1,cartesian_ik,20801406,True,True,,1,0.16139389504678547,0.029472182,0.16139389504678547,0.18220941186882555
54,distant_c0.7_from0.8,1,joint_projected,20801406,True,True,,1,0.06759171804878861,0.01158262,0.06759171804878861,0.08827860793098807
54,distant_c0.7_from0.8,2,ompl_uniform,20801507,True,True,,1,0.18626155203673989,0.029639109,0.18626155203673989,0.18779604195151478
54,distant_c0.7_from0.8,2,joint_projected,20801507,True,True,,1,0.04305571201257408,0.00717158,0.04305571201257408,0.0647194730117917
54,distant_c0.7_from0.8,2,cartesian_ik,20801507,True,True,,1,0.2972803079755977,0.051365917,0.2972803079755977,0.3178922360530123
54,distant_c0.7_from0.8,3,cartesian_ik,20801608,True,True,,1,0.13901906309183687,0.024694043,0.13901906309183687,0.15904552990105003
54,distant_c0.7_from0.8,3,joint_projected,20801608,True,True,,1,0.09506121603772044,0.031511995,0.09506121603772044,0.11555870086885989
54,distant_c0.7_from0.8,3,ompl_uniform,20801608,True,True,,1,0.13995127798989415,0.013316211,0.13995127798989415,0.14136771904304624
54,distant_c0.7_from0.8,4,cartesian_ik,20801709,True,True,,1,0.1411176921101287,0.013375046,0.1411176921101287,0.16142599587328732
54,distant_c0.7_from0.8,4,ompl_uniform,20801709,True,True,,1,0.22994363505858928,0.039905111,0.22994363505858928,0.23189005604945123
54,distant_c0.7_from0.8,4,joint_projected,20801709,True,True,,1,0.12691272899974138,0.019743311,0.12691272899974138,0.14761536696460098
17,central_c0.7_from0.8,0,cartesian_ik,20431046,True,True,,1,0.34549177496228367,0.128032068,0.34549177496228367,0.3657172869425267
17,central_c0.7_from0.8,0,joint_projected,20431046,True,True,,1,0.14317747403401881,0.036461941,0.14317747403401881,0.16377466707490385
17,central_c0.7_from0.8,0,ompl_uniform,20431046,True,True,,1,0.2209279719972983,0.017694218,0.2209279719972983,0.22256025997921824
17,central_c0.7_from0.8,1,ompl_uniform,20431147,True,True,,1,0.10103144100867212,0.014603197,0.10103144100867212,0.10291411099024117
17,central_c0.7_from0.8,1,cartesian_ik,20431147,True,True,,1,0.3059889260912314,0.138835152,0.3059889260912314,0.32644025096669793
17,central_c0.7_from0.8,1,joint_projected,20431147,True,True,,1,0.23244468006305397,0.060065438,0.23244468006305397,0.25277087709400803
17,central_c0.7_from0.8,2,cartesian_ik,20431248,True,True,,1,0.16904612199869007,0.012830408,0.16904612199869007,0.18884881399571896
17,central_c0.7_from0.8,2,joint_projected,20431248,True,True,,1,0.1295045509468764,0.042525031,0.1295045509468764,0.1497161309234798
17,central_c0.7_from0.8,2,ompl_uniform,20431248,True,True,,1,0.17521710402797908,0.012868306,0.17521710402797908,0.17647089005913585
17,central_c0.7_from0.8,3,cartesian_ik,20431349,True,True,,1,0.18653340998571366,0.033328459,0.18653340998571366,0.20691913203336298
17,central_c0.7_from0.8,3,joint_projected,20431349,True,True,,1,0.2479258020175621,0.041738517,0.2479258020175621,0.2691521430388093
17,central_c0.7_from0.8,3,ompl_uniform,20431349,True,True,,1,0.14891234098467976,0.040435692,0.14891234098467976,0.15056451596319675
17,central_c0.7_from0.8,4,cartesian_ik,20431450,True,True,,1,0.18871371599379927,0.059301261,0.18871371599379927,0.20958073704969138
17,central_c0.7_from0.8,4,ompl_uniform,20431450,True,True,,1,0.18174949195235968,0.013982708,0.18174949195235968,0.1835834620287642
17,central_c0.7_from0.8,4,joint_projected,20431450,True,True,,1,0.1806927090510726,0.038262547,0.1806927090510726,0.20123997307382524
9,central_c0.5_from0.2,0,cartesian_ik,20350990,True,True,,1,0.15624684002250433,0.025964224,0.15624684002250433,0.17853692395146936
9,central_c0.5_from0.2,0,ompl_uniform,20350990,True,True,,1,0.20077862695325166,0.012080465,0.20077862695325166,0.2024705739459023
9,central_c0.5_from0.2,0,joint_projected,20350990,True,True,,1,0.17396495502907783,0.029488279,0.17396495502907783,0.1970320719992742
9,central_c0.5_from0.2,1,cartesian_ik,20351091,True,True,,1,0.09405479801353067,0.020673081,0.09405479801353067,0.11624376697000116
9,central_c0.5_from0.2,1,joint_projected,20351091,True,True,,1,0.04701376601587981,0.027557924,0.04701376601587981,0.06948666600510478
9,central_c0.5_from0.2,1,ompl_uniform,20351091,True,True,,1,0.15612185094505548,0.031845558,0.15612185094505548,0.15781825396697968
9,central_c0.5_from0.2,2,joint_projected,20351192,True,True,,1,0.12030394608154893,0.0228359,0.12030394608154893,0.14300812291912735
9,central_c0.5_from0.2,2,ompl_uniform,20351192,True,True,,1,0.07897676806896925,0.005752147,0.07897676806896925,0.08075482002459466
9,central_c0.5_from0.2,2,cartesian_ik,20351192,True,True,,1,0.17059874697588384,0.04541587,0.17059874697588384,0.1934116359334439
9,central_c0.5_from0.2,3,ompl_uniform,20351293,True,True,,1,0.25182775501161814,0.012900073,0.25182775501161814,0.2533303020754829
9,central_c0.5_from0.2,3,joint_projected,20351293,True,True,,1,0.1262393300421536,0.017632042,0.1262393300421536,0.14856844407040626
9,central_c0.5_from0.2,3,cartesian_ik,20351293,True,True,,1,0.1336335449013859,0.029602904,0.1336335449013859,0.15625724697019905
9,central_c0.5_from0.2,4,cartesian_ik,20351394,True,True,,1,0.11630103993229568,0.012602629,0.11630103993229568,0.1387922370340675
9,central_c0.5_from0.2,4,ompl_uniform,20351394,True,True,,1,0.2622791629983112,0.023174175,0.2622791629983112,0.26399375300388783
9,central_c0.5_from0.2,4,joint_projected,20351394,True,True,,1,0.15915694599971175,0.024827992,0.15915694599971175,0.18182128900662065
12,central_c0.7_from0.8,0,ompl_uniform,20381011,True,True,,1,0.1624264660058543,0.025588899,0.1624264660058543,0.16379198106005788
12,central_c0.7_from0.8,0,cartesian_ik,20381011,True,True,,1,0.6359990140190348,0.464157188,0.6359990140190348,0.6567997820675373
12,central_c0.7_from0.8,0,joint_projected,20381011,True,True,,1,0.23914989398326725,0.027440969,0.23914989398326725,0.26031934504862875
12,central_c0.7_from0.8,1,joint_projected,20381112,True,True,,1,0.24400425900239497,0.051321478,0.24400425900239497,0.2656782390549779
12,central_c0.7_from0.8,1,ompl_uniform,20381112,True,True,,1,0.23549932707101107,0.037326591,0.23549932707101107,0.23721069807652384
12,central_c0.7_from0.8,1,cartesian_ik,20381112,True,True,,1,0.2048027339624241,0.065521461,0.2048027339624241,0.22571343497838825
12,central_c0.7_from0.8,2,joint_projected,20381213,True,True,,1,0.17154301307164133,0.037027184,0.17154301307164133,0.19248334411531687
12,central_c0.7_from0.8,2,ompl_uniform,20381213,True,True,,1,0.18753794499207288,0.019134582,0.18753794499207288,0.1891641280381009
12,central_c0.7_from0.8,2,cartesian_ik,20381213,True,True,,1,0.4053078070282936,0.210821831,0.4053078070282936,0.42677789903245866
12,central_c0.7_from0.8,3,joint_projected,20381314,True,True,,1,0.11560726899188012,0.024002545,0.11560726899188012,0.13649513013660908
12,central_c0.7_from0.8,3,cartesian_ik,20381314,True,True,,1,0.19705295201856643,0.06679553,0.19705295201856643,0.21803930401802063
12,central_c0.7_from0.8,3,ompl_uniform,20381314,True,True,,1,0.15940640191547573,0.022033443,0.15940640191547573,0.16069693106692284
12,central_c0.7_from0.8,4,cartesian_ik,20381415,True,True,,1,0.29893453198019415,0.100456274,0.29893453198019415,0.3201451851055026
12,central_c0.7_from0.8,4,ompl_uniform,20381415,True,True,,1,0.10500573005992919,0.012090732,0.10500573005992919,0.1067689610645175
12,central_c0.7_from0.8,4,joint_projected,20381415,True,True,,1,0.1220738779520616,0.031311558,0.1220738779520616,0.14325215702410787
36,offset_c0.7_from0.8,0,joint_projected,20621179,True,True,,1,0.279256411944516,0.175672746,0.279256411944516,0.29994615900795907
36,offset_c0.7_from0.8,0,ompl_uniform,20621179,True,True,,1,0.17871185799594969,0.02524396,0.17871185799594969,0.180408125044778
36,offset_c0.7_from0.8,0,cartesian_ik,20621179,True,True,,1,0.14105789095629007,0.050141625,0.14105789095629007,0.16248611302580684
36,offset_c0.7_from0.8,1,cartesian_ik,20621280,True,True,,1,0.01638163800816983,0.005089211,0.01638163800816983,0.03760326898191124
36,offset_c0.7_from0.8,1,joint_projected,20621280,True,True,,1,0.33269611396826804,0.194756086,0.33269611396826804,0.3543249861104414
36,offset_c0.7_from0.8,1,ompl_uniform,20621280,True,True,,1,0.10758389194961637,0.019782575,0.10758389194961637,0.1091703149722889
36,offset_c0.7_from0.8,2,joint_projected,20621381,True,True,,1,0.22016073297709227,0.183388274,0.22016073297709227,0.24143726308830082
36,offset_c0.7_from0.8,2,ompl_uniform,20621381,True,True,,1,0.14813295600470155,0.018204454,0.14813295600470155,0.14999465399887413
36,offset_c0.7_from0.8,2,cartesian_ik,20621381,True,True,,1,0.09570167504716665,0.011603465,0.09570167504716665,0.11674542410764843
36,offset_c0.7_from0.8,3,joint_projected,20621482,True,True,,1,0.258275707019493,0.184768364,0.258275707019493,0.27914899098686874
36,offset_c0.7_from0.8,3,cartesian_ik,20621482,True,True,,1,0.12542684900108725,0.014849862,0.12542684900108725,0.14638291706796736
36,offset_c0.7_from0.8,3,ompl_uniform,20621482,True,True,,1,0.2184883450390771,0.028511599,0.2184883450390771,0.220312901888974
36,offset_c0.7_from0.8,4,joint_projected,20621583,True,True,,1,0.34936640597879887,0.184904798,0.34936640597879887,0.3710897909477353
36,offset_c0.7_from0.8,4,ompl_uniform,20621583,True,True,,1,0.1311083110049367,0.026250875,0.1311083110049367,0.13290537102147937
36,offset_c0.7_from0.8,4,cartesian_ik,20621583,True,True,,1,0.17205775005277246,0.055109058,0.17205775005277246,0.19337928900495172
7,central_c0.5_from0.2,0,joint_projected,20330976,True,True,,1,0.0893580949632451,0.037383604,0.0893580949632451,0.11118131491821259
7,central_c0.5_from0.2,0,ompl_uniform,20330976,True,True,,1,0.21060377592220902,0.02772968,0.21060377592220902,0.21206327201798558
7,central_c0.5_from0.2,0,cartesian_ik,20330976,True,True,,1,0.32284583302680403,0.040745197,0.32284583302680403,0.3458941540447995
7,central_c0.5_from0.2,1,joint_projected,20331077,True,True,,1,0.18027043296024203,0.02058861,0.18027043296024203,0.20240691700018942
7,central_c0.5_from0.2,1,cartesian_ik,20331077,True,True,,1,0.12268934305757284,0.024097747,0.12268934305757284,0.14475116902031004
7,central_c0.5_from0.2,1,ompl_uniform,20331077,True,True,,1,0.14684022299479693,0.011950407,0.14684022299479693,0.1486048400402069
7,central_c0.5_from0.2,2,joint_projected,20331178,True,True,,1,0.1179850980406627,0.024158208,0.1179850980406627,0.140856186975725
7,central_c0.5_from0.2,2,cartesian_ik,20331178,True,True,,1,0.11206294491421431,0.028159159,0.11206294491421431,0.13420962600503117
7,central_c0.5_from0.2,2,ompl_uniform,20331178,True,True,,1,0.08633193408604711,0.021171105,0.08633193408604711,0.08790855400729924
7,central_c0.5_from0.2,3,ompl_uniform,20331279,True,True,,1,0.11697878502309322,0.010167886,0.11697878502309322,0.11830240592826158
7,central_c0.5_from0.2,3,cartesian_ik,20331279,True,True,,1,0.11147472402080894,0.029885944,0.11147472402080894,0.13390590890776366
7,central_c0.5_from0.2,3,joint_projected,20331279,True,True,,1,0.12613260000944138,0.018035904,0.12613260000944138,0.14807597897015512
7,central_c0.5_from0.2,4,joint_projected,20331380,True,True,,1,0.03404965705703944,0.016105387,0.03404965705703944,0.0560446489835158
7,central_c0.5_from0.2,4,ompl_uniform,20331380,True,True,,1,0.09047804097644985,0.018544507,0.09047804097644985,0.09191966708749533
7,central_c0.5_from0.2,4,cartesian_ik,20331380,True,True,,1,0.14084127999376506,0.043324427,0.14084127999376506,0.1635344970272854
47,distant_c0.5_from0.2,0,ompl_uniform,20731256,True,True,,1,0.14130556595046073,0.010208141,0.14130556595046073,0.14235169300809503
47,distant_c0.5_from0.2,0,joint_projected,20731256,True,True,,1,0.11920303700026125,0.018316688,0.11920303700026125,0.13929789897520095
47,distant_c0.5_from0.2,0,cartesian_ik,20731256,True,True,,1,0.10830418299883604,0.008315728,0.10830418299883604,0.12781218613963574
47,distant_c0.5_from0.2,1,joint_projected,20731357,True,True,,1,0.08246077003423125,0.028827642,0.08246077003423125,0.10281839407980442
47,distant_c0.5_from0.2,1,cartesian_ik,20731357,True,True,,1,0.06948116899002343,0.011745873,0.06948116899002343,0.08942148310597986
47,distant_c0.5_from0.2,1,ompl_uniform,20731357,True,True,,1,0.1839837459847331,0.010715783,0.1839837459847331,0.18565224902704358
47,distant_c0.5_from0.2,2,cartesian_ik,20731458,True,True,,1,0.10644004307687283,0.008103817,0.10644004307687283,0.12631486204918474
47,distant_c0.5_from0.2,2,ompl_uniform,20731458,True,True,,1,0.11954923707526177,0.02428643,0.11954923707526177,0.12144052400253713
47,distant_c0.5_from0.2,2,joint_projected,20731458,True,True,,1,0.14636717701796442,0.036729467,0.14636717701796442,0.16699352802243084
47,distant_c0.5_from0.2,3,joint_projected,20731559,True,True,,1,0.08939738408662379,0.01370046,0.08939738408662379,0.11013932409696281
47,distant_c0.5_from0.2,3,cartesian_ik,20731559,True,True,,1,0.16658872098196298,0.023843298,0.16658872098196298,0.1863133340375498
47,distant_c0.5_from0.2,3,ompl_uniform,20731559,True,True,,1,0.09666720509994775,0.021553906,0.09666720509994775,0.0985094940988347
47,distant_c0.5_from0.2,4,cartesian_ik,20731660,True,True,,1,0.17485676798969507,0.035995844,0.17485676798969507,0.19477828708477318
47,distant_c0.5_from0.2,4,joint_projected,20731660,True,True,,1,0.08671595598571002,0.023496996,0.08671595598571002,0.10697618604172021
47,distant_c0.5_from0.2,4,ompl_uniform,20731660,True,True,,1,0.13084213400725275,0.040721318,0.13084213400725275,0.13229055795818567
42,distant_c0.5_from0.2,0,ompl_uniform,20681221,True,True,,1,0.14322333200834692,0.010559257,0.14322333200834692,0.14470725506544113
42,distant_c0.5_from0.2,0,joint_projected,20681221,True,True,,1,0.16518638702109456,0.032135754,0.16518638702109456,0.18554252991452813
42,distant_c0.5_from0.2,0,cartesian_ik,20681221,True,True,,1,0.15025194396730512,0.0387385,0.15025194396730512,0.17062215798068792
42,distant_c0.5_from0.2,1,cartesian_ik,20681322,True,True,,1,0.13662446895614266,0.025519174,0.13662446895614266,0.1574385919375345
42,distant_c0.5_from0.2,1,ompl_uniform,20681322,True,True,,1,0.14394121698569506,0.014335446,0.14394121698569506,0.14547332096844912
42,distant_c0.5_from0.2,1,joint_projected,20681322,True,True,,1,0.2005329120438546,0.032553684,0.2005329120438546,0.22135592787526548
42,distant_c0.5_from0.2,2,joint_projected,20681423,True,True,,1,0.09322664106730372,0.017668958,0.09322664106730372,0.11364327999763191
42,distant_c0.5_from0.2,2,ompl_uniform,20681423,True,True,,1,0.13485697202850133,0.016712492,0.13485697202850133,0.13670738600194454
42,distant_c0.5_from0.2,2,cartesian_ik,20681423,True,True,,1,0.08656263002194464,0.015012389,0.08656263002194464,0.10673065192531794
42,distant_c0.5_from0.2,3,ompl_uniform,20681524,True,True,,1,0.12122007005382329,0.009784284,0.12122007005382329,0.12252668000292033
42,distant_c0.5_from0.2,3,cartesian_ik,20681524,True,True,,1,0.10866466397419572,0.003375208,0.10866466397419572,0.12945978192146868
42,distant_c0.5_from0.2,3,joint_projected,20681524,True,True,,1,0.11998564109671861,0.019812897,0.11998564109671861,0.14016113197430968
42,distant_c0.5_from0.2,4,cartesian_ik,20681625,True,True,,1,0.12987182999495417,0.01557761,0.12987182999495417,0.15033848502207547
42,distant_c0.5_from0.2,4,ompl_uniform,20681625,True,True,,1,0.20683014299720526,0.036763082,0.20683014299720526,0.20837888203095645
42,distant_c0.5_from0.2,4,joint_projected,20681625,True,True,,1,0.08501441299449652,0.022349803,0.08501441299449652,0.10583799798041582
41,distant_c0.5_from0.2,0,ompl_uniform,20671214,True,True,,1,0.1595736959716305,0.021742274,0.1595736959716305,0.1611724760150537
41,distant_c0.5_from0.2,0,cartesian_ik,20671214,True,True,,1,0.18134393694344908,0.008490532,0.18134393694344908,0.20237680699210614
41,distant_c0.5_from0.2,0,joint_projected,20671214,True,True,,1,0.1911338270874694,0.031122369,0.1911338270874694,0.21258978208061308
41,distant_c0.5_from0.2,1,cartesian_ik,20671315,True,True,,1,0.1693246850045398,0.029507734,0.1693246850045398,0.1904268179787323
41,distant_c0.5_from0.2,1,ompl_uniform,20671315,True,True,,1,0.13484159403014928,0.009115231,0.13484159403014928,0.13629607995972037
41,distant_c0.5_from0.2,1,joint_projected,20671315,True,True,,1,0.11467050900682807,0.01867984,0.11467050900682807,0.1352992879692465
41,distant_c0.5_from0.2,2,cartesian_ik,20671416,True,True,,1,0.10904827492777258,0.034989171,0.10904827492777258,0.12972536101005971
41,distant_c0.5_from0.2,2,ompl_uniform,20671416,True,True,,1,0.14694461307954043,0.005321156,0.14694461307954043,0.14852043602149934
41,distant_c0.5_from0.2,2,joint_projected,20671416,True,True,,1,0.05975077394396067,0.033918364,0.05975077394396067,0.080376619938761
41,distant_c0.5_from0.2,3,ompl_uniform,20671517,True,True,,1,0.13136287301313132,0.030314563,0.13136287301313132,0.13258559396490455
41,distant_c0.5_from0.2,3,joint_projected,20671517,True,True,,1,0.18430988502223045,0.052213308,0.18430988502223045,0.20529658999294043
41,distant_c0.5_from0.2,3,cartesian_ik,20671517,True,True,,1,0.1325085760327056,0.020784701,0.1325085760327056,0.15323386306408793
41,distant_c0.5_from0.2,4,cartesian_ik,20671618,True,True,,1,0.10842953901737928,0.01800292,0.10842953901737928,0.1290944080101326
41,distant_c0.5_from0.2,4,ompl_uniform,20671618,True,True,,1,0.07962626405060291,0.00799917,0.07962626405060291,0.08101642492692918
41,distant_c0.5_from0.2,4,joint_projected,20671618,True,True,,1,0.03482937393710017,0.02182313,0.03482937393710017,0.05510166904423386
38,offset_c0.7_from0.8,0,ompl_uniform,20641193,True,True,,1,0.1351252170279622,0.013253946,0.1351252170279622,0.1364049770636484
38,offset_c0.7_from0.8,0,cartesian_ik,20641193,True,True,,1,0.07055735599715263,0.022055298,0.07055735599715263,0.09146698599215597
38,offset_c0.7_from0.8,0,joint_projected,20641193,True,True,,1,0.060539894038811326,0.017591038,0.060539894038811326,0.0808244189247489
38,offset_c0.7_from0.8,1,joint_projected,20641294,True,True,,1,0.33933148498181254,0.034670259,0.33933148498181254,0.3605153039097786
38,offset_c0.7_from0.8,1,cartesian_ik,20641294,True,True,,1,0.15246378805022687,0.017295647,0.15246378805022687,0.17346919898409396
38,offset_c0.7_from0.8,1,ompl_uniform,20641294,True,True,,1,0.1908708750270307,0.011361666,0.1908708750270307,0.1926144160097465
38,offset_c0.7_from0.8,2,ompl_uniform,20641395,True,True,,1,0.11453568993601948,0.020406913,0.11453568993601948,0.1159435979789123
38,offset_c0.7_from0.8,2,joint_projected,20641395,True,True,,1,0.15377748501487076,0.019870915,0.15377748501487076,0.1748694039415568
38,offset_c0.7_from0.8,2,cartesian_ik,20641395,True,True,,1,0.10310305596794933,0.03907183,0.10310305596794933,0.12361518503166735
38,offset_c0.7_from0.8,3,ompl_uniform,20641496,True,True,,1,0.15616455592680722,0.025922799,0.15616455592680722,0.1577597389696166
38,offset_c0.7_from0.8,3,cartesian_ik,20641496,True,True,,1,0.11172064207494259,0.046596784,0.11172064207494259,0.13254263997077942
38,offset_c0.7_from0.8,3,joint_projected,20641496,True,True,,1,0.13363376003690064,0.025600845,0.13363376003690064,0.15386525297071785
38,offset_c0.7_from0.8,4,ompl_uniform,20641597,True,True,,1,0.21214358194265515,0.016130734,0.21214358194265515,0.21393995103426278
38,offset_c0.7_from0.8,4,cartesian_ik,20641597,True,True,,1,0.12479426304344088,0.020938315,0.12479426304344088,0.14576728292740881
38,offset_c0.7_from0.8,4,joint_projected,20641597,True,True,,1,0.1478391799610108,0.025449538,0.1478391799610108,0.1684770059073344
46,distant_c0.5_from0.2,0,joint_projected,20721249,True,True,,1,0.13942624500487,0.033175873,0.13942624500487,0.1599096250720322
46,distant_c0.5_from0.2,0,ompl_uniform,20721249,True,True,,1,0.13484916801098734,0.009362031,0.13484916801098734,0.1364277369575575
46,distant_c0.5_from0.2,0,cartesian_ik,20721249,True,True,,1,0.08502753800712526,0.009056784,0.08502753800712526,0.10589585895650089
46,distant_c0.5_from0.2,1,ompl_uniform,20721350,True,True,,1,0.10313417599536479,0.023970825,0.10313417599536479,0.10489320300985128
46,distant_c0.5_from0.2,1,cartesian_ik,20721350,True,True,,1,0.12216211401391774,0.016538172,0.12216211401391774,0.1433215030701831
46,distant_c0.5_from0.2,1,joint_projected,20721350,True,True,,1,0.13018786301836371,0.028378137,0.13018786301836371,0.15056058496702462
46,distant_c0.5_from0.2,2,joint_projected,20721451,True,True,,1,0.028917248942889273,0.012737261,0.028917248942889273,0.04929956991691142
46,distant_c0.5_from0.2,2,ompl_uniform,20721451,True,True,,1,0.20506740093696862,0.031488273,0.20506740093696862,0.20627944101579487
46,distant_c0.5_from0.2,2,cartesian_ik,20721451,True,True,,1,0.10061861493159086,0.010972858,0.10061861493159086,0.12156233098357916
46,distant_c0.5_from0.2,3,cartesian_ik,20721552,True,True,,1,0.038249239907599986,0.006575821,0.038249239907599986,0.059225123026408255
46,distant_c0.5_from0.2,3,joint_projected,20721552,True,True,,1,0.04510877397842705,0.01619515,0.04510877397842705,0.06531163002364337
46,distant_c0.5_from0.2,3,ompl_uniform,20721552,True,True,,1,0.2234872030094266,0.013783836,0.2234872030094266,0.22500332305207849
46,distant_c0.5_from0.2,4,cartesian_ik,20721653,True,True,,1,0.05318510509096086,0.007664706,0.05318510509096086,0.07428016408812255
46,distant_c0.5_from0.2,4,ompl_uniform,20721653,True,True,,1,0.07581331103574485,0.009207081,0.07581331103574485,0.07731285400222987
46,distant_c0.5_from0.2,4,joint_projected,20721653,True,True,,1,0.06456885195802897,0.022157187,0.06456885195802897,0.08568098198156804
52,distant_c0.7_from0.8,0,ompl_uniform,20781291,True,True,,1,0.11187572299968451,0.012796004,0.11187572299968451,0.11293140694033355
52,distant_c0.7_from0.8,0,joint_projected,20781291,False,False,start_invalid_in_corridor,,0.0,0.0,6.0,0.02056082198396325
52,distant_c0.7_from0.8,0,cartesian_ik,20781291,False,False,start_invalid_in_corridor,,0.0,0.0,6.0,0.019926312961615622
52,distant_c0.7_from0.8,1,cartesian_ik,20781392,False,False,start_invalid_in_corridor,,0.0,0.0,6.0,0.019892581971362233
52,distant_c0.7_from0.8,1,ompl_uniform,20781392,True,True,,1,0.16195779398549348,0.010018696,0.16195779398549348,0.1629741140641272
52,distant_c0.7_from0.8,1,joint_projected,20781392,False,False,start_invalid_in_corridor,,0.0,0.0,6.0,0.02080109401140362
52,distant_c0.7_from0.8,2,cartesian_ik,20781493,False,False,start_invalid_in_corridor,,0.0,0.0,6.0,0.020289011881686747
52,distant_c0.7_from0.8,2,joint_projected,20781493,False,False,start_invalid_in_corridor,,0.0,0.0,6.0,0.020090567995794117
52,distant_c0.7_from0.8,2,ompl_uniform,20781493,True,True,,1,0.1741821429459378,0.02014726,0.1741821429459378,0.1751706670038402
52,distant_c0.7_from0.8,3,ompl_uniform,20781594,True,True,,1,0.17359953990671784,0.011778105,0.17359953990671784,0.17526073299814016
52,distant_c0.7_from0.8,3,joint_projected,20781594,False,False,start_invalid_in_corridor,,0.0,0.0,6.0,0.020295170950703323
52,distant_c0.7_from0.8,3,cartesian_ik,20781594,False,False,start_invalid_in_corridor,,0.0,0.0,6.0,0.020042625023052096
52,distant_c0.7_from0.8,4,joint_projected,20781695,False,False,start_invalid_in_corridor,,0.0,0.0,6.0,0.019949386012740433
52,distant_c0.7_from0.8,4,cartesian_ik,20781695,False,False,start_invalid_in_corridor,,0.0,0.0,6.0,0.019937915029004216
52,distant_c0.7_from0.8,4,ompl_uniform,20781695,True,True,,1,0.173774333903566,0.009794321,0.173774333903566,0.17467597709037364
20,offset_c0.5_from0.2,0,ompl_uniform,20461067,True,True,,1,0.14542972692288458,0.020573608,0.14542972692288458,0.14642153505701572
20,offset_c0.5_from0.2,0,joint_projected,20461067,True,True,,1,0.334996507037431,0.196236307,0.334996507037431,0.3556517040124163
20,offset_c0.5_from0.2,0,cartesian_ik,20461067,True,True,,1,0.32151274010539055,0.034207632,0.32151274010539055,0.34183077700436115
20,offset_c0.5_from0.2,1,joint_projected,20461168,True,True,,1,0.3161318249767646,0.200650812,0.3161318249767646,0.3363849959569052
20,offset_c0.5_from0.2,1,ompl_uniform,20461168,True,True,,1,0.22012740303762257,0.011298702,0.22012740303762257,0.22200436098501086
20,offset_c0.5_from0.2,1,cartesian_ik,20461168,True,True,,1,0.13073116808664054,0.068707575,0.13073116808664054,0.15154334797989577
20,offset_c0.5_from0.2,2,ompl_uniform,20461269,True,True,,1,0.09923012694343925,0.007540983,0.09923012694343925,0.1009096089983359
20,offset_c0.5_from0.2,2,joint_projected,20461269,True,True,,1,0.28894576197490096,0.190950131,0.28894576197490096,0.31005345308221877
20,offset_c0.5_from0.2,2,cartesian_ik,20461269,True,True,,1,0.20207491202745587,0.098703734,0.20207491202745587,0.22272031102329493
20,offset_c0.5_from0.2,3,joint_projected,20461370,True,True,,1,0.22241531207691878,0.18466105,0.22241531207691878,0.2430077859899029
20,offset_c0.5_from0.2,3,cartesian_ik,20461370,True,True,,1,0.14449946000240743,0.057168596,0.14449946000240743,0.16511264606378973
20,offset_c0.5_from0.2,3,ompl_uniform,20461370,True,True,,1,0.19127353001385927,0.013630333,0.19127353001385927,0.19316097104456276
20,offset_c0.5_from0.2,4,ompl_uniform,20461471,True,True,,1,0.1699144949670881,0.01104181,0.1699144949670881,0.17136603593826294
20,offset_c0.5_from0.2,4,joint_projected,20461471,True,True,,1,0.24184439098462462,0.176998259,0.24184439098462462,0.26268381404224783
20,offset_c0.5_from0.2,4,cartesian_ik,20461471,True,True,,1,0.07222514797467738,0.008978771,0.07222514797467738,0.09227675409056246
29,offset_c0.5_from0.2,0,ompl_uniform,20551130,True,True,,1,0.1767554209800437,0.014953928,0.1767554209800437,0.17810851300600916
29,offset_c0.5_from0.2,0,joint_projected,20551130,True,True,,1,0.1470678640762344,0.035384267,0.1470678640762344,0.1673924479400739
29,offset_c0.5_from0.2,0,cartesian_ik,20551130,True,True,,1,0.19956846290733665,0.040874043,0.19956846290733665,0.22028557187877595
29,offset_c0.5_from0.2,1,cartesian_ik,20551231,True,True,,1,0.12936672603245825,0.016622963,0.12936672603245825,0.14964265387970954
29,offset_c0.5_from0.2,1,ompl_uniform,20551231,True,True,,1,0.08452197699807584,0.008516569,0.08452197699807584,0.08613250101916492
29,offset_c0.5_from0.2,1,joint_projected,20551231,True,True,,1,0.08946763700805604,0.024863993,0.08946763700805604,0.11042985995300114
29,offset_c0.5_from0.2,2,cartesian_ik,20551332,True,True,,1,0.1688976479927078,0.062561008,0.1688976479927078,0.18899864598643035
29,offset_c0.5_from0.2,2,ompl_uniform,20551332,True,True,,1,0.1914934510132298,0.030454909,0.1914934510132298,0.1931223130086437
29,offset_c0.5_from0.2,2,joint_projected,20551332,True,True,,1,0.08467579004354775,0.027945439,0.08467579004354775,0.10529780993238091
29,offset_c0.5_from0.2,3,ompl_uniform,20551433,True,True,,1,0.17606036690995097,0.023481851,0.17606036690995097,0.17705254501197487
29,offset_c0.5_from0.2,3,joint_projected,20551433,True,True,,1,0.04956513096112758,0.018026435,0.04956513096112758,0.0695095059927553
29,offset_c0.5_from0.2,3,cartesian_ik,20551433,True,True,,1,0.15447999292518944,0.024609281,0.15447999292518944,0.1749950759112835
29,offset_c0.5_from0.2,4,ompl_uniform,20551534,True,True,,1,0.18858827406074852,0.025973627,0.18858827406074852,0.19013091688975692
29,offset_c0.5_from0.2,4,joint_projected,20551534,True,True,,1,0.18159631500020623,0.030553386,0.18159631500020623,0.20231241488363594
29,offset_c0.5_from0.2,4,cartesian_ik,20551534,True,True,,1,0.16107289597857744,0.029927654,0.16107289597857744,0.18123279395513237
48,distant_c0.5_from0.2,0,joint_projected,20741263,True,True,,1,0.20339956099633127,0.025405579,0.20339956099633127,0.2230523240286857
48,distant_c0.5_from0.2,0,ompl_uniform,20741263,True,True,,1,0.18062772299163043,0.013998806,0.18062772299163043,0.1820080929901451
48,distant_c0.5_from0.2,0,cartesian_ik,20741263,True,True,,1,0.15188200597185642,0.02191798,0.15188200597185642,0.17260295094456524
48,distant_c0.5_from0.2,1,joint_projected,20741364,True,True,,1,0.14008289796765894,0.021213765,0.14008289796765894,0.16016568301711231
48,distant_c0.5_from0.2,1,ompl_uniform,20741364,True,True,,1,0.11129061901010573,0.010247944,0.11129061901010573,0.11244967603124678
48,distant_c0.5_from0.2,1,cartesian_ik,20741364,True,True,,1,0.218498729984276,0.020476103,0.218498729984276,0.2388582630082965
48,distant_c0.5_from0.2,2,ompl_uniform,20741465,True,True,,1,0.15938644693233073,0.011391625,0.15938644693233073,0.16130953596439213
48,distant_c0.5_from0.2,2,cartesian_ik,20741465,True,True,,1,0.16147331206593663,0.030498831,0.16147331206593663,0.18215669004712254
48,distant_c0.5_from0.2,2,joint_projected,20741465,True,True,,1,0.15219853702001274,0.023146994,0.15219853702001274,0.17264192597940564
48,distant_c0.5_from0.2,3,cartesian_ik,20741566,True,True,,1,0.13281704194378108,0.032243759,0.13281704194378108,0.1525705320527777
48,distant_c0.5_from0.2,3,joint_projected,20741566,True,True,,1,0.10939777607563883,0.028433302,0.10939777607563883,0.12914811307564378
48,distant_c0.5_from0.2,3,ompl_uniform,20741566,True,True,,1,0.11950415000319481,0.041969601,0.11950415000319481,0.1206379090435803
48,distant_c0.5_from0.2,4,ompl_uniform,20741667,True,True,,1,0.13949052104726434,0.009528041,0.13949052104726434,0.14095611101947725
48,distant_c0.5_from0.2,4,cartesian_ik,20741667,True,True,,1,0.03362753801047802,0.007458278,0.03362753801047802,0.05391479597892612
48,distant_c0.5_from0.2,4,joint_projected,20741667,True,True,,1,0.05337739991955459,0.022165547,0.05337739991955459,0.07405319099780172
22,offset_c0.5_from0.2,0,cartesian_ik,20481081,False,False,start_invalid_in_corridor,,0.0,0.0,6.0,0.019226688891649246
22,offset_c0.5_from0.2,0,ompl_uniform,20481081,True,True,,1,0.1421616179868579,0.009875585,0.1421616179868579,0.14317312696948647
22,offset_c0.5_from0.2,0,joint_projected,20481081,False,False,start_invalid_in_corridor,,0.0,0.0,6.0,0.019713316927663982
22,offset_c0.5_from0.2,1,ompl_uniform,20481182,True,True,,1,0.20390208705794066,0.017538876,0.20390208705794066,0.20498802606016397
22,offset_c0.5_from0.2,1,joint_projected,20481182,False,False,start_invalid_in_corridor,,0.0,0.0,6.0,0.019907087087631226
22,offset_c0.5_from0.2,1,cartesian_ik,20481182,False,False,start_invalid_in_corridor,,0.0,0.0,6.0,0.01940748596098274
22,offset_c0.5_from0.2,2,ompl_uniform,20481283,True,True,,1,0.1939562699990347,0.021147686,0.1939562699990347,0.19491989305242896
22,offset_c0.5_from0.2,2,joint_projected,20481283,False,False,start_invalid_in_corridor,,0.0,0.0,6.0,0.020008844905532897
22,offset_c0.5_from0.2,2,cartesian_ik,20481283,False,False,start_invalid_in_corridor,,0.0,0.0,6.0,0.019070195965468884
22,offset_c0.5_from0.2,3,joint_projected,20481384,False,False,start_invalid_in_corridor,,0.0,0.0,6.0,0.01933289202861488
22,offset_c0.5_from0.2,3,cartesian_ik,20481384,False,False,start_invalid_in_corridor,,0.0,0.0,6.0,0.01919132994953543
22,offset_c0.5_from0.2,3,ompl_uniform,20481384,True,True,,1,0.16199513897299767,0.022216509,0.16199513897299767,0.16306804690975696
22,offset_c0.5_from0.2,4,ompl_uniform,20481485,True,True,,1,0.15143822599202394,0.011442202,0.15143822599202394,0.15265498694498092
22,offset_c0.5_from0.2,4,joint_projected,20481485,False,False,start_invalid_in_corridor,,0.0,0.0,6.0,0.019891795003786683
22,offset_c0.5_from0.2,4,cartesian_ik,20481485,False,False,start_invalid_in_corridor,,0.0,0.0,6.0,0.019445398007519543
58,distant_c0.7_from0.8,0,joint_projected,20841333,True,True,,1,0.05052158096805215,0.023385605,0.05052158096805215,0.0705092620337382
58,distant_c0.7_from0.8,0,cartesian_ik,20841333,True,True,,1,0.11823830706998706,0.026016491,0.11823830706998706,0.139066708041355
58,distant_c0.7_from0.8,0,ompl_uniform,20841333,True,True,,1,0.1783420559950173,0.013357232,0.1783420559950173,0.17982391396071762
58,distant_c0.7_from0.8,1,cartesian_ik,20841434,True,True,,1,0.1457151200156659,0.014925329,0.1457151200156659,0.16649191302713007
58,distant_c0.7_from0.8,1,joint_projected,20841434,True,True,,1,0.08217235596384853,0.030559723,0.08217235596384853,0.10220721608493477
58,distant_c0.7_from0.8,1,ompl_uniform,20841434,True,True,,1,0.16505490301642567,0.010559768,0.16505490301642567,0.16655566392000765
58,distant_c0.7_from0.8,2,ompl_uniform,20841535,True,True,,1,0.0977308820001781,0.019729705,0.0977308820001781,0.09949955600313842
58,distant_c0.7_from0.8,2,joint_projected,20841535,True,True,,1,0.13081589003559202,0.030726084,0.13081589003559202,0.15110199304763228
58,distant_c0.7_from0.8,2,cartesian_ik,20841535,True,True,,1,0.0928591979900375,0.021499159,0.0928591979900375,0.11323224008083344
58,distant_c0.7_from0.8,3,cartesian_ik,20841636,True,True,,1,0.0824498530710116,0.020706927,0.0824498530710116,0.10279973910655826
58,distant_c0.7_from0.8,3,ompl_uniform,20841636,True,True,,1,0.09972486703190953,0.017082925,0.09972486703190953,0.1013530750060454
58,distant_c0.7_from0.8,3,joint_projected,20841636,True,True,,1,0.0560767010319978,0.023755263,0.0560767010319978,0.07686801708769053
58,distant_c0.7_from0.8,4,cartesian_ik,20841737,True,True,,1,0.09711622504983097,0.033027716,0.09711622504983097,0.11745769903063774
58,distant_c0.7_from0.8,4,ompl_uniform,20841737,True,True,,1,0.07089629804249853,0.017795694,0.07089629804249853,0.07233732589520514
58,distant_c0.7_from0.8,4,joint_projected,20841737,True,True,,1,0.09780159092042595,0.027252008,0.09780159092042595,0.11826329410541803
19,central_c0.7_from0.8,0,cartesian_ik,20451060,True,True,,1,0.18281366594601423,0.060371138,0.18281366594601423,0.20276654290501028
19,central_c0.7_from0.8,0,joint_projected,20451060,True,True,,1,0.19097389804665,0.11372991,0.19097389804665,0.2110533299855888
19,central_c0.7_from0.8,0,ompl_uniform,20451060,True,True,,1,0.17488169495481998,0.012501891,0.17488169495481998,0.17606028995942324
19,central_c0.7_from0.8,1,ompl_uniform,20451161,True,True,,1,0.11121076007839292,0.019824778,0.11121076007839292,0.11255893798079342
19,central_c0.7_from0.8,1,joint_projected,20451161,True,True,,1,0.2126576550072059,0.112274779,0.2126576550072059,0.23310391302220523
19,central_c0.7_from0.8,1,cartesian_ik,20451161,True,True,,1,0.07130851794499904,0.039995291,0.07130851794499904,0.09149054996669292
19,central_c0.7_from0.8,2,ompl_uniform,20451262,True,True,,1,0.2917137199547142,0.020845798,0.2917137199547142,0.2935315310023725
19,central_c0.7_from0.8,2,joint_projected,20451262,True,True,,1,0.14860717905685306,0.113644572,0.14860717905685306,0.16926117392722517
19,central_c0.7_from0.8,2,cartesian_ik,20451262,True,True,,1,0.2550019200425595,0.052758988,0.2550019200425595,0.27508841699454933
19,central_c0.7_from0.8,3,cartesian_ik,20451363,True,True,,1,0.2257607049541548,0.111205116,0.2257607049541548,0.24587908596731722
19,central_c0.7_from0.8,3,ompl_uniform,20451363,True,True,,1,0.18846843298524618,0.018586004,0.18846843298524618,0.19006761105265468
19,central_c0.7_from0.8,3,joint_projected,20451363,True,True,,1,0.26799803599715233,0.113909339,0.26799803599715233,0.2885770209832117
19,central_c0.7_from0.8,4,joint_projected,20451464,True,True,,1,0.2802221439778805,0.125769137,0.2802221439778805,0.3003950270358473
19,central_c0.7_from0.8,4,cartesian_ik,20451464,True,True,,1,0.11523208406288177,0.030284476,0.11523208406288177,0.13505261903628707
19,central_c0.7_from0.8,4,ompl_uniform,20451464,True,True,,1,0.24836811202112585,0.01975977,0.24836811202112585,0.24981751199811697
50,distant_c0.7_from0.8,0,ompl_uniform,20761277,True,True,,1,0.16730471199844033,0.019107856,0.16730471199844033,0.16833819902967662
50,distant_c0.7_from0.8,0,cartesian_ik,20761277,True,True,,1,0.10033783398102969,0.020724491,0.10033783398102969,0.12001186597626656
50,distant_c0.7_from0.8,0,joint_projected,20761277,True,True,,1,0.10259628796484321,0.039935043,0.10259628796484321,0.12231604591943324
50,distant_c0.7_from0.8,1,joint_projected,20761378,True,True,,1,0.0974257729249075,0.026135699,0.0974257729249075,0.11739371903240681
50,distant_c0.7_from0.8,1,cartesian_ik,20761378,True,True,,1,0.09682819398585707,0.008651491,0.09682819398585707,0.11650896689388901
50,distant_c0.7_from0.8,1,ompl_uniform,20761378,True,True,,1,0.18465038598515093,0.018723273,0.18465038598515093,0.18603283702395856
50,distant_c0.7_from0.8,2,ompl_uniform,20761479,True,True,,1,0.08678755501750857,0.009898949,0.08678755501750857,0.08868537202943116
50,distant_c0.7_from0.8,2,cartesian_ik,20761479,True,True,,1,0.0719767709961161,0.025009547,0.0719767709961161,0.09231782297138125
50,distant_c0.7_from0.8,2,joint_projected,20761479,True,True,,1,0.10825224791187793,0.047821517,0.10825224791187793,0.1282919510267675
50,distant_c0.7_from0.8,3,joint_projected,20761580,True,True,,1,0.12697251606732607,0.019513816,0.12697251606732607,0.14698527299333364
50,distant_c0.7_from0.8,3,ompl_uniform,20761580,True,True,,1,0.2030063389101997,0.031667624,0.2030063389101997,0.20464254601392895
50,distant_c0.7_from0.8,3,cartesian_ik,20761580,True,True,,1,0.2459087399765849,0.021180493,0.2459087399765849,0.2669009229866788
50,distant_c0.7_from0.8,4,joint_projected,20761681,True,True,,1,0.15023325104266405,0.032325094,0.15023325104266405,0.1710574469761923
50,distant_c0.7_from0.8,4,cartesian_ik,20761681,True,True,,1,0.09634188807103783,0.014459641,0.09634188807103783,0.11653720901813358
50,distant_c0.7_from0.8,4,ompl_uniform,20761681,True,True,,1,0.14143774297554046,0.015395245,0.14143774297554046,0.1430222240742296
15,central_c0.7_from0.8,0,cartesian_ik,20411032,True,True,,1,0.1715963400201872,0.059765775,0.1715963400201872,0.19182180787902325
15,central_c0.7_from0.8,0,joint_projected,20411032,True,True,,1,0.06922903109807521,0.018676672,0.06922903109807521,0.08989556285087019
15,central_c0.7_from0.8,0,ompl_uniform,20411032,True,True,,1,0.14989541098475456,0.013595336,0.14989541098475456,0.15109563199803233
15,central_c0.7_from0.8,1,cartesian_ik,20411133,True,True,,1,0.06228550092782825,0.016804611,0.06228550092782825,0.08277384692337364
15,central_c0.7_from0.8,1,ompl_uniform,20411133,True,True,,1,0.08285762695595622,0.009325014,0.08285762695595622,0.08408870897255838
15,central_c0.7_from0.8,1,joint_projected,20411133,True,True,,1,0.10170004202518612,0.017764952,0.10170004202518612,0.12206876196432859
15,central_c0.7_from0.8,2,ompl_uniform,20411234,True,True,,1,0.23865693504922092,0.037528182,0.23865693504922092,0.2401422190014273
15,central_c0.7_from0.8,2,joint_projected,20411234,True,True,,1,0.24735727393999696,0.033198125,0.24735727393999696,0.2680544488830492
15,central_c0.7_from0.8,2,cartesian_ik,20411234,True,True,,1,0.0967346599791199,0.026651958,0.0967346599791199,0.11746825987938792
15,central_c0.7_from0.8,3,joint_projected,20411335,True,True,,1,0.09765014902222902,0.030533255,0.09765014902222902,0.11751630785875022
15,central_c0.7_from0.8,3,cartesian_ik,20411335,True,True,,1,0.19626217696350068,0.047648587,0.19626217696350068,0.2173181939870119
15,central_c0.7_from0.8,3,ompl_uniform,20411335,True,True,,1,0.20041038806084543,0.015085629,0.20041038806084543,0.20201000897213817
15,central_c0.7_from0.8,4,cartesian_ik,20411436,True,True,,1,0.17100530001334846,0.047568396,0.17100530001334846,0.19209266791585833
15,central_c0.7_from0.8,4,ompl_uniform,20411436,True,True,,1,0.16903464298229665,0.024107849,0.16903464298229665,0.1703297059284523
15,central_c0.7_from0.8,4,joint_projected,20411436,True,True,,1,0.09436246799305081,0.024042112,0.09436246799305081,0.1149619867792353
55,distant_c0.7_from0.8,0,ompl_uniform,20811312,True,True,,1,0.17162168095819652,0.014956324,0.17162168095819652,0.17273140302859247
55,distant_c0.7_from0.8,0,joint_projected,20811312,True,True,,1,0.13194608699996024,0.11362609,0.13194608699996024,0.1524581469129771
55,distant_c0.7_from0.8,0,cartesian_ik,20811312,True,True,,1,0.231589657953009,0.048599383,0.231589657953009,0.25220562901813537
55,distant_c0.7_from0.8,1,ompl_uniform,20811413,True,True,,1,0.1447235920932144,0.02062831,0.1447235920932144,0.14584429492242634
55,distant_c0.7_from0.8,1,joint_projected,20811413,True,True,,1,0.22192468005232513,0.113358098,0.22192468005232513,0.2421302719740197
55,distant_c0.7_from0.8,1,cartesian_ik,20811413,True,True,,1,0.1362846790580079,0.038662061,0.1362846790580079,0.15646514296531677
55,distant_c0.7_from0.8,2,joint_projected,20811514,True,True,,1,0.19967459910549223,0.098945944,0.19967459910549223,0.2200741790002212
55,distant_c0.7_from0.8,2,cartesian_ik,20811514,True,True,,1,0.08808222296647727,0.024307577,0.08808222296647727,0.10826840694062412
55,distant_c0.7_from0.8,2,ompl_uniform,20811514,True,True,,1,0.13197146507445723,0.011157813,0.13197146507445723,0.1330471410183236
55,distant_c0.7_from0.8,3,ompl_uniform,20811615,True,True,,1,0.12454181292559952,0.010035113,0.12454181292559952,0.1259757769294083
55,distant_c0.7_from0.8,3,joint_projected,20811615,True,True,,1,0.18842423905152828,0.115528064,0.18842423905152828,0.20832148694898933
55,distant_c0.7_from0.8,3,cartesian_ik,20811615,True,True,,1,0.07621328497771174,0.049299084,0.07621328497771174,0.0962643539533019
55,distant_c0.7_from0.8,4,joint_projected,20811716,True,True,,1,0.1768232190515846,0.118777281,0.1768232190515846,0.19674999685958028
55,distant_c0.7_from0.8,4,cartesian_ik,20811716,True,True,,1,0.16984846000559628,0.020991629,0.16984846000559628,0.19030631589703262
55,distant_c0.7_from0.8,4,ompl_uniform,20811716,True,True,,1,0.061664148001000285,0.010825542,0.061664148001000285,0.06302696408238262
25,offset_c0.5_from0.2,0,joint_projected,20511102,True,True,,1,0.21103709598537534,0.033141769,0.21103709598537534,0.23096002696547657
25,offset_c0.5_from0.2,0,ompl_uniform,20511102,True,True,,1,0.19776305207051337,0.027493701,0.19776305207051337,0.19906553498003632
25,offset_c0.5_from0.2,0,cartesian_ik,20511102,True,True,,1,0.08909770008176565,0.021674243,0.08909770008176565,0.10973709891550243
25,offset_c0.5_from0.2,1,joint_projected,20511203,True,True,,1,0.22200863796751946,0.048609456,0.22200863796751946,0.2427540880162269
25,offset_c0.5_from0.2,1,ompl_uniform,20511203,True,True,,1,0.22653363598510623,0.015034056,0.22653363598510623,0.22796712501440197
25,offset_c0.5_from0.2,1,cartesian_ik,20511203,True,True,,1,0.18616277200635523,0.033445501,0.18616277200635523,0.20645080192480236
25,offset_c0.5_from0.2,2,cartesian_ik,20511304,True,True,,1,0.11285077896900475,0.030914369,0.11285077896900475,0.13316592096816748
25,offset_c0.5_from0.2,2,ompl_uniform,20511304,True,True,,1,0.19616361998487264,0.021722985,0.19616361998487264,0.1979511819081381
25,offset_c0.5_from0.2,2,joint_projected,20511304,True,True,,1,0.07004907703958452,0.023976816,0.07004907703958452,0.09036809101235121
25,offset_c0.5_from0.2,3,ompl_uniform,20511405,True,True,,1,0.17736962798517197,0.014926834,0.17736962798517197,0.17872735194396228
25,offset_c0.5_from0.2,3,cartesian_ik,20511405,True,True,,1,0.09622307494282722,0.016907707,0.09622307494282722,0.1170258759520948
25,offset_c0.5_from0.2,3,joint_projected,20511405,True,True,,1,0.1946245040744543,0.020598525,0.1946245040744543,0.21537038893438876
25,offset_c0.5_from0.2,4,cartesian_ik,20511506,True,True,,1,0.22057173401117325,0.055986473,0.22057173401117325,0.24110943893902004
25,offset_c0.5_from0.2,4,ompl_uniform,20511506,True,True,,1,0.16441912797745317,0.027718227,0.16441912797745317,0.16575688705779612
25,offset_c0.5_from0.2,4,joint_projected,20511506,True,True,,1,0.09196480398532003,0.021299805,0.09196480398532003,0.11258956498932093
2,central_c0.5_from0.2,0,cartesian_ik,20280941,True,True,,1,0.0995289139682427,0.017306006,0.0995289139682427,0.11919523309916258
2,central_c0.5_from0.2,0,joint_projected,20280941,True,True,,1,0.11196433007717133,0.022022958,0.11196433007717133,0.13244674901943654
2,central_c0.5_from0.2,0,ompl_uniform,20280941,True,True,,1,0.15268450300209224,0.023131102,0.15268450300209224,0.15432070707902312
2,central_c0.5_from0.2,1,joint_projected,20281042,True,True,,1,0.23108211799990386,0.020812761,0.23108211799990386,0.25206863903440535
2,central_c0.5_from0.2,1,ompl_uniform,20281042,True,True,,1,0.15544255392160267,0.019323968,0.15544255392160267,0.1570555530488491
2,central_c0.5_from0.2,1,cartesian_ik,20281042,True,True,,1,0.1430857819505036,0.012886704,0.1430857819505036,0.1632644720375538
2,central_c0.5_from0.2,2,ompl_uniform,20281143,True,True,,1,0.1367384169716388,0.015010396,0.1367384169716388,0.13877973705530167
2,central_c0.5_from0.2,2,joint_projected,20281143,True,True,,1,0.19412781693972647,0.028091818,0.19412781693972647,0.2147343980614096
2,central_c0.5_from0.2,2,cartesian_ik,20281143,True,True,,1,0.11785916902590543,0.026238758,0.11785916902590543,0.13762733805924654
2,central_c0.5_from0.2,3,joint_projected,20281244,True,True,,1,0.1373486799420789,0.021933141,0.1373486799420789,0.15779376914724708
2,central_c0.5_from0.2,3,cartesian_ik,20281244,True,True,,1,0.18016092397738248,0.030947793,0.18016092397738248,0.20000857603736222
2,central_c0.5_from0.2,3,ompl_uniform,20281244,True,True,,1,0.06879761908203363,0.006449016,0.06879761908203363,0.07052025489974767
2,central_c0.5_from0.2,4,ompl_uniform,20281345,True,True,,1,0.177847757935524,0.029966233,0.177847757935524,0.17943656095303595
2,central_c0.5_from0.2,4,joint_projected,20281345,True,True,,1,0.12058741203509271,0.026783646,0.12058741203509271,0.1410029970575124
2,central_c0.5_from0.2,4,cartesian_ik,20281345,True,True,,1,0.1936119559686631,0.029419293,0.1936119559686631,0.21353508508764207
28,offset_c0.5_from0.2,0,ompl_uniform,20541123,True,True,,1,0.225978238042444,0.025803835,0.225978238042444,0.22756353707518429
28,offset_c0.5_from0.2,0,cartesian_ik,20541123,True,True,,1,0.07302494393661618,0.01713259,0.07302494393661618,0.09335882891900837
28,offset_c0.5_from0.2,0,joint_projected,20541123,True,True,,1,0.1860469359671697,0.018072074,0.1860469359671697,0.20690961903892457
28,offset_c0.5_from0.2,1,joint_projected,20541224,True,True,,1,0.14656550996005535,0.030634887,0.14656550996005535,0.1677603479474783
28,offset_c0.5_from0.2,1,ompl_uniform,20541224,True,True,,1,0.1781361880712211,0.014432263,0.1781361880712211,0.18007307802326977
28,offset_c0.5_from0.2,1,cartesian_ik,20541224,True,True,,1,0.1813904659356922,0.031672099,0.1813904659356922,0.20252251904457808
28,offset_c0.5_from0.2,2,ompl_uniform,20541325,True,True,,1,0.1434400910511613,0.012919012,0.1434400910511613,0.14508657902479172
28,offset_c0.5_from0.2,2,cartesian_ik,20541325,True,True,,1,0.13335130701307207,0.03416137,0.13335130701307207,0.15394621703308076
28,offset_c0.5_from0.2,2,joint_projected,20541325,True,True,,1,0.04980140796396881,0.023599569,0.04980140796396881,0.07078393292613328
28,offset_c0.5_from0.2,3,joint_projected,20541426,True,True,,1,0.13305842992849648,0.021889936,0.13305842992849648,0.15342937095556408
28,offset_c0.5_from0.2,3,cartesian_ik,20541426,True,True,,1,0.2159142120508477,0.017713138,0.2159142120508477,0.23663998092524707
28,offset_c0.5_from0.2,3,ompl_uniform,20541426,True,True,,1,0.1392526780255139,0.017266502,0.1392526780255139,0.14044091606047004
28,offset_c0.5_from0.2,4,cartesian_ik,20541527,True,True,,1,0.13209383003413677,0.017246757,0.13209383003413677,0.15261242794804275
28,offset_c0.5_from0.2,4,ompl_uniform,20541527,True,True,,1,0.12100332695990801,0.031243885,0.12100332695990801,0.12224471697118133
28,offset_c0.5_from0.2,4,joint_projected,20541527,True,True,,1,0.14913650893140584,0.027535828,0.14913650893140584,0.17050882300827652
59,distant_c0.7_from0.8,0,joint_projected,20851340,True,True,,1,0.18226636399049312,0.172708788,0.18226636399049312,0.20198613090906292
59,distant_c0.7_from0.8,0,ompl_uniform,20851340,True,True,,1,0.17369340697769076,0.021736354,0.17369340697769076,0.17525511502753943
59,distant_c0.7_from0.8,0,cartesian_ik,20851340,True,True,,1,0.14998397894669324,0.020535471,0.14998397894669324,0.17054039996583015
59,distant_c0.7_from0.8,1,cartesian_ik,20851441,True,True,,1,0.1675905790179968,0.008607426,0.1675905790179968,0.18763480288907886
59,distant_c0.7_from0.8,1,ompl_uniform,20851441,True,True,,1,0.13652592001017183,0.022638497,0.13652592001017183,0.13776347297243774
59,distant_c0.7_from0.8,1,joint_projected,20851441,True,True,,1,0.24726465297862887,0.191355506,0.24726465297862887,0.2677014359505847
59,distant_c0.7_from0.8,2,joint_projected,20851542,True,True,,1,0.17928031599149108,0.171869967,0.17928031599149108,0.19964536698535085
59,distant_c0.7_from0.8,2,ompl_uniform,20851542,True,True,,1,0.0669443670194596,0.005799476,0.0669443670194596,0.06826768803875893
59,distant_c0.7_from0.8,2,cartesian_ik,20851542,True,True,,1,0.11320571496617049,0.048908905,0.11320571496617049,0.13300673989579082
59,distant_c0.7_from0.8,3,cartesian_ik,20851643,True,True,,1,0.25457359896972775,0.130997222,0.25457359896972775,0.2748750629834831
59,distant_c0.7_from0.8,3,ompl_uniform,20851643,True,True,,1,0.1461865089368075,0.009729955,0.1461865089368075,0.1475679180584848
59,distant_c0.7_from0.8,3,joint_projected,20851643,True,True,,1,0.28874219802673906,0.200604935,0.28874219802673906,0.308893405017443
59,distant_c0.7_from0.8,4,ompl_uniform,20851744,True,True,,1,0.18397761206142604,0.020115552,0.18397761206142604,0.18565447197761387
59,distant_c0.7_from0.8,4,joint_projected,20851744,True,True,,1,0.279085234971717,0.179894164,0.279085234971717,0.2994755319086835
59,distant_c0.7_from0.8,4,cartesian_ik,20851744,True,True,,1,0.10230049700476229,0.063751316,0.10230049700476229,0.12260303692892194
53,distant_c0.7_from0.8,0,ompl_uniform,20791298,True,True,,1,0.17190165200736374,0.022754801,0.17190165200736374,0.17298693291377276
53,distant_c0.7_from0.8,0,joint_projected,20791298,True,True,,1,0.0428657999727875,0.022884182,0.0428657999727875,0.06344406306743622
53,distant_c0.7_from0.8,0,cartesian_ik,20791298,True,True,,1,0.09884198592044413,0.027905871,0.09884198592044413,0.1193195830564946
53,distant_c0.7_from0.8,1,joint_projected,20791399,True,True,,1,0.10121657198760659,0.034052935,0.10121657198760659,0.1221282200422138
53,distant_c0.7_from0.8,1,ompl_uniform,20791399,True,True,,1,0.15537200297694653,0.012212037,0.15537200297694653,0.15695345296990126
53,distant_c0.7_from0.8,1,cartesian_ik,20791399,True,True,,1,0.13993789697997272,0.0501994,0.13993789697997272,0.16088788805063814
53,distant_c0.7_from0.8,2,joint_projected,20791500,True,True,,1,0.06843120290432125,0.041452904,0.06843120290432125,0.08905846299603581
53,distant_c0.7_from0.8,2,ompl_uniform,20791500,True,True,,1,0.13241445901803672,0.016922691,0.13241445901803672,0.13356281409505755
53,distant_c0.7_from0.8,2,cartesian_ik,20791500,True,True,,1,0.040232704021036625,0.018982861,0.040232704021036625,0.06119500601198524
53,distant_c0.7_from0.8,3,cartesian_ik,20791601,True,True,,1,0.1299263050314039,0.027871188,0.1299263050314039,0.15051763399969786
53,distant_c0.7_from0.8,3,joint_projected,20791601,True,True,,1,0.10518496192526072,0.031272946,0.10518496192526072,0.12600626796483994
53,distant_c0.7_from0.8,3,ompl_uniform,20791601,True,True,,1,0.12550639500841498,0.013697135,0.12550639500841498,0.1269462830387056
53,distant_c0.7_from0.8,4,ompl_uniform,20791702,True,True,,1,0.13076007599011064,0.012853089,0.13076007599011064,0.1324446469079703
53,distant_c0.7_from0.8,4,cartesian_ik,20791702,True,True,,1,0.11941785307135433,0.038838236,0.11941785307135433,0.140409340034239
53,distant_c0.7_from0.8,4,joint_projected,20791702,True,True,,1,0.13913578493520617,0.018371684,0.13913578493520617,0.15960610995534807
26,offset_c0.5_from0.2,0,ompl_uniform,20521109,True,True,,1,0.1952390189981088,0.017786588,0.1952390189981088,0.1964635089971125
26,offset_c0.5_from0.2,0,cartesian_ik,20521109,True,True,,1,0.207533742999658,0.017957258,0.207533742999658,0.22850373084656894
26,offset_c0.5_from0.2,0,joint_projected,20521109,True,True,,1,0.2316133889835328,0.032133586,0.2316133889835328,0.25251108582597226
26,offset_c0.5_from0.2,1,ompl_uniform,20521210,True,True,,1,0.1675251800334081,0.017305398,0.1675251800334081,0.1693214470287785
26,offset_c0.5_from0.2,1,joint_projected,20521210,True,True,,1,0.09115125401876867,0.031596897,0.09115125401876867,0.11179257393814623
26,offset_c0.5_from0.2,1,cartesian_ik,20521210,True,True,,1,0.16185658099129796,0.028941427,0.16185658099129796,0.1824071368901059
26,offset_c0.5_from0.2,2,ompl_uniform,20521311,True,True,,1,0.15980786096770316,0.015879028,0.15980786096770316,0.16119477606844157
26,offset_c0.5_from0.2,2,joint_projected,20521311,True,True,,1,0.04000459110829979,0.011872242,0.04000459110829979,0.060209616902284324
26,offset_c0.5_from0.2,2,cartesian_ik,20521311,True,True,,1,0.07738230202812701,0.021217324,0.07738230202812701,0.09725671587511897
26,offset_c0.5_from0.2,3,cartesian_ik,20521412,True,True,,1,0.17169820494018495,0.035442319,0.17169820494018495,0.19214778789319098
26,offset_c0.5_from0.2,3,joint_projected,20521412,True,True,,1,0.09454672189895064,0.02588797,0.09454672189895064,0.11471583892125636
26,offset_c0.5_from0.2,3,ompl_uniform,20521412,True,True,,1,0.13548624597024173,0.018767877,0.13548624597024173,0.13671146996784955
26,offset_c0.5_from0.2,4,joint_projected,20521513,True,True,,1,0.18984396092128009,0.034709312,0.18984396092128009,0.2102670039748773
26,offset_c0.5_from0.2,4,cartesian_ik,20521513,True,True,,1,0.027634188998490572,0.006533831,0.027634188998490572,0.04746380390133709
26,offset_c0.5_from0.2,4,ompl_uniform,20521513,True,True,,1,0.14119658607523888,0.011237243,0.14119658607523888,0.14227677311282605
13,central_c0.7_from0.8,0,cartesian_ik,20391018,True,True,,1,0.11928331607487053,0.02702779,0.11928331607487053,0.13873000000603497
13,central_c0.7_from0.8,0,ompl_uniform,20391018,True,True,,1,0.14523943897802383,0.02599409,0.14523943897802383,0.14636638399679214
13,central_c0.7_from0.8,0,joint_projected,20391018,True,True,,1,0.09370951098389924,0.021701922,0.09370951098389924,0.11376063106581569
13,central_c0.7_from0.8,1,joint_projected,20391119,True,True,,1,0.07387198391370475,0.011872213,0.07387198391370475,0.0939674690598622
13,central_c0.7_from0.8,1,ompl_uniform,20391119,True,True,,1,0.09424263599794358,0.019853236,0.09424263599794358,0.09554453508462757
13,central_c0.7_from0.8,1,cartesian_ik,20391119,True,True,,1,0.13833242503460497,0.020130739,0.13833242503460497,0.15811015397775918
13,central_c0.7_from0.8,2,joint_projected,20391220,True,True,,1,0.13686489802785218,0.035666777,0.13686489802785218,0.15647029504179955
13,central_c0.7_from0.8,2,ompl_uniform,20391220,True,True,,1,0.1237816420616582,0.015965757,0.1237816420616582,0.1253588490653783
13,central_c0.7_from0.8,2,cartesian_ik,20391220,True,True,,1,0.14432741701602936,0.044438363,0.14432741701602936,0.16432349907699972
13,central_c0.7_from0.8,3,cartesian_ik,20391321,True,True,,1,0.05439122102688998,0.021699388,0.05439122102688998,0.07434884808026254
13,central_c0.7_from0.8,3,ompl_uniform,20391321,True,True,,1,0.11407808109652251,0.00863076,0.11407808109652251,0.11524200695566833
13,central_c0.7_from0.8,3,joint_projected,20391321,True,True,,1,0.09549038298428059,0.024658529,0.09549038298428059,0.11574304604437202
13,central_c0.7_from0.8,4,ompl_uniform,20391422,True,True,,1,0.12125135993119329,0.009302152,0.12125135993119329,0.12250025803223252
13,central_c0.7_from0.8,4,joint_projected,20391422,True,True,,1,0.14610685699153692,0.035108569,0.14610685699153692,0.16585462808143348
13,central_c0.7_from0.8,4,cartesian_ik,20391422,True,True,,1,0.20097869902383536,0.01803957,0.20097869902383536,0.2211317460751161
43,distant_c0.5_from0.2,0,joint_projected,20691228,True,True,,1,0.1349916079780087,0.046663545,0.1349916079780087,0.15510203002486378
43,distant_c0.5_from0.2,0,ompl_uniform,20691228,True,True,,1,0.28736678801942617,0.014161513,0.28736678801942617,0.2888032909249887
43,distant_c0.5_from0.2,0,cartesian_ik,20691228,True,True,,1,0.062444487935863435,0.009189986,0.062444487935863435,0.08370270591694862
43,distant_c0.5_from0.2,1,joint_projected,20691329,True,True,,1,0.10086712497286499,0.01231699,0.10086712497286499,0.12228420190513134
43,distant_c0.5_from0.2,1,ompl_uniform,20691329,True,True,,1,0.0836627350654453,0.006859537,0.0836627350654453,0.08537972602061927
43,distant_c0.5_from0.2,1,cartesian_ik,20691329,True,True,,1,0.10125234804581851,0.037916977,0.10125234804581851,0.1223307210020721
43,distant_c0.5_from0.2,2,ompl_uniform,20691430,True,True,,1,0.07257107994519174,0.007512614,0.07257107994519174,0.07407819805666804
43,distant_c0.5_from0.2,2,cartesian_ik,20691430,True,True,,1,0.07112582889385521,0.022345089,0.07112582889385521,0.09202989586628973
43,distant_c0.5_from0.2,2,joint_projected,20691430,True,True,,1,0.12911354505922645,0.029470322,0.12911354505922645,0.14957811997737736
43,distant_c0.5_from0.2,3,joint_projected,20691531,True,True,,1,0.1170884850434959,0.023717366,0.1170884850434959,0.13821638200897723
43,distant_c0.5_from0.2,3,cartesian_ik,20691531,True,True,,1,0.1474209469743073,0.030397849,0.1474209469743073,0.16783413395751268
43,distant_c0.5_from0.2,3,ompl_uniform,20691531,True,True,,1,0.09948754892684519,0.020018114,0.09948754892684519,0.10082418599631637
43,distant_c0.5_from0.2,4,joint_projected,20691632,True,True,,1,0.11493450589478016,0.026170681,0.11493450589478016,0.13625336694531143
43,distant_c0.5_from0.2,4,cartesian_ik,20691632,True,True,,1,0.08766921109054238,0.014692722,0.08766921109054238,0.10922558093443513
43,distant_c0.5_from0.2,4,ompl_uniform,20691632,True,True,,1,0.141305623925291,0.010436014,0.141305623925291,0.14279214397538453
49,distant_c0.5_from0.2,0,ompl_uniform,20751270,True,True,,1,0.22177300602197647,0.011504608,0.22177300602197647,0.22319056501146406
49,distant_c0.5_from0.2,0,joint_projected,20751270,True,True,,1,0.18154065601993352,0.029199866,0.18154065601993352,0.20260839990805835
49,distant_c0.5_from0.2,0,cartesian_ik,20751270,True,True,,1,0.09785246499814093,0.017411736,0.09785246499814093,0.1185991489328444
49,distant_c0.5_from0.2,1,cartesian_ik,20751371,True,True,,1,0.17223541205748916,0.010269298,0.17223541205748916,0.1929364699171856
49,distant_c0.5_from0.2,1,joint_projected,20751371,True,True,,1,0.12753011495806277,0.019575068,0.12753011495806277,0.1479762539966032
49,distant_c0.5_from0.2,1,ompl_uniform,20751371,True,True,,1,0.07641135901212692,0.007428932,0.07641135901212692,0.07767847995273769
49,distant_c0.5_from0.2,2,joint_projected,20751472,True,True,,1,0.09449162997771055,0.046496888,0.09449162997771055,0.115407605888322
49,distant_c0.5_from0.2,2,ompl_uniform,20751472,True,True,,1,0.17817303794436157,0.028715616,0.17817303794436157,0.17982356494758278
49,distant_c0.5_from0.2,2,cartesian_ik,20751472,True,True,,1,0.08027784700971097,0.008913766,0.08027784700971097,0.10124026297125965
49,distant_c0.5_from0.2,3,joint_projected,20751573,True,True,,1,0.13260182493831962,0.031461866,0.13260182493831962,0.15301214100327343
49,distant_c0.5_from0.2,3,ompl_uniform,20751573,True,True,,1,0.110806924989447,0.010035188,0.110806924989447,0.11275022802874446
49,distant_c0.5_from0.2,3,cartesian_ik,20751573,True,True,,1,0.02680695499293506,0.008012026,0.02680695499293506,0.04782668792176992
49,distant_c0.5_from0.2,4,ompl_uniform,20751674,True,True,,1,0.14625498501118273,0.040555929,0.14625498501118273,0.14800891594495624
49,distant_c0.5_from0.2,4,joint_projected,20751674,True,True,,1,0.11620790197048336,0.042066004,0.11620790197048336,0.13721881294623017
49,distant_c0.5_from0.2,4,cartesian_ik,20751674,True,True,,1,0.02744051907211542,0.010044253,0.02744051907211542,0.047986302874051034
3,central_c0.5_from0.2,0,ompl_uniform,20290948,True,True,,1,0.08225432108156383,0.018207544,0.08225432108156383,0.0832497599767521
3,central_c0.5_from0.2,0,joint_projected,20290948,True,True,,1,0.0909542660228908,0.017282345,0.0909542660228908,0.11096103210002184
3,central_c0.5_from0.2,0,cartesian_ik,20290948,True,True,,1,0.20271475100889802,0.013426456,0.20271475100889802,0.22308479109779
3,central_c0.5_from0.2,1,joint_projected,20291049,True,True,,1,0.1228784240083769,0.032166822,0.1228784240083769,0.1427699699997902
3,central_c0.5_from0.2,1,cartesian_ik,20291049,True,True,,1,0.1863503799540922,0.041324078,0.1863503799540922,0.2070315870223567
3,central_c0.5_from0.2,1,ompl_uniform,20291049,True,True,,1,0.16265725996345282,0.018653887,0.16265725996345282,0.1644497870001942
3,central_c0.5_from0.2,2,cartesian_ik,20291150,True,True,,1,0.08452769706491381,0.013957653,0.08452769706491381,0.10524586006067693
3,central_c0.5_from0.2,2,ompl_uniform,20291150,True,True,,1,0.0959925000788644,0.006709813,0.0959925000788644,0.09731839795131236
3,central_c0.5_from0.2,2,joint_projected,20291150,True,True,,1,0.11245895002502948,0.027419344,0.11245895002502948,0.1328696790151298
3,central_c0.5_from0.2,3,cartesian_ik,20291251,True,True,,1,0.1017979949247092,0.029748825,0.1017979949247092,0.12181847798638046
3,central_c0.5_from0.2,3,ompl_uniform,20291251,True,True,,1,0.18970939796417952,0.015020615,0.18970939796417952,0.19103413505945355
3,central_c0.5_from0.2,3,joint_projected,20291251,True,True,,1,0.3182232369435951,0.03518147,0.3182232369435951,0.3388447460019961
3,central_c0.5_from0.2,4,ompl_uniform,20291352,True,True,,1,0.17641636601183563,0.011208929,0.17641636601183563,0.1775281960144639
3,central_c0.5_from0.2,4,cartesian_ik,20291352,True,True,,1,0.2139600459486246,0.018377331,0.2139600459486246,0.23402670200448483
3,central_c0.5_from0.2,4,joint_projected,20291352,True,True,,1,0.05877837003208697,0.016614488,0.05877837003208697,0.07932865305338055
32,offset_c0.7_from0.8,0,joint_projected,20581151,True,True,,1,0.28052252903580666,0.186464373,0.28052252903580666,0.30076847586315125
32,offset_c0.7_from0.8,0,ompl_uniform,20581151,True,True,,1,0.07366241491399705,0.007829148,0.07366241491399705,0.07541460497304797
32,offset_c0.7_from0.8,0,cartesian_ik,20581151,True,True,,1,0.3430009949952364,0.145253506,0.3430009949952364,0.3641813949216157
32,offset_c0.7_from0.8,1,joint_projected,20581252,True,True,,1,0.34848736703861505,0.197536603,0.34848736703861505,0.36929674283601344
32,offset_c0.7_from0.8,1,cartesian_ik,20581252,True,True,,1,0.3112556099658832,0.192895712,0.3112556099658832,0.332130137947388
32,offset_c0.7_from0.8,1,ompl_uniform,20581252,True,True,,1,0.2079519840190187,0.013408345,0.2079519840190187,0.20978029898833483
32,offset_c0.7_from0.8,2,cartesian_ik,20581353,True,True,,1,0.36870242608711123,0.115207679,0.36870242608711123,0.389441808918491
32,offset_c0.7_from0.8,2,ompl_uniform,20581353,True,True,,1,0.17168455908540636,0.012181903,0.17168455908540636,0.17323353595566005
32,offset_c0.7_from0.8,2,joint_projected,20581353,True,True,,1,0.33994420093949884,0.179047153,0.33994420093949884,0.3607638538815081
32,offset_c0.7_from0.8,3,cartesian_ik,20581454,True,True,,1,0.19016957900021225,0.108265128,0.19016957900021225,0.21133150288369507
32,offset_c0.7_from0.8,3,joint_projected,20581454,True,True,,1,0.9438006159616634,0.751315222,0.9438006159616634,0.9643984999274835
32,offset_c0.7_from0.8,3,ompl_uniform,20581454,True,True,,1,0.33336034300737083,0.047409965,0.33336034300737083,0.3351748159620911
32,offset_c0.7_from0.8,4,cartesian_ik,20581555,True,True,,1,0.4204785190522671,0.104265532,0.4204785190522671,0.4412792158545926
32,offset_c0.7_from0.8,4,joint_projected,20581555,False,False,planning,99999,3.042509336024523,0.0,6.0,3.062329351902008
32,offset_c0.7_from0.8,4,ompl_uniform,20581555,True,True,,1,0.21270069002639502,0.045795616,0.21270069002639502,0.21385873097460717
23,offset_c0.5_from0.2,0,ompl_uniform,20491088,True,True,,1,0.19930203806143254,0.032746834,0.19930203806143254,0.2005105580901727
23,offset_c0.5_from0.2,0,joint_projected,20491088,True,True,,1,0.1567247969796881,0.030712855,0.1567247969796881,0.17743202997371554
23,offset_c0.5_from0.2,0,cartesian_ik,20491088,True,True,,1,0.24608023010659963,0.037154136,0.24608023010659963,0.26665202295407653
23,offset_c0.5_from0.2,1,cartesian_ik,20491189,True,True,,1,0.19012292195111513,0.023215293,0.19012292195111513,0.21003206295426935
23,offset_c0.5_from0.2,1,ompl_uniform,20491189,False,True,path_audit,1,0.12509181292261928,0.011234183,6.0,0.12630320200696588
23,offset_c0.5_from0.2,1,joint_projected,20491189,True,True,,1,0.10750863805878907,0.026180773,0.10750863805878907,0.12775298801716417
23,offset_c0.5_from0.2,2,ompl_uniform,20491290,True,True,,1,0.19678312505129725,0.018769645,0.19678312505129725,0.19821352197322994
23,offset_c0.5_from0.2,2,cartesian_ik,20491290,True,True,,1,0.2524863019352779,0.083545474,0.2524863019352779,0.2732578630093485
23,offset_c0.5_from0.2,2,joint_projected,20491290,True,True,,1,0.08223131101112813,0.040184442,0.08223131101112813,0.10229510592762381
23,offset_c0.5_from0.2,3,ompl_uniform,20491391,True,True,,1,0.09827674401458353,0.031374527,0.09827674401458353,0.10008886700961739
23,offset_c0.5_from0.2,3,cartesian_ik,20491391,True,True,,1,0.23602424294222146,0.053404335,0.23602424294222146,0.2572125520091504
23,offset_c0.5_from0.2,3,joint_projected,20491391,True,True,,1,0.11501206702087075,0.030615617,0.11501206702087075,0.13571293104905635
23,offset_c0.5_from0.2,4,cartesian_ik,20491492,True,True,,1,0.09135867899749428,0.022871016,0.09135867899749428,0.11124346300493926
23,offset_c0.5_from0.2,4,ompl_uniform,20491492,True,True,,1,0.17517355899326503,0.011032696,0.17517355899326503,0.17710075702052563
23,offset_c0.5_from0.2,4,joint_projected,20491492,True,True,,1,0.14067176601383835,0.025086191,0.14067176601383835,0.16153410798870027
33,offset_c0.7_from0.8,0,ompl_uniform,20591158,True,True,,1,0.1358599429950118,0.01124918,0.1358599429950118,0.13751446700189263
33,offset_c0.7_from0.8,0,joint_projected,20591158,True,True,,1,0.05596831301227212,0.023455947,0.05596831301227212,0.07731693109963089
33,offset_c0.7_from0.8,0,cartesian_ik,20591158,True,True,,1,0.07147891307249665,0.022855538,0.07147891307249665,0.09216881904285401
33,offset_c0.7_from0.8,1,ompl_uniform,20591259,True,True,,1,0.1634567640721798,0.037107073,0.1634567640721798,0.1646565559785813
33,offset_c0.7_from0.8,1,cartesian_ik,20591259,True,True,,1,0.1422275269869715,0.051749423,0.1422275269869715,0.16341111797373742
33,offset_c0.7_from0.8,1,joint_projected,20591259,True,True,,1,0.14186737104319036,0.03531889,0.14186737104319036,0.16292336699552834
33,offset_c0.7_from0.8,2,ompl_uniform,20591360,True,True,,1,0.17170514399185777,0.025178662,0.17170514399185777,0.17310043994802982
33,offset_c0.7_from0.8,2,joint_projected,20591360,True,True,,1,0.13199540507048368,0.023918978,0.13199540507048368,0.15329011098947376
33,offset_c0.7_from0.8,2,cartesian_ik,20591360,True,True,,1,0.16045532003045082,0.034733687,0.16045532003045082,0.18162598204798996
33,offset_c0.7_from0.8,3,cartesian_ik,20591461,True,True,,1,0.33640417305286974,0.076691026,0.33640417305286974,0.35805085010360926
33,offset_c0.7_from0.8,3,ompl_uniform,20591461,True,True,,1,0.08770233893301338,0.01565545,0.08770233893301338,0.0893280680757016
33,offset_c0.7_from0.8,3,joint_projected,20591461,True,True,,1,0.09151760791428387,0.016079746,0.09151760791428387,0.11220647802110761
33,offset_c0.7_from0.8,4,cartesian_ik,20591562,True,True,,1,0.27118206198792905,0.037203729,0.27118206198792905,0.29251647798810154
33,offset_c0.7_from0.8,4,joint_projected,20591562,True,True,,1,0.10241983796004206,0.037447517,0.10241983796004206,0.12350963603239506
33,offset_c0.7_from0.8,4,ompl_uniform,20591562,True,True,,1,0.1756464820355177,0.027819274,0.1756464820355177,0.17747752193827182
51,distant_c0.7_from0.8,0,cartesian_ik,20771284,True,True,,1,0.07222060300409794,0.025377173,0.07222060300409794,0.0919355769874528
51,distant_c0.7_from0.8,0,ompl_uniform,20771284,True,True,,1,0.33609476895071566,0.055923092,0.33609476895071566,0.33778317691758275
51,distant_c0.7_from0.8,0,joint_projected,20771284,True,True,,1,0.13983394694514573,0.033337975,0.13983394694514573,0.16092555306386203
51,distant_c0.7_from0.8,1,ompl_uniform,20771385,True,True,,1,0.18956040602643043,0.033936142,0.18956040602643043,0.19121382699813694
51,distant_c0.7_from0.8,1,joint_projected,20771385,True,True,,1,0.07406642194837332,0.016657443,0.07406642194837332,0.09518959501292557
51,distant_c0.7_from0.8,1,cartesian_ik,20771385,True,True,,1,0.09017849108204246,0.024460281,0.09017849108204246,0.11109507398214191
51,distant_c0.7_from0.8,2,joint_projected,20771486,True,True,,1,0.12381927389651537,0.037844657,0.12381927389651537,0.14417478197719902
51,distant_c0.7_from0.8,2,cartesian_ik,20771486,True,True,,1,0.1178589949849993,0.034513878,0.1178589949849993,0.13851711701136082
51,distant_c0.7_from0.8,2,ompl_uniform,20771486,True,True,,1,0.20954937394708395,0.031711329,0.20954937394708395,0.21159320301376283
51,distant_c0.7_from0.8,3,ompl_uniform,20771587,True,True,,1,0.19023481500335038,0.036753739,0.19023481500335038,0.19182678300421685
51,distant_c0.7_from0.8,3,cartesian_ik,20771587,True,True,,1,0.07520830701105297,0.024866988,0.07520830701105297,0.0968277930514887
51,distant_c0.7_from0.8,3,joint_projected,20771587,True,True,,1,0.07498150097671896,0.017696881,0.07498150097671896,0.09532839700113982
51,distant_c0.7_from0.8,4,joint_projected,20771688,True,True,,1,0.1995971869910136,0.033304484,0.1995971869910136,0.22002261993475258
51,distant_c0.7_from0.8,4,ompl_uniform,20771688,True,True,,1,0.10767828905954957,0.022431737,0.10767828905954957,0.10945588396862149
51,distant_c0.7_from0.8,4,cartesian_ik,20771688,True,True,,1,0.08569904393516481,0.04507736,0.08569904393516481,0.10614073008764535
44,distant_c0.5_from0.2,0,ompl_uniform,20701235,True,True,,1,0.12980260595213622,0.015809771,0.12980260595213622,0.13115995202679187
44,distant_c0.5_from0.2,0,joint_projected,20701235,True,True,,1,0.07357307500205934,0.020870463,0.07357307500205934,0.09434555401094258
44,distant_c0.5_from0.2,0,cartesian_ik,20701235,True,True,,1,0.09915151493623853,0.017779192,0.09915151493623853,0.11996290506795049
44,distant_c0.5_from0.2,1,ompl_uniform,20701336,True,True,,1,0.15802211803384125,0.023637501,0.15802211803384125,0.15990975499153137
44,distant_c0.5_from0.2,1,joint_projected,20701336,True,True,,1,0.10914057702757418,0.021872459,0.10914057702757418,0.13082964601926506
44,distant_c0.5_from0.2,1,cartesian_ik,20701336,True,True,,1,0.08970735198818147,0.022117683,0.08970735198818147,0.11021470301784575
44,distant_c0.5_from0.2,2,cartesian_ik,20701437,True,True,,1,0.12993247690610588,0.036386251,0.12993247690610588,0.15133143903221935
44,distant_c0.5_from0.2,2,joint_projected,20701437,True,True,,1,0.18432266800664365,0.042610161,0.18432266800664365,0.21517116308677942
44,distant_c0.5_from0.2,2,ompl_uniform,20701437,True,True,,1,0.16356697701849043,0.020881706,0.16356697701849043,0.1651938670547679
44,distant_c0.5_from0.2,3,cartesian_ik,20701538,True,True,,1,0.07784273708239198,0.00772502,0.07784273708239198,0.09896907210350037
44,distant_c0.5_from0.2,3,ompl_uniform,20701538,True,True,,1,0.14342385192867368,0.026125202,0.14342385192867368,0.14503293705638498
44,distant_c0.5_from0.2,3,joint_projected,20701538,True,True,,1,0.08925270196050406,0.01564188,0.08925270196050406,0.11009519104845822
44,distant_c0.5_from0.2,4,ompl_uniform,20701639,True,True,,1,0.17822528700344265,0.016875678,0.17822528700344265,0.17965658998582512
44,distant_c0.5_from0.2,4,cartesian_ik,20701639,True,True,,1,0.07556589192245156,0.007201153,0.07556589192245156,0.09672444907482713
44,distant_c0.5_from0.2,4,joint_projected,20701639,True,True,,1,0.11818590899929404,0.027677085,0.11818590899929404,0.13917466101702303
4,central_c0.5_from0.2,0,joint_projected,20300955,True,True,,1,0.12687121494673193,0.034197933,0.12687121494673193,0.1466389539418742
4,central_c0.5_from0.2,0,cartesian_ik,20300955,True,True,,1,0.06495530006941408,0.040588167,0.06495530006941408,0.08496075100265443
4,central_c0.5_from0.2,0,ompl_uniform,20300955,True,True,,1,0.10719147394411266,0.019307486,0.10719147394411266,0.10823696991428733
4,central_c0.5_from0.2,1,ompl_uniform,20301056,True,True,,1,0.24516898801084608,0.039010572,0.24516898801084608,0.24721508007496595
4,central_c0.5_from0.2,1,joint_projected,20301056,True,True,,1,0.09021860989741981,0.020020949,0.09021860989741981,0.11078980495221913
4,central_c0.5_from0.2,1,cartesian_ik,20301056,True,True,,1,0.16811944299843162,0.021631978,0.16811944299843162,0.18892778793815523
4,central_c0.5_from0.2,2,cartesian_ik,20301157,True,True,,1,0.1206015789648518,0.022759054,0.1206015789648518,0.14160393085330725
4,central_c0.5_from0.2,2,joint_projected,20301157,True,True,,1,0.1867718929424882,0.023293428,0.1867718929424882,0.20723803096916527
4,central_c0.5_from0.2,2,ompl_uniform,20301157,True,True,,1,0.1255924489814788,0.011627759,0.1255924489814788,0.1270120480330661
4,central_c0.5_from0.2,3,ompl_uniform,20301258,True,True,,1,0.10297037300188094,0.021529,0.10297037300188094,0.1047207840019837
4,central_c0.5_from0.2,3,cartesian_ik,20301258,True,True,,1,0.12602210196200758,0.048951524,0.12602210196200758,0.14627765491604805
4,central_c0.5_from0.2,3,joint_projected,20301258,True,True,,1,0.2406608979217708,0.028111993,0.2406608979217708,0.2614911819109693
4,central_c0.5_from0.2,4,joint_projected,20301359,True,True,,1,0.17039362096693367,0.03055501,0.17039362096693367,0.19143564195837826
4,central_c0.5_from0.2,4,ompl_uniform,20301359,True,True,,1,0.23682967200875282,0.022009555,0.23682967200875282,0.23838329291902483
4,central_c0.5_from0.2,4,cartesian_ik,20301359,True,True,,1,0.22768561798147857,0.026461196,0.22768561798147857,0.2486201849533245
27,offset_c0.5_from0.2,0,ompl_uniform,20531116,True,True,,1,0.1882312580710277,0.022172849,0.1882312580710277,0.1895441700471565
27,offset_c0.5_from0.2,0,joint_projected,20531116,True,True,,1,0.26200921495910734,0.034166952,0.26200921495910734,0.28298600495327264
27,offset_c0.5_from0.2,0,cartesian_ik,20531116,True,True,,1,0.12985182099509984,0.022310566,0.12985182099509984,0.14980546396691352
27,offset_c0.5_from0.2,1,ompl_uniform,20531217,True,True,,1,0.18716519104782492,0.02288261,0.18716519104782492,0.18887181300669909
27,offset_c0.5_from0.2,1,joint_projected,20531217,True,True,,1,0.09750140004325658,0.020153356,0.09750140004325658,0.11792903090827167
27,offset_c0.5_from0.2,1,cartesian_ik,20531217,True,True,,1,0.12419215496629477,0.023941864,0.12419215496629477,0.14491087396163493
27,offset_c0.5_from0.2,2,ompl_uniform,20531318,True,True,,1,0.16002624505199492,0.014033236,0.16002624505199492,0.16149478300940245
27,offset_c0.5_from0.2,2,joint_projected,20531318,True,True,,1,0.17221955896820873,0.033511868,0.17221955896820873,0.19337772601284087
27,offset_c0.5_from0.2,2,cartesian_ik,20531318,True,True,,1,0.16103076690342277,0.032458859,0.16103076690342277,0.18210398603696376
27,offset_c0.5_from0.2,3,cartesian_ik,20531419,True,True,,1,0.1553834379883483,0.019066382,0.1553834379883483,0.1757083919364959
27,offset_c0.5_from0.2,3,ompl_uniform,20531419,True,True,,1,0.07785593601875007,0.016982458,0.07785593601875007,0.07935859903227538
27,offset_c0.5_from0.2,3,joint_projected,20531419,True,True,,1,0.11986853496637195,0.022496105,0.11986853496637195,0.14077991188969463
27,offset_c0.5_from0.2,4,ompl_uniform,20531520,True,True,,1,0.17618279694579542,0.026066975,0.17618279694579542,0.1776313449954614
27,offset_c0.5_from0.2,4,cartesian_ik,20531520,True,True,,1,0.13242616411298513,0.034384513,0.13242616411298513,0.15291669790167361
27,offset_c0.5_from0.2,4,joint_projected,20531520,True,True,,1,0.13580926996655762,0.04104045,0.13580926996655762,0.15635918802581728
31,offset_c0.7_from0.8,0,cartesian_ik,20571144,True,True,,1,0.18954492395278066,0.020789946,0.18954492395278066,0.2103485370753333
31,offset_c0.7_from0.8,0,joint_projected,20571144,True,True,,1,0.2183011310407892,0.033503631,0.2183011310407892,0.23899830307345837
31,offset_c0.7_from0.8,0,ompl_uniform,20571144,True,True,,1,0.18570463790092617,0.01509878,0.18570463790092617,0.1870890239952132
31,offset_c0.7_from0.8,1,ompl_uniform,20571245,True,True,,1,0.10169438493903726,0.025559592,0.10169438493903726,0.1036746270256117
31,offset_c0.7_from0.8,1,joint_projected,20571245,True,True,,1,0.0901851289672777,0.021942312,0.0901851289672777,0.11147416196763515
31,offset_c0.7_from0.8,1,cartesian_ik,20571245,True,True,,1,0.24938588705845177,0.053858828,0.24938588705845177,0.2697612839983776
31,offset_c0.7_from0.8,2,ompl_uniform,20571346,True,True,,1,0.19611477898433805,0.019380917,0.19611477898433805,0.1972756190225482
31,offset_c0.7_from0.8,2,cartesian_ik,20571346,True,True,,1,0.11238623305689543,0.025141517,0.11238623305689543,0.13316406100057065
31,offset_c0.7_from0.8,2,joint_projected,20571346,True,True,,1,0.11921336897648871,0.023818083,0.11921336897648871,0.14007685508113354
31,offset_c0.7_from0.8,3,ompl_uniform,20571447,True,True,,1,0.20431339996866882,0.028383131,0.20431339996866882,0.20618506299797446
31,offset_c0.7_from0.8,3,cartesian_ik,20571447,True,True,,1,0.16911195998545736,0.011902612,0.16911195998545736,0.1903291189810261
31,offset_c0.7_from0.8,3,joint_projected,20571447,True,True,,1,0.2709983850363642,0.026359586,0.2709983850363642,0.291334790061228
31,offset_c0.7_from0.8,4,joint_projected,20571548,True,True,,1,0.20851338398642838,0.03671969,0.20851338398642838,0.2284072790062055
31,offset_c0.7_from0.8,4,cartesian_ik,20571548,True,True,,1,0.1017618749756366,0.010793281,0.1017618749756366,0.12165539804846048
31,offset_c0.7_from0.8,4,ompl_uniform,20571548,True,True,,1,0.22195556503720582,0.013281847,0.22195556503720582,0.22309711202979088
8,central_c0.5_from0.2,0,cartesian_ik,20340983,True,True,,1,0.17910170496907085,0.054461868,0.17910170496907085,0.19898101792205125
8,central_c0.5_from0.2,0,joint_projected,20340983,True,True,,1,0.10779640008695424,0.02030562,0.10779640008695424,0.127895331941545
8,central_c0.5_from0.2,0,ompl_uniform,20340983,True,True,,1,0.17023968999274075,0.019454854,0.17023968999274075,0.17169860191643238
8,central_c0.5_from0.2,1,joint_projected,20341084,True,True,,1,0.039551369030959904,0.012096493,0.039551369030959904,0.05985642701853067
8,central_c0.5_from0.2,1,cartesian_ik,20341084,True,True,,1,0.052040712093003094,0.023279847,0.052040712093003094,0.07215444091707468
8,central_c0.5_from0.2,1,ompl_uniform,20341084,True,True,,1,0.15285096899606287,0.017823891,0.15285096899606287,0.15434121794532984
8,central_c0.5_from0.2,2,ompl_uniform,20341185,True,True,,1,0.25499096291605383,0.018965972,0.25499096291605383,0.2563623529858887
8,central_c0.5_from0.2,2,cartesian_ik,20341185,True,True,,1,0.32315824809484184,0.123275159,0.32315824809484184,0.3439496220089495
8,central_c0.5_from0.2,2,joint_projected,20341185,True,True,,1,0.13462580903433263,0.038757507,0.13462580903433263,0.1557135930052027
8,central_c0.5_from0.2,3,cartesian_ik,20341286,True,True,,1,0.12614148703869432,0.033259579,0.12614148703869432,0.14672950701788068
8,central_c0.5_from0.2,3,ompl_uniform,20341286,True,True,,1,0.18581016804091632,0.022706429,0.18581016804091632,0.1869196620536968
8,central_c0.5_from0.2,3,joint_projected,20341286,True,True,,1,0.10394979000557214,0.031548355,0.10394979000557214,0.1242021209327504
8,central_c0.5_from0.2,4,cartesian_ik,20341387,True,True,,1,0.14755183004308492,0.020072291,0.14755183004308492,0.16826703900005668
8,central_c0.5_from0.2,4,ompl_uniform,20341387,True,True,,1,0.1868648879462853,0.023885251,0.1868648879462853,0.1884863389423117
8,central_c0.5_from0.2,4,joint_projected,20341387,True,True,,1,0.3789751339936629,0.031230625,0.3789751339936629,0.40012538502924144
6,central_c0.5_from0.2,0,ompl_uniform,20320969,True,True,,1,0.13797382393386215,0.020185561,0.13797382393386215,0.13947495201136917
6,central_c0.5_from0.2,0,joint_projected,20320969,True,True,,1,0.15099901088979095,0.024007949,0.15099901088979095,0.17223606095649302
6,central_c0.5_from0.2,0,cartesian_ik,20320969,True,True,,1,0.2656931539531797,0.03374041,0.2656931539531797,0.28650280903093517
6,central_c0.5_from0.2,1,joint_projected,20321070,True,True,,1,0.17747921007685363,0.028256982,0.17747921007685363,0.19808968203142285
6,central_c0.5_from0.2,1,cartesian_ik,20321070,True,True,,1,0.14080485294107348,0.033218715,0.14080485294107348,0.1617760299704969
6,central_c0.5_from0.2,1,ompl_uniform,20321070,True,True,,1,0.17592747905291617,0.026116182,0.17592747905291617,0.1770721289794892
6,central_c0.5_from0.2,2,joint_projected,20321171,True,True,,1,0.20028658106457442,0.039755813,0.20028658106457442,0.22069753089454025
6,central_c0.5_from0.2,2,ompl_uniform,20321171,True,True,,1,0.12670550297480077,0.008799712,0.12670550297480077,0.1281957069877535
6,central_c0.5_from0.2,2,cartesian_ik,20321171,True,True,,1,0.22413972893264145,0.023629332,0.22413972893264145,0.24455285002477467
6,central_c0.5_from0.2,3,joint_projected,20321272,True,True,,1,0.12700013897847384,0.026304981,0.12700013897847384,0.14693172299303114
6,central_c0.5_from0.2,3,ompl_uniform,20321272,True,True,,1,0.19817565998528153,0.014341612,0.19817565998528153,0.199269199045375
6,central_c0.5_from0.2,3,cartesian_ik,20321272,True,True,,1,0.23010748904198408,0.025230602,0.23010748904198408,0.25109231390524656
6,central_c0.5_from0.2,4,ompl_uniform,20321373,True,True,,1,0.1406295389169827,0.031243072,0.1406295389169827,0.1421963619068265
6,central_c0.5_from0.2,4,cartesian_ik,20321373,True,True,,1,0.18317575997207314,0.061702592,0.18317575997207314,0.20420242997352034
6,central_c0.5_from0.2,4,joint_projected,20321373,True,True,,1,0.13497825805097818,0.020647746,0.13497825805097818,0.1564423069357872
40,distant_c0.5_from0.2,0,ompl_uniform,20661207,True,True,,1,0.1465970870340243,0.023607611,0.1465970870340243,0.14778494590427727
40,distant_c0.5_from0.2,0,cartesian_ik,20661207,True,True,,1,0.14232785999774933,0.015885205,0.14232785999774933,0.1636040509911254
40,distant_c0.5_from0.2,0,joint_projected,20661207,True,True,,1,0.11046743509359658,0.024754556,0.11046743509359658,0.13193365396000445
40,distant_c0.5_from0.2,1,joint_projected,20661308,True,True,,1,0.12730600393842906,0.026793837,0.12730600393842906,0.14838127605617046
40,distant_c0.5_from0.2,1,cartesian_ik,20661308,True,True,,1,0.11391732096672058,0.015833731,0.11391732096672058,0.13514812698122114
40,distant_c0.5_from0.2,1,ompl_uniform,20661308,True,True,,1,0.13012895395513624,0.014800507,0.13012895395513624,0.13205183809623122
40,distant_c0.5_from0.2,2,ompl_uniform,20661409,True,True,,1,0.13969696895219386,0.015433113,0.13969696895219386,0.14151145599316806
40,distant_c0.5_from0.2,2,joint_projected,20661409,True,True,,1,0.1396346309920773,0.022640751,0.1396346309920773,0.1607963420683518
40,distant_c0.5_from0.2,2,cartesian_ik,20661409,True,True,,1,0.19766199099831283,0.027639488,0.19766199099831283,0.21885045699309558
40,distant_c0.5_from0.2,3,cartesian_ik,20661510,True,True,,1,0.08508160803467035,0.025553342,0.08508160803467035,0.10607664100825787
40,distant_c0.5_from0.2,3,joint_projected,20661510,True,True,,1,0.07064105395693332,0.01716801,0.07064105395693332,0.09198692499194294
40,distant_c0.5_from0.2,3,ompl_uniform,20661510,True,True,,1,0.1853365859715268,0.008800283,0.1853365859715268,0.18688215699512511
40,distant_c0.5_from0.2,4,ompl_uniform,20661611,True,True,,1,0.1816100690048188,0.022279886,0.1816100690048188,0.1835110419197008
40,distant_c0.5_from0.2,4,joint_projected,20661611,True,True,,1,0.08574521297123283,0.032533985,0.08574521297123283,0.10754177102353424
40,distant_c0.5_from0.2,4,cartesian_ik,20661611,True,True,,1,0.08530542103108019,0.024165024,0.08530542103108019,0.10656407405622303
56,distant_c0.7_from0.8,0,joint_projected,20821319,True,True,,1,0.14387901697773486,0.044389773,0.14387901697773486,0.16357904800679535
56,distant_c0.7_from0.8,0,cartesian_ik,20821319,True,True,,1,0.10263650503475219,0.026527149,0.10263650503475219,0.12259194091893733
56,distant_c0.7_from0.8,0,ompl_uniform,20821319,True,True,,1,0.21419317508116364,0.018359403,0.21419317508116364,0.21528503496665508
56,distant_c0.7_from0.8,1,cartesian_ik,20821420,True,True,,1,0.05190240405499935,0.00863636,0.05190240405499935,0.07258101494517177
56,distant_c0.7_from0.8,1,ompl_uniform,20821420,True,True,,1,0.08646307291928679,0.009234995,0.08646307291928679,0.08806162793189287
56,distant_c0.7_from0.8,1,joint_projected,20821420,True,True,,1,0.19108919601421803,0.022590178,0.19108919601421803,0.2111467409413308
56,distant_c0.7_from0.8,2,cartesian_ik,20821521,True,True,,1,0.030158865032717586,0.019625275,0.030158865032717586,0.050029265927150846
56,distant_c0.7_from0.8,2,joint_projected,20821521,True,True,,1,0.14838907402008772,0.022515189,0.14838907402008772,0.16827635804656893
56,distant_c0.7_from0.8,2,ompl_uniform,20821521,True,True,,1,0.16470616101287305,0.035482136,0.16470616101287305,0.16604381008073688
56,distant_c0.7_from0.8,3,ompl_uniform,20821622,True,True,,1,0.12720862298738211,0.008504016,0.12720862298738211,0.1288320239400491
56,distant_c0.7_from0.8,3,cartesian_ik,20821622,True,True,,1,0.1759196890052408,0.028760586,0.1759196890052408,0.19597325194627047
56,distant_c0.7_from0.8,3,joint_projected,20821622,True,True,,1,0.06855442398227751,0.021738029,0.06855442398227751,0.08804238797165453
56,distant_c0.7_from0.8,4,cartesian_ik,20821723,True,True,,1,0.14068279799539596,0.036191495,0.14068279799539596,0.160230329958722
56,distant_c0.7_from0.8,4,ompl_uniform,20821723,True,True,,1,0.16297692200168967,0.019621273,0.16297692200168967,0.16438258008565754
56,distant_c0.7_from0.8,4,joint_projected,20821723,True,True,,1,0.12262811500113457,0.027152171,0.12262811500113457,0.14263734000269324
37,offset_c0.7_from0.8,0,ompl_uniform,20631186,True,True,,1,0.13425713893957436,0.00604457,0.13425713893957436,0.1356118150288239
37,offset_c0.7_from0.8,0,cartesian_ik,20631186,True,True,,1,0.1613510010065511,0.014276387,0.1613510010065511,0.18185079598333687
37,offset_c0.7_from0.8,0,joint_projected,20631186,True,True,,1,0.11359951400663704,0.025614393,0.11359951400663704,0.1341081348946318
37,offset_c0.7_from0.8,1,ompl_uniform,20631287,True,True,,1,0.13957721996121109,0.014357633,0.13957721996121109,0.1409314089687541
37,offset_c0.7_from0.8,1,cartesian_ik,20631287,True,True,,1,0.07901807699818164,0.02484339,0.07901807699818164,0.09988792287185788
37,offset_c0.7_from0.8,1,joint_projected,20631287,True,True,,1,0.028024430037476122,0.0172494,0.028024430037476122,0.048885581898503006
37,offset_c0.7_from0.8,2,joint_projected,20631388,True,True,,1,0.0843915359582752,0.018677376,0.0843915359582752,0.10519055894110352
37,offset_c0.7_from0.8,2,ompl_uniform,20631388,True,True,,1,0.14933649508748204,0.007300186,0.14933649508748204,0.15086506493389606
37,offset_c0.7_from0.8,2,cartesian_ik,20631388,True,True,,1,0.14532542298547924,0.010614235,0.14532542298547924,0.16642619390040636
37,offset_c0.7_from0.8,3,joint_projected,20631489,True,True,,1,0.14148925594054163,0.034272882,0.14148925594054163,0.16210127796512097
37,offset_c0.7_from0.8,3,cartesian_ik,20631489,True,True,,1,0.19120178697630763,0.013641042,0.19120178697630763,0.2118848079117015
37,offset_c0.7_from0.8,3,ompl_uniform,20631489,True,True,,1,0.16822526103351265,0.016323218,0.16822526103351265,0.1696122840512544
37,offset_c0.7_from0.8,4,ompl_uniform,20631590,True,True,,1,0.16927350999321789,0.013003503,0.16927350999321789,0.17095094500109553
37,offset_c0.7_from0.8,4,cartesian_ik,20631590,True,True,,1,0.11935423198156059,0.020084114,0.11935423198156059,0.14031360996887088
37,offset_c0.7_from0.8,4,joint_projected,20631590,True,True,,1,0.10243939596693963,0.027738495,0.10243939596693963,0.12342892796732485
21,offset_c0.5_from0.2,0,joint_projected,20471074,True,True,,1,0.07888487202581018,0.025205136,0.07888487202581018,0.09836922795511782
21,offset_c0.5_from0.2,0,ompl_uniform,20471074,True,True,,1,0.13061435893177986,0.015375377,0.13061435893177986,0.13240542204584926
21,offset_c0.5_from0.2,0,cartesian_ik,20471074,True,True,,1,0.14555924700107425,0.022361546,0.14555924700107425,0.1659687659703195
21,offset_c0.5_from0.2,1,cartesian_ik,20471175,True,True,,1,0.17603506101295352,0.03680823,0.17603506101295352,0.1963127969065681
21,offset_c0.5_from0.2,1,ompl_uniform,20471175,True,True,,1,0.17300009599421173,0.016459881,0.17300009599421173,0.17439483909402043
21,offset_c0.5_from0.2,1,joint_projected,20471175,True,True,,1,0.08710746199358255,0.021470949,0.08710746199358255,0.10742710693739355
21,offset_c0.5_from0.2,2,ompl_uniform,20471276,True,True,,1,0.13290505402255803,0.017060264,0.13290505402255803,0.13417621701955795
21,offset_c0.5_from0.2,2,cartesian_ik,20471276,True,True,,1,0.13953807204961777,0.038725552,0.13953807204961777,0.16021816397551447
21,offset_c0.5_from0.2,2,joint_projected,20471276,True,True,,1,0.08702378091402352,0.025386173,0.08702378091402352,0.10775326599832624
21,offset_c0.5_from0.2,3,cartesian_ik,20471377,True,True,,1,0.23877999396063387,0.048937033,0.23877999396063387,0.26047809794545174
21,offset_c0.5_from0.2,3,joint_projected,20471377,True,True,,1,0.04178172105457634,0.019601596,0.04178172105457634,0.06179569789674133
21,offset_c0.5_from0.2,3,ompl_uniform,20471377,True,True,,1,0.15229945094324648,0.009172298,0.15229945094324648,0.15357077203225344
21,offset_c0.5_from0.2,4,cartesian_ik,20471478,True,True,,1,0.13147426408249885,0.026180026,0.13147426408249885,0.15223322494421154
21,offset_c0.5_from0.2,4,ompl_uniform,20471478,True,True,,1,0.16366286703851074,0.01475275,0.16366286703851074,0.16522692004218698
21,offset_c0.5_from0.2,4,joint_projected,20471478,True,True,,1,0.11351955297868699,0.040984062,0.11351955297868699,0.13374569499865174
10,central_c0.7_from0.8,0,ompl_uniform,20360997,True,True,,1,0.19438853301107883,0.033523592,0.19438853301107883,0.1959817559691146
10,central_c0.7_from0.8,0,cartesian_ik,20360997,False,False,start_invalid_in_corridor,,0.0,0.0,6.0,0.01949952798895538
10,central_c0.7_from0.8,0,joint_projected,20360997,False,False,start_invalid_in_corridor,,0.0,0.0,6.0,0.01905399700626731
10,central_c0.7_from0.8,1,cartesian_ik,20361098,False,False,start_invalid_in_corridor,,0.0,0.0,6.0,0.019099447992630303
10,central_c0.7_from0.8,1,joint_projected,20361098,False,False,start_invalid_in_corridor,,0.0,0.0,6.0,0.018985670991241932
10,central_c0.7_from0.8,1,ompl_uniform,20361098,True,True,,1,0.17143206507898867,0.02204512,0.17143206507898867,0.17257377097848803
10,central_c0.7_from0.8,2,joint_projected,20361199,False,False,start_invalid_in_corridor,,0.0,0.0,6.0,0.019543862901628017
10,central_c0.7_from0.8,2,ompl_uniform,20361199,True,True,,1,0.2042427510023117,0.017584486,0.2042427510023117,0.20529059902764857
10,central_c0.7_from0.8,2,cartesian_ik,20361199,False,False,start_invalid_in_corridor,,0.0,0.0,6.0,0.019668244989588857
10,central_c0.7_from0.8,3,ompl_uniform,20361300,True,True,,1,0.10180596401914954,0.018212595,0.10180596401914954,0.10340976400766522
10,central_c0.7_from0.8,3,joint_projected,20361300,False,False,start_invalid_in_corridor,,0.0,0.0,6.0,0.020232305978424847
10,central_c0.7_from0.8,3,cartesian_ik,20361300,False,False,start_invalid_in_corridor,,0.0,0.0,6.0,0.019769429927691817
10,central_c0.7_from0.8,4,joint_projected,20361401,False,False,start_invalid_in_corridor,,0.0,0.0,6.0,0.018956426880322397
10,central_c0.7_from0.8,4,cartesian_ik,20361401,False,False,start_invalid_in_corridor,,0.0,0.0,6.0,0.01875435491092503
10,central_c0.7_from0.8,4,ompl_uniform,20361401,True,True,,1,0.1873303430620581,0.00853875,0.1873303430620581,0.18839625909458846
45,distant_c0.5_from0.2,0,joint_projected,20711242,True,True,,1,0.16841445595491678,0.027263761,0.16841445595491678,0.18870092101860791
45,distant_c0.5_from0.2,0,ompl_uniform,20711242,True,True,,1,0.23343424394261092,0.030073884,0.23343424394261092,0.23469572304748
45,distant_c0.5_from0.2,0,cartesian_ik,20711242,True,True,,1,0.11029917804989964,0.023069226,0.11029917804989964,0.13128120789770037
45,distant_c0.5_from0.2,1,cartesian_ik,20711343,True,True,,1,0.16606908303219825,0.018742235,0.16606908303219825,0.1864490839652717
45,distant_c0.5_from0.2,1,ompl_uniform,20711343,True,True,,1,0.08710304799024016,0.007938375,0.08710304799024016,0.0884532060008496
45,distant_c0.5_from0.2,1,joint_projected,20711343,True,True,,1,0.0856381868943572,0.020265661,0.0856381868943572,0.10620909708086401
45,distant_c0.5_from0.2,2,joint_projected,20711444,True,True,,1,0.16934217105153948,0.029920224,0.16934217105153948,0.1901135150110349
45,distant_c0.5_from0.2,2,ompl_uniform,20711444,True,True,,1,0.19071338698267937,0.038287211,0.19071338698267937,0.19253344705794007
45,distant_c0.5_from0.2,2,cartesian_ik,20711444,True,True,,1,0.08233610109891742,0.009269211,0.08233610109891742,0.10318553599063307
45,distant_c0.5_from0.2,3,ompl_uniform,20711545,True,True,,1,0.17112084291875362,0.009070349,0.17112084291875362,0.17288988991640508
45,distant_c0.5_from0.2,3,cartesian_ik,20711545,True,True,,1,0.08278993098065257,0.01307904,0.08278993098065257,0.10394078504759818
45,distant_c0.5_from0.2,3,joint_projected,20711545,True,True,,1,0.03624857997056097,0.023282385,0.03624857997056097,0.05690430698450655
45,distant_c0.5_from0.2,4,joint_projected,20711646,True,True,,1,0.10827743506524712,0.016769789,0.10827743506524712,0.12842625798657537
45,distant_c0.5_from0.2,4,cartesian_ik,20711646,True,True,,1,0.14014070900157094,0.020203203,0.14014070900157094,0.16100362094584852
45,distant_c0.5_from0.2,4,ompl_uniform,20711646,True,True,,1,0.16055936296470463,0.031401987,0.16055936296470463,0.16209778503980488
