environment,stratum,repeat,mode,seed,success,planner_success,failure_stage,error_code,action_wall_s,moveit_planning_s,par2_s,end_to_end_wall_s
24,offset_c0.2_from0.2,0,ompl_uniform,20501095,True,True,,1,0.1564683549804613,0.024214055,0.1564683549804613,0.15776212699711323
24,offset_c0.2_from0.2,0,cartesian_ik,20501095,True,True,,1,0.09797553194221109,0.014927924,0.09797553194221109,0.12036225211340934
24,offset_c0.2_from0.2,0,joint_projected,20501095,True,True,,1,0.1151813609758392,0.016386141,0.1151813609758392,0.1375771719031036
24,offset_c0.2_from0.2,1,cartesian_ik,20501196,True,True,,1,0.14541888795793056,0.031034469,0.14541888795793056,0.16760552302002907
24,offset_c0.2_from0.2,1,ompl_uniform,20501196,True,True,,1,0.2201833389699459,0.036095235,0.2201833389699459,0.2214730370324105
24,offset_c0.2_from0.2,1,joint_projected,20501196,True,True,,1,0.14496320392936468,0.045016496,0.14496320392936468,0.16746690403670073
24,offset_c0.2_from0.2,2,joint_projected,20501297,True,True,,1,0.2149348419625312,0.037346467,0.2149348419625312,0.23742224799934775
24,offset_c0.2_from0.2,2,cartesian_ik,20501297,True,True,,1,0.17897010105662048,0.029438479,0.17897010105662048,0.20128650998231024
24,offset_c0.2_from0.2,2,ompl_uniform,20501297,True,True,,1,0.17847655701916665,0.023370855,0.17847655701916665,0.1798916719853878
24,offset_c0.2_from0.2,3,ompl_uniform,20501398,True,True,,1,0.1771684680134058,0.017520628,0.1771684680134058,0.178624521009624
24,offset_c0.2_from0.2,3,cartesian_ik,20501398,True,True,,1,0.1359656760469079,0.018947636,0.1359656760469079,0.15831122698727995
24,offset_c0.2_from0.2,3,joint_projected,20501398,True,True,,1,0.1752744240220636,0.030455439,0.1752744240220636,0.19765862601343542
24,offset_c0.2_from0.2,4,cartesian_ik,20501499,True,True,,1,0.34283258800860494,0.052645986,0.34283258800860494,0.3652387100737542
24,offset_c0.2_from0.2,4,ompl_uniform,20501499,True,True,,1,0.14940212399233133,0.02773389,0.14940212399233133,0.15163433295674622
24,offset_c0.2_from0.2,4,joint_projected,20501499,True,True,,1,0.0891371900215745,0.01974914,0.0891371900215745,0.11345667694695294
39,offset_c0.8_from0.8,0,cartesian_ik,20651200,True,True,,1,0.21763880702201277,0.024485202,0.21763880702201277,0.24045474699232727
39,offset_c0.8_from0.8,0,joint_projected,20651200,True,True,,1,0.08169913198798895,0.019841574,0.08169913198798895,0.10447407199535519
39,offset_c0.8_from0.8,0,ompl_uniform,20651200,True,True,,1,0.11745912302285433,0.018122126,0.11745912302285433,0.11867374100256711
39,offset_c0.8_from0.8,1,joint_projected,20651301,True,True,,1,0.14326870790682733,0.02546049,0.14326870790682733,0.16660578292794526
39,offset_c0.8_from0.8,1,cartesian_ik,20651301,True,True,,1,0.12949363398365676,0.01970047,0.12949363398365676,0.1536803588969633
39,offset_c0.8_from0.8,1,ompl_uniform,20651301,True,True,,1,0.1330383779713884,0.016753196,0.1330383779713884,0.13415038993116468
39,offset_c0.8_from0.8,2,cartesian_ik,20651402,True,True,,1,0.1494044290157035,0.030840149,0.1494044290157035,0.17260745097883046
39,offset_c0.8_from0.8,2,ompl_uniform,20651402,True,True,,1,0.31792059901636094,0.02165339,0.31792059901636094,0.31985607894603163
39,offset_c0.8_from0.8,2,joint_projected,20651402,True,True,,1,0.20647574996110052,0.032683651,0.20647574996110052,0.2294813540065661
39,offset_c0.8_from0.8,3,cartesian_ik,20651503,True,True,,1,0.11355593707412481,0.026906461,0.11355593707412481,0.1362702149199322
39,offset_c0.8_from0.8,3,joint_projected,20651503,True,True,,1,0.12771423801314086,0.025710081,0.12771423801314086,0.15042091300711036
39,offset_c0.8_from0.8,3,ompl_uniform,20651503,True,True,,1,0.16409922495950013,0.021646195,0.16409922495950013,0.16507145704235882
39,offset_c0.8_from0.8,4,joint_projected,20651604,True,True,,1,0.17917887109797448,0.035762859,0.17917887109797448,0.20209651591721922
39,offset_c0.8_from0.8,4,cartesian_ik,20651604,True,True,,1,0.11354672198649496,0.023836825,0.11354672198649496,0.1363972849212587
39,offset_c0.8_from0.8,4,ompl_uniform,20651604,True,True,,1,0.14239282405469567,0.022250418,0.14239282405469567,0.14358715794514865
30,offset_c0.8_from0.8,0,cartesian_ik,20561137,True,True,,1,0.18957560404669493,0.038657768,0.18957560404669493,0.21218305395450443
30,offset_c0.8_from0.8,0,ompl_uniform,20561137,True,True,,1,0.12450993689708412,0.037980914,0.12450993689708412,0.12570762005634606
30,offset_c0.8_from0.8,0,joint_projected,20561137,True,True,,1,0.15332369797397405,0.022814843,0.15332369797397405,0.17592601815704256
30,offset_c0.8_from0.8,1,ompl_uniform,20561238,True,True,,1,0.10369111795444041,0.023909959,0.10369111795444041,0.10519004694651812
30,offset_c0.8_from0.8,1,joint_projected,20561238,True,True,,1,0.13127158302813768,0.02755119,0.13127158302813768,0.15557101496960968
30,offset_c0.8_from0.8,1,cartesian_ik,20561238,True,True,,1,0.25829316303133965,0.074128328,0.25829316303133965,0.2813521759817377
30,offset_c0.8_from0.8,2,cartesian_ik,20561339,True,True,,1,0.23956410901155323,0.023049049,0.23956410901155323,0.2623139200732112
30,offset_c0.8_from0.8,2,ompl_uniform,20561339,True,True,,1,0.2500625370303169,0.034250268,0.2500625370303169,0.25115938403178006
30,offset_c0.8_from0.8,2,joint_projected,20561339,True,True,,1,0.18658237904310226,0.051001512,0.18658237904310226,0.20960804400965571
30,offset_c0.8_from0.8,3,ompl_uniform,20561440,True,True,,1,0.2412548349238932,0.027336199,0.2412548349238932,0.24270334700122476
30,offset_c0.8_from0.8,3,cartesian_ik,20561440,True,True,,1,0.17035472008865327,0.038931425,0.17035472008865327,0.19404215109534562
30,offset_c0.8_from0.8,3,joint_projected,20561440,True,True,,1,0.0673017940716818,0.049843361,0.0673017940716818,0.09061235503759235
30,offset_c0.8_from0.8,4,ompl_uniform,20561541,True,True,,1,0.16191337199416012,0.020863605,0.16191337199416012,0.16316466394346207
30,offset_c0.8_from0.8,4,joint_projected,20561541,True,True,,1,0.08384032896719873,0.026746709,0.08384032896719873,0.10651384701486677
30,offset_c0.8_from0.8,4,cartesian_ik,20561541,True,True,,1,0.09984271205030382,0.034291913,0.09984271205030382,0.12257269211113453
18,central_c0.8_from0.8,0,ompl_uniform,20441053,True,True,,1,0.1870072321034968,0.03337355,0.1870072321034968,0.18808353692293167
18,central_c0.8_from0.8,0,joint_projected,20441053,True,True,,1,0.15314158494584262,0.020826585,0.15314158494584262,0.18044377805199474
18,central_c0.8_from0.8,0,cartesian_ik,20441053,True,True,,1,0.17465831502340734,0.059459039,0.17465831502340734,0.20178502798080444
18,central_c0.8_from0.8,1,joint_projected,20441154,True,True,,1,0.09537712100427598,0.031433089,0.09537712100427598,0.1225168650271371
18,central_c0.8_from0.8,1,ompl_uniform,20441154,True,True,,1,0.12178391602355987,0.01972347,0.12178391602355987,0.12284011498559266
18,central_c0.8_from0.8,1,cartesian_ik,20441154,True,True,,1,0.20831410610117018,0.02833507,0.20831410610117018,0.23548509005922824
18,central_c0.8_from0.8,2,joint_projected,20441255,True,True,,1,0.14927834493573755,0.025846384,0.14927834493573755,0.1765309440670535
18,central_c0.8_from0.8,2,cartesian_ik,20441255,True,True,,1,0.11285987496376038,0.021471774,0.11285987496376038,0.13983948109671474
18,central_c0.8_from0.8,2,ompl_uniform,20441255,True,True,,1,0.14548653608653694,0.028317051,0.14548653608653694,0.1470887070754543
18,central_c0.8_from0.8,3,cartesian_ik,20441356,True,True,,1,0.1265505360206589,0.046478724,0.1265505360206589,0.15373361308593303
18,central_c0.8_from0.8,3,joint_projected,20441356,True,True,,1,0.05147756601218134,0.029781333,0.05147756601218134,0.07961647305637598
18,central_c0.8_from0.8,3,ompl_uniform,20441356,True,True,,1,0.1595077810343355,0.03789192,0.1595077810343355,0.16073484206572175
18,central_c0.8_from0.8,4,cartesian_ik,20441457,True,True,,1,0.14337235409766436,0.032050215,0.14337235409766436,0.17058002203702927
18,central_c0.8_from0.8,4,ompl_uniform,20441457,True,True,,1,0.16629823402035981,0.021883939,0.16629823402035981,0.16729866003151983
18,central_c0.8_from0.8,4,joint_projected,20441457,True,True,,1,0.19927790598012507,0.061087172,0.19927790598012507,0.22633109509479254
35,offset_c0.8_from0.8,0,joint_projected,20611172,True,True,,1,0.15671014902181923,0.01930462,0.15671014902181923,0.18044890696182847
35,offset_c0.8_from0.8,0,cartesian_ik,20611172,True,True,,1,0.22157704294659197,0.023930266,0.22157704294659197,0.24428436602465808
35,offset_c0.8_from0.8,0,ompl_uniform,20611172,True,True,,1,0.16256414202507585,0.022509781,0.16256414202507585,0.1637137009529397
35,offset_c0.8_from0.8,1,cartesian_ik,20611273,True,True,,1,0.14408458303660154,0.030402254,0.14408458303660154,0.1668917960487306
35,offset_c0.8_from0.8,1,joint_projected,20611273,True,True,,1,0.11866537400055677,0.031478405,0.11866537400055677,0.14199807902332395
35,offset_c0.8_from0.8,1,ompl_uniform,20611273,True,True,,1,0.1430630850372836,0.018742533,0.1430630850372836,0.14452220289967954
35,offset_c0.8_from0.8,2,ompl_uniform,20611374,True,True,,1,0.1737289730226621,0.020090579,0.1737289730226621,0.17525424400810152
35,offset_c0.8_from0.8,2,joint_projected,20611374,True,True,,1,0.20249713398516178,0.038002207,0.20249713398516178,0.22564848500769585
35,offset_c0.8_from0.8,2,cartesian_ik,20611374,True,True,,1,0.12724222405813634,0.021089097,0.12724222405813634,0.15017581800930202
35,offset_c0.8_from0.8,3,ompl_uniform,20611475,True,True,,1,0.15472801600117236,0.028228629,0.15472801600117236,0.1565368080046028
35,offset_c0.8_from0.8,3,cartesian_ik,20611475,True,True,,1,0.14562904299236834,0.033295927,0.14562904299236834,0.1683272800873965
35,offset_c0.8_from0.8,3,joint_projected,20611475,True,True,,1,0.19745567196514457,0.015253093,0.19745567196514457,0.2207135009812191
35,offset_c0.8_from0.8,4,cartesian_ik,20611576,True,True,,1,0.12035403295885772,0.017557396,0.12035403295885772,0.14437634905334562
35,offset_c0.8_from0.8,4,ompl_uniform,20611576,True,True,,1,0.1600240000989288,0.030323617,0.1600240000989288,0.16116151108872145
35,offset_c0.8_from0.8,4,joint_projected,20611576,True,True,,1,0.1062512140488252,0.035978013,0.1062512140488252,0.12914094503503293
16,central_c0.8_from0.8,0,cartesian_ik,20421039,True,True,,1,0.260131555958651,0.020542858,0.260131555958651,0.28440150804817677
16,central_c0.8_from0.8,0,ompl_uniform,20421039,True,True,,1,0.18179249006789178,0.024520412,0.18179249006789178,0.18409508699551225
16,central_c0.8_from0.8,0,joint_projected,20421039,True,True,,1,0.09237807698082179,0.033557816,0.09237807698082179,0.11714394192676991
16,central_c0.8_from0.8,1,joint_projected,20421140,True,True,,1,0.22760289500001818,0.041955331,0.22760289500001818,0.25318158708978444
16,central_c0.8_from0.8,1,cartesian_ik,20421140,True,True,,1,0.1114778519840911,0.030942497,0.1114778519840911,0.13697187299840152
16,central_c0.8_from0.8,1,ompl_uniform,20421140,True,True,,1,0.21597140200901777,0.027664578,0.21597140200901777,0.2171331689460203
16,central_c0.8_from0.8,2,cartesian_ik,20421241,True,True,,1,0.16089533793274313,0.05940109,0.16089533793274313,0.1853290150174871
16,central_c0.8_from0.8,2,ompl_uniform,20421241,True,True,,1,0.17921433690935373,0.015930168,0.17921433690935373,0.18061597098130733
16,central_c0.8_from0.8,2,joint_projected,20421241,True,True,,1,0.2251269370317459,0.020191506,0.2251269370317459,0.25847351900301874
16,central_c0.8_from0.8,3,cartesian_ik,20421342,True,True,,1,0.21554838097654283,0.018507232,0.21554838097654283,0.2398273330181837
16,central_c0.8_from0.8,3,joint_projected,20421342,True,True,,1,0.16813287907280028,0.03642472,0.16813287907280028,0.19511889398563653
16,central_c0.8_from0.8,3,ompl_uniform,20421342,True,True,,1,0.17505489196628332,0.019901656,0.17505489196628332,0.17642336094286293
16,central_c0.8_from0.8,4,cartesian_ik,20421443,True,True,,1,0.141814999980852,0.037972748,0.141814999980852,0.1660840860567987
16,central_c0.8_from0.8,4,joint_projected,20421443,True,True,,1,0.12794188200496137,0.016415401,0.12794188200496137,0.15239857090637088
16,central_c0.8_from0.8,4,ompl_uniform,20421443,True,True,,1,0.18012391997035593,0.022949521,0.18012391997035593,0.18133506691083312
11,central_c0.8_from0.8,0,cartesian_ik,20371004,True,True,,1,0.12394264503382146,0.049393995,0.12394264503382146,0.1497861339012161
11,central_c0.8_from0.8,0,ompl_uniform,20371004,True,True,,1,0.13304122001864016,0.023526544,0.13304122001864016,0.1347623720066622
11,central_c0.8_from0.8,0,joint_projected,20371004,True,True,,1,0.0931056309491396,0.018904904,0.0931056309491396,0.12062242988031358
11,central_c0.8_from0.8,1,joint_projected,20371105,True,True,,1,0.10523371305316687,0.058465709,0.10523371305316687,0.132606680970639
11,central_c0.8_from0.8,1,ompl_uniform,20371105,True,True,,1,0.1841420370619744,0.024079287,0.1841420370619744,0.1853002510033548
11,central_c0.8_from0.8,1,cartesian_ik,20371105,True,True,,1,0.19543091906234622,0.046334578,0.19543091906234622,0.2216684699524194
11,central_c0.8_from0.8,2,joint_projected,20371206,True,True,,1,0.13852282206062227,0.027368213,0.13852282206062227,0.16451265185605735
11,central_c0.8_from0.8,2,cartesian_ik,20371206,True,True,,1,0.12487382197286934,0.031411608,0.12487382197286934,0.15090957598295063
11,central_c0.8_from0.8,2,ompl_uniform,20371206,True,True,,1,0.10715994297061116,0.017638215,0.10715994297061116,0.10826537304092199
11,central_c0.8_from0.8,3,joint_projected,20371307,True,True,,1,0.15526513301301748,0.020613881,0.15526513301301748,0.18135278392583132
11,central_c0.8_from0.8,3,ompl_uniform,20371307,True,True,,1,0.13667204603552818,0.022310344,0.13667204603552818,0.13791667309124023
11,central_c0.8_from0.8,3,cartesian_ik,20371307,True,True,,1,0.1642540890024975,0.025423153,0.1642540890024975,0.1903194059850648
11,central_c0.8_from0.8,4,cartesian_ik,20371408,True,True,,1,0.16529140691272914,0.044347352,0.16529140691272914,0.19133037503343076
11,central_c0.8_from0.8,4,joint_projected,20371408,True,True,,1,0.10743130405899137,0.043283211,0.10743130405899137,0.13596214295830578
11,central_c0.8_from0.8,4,ompl_uniform,20371408,True,True,,1,0.1902491330401972,0.018292659,0.1902491330401972,0.1918599959462881
14,central_c0.8_from0.8,0,joint_projected,20401025,True,True,,1,0.12695365294348449,0.015994176,0.12695365294348449,0.16113063599914312
14,central_c0.8_from0.8,0,ompl_uniform,20401025,True,True,,1,0.34680797695182264,0.02559408,0.34680797695182264,0.348466221941635
14,central_c0.8_from0.8,0,cartesian_ik,20401025,True,True,,1,0.13359442702494562,0.03291573,0.13359442702494562,0.168892850051634
14,central_c0.8_from0.8,1,ompl_uniform,20401126,True,True,,1,0.13557968707755208,0.019067135,0.13557968707755208,0.1368026229320094
14,central_c0.8_from0.8,1,cartesian_ik,20401126,True,True,,1,0.1461979829473421,0.049686137,0.1461979829473421,0.18135961599182338
14,central_c0.8_from0.8,1,joint_projected,20401126,True,True,,1,0.08477319602388889,0.024001163,0.08477319602388889,0.12049337103962898
14,central_c0.8_from0.8,2,cartesian_ik,20401227,True,True,,1,0.14521352795418352,0.047465018,0.14521352795418352,0.17970122408587486
14,central_c0.8_from0.8,2,joint_projected,20401227,True,True,,1,0.23084858595393598,0.036016593,0.23084858595393598,0.26581875095143914
14,central_c0.8_from0.8,2,ompl_uniform,20401227,True,True,,1,0.14269909902941436,0.020650483,0.14269909902941436,0.14427540393080562
14,central_c0.8_from0.8,3,cartesian_ik,20401328,True,True,,1,0.25126586097758263,0.054779051,0.25126586097758263,0.28621380601543933
14,central_c0.8_from0.8,3,joint_projected,20401328,True,True,,1,0.09999467700254172,0.024561056,0.09999467700254172,0.1348461729940027
14,central_c0.8_from0.8,3,ompl_uniform,20401328,True,True,,1,0.2818131980020553,0.026672162,0.2818131980020553,0.2832456131000072
14,central_c0.8_from0.8,4,cartesian_ik,20401429,True,True,,1,0.12323949509300292,0.053634727,0.12323949509300292,0.1589481889968738
14,central_c0.8_from0.8,4,joint_projected,20401429,True,True,,1,0.09287825401406735,0.035259324,0.09287825401406735,0.12785631697624922
14,central_c0.8_from0.8,4,ompl_uniform,20401429,True,True,,1,0.2288378409575671,0.030124565,0.2288378409575671,0.23040797596331686
5,central_c0.2_from0.2,0,joint_projected,20310962,True,True,,1,0.131717468961142,0.03295956,0.131717468961142,0.15418045013211668
5,central_c0.2_from0.2,0,cartesian_ik,20310962,True,True,,1,0.18755640601739287,0.050237972,0.18755640601739287,0.21110793098341674
5,central_c0.2_from0.2,0,ompl_uniform,20310962,True,True,,1,0.12397354899439961,0.023460141,0.12397354899439961,0.12574232695624232
5,central_c0.2_from0.2,1,cartesian_ik,20311063,True,True,,1,0.07105040806345642,0.018332315,0.07105040806345642,0.09364801901392639
5,central_c0.2_from0.2,1,ompl_uniform,20311063,True,True,,1,0.21394877799320966,0.037318551,0.21394877799320966,0.21511835104320198
5,central_c0.2_from0.2,1,joint_projected,20311063,True,True,,1,0.15291877195704728,0.019210971,0.15291877195704728,0.17742111312691122
5,central_c0.2_from0.2,2,cartesian_ik,20311164,True,True,,1,0.2191277389647439,0.050395736,0.2191277389647439,0.24218559206929058
5,central_c0.2_from0.2,2,joint_projected,20311164,True,True,,1,0.1096087300684303,0.016402339,0.1096087300684303,0.13220268115401268
5,central_c0.2_from0.2,2,ompl_uniform,20311164,True,True,,1,0.14761517802253366,0.021259402,0.14761517802253366,0.1487070929724723
5,central_c0.2_from0.2,3,ompl_uniform,20311265,True,True,,1,0.16241027205251157,0.022637664,0.16241027205251157,0.16369905194733292
5,central_c0.2_from0.2,3,joint_projected,20311265,True,True,,1,0.1319372639991343,0.047538844,0.1319372639991343,0.15489183505997062
5,central_c0.2_from0.2,3,cartesian_ik,20311265,True,True,,1,0.14680411003064364,0.017757068,0.14680411003064364,0.16994390403851867
5,central_c0.2_from0.2,4,ompl_uniform,20311366,True,True,,1,0.1635761100333184,0.026466148,0.1635761100333184,0.1646332039963454
5,central_c0.2_from0.2,4,joint_projected,20311366,True,True,,1,0.18704446009360254,0.02044216,0.18704446009360254,0.20984002004843205
5,central_c0.2_from0.2,4,cartesian_ik,20311366,True,True,,1,0.14863608602900058,0.021270889,0.14863608602900058,0.17166562099009752
1,central_c0.2_from0.2,0,joint_projected,20270934,True,True,,1,0.08832320489455014,0.035769748,0.08832320489455014,0.11706941307056695
1,central_c0.2_from0.2,0,ompl_uniform,20270934,True,True,,1,0.11306589795276523,0.015567186,0.11306589795276523,0.11433763499371707
1,central_c0.2_from0.2,0,cartesian_ik,20270934,True,True,,1,0.072631228948012,0.015827204,0.072631228948012,0.10171888000331819
1,central_c0.2_from0.2,1,cartesian_ik,20271035,True,True,,1,0.1352256330428645,0.035720527,0.1352256330428645,0.16453678300604224
1,central_c0.2_from0.2,1,ompl_uniform,20271035,True,True,,1,0.1414280169410631,0.026417325,0.1414280169410631,0.14278548711445183
1,central_c0.2_from0.2,1,joint_projected,20271035,True,True,,1,0.36535079788882285,0.061032743,0.36535079788882285,0.39493784902151674
1,central_c0.2_from0.2,2,ompl_uniform,20271136,True,True,,1,0.163827492040582,0.020606629,0.163827492040582,0.16573080304078758
1,central_c0.2_from0.2,2,joint_projected,20271136,True,True,,1,0.08863969694357365,0.025036062,0.08863969694357365,0.11835250398144126
1,central_c0.2_from0.2,2,cartesian_ik,20271136,True,True,,1,0.19203579996246845,0.030224424,0.19203579996246845,0.22102707799058408
1,central_c0.2_from0.2,3,joint_projected,20271237,True,True,,1,0.12454378698021173,0.032315072,0.12454378698021173,0.15382795501500368
1,central_c0.2_from0.2,3,cartesian_ik,20271237,True,True,,1,0.13588555809110403,0.017310783,0.13588555809110403,0.16509559098631144
1,central_c0.2_from0.2,3,ompl_uniform,20271237,True,True,,1,0.226936369901523,0.025607737,0.226936369901523,0.2280252049677074
1,central_c0.2_from0.2,4,joint_projected,20271338,True,True,,1,0.09525205800309777,0.037079991,0.09525205800309777,0.1243490461492911
1,central_c0.2_from0.2,4,ompl_uniform,20271338,True,True,,1,0.18609733891207725,0.026937716,0.18609733891207725,0.18737810291349888
1,central_c0.2_from0.2,4,cartesian_ik,20271338,True,True,,1,0.14705826295539737,0.029325584,0.14705826295539737,0.17632816801778972
57,distant_c0.8_from0.8,0,cartesian_ik,20831326,True,True,,1,0.18789728998672217,0.021497977,0.18789728998672217,0.2116201900644228
57,distant_c0.8_from0.8,0,ompl_uniform,20831326,True,True,,1,0.15468930208589882,0.044276045,0.15468930208589882,0.15620429906994104
57,distant_c0.8_from0.8,0,joint_projected,20831326,True,True,,1,0.10295700002461672,0.025323923,0.10295700002461672,0.12629706703592092
57,distant_c0.8_from0.8,1,cartesian_ik,20831427,True,True,,1,0.23434481408912688,0.038150693,0.23434481408912688,0.2576533539686352
57,distant_c0.8_from0.8,1,joint_projected,20831427,True,True,,1,0.1354782630223781,0.018290981,0.1354782630223781,0.15964565507601947
57,distant_c0.8_from0.8,1,ompl_uniform,20831427,True,True,,1,0.18259742599911988,0.027476644,0.18259742599911988,0.18404673598706722
57,distant_c0.8_from0.8,2,joint_projected,20831528,True,True,,1,0.11608828604221344,0.018286011,0.11608828604221344,0.13988518703263253
57,distant_c0.8_from0.8,2,cartesian_ik,20831528,True,True,,1,0.31806475506164134,0.02947926,0.31806475506164134,0.34252451406791806
57,distant_c0.8_from0.8,2,ompl_uniform,20831528,True,True,,1,0.1813897219253704,0.021901826,0.1813897219253704,0.18262390606105328
57,distant_c0.8_from0.8,3,joint_projected,20831629,True,True,,1,0.043169328942894936,0.019653879,0.043169328942894936,0.06634775002021343
57,distant_c0.8_from0.8,3,ompl_uniform,20831629,True,True,,1,0.23063854896463454,0.017518439,0.23063854896463454,0.2317551199812442
57,distant_c0.8_from0.8,3,cartesian_ik,20831629,True,True,,1,0.18870692502241582,0.040116194,0.18870692502241582,0.21189296303782612
57,distant_c0.8_from0.8,4,ompl_uniform,20831730,True,True,,1,0.2050607519922778,0.021742946,0.2050607519922778,0.20619877998251468
57,distant_c0.8_from0.8,4,cartesian_ik,20831730,True,True,,1,0.13392552104778588,0.022907998,0.13392552104778588,0.15728533605579287
57,distant_c0.8_from0.8,4,joint_projected,20831730,True,True,,1,0.17606162000447512,0.028308364,0.17606162000447512,0.20038686506450176
34,offset_c0.8_from0.8,0,ompl_uniform,20601165,True,True,,1,0.18513807805720717,0.033202774,0.18513807805720717,0.18606115295551717
34,offset_c0.8_from0.8,0,joint_projected,20601165,True,True,,1,0.108316874015145,0.023916143,0.108316874015145,0.13157278997823596
34,offset_c0.8_from0.8,0,cartesian_ik,20601165,True,True,,1,0.14978938200511038,0.017918681,0.14978938200511038,0.1727986999321729
34,offset_c0.8_from0.8,1,joint_projected,20601266,True,True,,1,0.08098825707565993,0.022646232,0.08098825707565993,0.1039916129084304
34,offset_c0.8_from0.8,1,ompl_uniform,20601266,True,True,,1,0.17326714599039406,0.016897855,0.17326714599039406,0.17443482007365674
34,offset_c0.8_from0.8,1,cartesian_ik,20601266,True,True,,1,0.08790544199291617,0.060072691,0.08790544199291617,0.111221386003308
34,offset_c0.8_from0.8,2,joint_projected,20601367,True,True,,1,0.0906524210004136,0.01757467,0.0906524210004136,0.1142972829984501
34,offset_c0.8_from0.8,2,cartesian_ik,20601367,True,True,,1,0.18530498002655804,0.036356508,0.18530498002655804,0.20868549589067698
34,offset_c0.8_from0.8,2,ompl_uniform,20601367,True,True,,1,0.10741252498701215,0.020062758,0.10741252498701215,0.10867040208540857
34,offset_c0.8_from0.8,3,joint_projected,20601468,True,True,,1,0.1462725269375369,0.028706914,0.1462725269375369,0.16966894594952464
34,offset_c0.8_from0.8,3,ompl_uniform,20601468,True,True,,1,0.12130911799613386,0.022862252,0.12130911799613386,0.12238459498621523
34,offset_c0.8_from0.8,3,cartesian_ik,20601468,True,True,,1,0.2067126469919458,0.03072932,0.2067126469919458,0.23016776994336396
34,offset_c0.8_from0.8,4,cartesian_ik,20601569,True,True,,1,0.10759292903821915,0.048634441,0.10759292903821915,0.13083078397903591
34,offset_c0.8_from0.8,4,ompl_uniform,20601569,True,True,,1,0.17402560089249164,0.028058947,0.17402560089249164,0.17506454000249505
34,offset_c0.8_from0.8,4,joint_projected,20601569,True,True,,1,0.12230520392768085,0.02746391,0.12230520392768085,0.14564231492113322
0,central_c0.2_from0.2,0,ompl_uniform,20260927,True,True,,1,0.19864202302414924,0.014450623,0.19864202302414924,0.1996942509431392
0,central_c0.2_from0.2,0,joint_projected,20260927,True,True,,1,0.18942190799862146,0.038421559,0.18942190799862146,0.22575508302543312
0,central_c0.2_from0.2,0,cartesian_ik,20260927,True,True,,1,0.2745330010075122,0.027505739,0.2745330010075122,0.31084692699369043
0,central_c0.2_from0.2,1,joint_projected,20261028,True,True,,1,0.09968914405908436,0.017455903,0.09968914405908436,0.1345516659785062
0,central_c0.2_from0.2,1,ompl_uniform,20261028,True,True,,1,0.2165487459860742,0.040054705,0.2165487459860742,0.21797106589656323
0,central_c0.2_from0.2,1,cartesian_ik,20261028,True,True,,1,0.10294708597939461,0.016320881,0.10294708597939461,0.13969002605881542
0,central_c0.2_from0.2,2,ompl_uniform,20261129,True,True,,1,0.21595544600859284,0.03025859,0.21595544600859284,0.21727773104794323
0,central_c0.2_from0.2,2,cartesian_ik,20261129,True,True,,1,0.11357367807067931,0.040396831,0.11357367807067931,0.15050281898584217
0,central_c0.2_from0.2,2,joint_projected,20261129,True,True,,1,0.040516626089811325,0.019489979,0.040516626089811325,0.07633828499820083
0,central_c0.2_from0.2,3,cartesian_ik,20261230,True,True,,1,0.16170873399823904,0.020216831,0.16170873399823904,0.19754173792898655
0,central_c0.2_from0.2,3,joint_projected,20261230,True,True,,1,0.10422217601444572,0.019435227,0.10422217601444572,0.1393703781068325
0,central_c0.2_from0.2,3,ompl_uniform,20261230,True,True,,1,0.18704224203247577,0.023868947,0.18704224203247577,0.18830469297245145
0,central_c0.2_from0.2,4,joint_projected,20261331,True,True,,1,0.1423796049784869,0.030706982,0.1423796049784869,0.17770715104416013
0,central_c0.2_from0.2,4,ompl_uniform,20261331,True,True,,1,0.14631931099575013,0.024585403,0.14631931099575013,0.14746780996210873
0,central_c0.2_from0.2,4,cartesian_ik,20261331,True,True,,1,0.1669649570249021,0.032760303,0.1669649570249021,0.20203989802394062
54,distant_c0.8_from0.8,0,ompl_uniform,20801305,True,True,,1,0.19701529701706022,0.025113634,0.19701529701706022,0.19907257903832942
54,distant_c0.8_from0.8,0,joint_projected,20801305,True,True,,1,0.12811447493731976,0.04085287,0.12811447493731976,0.1577594969421625
54,distant_c0.8_from0.8,0,cartesian_ik,20801305,True,True,,1,0.13333943695761263,0.030252864,0.13333943695761263,0.15997147595044225
54,distant_c0.8_from0.8,1,ompl_uniform,20801406,True,True,,1,0.1353913329076022,0.023640733,0.1353913329076022,0.13670699892099947
54,distant_c0.8_from0.8,1,cartesian_ik,20801406,True,True,,1,0.12251123401802033,0.016474211,0.12251123401802033,0.14810631109867245
54,distant_c0.8_from0.8,1,joint_projected,20801406,True,True,,1,0.22703716298565269,0.051245478,0.22703716298565269,0.25277160305995494
54,distant_c0.8_from0.8,2,ompl_uniform,20801507,True,True,,1,0.14114371000323445,0.015927634,0.14114371000323445,0.14229294401593506
54,distant_c0.8_from0.8,2,joint_projected,20801507,True,True,,1,0.18903050490189344,0.047133635,0.18903050490189344,0.21504273707978427
54,distant_c0.8_from0.8,2,cartesian_ik,20801507,True,True,,1,0.13618438795674592,0.035117108,0.13618438795674592,0.16253623412922025
54,distant_c0.8_from0.8,3,cartesian_ik,20801608,True,True,,1,0.27993931202217937,0.040558316,0.27993931202217937,0.30573474313132465
54,distant_c0.8_from0.8,3,joint_projected,20801608,True,True,,1,0.055097959004342556,0.013384299,0.055097959004342556,0.08056722499895841
54,distant_c0.8_from0.8,3,ompl_uniform,20801608,True,True,,1,0.15458824299275875,0.024917415,0.15458824299275875,0.15568948606960475
54,distant_c0.8_from0.8,4,cartesian_ik,20801709,True,True,,1,0.12167643196880817,0.018350891,0.12167643196880817,0.147842091973871
54,distant_c0.8_from0.8,4,ompl_uniform,20801709,True,True,,1,0.19600006693508476,0.021582969,0.19600006693508476,0.19776403694413602
54,distant_c0.8_from0.8,4,joint_projected,20801709,True,True,,1,0.0806696000508964,0.018491994,0.0806696000508964,0.10662217810750008
17,central_c0.8_from0.8,0,cartesian_ik,20431046,True,True,,1,0.07029523199889809,0.017768675,0.07029523199889809,0.10132067208178341
17,central_c0.8_from0.8,0,joint_projected,20431046,True,True,,1,0.18989829090423882,0.112437943,0.18989829090423882,0.22118013992439955
17,central_c0.8_from0.8,0,ompl_uniform,20431046,True,True,,1,0.18212244601454586,0.024414776,0.18212244601454586,0.1834870820166543
17,central_c0.8_from0.8,1,ompl_uniform,20431147,True,True,,1,0.3595950580202043,0.029232127,0.3595950580202043,0.361142948968336
17,central_c0.8_from0.8,1,cartesian_ik,20431147,True,True,,1,0.1517640899401158,0.029273203,0.1517640899401158,0.18303441687021405
17,central_c0.8_from0.8,1,joint_projected,20431147,True,True,,1,0.19837408105377108,0.103060494,0.19837408105377108,0.23087989899795502
17,central_c0.8_from0.8,2,cartesian_ik,20431248,True,True,,1,0.3084262720076367,0.088209331,0.3084262720076367,0.3402321779867634
17,central_c0.8_from0.8,2,joint_projected,20431248,True,True,,1,0.19021509098820388,0.106659189,0.19021509098820388,0.22224438190460205
17,central_c0.8_from0.8,2,ompl_uniform,20431248,True,True,,1,0.27066283498425037,0.022690332,0.27066283498425037,0.2722174150403589
17,central_c0.8_from0.8,3,cartesian_ik,20431349,True,True,,1,0.22301768697798252,0.049633975,0.22301768697798252,0.2549080359749496
17,central_c0.8_from0.8,3,joint_projected,20431349,True,True,,1,0.1686929319985211,0.101714424,0.1686929319985211,0.199867611983791
17,central_c0.8_from0.8,3,ompl_uniform,20431349,True,True,,1,0.1939682870870456,0.031218965,0.1939682870870456,0.19606215099338442
17,central_c0.8_from0.8,4,cartesian_ik,20431450,True,True,,1,0.2848370230058208,0.061108258,0.2848370230058208,0.31686558201909065
17,central_c0.8_from0.8,4,ompl_uniform,20431450,True,True,,1,0.16286453802604228,0.021032714,0.16286453802604228,0.1641204630723223
17,central_c0.8_from0.8,4,joint_projected,20431450,True,True,,1,0.24990351893939078,0.10795386,0.24990351893939078,0.28179132496006787
9,central_c0.2_from0.2,0,cartesian_ik,20350990,True,True,,1,0.24965837597846985,0.110619866,0.24965837597846985,0.28000262996647507
9,central_c0.2_from0.2,0,ompl_uniform,20350990,True,True,,1,0.14027267310302705,0.019172717,0.14027267310302705,0.14146745495963842
9,central_c0.2_from0.2,0,joint_projected,20350990,True,True,,1,0.129886592971161,0.052771082,0.129886592971161,0.16047530295327306
9,central_c0.2_from0.2,1,cartesian_ik,20351091,True,True,,1,0.1838118489831686,0.03234597,0.1838118489831686,0.21333383093588054
9,central_c0.2_from0.2,1,joint_projected,20351091,True,True,,1,0.16408896795473993,0.042702737,0.16408896795473993,0.19446834200061858
9,central_c0.2_from0.2,1,ompl_uniform,20351091,True,True,,1,0.2172868000343442,0.027604643,0.2172868000343442,0.21837498305831105
9,central_c0.2_from0.2,2,joint_projected,20351192,True,True,,1,0.38164564792532474,0.061452852,0.38164564792532474,0.41158117703162134
9,central_c0.2_from0.2,2,ompl_uniform,20351192,True,True,,1,0.1273113670758903,0.025500383,0.1273113670758903,0.12911583599634469
9,central_c0.2_from0.2,2,cartesian_ik,20351192,True,True,,1,0.2171339390333742,0.031507316,0.2171339390333742,0.24778807896655053
9,central_c0.2_from0.2,3,ompl_uniform,20351293,True,True,,1,0.24570186797063798,0.015118164,0.24570186797063798,0.2475274889729917
9,central_c0.2_from0.2,3,joint_projected,20351293,True,True,,1,0.21442391606979072,0.015233334,0.21442391606979072,0.24460022000130266
9,central_c0.2_from0.2,3,cartesian_ik,20351293,True,True,,1,0.16439157095737755,0.02484829,0.16439157095737755,0.19473278801888227
9,central_c0.2_from0.2,4,cartesian_ik,20351394,True,True,,1,0.16301525302696973,0.01284228,0.16301525302696973,0.19241383497137576
9,central_c0.2_from0.2,4,ompl_uniform,20351394,True,True,,1,0.1625184320146218,0.03078879,0.1625184320146218,0.16444381303153932
9,central_c0.2_from0.2,4,joint_projected,20351394,True,True,,1,0.025913438061252236,0.012559025,0.025913438061252236,0.05611835198942572
12,central_c0.8_from0.8,0,ompl_uniform,20381011,True,True,,1,0.3198463850421831,0.028470467,0.3198463850421831,0.3214729829924181
12,central_c0.8_from0.8,0,cartesian_ik,20381011,True,True,,1,0.11972575297113508,0.034086278,0.11972575297113508,0.1427946969633922
12,central_c0.8_from0.8,0,joint_projected,20381011,True,True,,1,0.28167670604307204,0.079663919,0.28167670604307204,0.30520852096378803
12,central_c0.8_from0.8,1,joint_projected,20381112,True,True,,1,0.14002862002234906,0.052439092,0.14002862002234906,0.16333883604966104
12,central_c0.8_from0.8,1,ompl_uniform,20381112,True,True,,1,0.23267891095019877,0.032768854,0.23267891095019877,0.23432557401247323
12,central_c0.8_from0.8,1,cartesian_ik,20381112,True,True,,1,0.13128478394355625,0.011645124,0.13128478394355625,0.1546740379417315
12,central_c0.8_from0.8,2,joint_projected,20381213,True,True,,1,0.24607469502370805,0.072535951,0.24607469502370805,0.26923035201616585
12,central_c0.8_from0.8,2,ompl_uniform,20381213,True,True,,1,0.13557046302594244,0.022202004,0.13557046302594244,0.13752563495654613
12,central_c0.8_from0.8,2,cartesian_ik,20381213,True,True,,1,0.1621475680731237,0.049843345,0.1621475680731237,0.185638845898211
12,central_c0.8_from0.8,3,joint_projected,20381314,True,True,,1,0.19314387196209282,0.047480263,0.19314387196209282,0.2164365709759295
12,central_c0.8_from0.8,3,cartesian_ik,20381314,True,True,,1,0.2262107189744711,0.05508083,0.2262107189744711,0.2500772919738665
12,central_c0.8_from0.8,3,ompl_uniform,20381314,True,True,,1,0.44922826904803514,0.026383134,0.44922826904803514,0.4512834900524467
12,central_c0.8_from0.8,4,cartesian_ik,20381415,True,True,,1,0.1880933940410614,0.048056451,0.1880933940410614,0.2118248320184648
12,central_c0.8_from0.8,4,ompl_uniform,20381415,True,True,,1,0.07675289898179471,0.01899239,0.07675289898179471,0.07810288807377219
12,central_c0.8_from0.8,4,joint_projected,20381415,True,True,,1,0.1714288799557835,0.058960452,0.1714288799557835,0.19521671696566045
36,offset_c0.8_from0.8,0,joint_projected,20621179,True,True,,1,0.2627764150965959,0.203491647,0.2627764150965959,0.2860772889107466
36,offset_c0.8_from0.8,0,ompl_uniform,20621179,True,True,,1,0.09849845303688198,0.01161439,0.09849845303688198,0.10002749401610345
36,offset_c0.8_from0.8,0,cartesian_ik,20621179,True,True,,1,0.28552874899469316,0.099805669,0.28552874899469316,0.30958322098013014
36,offset_c0.8_from0.8,1,cartesian_ik,20621280,True,True,,1,0.19282778399065137,0.091378857,0.19282778399065137,0.2168807090492919
36,offset_c0.8_from0.8,1,joint_projected,20621280,True,True,,1,0.3462872280506417,0.189518166,0.3462872280506417,0.3703476570080966
36,offset_c0.8_from0.8,1,ompl_uniform,20621280,True,True,,1,0.1468189510051161,0.021986503,0.1468189510051161,0.1486911040265113
36,offset_c0.8_from0.8,2,joint_projected,20621381,True,True,,1,0.3018974019214511,0.174850192,0.3018974019214511,0.3258088220609352
36,offset_c0.8_from0.8,2,ompl_uniform,20621381,True,True,,1,0.16606541897635907,0.019180254,0.16606541897635907,0.16791044804267585
36,offset_c0.8_from0.8,2,cartesian_ik,20621381,True,True,,1,0.10843950801063329,0.010674981,0.10843950801063329,0.1324378919089213
36,offset_c0.8_from0.8,3,joint_projected,20621482,True,True,,1,0.25544982706196606,0.18068842,0.25544982706196606,0.2793468999443576
36,offset_c0.8_from0.8,3,cartesian_ik,20621482,True,True,,1,0.1476149259833619,0.014862687,0.1476149259833619,0.17127703793812543
36,offset_c0.8_from0.8,3,ompl_uniform,20621482,True,True,,1,0.08096200204454362,0.02156036,0.08096200204454362,0.08254377893172204
36,offset_c0.8_from0.8,4,joint_projected,20621583,True,True,,1,0.2979323819745332,0.194774016,0.2979323819745332,0.32157471193931997
36,offset_c0.8_from0.8,4,ompl_uniform,20621583,True,True,,1,0.2727008570218459,0.01213168,0.2727008570218459,0.27435602608602494
36,offset_c0.8_from0.8,4,cartesian_ik,20621583,True,True,,1,0.13893807493150234,0.038408945,0.13893807493150234,0.16315779299475253
7,central_c0.2_from0.2,0,joint_projected,20330976,True,True,,1,0.1906027370132506,0.046141191,0.1906027370132506,0.22522803605534136
7,central_c0.2_from0.2,0,ompl_uniform,20330976,True,True,,1,0.20230805198661983,0.014648454,0.20230805198661983,0.20396572002209723
7,central_c0.2_from0.2,0,cartesian_ik,20330976,True,True,,1,0.09139869501814246,0.012248857,0.09139869501814246,0.12601661100052297
7,central_c0.2_from0.2,1,joint_projected,20331077,True,True,,1,0.14858728204853833,0.03592758,0.14858728204853833,0.18326215003617108
7,central_c0.2_from0.2,1,cartesian_ik,20331077,True,True,,1,0.06726009002886713,0.007512317,0.06726009002886713,0.10183605609927326
7,central_c0.2_from0.2,1,ompl_uniform,20331077,True,True,,1,0.13131494098342955,0.027634767,0.13131494098342955,0.13306051190011203
7,central_c0.2_from0.2,2,joint_projected,20331178,True,True,,1,0.08892745710909367,0.017678936,0.08892745710909367,0.12294381705578417
7,central_c0.2_from0.2,2,cartesian_ik,20331178,True,True,,1,0.19723757600877434,0.042887759,0.19723757600877434,0.23209041613154113
7,central_c0.2_from0.2,2,ompl_uniform,20331178,True,True,,1,0.1532196799525991,0.032146443,0.1532196799525991,0.15472326893359423
7,central_c0.2_from0.2,3,ompl_uniform,20331279,True,True,,1,0.06571781600359827,0.005304004,0.06571781600359827,0.06779824709519744
7,central_c0.2_from0.2,3,cartesian_ik,20331279,True,True,,1,0.09951410500798374,0.018652143,0.09951410500798374,0.13608374306932092
7,central_c0.2_from0.2,3,joint_projected,20331279,True,True,,1,0.2078087900299579,0.019064173,0.2078087900299579,0.24278096412308514
7,central_c0.2_from0.2,4,joint_projected,20331380,True,True,,1,0.15416318201459944,0.031479943,0.15416318201459944,0.1888017529854551
7,central_c0.2_from0.2,4,ompl_uniform,20331380,True,True,,1,0.15726426499895751,0.013809052,0.15726426499895751,0.15892673505004495
7,central_c0.2_from0.2,4,cartesian_ik,20331380,True,True,,1,0.07944407500326633,0.009564681,0.07944407500326633,0.11406697414349765
47,distant_c0.2_from0.2,0,ompl_uniform,20731256,True,True,,1,0.14749038801528513,0.005594748,0.14749038801528513,0.1486812650691718
47,distant_c0.2_from0.2,0,joint_projected,20731256,True,True,,1,0.13036362500861287,0.025722068,0.13036362500861287,0.15522552886977792
47,distant_c0.2_from0.2,0,cartesian_ik,20731256,True,True,,1,0.2608902979409322,0.022108864,0.2608902979409322,0.2855058868881315
47,distant_c0.2_from0.2,1,joint_projected,20731357,True,True,,1,0.11960827198345214,0.027568865,0.11960827198345214,0.1441220099804923
47,distant_c0.2_from0.2,1,cartesian_ik,20731357,True,True,,1,0.16323009703774005,0.024009514,0.16323009703774005,0.1879663149593398
47,distant_c0.2_from0.2,1,ompl_uniform,20731357,True,True,,1,0.12527281907387078,0.006911823,0.12527281907387078,0.1268344019772485
47,distant_c0.2_from0.2,2,cartesian_ik,20731458,True,True,,1,0.07757917698472738,0.020773169,0.07757917698472738,0.10150552296545357
47,distant_c0.2_from0.2,2,ompl_uniform,20731458,True,True,,1,0.16127019003033638,0.027214711,0.16127019003033638,0.1631225700257346
47,distant_c0.2_from0.2,2,joint_projected,20731458,True,True,,1,0.1085876259021461,0.02534043,0.1085876259021461,0.132570237852633
47,distant_c0.2_from0.2,3,joint_projected,20731559,True,True,,1,0.14240333996713161,0.01981255,0.14240333996713161,0.16669839282985777
47,distant_c0.2_from0.2,3,cartesian_ik,20731559,True,True,,1,0.08879771293140948,0.012533668,0.08879771293140948,0.11328317492734641
47,distant_c0.2_from0.2,3,ompl_uniform,20731559,True,True,,1,0.11895093193743378,0.008712258,0.11895093193743378,0.12045351997949183
47,distant_c0.2_from0.2,4,cartesian_ik,20731660,True,True,,1,0.07221683510579169,0.026113183,0.07221683510579169,0.09675146592780948
47,distant_c0.2_from0.2,4,joint_projected,20731660,True,True,,1,0.02608838491141796,0.014797133,0.02608838491141796,0.05015350389294326
47,distant_c0.2_from0.2,4,ompl_uniform,20731660,True,True,,1,0.15319100103806704,0.013889213,0.15319100103806704,0.1550827770261094
42,distant_c0.2_from0.2,0,ompl_uniform,20681221,True,True,,1,0.13389429601375014,0.011610113,0.13389429601375014,0.13525121798738837
42,distant_c0.2_from0.2,0,joint_projected,20681221,True,True,,1,0.1019456300418824,0.025070279,0.1019456300418824,0.13871645205654204
42,distant_c0.2_from0.2,0,cartesian_ik,20681221,True,True,,1,0.15381422196514904,0.010898624,0.15381422196514904,0.19053867005277425
42,distant_c0.2_from0.2,1,cartesian_ik,20681322,True,True,,1,0.14211826608516276,0.014877822,0.14211826608516276,0.17894021200481802
42,distant_c0.2_from0.2,1,ompl_uniform,20681322,True,True,,1,0.11040961800608784,0.009077891,0.11040961800608784,0.11223376996349543
42,distant_c0.2_from0.2,1,joint_projected,20681322,True,True,,1,0.12018497393000871,0.020317119,0.12018497393000871,0.1575283360434696
42,distant_c0.2_from0.2,2,joint_projected,20681423,True,True,,1,0.12728555698413402,0.02094729,0.12728555698413402,0.1642690640874207
42,distant_c0.2_from0.2,2,ompl_uniform,20681423,True,True,,1,0.08984286605846137,0.010075897,0.08984286605846137,0.09143504593521357
42,distant_c0.2_from0.2,2,cartesian_ik,20681423,True,True,,1,0.14646904496476054,0.027495557,0.14646904496476054,0.18348802998661995
42,distant_c0.2_from0.2,3,ompl_uniform,20681524,True,True,,1,0.12800639600027353,0.009465352,0.12800639600027353,0.12934384192340076
42,distant_c0.2_from0.2,3,cartesian_ik,20681524,True,True,,1,0.14524796302430332,0.018625911,0.14524796302430332,0.18166617106180638
42,distant_c0.2_from0.2,3,joint_projected,20681524,True,True,,1,0.1129106100415811,0.029307042,0.1129106100415811,0.14907080004923046
42,distant_c0.2_from0.2,4,cartesian_ik,20681625,True,True,,1,0.033478869940154254,0.008925317,0.033478869940154254,0.07026906602550298
42,distant_c0.2_from0.2,4,ompl_uniform,20681625,True,True,,1,0.12869531800970435,0.01301039,0.12869531800970435,0.12989524903241545
42,distant_c0.2_from0.2,4,joint_projected,20681625,True,True,,1,0.08591822104062885,0.022540398,0.08591822104062885,0.12311064300592989
41,distant_c0.2_from0.2,0,ompl_uniform,20671214,True,True,,1,0.1560498820617795,0.02210364,0.1560498820617795,0.157300402992405
41,distant_c0.2_from0.2,0,cartesian_ik,20671214,True,True,,1,0.1828028509626165,0.016799972,0.1828028509626165,0.2109884590608999
41,distant_c0.2_from0.2,0,joint_projected,20671214,True,True,,1,0.14437279000412673,0.023753666,0.14437279000412673,0.17222321196459234
41,distant_c0.2_from0.2,1,cartesian_ik,20671315,True,True,,1,0.12245374696794897,0.012521434,0.12245374696794897,0.15044792799744755
41,distant_c0.2_from0.2,1,ompl_uniform,20671315,True,True,,1,0.0912902009440586,0.009450998,0.0912902009440586,0.0929712310899049
41,distant_c0.2_from0.2,1,joint_projected,20671315,True,True,,1,0.03131258091889322,0.024790806,0.03131258091889322,0.058801953913643956
41,distant_c0.2_from0.2,2,cartesian_ik,20671416,True,True,,1,0.1517681130208075,0.012432968,0.1517681130208075,0.17897243693005294
41,distant_c0.2_from0.2,2,ompl_uniform,20671416,True,True,,1,0.19810585700906813,0.021215267,0.19810585700906813,0.19918312202207744
41,distant_c0.2_from0.2,2,joint_projected,20671416,True,True,,1,0.16495907201897353,0.031676575,0.16495907201897353,0.1924683980178088
41,distant_c0.2_from0.2,3,ompl_uniform,20671517,True,True,,1,0.18401066004298627,0.012344772,0.18401066004298627,0.18576989194843918
41,distant_c0.2_from0.2,3,joint_projected,20671517,True,True,,1,0.07055554795078933,0.023376806,0.07055554795078933,0.09856330195907503
41,distant_c0.2_from0.2,3,cartesian_ik,20671517,True,True,,1,0.1106332540512085,0.018211402,0.1106332540512085,0.13781479001045227
41,distant_c0.2_from0.2,4,cartesian_ik,20671618,True,True,,1,0.07063918199855834,0.01829285,0.07063918199855834,0.09789214702323079
41,distant_c0.2_from0.2,4,ompl_uniform,20671618,True,True,,1,0.15561120095662773,0.018135632,0.15561120095662773,0.15710493200458586
41,distant_c0.2_from0.2,4,joint_projected,20671618,True,True,,1,0.14357682003173977,0.04443978,0.14357682003173977,0.17124371696263552
38,offset_c0.8_from0.8,0,ompl_uniform,20641193,True,True,,1,0.16921431897208095,0.022311414,0.16921431897208095,0.17050940997432917
38,offset_c0.8_from0.8,0,cartesian_ik,20641193,True,True,,1,0.1329468310577795,0.020193184,0.1329468310577795,0.15634048997890204
38,offset_c0.8_from0.8,0,joint_projected,20641193,True,True,,1,0.09240372898057103,0.033926244,0.09240372898057103,0.11547304596751928
38,offset_c0.8_from0.8,1,joint_projected,20641294,True,True,,1,0.1570618839468807,0.032129322,0.1570618839468807,0.17944174294825643
38,offset_c0.8_from0.8,1,cartesian_ik,20641294,True,True,,1,0.15588470303919166,0.023910507,0.15588470303919166,0.17858051101211458
38,offset_c0.8_from0.8,1,ompl_uniform,20641294,True,True,,1,0.22511417092755437,0.013262863,0.22511417092755437,0.22657793399412185
38,offset_c0.8_from0.8,2,ompl_uniform,20641395,True,True,,1,0.15416672301944345,0.013386348,0.15416672301944345,0.15609543095342815
38,offset_c0.8_from0.8,2,joint_projected,20641395,True,True,,1,0.11372090107761323,0.026661601,0.11372090107761323,0.13680621306411922
38,offset_c0.8_from0.8,2,cartesian_ik,20641395,True,True,,1,0.151325743063353,0.022535234,0.151325743063353,0.1737316339276731
38,offset_c0.8_from0.8,3,ompl_uniform,20641496,True,True,,1,0.20095623889937997,0.029617937,0.20095623889937997,0.20268956199288368
38,offset_c0.8_from0.8,3,cartesian_ik,20641496,True,True,,1,0.09422265808098018,0.019307534,0.09422265808098018,0.11752455297391862
38,offset_c0.8_from0.8,3,joint_projected,20641496,True,True,,1,0.08518289099447429,0.03508007,0.08518289099447429,0.10808628401719034
38,offset_c0.8_from0.8,4,ompl_uniform,20641597,True,True,,1,0.15017621091101319,0.023682644,0.15017621091101319,0.1515019090147689
38,offset_c0.8_from0.8,4,cartesian_ik,20641597,True,True,,1,0.09689661499578506,0.017578848,0.09689661499578506,0.12062572501599789
38,offset_c0.8_from0.8,4,joint_projected,20641597,True,True,,1,0.06288790295366198,0.021751266,0.06288790295366198,0.08579135697800666
46,distant_c0.2_from0.2,0,joint_projected,20721249,True,True,,1,0.12028178898617625,0.028990764,0.12028178898617625,0.14658527390565723
46,distant_c0.2_from0.2,0,ompl_uniform,20721249,True,True,,1,0.1884218699997291,0.013095638,0.1884218699997291,0.18986735306680202
46,distant_c0.2_from0.2,0,cartesian_ik,20721249,True,True,,1,0.028230655938386917,0.003581703,0.028230655938386917,0.05493408290203661
46,distant_c0.2_from0.2,1,ompl_uniform,20721350,True,True,,1,0.1369319090154022,0.010714796,0.1369319090154022,0.13850407709833235
46,distant_c0.2_from0.2,1,cartesian_ik,20721350,True,True,,1,0.16093222796916962,0.031602739,0.16093222796916962,0.1879444899968803
46,distant_c0.2_from0.2,1,joint_projected,20721350,True,True,,1,0.17510631203185767,0.028671093,0.17510631203185767,0.20221707096789032
46,distant_c0.2_from0.2,2,joint_projected,20721451,True,True,,1,0.13666489301249385,0.017239274,0.13666489301249385,0.16352895402815193
46,distant_c0.2_from0.2,2,ompl_uniform,20721451,True,True,,1,0.14635125501081347,0.011720537,0.14635125501081347,0.14791076502297074
46,distant_c0.2_from0.2,2,cartesian_ik,20721451,True,True,,1,0.1433873389614746,0.033624245,0.1433873389614746,0.1702967690071091
46,distant_c0.2_from0.2,3,cartesian_ik,20721552,True,True,,1,0.20298248704057187,0.011608651,0.20298248704057187,0.2304219090146944
46,distant_c0.2_from0.2,3,joint_projected,20721552,True,True,,1,0.18916796799749136,0.038817024,0.18916796799749136,0.2162422880064696
46,distant_c0.2_from0.2,3,ompl_uniform,20721552,True,True,,1,0.0990139109781012,0.008144957,0.0990139109781012,0.10075502202380449
46,distant_c0.2_from0.2,4,cartesian_ik,20721653,True,True,,1,0.08878320502117276,0.024194185,0.08878320502117276,0.11621159606147557
46,distant_c0.2_from0.2,4,ompl_uniform,20721653,True,True,,1,0.16146685497369617,0.021145442,0.16146685497369617,0.16324216593056917
46,distant_c0.2_from0.2,4,joint_projected,20721653,True,True,,1,0.15822725498583168,0.03538382,0.15822725498583168,0.18562253192067146
52,distant_c0.8_from0.8,0,ompl_uniform,20781291,True,True,,1,0.17202136991545558,0.010682631,0.17202136991545558,0.17353858903516084
52,distant_c0.8_from0.8,0,joint_projected,20781291,True,True,,1,0.14816999097820371,0.099105009,0.14816999097820371,0.17327189701609313
52,distant_c0.8_from0.8,0,cartesian_ik,20781291,True,True,,1,0.10998457297682762,0.006646225,0.10998457297682762,0.1348284820560366
52,distant_c0.8_from0.8,1,cartesian_ik,20781392,True,True,,1,0.16740335593931377,0.029240678,0.16740335593931377,0.1926370869623497
52,distant_c0.8_from0.8,1,ompl_uniform,20781392,True,True,,1,0.21063252305611968,0.01515704,0.21063252305611968,0.2123623260995373
52,distant_c0.8_from0.8,1,joint_projected,20781392,True,True,,1,0.167156451032497,0.096236362,0.167156451032497,0.19251025700941682
52,distant_c0.8_from0.8,2,cartesian_ik,20781493,True,True,,1,0.18775167199783027,0.01292517,0.18775167199783027,0.21306484600063413
52,distant_c0.8_from0.8,2,joint_projected,20781493,True,True,,1,0.1818665920291096,0.110220235,0.1818665920291096,0.20703273394610733
52,distant_c0.8_from0.8,2,ompl_uniform,20781493,True,True,,1,0.1627110029803589,0.008175698,0.1627110029803589,0.16426601901184767
52,distant_c0.8_from0.8,3,ompl_uniform,20781594,True,True,,1,0.15975048998370767,0.010493543,0.15975048998370767,0.1613755860598758
52,distant_c0.8_from0.8,3,joint_projected,20781594,True,True,,1,0.16326206305529922,0.11196654,0.16326206305529922,0.18812808708753437
52,distant_c0.8_from0.8,3,cartesian_ik,20781594,True,True,,1,0.15599436894990504,0.023439344,0.15599436894990504,0.18057629198301584
52,distant_c0.8_from0.8,4,joint_projected,20781695,True,True,,1,0.15124789299443364,0.095330225,0.15124789299443364,0.17617222294211388
52,distant_c0.8_from0.8,4,cartesian_ik,20781695,True,True,,1,0.12042564293369651,0.015595161,0.12042564293369651,0.14595879206899554
52,distant_c0.8_from0.8,4,ompl_uniform,20781695,True,True,,1,0.0944717259844765,0.012440083,0.0944717259844765,0.09588145604357123
20,offset_c0.2_from0.2,0,ompl_uniform,20461067,True,True,,1,0.1761848470196128,0.020290307,0.1761848470196128,0.17773857596330345
20,offset_c0.2_from0.2,0,joint_projected,20461067,True,True,,1,0.13412680593319237,0.02119912,0.13412680593319237,0.16090220597106963
20,offset_c0.2_from0.2,0,cartesian_ik,20461067,True,True,,1,0.08074332401156425,0.035554424,0.08074332401156425,0.10781949805095792
20,offset_c0.2_from0.2,1,joint_projected,20461168,True,True,,1,0.10766026400960982,0.020086285,0.10766026400960982,0.13501129997894168
20,offset_c0.2_from0.2,1,ompl_uniform,20461168,True,True,,1,0.11755048506893218,0.012077665,0.11755048506893218,0.11943655193317682
20,offset_c0.2_from0.2,1,cartesian_ik,20461168,True,True,,1,0.04119953804183751,0.005597318,0.04119953804183751,0.06833604699932039
20,offset_c0.2_from0.2,2,ompl_uniform,20461269,True,True,,1,0.07859819696750492,0.008818063,0.07859819696750492,0.08055083896033466
20,offset_c0.2_from0.2,2,joint_projected,20461269,True,True,,1,0.1535825589671731,0.022809667,0.1535825589671731,0.18083137704525143
20,offset_c0.2_from0.2,2,cartesian_ik,20461269,True,True,,1,0.1966123590245843,0.033773928,0.1966123590245843,0.22349160397425294
20,offset_c0.2_from0.2,3,joint_projected,20461370,True,True,,1,0.12500819703564048,0.028165898,0.12500819703564048,0.15185136103536934
20,offset_c0.2_from0.2,3,cartesian_ik,20461370,True,True,,1,0.0492184649920091,0.025330229,0.0492184649920091,0.07600239396560937
20,offset_c0.2_from0.2,3,ompl_uniform,20461370,True,True,,1,0.0990620959782973,0.010347727,0.0990620959782973,0.10082583990879357
20,offset_c0.2_from0.2,4,ompl_uniform,20461471,True,True,,1,0.10676321003120393,0.02806612,0.10676321003120393,0.10864384705200791
20,offset_c0.2_from0.2,4,joint_projected,20461471,True,True,,1,0.06419976602774113,0.011725552,0.06419976602774113,0.09148183395154774
20,offset_c0.2_from0.2,4,cartesian_ik,20461471,True,True,,1,0.10780257196165621,0.023724086,0.10780257196165621,0.1350916869705543
29,offset_c0.2_from0.2,0,ompl_uniform,20551130,True,True,,1,0.17421141604427248,0.0202265,0.17421141604427248,0.17556227499153465
29,offset_c0.2_from0.2,0,joint_projected,20551130,True,True,,1,0.14452835102565587,0.027835828,0.14452835102565587,0.16951134311966598
29,offset_c0.2_from0.2,0,cartesian_ik,20551130,True,True,,1,0.0600388019811362,0.009540953,0.0600388019811362,0.08441158512141556
29,offset_c0.2_from0.2,1,cartesian_ik,20551231,True,True,,1,0.19541167502757162,0.052076646,0.19541167502757162,0.22038910316769034
29,offset_c0.2_from0.2,1,ompl_uniform,20551231,True,True,,1,0.08710523904301226,0.026592857,0.08710523904301226,0.08872395101934671
29,offset_c0.2_from0.2,1,joint_projected,20551231,True,True,,1,0.03148238908033818,0.016074339,0.03148238908033818,0.05614412610884756
29,offset_c0.2_from0.2,2,cartesian_ik,20551332,True,True,,1,0.18057496706023812,0.016837317,0.18057496706023812,0.20552277204114944
29,offset_c0.2_from0.2,2,ompl_uniform,20551332,True,True,,1,0.1265234990278259,0.014412931,0.1265234990278259,0.12825760699342936
29,offset_c0.2_from0.2,2,joint_projected,20551332,True,True,,1,0.13935894798487425,0.028354258,0.13935894798487425,0.1634164931019768
29,offset_c0.2_from0.2,3,ompl_uniform,20551433,True,True,,1,0.09910978795960546,0.019108491,0.09910978795960546,0.1004670059774071
29,offset_c0.2_from0.2,3,joint_projected,20551433,True,True,,1,0.22078691993374377,0.060734729,0.22078691993374377,0.24572663102298975
29,offset_c0.2_from0.2,3,cartesian_ik,20551433,True,True,,1,0.237765247002244,0.05040653,0.237765247002244,0.2627173970686272
29,offset_c0.2_from0.2,4,ompl_uniform,20551534,True,True,,1,0.11740709899459034,0.027881425,0.11740709899459034,0.11915100796613842
29,offset_c0.2_from0.2,4,joint_projected,20551534,True,True,,1,0.05438299605157226,0.023232617,0.05438299605157226,0.07889336114749312
29,offset_c0.2_from0.2,4,cartesian_ik,20551534,True,True,,1,0.08613544201944023,0.039749322,0.08613544201944023,0.11055532714817673
48,distant_c0.2_from0.2,0,joint_projected,20741263,True,True,,1,0.08201592590194196,0.032303153,0.08201592590194196,0.10529735090676695
48,distant_c0.2_from0.2,0,ompl_uniform,20741263,True,True,,1,0.13977234601043165,0.023246436,0.13977234601043165,0.14165401901118457
48,distant_c0.2_from0.2,0,cartesian_ik,20741263,True,True,,1,0.0857861980330199,0.009668381,0.0857861980330199,0.10968001396395266
48,distant_c0.2_from0.2,1,joint_projected,20741364,True,True,,1,0.09629505197517574,0.015680412,0.09629505197517574,0.11975917604286224
48,distant_c0.2_from0.2,1,ompl_uniform,20741364,True,True,,1,0.2035766929620877,0.01329111,0.2035766929620877,0.205737481941469
48,distant_c0.2_from0.2,1,cartesian_ik,20741364,True,True,,1,0.20890737208537757,0.02113611,0.20890737208537757,0.23219192901160568
48,distant_c0.2_from0.2,2,ompl_uniform,20741465,True,True,,1,0.13599687395617366,0.01071242,0.13599687395617366,0.13729866000358015
48,distant_c0.2_from0.2,2,cartesian_ik,20741465,True,True,,1,0.081041055964306,0.011946349,0.081041055964306,0.10475614794995636
48,distant_c0.2_from0.2,2,joint_projected,20741465,True,True,,1,0.1051718449452892,0.021145972,0.1051718449452892,0.12875540694221854
48,distant_c0.2_from0.2,3,cartesian_ik,20741566,True,True,,1,0.21786622190847993,0.027472563,0.21786622190847993,0.24164339993149042
48,distant_c0.2_from0.2,3,joint_projected,20741566,True,True,,1,0.09404581598937511,0.022607044,0.09404581598937511,0.1167187390383333
48,distant_c0.2_from0.2,3,ompl_uniform,20741566,True,True,,1,0.16382238105870783,0.017583314,0.16382238105870783,0.16530144307762384
48,distant_c0.2_from0.2,4,ompl_uniform,20741667,True,True,,1,0.16249248606618494,0.012464576,0.16249248606618494,0.16444977605715394
48,distant_c0.2_from0.2,4,cartesian_ik,20741667,True,True,,1,0.16135855996981263,0.011480646,0.16135855996981263,0.18498687399551272
48,distant_c0.2_from0.2,4,joint_projected,20741667,True,True,,1,0.059176185983233154,0.011286871,0.059176185983233154,0.08297723694704473
22,offset_c0.2_from0.2,0,cartesian_ik,20481081,True,True,,1,0.142844513989985,0.015223121,0.142844513989985,0.1654446559259668
22,offset_c0.2_from0.2,0,ompl_uniform,20481081,True,True,,1,0.1945036050165072,0.005210882,0.1945036050165072,0.19603306602220982
22,offset_c0.2_from0.2,0,joint_projected,20481081,True,True,,1,0.12393373192753643,0.020247052,0.12393373192753643,0.14753927197307348
22,offset_c0.2_from0.2,1,ompl_uniform,20481182,True,True,,1,0.12049937807023525,0.011886367,0.12049937807023525,0.12191348301712424
22,offset_c0.2_from0.2,1,joint_projected,20481182,True,True,,1,0.1989148249849677,0.027268337,0.1989148249849677,0.2220481588738039
22,offset_c0.2_from0.2,1,cartesian_ik,20481182,True,True,,1,0.05482407903764397,0.028984758,0.05482407903764397,0.07803873403463513
22,offset_c0.2_from0.2,2,ompl_uniform,20481283,True,True,,1,0.14154565893113613,0.010606493,0.14154565893113613,0.1428289939649403
22,offset_c0.2_from0.2,2,joint_projected,20481283,True,True,,1,0.1286601279862225,0.031313681,0.1286601279862225,0.15239297796506435
22,offset_c0.2_from0.2,2,cartesian_ik,20481283,True,True,,1,0.12604018999263644,0.023000624,0.12604018999263644,0.14917337195947766
22,offset_c0.2_from0.2,3,joint_projected,20481384,True,True,,1,0.12649898696690798,0.0162977,0.12649898696690798,0.14972609002143145
22,offset_c0.2_from0.2,3,cartesian_ik,20481384,True,True,,1,0.05882750393357128,0.024737266,0.05882750393357128,0.0822254370432347
22,offset_c0.2_from0.2,3,ompl_uniform,20481384,True,True,,1,0.09441447001881897,0.007750664,0.09441447001881897,0.09637286607176065
22,offset_c0.2_from0.2,4,ompl_uniform,20481485,True,True,,1,0.19783053896389902,0.011771554,0.19783053896389902,0.19913868606090546
22,offset_c0.2_from0.2,4,joint_projected,20481485,True,True,,1,0.07729967497289181,0.022116706,0.07729967497289181,0.10047710896469653
22,offset_c0.2_from0.2,4,cartesian_ik,20481485,True,True,,1,0.11821264901664108,0.021940865,0.11821264901664108,0.1415748338913545
58,distant_c0.8_from0.8,0,joint_projected,20841333,True,True,,1,0.026513976976275444,0.016372251,0.026513976976275444,0.053451005020178854
58,distant_c0.8_from0.8,0,cartesian_ik,20841333,True,True,,1,0.18345945898909122,0.018228307,0.18345945898909122,0.21113737300038338
58,distant_c0.8_from0.8,0,ompl_uniform,20841333,True,True,,1,0.16840993391815573,0.010169056,0.16840993391815573,0.1695716930553317
58,distant_c0.8_from0.8,1,cartesian_ik,20841434,True,True,,1,0.08232900302391499,0.035140505,0.08232900302391499,0.11004275409504771
58,distant_c0.8_from0.8,1,joint_projected,20841434,True,True,,1,0.15134097205009311,0.02825132,0.15134097205009311,0.17932055005803704
58,distant_c0.8_from0.8,1,ompl_uniform,20841434,True,True,,1,0.13914111501071602,0.007891694,0.13914111501071602,0.14075136894825846
58,distant_c0.8_from0.8,2,ompl_uniform,20841535,True,True,,1,0.08257956395391375,0.00879588,0.08257956395391375,0.08428189996629953
58,distant_c0.8_from0.8,2,joint_projected,20841535,True,True,,1,0.12964873504824936,0.018424653,0.12964873504824936,0.157531292992644
58,distant_c0.8_from0.8,2,cartesian_ik,20841535,True,True,,1,0.028830058057792485,0.016536216,0.028830058057792485,0.05696633702609688
58,distant_c0.8_from0.8,3,cartesian_ik,20841636,True,True,,1,0.11723122897092253,0.009957624,0.11723122897092253,0.14505723712500185
58,distant_c0.8_from0.8,3,ompl_uniform,20841636,True,True,,1,0.06831788597628474,0.007935287,0.06831788597628474,0.06985125492792577
58,distant_c0.8_from0.8,3,joint_projected,20841636,True,True,,1,0.06056308699771762,0.03065201,0.06056308699771762,0.08872187999077141
58,distant_c0.8_from0.8,4,cartesian_ik,20841737,True,True,,1,0.17383097601123154,0.015457736,0.17383097601123154,0.20194199006073177
58,distant_c0.8_from0.8,4,ompl_uniform,20841737,True,True,,1,0.13968701392877847,0.007980534,0.13968701392877847,0.1411040179664269
58,distant_c0.8_from0.8,4,joint_projected,20841737,True,True,,1,0.12398329901043326,0.02132343,0.12398329901043326,0.15210748207755387
19,central_c0.8_from0.8,0,cartesian_ik,20451060,True,True,,1,0.12651285505853593,0.018498874,0.12651285505853593,0.1498342949198559
19,central_c0.8_from0.8,0,joint_projected,20451060,True,True,,1,0.2689557500416413,0.107988882,0.2689557500416413,0.29256204690318555
19,central_c0.8_from0.8,0,ompl_uniform,20451060,True,True,,1,0.09410927910357714,0.017034929,0.09410927910357714,0.09591417293995619
19,central_c0.8_from0.8,1,ompl_uniform,20451161,True,True,,1,0.16102568700443953,0.024089076,0.16102568700443953,0.16287365998141468
19,central_c0.8_from0.8,1,joint_projected,20451161,True,True,,1,0.26825036492664367,0.129680902,0.26825036492664367,0.29186700202990323
19,central_c0.8_from0.8,1,cartesian_ik,20451161,True,True,,1,0.10528970102313906,0.015160017,0.10528970102313906,0.12870141002349555
19,central_c0.8_from0.8,2,ompl_uniform,20451262,True,True,,1,0.10668128507677466,0.024411222,0.10668128507677466,0.10795424901880324
19,central_c0.8_from0.8,2,joint_projected,20451262,True,True,,1,0.23737932892981917,0.098681737,0.23737932892981917,0.26112254802137613
19,central_c0.8_from0.8,2,cartesian_ik,20451262,True,True,,1,0.10391487693414092,0.046134791,0.10391487693414092,0.1272854480193928
19,central_c0.8_from0.8,3,cartesian_ik,20451363,True,True,,1,0.15675634203944355,0.017724301,0.15675634203944355,0.18064723699353635
19,central_c0.8_from0.8,3,ompl_uniform,20451363,True,True,,1,0.09381556801963598,0.021109344,0.09381556801963598,0.09519229596480727
19,central_c0.8_from0.8,3,joint_projected,20451363,True,True,,1,0.20277345704380423,0.108440598,0.20277345704380423,0.226592505001463
19,central_c0.8_from0.8,4,joint_projected,20451464,True,True,,1,0.2450460980180651,0.11197483,0.2450460980180651,0.26874605601187795
19,central_c0.8_from0.8,4,cartesian_ik,20451464,True,True,,1,0.14772238198202103,0.020033053,0.14772238198202103,0.1713062860071659
19,central_c0.8_from0.8,4,ompl_uniform,20451464,True,True,,1,0.12381837703287601,0.024813364,0.12381837703287601,0.1253528039669618
50,distant_c0.8_from0.8,0,ompl_uniform,20761277,True,True,,1,0.07691504096146673,0.007793336,0.07691504096146673,0.07795719103887677
50,distant_c0.8_from0.8,0,cartesian_ik,20761277,True,True,,1,0.09816137794405222,0.010216763,0.09816137794405222,0.1282005050452426
50,distant_c0.8_from0.8,0,joint_projected,20761277,True,True,,1,0.09750292298849672,0.028319114,0.09750292298849672,0.12723977805580944
50,distant_c0.8_from0.8,1,joint_projected,20761378,True,True,,1,0.04184824600815773,0.011730665,0.04184824600815773,0.07119727809913456
50,distant_c0.8_from0.8,1,cartesian_ik,20761378,True,True,,1,0.027500899974256754,0.014427981,0.027500899974256754,0.05698873207438737
50,distant_c0.8_from0.8,1,ompl_uniform,20761378,True,True,,1,0.1607944539282471,0.012190412,0.1607944539282471,0.16231103392783552
50,distant_c0.8_from0.8,2,ompl_uniform,20761479,True,True,,1,0.16004611004609615,0.009883674,0.16004611004609615,0.16168587596621364
50,distant_c0.8_from0.8,2,cartesian_ik,20761479,True,True,,1,0.13886622490826994,0.007711487,0.13886622490826994,0.16865928412880749
50,distant_c0.8_from0.8,2,joint_projected,20761479,True,True,,1,0.13287076295819134,0.032848558,0.13287076295819134,0.16294232103973627
50,distant_c0.8_from0.8,3,joint_projected,20761580,True,True,,1,0.04537684307433665,0.019192501,0.04537684307433665,0.07581715600099415
50,distant_c0.8_from0.8,3,ompl_uniform,20761580,True,True,,1,0.13722140702884644,0.007287544,0.13722140702884644,0.13832448003813624
50,distant_c0.8_from0.8,3,cartesian_ik,20761580,True,True,,1,0.056940949987620115,0.006731883,0.056940949987620115,0.08676402200944722
50,distant_c0.8_from0.8,4,joint_projected,20761681,True,True,,1,0.06794501794502139,0.02392698,0.06794501794502139,0.09771732112858444
50,distant_c0.8_from0.8,4,cartesian_ik,20761681,True,True,,1,0.13184079399798065,0.007339597,0.13184079399798065,0.16150939709041268
50,distant_c0.8_from0.8,4,ompl_uniform,20761681,True,True,,1,0.16403394506778568,0.01885019,0.16403394506778568,0.16525754693429917
15,central_c0.8_from0.8,0,cartesian_ik,20411032,True,True,,1,0.14098289294634014,0.021033033,0.14098289294634014,0.1645215079188347
15,central_c0.8_from0.8,0,joint_projected,20411032,True,True,,1,0.2577557968907058,0.025108322,0.2577557968907058,0.2818864728324115
15,central_c0.8_from0.8,0,ompl_uniform,20411032,True,True,,1,0.11786559596657753,0.013757451,0.11786559596657753,0.1194945489987731
15,central_c0.8_from0.8,1,cartesian_ik,20411133,True,True,,1,0.09554433997254819,0.016835079,0.09554433997254819,0.11978430789895356
15,central_c0.8_from0.8,1,ompl_uniform,20411133,True,True,,1,0.1467276819748804,0.020903557,0.1467276819748804,0.1484973900951445
15,central_c0.8_from0.8,1,joint_projected,20411133,True,True,,1,0.24233887693844736,0.031240684,0.24233887693844736,0.26730143593158573
15,central_c0.8_from0.8,2,ompl_uniform,20411234,True,True,,1,0.15840630803722888,0.011397262,0.15840630803722888,0.16038196708541363
15,central_c0.8_from0.8,2,joint_projected,20411234,True,True,,1,0.14449198101647198,0.026419584,0.14449198101647198,0.16919424489606172
15,central_c0.8_from0.8,2,cartesian_ik,20411234,True,True,,1,0.12029556999914348,0.038332164,0.12029556999914348,0.1451474418863654
15,central_c0.8_from0.8,3,joint_projected,20411335,True,True,,1,0.1604674729751423,0.03224593,0.1604674729751423,0.18497351091355085
15,central_c0.8_from0.8,3,cartesian_ik,20411335,True,True,,1,0.13294396200217307,0.008135893,0.13294396200217307,0.15691368794068694
15,central_c0.8_from0.8,3,ompl_uniform,20411335,True,True,,1,0.15336356102488935,0.025784522,0.15336356102488935,0.15496491291560233
15,central_c0.8_from0.8,4,cartesian_ik,20411436,True,True,,1,0.17265146493446082,0.035231357,0.17265146493446082,0.19680148584302515
15,central_c0.8_from0.8,4,ompl_uniform,20411436,True,True,,1,0.24537043296732008,0.015610348,0.24537043296732008,0.24677186307962984
15,central_c0.8_from0.8,4,joint_projected,20411436,True,True,,1,0.11467145895585418,0.028999658,0.11467145895585418,0.13931707793381065
55,distant_c0.8_from0.8,0,ompl_uniform,20811312,True,True,,1,0.19508822890929878,0.011125814,0.19508822890929878,0.19643971708137542
55,distant_c0.8_from0.8,0,joint_projected,20811312,True,True,,1,0.22863753396086395,0.103925538,0.22863753396086395,0.25201941397972405
55,distant_c0.8_from0.8,0,cartesian_ik,20811312,True,True,,1,0.10752131196204573,0.023778654,0.10752131196204573,0.13121538702398539
55,distant_c0.8_from0.8,1,ompl_uniform,20811413,True,True,,1,0.1003129220334813,0.023166895,0.1003129220334813,0.10188884194940329
55,distant_c0.8_from0.8,1,joint_projected,20811413,True,True,,1,0.135728077031672,0.105616972,0.135728077031672,0.15952270501293242
55,distant_c0.8_from0.8,1,cartesian_ik,20811413,True,True,,1,0.16240408993326128,0.014216125,0.16240408993326128,0.18603673204779625
55,distant_c0.8_from0.8,2,joint_projected,20811514,True,True,,1,0.100257204961963,0.089273305,0.100257204961963,0.12378926097881049
55,distant_c0.8_from0.8,2,cartesian_ik,20811514,True,True,,1,0.04171871196012944,0.027664047,0.04171871196012944,0.06514464400243014
55,distant_c0.8_from0.8,2,ompl_uniform,20811514,True,True,,1,0.15331724600400776,0.012462319,0.15331724600400776,0.15476925706025213
55,distant_c0.8_from0.8,3,ompl_uniform,20811615,True,True,,1,0.16444284189492464,0.021982793,0.16444284189492464,0.1662922709947452
55,distant_c0.8_from0.8,3,joint_projected,20811615,True,True,,1,0.2874807670013979,0.119851927,0.2874807670013979,0.3113268710440025
55,distant_c0.8_from0.8,3,cartesian_ik,20811615,True,True,,1,0.09318164899013937,0.012084849,0.09318164899013937,0.11673214810434729
55,distant_c0.8_from0.8,4,joint_projected,20811716,True,True,,1,0.12363893003202975,0.108749846,0.12363893003202975,0.14726081304252148
55,distant_c0.8_from0.8,4,cartesian_ik,20811716,True,True,,1,0.13762048003263772,0.016419085,0.13762048003263772,0.16097460605669767
55,distant_c0.8_from0.8,4,ompl_uniform,20811716,True,True,,1,0.16802694299258292,0.010275325,0.16802694299258292,0.16990347998216748
25,offset_c0.2_from0.2,0,joint_projected,20511102,True,True,,1,0.16576386103406549,0.019161316,0.16576386103406549,0.1930865088943392
25,offset_c0.2_from0.2,0,ompl_uniform,20511102,True,True,,1,0.13442595198284835,0.017019223,0.13442595198284835,0.13607688609045
25,offset_c0.2_from0.2,0,cartesian_ik,20511102,True,True,,1,0.08273931301664561,0.006012445,0.08273931301664561,0.11077709391247481
25,offset_c0.2_from0.2,1,joint_projected,20511203,True,True,,1,0.11016530799679458,0.024641666,0.11016530799679458,0.13770945696160197
25,offset_c0.2_from0.2,1,ompl_uniform,20511203,True,True,,1,0.1592691979603842,0.009961378,0.1592691979603842,0.16106206201948225
25,offset_c0.2_from0.2,1,cartesian_ik,20511203,True,True,,1,0.20089703297708184,0.052136685,0.20089703297708184,0.22873819689266384
25,offset_c0.2_from0.2,2,cartesian_ik,20511304,True,True,,1,0.09464055194985121,0.013996642,0.09464055194985121,0.12296743085607886
25,offset_c0.2_from0.2,2,ompl_uniform,20511304,True,True,,1,0.11474011105019599,0.01138921,0.11474011105019599,0.11677373596467078
25,offset_c0.2_from0.2,2,joint_projected,20511304,True,True,,1,0.11877387796994299,0.02047489,0.11877387796994299,0.14683617802802473
25,offset_c0.2_from0.2,3,ompl_uniform,20511405,True,True,,1,0.14371007506269962,0.010495159,0.14371007506269962,0.1455552140250802
25,offset_c0.2_from0.2,3,cartesian_ik,20511405,True,True,,1,0.11080638505518436,0.012227894,0.11080638505518436,0.13882863195613027
25,offset_c0.2_from0.2,3,joint_projected,20511405,True,True,,1,0.12562531605362892,0.023806969,0.12562531605362892,0.15346855798270553
25,offset_c0.2_from0.2,4,cartesian_ik,20511506,True,True,,1,0.09967847797088325,0.032490344,0.09967847797088325,0.12755218101665378
25,offset_c0.2_from0.2,4,ompl_uniform,20511506,True,True,,1,0.16181591094937176,0.015945224,0.16181591094937176,0.16342270595487207
25,offset_c0.2_from0.2,4,joint_projected,20511506,True,True,,1,0.14257367001846433,0.024096824,0.14257367001846433,0.1704370540101081
2,central_c0.2_from0.2,0,cartesian_ik,20280941,True,True,,1,0.18353500904049724,0.015791928,0.18353500904049724,0.20883833989501
2,central_c0.2_from0.2,0,joint_projected,20280941,True,True,,1,0.17699196294415742,0.039237043,0.17699196294415742,0.20322146790567786
2,central_c0.2_from0.2,0,ompl_uniform,20280941,True,True,,1,0.26593915396369994,0.020096012,0.26593915396369994,0.2676050621084869
2,central_c0.2_from0.2,1,joint_projected,20281042,True,True,,1,0.13577854307368398,0.022710899,0.13577854307368398,0.16196786798536777
2,central_c0.2_from0.2,1,ompl_uniform,20281042,True,True,,1,0.18257459602318704,0.012449388,0.18257459602318704,0.18419578694738448
2,central_c0.2_from0.2,1,cartesian_ik,20281042,True,True,,1,0.09198252006899565,0.029593512,0.09198252006899565,0.11788387782871723
2,central_c0.2_from0.2,2,ompl_uniform,20281143,True,True,,1,0.130099200992845,0.011866748,0.130099200992845,0.13194266497157514
2,central_c0.2_from0.2,2,joint_projected,20281143,True,True,,1,0.05541476502548903,0.016041451,0.05541476502548903,0.08125502185430378
2,central_c0.2_from0.2,2,cartesian_ik,20281143,True,True,,1,0.3250258279731497,0.023965527,0.3250258279731497,0.3511613829759881
2,central_c0.2_from0.2,3,joint_projected,20281244,True,True,,1,0.16586668393574655,0.027161755,0.16586668393574655,0.19210383389145136
2,central_c0.2_from0.2,3,cartesian_ik,20281244,True,True,,1,0.11542016302701086,0.026184935,0.11542016302701086,0.14178096188697964
2,central_c0.2_from0.2,3,ompl_uniform,20281244,True,True,,1,0.15592114604078233,0.015566949,0.15592114604078233,0.15745952597353607
2,central_c0.2_from0.2,4,ompl_uniform,20281345,True,True,,1,0.20098673307802528,0.021826581,0.20098673307802528,0.20261258201207966
2,central_c0.2_from0.2,4,joint_projected,20281345,True,True,,1,0.12676844303496182,0.01707126,0.12676844303496182,0.1528335209004581
2,central_c0.2_from0.2,4,cartesian_ik,20281345,True,True,,1,0.14276069903280586,0.042414399,0.14276069903280586,0.16926264599896967
28,offset_c0.2_from0.2,0,ompl_uniform,20541123,True,True,,1,0.17503659205976874,0.013278023,0.17503659205976874,0.17661661189049482
28,offset_c0.2_from0.2,0,cartesian_ik,20541123,True,True,,1,0.11636724497657269,0.026122215,0.11636724497657269,0.14915046805981547
28,offset_c0.2_from0.2,0,joint_projected,20541123,True,True,,1,0.19909831800032407,0.037825366,0.19909831800032407,0.23213074100203812
28,offset_c0.2_from0.2,1,joint_projected,20541224,True,True,,1,0.12198787997476757,0.040825001,0.12198787997476757,0.15485559299122542
28,offset_c0.2_from0.2,1,ompl_uniform,20541224,True,True,,1,0.1278383950702846,0.029433422,0.1278383950702846,0.1295413930201903
28,offset_c0.2_from0.2,1,cartesian_ik,20541224,True,True,,1,0.04647502803709358,0.009853078,0.04647502803709358,0.07900302903726697
28,offset_c0.2_from0.2,2,ompl_uniform,20541325,True,True,,1,0.12559828395023942,0.014186032,0.12559828395023942,0.12716496095526963
28,offset_c0.2_from0.2,2,cartesian_ik,20541325,True,True,,1,0.150354606914334,0.031197008,0.150354606914334,0.1828778530471027
28,offset_c0.2_from0.2,2,joint_projected,20541325,True,True,,1,0.11743283492978662,0.021498911,0.11743283492978662,0.1499466400127858
28,offset_c0.2_from0.2,3,joint_projected,20541426,True,True,,1,0.13562574703246355,0.020540882,0.13562574703246355,0.16805775801185519
28,offset_c0.2_from0.2,3,cartesian_ik,20541426,True,True,,1,0.08194614201784134,0.024234828,0.08194614201784134,0.11438755900599062
28,offset_c0.2_from0.2,3,ompl_uniform,20541426,True,True,,1,0.22721086395904422,0.009832847,0.22721086395904422,0.22889258502982557
28,offset_c0.2_from0.2,4,cartesian_ik,20541527,True,True,,1,0.33008964906912297,0.047337592,0.33008964906912297,0.3630120300222188
28,offset_c0.2_from0.2,4,ompl_uniform,20541527,True,True,,1,0.11201252206228673,0.009189078,0.11201252206228673,0.11349804396741092
28,offset_c0.2_from0.2,4,joint_projected,20541527,True,True,,1,0.13039030996151268,0.03463242,0.13039030996151268,0.1633731840411201
59,distant_c0.8_from0.8,0,joint_projected,20851340,True,True,,1,0.32596353301778436,0.264890858,0.32596353301778436,0.3799488099757582
59,distant_c0.8_from0.8,0,ompl_uniform,20851340,True,True,,1,0.19702383899129927,0.018281363,0.19702383899129927,0.1985277869971469
59,distant_c0.8_from0.8,0,cartesian_ik,20851340,True,True,,1,0.1314436700195074,0.025417575,0.1314436700195074,0.1859493280062452
59,distant_c0.8_from0.8,1,cartesian_ik,20851441,True,True,,1,0.11244344199076295,0.018891537,0.11244344199076295,0.16690829198341817
59,distant_c0.8_from0.8,1,ompl_uniform,20851441,True,True,,1,0.17562454694416374,0.021982998,0.17562454694416374,0.17718992906156927
59,distant_c0.8_from0.8,1,joint_projected,20851441,True,True,,1,0.35778383805882186,0.272645576,0.35778383805882186,0.4120181449688971
59,distant_c0.8_from0.8,2,joint_projected,20851542,True,True,,1,0.31248913903255016,0.254882677,0.31248913903255016,0.3665450339904055
59,distant_c0.8_from0.8,2,ompl_uniform,20851542,True,True,,1,0.17766270390711725,0.007927168,0.17766270390711725,0.17926383297890425
59,distant_c0.8_from0.8,2,cartesian_ik,20851542,True,True,,1,0.1351003700401634,0.055360868,0.1351003700401634,0.18927715194877237
59,distant_c0.8_from0.8,3,cartesian_ik,20851643,True,True,,1,0.16862309607677162,0.024053918,0.16862309607677162,0.22351355606224388
59,distant_c0.8_from0.8,3,ompl_uniform,20851643,True,True,,1,0.1874708749819547,0.012234463,0.1874708749819547,0.18929370504338294
59,distant_c0.8_from0.8,3,joint_projected,20851643,True,True,,1,0.30624102207366377,0.274102354,0.30624102207366377,0.36089065892156214
59,distant_c0.8_from0.8,4,ompl_uniform,20851744,True,True,,1,0.09429641591850668,0.013339394,0.09429641591850668,0.09608087199740112
59,distant_c0.8_from0.8,4,joint_projected,20851744,True,True,,1,0.308556774049066,0.255377016,0.308556774049066,0.36275978304911405
59,distant_c0.8_from0.8,4,cartesian_ik,20851744,True,True,,1,0.0753248839173466,0.009714466,0.0753248839173466,0.1297627870226279
53,distant_c0.8_from0.8,0,ompl_uniform,20791298,True,True,,1,0.1702507029986009,0.011349016,0.1702507029986009,0.17132441699504852
53,distant_c0.8_from0.8,0,joint_projected,20791298,True,True,,1,0.21819248306564987,0.107436007,0.21819248306564987,0.24456551403272897
53,distant_c0.8_from0.8,0,cartesian_ik,20791298,True,True,,1,0.18929778004530817,0.024749859,0.18929778004530817,0.2152446269756183
53,distant_c0.8_from0.8,1,joint_projected,20791399,True,True,,1,0.23779592500068247,0.11560195,0.23779592500068247,0.2642110501183197
53,distant_c0.8_from0.8,1,ompl_uniform,20791399,True,True,,1,0.16905847401358187,0.019689362,0.16905847401358187,0.17045108403544873
53,distant_c0.8_from0.8,1,cartesian_ik,20791399,True,True,,1,0.17385283601470292,0.026101782,0.17385283601470292,0.20021822804119438
53,distant_c0.8_from0.8,2,joint_projected,20791500,True,True,,1,0.2504870200064033,0.124575531,0.2504870200064033,0.2767359090503305
53,distant_c0.8_from0.8,2,ompl_uniform,20791500,True,True,,1,0.11492070101667196,0.012469955,0.11492070101667196,0.1166018599178642
53,distant_c0.8_from0.8,2,cartesian_ik,20791500,True,True,,1,0.04650842596311122,0.013019849,0.04650842596311122,0.07294704206287861
53,distant_c0.8_from0.8,3,cartesian_ik,20791601,True,True,,1,0.04804636491462588,0.031239041,0.04804636491462588,0.07394023204687983
53,distant_c0.8_from0.8,3,joint_projected,20791601,True,True,,1,0.27088759804610163,0.134972465,0.27088759804610163,0.2973950420273468
53,distant_c0.8_from0.8,3,ompl_uniform,20791601,True,True,,1,0.18859433697070926,0.010276879,0.18859433697070926,0.19026496401056647
53,distant_c0.8_from0.8,4,ompl_uniform,20791702,True,True,,1,0.17592678591609,0.010212387,0.17592678591609,0.17759956093505025
53,distant_c0.8_from0.8,4,cartesian_ik,20791702,True,True,,1,0.07556727901101112,0.023472299,0.07556727901101112,0.10157949104905128
53,distant_c0.8_from0.8,4,joint_projected,20791702,True,True,,1,0.1783012510277331,0.114756094,0.1783012510277331,0.2041535141179338
26,offset_c0.2_from0.2,0,ompl_uniform,20521109,True,True,,1,0.12289110594429076,0.01581223,0.12289110594429076,0.12394510000012815
26,offset_c0.2_from0.2,0,cartesian_ik,20521109,True,True,,1,0.2736451729433611,0.056128054,0.2736451729433611,0.2984561490593478
26,offset_c0.2_from0.2,0,joint_projected,20521109,True,True,,1,0.1963833939516917,0.022313161,0.1963833939516917,0.23028717911802232
26,offset_c0.2_from0.2,1,ompl_uniform,20521210,True,True,,1,0.16330440097954124,0.011199489,0.16330440097954124,0.1650020380038768
26,offset_c0.2_from0.2,1,joint_projected,20521210,True,True,,1,0.1344511640490964,0.017412521,0.1344511640490964,0.1600310580106452
26,offset_c0.2_from0.2,1,cartesian_ik,20521210,True,True,,1,0.16756103397347033,0.040431184,0.16756103397347033,0.19243710907176137
26,offset_c0.2_from0.2,2,ompl_uniform,20521311,True,True,,1,0.08592960494570434,0.010608612,0.08592960494570434,0.0874402450863272
26,offset_c0.2_from0.2,2,joint_projected,20521311,True,True,,1,0.15846309799235314,0.017357487,0.15846309799235314,0.18363325099926442
26,offset_c0.2_from0.2,2,cartesian_ik,20521311,True,True,,1,0.11467519903089851,0.017216806,0.11467519903089851,0.13960409013088793
26,offset_c0.2_from0.2,3,cartesian_ik,20521412,True,True,,1,0.13640170393045992,0.0229181,0.13640170393045992,0.16157916898373514
26,offset_c0.2_from0.2,3,joint_projected,20521412,True,True,,1,0.10894346598070115,0.026453139,0.10894346598070115,0.13363200111780316
26,offset_c0.2_from0.2,3,ompl_uniform,20521412,True,True,,1,0.2048823731020093,0.011121384,0.2048823731020093,0.20646194100845605
26,offset_c0.2_from0.2,4,joint_projected,20521513,True,True,,1,0.12667492905166,0.028326253,0.12667492905166,0.15171938901767135
26,offset_c0.2_from0.2,4,cartesian_ik,20521513,True,True,,1,0.15236152394209057,0.017766506,0.15236152394209057,0.17681143409572542
26,offset_c0.2_from0.2,4,ompl_uniform,20521513,True,True,,1,0.08201464894227684,0.009984161,0.08201464894227684,0.0835987749742344
13,central_c0.8_from0.8,0,cartesian_ik,20391018,True,True,,1,0.1478265490150079,0.041603077,0.1478265490150079,0.17369621514808387
13,central_c0.8_from0.8,0,ompl_uniform,20391018,True,True,,1,0.14336438197642565,0.008553958,0.14336438197642565,0.14485187001992017
13,central_c0.8_from0.8,0,joint_projected,20391018,True,True,,1,0.18032719695474952,0.028531141,0.18032719695474952,0.206397915026173
13,central_c0.8_from0.8,1,joint_projected,20391119,True,True,,1,0.16187153395731002,0.019473311,0.16187153395731002,0.1881580260815099
13,central_c0.8_from0.8,1,ompl_uniform,20391119,True,True,,1,0.08736507303547114,0.012364619,0.08736507303547114,0.08893090300261974
13,central_c0.8_from0.8,1,cartesian_ik,20391119,True,True,,1,0.1340450010029599,0.012834897,0.1340450010029599,0.16047719202470034
13,central_c0.8_from0.8,2,joint_projected,20391220,True,True,,1,0.06949098198674619,0.015855159,0.06949098198674619,0.09549026796594262
13,central_c0.8_from0.8,2,ompl_uniform,20391220,True,True,,1,0.15099284693133086,0.008549601,0.15099284693133086,0.15272683196235448
13,central_c0.8_from0.8,2,cartesian_ik,20391220,True,True,,1,0.14317281101830304,0.014926503,0.14317281101830304,0.16924080811440945
13,central_c0.8_from0.8,3,cartesian_ik,20391321,True,True,,1,0.09011815604753792,0.024282501,0.09011815604753792,0.11597008106764406
13,central_c0.8_from0.8,3,ompl_uniform,20391321,True,True,,1,0.18161403201520443,0.014022778,0.18161403201520443,0.18325498700141907
13,central_c0.8_from0.8,3,joint_projected,20391321,True,True,,1,0.17071181104984134,0.017685026,0.17071181104984134,0.1968809689860791
13,central_c0.8_from0.8,4,ompl_uniform,20391422,True,True,,1,0.11751733697019517,0.011765743,0.11751733697019517,0.1190907439449802
13,central_c0.8_from0.8,4,joint_projected,20391422,True,True,,1,0.09789538395125419,0.016897271,0.09789538395125419,0.12384329503402114
13,central_c0.8_from0.8,4,cartesian_ik,20391422,True,True,,1,0.11811202194076031,0.014949303,0.11811202194076031,0.14402287197299302
43,distant_c0.2_from0.2,0,joint_projected,20691228,True,True,,1,0.08244614105205983,0.030031265,0.08244614105205983,0.12382296798750758
43,distant_c0.2_from0.2,0,ompl_uniform,20691228,True,True,,1,0.13171921903267503,0.02934798,0.13171921903267503,0.13310480304062366
43,distant_c0.2_from0.2,0,cartesian_ik,20691228,True,True,,1,0.1523209320148453,0.020909094,0.1523209320148453,0.19366435101255774
43,distant_c0.2_from0.2,1,joint_projected,20691329,True,True,,1,0.1721706329844892,0.020715638,0.1721706329844892,0.21361963299568743
43,distant_c0.2_from0.2,1,ompl_uniform,20691329,True,True,,1,0.16506584698799998,0.009893776,0.16506584698799998,0.1665815250016749
43,distant_c0.2_from0.2,1,cartesian_ik,20691329,True,True,,1,0.1312296980759129,0.01327078,0.1312296980759129,0.17285437893588096
43,distant_c0.2_from0.2,2,ompl_uniform,20691430,True,True,,1,0.07940186897758394,0.011995204,0.07940186897758394,0.08066497708205134
43,distant_c0.2_from0.2,2,cartesian_ik,20691430,True,True,,1,0.10863536596298218,0.009356214,0.10863536596298218,0.1496226959861815
43,distant_c0.2_from0.2,2,joint_projected,20691430,True,True,,1,0.05910735507495701,0.029095102,0.05910735507495701,0.10043125494848937
43,distant_c0.2_from0.2,3,joint_projected,20691531,True,True,,1,0.07575267797801644,0.013233286,0.07575267797801644,0.11683640500996262
43,distant_c0.2_from0.2,3,cartesian_ik,20691531,True,True,,1,0.10749656998086721,0.023007386,0.10749656998086721,0.14836432493757457
43,distant_c0.2_from0.2,3,ompl_uniform,20691531,True,True,,1,0.12820631405338645,0.013462295,0.12820631405338645,0.12934290303383023
43,distant_c0.2_from0.2,4,joint_projected,20691632,True,True,,1,0.14100961002986878,0.028618705,0.14100961002986878,0.18253034097142518
43,distant_c0.2_from0.2,4,cartesian_ik,20691632,True,True,,1,0.05217755201738328,0.01209224,0.05217755201738328,0.0937979620648548
43,distant_c0.2_from0.2,4,ompl_uniform,20691632,True,True,,1,0.10653039801400155,0.015109625,0.10653039801400155,0.10818916198331863
49,distant_c0.2_from0.2,0,ompl_uniform,20751270,True,True,,1,0.09176772297360003,0.013027165,0.09176772297360003,0.0929756440455094
49,distant_c0.2_from0.2,0,joint_projected,20751270,True,True,,1,0.08990975900087506,0.018593481,0.08990975900087506,0.12722317199222744
49,distant_c0.2_from0.2,0,cartesian_ik,20751270,True,True,,1,0.12103544105775654,0.015384075,0.12103544105775654,0.15776277997065336
49,distant_c0.2_from0.2,1,cartesian_ik,20751371,True,True,,1,0.11650859797373414,0.010332364,0.11650859797373414,0.15302899305243045
49,distant_c0.2_from0.2,1,joint_projected,20751371,True,True,,1,0.1154712219722569,0.019866862,0.1154712219722569,0.1514771319925785
49,distant_c0.2_from0.2,1,ompl_uniform,20751371,True,True,,1,0.1829768109600991,0.020219276,0.1829768109600991,0.18463330995291471
49,distant_c0.2_from0.2,2,joint_projected,20751472,True,True,,1,0.14982021402101964,0.020981038,0.14982021402101964,0.186675913981162
49,distant_c0.2_from0.2,2,ompl_uniform,20751472,True,True,,1,0.14821265905629843,0.015488225,0.14821265905629843,0.14956649695523083
49,distant_c0.2_from0.2,2,cartesian_ik,20751472,True,True,,1,0.05630522302817553,0.00664538,0.05630522302817553,0.09278229402843863
49,distant_c0.2_from0.2,3,joint_projected,20751573,True,True,,1,0.15134381095413119,0.032730362,0.15134381095413119,0.1877735040616244
49,distant_c0.2_from0.2,3,ompl_uniform,20751573,True,True,,1,0.12981217401102185,0.012273262,0.12981217401102185,0.1312384200282395
49,distant_c0.2_from0.2,3,cartesian_ik,20751573,True,True,,1,0.09718388400506228,0.010229932,0.09718388400506228,0.13434287707787007
49,distant_c0.2_from0.2,4,ompl_uniform,20751674,True,True,,1,0.15009136404842138,0.012542011,0.15009136404842138,0.15153175103478134
49,distant_c0.2_from0.2,4,joint_projected,20751674,True,True,,1,0.047949085012078285,0.017782036,0.047949085012078285,0.08503315504640341
49,distant_c0.2_from0.2,4,cartesian_ik,20751674,True,True,,1,0.09981909103225917,0.017899723,0.09981909103225917,0.13620223593898118
3,central_c0.2_from0.2,0,ompl_uniform,20290948,True,True,,1,0.1262478670105338,0.022189038,0.1262478670105338,0.12750055198557675
3,central_c0.2_from0.2,0,joint_projected,20290948,True,True,,1,0.10115222097374499,0.020207387,0.10115222097374499,0.1236328009981662
3,central_c0.2_from0.2,0,cartesian_ik,20290948,True,True,,1,0.11098410899285227,0.008932679,0.11098410899285227,0.13352184102404863
3,central_c0.2_from0.2,1,joint_projected,20291049,True,True,,1,0.14802826603408903,0.025200439,0.14802826603408903,0.1709085120819509
3,central_c0.2_from0.2,1,cartesian_ik,20291049,True,True,,1,0.092777987010777,0.020781845,0.092777987010777,0.11531596898566931
3,central_c0.2_from0.2,1,ompl_uniform,20291049,True,True,,1,0.1408815699396655,0.010390833,0.1408815699396655,0.14264817896764725
3,central_c0.2_from0.2,2,cartesian_ik,20291150,True,True,,1,0.0654914939077571,0.019507129,0.0654914939077571,0.0880501220235601
3,central_c0.2_from0.2,2,ompl_uniform,20291150,True,True,,1,0.12068340799305588,0.012808008,0.12068340799305588,0.12219467398244888
3,central_c0.2_from0.2,2,joint_projected,20291150,True,True,,1,0.11600635899230838,0.019026719,0.11600635899230838,0.13923680095467716
3,central_c0.2_from0.2,3,cartesian_ik,20291251,True,True,,1,0.08929905400145799,0.011344237,0.08929905400145799,0.11270937696099281
3,central_c0.2_from0.2,3,ompl_uniform,20291251,True,True,,1,0.11942265904508531,0.022894049,0.11942265904508531,0.12113462307024747
3,central_c0.2_from0.2,3,joint_projected,20291251,True,True,,1,0.13808661699295044,0.035996567,0.13808661699295044,0.16133439005352557
3,central_c0.2_from0.2,4,ompl_uniform,20291352,True,True,,1,0.10277874895837158,0.013189192,0.10277874895837158,0.104621512000449
3,central_c0.2_from0.2,4,cartesian_ik,20291352,True,True,,1,0.12320624594576657,0.020811683,0.12320624594576657,0.14622522506397218
3,central_c0.2_from0.2,4,joint_projected,20291352,True,True,,1,0.09352905408013612,0.014924594,0.09352905408013612,0.11628786998335272
32,offset_c0.8_from0.8,0,joint_projected,20581151,True,True,,1,0.3860730220330879,0.269207301,0.3860730220330879,0.41194072598591447
32,offset_c0.8_from0.8,0,ompl_uniform,20581151,True,True,,1,0.155635733040981,0.014664873,0.155635733040981,0.15743104205466807
32,offset_c0.8_from0.8,0,cartesian_ik,20581151,True,True,,1,0.19860859191976488,0.056684086,0.19860859191976488,0.22493055497761816
32,offset_c0.8_from0.8,1,joint_projected,20581252,True,True,,1,1.0563912189099938,0.850687903,1.0563912189099938,1.0825996220810339
32,offset_c0.8_from0.8,1,cartesian_ik,20581252,True,True,,1,0.21798748709261417,0.099804574,0.21798748709261417,0.24430693709291518
32,offset_c0.8_from0.8,1,ompl_uniform,20581252,True,True,,1,0.2514600621070713,0.046996952,0.2514600621070713,0.25325946300290525
32,offset_c0.8_from0.8,2,cartesian_ik,20581353,True,True,,1,0.11434472003020346,0.024553953,0.11434472003020346,0.14082006004173309
32,offset_c0.8_from0.8,2,ompl_uniform,20581353,True,True,,1,0.16654736606869847,0.008227082,0.16654736606869847,0.16811874706763774
32,offset_c0.8_from0.8,2,joint_projected,20581353,True,True,,1,0.39428616501390934,0.282481063,0.39428616501390934,0.42043018713593483
32,offset_c0.8_from0.8,3,cartesian_ik,20581454,True,True,,1,0.22663521009963006,0.073614264,0.22663521009963006,0.2526575051015243
32,offset_c0.8_from0.8,3,joint_projected,20581454,False,False,planning,99999,3.089457436930388,0.0,6.0,3.115084354998544
32,offset_c0.8_from0.8,3,ompl_uniform,20581454,True,True,,1,0.2809940550941974,0.046739712,0.2809940550941974,0.28228945389855653
32,offset_c0.8_from0.8,4,cartesian_ik,20581555,True,True,,1,0.5744720799848437,0.260519464,0.5744720799848437,0.6012922610389069
32,offset_c0.8_from0.8,4,joint_projected,20581555,True,True,,1,0.42340415297076106,0.273405509,0.42340415297076106,0.4495722841238603
32,offset_c0.8_from0.8,4,ompl_uniform,20581555,True,True,,1,0.5266332060564309,0.026294402,0.5266332060564309,0.5286706250626594
23,offset_c0.2_from0.2,0,ompl_uniform,20491088,True,True,,1,0.1854683579877019,0.027541688,0.1854683579877019,0.18703696399461478
23,offset_c0.2_from0.2,0,joint_projected,20491088,True,True,,1,0.3063146190252155,0.049362137,0.3063146190252155,0.32898372097406536
23,offset_c0.2_from0.2,0,cartesian_ik,20491088,True,True,,1,0.27633573301136494,0.030188495,0.27633573301136494,0.29865115496795624
23,offset_c0.2_from0.2,1,cartesian_ik,20491189,True,True,,1,0.15472176298499107,0.012054675,0.15472176298499107,0.17762655299156904
23,offset_c0.2_from0.2,1,ompl_uniform,20491189,True,True,,1,0.25418209400959313,0.026629461,0.25418209400959313,0.2560662110336125
23,offset_c0.2_from0.2,1,joint_projected,20491189,True,True,,1,0.15943605301436037,0.024965441,0.15943605301436037,0.18213927396573126
23,offset_c0.2_from0.2,2,ompl_uniform,20491290,True,True,,1,0.15241375204641372,0.015380781,0.15241375204641372,0.1542228190228343
23,offset_c0.2_from0.2,2,cartesian_ik,20491290,True,True,,1,0.23777300608344376,0.041636795,0.23777300608344376,0.26032893790397793
23,offset_c0.2_from0.2,2,joint_projected,20491290,True,True,,1,0.10956635407637805,0.031497218,0.10956635407637805,0.13203589292243123
23,offset_c0.2_from0.2,3,ompl_uniform,20491391,True,True,,1,0.19975691195577383,0.031664652,0.19975691195577383,0.2016024850308895
23,offset_c0.2_from0.2,3,cartesian_ik,20491391,True,True,,1,0.11551134195178747,0.043789018,0.11551134195178747,0.13828184187877923
23,offset_c0.2_from0.2,3,joint_projected,20491391,True,True,,1,0.16020254406612366,0.030811267,0.16020254406612366,0.18289683293551207
23,offset_c0.2_from0.2,4,cartesian_ik,20491492,True,True,,1,0.14910244604106992,0.011662047,0.14910244604106992,0.17196578392758965
23,offset_c0.2_from0.2,4,ompl_uniform,20491492,True,True,,1,0.18776813300792128,0.016599968,0.18776813300792128,0.18963099201209843
23,offset_c0.2_from0.2,4,joint_projected,20491492,True,True,,1,0.2242095449473709,0.038403133,0.2242095449473709,0.24725748493801802
33,offset_c0.8_from0.8,0,ompl_uniform,20591158,True,True,,1,0.07864408392924815,0.016474463,0.07864408392924815,0.08007405092939734
33,offset_c0.8_from0.8,0,joint_projected,20591158,True,True,,1,0.10393121605738997,0.023587615,0.10393121605738997,0.13372901699040085
33,offset_c0.8_from0.8,0,cartesian_ik,20591158,True,True,,1,0.05900546396151185,0.0079378,0.05900546396151185,0.08850703190546483
33,offset_c0.8_from0.8,1,ompl_uniform,20591259,True,True,,1,0.1332664869260043,0.011242245,0.1332664869260043,0.13500495604239404
33,offset_c0.8_from0.8,1,cartesian_ik,20591259,True,True,,1,0.18369143805466592,0.044597169,0.18369143805466592,0.21392110595479608
33,offset_c0.8_from0.8,1,joint_projected,20591259,True,True,,1,0.18417886504903436,0.030824326,0.18417886504903436,0.21457708498928696
33,offset_c0.8_from0.8,2,ompl_uniform,20591360,True,True,,1,0.15457151795271784,0.022204083,0.15457151795271784,0.15589989500585943
33,offset_c0.8_from0.8,2,joint_projected,20591360,True,True,,1,0.10984413104597479,0.0183011,0.10984413104597479,0.13916537386830896
33,offset_c0.8_from0.8,2,cartesian_ik,20591360,True,True,,1,0.13151016691699624,0.016323842,0.13151016691699624,0.16123767395038158
33,offset_c0.8_from0.8,3,cartesian_ik,20591461,True,True,,1,0.19668071693740785,0.059572706,0.19668071693740785,0.2265515320468694
33,offset_c0.8_from0.8,3,ompl_uniform,20591461,True,True,,1,0.15720666805282235,0.009677841,0.15720666805282235,0.15895121195353568
33,offset_c0.8_from0.8,3,joint_projected,20591461,True,True,,1,0.34171870292630047,0.038306703,0.34171870292630047,0.3721442819805816
33,offset_c0.8_from0.8,4,cartesian_ik,20591562,True,True,,1,0.16815145197324455,0.02621493,0.16815145197324455,0.19819816399831325
33,offset_c0.8_from0.8,4,joint_projected,20591562,True,True,,1,0.09254562808200717,0.015883399,0.09254562808200717,0.122309444937855
33,offset_c0.8_from0.8,4,ompl_uniform,20591562,True,True,,1,0.18914105300791562,0.021435107,0.18914105300791562,0.19077580398879945
51,distant_c0.8_from0.8,0,cartesian_ik,20771284,True,True,,1,0.16320440697018057,0.02815513,0.16320440697018057,0.1905960381263867
51,distant_c0.8_from0.8,0,ompl_uniform,20771284,True,True,,1,0.16855233104433864,0.024093111,0.16855233104433864,0.17024944489821792
51,distant_c0.8_from0.8,0,joint_projected,20771284,True,True,,1,0.12933617900125682,0.027672962,0.12933617900125682,0.15636920114047825
51,distant_c0.8_from0.8,1,ompl_uniform,20771385,True,True,,1,0.18416274106130004,0.01406699,0.18416274106130004,0.18584842595737427
51,distant_c0.8_from0.8,1,joint_projected,20771385,True,True,,1,0.17408796097151935,0.014330475,0.17408796097151935,0.20190735801588744
51,distant_c0.8_from0.8,1,cartesian_ik,20771385,True,True,,1,0.11201132193673402,0.017570399,0.11201132193673402,0.1398009790573269
51,distant_c0.8_from0.8,2,joint_projected,20771486,True,True,,1,0.03539205202832818,0.023607091,0.03539205202832818,0.0629758631112054
51,distant_c0.8_from0.8,2,cartesian_ik,20771486,True,True,,1,0.19158091500867158,0.034835269,0.19158091500867158,0.21906139806378633
51,distant_c0.8_from0.8,2,ompl_uniform,20771486,True,True,,1,0.15422398399095982,0.023762243,0.15422398399095982,0.15616487502120435
51,distant_c0.8_from0.8,3,ompl_uniform,20771587,True,True,,1,0.1372247899416834,0.030470299,0.1372247899416834,0.13899325800593942
51,distant_c0.8_from0.8,3,cartesian_ik,20771587,True,True,,1,0.12811125500593334,0.021518922,0.12811125500593334,0.15634370013140142
51,distant_c0.8_from0.8,3,joint_projected,20771587,True,True,,1,0.08576684899162501,0.029044004,0.08576684899162501,0.11321903113275766
51,distant_c0.8_from0.8,4,joint_projected,20771688,True,True,,1,0.1431169849820435,0.020713421,0.1431169849820435,0.17084387002978474
51,distant_c0.8_from0.8,4,ompl_uniform,20771688,True,True,,1,0.09187110897619277,0.023889457,0.09187110897619277,0.0935851710382849
51,distant_c0.8_from0.8,4,cartesian_ik,20771688,True,True,,1,0.0806718859821558,0.026501779,0.0806718859821558,0.10862460208591074
44,distant_c0.2_from0.2,0,ompl_uniform,20701235,True,True,,1,0.11067899502813816,0.019301467,0.11067899502813816,0.11218325898516923
44,distant_c0.2_from0.2,0,joint_projected,20701235,True,True,,1,0.1576912939781323,0.026802099,0.1576912939781323,0.19015840499196202
44,distant_c0.2_from0.2,0,cartesian_ik,20701235,True,True,,1,0.06435632705688477,0.012693638,0.06435632705688477,0.09665366110857576
44,distant_c0.2_from0.2,1,ompl_uniform,20701336,True,True,,1,0.18836366396863014,0.015380845,0.18836366396863014,0.1899354310007766
44,distant_c0.2_from0.2,1,joint_projected,20701336,True,True,,1,0.13142212701495737,0.023565481,0.13142212701495737,0.16369223792571574
44,distant_c0.2_from0.2,1,cartesian_ik,20701336,True,True,,1,0.19887578603811562,0.022132877,0.19887578603811562,0.23043754894752055
44,distant_c0.2_from0.2,2,cartesian_ik,20701437,True,True,,1,0.09177349193487316,0.00829524,0.09177349193487316,0.12328725901897997
44,distant_c0.2_from0.2,2,joint_projected,20701437,True,True,,1,0.08773707097861916,0.038200216,0.08773707097861916,0.11933123599737883
44,distant_c0.2_from0.2,2,ompl_uniform,20701437,True,True,,1,0.09031585999764502,0.010774534,0.09031585999764502,0.09206452302169055
44,distant_c0.2_from0.2,3,cartesian_ik,20701538,True,True,,1,0.19386206101626158,0.01237495,0.19386206101626158,0.2255560209741816
44,distant_c0.2_from0.2,3,ompl_uniform,20701538,True,True,,1,0.11363428109325469,0.022108762,0.11363428109325469,0.1151993100065738
44,distant_c0.2_from0.2,3,joint_projected,20701538,True,True,,1,0.11012492200825363,0.02495744,0.11012492200825363,0.14202436001505703
44,distant_c0.2_from0.2,4,ompl_uniform,20701639,True,True,,1,0.24097235791850835,0.027890029,0.24097235791850835,0.24211100197862834
44,distant_c0.2_from0.2,4,cartesian_ik,20701639,True,True,,1,0.06422572396695614,0.005016396,0.06422572396695614,0.09580919402651489
44,distant_c0.2_from0.2,4,joint_projected,20701639,True,True,,1,0.12134686694480479,0.018283852,0.12134686694480479,0.15296096203383058
4,central_c0.2_from0.2,0,joint_projected,20300955,True,True,,1,0.14139179105404764,0.033097634,0.14139179105404764,0.16380752599798143
4,central_c0.2_from0.2,0,cartesian_ik,20300955,True,True,,1,0.13617614202667028,0.035268689,0.13617614202667028,0.15865100896917284
4,central_c0.2_from0.2,0,ompl_uniform,20300955,True,True,,1,0.208512720069848,0.013894205,0.208512720069848,0.2103900141082704
4,central_c0.2_from0.2,1,ompl_uniform,20301056,True,True,,1,0.20065103692468256,0.007588425,0.20065103692468256,0.20270301192067564
4,central_c0.2_from0.2,1,joint_projected,20301056,False,True,path_audit,1,0.09555233491118997,0.026560007,6.0,0.11913762695621699
4,central_c0.2_from0.2,1,cartesian_ik,20301056,True,True,,1,0.34418126195669174,0.071582807,0.34418126195669174,0.3673705889377743
4,central_c0.2_from0.2,2,cartesian_ik,20301157,True,True,,1,0.32812945602927357,0.095805682,0.32812945602927357,0.3508415159303695
4,central_c0.2_from0.2,2,joint_projected,20301157,True,True,,1,0.15853917005006224,0.013435352,0.15853917005006224,0.1816646329825744
4,central_c0.2_from0.2,2,ompl_uniform,20301157,True,True,,1,0.17751437902916223,0.020053438,0.17751437902916223,0.17915784800425172
4,central_c0.2_from0.2,3,ompl_uniform,20301258,True,True,,1,0.08990774105768651,0.0246516,0.08990774105768651,0.09159108798485249
4,central_c0.2_from0.2,3,cartesian_ik,20301258,True,True,,1,0.11115629796404392,0.028518028,0.11115629796404392,0.13471044204197824
4,central_c0.2_from0.2,3,joint_projected,20301258,True,True,,1,0.08513337292242795,0.036210301,0.08513337292242795,0.10822433093562722
4,central_c0.2_from0.2,4,joint_projected,20301359,True,True,,1,0.11543855303898454,0.025553896,0.11543855303898454,0.13784430804662406
4,central_c0.2_from0.2,4,ompl_uniform,20301359,True,True,,1,0.15303629299160093,0.012210212,0.15303629299160093,0.154702779953368
4,central_c0.2_from0.2,4,cartesian_ik,20301359,True,True,,1,0.18544065102469176,0.039615588,0.18544065102469176,0.2088201530277729
27,offset_c0.2_from0.2,0,ompl_uniform,20531116,True,True,,1,0.13160096609499305,0.010499476,0.13160096609499305,0.1331803509965539
27,offset_c0.2_from0.2,0,joint_projected,20531116,True,True,,1,0.15080112300347537,0.024017413,0.15080112300347537,0.17492188210599124
27,offset_c0.2_from0.2,0,cartesian_ik,20531116,True,True,,1,0.11533780593890697,0.012232847,0.11533780593890697,0.1391009830404073
27,offset_c0.2_from0.2,1,ompl_uniform,20531217,True,True,,1,0.10305479797534645,0.021109536,0.10305479797534645,0.10464387806132436
27,offset_c0.2_from0.2,1,joint_projected,20531217,True,True,,1,0.0982693259138614,0.020934252,0.0982693259138614,0.12216372112743556
27,offset_c0.2_from0.2,1,cartesian_ik,20531217,True,True,,1,0.08285827201325446,0.035700441,0.08285827201325446,0.10661948099732399
27,offset_c0.2_from0.2,2,ompl_uniform,20531318,True,True,,1,0.1642209739657119,0.009288678,0.1642209739657119,0.16576715488918126
27,offset_c0.2_from0.2,2,joint_projected,20531318,True,True,,1,0.15437996806576848,0.021317128,0.15437996806576848,0.17832869908306748
27,offset_c0.2_from0.2,2,cartesian_ik,20531318,True,True,,1,0.08533814596012235,0.020431334,0.08533814596012235,0.10834175499621779
27,offset_c0.2_from0.2,3,cartesian_ik,20531419,True,True,,1,0.11515876196790487,0.028017019,0.11515876196790487,0.13861165195703506
27,offset_c0.2_from0.2,3,ompl_uniform,20531419,True,True,,1,0.20494804601185024,0.019923667,0.20494804601185024,0.2065201560035348
27,offset_c0.2_from0.2,3,joint_projected,20531419,True,True,,1,0.09320073702838272,0.019163788,0.09320073702838272,0.11703280603978783
27,offset_c0.2_from0.2,4,ompl_uniform,20531520,True,True,,1,0.07826510607264936,0.008197293,0.07826510607264936,0.07968145806808025
27,offset_c0.2_from0.2,4,cartesian_ik,20531520,True,True,,1,0.06749712105374783,0.006398307,0.06749712105374783,0.09129544603638351
27,offset_c0.2_from0.2,4,joint_projected,20531520,True,True,,1,0.13917253294494003,0.033176768,0.13917253294494003,0.1628086700802669
31,offset_c0.8_from0.8,0,cartesian_ik,20571144,True,True,,1,0.13708246406167746,0.044814625,0.13708246406167746,0.16020922490861267
31,offset_c0.8_from0.8,0,joint_projected,20571144,True,True,,1,0.26683659094851464,0.116808165,0.26683659094851464,0.2900759499752894
31,offset_c0.8_from0.8,0,ompl_uniform,20571144,True,True,,1,0.19164595706388354,0.023314937,0.19164595706388354,0.19341274804901332
31,offset_c0.8_from0.8,1,ompl_uniform,20571245,True,True,,1,0.11127213295549154,0.007934453,0.11127213295549154,0.11316407192498446
31,offset_c0.8_from0.8,1,joint_projected,20571245,True,True,,1,0.2182319420389831,0.113464749,0.2182319420389831,0.24188149604015052
31,offset_c0.8_from0.8,1,cartesian_ik,20571245,True,True,,1,0.3227919149212539,0.06539806,0.3227919149212539,0.3460915528703481
31,offset_c0.8_from0.8,2,ompl_uniform,20571346,True,True,,1,0.095672378083691,0.015343664,0.095672378083691,0.09742726001422852
31,offset_c0.8_from0.8,2,cartesian_ik,20571346,True,True,,1,0.2699672969756648,0.057919322,0.2699672969756648,0.29324597399681807
31,offset_c0.8_from0.8,2,joint_projected,20571346,True,True,,1,0.22681129805278033,0.1110689,0.22681129805278033,0.25034276489168406
31,offset_c0.8_from0.8,3,ompl_uniform,20571447,True,True,,1,0.11995033896528184,0.010256561,0.11995033896528184,0.12171920004766434
31,offset_c0.8_from0.8,3,cartesian_ik,20571447,True,True,,1,0.1386655429378152,0.010034855,0.1386655429378152,0.16183653089683503
31,offset_c0.8_from0.8,3,joint_projected,20571447,True,True,,1,0.227001080987975,0.1243311,0.227001080987975,0.2501824238570407
31,offset_c0.8_from0.8,4,joint_projected,20571548,True,True,,1,0.26968798507004976,0.117798233,0.26968798507004976,0.2928383918479085
31,offset_c0.8_from0.8,4,cartesian_ik,20571548,True,True,,1,0.13121119793504477,0.043957233,0.13121119793504477,0.1543108319165185
31,offset_c0.8_from0.8,4,ompl_uniform,20571548,True,True,,1,0.15974538901355118,0.023233955,0.15974538901355118,0.16146166704129428
8,central_c0.2_from0.2,0,cartesian_ik,20340983,True,True,,1,0.13189587194938213,0.043171877,0.13189587194938213,0.18400211492553353
8,central_c0.2_from0.2,0,joint_projected,20340983,True,True,,1,0.0813654059311375,0.010018875,0.0813654059311375,0.13394782389514148
8,central_c0.2_from0.2,0,ompl_uniform,20340983,True,True,,1,0.12683551607187837,0.011660863,0.12683551607187837,0.12838100199587643
8,central_c0.2_from0.2,1,joint_projected,20341084,True,True,,1,0.0681867100065574,0.021637664,0.0681867100065574,0.12086780089884996
8,central_c0.2_from0.2,1,cartesian_ik,20341084,True,True,,1,0.09786631201859564,0.023448847,0.09786631201859564,0.15083736286032945
8,central_c0.2_from0.2,1,ompl_uniform,20341084,True,True,,1,0.14380634599365294,0.010200234,0.14380634599365294,0.1453550709411502
8,central_c0.2_from0.2,2,ompl_uniform,20341185,True,True,,1,0.10466332104988396,0.011309879,0.10466332104988396,0.10634749103337526
8,central_c0.2_from0.2,2,cartesian_ik,20341185,True,True,,1,0.10587986593600363,0.015380894,0.10587986593600363,0.15893513592891395
8,central_c0.2_from0.2,2,joint_projected,20341185,True,True,,1,0.1829456010600552,0.023942756,0.1829456010600552,0.23585905984509736
8,central_c0.2_from0.2,3,cartesian_ik,20341286,True,True,,1,0.19760021497495472,0.015227273,0.19760021497495472,0.25053490488789976
8,central_c0.2_from0.2,3,ompl_uniform,20341286,True,True,,1,0.1199608319438994,0.010021266,0.1199608319438994,0.12178148201201111
8,central_c0.2_from0.2,3,joint_projected,20341286,True,True,,1,0.053624790045432746,0.023919804,0.053624790045432746,0.10561128496192396
8,central_c0.2_from0.2,4,cartesian_ik,20341387,True,True,,1,0.12462845398113132,0.013951641,0.12462845398113132,0.17744232492987067
8,central_c0.2_from0.2,4,ompl_uniform,20341387,True,True,,1,0.25106418307404965,0.021153962,0.25106418307404965,0.25268788798712194
8,central_c0.2_from0.2,4,joint_projected,20341387,True,True,,1,0.1333164880052209,0.027480583,0.1333164880052209,0.1860682489350438
6,central_c0.2_from0.2,0,ompl_uniform,20320969,True,True,,1,0.1607193099334836,0.011214342,0.1607193099334836,0.16216570499818772
6,central_c0.2_from0.2,0,joint_projected,20320969,True,True,,1,0.10738838510587811,0.03324461,0.10738838510587811,0.1352241999702528
6,central_c0.2_from0.2,0,cartesian_ik,20320969,True,True,,1,0.13177289301529527,0.021229652,0.13177289301529527,0.1593537589069456
6,central_c0.2_from0.2,1,joint_projected,20321070,True,True,,1,0.1017390820197761,0.030479083,0.1017390820197761,0.12946533097419888
6,central_c0.2_from0.2,1,cartesian_ik,20321070,True,True,,1,0.12577047594822943,0.025637486,0.12577047594822943,0.15365675289649516
6,central_c0.2_from0.2,1,ompl_uniform,20321070,True,True,,1,0.17472362297121435,0.011452271,0.17472362297121435,0.17661595798563212
6,central_c0.2_from0.2,2,joint_projected,20321171,True,True,,1,0.1596954130800441,0.042804473,0.1596954130800441,0.18784461088944227
6,central_c0.2_from0.2,2,ompl_uniform,20321171,True,True,,1,0.10366099094972014,0.009233342,0.10366099094972014,0.10541402897797525
6,central_c0.2_from0.2,2,cartesian_ik,20321171,True,True,,1,0.12648132303729653,0.040796745,0.12648132303729653,0.1542056119069457
6,central_c0.2_from0.2,3,joint_projected,20321272,True,True,,1,0.17064800497610122,0.034649494,0.17064800497610122,0.19849767198320478
6,central_c0.2_from0.2,3,ompl_uniform,20321272,True,True,,1,0.15091138693969697,0.012223215,0.15091138693969697,0.15264202107209712
6,central_c0.2_from0.2,3,cartesian_ik,20321272,True,True,,1,0.17308937793131918,0.012954711,0.17308937793131918,0.2010992979630828
6,central_c0.2_from0.2,4,ompl_uniform,20321373,True,True,,1,0.12091975403018296,0.013370969,0.12091975403018296,0.12275931402109563
6,central_c0.2_from0.2,4,cartesian_ik,20321373,True,True,,1,0.3346691080369055,0.062333636,0.3346691080369055,0.363127322983928
6,central_c0.2_from0.2,4,joint_projected,20321373,True,True,,1,0.23651281197089702,0.075582202,0.23651281197089702,0.2642263579182327
40,distant_c0.2_from0.2,0,ompl_uniform,20661207,True,True,,1,0.1128358111018315,0.009455175,0.1128358111018315,0.12434884300455451
40,distant_c0.2_from0.2,0,cartesian_ik,20661207,True,True,,1,0.16946146998088807,0.026723003,0.16946146998088807,0.20269266492687166
40,distant_c0.2_from0.2,0,joint_projected,20661207,True,True,,1,0.12312534998636693,0.026420888,0.12312534998636693,0.15613020595628768
40,distant_c0.2_from0.2,1,joint_projected,20661308,True,True,,1,0.07204573997296393,0.026870528,0.07204573997296393,0.1052349420497194
40,distant_c0.2_from0.2,1,cartesian_ik,20661308,True,True,,1,0.09728494298178703,0.011266003,0.09728494298178703,0.13002870907075703
40,distant_c0.2_from0.2,1,ompl_uniform,20661308,True,True,,1,0.1093958830460906,0.020080078,0.1093958830460906,0.11076649697497487
40,distant_c0.2_from0.2,2,ompl_uniform,20661409,True,True,,1,0.12358494591899216,0.012828446,0.12358494591899216,0.1253276199568063
40,distant_c0.2_from0.2,2,joint_projected,20661409,True,True,,1,0.06500629091169685,0.019063943,0.06500629091169685,0.09833347599487752
40,distant_c0.2_from0.2,2,cartesian_ik,20661409,True,True,,1,0.1728586630197242,0.010722035,0.1728586630197242,0.20610875089187175
40,distant_c0.2_from0.2,3,cartesian_ik,20661510,True,True,,1,0.0917903350200504,0.028641537,0.0917903350200504,0.12504961504600942
40,distant_c0.2_from0.2,3,joint_projected,20661510,True,True,,1,0.09128714294638485,0.021313306,0.09128714294638485,0.12444068491458893
40,distant_c0.2_from0.2,3,ompl_uniform,20661510,True,True,,1,0.15831773506943136,0.012274469,0.15831773506943136,0.15980737702921033
40,distant_c0.2_from0.2,4,ompl_uniform,20661611,True,True,,1,0.14123896299861372,0.029534697,0.14123896299861372,0.14312122692354023
40,distant_c0.2_from0.2,4,joint_projected,20661611,True,True,,1,0.18132172198966146,0.032184976,0.18132172198966146,0.21479046193417162
40,distant_c0.2_from0.2,4,cartesian_ik,20661611,True,True,,1,0.08067934599239379,0.009061631,0.08067934599239379,0.11353564099408686
56,distant_c0.8_from0.8,0,joint_projected,20821319,True,True,,1,0.1918533780844882,0.031657176,0.1918533780844882,0.2150667509995401
56,distant_c0.8_from0.8,0,cartesian_ik,20821319,True,True,,1,0.07563117204699665,0.012055905,0.07563117204699665,0.0994933940237388
56,distant_c0.8_from0.8,0,ompl_uniform,20821319,True,True,,1,0.09179426089394838,0.00463368,0.09179426089394838,0.09336901200003922
56,distant_c0.8_from0.8,1,cartesian_ik,20821420,True,True,,1,0.12046251900028437,0.008709786,0.12046251900028437,0.14440147287677974
56,distant_c0.8_from0.8,1,ompl_uniform,20821420,True,True,,1,0.1942207309184596,0.008791916,0.1942207309184596,0.19605651299934834
56,distant_c0.8_from0.8,1,joint_projected,20821420,True,True,,1,0.15535305498633534,0.017408276,0.15535305498633534,0.1792007579933852
56,distant_c0.8_from0.8,2,cartesian_ik,20821521,True,True,,1,0.08435898006428033,0.026584955,0.08435898006428033,0.10835715301800519
56,distant_c0.8_from0.8,2,joint_projected,20821521,True,True,,1,0.11204008897766471,0.011578632,0.11204008897766471,0.13538043294101954
56,distant_c0.8_from0.8,2,ompl_uniform,20821521,True,True,,1,0.17445622198283672,0.008299839,0.17445622198283672,0.17622350703459233
56,distant_c0.8_from0.8,3,ompl_uniform,20821622,True,True,,1,0.14077061892021447,0.009288183,0.14077061892021447,0.14253335201647133
56,distant_c0.8_from0.8,3,cartesian_ik,20821622,True,True,,1,0.08708978199865669,0.007912921,0.08708978199865669,0.1110412540147081
56,distant_c0.8_from0.8,3,joint_projected,20821622,True,True,,1,0.057832053978927433,0.014584558,0.057832053978927433,0.08141883101779968
56,distant_c0.8_from0.8,4,cartesian_ik,20821723,True,True,,1,0.09308891394175589,0.006921546,0.09308891394175589,0.11709075304679573
56,distant_c0.8_from0.8,4,ompl_uniform,20821723,True,True,,1,0.18307526991702616,0.023347945,0.18307526991702616,0.1848053860012442
56,distant_c0.8_from0.8,4,joint_projected,20821723,True,True,,1,0.06072195596061647,0.016790102,0.06072195596061647,0.0841423679376021
37,offset_c0.8_from0.8,0,ompl_uniform,20631186,True,True,,1,0.1841375690419227,0.021082836,0.1841375690419227,0.185295750037767
37,offset_c0.8_from0.8,0,cartesian_ik,20631186,True,True,,1,0.17825649899896234,0.043795919,0.17825649899896234,0.20081359217874706
37,offset_c0.8_from0.8,0,joint_projected,20631186,True,True,,1,0.15168195310980082,0.020128393,0.15168195310980082,0.17446788516826928
37,offset_c0.8_from0.8,1,ompl_uniform,20631287,True,True,,1,0.15787945897318423,0.01067073,0.15787945897318423,0.15951554500497878
37,offset_c0.8_from0.8,1,cartesian_ik,20631287,True,True,,1,0.12981448997743428,0.042849931,0.12981448997743428,0.15258457406889647
37,offset_c0.8_from0.8,1,joint_projected,20631287,True,True,,1,0.17936859698966146,0.032715736,0.17936859698966146,0.20170205004978925
37,offset_c0.8_from0.8,2,joint_projected,20631388,True,True,,1,0.11910654802341014,0.020882638,0.11910654802341014,0.14157371409237385
37,offset_c0.8_from0.8,2,ompl_uniform,20631388,True,True,,1,0.15220764593686908,0.011161915,0.15220764593686908,0.15376132098026574
37,offset_c0.8_from0.8,2,cartesian_ik,20631388,True,True,,1,0.11446638405323029,0.035321937,0.11446638405323029,0.13700885511934757
37,offset_c0.8_from0.8,3,joint_projected,20631489,True,True,,1,0.07307454105466604,0.033927553,0.07307454105466604,0.09568650100845844
37,offset_c0.8_from0.8,3,cartesian_ik,20631489,True,True,,1,0.11534678400494158,0.018713455,0.11534678400494158,0.13778756011743098
37,offset_c0.8_from0.8,3,ompl_uniform,20631489,True,True,,1,0.19913115398958325,0.027076376,0.19913115398958325,0.20074386498890817
37,offset_c0.8_from0.8,4,ompl_uniform,20631590,True,True,,1,0.11404685094021261,0.009338303,0.11404685094021261,0.11591682396829128
37,offset_c0.8_from0.8,4,cartesian_ik,20631590,True,True,,1,0.1340030221035704,0.010290519,0.1340030221035704,0.15667198516894132
37,offset_c0.8_from0.8,4,joint_projected,20631590,True,True,,1,0.15407093102112412,0.043449016,0.15407093102112412,0.1765749080805108
21,offset_c0.2_from0.2,0,joint_projected,20471074,True,True,,1,0.17538729298394173,0.037164685,0.17538729298394173,0.2007506329100579
21,offset_c0.2_from0.2,0,ompl_uniform,20471074,True,True,,1,0.12939700204879045,0.024504186,0.12939700204879045,0.1309929289855063
21,offset_c0.2_from0.2,0,cartesian_ik,20471074,True,True,,1,0.20572817395441234,0.0254791,0.20572817395441234,0.23238456097897142
21,offset_c0.2_from0.2,1,cartesian_ik,20471175,True,True,,1,0.06518527795560658,0.005118647,0.06518527795560658,0.09140001295600086
21,offset_c0.2_from0.2,1,ompl_uniform,20471175,True,True,,1,0.09243144106585532,0.021659297,0.09243144106585532,0.0940913159865886
21,offset_c0.2_from0.2,1,joint_projected,20471175,True,True,,1,0.05543142301030457,0.019952625,0.05543142301030457,0.08158214692957699
21,offset_c0.2_from0.2,2,ompl_uniform,20471276,True,True,,1,0.0938740000128746,0.010719113,0.0938740000128746,0.0955506709869951
21,offset_c0.2_from0.2,2,cartesian_ik,20471276,True,True,,1,0.12455685797613114,0.023823918,0.12455685797613114,0.15083916089497507
21,offset_c0.2_from0.2,2,joint_projected,20471276,True,True,,1,0.0671431350056082,0.025737253,0.0671431350056082,0.09356487984769046
21,offset_c0.2_from0.2,3,cartesian_ik,20471377,True,True,,1,0.10650214203633368,0.01467285,0.10650214203633368,0.13277910999022424
21,offset_c0.2_from0.2,3,joint_projected,20471377,True,True,,1,0.12635332497302443,0.027271006,0.12635332497302443,0.15250332991126925
21,offset_c0.2_from0.2,3,ompl_uniform,20471377,True,True,,1,0.10112151794601232,0.011684967,0.10112151794601232,0.10262685595080256
21,offset_c0.2_from0.2,4,cartesian_ik,20471478,True,True,,1,0.11258622002787888,0.018371636,0.11258622002787888,0.1390553219243884
21,offset_c0.2_from0.2,4,ompl_uniform,20471478,True,True,,1,0.15271513897459954,0.010588788,0.15271513897459954,0.15447316598147154
21,offset_c0.2_from0.2,4,joint_projected,20471478,True,True,,1,0.19326825300231576,0.021603529,0.19326825300231576,0.22933006787206978
10,central_c0.8_from0.8,0,ompl_uniform,20360997,True,True,,1,0.16016861703246832,0.015622436,0.16016861703246832,0.16168227791786194
10,central_c0.8_from0.8,0,cartesian_ik,20360997,True,True,,1,0.06852988700848073,0.023145996,0.06852988700848073,0.10322561708744615
10,central_c0.8_from0.8,0,joint_projected,20360997,True,True,,1,0.2587312899995595,0.18098932,0.2587312899995595,0.2930054470198229
10,central_c0.8_from0.8,1,cartesian_ik,20361098,True,True,,1,0.12373707804363221,0.067153746,0.12373707804363221,0.1579694759566337
10,central_c0.8_from0.8,1,joint_projected,20361098,True,True,,1,0.2659721350064501,0.182519563,0.2659721350064501,0.3005160760367289
10,central_c0.8_from0.8,1,ompl_uniform,20361098,True,True,,1,0.09605205792468041,0.01496462,0.09605205792468041,0.09781640907749534
10,central_c0.8_from0.8,2,joint_projected,20361199,True,True,,1,0.22368672804441303,0.181206958,0.22368672804441303,0.2581592861097306
10,central_c0.8_from0.8,2,ompl_uniform,20361199,True,True,,1,0.1297529429430142,0.006215214,0.1297529429430142,0.13140124990604818
10,central_c0.8_from0.8,2,cartesian_ik,20361199,True,True,,1,0.15730640199035406,0.02177843,0.15730640199035406,0.19189833104610443
10,central_c0.8_from0.8,3,ompl_uniform,20361300,True,True,,1,0.18599609890952706,0.008214979,0.18599609890952706,0.18777662294451147
10,central_c0.8_from0.8,3,joint_projected,20361300,True,True,,1,0.32496670400723815,0.178512375,0.32496670400723815,0.3594277820084244
10,central_c0.8_from0.8,3,cartesian_ik,20361300,True,True,,1,0.20689990394748747,0.032744381,0.20689990394748747,0.24143746797926724
10,central_c0.8_from0.8,4,joint_projected,20361401,True,True,,1,0.30469785002060235,0.177159266,0.30469785002060235,0.33933265099767596
10,central_c0.8_from0.8,4,cartesian_ik,20361401,True,True,,1,0.11997871799394488,0.039681514,0.11997871799394488,0.15445615502540022
10,central_c0.8_from0.8,4,ompl_uniform,20361401,True,True,,1,0.2128952939528972,0.030089056,0.2128952939528972,0.21448877803049982
45,distant_c0.2_from0.2,0,joint_projected,20711242,True,True,,1,0.12390530505217612,0.022671912,0.12390530505217612,0.1508029029937461
45,distant_c0.2_from0.2,0,ompl_uniform,20711242,True,True,,1,0.10575733205769211,0.009425358,0.10575733205769211,0.10753260902129114
45,distant_c0.2_from0.2,0,cartesian_ik,20711242,True,True,,1,0.07163143705110997,0.004458964,0.07163143705110997,0.09950205101631582
45,distant_c0.2_from0.2,1,cartesian_ik,20711343,True,True,,1,0.07435438595712185,0.047077687,0.07435438595712185,0.10186299600172788
45,distant_c0.2_from0.2,1,ompl_uniform,20711343,True,True,,1,0.0963129090378061,0.015024607,0.0963129090378061,0.09791328408755362
45,distant_c0.2_from0.2,1,joint_projected,20711343,True,True,,1,0.019159746007062495,0.01019402,0.019159746007062495,0.04703308700118214
45,distant_c0.2_from0.2,2,joint_projected,20711444,True,True,,1,0.12775373202748597,0.027166975,0.12775373202748597,0.15553557104431093
45,distant_c0.2_from0.2,2,ompl_uniform,20711444,True,True,,1,0.12091102299746126,0.012595056,0.12091102299746126,0.12235862493980676
45,distant_c0.2_from0.2,2,cartesian_ik,20711444,True,True,,1,0.09265392099041492,0.022455543,0.09265392099041492,0.12040232808794826
45,distant_c0.2_from0.2,3,ompl_uniform,20711545,True,True,,1,0.12161282997112721,0.009975775,0.12161282997112721,0.12333096691872925
45,distant_c0.2_from0.2,3,cartesian_ik,20711545,True,True,,1,0.042497490998357534,0.012471769,0.042497490998357534,0.07015300390776247
45,distant_c0.2_from0.2,3,joint_projected,20711545,True,True,,1,0.1068575729150325,0.020830287,0.1068575729150325,0.1342187209520489
45,distant_c0.2_from0.2,4,joint_projected,20711646,True,True,,1,0.12107477791141719,0.01824653,0.12107477791141719,0.14818786608520895
45,distant_c0.2_from0.2,4,cartesian_ik,20711646,True,True,,1,0.17675360897555947,0.018141935,0.17675360897555947,0.2043245059903711
45,distant_c0.2_from0.2,4,ompl_uniform,20711646,True,True,,1,0.13253389101009816,0.0097005,0.13253389101009816,0.134475197060965
