environment,stratum,repeat,mode,seed,success,planner_success,failure_stage,error_code,action_wall_s,moveit_planning_s,par2_s,end_to_end_wall_s
24,offset_c0.5_from0.2,0,ompl_uniform,20501095,True,True,,1,0.132522533996962,0.009741858,0.132522533996962,0.13388130499515682
24,offset_c0.5_from0.2,0,cartesian_ik,20501095,True,True,,1,0.10443077702075243,0.020351589,0.10443077702075243,0.1255343760130927
24,offset_c0.5_from0.2,0,joint_projected,20501095,True,True,,1,0.13496194500476122,0.016336266,0.13496194500476122,0.15653131599538028
24,offset_c0.5_from0.2,1,cartesian_ik,20501196,True,True,,1,0.08981021901126951,0.011942677,0.08981021901126951,0.11115329503081739
24,offset_c0.5_from0.2,1,ompl_uniform,20501196,True,True,,1,0.10584595100954175,0.014476861,0.10584595100954175,0.10725894896313548
24,offset_c0.5_from0.2,1,joint_projected,20501196,True,True,,1,0.08149218407925218,0.027440057,0.08149218407925218,0.10281826497521251
24,offset_c0.5_from0.2,2,joint_projected,20501297,True,True,,1,0.020363087998703122,0.008478376,0.020363087998703122,0.04119844106025994
24,offset_c0.5_from0.2,2,cartesian_ik,20501297,True,True,,1,0.05980690510477871,0.016892446,0.05980690510477871,0.0810256419936195
24,offset_c0.5_from0.2,2,ompl_uniform,20501297,True,True,,1,0.21836936089675874,0.009387126,0.21836936089675874,0.21982293098699301
24,offset_c0.5_from0.2,3,ompl_uniform,20501398,True,True,,1,0.12098100897856057,0.008060826,0.12098100897856057,0.12280063098296523
24,offset_c0.5_from0.2,3,cartesian_ik,20501398,True,True,,1,0.14294228400103748,0.019957661,0.14294228400103748,0.16407797194551677
24,offset_c0.5_from0.2,3,joint_projected,20501398,True,True,,1,0.09775906894356012,0.028689273,0.09775906894356012,0.11868363805115223
24,offset_c0.5_from0.2,4,cartesian_ik,20501499,True,True,,1,0.08977668301668018,0.0216132,0.08977668301668018,0.11087597999721766
24,offset_c0.5_from0.2,4,ompl_uniform,20501499,True,True,,1,0.13292355206795037,0.009495833,0.13292355206795037,0.13464090100023896
24,offset_c0.5_from0.2,4,joint_projected,20501499,True,True,,1,0.17664842098020017,0.015737356,0.17664842098020017,0.19826126797124743
39,offset_c0.7_from0.8,0,cartesian_ik,20651200,True,True,,1,0.08901754696853459,0.021433151,0.08901754696853459,0.10846761695574969
39,offset_c0.7_from0.8,0,joint_projected,20651200,True,True,,1,0.19556852499954402,0.018672019,0.19556852499954402,0.21589261083863676
39,offset_c0.7_from0.8,0,ompl_uniform,20651200,True,True,,1,0.12971401400864124,0.021045566,0.12971401400864124,0.13139314495492727
39,offset_c0.7_from0.8,1,joint_projected,20651301,True,True,,1,0.10120487492531538,0.019131614,0.10120487492531538,0.12164107395801693
39,offset_c0.7_from0.8,1,cartesian_ik,20651301,True,True,,1,0.09082165895961225,0.033831475,0.09082165895961225,0.11091505701187998
39,offset_c0.7_from0.8,1,ompl_uniform,20651301,True,True,,1,0.19875159196089953,0.026786721,0.19875159196089953,0.19999874697532505
39,offset_c0.7_from0.8,2,cartesian_ik,20651402,True,True,,1,0.12664722697809339,0.024187422,0.12664722697809339,0.1479928978951648
39,offset_c0.7_from0.8,2,ompl_uniform,20651402,True,True,,1,0.09034329000860453,0.006597821,0.09034329000860453,0.09199794998858124
39,offset_c0.7_from0.8,2,joint_projected,20651402,True,True,,1,0.08883243799209595,0.017578658,0.08883243799209595,0.10905903100501746
39,offset_c0.7_from0.8,3,cartesian_ik,20651503,True,True,,1,0.15674512297846377,0.048048166,0.15674512297846377,0.17708746495191008
39,offset_c0.7_from0.8,3,joint_projected,20651503,True,True,,1,0.04212566604837775,0.015263343,0.04212566604837775,0.0620101549429819
39,offset_c0.7_from0.8,3,ompl_uniform,20651503,True,True,,1,0.05763505201321095,0.006196693,0.05763505201321095,0.05911181401461363
39,offset_c0.7_from0.8,4,joint_projected,20651604,True,True,,1,0.10852494102437049,0.02258092,0.10852494102437049,0.1284895339049399
39,offset_c0.7_from0.8,4,cartesian_ik,20651604,True,True,,1,0.12237433705013245,0.008840503,0.12237433705013245,0.1427361809182912
39,offset_c0.7_from0.8,4,ompl_uniform,20651604,True,True,,1,0.08958335092756897,0.007738042,0.08958335092756897,0.0910026190103963
30,offset_c0.7_from0.8,0,cartesian_ik,20561137,True,True,,1,0.07163754804059863,0.030843902,0.07163754804059863,0.09206175699364394
30,offset_c0.7_from0.8,0,ompl_uniform,20561137,True,True,,1,0.09623805794399232,0.022004182,0.09623805794399232,0.09764403605367988
30,offset_c0.7_from0.8,0,joint_projected,20561137,True,True,,1,0.1424623499624431,0.026259062,0.1424623499624431,0.16255270899273455
30,offset_c0.7_from0.8,1,ompl_uniform,20561238,True,True,,1,0.11099403200205415,0.01575079,0.11099403200205415,0.11225280503276736
30,offset_c0.7_from0.8,1,joint_projected,20561238,True,True,,1,0.03447079798206687,0.016468529,0.03447079798206687,0.05425712198484689
30,offset_c0.7_from0.8,1,cartesian_ik,20561238,True,True,,1,0.10590265807695687,0.022810445,0.10590265807695687,0.12620989000424743
30,offset_c0.7_from0.8,2,cartesian_ik,20561339,True,True,,1,0.1858445859979838,0.043194016,0.1858445859979838,0.20631459902506322
30,offset_c0.7_from0.8,2,ompl_uniform,20561339,True,True,,1,0.18013255100231618,0.032788148,0.18013255100231618,0.18182097899261862
30,offset_c0.7_from0.8,2,joint_projected,20561339,True,True,,1,0.13281925802584738,0.031229866,0.13281925802584738,0.15349456295371056
30,offset_c0.7_from0.8,3,ompl_uniform,20561440,True,True,,1,0.13880968396551907,0.029312419,0.13880968396551907,0.14033037703484297
30,offset_c0.7_from0.8,3,cartesian_ik,20561440,True,True,,1,0.18244442902505398,0.084916135,0.18244442902505398,0.20335786696523428
30,offset_c0.7_from0.8,3,joint_projected,20561440,True,True,,1,0.07338273909408599,0.031793311,0.07338273909408599,0.09438281890470535
30,offset_c0.7_from0.8,4,ompl_uniform,20561541,True,True,,1,0.19972422102000564,0.020197703,0.19972422102000564,0.20141217997297645
30,offset_c0.7_from0.8,4,joint_projected,20561541,True,True,,1,0.18788003001827747,0.036181687,0.18788003001827747,0.20860499993432313
30,offset_c0.7_from0.8,4,cartesian_ik,20561541,True,True,,1,0.05445946799591184,0.010246609,0.05445946799591184,0.07559505105018616
18,central_c0.7_from0.8,0,ompl_uniform,20441053,True,True,,1,0.14755013096146286,0.017729067,0.14755013096146286,0.1491314129671082
18,central_c0.7_from0.8,0,joint_projected,20441053,True,True,,1,0.15413424000144005,0.039392684,0.15413424000144005,0.17507059988565743
18,central_c0.7_from0.8,0,cartesian_ik,20441053,True,True,,1,0.1631052049342543,0.054454682,0.1631052049342543,0.18313645594753325
18,central_c0.7_from0.8,1,joint_projected,20441154,True,True,,1,0.11107432702556252,0.020481578,0.11107432702556252,0.1314319979865104
18,central_c0.7_from0.8,1,ompl_uniform,20441154,True,True,,1,0.1544740649405867,0.010038542,0.1544740649405867,0.15608186600729823
18,central_c0.7_from0.8,1,cartesian_ik,20441154,True,True,,1,0.08378909691236913,0.015672791,0.08378909691236913,0.10410975792910904
18,central_c0.7_from0.8,2,joint_projected,20441255,True,True,,1,0.12624086299911141,0.023503501,0.12624086299911141,0.1468731388449669
18,central_c0.7_from0.8,2,cartesian_ik,20441255,True,True,,1,0.07667854195460677,0.024913139,0.07667854195460677,0.09666652302257717
18,central_c0.7_from0.8,2,ompl_uniform,20441255,True,True,,1,0.12632314988877624,0.008417904,0.12632314988877624,0.12816889898385853
18,central_c0.7_from0.8,3,cartesian_ik,20441356,True,True,,1,0.17406018800102174,0.040217206,0.17406018800102174,0.1947926749708131
18,central_c0.7_from0.8,3,joint_projected,20441356,True,True,,1,0.158828065963462,0.0310728,0.158828065963462,0.17974553094245493
18,central_c0.7_from0.8,3,ompl_uniform,20441356,True,True,,1,0.16104203695431352,0.012411268,0.16104203695431352,0.1627073510317132
18,central_c0.7_from0.8,4,cartesian_ik,20441457,True,True,,1,0.04092058399692178,0.002948751,0.04092058399692178,0.06165578693617135
18,central_c0.7_from0.8,4,ompl_uniform,20441457,True,True,,1,0.07960266596637666,0.017773877,0.07960266596637666,0.08126079803332686
18,central_c0.7_from0.8,4,joint_projected,20441457,True,True,,1,0.08056614396627992,0.026438924,0.08056614396627992,0.10101199487689883
35,offset_c0.7_from0.8,0,joint_projected,20611172,True,True,,1,0.14135107106994838,0.026062419,0.14135107106994838,0.161914341035299
35,offset_c0.7_from0.8,0,cartesian_ik,20611172,True,True,,1,0.17047511704731733,0.04894233,0.17047511704731733,0.19076455803588033
35,offset_c0.7_from0.8,0,ompl_uniform,20611172,True,True,,1,0.15306373091880232,0.010944285,0.15306373091880232,0.15469493600539863
35,offset_c0.7_from0.8,1,cartesian_ik,20611273,True,True,,1,0.11107150395400822,0.02537751,0.11107150395400822,0.13152886810712516
35,offset_c0.7_from0.8,1,joint_projected,20611273,True,True,,1,0.13052880205214024,0.028292612,0.13052880205214024,0.15062626195140183
35,offset_c0.7_from0.8,1,ompl_uniform,20611273,True,True,,1,0.1386048289714381,0.011862862,0.1386048289714381,0.13985287607647479
35,offset_c0.7_from0.8,2,ompl_uniform,20611374,True,True,,1,0.11721617507282645,0.006000726,0.11721617507282645,0.11898404802195728
35,offset_c0.7_from0.8,2,joint_projected,20611374,True,True,,1,0.07933160499669611,0.018588799,0.07933160499669611,0.10002906597219408
35,offset_c0.7_from0.8,2,cartesian_ik,20611374,True,True,,1,0.08383561193477362,0.009389386,0.08383561193477362,0.10509200301021338
35,offset_c0.7_from0.8,3,ompl_uniform,20611475,True,True,,1,0.17707998503465205,0.016983219,0.17707998503465205,0.1788376539479941
35,offset_c0.7_from0.8,3,cartesian_ik,20611475,True,True,,1,0.11791709496174008,0.015192579,0.11791709496174008,0.1385476179420948
35,offset_c0.7_from0.8,3,joint_projected,20611475,True,True,,1,0.1265537909930572,0.023439666,0.1265537909930572,0.14681628602556884
35,offset_c0.7_from0.8,4,cartesian_ik,20611576,True,True,,1,0.15912226191721857,0.021708683,0.15912226191721857,0.17972827597986907
35,offset_c0.7_from0.8,4,ompl_uniform,20611576,True,True,,1,0.09654112905263901,0.00937561,0.09654112905263901,0.09816833399236202
35,offset_c0.7_from0.8,4,joint_projected,20611576,True,True,,1,0.2689106109319255,0.046397611,0.2689106109319255,0.2898927431087941
16,central_c0.7_from0.8,0,cartesian_ik,20421039,True,True,,1,0.07627917698118836,0.026791814,0.07627917698118836,0.0967469469178468
16,central_c0.7_from0.8,0,ompl_uniform,20421039,True,True,,1,0.10152259003371,0.010409401,0.10152259003371,0.1031116999220103
16,central_c0.7_from0.8,0,joint_projected,20421039,True,True,,1,0.12317018606700003,0.019743429,0.12317018606700003,0.14422620891127735
16,central_c0.7_from0.8,1,joint_projected,20421140,True,True,,1,0.24429918406531215,0.033534575,0.24429918406531215,0.26503808691632
16,central_c0.7_from0.8,1,cartesian_ik,20421140,True,True,,1,0.052600860013626516,0.012642247,0.052600860013626516,0.07353534095454961
16,central_c0.7_from0.8,1,ompl_uniform,20421140,True,True,,1,0.08787766890600324,0.015528253,0.08787766890600324,0.08942344295792282
16,central_c0.7_from0.8,2,cartesian_ik,20421241,True,True,,1,0.09731465205550194,0.028736032,0.09731465205550194,0.11781995592173189
16,central_c0.7_from0.8,2,ompl_uniform,20421241,True,True,,1,0.0805358849465847,0.006640226,0.0805358849465847,0.08224232099018991
16,central_c0.7_from0.8,2,joint_projected,20421241,True,True,,1,0.1678879780229181,0.035356284,0.1678879780229181,0.1886595299001783
16,central_c0.7_from0.8,3,cartesian_ik,20421342,True,True,,1,0.19372958701569587,0.012125111,0.19372958701569587,0.21451050997711718
16,central_c0.7_from0.8,3,joint_projected,20421342,True,True,,1,0.11816232395358384,0.020416377,0.11816232395358384,0.13890214287675917
16,central_c0.7_from0.8,3,ompl_uniform,20421342,True,True,,1,0.15849923307541758,0.008697783,0.15849923307541758,0.16026353102643043
16,central_c0.7_from0.8,4,cartesian_ik,20421443,True,True,,1,0.15484265889972448,0.029289789,0.15484265889972448,0.17602103191893548
16,central_c0.7_from0.8,4,joint_projected,20421443,True,True,,1,0.03626181499566883,0.013092252,0.03626181499566883,0.0570432759122923
16,central_c0.7_from0.8,4,ompl_uniform,20421443,True,True,,1,0.1796612930484116,0.009046924,0.1796612930484116,0.1813752120360732
11,central_c0.7_from0.8,0,cartesian_ik,20371004,True,True,,1,0.12328232999425381,0.009341093,0.12328232999425381,0.14354376995470375
11,central_c0.7_from0.8,0,ompl_uniform,20371004,True,True,,1,0.17576692008879036,0.018638935,0.17576692008879036,0.17759609105996788
11,central_c0.7_from0.8,0,joint_projected,20371004,True,True,,1,0.16509507701266557,0.021990595,0.16509507701266557,0.18547270691487938
11,central_c0.7_from0.8,1,joint_projected,20371105,True,True,,1,0.2289150230353698,0.03351934,0.2289150230353698,0.24983620585408062
11,central_c0.7_from0.8,1,ompl_uniform,20371105,True,True,,1,0.09154108806978911,0.023523715,0.09154108806978911,0.09339724900200963
11,central_c0.7_from0.8,1,cartesian_ik,20371105,True,True,,1,0.08685378497466445,0.042920579,0.08685378497466445,0.10779034288134426
11,central_c0.7_from0.8,2,joint_projected,20371206,True,True,,1,0.16039714496582747,0.037467757,0.16039714496582747,0.1811861579772085
11,central_c0.7_from0.8,2,cartesian_ik,20371206,True,True,,1,0.2126228199340403,0.111910572,0.2126228199340403,0.2334046020405367
11,central_c0.7_from0.8,2,ompl_uniform,20371206,True,True,,1,0.08798953297082335,0.009523296,0.08798953297082335,0.08963187399785966
11,central_c0.7_from0.8,3,joint_projected,20371307,True,True,,1,0.12466976209543645,0.019628169,0.12466976209543645,0.14531541801989079
11,central_c0.7_from0.8,3,ompl_uniform,20371307,True,True,,1,0.153660653042607,0.012159744,0.153660653042607,0.15507477906066924
11,central_c0.7_from0.8,3,cartesian_ik,20371307,True,True,,1,0.18996189802419394,0.059613878,0.18996189802419394,0.21065067197196186
11,central_c0.7_from0.8,4,cartesian_ik,20371408,True,True,,1,0.1481231260113418,0.027886145,0.1481231260113418,0.16868001397233456
11,central_c0.7_from0.8,4,joint_projected,20371408,True,True,,1,0.056699478067457676,0.018916054,0.056699478067457676,0.07667820097412914
11,central_c0.7_from0.8,4,ompl_uniform,20371408,True,True,,1,0.1442792989546433,0.020030586,0.1442792989546433,0.14558752404991537
14,central_c0.7_from0.8,0,joint_projected,20401025,True,True,,1,0.16278660099487752,0.025593279,0.16278660099487752,0.18358686892315745
14,central_c0.7_from0.8,0,ompl_uniform,20401025,True,True,,1,0.15760423603933305,0.0142571,0.15760423603933305,0.15919247397687286
14,central_c0.7_from0.8,0,cartesian_ik,20401025,True,True,,1,0.21314956701826304,0.034920537,0.21314956701826304,0.23443345399573445
14,central_c0.7_from0.8,1,ompl_uniform,20401126,True,True,,1,0.09997339895926416,0.008184192,0.09997339895926416,0.10151130007579923
14,central_c0.7_from0.8,1,cartesian_ik,20401126,True,True,,1,0.16565497999545187,0.027568012,0.16565497999545187,0.18650314107071608
14,central_c0.7_from0.8,1,joint_projected,20401126,True,True,,1,0.10489189100917429,0.028292301,0.10489189100917429,0.12549518002197146
14,central_c0.7_from0.8,2,cartesian_ik,20401227,True,True,,1,0.17830817704088986,0.028185423,0.17830817704088986,0.19932704896200448
14,central_c0.7_from0.8,2,joint_projected,20401227,True,True,,1,0.16341004299465567,0.046449471,0.16341004299465567,0.18421500897966325
14,central_c0.7_from0.8,2,ompl_uniform,20401227,True,True,,1,0.486861084937118,0.040324606,0.486861084937118,0.48871965194121003
14,central_c0.7_from0.8,3,cartesian_ik,20401328,True,True,,1,0.16957948298659176,0.03441076,0.16957948298659176,0.19009429507423192
14,central_c0.7_from0.8,3,joint_projected,20401328,True,True,,1,0.07391857192851603,0.014943407,0.07391857192851603,0.09437490801792592
14,central_c0.7_from0.8,3,ompl_uniform,20401328,True,True,,1,0.10546271991916001,0.008472133,0.10546271991916001,0.10680015594698489
14,central_c0.7_from0.8,4,cartesian_ik,20401429,True,True,,1,0.13547976594418287,0.018895112,0.13547976594418287,0.15627140598371625
14,central_c0.7_from0.8,4,joint_projected,20401429,True,True,,1,0.16540205595083535,0.024957749,0.16540205595083535,0.18617932894267142
14,central_c0.7_from0.8,4,ompl_uniform,20401429,True,True,,1,0.2637163359904662,0.014619173,0.2637163359904662,0.26574209600221366
5,central_c0.5_from0.2,0,joint_projected,20310962,True,True,,1,0.1502115229377523,0.025456973,0.1502115229377523,0.17043039400596172
5,central_c0.5_from0.2,0,cartesian_ik,20310962,True,True,,1,0.13161479902919382,0.028747471,0.13161479902919382,0.15266469703055918
5,central_c0.5_from0.2,0,ompl_uniform,20310962,True,True,,1,0.17252804595045745,0.02156713,0.17252804595045745,0.1739962559659034
5,central_c0.5_from0.2,1,cartesian_ik,20311063,True,True,,1,0.15688915993086994,0.031927981,0.15688915993086994,0.17810072505380958
5,central_c0.5_from0.2,1,ompl_uniform,20311063,True,True,,1,0.08143970801029354,0.011344075,0.08143970801029354,0.08295208704657853
5,central_c0.5_from0.2,1,joint_projected,20311063,True,True,,1,0.1925285969628021,0.012812734,0.1925285969628021,0.21313530311454087
5,central_c0.5_from0.2,2,cartesian_ik,20311164,True,True,,1,0.08840051596052945,0.01896146,0.08840051596052945,0.10895156709011644
5,central_c0.5_from0.2,2,joint_projected,20311164,True,True,,1,0.1264297029701993,0.020077674,0.1264297029701993,0.14700980705674738
5,central_c0.5_from0.2,2,ompl_uniform,20311164,True,True,,1,0.11098835698794574,0.010534288,0.11098835698794574,0.11241997696924955
5,central_c0.5_from0.2,3,ompl_uniform,20311265,True,True,,1,0.10702660994138569,0.018915203,0.10702660994138569,0.10848397493828088
5,central_c0.5_from0.2,3,joint_projected,20311265,True,True,,1,0.12304073094855994,0.034362242,0.12304073094855994,0.14344556513242424
5,central_c0.5_from0.2,3,cartesian_ik,20311265,True,True,,1,0.08393148705363274,0.019101215,0.08393148705363274,0.10483715811278671
5,central_c0.5_from0.2,4,ompl_uniform,20311366,True,True,,1,0.18221750599332154,0.010910327,0.18221750599332154,0.18360684195067734
5,central_c0.5_from0.2,4,joint_projected,20311366,True,True,,1,0.051334038958884776,0.027404079,0.051334038958884776,0.07245135807897896
5,central_c0.5_from0.2,4,cartesian_ik,20311366,True,True,,1,0.15839699399657547,0.03497865,0.15839699399657547,0.17920643812976778
1,central_c0.5_from0.2,0,joint_projected,20270934,True,True,,1,0.19039936095941812,0.042663992,0.19039936095941812,0.21130321198143065
1,central_c0.5_from0.2,0,ompl_uniform,20270934,True,True,,1,0.1860362299485132,0.029948668,0.1860362299485132,0.1878512800903991
1,central_c0.5_from0.2,0,cartesian_ik,20270934,True,True,,1,0.10079207189846784,0.007032879,0.10079207189846784,0.12174603610765189
1,central_c0.5_from0.2,1,cartesian_ik,20271035,True,True,,1,0.13949144806247205,0.018256267,0.13949144806247205,0.16024426207877696
1,central_c0.5_from0.2,1,ompl_uniform,20271035,True,True,,1,0.084356470964849,0.010225848,0.084356470964849,0.08617906994186342
1,central_c0.5_from0.2,1,joint_projected,20271035,True,True,,1,0.09495450207032263,0.02608703,0.09495450207032263,0.11629445606376976
1,central_c0.5_from0.2,2,ompl_uniform,20271136,True,True,,1,0.1523017060244456,0.010416314,0.1523017060244456,0.15403506509028375
1,central_c0.5_from0.2,2,joint_projected,20271136,True,True,,1,0.07226706994697452,0.02633156,0.07226706994697452,0.093241106136702
1,central_c0.5_from0.2,2,cartesian_ik,20271136,True,True,,1,0.2278832069132477,0.047520889,0.2278832069132477,0.24882001208607107
1,central_c0.5_from0.2,3,joint_projected,20271237,True,True,,1,0.22929942805785686,0.0262941,0.22929942805785686,0.2505383180687204
1,central_c0.5_from0.2,3,cartesian_ik,20271237,True,True,,1,0.2084745119791478,0.025034256,0.2084745119791478,0.22847645403817296
1,central_c0.5_from0.2,3,ompl_uniform,20271237,True,True,,1,0.18921430793125182,0.010175729,0.18921430793125182,0.1909518300089985
1,central_c0.5_from0.2,4,joint_projected,20271338,True,True,,1,0.14931020105723292,0.044326193,0.14931020105723292,0.17025496705900878
1,central_c0.5_from0.2,4,ompl_uniform,20271338,True,True,,1,0.1234195219585672,0.019720758,0.1234195219585672,0.12511442694813013
1,central_c0.5_from0.2,4,cartesian_ik,20271338,True,True,,1,0.08785757108125836,0.020756539,0.08785757108125836,0.10879506799392402
57,distant_c0.7_from0.8,0,cartesian_ik,20831326,True,True,,1,0.06195084098726511,0.011620142,0.06195084098726511,0.08201088197529316
57,distant_c0.7_from0.8,0,ompl_uniform,20831326,True,True,,1,0.2769505459582433,0.011574864,0.2769505459582433,0.27822815207764506
57,distant_c0.7_from0.8,0,joint_projected,20831326,True,True,,1,0.037318232003599405,0.021636275,0.037318232003599405,0.0576258129440248
57,distant_c0.7_from0.8,1,cartesian_ik,20831427,True,True,,1,0.11406685702968389,0.008198399,0.11406685702968389,0.13408708898350596
57,distant_c0.7_from0.8,1,joint_projected,20831427,True,True,,1,0.15183421201072633,0.029758468,0.15183421201072633,0.17236562306061387
57,distant_c0.7_from0.8,1,ompl_uniform,20831427,True,True,,1,0.05876271997112781,0.004859903,0.05876271997112781,0.060341219999827445
57,distant_c0.7_from0.8,2,joint_projected,20831528,True,True,,1,0.12121481192298234,0.017907543,0.12121481192298234,0.1423175260424614
57,distant_c0.7_from0.8,2,cartesian_ik,20831528,True,True,,1,0.08508437895216048,0.009065479,0.08508437895216048,0.10579921293538064
57,distant_c0.7_from0.8,2,ompl_uniform,20831528,True,True,,1,0.08608876797370613,0.006361487,0.08608876797370613,0.08730809309054166
57,distant_c0.7_from0.8,3,joint_projected,20831629,True,True,,1,0.10511783906258643,0.007767003,0.10511783906258643,0.12567810504697263
57,distant_c0.7_from0.8,3,ompl_uniform,20831629,True,True,,1,0.2328121819300577,0.015586066,0.2328121819300577,0.2340071969665587
57,distant_c0.7_from0.8,3,cartesian_ik,20831629,True,True,,1,0.1122706140158698,0.006370685,0.1122706140158698,0.13354646891821176
57,distant_c0.7_from0.8,4,ompl_uniform,20831730,True,True,,1,0.16248777194414288,0.010180916,0.16248777194414288,0.16396040900144726
57,distant_c0.7_from0.8,4,cartesian_ik,20831730,True,True,,1,0.1416449740063399,0.016209664,0.1416449740063399,0.16237141692545265
57,distant_c0.7_from0.8,4,joint_projected,20831730,True,True,,1,0.1255513810319826,0.018740486,0.1255513810319826,0.1464957979042083
34,offset_c0.7_from0.8,0,ompl_uniform,20601165,True,True,,1,0.2093024509958923,0.0077087,0.2093024509958923,0.21066290501039475
34,offset_c0.7_from0.8,0,joint_projected,20601165,True,True,,1,0.056474408018402755,0.016409489,0.056474408018402755,0.0772186639951542
34,offset_c0.7_from0.8,0,cartesian_ik,20601165,True,True,,1,0.055609290022403,0.01043245,0.055609290022403,0.0760267220903188
34,offset_c0.7_from0.8,1,joint_projected,20601266,True,True,,1,0.08736513706389815,0.01752598,0.08736513706389815,0.10799956601113081
34,offset_c0.7_from0.8,1,ompl_uniform,20601266,True,True,,1,0.07690627896226943,0.008197137,0.07690627896226943,0.0782748470082879
34,offset_c0.7_from0.8,1,cartesian_ik,20601266,True,True,,1,0.04341557598672807,0.022021714,0.04341557598672807,0.06401912507135421
34,offset_c0.7_from0.8,2,joint_projected,20601367,True,True,,1,0.08215134497731924,0.014923288,0.08215134497731924,0.10242070502135903
34,offset_c0.7_from0.8,2,cartesian_ik,20601367,True,True,,1,0.04774230299517512,0.016570877,0.04774230299517512,0.06826905498746783
34,offset_c0.7_from0.8,2,ompl_uniform,20601367,True,True,,1,0.07986258296296,0.014046544,0.07986258296296,0.08160810999106616
34,offset_c0.7_from0.8,3,joint_projected,20601468,True,True,,1,0.0832070749020204,0.03645429,0.0832070749020204,0.10415431810542941
34,offset_c0.7_from0.8,3,ompl_uniform,20601468,True,True,,1,0.16041806095745414,0.016100338,0.16041806095745414,0.16219158400781453
34,offset_c0.7_from0.8,3,cartesian_ik,20601468,True,True,,1,0.14297574909869581,0.015257342,0.14297574909869581,0.1641270110849291
34,offset_c0.7_from0.8,4,cartesian_ik,20601569,True,True,,1,0.12484676903113723,0.016183174,0.12484676903113723,0.14561263204086572
34,offset_c0.7_from0.8,4,ompl_uniform,20601569,True,True,,1,0.16163418104406446,0.007170407,0.16163418104406446,0.16334720398299396
34,offset_c0.7_from0.8,4,joint_projected,20601569,True,True,,1,0.14733274991158396,0.01660878,0.14733274991158396,0.1683203170541674
0,central_c0.5_from0.2,0,ompl_uniform,20260927,True,True,,1,0.11769073596224189,0.007853644,0.11769073596224189,0.1193583159474656
0,central_c0.5_from0.2,0,joint_projected,20260927,False,False,start_invalid_in_corridor,,0.0,0.0,6.0,0.029041620902717113
0,central_c0.5_from0.2,0,cartesian_ik,20260927,False,False,start_invalid_in_corridor,,0.0,0.0,6.0,0.02880952600389719
0,central_c0.5_from0.2,1,joint_projected,20261028,False,False,start_invalid_in_corridor,,0.0,0.0,6.0,0.028482064954005182
0,central_c0.5_from0.2,1,ompl_uniform,20261028,True,True,,1,0.1399764419766143,0.021086176,0.1399764419766143,0.14125001698266715
0,central_c0.5_from0.2,1,cartesian_ik,20261028,False,False,start_invalid_in_corridor,,0.0,0.0,6.0,0.028696710942313075
0,central_c0.5_from0.2,2,ompl_uniform,20261129,True,True,,1,0.14843504398595542,0.010921576,0.14843504398595542,0.14971342601347715
0,central_c0.5_from0.2,2,cartesian_ik,20261129,False,False,start_invalid_in_corridor,,0.0,0.0,6.0,0.028694267966784537
0,central_c0.5_from0.2,2,joint_projected,20261129,False,False,start_invalid_in_corridor,,0.0,0.0,6.0,0.028008147957734764
0,central_c0.5_from0.2,3,cartesian_ik,20261230,False,False,start_invalid_in_corridor,,0.0,0.0,6.0,0.02792374894488603
0,central_c0.5_from0.2,3,joint_projected,20261230,False,False,start_invalid_in_corridor,,0.0,0.0,6.0,0.027837280998937786
0,central_c0.5_from0.2,3,ompl_uniform,20261230,True,True,,1,0.13176072004716843,0.018802155,0.13176072004716843,0.13271634094417095
0,central_c0.5_from0.2,4,joint_projected,20261331,False,False,start_invalid_in_corridor,,0.0,0.0,6.0,0.02900715498253703
0,central_c0.5_from0.2,4,ompl_uniform,20261331,True,True,,1,0.18797815102152526,0.01537767,0.18797815102152526,0.1895465770503506
0,central_c0.5_from0.2,4,cartesian_ik,20261331,False,False,start_invalid_in_corridor,,0.0,0.0,6.0,0.02930607390590012
54,distant_c0.7_from0.8,0,ompl_uniform,20801305,True,True,,1,0.13341724395286292,0.008226148,0.13341724395286292,0.1345934709534049
54,distant_c0.7_from0.8,0,joint_projected,20801305,True,True,,1,0.15923815104179084,0.023839931,0.15923815104179084,0.1799563659587875
54,distant_c0.7_from0.8,0,cartesian_ik,20801305,True,True,,1,0.05028963997028768,0.016556935,0.05028963997028768,0.07131641497835517
54,distant_c0.7_from0.8,1,ompl_uniform,20801406,True,True,,1,0.14567994000390172,0.013595298,0.14567994000390172,0.14724314690101892
54,distant_c0.7_from0.8,1,cartesian_ik,20801406,True,True,,1,0.08575235796160996,0.006751819,0.08575235796160996,0.10663427994586527
54,distant_c0.7_from0.8,1,joint_projected,20801406,True,True,,1,0.01876807806547731,0.010721515,0.01876807806547731,0.03946132306009531
54,distant_c0.7_from0.8,2,ompl_uniform,20801507,True,True,,1,0.16261271701660007,0.013880438,0.16261271701660007,0.16400989110115916
54,distant_c0.7_from0.8,2,joint_projected,20801507,True,True,,1,0.031994923017919064,0.012502288,0.031994923017919064,0.05279371596407145
54,distant_c0.7_from0.8,2,cartesian_ik,20801507,True,True,,1,0.12559727195184678,0.032535746,0.12559727195184678,0.14621040096972138
54,distant_c0.7_from0.8,3,cartesian_ik,20801608,True,True,,1,0.05617512797471136,0.009911616,0.05617512797471136,0.07729930197820067
54,distant_c0.7_from0.8,3,joint_projected,20801608,True,True,,1,0.12402151594869792,0.028489803,0.12402151594869792,0.14467232290189713
54,distant_c0.7_from0.8,3,ompl_uniform,20801608,True,True,,1,0.12386960699222982,0.008408339,0.12386960699222982,0.12549118301831186
54,distant_c0.7_from0.8,4,cartesian_ik,20801709,True,True,,1,0.12956782290712,0.016185165,0.12956782290712,0.15045621094759554
54,distant_c0.7_from0.8,4,ompl_uniform,20801709,True,True,,1,0.12200654996559024,0.008523208,0.12200654996559024,0.12350858398713171
54,distant_c0.7_from0.8,4,joint_projected,20801709,True,True,,1,0.05048153700772673,0.031472128,0.05048153700772673,0.07137438200879842
17,central_c0.7_from0.8,0,cartesian_ik,20431046,True,True,,1,0.15256284293718636,0.061505751,0.15256284293718636,0.17255658004432917
17,central_c0.7_from0.8,0,joint_projected,20431046,True,True,,1,0.17989032296463847,0.030506645,0.17989032296463847,0.2008590119658038
17,central_c0.7_from0.8,0,ompl_uniform,20431046,True,True,,1,0.17774289404042065,0.009901503,0.17774289404042065,0.17946070106700063
17,central_c0.7_from0.8,1,ompl_uniform,20431147,True,True,,1,0.10676356696058065,0.006223867,0.10676356696058065,0.10853831900749356
17,central_c0.7_from0.8,1,cartesian_ik,20431147,True,True,,1,0.19560085597913712,0.073355641,0.19560085597913712,0.21657875494565815
17,central_c0.7_from0.8,1,joint_projected,20431147,True,True,,1,0.13167941197752953,0.027696609,0.13167941197752953,0.15271704900078475
17,central_c0.7_from0.8,2,cartesian_ik,20431248,True,True,,1,0.18665790499653667,0.050097459,0.18665790499653667,0.20754795498214662
17,central_c0.7_from0.8,2,joint_projected,20431248,True,True,,1,0.08708604704588652,0.025876838,0.08708604704588652,0.10806129896081984
17,central_c0.7_from0.8,2,ompl_uniform,20431248,True,True,,1,0.14328164898324758,0.009977156,0.14328164898324758,0.14500474801752716
17,central_c0.7_from0.8,3,cartesian_ik,20431349,True,True,,1,0.1179720729123801,0.025753595,0.1179720729123801,0.13886912900488824
17,central_c0.7_from0.8,3,joint_projected,20431349,True,True,,1,0.20489461498800665,0.035115883,0.20489461498800665,0.2260429699672386
17,central_c0.7_from0.8,3,ompl_uniform,20431349,True,True,,1,0.21438002097420394,0.01174293,0.21438002097420394,0.2164707329357043
17,central_c0.7_from0.8,4,cartesian_ik,20431450,True,True,,1,0.18763242301065475,0.045578722,0.18763242301065475,0.20805437199305743
17,central_c0.7_from0.8,4,ompl_uniform,20431450,True,True,,1,0.1922033040318638,0.013782476,0.1922033040318638,0.1940211629262194
17,central_c0.7_from0.8,4,joint_projected,20431450,True,True,,1,0.07453089009504765,0.017869064,0.07453089009504765,0.09567905601579696
9,central_c0.5_from0.2,0,cartesian_ik,20350990,True,True,,1,0.16328630899079144,0.03000662,0.16328630899079144,0.18293553486000746
9,central_c0.5_from0.2,0,ompl_uniform,20350990,True,True,,1,0.11286382202524692,0.013160595,0.11286382202524692,0.11441935610491782
9,central_c0.5_from0.2,0,joint_projected,20350990,True,True,,1,0.11108748393598944,0.010976795,0.11108748393598944,0.13127408002037555
9,central_c0.5_from0.2,1,cartesian_ik,20351091,True,True,,1,0.10047869698610157,0.018624329,0.10047869698610157,0.12090502795763314
9,central_c0.5_from0.2,1,joint_projected,20351091,True,True,,1,0.06931533291935921,0.027855906,0.06931533291935921,0.08964926900807768
9,central_c0.5_from0.2,1,ompl_uniform,20351091,True,True,,1,0.11091642000246793,0.010272486,0.11091642000246793,0.11253108503296971
9,central_c0.5_from0.2,2,joint_projected,20351192,True,True,,1,0.049158931942656636,0.026080145,0.049158931942656636,0.06962468905840069
9,central_c0.5_from0.2,2,ompl_uniform,20351192,True,True,,1,0.13759434898383915,0.023640448,0.13759434898383915,0.139593799947761
9,central_c0.5_from0.2,2,cartesian_ik,20351192,True,True,,1,0.10246132896281779,0.011808046,0.10246132896281779,0.12289961101487279
9,central_c0.5_from0.2,3,ompl_uniform,20351293,True,True,,1,0.11685684998519719,0.015481466,0.11685684998519719,0.11860106501262635
9,central_c0.5_from0.2,3,joint_projected,20351293,True,True,,1,0.17969674803316593,0.03539263,0.17969674803316593,0.200546515872702
9,central_c0.5_from0.2,3,cartesian_ik,20351293,True,True,,1,0.1149564100196585,0.032451676,0.1149564100196585,0.13564290094655007
9,central_c0.5_from0.2,4,cartesian_ik,20351394,True,True,,1,0.09255530498921871,0.02223591,0.09255530498921871,0.1130418359534815
9,central_c0.5_from0.2,4,ompl_uniform,20351394,True,True,,1,0.09614395594689995,0.005122531,0.09614395594689995,0.09813327202573419
9,central_c0.5_from0.2,4,joint_projected,20351394,True,True,,1,0.12285201298072934,0.030268068,0.12285201298072934,0.14344987401273102
12,central_c0.7_from0.8,0,ompl_uniform,20381011,True,True,,1,0.12630752695258707,0.031878098,0.12630752695258707,0.1278424939373508
12,central_c0.7_from0.8,0,cartesian_ik,20381011,True,True,,1,0.2113799739163369,0.059730514,0.2113799739163369,0.2325964339543134
12,central_c0.7_from0.8,0,joint_projected,20381011,True,True,,1,0.18276258406694978,0.025823188,0.18276258406694978,0.20379381102975458
12,central_c0.7_from0.8,1,joint_projected,20381112,True,True,,1,0.3092171030584723,0.040983693,0.3092171030584723,0.33047265897039324
12,central_c0.7_from0.8,1,ompl_uniform,20381112,True,True,,1,0.16193608497269452,0.015375246,0.16193608497269452,0.16365519596729428
12,central_c0.7_from0.8,1,cartesian_ik,20381112,True,True,,1,0.2252057499717921,0.159984254,0.2252057499717921,0.24583781010005623
12,central_c0.7_from0.8,2,joint_projected,20381213,True,True,,1,0.17290880205109715,0.031612316,0.17290880205109715,0.19393313000909984
12,central_c0.7_from0.8,2,ompl_uniform,20381213,True,True,,1,0.0933813729789108,0.008726632,0.0933813729789108,0.09516858402639627
12,central_c0.7_from0.8,2,cartesian_ik,20381213,True,True,,1,0.35060475196223706,0.189180343,0.35060475196223706,0.37188419001176953
12,central_c0.7_from0.8,3,joint_projected,20381314,True,True,,1,0.36604931904003024,0.06360466,0.36604931904003024,0.38705647306051105
12,central_c0.7_from0.8,3,cartesian_ik,20381314,True,True,,1,0.3651680019684136,0.151826578,0.3651680019684136,0.3862687040818855
12,central_c0.7_from0.8,3,ompl_uniform,20381314,True,True,,1,0.3920547099551186,0.046008331,0.3920547099551186,0.394278550054878
12,central_c0.7_from0.8,4,cartesian_ik,20381415,True,True,,1,0.2489410110283643,0.085089402,0.2489410110283643,0.2694752699462697
12,central_c0.7_from0.8,4,ompl_uniform,20381415,True,True,,1,0.2640387089923024,0.017603113,0.2640387089923024,0.26604511903133243
12,central_c0.7_from0.8,4,joint_projected,20381415,True,True,,1,0.31030042900238186,0.03713091,0.31030042900238186,0.3312865289626643
36,offset_c0.7_from0.8,0,joint_projected,20621179,True,True,,1,0.29201218904927373,0.184655635,0.29201218904927373,0.3122244840487838
36,offset_c0.7_from0.8,0,ompl_uniform,20621179,True,True,,1,0.1582825370132923,0.015544309,0.1582825370132923,0.159882843028754
36,offset_c0.7_from0.8,0,cartesian_ik,20621179,True,True,,1,0.23164218803867698,0.07212274,0.23164218803867698,0.2524405929725617
36,offset_c0.7_from0.8,1,cartesian_ik,20621280,True,True,,1,0.13222794490866363,0.059379384,0.13222794490866363,0.15278832102194428
36,offset_c0.7_from0.8,1,joint_projected,20621280,True,True,,1,0.23888541001360863,0.180077594,0.23888541001360863,0.25939664395991713
36,offset_c0.7_from0.8,1,ompl_uniform,20621280,True,True,,1,0.17974009492900223,0.011009003,0.17974009492900223,0.18163770297542214
36,offset_c0.7_from0.8,2,joint_projected,20621381,True,True,,1,0.3632774060824886,0.182928809,0.3632774060824886,0.3841974799288437
36,offset_c0.7_from0.8,2,ompl_uniform,20621381,True,True,,1,0.1506981960264966,0.026002318,0.1506981960264966,0.15256076108198613
36,offset_c0.7_from0.8,2,cartesian_ik,20621381,True,True,,1,0.28736440697684884,0.069072599,0.28736440697684884,0.30821879697032273
36,offset_c0.7_from0.8,3,joint_projected,20621482,True,True,,1,0.26247190206777304,0.183129859,0.26247190206777304,0.2831795579986647
36,offset_c0.7_from0.8,3,cartesian_ik,20621482,True,True,,1,0.14764055400155485,0.009131908,0.14764055400155485,0.16775534895714372
36,offset_c0.7_from0.8,3,ompl_uniform,20621482,True,True,,1,0.08571540494449437,0.028911937,0.08571540494449437,0.08734937303233892
36,offset_c0.7_from0.8,4,joint_projected,20621583,True,True,,1,0.3267891180003062,0.194277468,0.3267891180003062,0.356047521927394
36,offset_c0.7_from0.8,4,ompl_uniform,20621583,True,True,,1,0.15839917201083153,0.025598719,0.15839917201083153,0.15987559303175658
36,offset_c0.7_from0.8,4,cartesian_ik,20621583,True,True,,1,0.1426696500275284,0.049148981,0.1426696500275284,0.16343808895908296
7,central_c0.5_from0.2,0,joint_projected,20330976,True,True,,1,0.11274942802265286,0.015709802,0.11274942802265286,0.13330197695177048
7,central_c0.5_from0.2,0,ompl_uniform,20330976,True,True,,1,0.14042029192205518,0.010096722,0.14042029192205518,0.14218438998796046
7,central_c0.5_from0.2,0,cartesian_ik,20330976,True,True,,1,0.16571827698498964,0.02988833,0.16571827698498964,0.18662826786749065
7,central_c0.5_from0.2,1,joint_projected,20331077,True,True,,1,0.13016925903502852,0.021554606,0.13016925903502852,0.15085021301638335
7,central_c0.5_from0.2,1,cartesian_ik,20331077,True,True,,1,0.11007046105805784,0.013422893,0.11007046105805784,0.13104534486774355
7,central_c0.5_from0.2,1,ompl_uniform,20331077,True,True,,1,0.16916130704339594,0.014515423,0.16916130704339594,0.17068503401242197
7,central_c0.5_from0.2,2,joint_projected,20331178,True,True,,1,0.06504162203054875,0.017753654,0.06504162203054875,0.08581824600696564
7,central_c0.5_from0.2,2,cartesian_ik,20331178,True,True,,1,0.1306181789841503,0.016077118,0.1306181789841503,0.15154947189148515
7,central_c0.5_from0.2,2,ompl_uniform,20331178,True,True,,1,0.12855472601950169,0.018230677,0.12855472601950169,0.13003720599226654
7,central_c0.5_from0.2,3,ompl_uniform,20331279,True,True,,1,0.15799666696693748,0.031670598,0.15799666696693748,0.15983932802919298
7,central_c0.5_from0.2,3,cartesian_ik,20331279,True,True,,1,0.12625264201778919,0.022354917,0.12625264201778919,0.14727565995417535
7,central_c0.5_from0.2,3,joint_projected,20331279,True,True,,1,0.16666349407751113,0.018329744,0.16666349407751113,0.18768738699145615
7,central_c0.5_from0.2,4,joint_projected,20331380,True,True,,1,0.10399749199859798,0.021983119,0.10399749199859798,0.12480626290198416
7,central_c0.5_from0.2,4,ompl_uniform,20331380,True,True,,1,0.11099114001262933,0.00888988,0.11099114001262933,0.11264725192449987
7,central_c0.5_from0.2,4,cartesian_ik,20331380,True,True,,1,0.16787709307391196,0.01272932,0.16787709307391196,0.1890249929856509
47,distant_c0.5_from0.2,0,ompl_uniform,20731256,True,True,,1,0.12623190495651215,0.01023665,0.12623190495651215,0.127641191938892
47,distant_c0.5_from0.2,0,joint_projected,20731256,True,True,,1,0.024896509014070034,0.013014693,0.024896509014070034,0.04539553099311888
47,distant_c0.5_from0.2,0,cartesian_ik,20731256,True,True,,1,0.11517349805217236,0.008142992,0.11517349805217236,0.1358225770527497
47,distant_c0.5_from0.2,1,joint_projected,20731357,True,True,,1,0.10545710497535765,0.030859051,0.10545710497535765,0.12600046792067587
47,distant_c0.5_from0.2,1,cartesian_ik,20731357,True,True,,1,0.07952939998358488,0.015782225,0.07952939998358488,0.10028727003373206
47,distant_c0.5_from0.2,1,ompl_uniform,20731357,True,True,,1,0.13068269297946244,0.011788897,0.13068269297946244,0.1323348879814148
47,distant_c0.5_from0.2,2,cartesian_ik,20731458,True,True,,1,0.11781087901908904,0.010897614,0.11781087901908904,0.13878288806881756
47,distant_c0.5_from0.2,2,ompl_uniform,20731458,True,True,,1,0.18456623994279653,0.017451696,0.18456623994279653,0.18650171800982207
47,distant_c0.5_from0.2,2,joint_projected,20731458,True,True,,1,0.11385672900360078,0.038058583,0.11385672900360078,0.13442313205450773
47,distant_c0.5_from0.2,3,joint_projected,20731559,True,True,,1,0.04664898104965687,0.01956538,0.04664898104965687,0.06754012510646135
47,distant_c0.5_from0.2,3,cartesian_ik,20731559,True,True,,1,0.08703672199044377,0.007810269,0.08703672199044377,0.10766798595432192
47,distant_c0.5_from0.2,3,ompl_uniform,20731559,True,True,,1,0.16144388308748603,0.011509195,0.16144388308748603,0.16302499396260828
47,distant_c0.5_from0.2,4,cartesian_ik,20731660,True,True,,1,0.09180437796749175,0.008587706,0.09180437796749175,0.11274307605344802
47,distant_c0.5_from0.2,4,joint_projected,20731660,True,True,,1,0.11089042399544269,0.022686118,0.11089042399544269,0.13196988007985055
47,distant_c0.5_from0.2,4,ompl_uniform,20731660,True,True,,1,0.0976847920101136,0.00618416,0.0976847920101136,0.0992416338995099
42,distant_c0.5_from0.2,0,ompl_uniform,20681221,True,True,,1,0.10072620201390237,0.007805096,0.10072620201390237,0.10230196302291006
42,distant_c0.5_from0.2,0,joint_projected,20681221,True,True,,1,0.09936242701951414,0.02495355,0.09936242701951414,0.11987023695837706
42,distant_c0.5_from0.2,0,cartesian_ik,20681221,True,True,,1,0.08576572604943067,0.022964859,0.08576572604943067,0.10604286391753703
42,distant_c0.5_from0.2,1,cartesian_ik,20681322,True,True,,1,0.2227139660390094,0.023177511,0.2227139660390094,0.24341951601672918
42,distant_c0.5_from0.2,1,ompl_uniform,20681322,True,True,,1,0.10425735905300826,0.008985477,0.10425735905300826,0.10559367190580815
42,distant_c0.5_from0.2,1,joint_projected,20681322,True,True,,1,0.11861796595621854,0.02967564,0.11861796595621854,0.1393292029388249
42,distant_c0.5_from0.2,2,joint_projected,20681423,True,True,,1,0.10977364191785455,0.01530245,0.10977364191785455,0.1298459010431543
42,distant_c0.5_from0.2,2,ompl_uniform,20681423,True,True,,1,0.2138325619744137,0.018589565,0.2138325619744137,0.21534089907072484
42,distant_c0.5_from0.2,2,cartesian_ik,20681423,True,True,,1,0.11113020195625722,0.019371255,0.11113020195625722,0.13134103594347835
42,distant_c0.5_from0.2,3,ompl_uniform,20681524,True,True,,1,0.15386731701437384,0.008805093,0.15386731701437384,0.15554512792732567
42,distant_c0.5_from0.2,3,cartesian_ik,20681524,True,True,,1,0.10551245603710413,0.012600354,0.10551245603710413,0.12573230999987572
42,distant_c0.5_from0.2,3,joint_projected,20681524,True,True,,1,0.14134673797525465,0.03765915,0.14134673797525465,0.16171114100143313
42,distant_c0.5_from0.2,4,cartesian_ik,20681625,True,True,,1,0.0753084080060944,0.016581984,0.0753084080060944,0.09564548695925623
42,distant_c0.5_from0.2,4,ompl_uniform,20681625,True,True,,1,0.1881449909415096,0.01023302,0.1881449909415096,0.18944498000200838
42,distant_c0.5_from0.2,4,joint_projected,20681625,True,True,,1,0.14823730196803808,0.034880557,0.14823730196803808,0.16858788405079395
41,distant_c0.5_from0.2,0,ompl_uniform,20671214,True,True,,1,0.16784571600146592,0.012772138,0.16784571600146592,0.16887409705668688
41,distant_c0.5_from0.2,0,cartesian_ik,20671214,True,True,,1,0.07648933993186802,0.0102358,0.07648933993186802,0.09643978113308549
41,distant_c0.5_from0.2,0,joint_projected,20671214,True,True,,1,0.08628655201755464,0.026775515,0.08628655201755464,0.10650277009699494
41,distant_c0.5_from0.2,1,cartesian_ik,20671315,True,True,,1,0.1254538259236142,0.014817178,0.1254538259236142,0.1453365491470322
41,distant_c0.5_from0.2,1,ompl_uniform,20671315,True,True,,1,0.11404293705709279,0.017521297,0.11404293705709279,0.11587440501898527
41,distant_c0.5_from0.2,1,joint_projected,20671315,True,True,,1,0.10577685502357781,0.019508664,0.10577685502357781,0.1262102050241083
41,distant_c0.5_from0.2,2,cartesian_ik,20671416,True,True,,1,0.3160443149972707,0.027422113,0.3160443149972707,0.3363647910300642
41,distant_c0.5_from0.2,2,ompl_uniform,20671416,True,True,,1,0.17582229699473828,0.007785026,0.17582229699473828,0.1776029389584437
41,distant_c0.5_from0.2,2,joint_projected,20671416,True,True,,1,0.1234810360474512,0.020500557,0.1234810360474512,0.14375908102374524
41,distant_c0.5_from0.2,3,ompl_uniform,20671517,True,True,,1,0.17059237405192107,0.020261002,0.17059237405192107,0.17223090399056673
41,distant_c0.5_from0.2,3,joint_projected,20671517,True,True,,1,0.11235732294153422,0.014007013,0.11235732294153422,0.13270284014288336
41,distant_c0.5_from0.2,3,cartesian_ik,20671517,True,True,,1,0.1312696699751541,0.021585068,0.1312696699751541,0.1518108140444383
41,distant_c0.5_from0.2,4,cartesian_ik,20671618,True,True,,1,0.04762552201282233,0.008071828,0.04762552201282233,0.06786700210068375
41,distant_c0.5_from0.2,4,ompl_uniform,20671618,True,True,,1,0.12888761702924967,0.016780842,0.12888761702924967,0.13021701702382416
41,distant_c0.5_from0.2,4,joint_projected,20671618,True,True,,1,0.10100464208517224,0.027614704,0.10100464208517224,0.12139368511270732
38,offset_c0.7_from0.8,0,ompl_uniform,20641193,True,True,,1,0.20566264202352613,0.008922798,0.20566264202352613,0.20739194098860025
38,offset_c0.7_from0.8,0,cartesian_ik,20641193,True,True,,1,0.13938765111379325,0.057113381,0.13938765111379325,0.1595727369422093
38,offset_c0.7_from0.8,0,joint_projected,20641193,True,True,,1,0.0929488210240379,0.021652146,0.0929488210240379,0.11347689502872527
38,offset_c0.7_from0.8,1,joint_projected,20641294,True,True,,1,0.13564240804407746,0.037706148,0.13564240804407746,0.15557586401700974
38,offset_c0.7_from0.8,1,cartesian_ik,20641294,True,True,,1,0.14630920707713813,0.039721006,0.14630920707713813,0.1667211949825287
38,offset_c0.7_from0.8,1,ompl_uniform,20641294,True,True,,1,0.14351771806832403,0.00971179,0.14351771806832403,0.14522051496896893
38,offset_c0.7_from0.8,2,ompl_uniform,20641395,True,True,,1,0.1681924449512735,0.016441188,0.1681924449512735,0.1699016810161993
38,offset_c0.7_from0.8,2,joint_projected,20641395,True,True,,1,0.04877546604257077,0.017394816,0.04877546604257077,0.06932226102799177
38,offset_c0.7_from0.8,2,cartesian_ik,20641395,True,True,,1,0.18264040991198272,0.050196695,0.18264040991198272,0.2029769599903375
38,offset_c0.7_from0.8,3,ompl_uniform,20641496,True,True,,1,0.10896089801099151,0.008672967,0.10896089801099151,0.1107055030297488
38,offset_c0.7_from0.8,3,cartesian_ik,20641496,True,True,,1,0.10936448199208826,0.031209493,0.10936448199208826,0.12921124999411404
38,offset_c0.7_from0.8,3,joint_projected,20641496,True,True,,1,0.09243652899749577,0.02815047,0.09243652899749577,0.11270676192361861
38,offset_c0.7_from0.8,4,ompl_uniform,20641597,True,True,,1,0.23009329510387033,0.023390592,0.23009329510387033,0.23206193593796343
38,offset_c0.7_from0.8,4,cartesian_ik,20641597,True,True,,1,0.17711845401208848,0.043710859,0.17711845401208848,0.197483477066271
38,offset_c0.7_from0.8,4,joint_projected,20641597,True,True,,1,0.0798586830496788,0.026214365,0.0798586830496788,0.10004753107205033
46,distant_c0.5_from0.2,0,joint_projected,20721249,True,True,,1,0.1618038829183206,0.02106814,0.1618038829183206,0.18191073893103749
46,distant_c0.5_from0.2,0,ompl_uniform,20721249,True,True,,1,0.1382864270126447,0.011409306,0.1382864270126447,0.14010337798390538
46,distant_c0.5_from0.2,0,cartesian_ik,20721249,True,True,,1,0.03593316697515547,0.005053677,0.03593316697515547,0.056608643964864314
46,distant_c0.5_from0.2,1,ompl_uniform,20721350,True,True,,1,0.10461609100457281,0.017706793,0.10461609100457281,0.10655779100488871
46,distant_c0.5_from0.2,1,cartesian_ik,20721350,True,True,,1,0.14829529100097716,0.013790903,0.14829529100097716,0.16898432304151356
46,distant_c0.5_from0.2,1,joint_projected,20721350,True,True,,1,0.20319693093188107,0.034551698,0.20319693093188107,0.22384515195153654
46,distant_c0.5_from0.2,2,joint_projected,20721451,True,True,,1,0.06543518998660147,0.010754097,0.06543518998660147,0.08634475606959313
46,distant_c0.5_from0.2,2,ompl_uniform,20721451,True,True,,1,0.13971978600602597,0.012765228,0.13971978600602597,0.14155671803746372
46,distant_c0.5_from0.2,2,cartesian_ik,20721451,True,True,,1,0.11924563301727176,0.00902792,0.11924563301727176,0.13974014203995466
46,distant_c0.5_from0.2,3,cartesian_ik,20721552,True,True,,1,0.12965728901326656,0.018380745,0.12965728901326656,0.14998820098116994
46,distant_c0.5_from0.2,3,joint_projected,20721552,True,True,,1,0.1412998220184818,0.017673275,0.1412998220184818,0.16171198396477848
46,distant_c0.5_from0.2,3,ompl_uniform,20721552,True,True,,1,0.14925223705358803,0.011105615,0.14925223705358803,0.15122302703093737
46,distant_c0.5_from0.2,4,cartesian_ik,20721653,True,True,,1,0.07103183399885893,0.008028014,0.07103183399885893,0.09148615295998752
46,distant_c0.5_from0.2,4,ompl_uniform,20721653,True,True,,1,0.1767889360198751,0.013360111,0.1767889360198751,0.17888933804351836
46,distant_c0.5_from0.2,4,joint_projected,20721653,True,True,,1,0.07789873401634395,0.014461725,0.07789873401634395,0.09840980800800025
52,distant_c0.7_from0.8,0,ompl_uniform,20781291,True,True,,1,0.18482717406004667,0.009980578,0.18482717406004667,0.1863792589865625
52,distant_c0.7_from0.8,0,joint_projected,20781291,False,False,start_invalid_in_corridor,,0.0,0.0,6.0,0.020564874983392656
52,distant_c0.7_from0.8,0,cartesian_ik,20781291,False,False,start_invalid_in_corridor,,0.0,0.0,6.0,0.02011432801373303
52,distant_c0.7_from0.8,1,cartesian_ik,20781392,False,False,start_invalid_in_corridor,,0.0,0.0,6.0,0.01964883308392018
52,distant_c0.7_from0.8,1,ompl_uniform,20781392,True,True,,1,0.1304512049537152,0.020072536,0.1304512049537152,0.13179269700776786
52,distant_c0.7_from0.8,1,joint_projected,20781392,False,False,start_invalid_in_corridor,,0.0,0.0,6.0,0.020439606974832714
52,distant_c0.7_from0.8,2,cartesian_ik,20781493,False,False,start_invalid_in_corridor,,0.0,0.0,6.0,0.02010744099970907
52,distant_c0.7_from0.8,2,joint_projected,20781493,False,False,start_invalid_in_corridor,,0.0,0.0,6.0,0.01974632905330509
52,distant_c0.7_from0.8,2,ompl_uniform,20781493,True,True,,1,0.10657926404383034,0.01020411,0.10657926404383034,0.10782343603204936
52,distant_c0.7_from0.8,3,ompl_uniform,20781594,True,True,,1,0.09801590209826827,0.01111699,0.09801590209826827,0.09988666698336601
52,distant_c0.7_from0.8,3,joint_projected,20781594,False,False,start_invalid_in_corridor,,0.0,0.0,6.0,0.020452531054615974
52,distant_c0.7_from0.8,3,cartesian_ik,20781594,False,False,start_invalid_in_corridor,,0.0,0.0,6.0,0.020298729999922216
52,distant_c0.7_from0.8,4,joint_projected,20781695,False,False,start_invalid_in_corridor,,0.0,0.0,6.0,0.01982595003210008
52,distant_c0.7_from0.8,4,cartesian_ik,20781695,False,False,start_invalid_in_corridor,,0.0,0.0,6.0,0.01966761809308082
52,distant_c0.7_from0.8,4,ompl_uniform,20781695,True,True,,1,0.1782836850034073,0.008777526,0.1782836850034073,0.17937913199421018
20,offset_c0.5_from0.2,0,ompl_uniform,20461067,True,True,,1,0.12144484394229949,0.009931955,0.12144484394229949,0.1230846899561584
20,offset_c0.5_from0.2,0,joint_projected,20461067,True,True,,1,0.2868903379421681,0.220421974,0.2868903379421681,0.30801573605276644
20,offset_c0.5_from0.2,0,cartesian_ik,20461067,True,True,,1,0.13914705300703645,0.100717779,0.13914705300703645,0.16019128006882966
20,offset_c0.5_from0.2,1,joint_projected,20461168,True,True,,1,0.31539954093750566,0.186370574,0.31539954093750566,0.33655371703207493
20,offset_c0.5_from0.2,1,ompl_uniform,20461168,True,True,,1,0.11959458200726658,0.0246585,0.11959458200726658,0.12114220706280321
20,offset_c0.5_from0.2,1,cartesian_ik,20461168,True,True,,1,0.07026044093072414,0.012257704,0.07026044093072414,0.09111335012130439
20,offset_c0.5_from0.2,2,ompl_uniform,20461269,True,True,,1,0.13934697699733078,0.018643872,0.13934697699733078,0.14119387394748628
20,offset_c0.5_from0.2,2,joint_projected,20461269,True,True,,1,0.23200394201558083,0.177395174,0.23200394201558083,0.2530271610012278
20,offset_c0.5_from0.2,2,cartesian_ik,20461269,True,True,,1,0.4150830029975623,0.16858128,0.4150830029975623,0.436359120067209
20,offset_c0.5_from0.2,3,joint_projected,20461370,True,True,,1,0.2702166830422357,0.17789901,0.2702166830422357,0.2908895250875503
20,offset_c0.5_from0.2,3,cartesian_ik,20461370,True,True,,1,0.11116886604577303,0.031139622,0.11116886604577303,0.13183602911885828
20,offset_c0.5_from0.2,3,ompl_uniform,20461370,True,True,,1,0.13047395797912031,0.009944595,0.13047395797912031,0.13241082394961268
20,offset_c0.5_from0.2,4,ompl_uniform,20461471,True,True,,1,0.15661872597411275,0.011781091,0.15661872597411275,0.15850136103108525
20,offset_c0.5_from0.2,4,joint_projected,20461471,True,True,,1,0.22313300089444965,0.177332738,0.22313300089444965,0.2440008990233764
20,offset_c0.5_from0.2,4,cartesian_ik,20461471,True,True,,1,0.09132136800326407,0.008478565,0.09132136800326407,0.11212713294662535
29,offset_c0.5_from0.2,0,ompl_uniform,20551130,True,True,,1,0.09898889099713415,0.019168086,0.09898889099713415,0.10077926109079272
29,offset_c0.5_from0.2,0,joint_projected,20551130,True,True,,1,0.24795433005783707,0.033497511,0.24795433005783707,0.27015507803298533
29,offset_c0.5_from0.2,0,cartesian_ik,20551130,True,True,,1,0.2575644770404324,0.040734185,0.2575644770404324,0.279914389946498
29,offset_c0.5_from0.2,1,cartesian_ik,20551231,True,True,,1,0.13476730696856976,0.032836963,0.13476730696856976,0.15654384705703706
29,offset_c0.5_from0.2,1,ompl_uniform,20551231,True,True,,1,0.10530502698384225,0.017525103,0.10530502698384225,0.10693842102773488
29,offset_c0.5_from0.2,1,joint_projected,20551231,True,True,,1,0.1427209370303899,0.032376658,0.1427209370303899,0.1644691010005772
29,offset_c0.5_from0.2,2,cartesian_ik,20551332,True,True,,1,0.2237826039781794,0.029088094,0.2237826039781794,0.24541349499486387
29,offset_c0.5_from0.2,2,ompl_uniform,20551332,True,True,,1,0.1880695930449292,0.017794629,0.1880695930449292,0.18985327694099396
29,offset_c0.5_from0.2,2,joint_projected,20551332,True,True,,1,0.09713976096827537,0.020327616,0.09713976096827537,0.1190066320123151
29,offset_c0.5_from0.2,3,ompl_uniform,20551433,True,True,,1,0.21590800990816206,0.013264669,0.21590800990816206,0.21733729599509388
29,offset_c0.5_from0.2,3,joint_projected,20551433,True,True,,1,0.09593261603731662,0.012850606,0.09593261603731662,0.11867650202475488
29,offset_c0.5_from0.2,3,cartesian_ik,20551433,True,True,,1,0.08004309004172683,0.048623169,0.08004309004172683,0.10143353196326643
29,offset_c0.5_from0.2,4,ompl_uniform,20551534,True,True,,1,0.1463493030751124,0.011022602,0.1463493030751124,0.1481116130016744
29,offset_c0.5_from0.2,4,joint_projected,20551534,True,True,,1,0.07099905400536954,0.030602487,0.07099905400536954,0.09269463503733277
29,offset_c0.5_from0.2,4,cartesian_ik,20551534,True,True,,1,0.20993655000347644,0.033180743,0.20993655000347644,0.2315131570212543
48,distant_c0.5_from0.2,0,joint_projected,20741263,True,True,,1,0.05852045398205519,0.014257277,0.05852045398205519,0.07884543295949697
48,distant_c0.5_from0.2,0,ompl_uniform,20741263,True,True,,1,0.11780328303575516,0.011037885,0.11780328303575516,0.11938219307921827
48,distant_c0.5_from0.2,0,cartesian_ik,20741263,True,True,,1,0.12509454600512981,0.037889582,0.12509454600512981,0.14634801005013287
48,distant_c0.5_from0.2,1,joint_projected,20741364,True,True,,1,0.16080699092708528,0.016367677,0.16080699092708528,0.18197606306057423
48,distant_c0.5_from0.2,1,ompl_uniform,20741364,True,True,,1,0.13869205105584115,0.015842686,0.13869205105584115,0.14046372205484658
48,distant_c0.5_from0.2,1,cartesian_ik,20741364,True,True,,1,0.1207869399804622,0.020846496,0.1207869399804622,0.14254897506907582
48,distant_c0.5_from0.2,2,ompl_uniform,20741465,True,True,,1,0.1637618860695511,0.008819184,0.1637618860695511,0.16539721901062876
48,distant_c0.5_from0.2,2,cartesian_ik,20741465,True,True,,1,0.1340865429956466,0.018455584,0.1340865429956466,0.15535187092609704
48,distant_c0.5_from0.2,2,joint_projected,20741465,True,True,,1,0.1598367770202458,0.029647235,0.1598367770202458,0.18061165895778686
48,distant_c0.5_from0.2,3,cartesian_ik,20741566,True,True,,1,0.12195494398474693,0.015432073,0.12195494398474693,0.14319732296280563
48,distant_c0.5_from0.2,3,joint_projected,20741566,True,True,,1,0.06579471798613667,0.014400968,0.06579471798613667,0.0870514300186187
48,distant_c0.5_from0.2,3,ompl_uniform,20741566,True,True,,1,0.1061615509679541,0.011243834,0.1061615509679541,0.1075939720030874
48,distant_c0.5_from0.2,4,ompl_uniform,20741667,True,True,,1,0.14267489698249847,0.024292182,0.14267489698249847,0.14468169899191707
48,distant_c0.5_from0.2,4,cartesian_ik,20741667,True,True,,1,0.02815766097046435,0.007971803,0.02815766097046435,0.04947979305870831
48,distant_c0.5_from0.2,4,joint_projected,20741667,True,True,,1,0.049303429084829986,0.020787297,0.049303429084829986,0.07021849090233445
22,offset_c0.5_from0.2,0,cartesian_ik,20481081,False,False,start_invalid_in_corridor,,0.0,0.0,6.0,0.02019352011848241
22,offset_c0.5_from0.2,0,ompl_uniform,20481081,True,True,,1,0.1470732040470466,0.018820492,0.1470732040470466,0.1484476219629869
22,offset_c0.5_from0.2,0,joint_projected,20481081,False,False,start_invalid_in_corridor,,0.0,0.0,6.0,0.020820579142309725
22,offset_c0.5_from0.2,1,ompl_uniform,20481182,True,True,,1,0.08291898609604686,0.023032987,0.08291898609604686,0.08428789104800671
22,offset_c0.5_from0.2,1,joint_projected,20481182,False,False,start_invalid_in_corridor,,0.0,0.0,6.0,0.02043276117183268
22,offset_c0.5_from0.2,1,cartesian_ik,20481182,False,False,start_invalid_in_corridor,,0.0,0.0,6.0,0.020015218062326312
22,offset_c0.5_from0.2,2,ompl_uniform,20481283,True,True,,1,0.160701225977391,0.011933379,0.160701225977391,0.16181996802333742
22,offset_c0.5_from0.2,2,joint_projected,20481283,False,False,start_invalid_in_corridor,,0.0,0.0,6.0,0.020285387174226344
22,offset_c0.5_from0.2,2,cartesian_ik,20481283,False,False,start_invalid_in_corridor,,0.0,0.0,6.0,0.019894546130672097
22,offset_c0.5_from0.2,3,joint_projected,20481384,False,False,start_invalid_in_corridor,,0.0,0.0,6.0,0.01972335414029658
22,offset_c0.5_from0.2,3,cartesian_ik,20481384,False,False,start_invalid_in_corridor,,0.0,0.0,6.0,0.0196129041723907
22,offset_c0.5_from0.2,3,ompl_uniform,20481384,True,True,,1,0.14366580499336123,0.013264146,0.14366580499336123,0.14465626305900514
22,offset_c0.5_from0.2,4,ompl_uniform,20481485,True,True,,1,0.12831580196507275,0.008501405,0.12831580196507275,0.1301203139591962
22,offset_c0.5_from0.2,4,joint_projected,20481485,False,False,start_invalid_in_corridor,,0.0,0.0,6.0,0.020804302068427205
22,offset_c0.5_from0.2,4,cartesian_ik,20481485,False,False,start_invalid_in_corridor,,0.0,0.0,6.0,0.020344549091532826
58,distant_c0.7_from0.8,0,joint_projected,20841333,True,True,,1,0.0612016610102728,0.028339818,0.0612016610102728,0.08081387600395828
58,distant_c0.7_from0.8,0,cartesian_ik,20841333,True,True,,1,0.08367439196445048,0.006640537,0.08367439196445048,0.10394459206145257
58,distant_c0.7_from0.8,0,ompl_uniform,20841333,True,True,,1,0.12693453195970505,0.012719646,0.12693453195970505,0.12858663499355316
58,distant_c0.7_from0.8,1,cartesian_ik,20841434,True,True,,1,0.23200299392919987,0.030380569,0.23200299392919987,0.2529256760608405
58,distant_c0.7_from0.8,1,joint_projected,20841434,True,True,,1,0.14881918404716998,0.023071269,0.14881918404716998,0.168727612006478
58,distant_c0.7_from0.8,1,ompl_uniform,20841434,True,True,,1,0.17453513597138226,0.009880873,0.17453513597138226,0.17619245301466435
58,distant_c0.7_from0.8,2,ompl_uniform,20841535,True,True,,1,0.1042814600514248,0.019250288,0.1042814600514248,0.10609665303491056
58,distant_c0.7_from0.8,2,joint_projected,20841535,True,True,,1,0.06231759104412049,0.010569446,0.06231759104412049,0.08336785295978189
58,distant_c0.7_from0.8,2,cartesian_ik,20841535,True,True,,1,0.1106499379966408,0.021404686,0.1106499379966408,0.1308254759060219
58,distant_c0.7_from0.8,3,cartesian_ik,20841636,True,True,,1,0.09905671910382807,0.00808612,0.09905671910382807,0.11985254497267306
58,distant_c0.7_from0.8,3,ompl_uniform,20841636,True,True,,1,0.12431624194141477,0.008187114,0.12431624194141477,0.12579988501966
58,distant_c0.7_from0.8,3,joint_projected,20841636,True,True,,1,0.08770179899875075,0.013139643,0.08770179899875075,0.1084477009717375
58,distant_c0.7_from0.8,4,cartesian_ik,20841737,True,True,,1,0.10317853605374694,0.022693389,0.10317853605374694,0.12335415603592992
58,distant_c0.7_from0.8,4,ompl_uniform,20841737,True,True,,1,0.08748457708861679,0.015034958,0.08748457708861679,0.08890706498641521
58,distant_c0.7_from0.8,4,joint_projected,20841737,True,True,,1,0.14993885403964669,0.020179736,0.14993885403964669,0.17078257200773805
19,central_c0.7_from0.8,0,cartesian_ik,20451060,True,True,,1,0.15335306199267507,0.062279259,0.15335306199267507,0.1739014700287953
19,central_c0.7_from0.8,0,joint_projected,20451060,True,True,,1,0.2137532300548628,0.116157124,0.2137532300548628,0.23416637198533863
19,central_c0.7_from0.8,0,ompl_uniform,20451060,True,True,,1,0.1552715100115165,0.010044612,0.1552715100115165,0.1569729110924527
19,central_c0.7_from0.8,1,ompl_uniform,20451161,True,True,,1,0.12708265497349203,0.013115783,0.12708265497349203,0.12884672009386122
19,central_c0.7_from0.8,1,joint_projected,20451161,True,True,,1,0.2728678690036759,0.119615498,0.2728678690036759,0.2937294450821355
19,central_c0.7_from0.8,1,cartesian_ik,20451161,True,True,,1,0.07612420804798603,0.011795827,0.07612420804798603,0.09609519597142935
19,central_c0.7_from0.8,2,ompl_uniform,20451262,True,True,,1,0.16281781601719558,0.011064114,0.16281781601719558,0.1644468440208584
19,central_c0.7_from0.8,2,joint_projected,20451262,True,True,,1,0.31641897396184504,0.117626457,0.31641897396184504,0.3370601360220462
19,central_c0.7_from0.8,2,cartesian_ik,20451262,True,True,,1,0.228643088019453,0.0952817,0.228643088019453,0.24917902308516204
19,central_c0.7_from0.8,3,cartesian_ik,20451363,True,True,,1,0.07889332599006593,0.011185593,0.07889332599006593,0.09928905812557787
19,central_c0.7_from0.8,3,ompl_uniform,20451363,True,True,,1,0.18215074390172958,0.010741339,0.18215074390172958,0.1836499150376767
19,central_c0.7_from0.8,3,joint_projected,20451363,True,True,,1,0.2441164799965918,0.129218071,0.2441164799965918,0.26482759008649737
19,central_c0.7_from0.8,4,joint_projected,20451464,True,True,,1,0.24486437009181827,0.107942116,0.24486437009181827,0.26490447705145925
19,central_c0.7_from0.8,4,cartesian_ik,20451464,True,True,,1,0.061063549015671015,0.035628568,0.061063549015671015,0.08096374105662107
19,central_c0.7_from0.8,4,ompl_uniform,20451464,True,True,,1,0.08283544692676514,0.020320029,0.08283544692676514,0.08442348404787481
50,distant_c0.7_from0.8,0,ompl_uniform,20761277,True,True,,1,0.15567706199362874,0.014864863,0.15567706199362874,0.157257343060337
50,distant_c0.7_from0.8,0,cartesian_ik,20761277,True,True,,1,0.1014158830512315,0.021263862,0.1014158830512315,0.12171604693867266
50,distant_c0.7_from0.8,0,joint_projected,20761277,True,True,,1,0.09136938897427171,0.019347575,0.09136938897427171,0.11125618300866336
50,distant_c0.7_from0.8,1,joint_projected,20761378,True,True,,1,0.10060511506162584,0.012419952,0.10060511506162584,0.12068549497053027
50,distant_c0.7_from0.8,1,cartesian_ik,20761378,True,True,,1,0.035269772983156145,0.019430954,0.035269772983156145,0.055348768015392125
50,distant_c0.7_from0.8,1,ompl_uniform,20761378,True,True,,1,0.15840757102705538,0.011171067,0.15840757102705538,0.1601506631122902
50,distant_c0.7_from0.8,2,ompl_uniform,20761479,True,True,,1,0.15960594301577657,0.009122452,0.15960594301577657,0.16132239799480885
50,distant_c0.7_from0.8,2,cartesian_ik,20761479,True,True,,1,0.08445402199868113,0.01281676,0.08445402199868113,0.10517801495734602
50,distant_c0.7_from0.8,2,joint_projected,20761479,True,True,,1,0.1217518369667232,0.028549161,0.1217518369667232,0.142032133997418
50,distant_c0.7_from0.8,3,joint_projected,20761580,True,True,,1,0.1804543089820072,0.032466405,0.1804543089820072,0.20101935998536646
50,distant_c0.7_from0.8,3,ompl_uniform,20761580,True,True,,1,0.10638378805015236,0.009103642,0.10638378805015236,0.10790140298195183
50,distant_c0.7_from0.8,3,cartesian_ik,20761580,True,True,,1,0.09626383800059557,0.040594584,0.09626383800059557,0.11675841291435063
50,distant_c0.7_from0.8,4,joint_projected,20761681,True,True,,1,0.1308241569204256,0.016015989,0.1308241569204256,0.15118763002101332
50,distant_c0.7_from0.8,4,cartesian_ik,20761681,True,True,,1,0.06181020196527243,0.018929338,0.06181020196527243,0.08228790399152786
50,distant_c0.7_from0.8,4,ompl_uniform,20761681,True,True,,1,0.1881080479361117,0.024182515,0.1881080479361117,0.1898687300272286
15,central_c0.7_from0.8,0,cartesian_ik,20411032,True,True,,1,0.12819111510179937,0.034541088,0.12819111510179937,0.14922792196739465
15,central_c0.7_from0.8,0,joint_projected,20411032,True,True,,1,0.2865826999768615,0.036091653,0.2865826999768615,0.3083184229908511
15,central_c0.7_from0.8,0,ompl_uniform,20411032,True,True,,1,0.09829019103199244,0.00699511,0.09829019103199244,0.09987778193317354
15,central_c0.7_from0.8,1,cartesian_ik,20411133,True,True,,1,0.15198771795257926,0.012596176,0.15198771795257926,0.17401343898382038
15,central_c0.7_from0.8,1,ompl_uniform,20411133,True,True,,1,0.3439656419213861,0.02332411,0.3439656419213861,0.3458797630155459
15,central_c0.7_from0.8,1,joint_projected,20411133,False,True,path_audit,1,0.1002036010613665,0.019910789,6.0,0.1221494220662862
15,central_c0.7_from0.8,2,ompl_uniform,20411234,True,True,,1,0.1586135900579393,0.00696234,0.1586135900579393,0.16044486209284514
15,central_c0.7_from0.8,2,joint_projected,20411234,True,True,,1,0.2325018560513854,0.021526308,0.2325018560513854,0.25403006898704916
15,central_c0.7_from0.8,2,cartesian_ik,20411234,True,True,,1,0.440581392031163,0.103826575,0.440581392031163,0.46239380596671253
15,central_c0.7_from0.8,3,joint_projected,20411335,True,True,,1,0.037144977948628366,0.018180752,0.037144977948628366,0.0586774330586195
15,central_c0.7_from0.8,3,cartesian_ik,20411335,True,True,,1,0.13925545802339911,0.012756253,0.13925545802339911,0.16032921499572694
15,central_c0.7_from0.8,3,ompl_uniform,20411335,True,True,,1,0.37224390695337206,0.029844249,0.37224390695337206,0.3742815179284662
15,central_c0.7_from0.8,4,cartesian_ik,20411436,True,True,,1,0.1728473970433697,0.061597716,0.1728473970433697,0.19489996205084026
15,central_c0.7_from0.8,4,ompl_uniform,20411436,True,True,,1,0.3049890600377694,0.032386161,0.3049890600377694,0.3068167290184647
15,central_c0.7_from0.8,4,joint_projected,20411436,True,True,,1,0.04616449400782585,0.020307362,0.04616449400782585,0.0675213229842484
55,distant_c0.7_from0.8,0,ompl_uniform,20811312,True,True,,1,0.14958647498860955,0.01524137,0.14958647498860955,0.15072176698595285
55,distant_c0.7_from0.8,0,joint_projected,20811312,True,True,,1,0.17784597107674927,0.103228424,0.17784597107674927,0.19892507302574813
55,distant_c0.7_from0.8,0,cartesian_ik,20811312,True,True,,1,0.26941647904459387,0.028837617,0.26941647904459387,0.29078680800739676
55,distant_c0.7_from0.8,1,ompl_uniform,20811413,True,True,,1,0.17369676392991096,0.00321824,0.17369676392991096,0.17518793290946633
55,distant_c0.7_from0.8,1,joint_projected,20811413,True,True,,1,0.2133705469314009,0.10539934,0.2133705469314009,0.234431977965869
55,distant_c0.7_from0.8,1,cartesian_ik,20811413,True,True,,1,0.10136301000602543,0.011272225,0.10136301000602543,0.12238717498257756
55,distant_c0.7_from0.8,2,joint_projected,20811514,True,True,,1,0.20179711806122214,0.114860392,0.20179711806122214,0.22237113292794675
55,distant_c0.7_from0.8,2,cartesian_ik,20811514,True,True,,1,0.1380073910113424,0.024385615,0.1380073910113424,0.1592012729961425
55,distant_c0.7_from0.8,2,ompl_uniform,20811514,True,True,,1,0.10243298404384404,0.010800085,0.10243298404384404,0.10432497295551002
55,distant_c0.7_from0.8,3,ompl_uniform,20811615,True,True,,1,0.08776644605677575,0.010269892,0.08776644605677575,0.08961348899174482
55,distant_c0.7_from0.8,3,joint_projected,20811615,True,True,,1,0.252840681001544,0.101966372,0.252840681001544,0.27369201404508203
55,distant_c0.7_from0.8,3,cartesian_ik,20811615,True,True,,1,0.21915422205347568,0.060065632,0.21915422205347568,0.24047694099135697
55,distant_c0.7_from0.8,4,joint_projected,20811716,True,True,,1,0.1274887799518183,0.103175452,0.1274887799518183,0.14877915510442108
55,distant_c0.7_from0.8,4,cartesian_ik,20811716,True,True,,1,0.0952130249934271,0.036414078,0.0952130249934271,0.11605536798015237
55,distant_c0.7_from0.8,4,ompl_uniform,20811716,True,True,,1,0.10319781699217856,0.003888574,0.10319781699217856,0.10474003292620182
25,offset_c0.5_from0.2,0,joint_projected,20511102,True,True,,1,0.09015309892129153,0.025449563,0.09015309892129153,0.11146714398637414
25,offset_c0.5_from0.2,0,ompl_uniform,20511102,True,True,,1,0.08203356096055359,0.019416234,0.08203356096055359,0.08370850200299174
25,offset_c0.5_from0.2,0,cartesian_ik,20511102,True,True,,1,0.21346750599332154,0.018903721,0.21346750599332154,0.23535150394309312
25,offset_c0.5_from0.2,1,joint_projected,20511203,True,True,,1,0.15169092500582337,0.024320501,0.15169092500582337,0.17323421291075647
25,offset_c0.5_from0.2,1,ompl_uniform,20511203,True,True,,1,0.16717147105373442,0.013851877,0.16717147105373442,0.168949190992862
25,offset_c0.5_from0.2,1,cartesian_ik,20511203,True,True,,1,0.15079513599630445,0.032643478,0.15079513599630445,0.1727687589591369
25,offset_c0.5_from0.2,2,cartesian_ik,20511304,True,True,,1,0.1152344320435077,0.030734613,0.1152344320435077,0.13699714303947985
25,offset_c0.5_from0.2,2,ompl_uniform,20511304,True,True,,1,0.13647113891784102,0.008600029,0.13647113891784102,0.13819474098272622
25,offset_c0.5_from0.2,2,joint_projected,20511304,True,True,,1,0.11728918494191021,0.029178132,0.11728918494191021,0.13894747395534068
25,offset_c0.5_from0.2,3,ompl_uniform,20511405,True,True,,1,0.143571317079477,0.021827905,0.143571317079477,0.14520472602453083
25,offset_c0.5_from0.2,3,cartesian_ik,20511405,True,True,,1,0.13060031505301595,0.016903362,0.13060031505301595,0.1526023600017652
25,offset_c0.5_from0.2,3,joint_projected,20511405,True,True,,1,0.09039823501370847,0.012506958,0.09039823501370847,0.11237932404037565
25,offset_c0.5_from0.2,4,cartesian_ik,20511506,True,True,,1,0.04491550789680332,0.014901816,0.04491550789680332,0.06634231691714376
25,offset_c0.5_from0.2,4,ompl_uniform,20511506,True,True,,1,0.1584970869589597,0.010090671,0.1584970869589597,0.16028165200259537
25,offset_c0.5_from0.2,4,joint_projected,20511506,True,True,,1,0.1472799200564623,0.014194465,0.1472799200564623,0.1691292889881879
2,central_c0.5_from0.2,0,cartesian_ik,20280941,True,True,,1,0.11521275900304317,0.031234512,0.11521275900304317,0.13546891999430954
2,central_c0.5_from0.2,0,joint_projected,20280941,True,True,,1,0.09458408190403134,0.012662577,0.09458408190403134,0.11564133898355067
2,central_c0.5_from0.2,0,ompl_uniform,20280941,True,True,,1,0.11550864402670413,0.010766051,0.11550864402670413,0.11715301405638456
2,central_c0.5_from0.2,1,joint_projected,20281042,True,True,,1,0.08734953496605158,0.009783041,0.08734953496605158,0.10810633702203631
2,central_c0.5_from0.2,1,ompl_uniform,20281042,True,True,,1,0.09095119801349938,0.016800733,0.09095119801349938,0.09272709302604198
2,central_c0.5_from0.2,1,cartesian_ik,20281042,True,True,,1,0.13776935799978673,0.03944993,0.13776935799978673,0.15861067594960332
2,central_c0.5_from0.2,2,ompl_uniform,20281143,True,True,,1,0.17138668801635504,0.032450957,0.17138668801635504,0.1733017769875005
2,central_c0.5_from0.2,2,joint_projected,20281143,True,True,,1,0.11196116299834102,0.030554922,0.11196116299834102,0.13266665604896843
2,central_c0.5_from0.2,2,cartesian_ik,20281143,True,True,,1,0.22920242499094456,0.03360385,0.22920242499094456,0.2502659088931978
2,central_c0.5_from0.2,3,joint_projected,20281244,True,True,,1,0.1660938390996307,0.021051555,0.1660938390996307,0.18657828797586262
2,central_c0.5_from0.2,3,cartesian_ik,20281244,True,True,,1,0.11474680399987847,0.018759332,0.11474680399987847,0.13569922791793942
2,central_c0.5_from0.2,3,ompl_uniform,20281244,True,True,,1,0.112968873931095,0.012974774,0.112968873931095,0.11484937591012567
2,central_c0.5_from0.2,4,ompl_uniform,20281345,True,True,,1,0.11362459789961576,0.015114895,0.11362459789961576,0.11544371501076967
2,central_c0.5_from0.2,4,joint_projected,20281345,True,True,,1,0.05560079903807491,0.019001312,0.05560079903807491,0.0762001919792965
2,central_c0.5_from0.2,4,cartesian_ik,20281345,True,True,,1,0.27130072098225355,0.012871986,0.27130072098225355,0.2918168939650059
28,offset_c0.5_from0.2,0,ompl_uniform,20541123,True,True,,1,0.19735150807537138,0.009677038,0.19735150807537138,0.1988857809919864
28,offset_c0.5_from0.2,0,cartesian_ik,20541123,True,True,,1,0.14332160295452923,0.01321451,0.14332160295452923,0.16473057412076741
28,offset_c0.5_from0.2,0,joint_projected,20541123,True,True,,1,0.14936054800637066,0.014311109,0.14936054800637066,0.1703361130785197
28,offset_c0.5_from0.2,1,joint_projected,20541224,True,True,,1,0.11266737000551075,0.032950161,0.11266737000551075,0.1336254799971357
28,offset_c0.5_from0.2,1,ompl_uniform,20541224,True,True,,1,0.1184155740775168,0.014049041,0.1184155740775168,0.11998940201010555
28,offset_c0.5_from0.2,1,cartesian_ik,20541224,True,True,,1,0.08099003101233393,0.021967556,0.08099003101233393,0.10164170700591058
28,offset_c0.5_from0.2,2,ompl_uniform,20541325,True,True,,1,0.14639892405830324,0.013352649,0.14639892405830324,0.14815004903357476
28,offset_c0.5_from0.2,2,cartesian_ik,20541325,True,True,,1,0.0891710720025003,0.017999143,0.0891710720025003,0.11032209009863436
28,offset_c0.5_from0.2,2,joint_projected,20541325,True,True,,1,0.14255275495816022,0.028997597,0.14255275495816022,0.16331492608878762
28,offset_c0.5_from0.2,3,joint_projected,20541426,True,True,,1,0.13479441602248698,0.032290872,0.13479441602248698,0.15572459006216377
28,offset_c0.5_from0.2,3,cartesian_ik,20541426,True,True,,1,0.15355615003500134,0.008029239,0.15355615003500134,0.17450347007252276
28,offset_c0.5_from0.2,3,ompl_uniform,20541426,True,True,,1,0.10127705405466259,0.008684834,0.10127705405466259,0.10293184302281588
28,offset_c0.5_from0.2,4,cartesian_ik,20541527,True,True,,1,0.15081349294632673,0.010665722,0.15081349294632673,0.17190876905806363
28,offset_c0.5_from0.2,4,ompl_uniform,20541527,True,True,,1,0.14447392197325826,0.014381709,0.14447392197325826,0.1461340159876272
28,offset_c0.5_from0.2,4,joint_projected,20541527,True,True,,1,0.05285368103068322,0.0127423,0.05285368103068322,0.07360205904114991
59,distant_c0.7_from0.8,0,joint_projected,20851340,True,True,,1,0.26550020603463054,0.173077521,0.26550020603463054,0.28504675498697907
59,distant_c0.7_from0.8,0,ompl_uniform,20851340,True,True,,1,0.21949950593989342,0.016482754,0.21949950593989342,0.22077678400091827
59,distant_c0.7_from0.8,0,cartesian_ik,20851340,True,True,,1,0.19821934902574867,0.028968385,0.19821934902574867,0.21900591591838747
59,distant_c0.7_from0.8,1,cartesian_ik,20851441,True,True,,1,0.11173378804232925,0.006008026,0.11173378804232925,0.13243387604597956
59,distant_c0.7_from0.8,1,ompl_uniform,20851441,True,True,,1,0.17933439405169338,0.011836884,0.17933439405169338,0.18099641799926758
59,distant_c0.7_from0.8,1,joint_projected,20851441,True,True,,1,0.2751496599521488,0.17552923,0.2751496599521488,0.29552185896318406
59,distant_c0.7_from0.8,2,joint_projected,20851542,True,True,,1,0.20237010705750436,0.174591731,0.20237010705750436,0.22272253897972405
59,distant_c0.7_from0.8,2,ompl_uniform,20851542,True,True,,1,0.09415944397915155,0.009651716,0.09415944397915155,0.09579523501452059
59,distant_c0.7_from0.8,2,cartesian_ik,20851542,True,True,,1,0.09574859298299998,0.045084026,0.09574859298299998,0.11610046902205795
59,distant_c0.7_from0.8,3,cartesian_ik,20851643,True,True,,1,0.26389440591447055,0.059565102,0.26389440591447055,0.2848158070119098
59,distant_c0.7_from0.8,3,ompl_uniform,20851643,True,True,,1,0.12602471292484552,0.010008656,0.12602471292484552,0.12768576492089778
59,distant_c0.7_from0.8,3,joint_projected,20851643,True,True,,1,0.22447275801096112,0.180823835,0.22447275801096112,0.24514271900989115
59,distant_c0.7_from0.8,4,ompl_uniform,20851744,True,True,,1,0.12494094599969685,0.019004457,0.12494094599969685,0.12672437296714634
59,distant_c0.7_from0.8,4,joint_projected,20851744,True,True,,1,0.22747924993745983,0.185912465,0.22747924993745983,0.24768614897038788
59,distant_c0.7_from0.8,4,cartesian_ik,20851744,True,True,,1,0.047934581991285086,0.019159828,0.047934581991285086,0.06808964197989553
53,distant_c0.7_from0.8,0,ompl_uniform,20791298,True,True,,1,0.1611779750091955,0.010891335,0.1611779750091955,0.16246730100829154
53,distant_c0.7_from0.8,0,joint_projected,20791298,True,True,,1,0.039655814063735306,0.028583025,0.039655814063735306,0.06037108204327524
53,distant_c0.7_from0.8,0,cartesian_ik,20791298,True,True,,1,0.09597681893501431,0.024746377,0.09597681893501431,0.1163202760508284
53,distant_c0.7_from0.8,1,joint_projected,20791399,True,True,,1,0.17891542194411159,0.022891971,0.17891542194411159,0.19947703904472291
53,distant_c0.7_from0.8,1,ompl_uniform,20791399,True,True,,1,0.19173827907070518,0.007050316,0.19173827907070518,0.19359353103209287
53,distant_c0.7_from0.8,1,cartesian_ik,20791399,True,True,,1,0.05712177394889295,0.006527533,0.05712177394889295,0.07776931510306895
53,distant_c0.7_from0.8,2,joint_projected,20791500,True,True,,1,0.06320504890754819,0.027618287,0.06320504890754819,0.08337912708520889
53,distant_c0.7_from0.8,2,ompl_uniform,20791500,True,True,,1,0.09019147988874465,0.020308333,0.09019147988874465,0.09213930403348058
53,distant_c0.7_from0.8,2,cartesian_ik,20791500,True,True,,1,0.18137427000328898,0.030276664,0.18137427000328898,0.20238566701300442
53,distant_c0.7_from0.8,3,cartesian_ik,20791601,True,True,,1,0.062015537987463176,0.015961416,0.062015537987463176,0.08232726308051497
53,distant_c0.7_from0.8,3,joint_projected,20791601,True,True,,1,0.08661636000033468,0.031152929,0.08661636000033468,0.10742592404130846
53,distant_c0.7_from0.8,3,ompl_uniform,20791601,True,True,,1,0.1829209829447791,0.009843731,0.1829209829447791,0.1843288770178333
53,distant_c0.7_from0.8,4,ompl_uniform,20791702,True,True,,1,0.161910095019266,0.012073803,0.161910095019266,0.16369537299033254
53,distant_c0.7_from0.8,4,cartesian_ik,20791702,True,True,,1,0.0825313429813832,0.020678316,0.0825313429813832,0.10312844498548657
53,distant_c0.7_from0.8,4,joint_projected,20791702,True,True,,1,0.06325067300349474,0.013663927,0.06325067300349474,0.08384982810821384
26,offset_c0.5_from0.2,0,ompl_uniform,20521109,True,True,,1,0.1427122378954664,0.008247885,0.1427122378954664,0.1439228099770844
26,offset_c0.5_from0.2,0,cartesian_ik,20521109,True,True,,1,0.13957582006696612,0.023850059,0.13957582006696612,0.1613541740225628
26,offset_c0.5_from0.2,0,joint_projected,20521109,True,True,,1,0.22951701399870217,0.029151148,0.22951701399870217,0.2514248109655455
26,offset_c0.5_from0.2,1,ompl_uniform,20521210,True,True,,1,0.09148293000180274,0.012044729,0.09148293000180274,0.09301750303711742
26,offset_c0.5_from0.2,1,joint_projected,20521210,True,True,,1,0.06482751399744302,0.021865343,0.06482751399744302,0.08658367895986885
26,offset_c0.5_from0.2,1,cartesian_ik,20521210,True,True,,1,0.09419563203118742,0.007271762,0.09419563203118742,0.11597531801089644
26,offset_c0.5_from0.2,2,ompl_uniform,20521311,True,True,,1,0.273433446069248,0.034178824,0.273433446069248,0.2751354620559141
26,offset_c0.5_from0.2,2,joint_projected,20521311,True,True,,1,0.11162593401968479,0.021027466,0.11162593401968479,0.1334542710101232
26,offset_c0.5_from0.2,2,cartesian_ik,20521311,True,True,,1,0.18471843597944826,0.012907727,0.18471843597944826,0.2063336189603433
26,offset_c0.5_from0.2,3,cartesian_ik,20521412,True,True,,1,0.07689943199511617,0.015791586,0.07689943199511617,0.09795135899912566
26,offset_c0.5_from0.2,3,joint_projected,20521412,True,True,,1,0.21258685807697475,0.027187688,0.21258685807697475,0.2343717480544001
26,offset_c0.5_from0.2,3,ompl_uniform,20521412,True,True,,1,0.18136400694493204,0.008378536,0.18136400694493204,0.18314804299734533
26,offset_c0.5_from0.2,4,joint_projected,20521513,True,True,,1,0.10462381702382118,0.024483363,0.10462381702382118,0.12680623994674534
26,offset_c0.5_from0.2,4,cartesian_ik,20521513,True,True,,1,0.0673000009264797,0.008119218,0.0673000009264797,0.08880241692531854
26,offset_c0.5_from0.2,4,ompl_uniform,20521513,True,True,,1,0.17111485498026013,0.011006271,0.17111485498026013,0.1728109649848193
13,central_c0.7_from0.8,0,cartesian_ik,20391018,True,True,,1,0.13344121095724404,0.025398174,0.13344121095724404,0.1542050481075421
13,central_c0.7_from0.8,0,ompl_uniform,20391018,True,True,,1,0.222742083016783,0.012597988,0.222742083016783,0.22431816800963134
13,central_c0.7_from0.8,0,joint_projected,20391018,True,True,,1,0.06308469199575484,0.022535461,0.06308469199575484,0.08468196203466505
13,central_c0.7_from0.8,1,joint_projected,20391119,True,True,,1,0.16493154107593,0.01615812,0.16493154107593,0.1861847440013662
13,central_c0.7_from0.8,1,ompl_uniform,20391119,True,True,,1,0.11702231992967427,0.022121735,0.11702231992967427,0.11853870190680027
13,central_c0.7_from0.8,1,cartesian_ik,20391119,True,True,,1,0.07750528398901224,0.006565286,0.07750528398901224,0.09894691407680511
13,central_c0.7_from0.8,2,joint_projected,20391220,True,True,,1,0.06956787104718387,0.015827003,0.06956787104718387,0.09104375296737999
13,central_c0.7_from0.8,2,ompl_uniform,20391220,True,True,,1,0.1085195440100506,0.020334809,0.1085195440100506,0.11016204801853746
13,central_c0.7_from0.8,2,cartesian_ik,20391220,True,True,,1,0.07081352500244975,0.025442745,0.07081352500244975,0.09167923603672534
13,central_c0.7_from0.8,3,cartesian_ik,20391321,True,True,,1,0.13826888799667358,0.019263035,0.13826888799667358,0.1596113700652495
13,central_c0.7_from0.8,3,ompl_uniform,20391321,True,True,,1,0.16499356203712523,0.007744719,0.16499356203712523,0.1667263520648703
13,central_c0.7_from0.8,3,joint_projected,20391321,True,True,,1,0.09262489597313106,0.01274893,0.09262489597313106,0.11417688394431025
13,central_c0.7_from0.8,4,ompl_uniform,20391422,True,True,,1,0.13599282305222005,0.010522907,0.13599282305222005,0.13776202499866486
13,central_c0.7_from0.8,4,joint_projected,20391422,True,True,,1,0.06372060091234744,0.022208697,0.06372060091234744,0.0850882160011679
13,central_c0.7_from0.8,4,cartesian_ik,20391422,True,True,,1,0.12601255893241614,0.012490262,0.12601255893241614,0.14748763700481504
43,distant_c0.5_from0.2,0,joint_projected,20691228,True,True,,1,0.02610028104390949,0.015505852,0.02610028104390949,0.04595654795411974
43,distant_c0.5_from0.2,0,ompl_uniform,20691228,True,True,,1,0.18595235201064497,0.012457345,0.18595235201064497,0.1873880079947412
43,distant_c0.5_from0.2,0,cartesian_ik,20691228,True,True,,1,0.0623133439803496,0.015542581,0.0623133439803496,0.08225079195108265
43,distant_c0.5_from0.2,1,joint_projected,20691329,True,True,,1,0.15721476392354816,0.014729391,0.15721476392354816,0.17789577192161232
43,distant_c0.5_from0.2,1,ompl_uniform,20691329,True,True,,1,0.13863526296336204,0.019200756,0.13863526296336204,0.14011989801656455
43,distant_c0.5_from0.2,1,cartesian_ik,20691329,True,True,,1,0.13879970996640623,0.032837756,0.13879970996640623,0.15945466596167535
43,distant_c0.5_from0.2,2,ompl_uniform,20691430,True,True,,1,0.173379622050561,0.019397528,0.173379622050561,0.17523019609507173
43,distant_c0.5_from0.2,2,cartesian_ik,20691430,True,True,,1,0.04162133997306228,0.029730693,0.04162133997306228,0.06233874103054404
43,distant_c0.5_from0.2,2,joint_projected,20691430,True,True,,1,0.04117559897713363,0.028143507,0.04117559897713363,0.061402975930832326
43,distant_c0.5_from0.2,3,joint_projected,20691531,True,True,,1,0.12580518797039986,0.020340776,0.12580518797039986,0.14602623297832906
43,distant_c0.5_from0.2,3,cartesian_ik,20691531,True,True,,1,0.15289392101112753,0.015160201,0.15289392101112753,0.17338616901542991
43,distant_c0.5_from0.2,3,ompl_uniform,20691531,True,True,,1,0.09698296303395182,0.01326537,0.09698296303395182,0.09831691405270249
43,distant_c0.5_from0.2,4,joint_projected,20691632,True,True,,1,0.1363392180064693,0.025056163,0.1363392180064693,0.1569776979740709
43,distant_c0.5_from0.2,4,cartesian_ik,20691632,True,True,,1,0.044861801085062325,0.008803343,0.044861801085062325,0.06528147496283054
43,distant_c0.5_from0.2,4,ompl_uniform,20691632,True,True,,1,0.13481795601546764,0.021041621,0.13481795601546764,0.13653204101137817
49,distant_c0.5_from0.2,0,ompl_uniform,20751270,True,True,,1,0.12458932399749756,0.007819749,0.12458932399749756,0.12606791604775935
49,distant_c0.5_from0.2,0,joint_projected,20751270,True,True,,1,0.07790011505130678,0.022459446,0.07790011505130678,0.09799108700826764
49,distant_c0.5_from0.2,0,cartesian_ik,20751270,True,True,,1,0.09610143303871155,0.009300035,0.09610143303871155,0.11652114393655211
49,distant_c0.5_from0.2,1,cartesian_ik,20751371,True,True,,1,0.1175163360312581,0.017862234,0.1175163360312581,0.1374900109367445
49,distant_c0.5_from0.2,1,joint_projected,20751371,True,True,,1,0.015579535043798387,0.005179503,0.015579535043798387,0.03544563485775143
49,distant_c0.5_from0.2,1,ompl_uniform,20751371,True,True,,1,0.13365531002637,0.003374773,0.13365531002637,0.13527472503483295
49,distant_c0.5_from0.2,2,joint_projected,20751472,True,True,,1,0.0779551489977166,0.019755312,0.0779551489977166,0.09879574889782816
49,distant_c0.5_from0.2,2,ompl_uniform,20751472,True,True,,1,0.13356132805347443,0.009253977,0.13356132805347443,0.13523541297763586
49,distant_c0.5_from0.2,2,cartesian_ik,20751472,True,True,,1,0.10299806704279035,0.01265139,0.10299806704279035,0.12300724198576063
49,distant_c0.5_from0.2,3,joint_projected,20751573,True,True,,1,0.04796122503466904,0.014928399,0.04796122503466904,0.06822145893238485
49,distant_c0.5_from0.2,3,ompl_uniform,20751573,True,True,,1,0.13134308601729572,0.010873241,0.13134308601729572,0.1329515699762851
49,distant_c0.5_from0.2,3,cartesian_ik,20751573,True,True,,1,0.11504619696643203,0.03332043,0.11504619696643203,0.13520395196974277
49,distant_c0.5_from0.2,4,ompl_uniform,20751674,True,True,,1,0.1400047290371731,0.021020415,0.1400047290371731,0.14172464900184423
49,distant_c0.5_from0.2,4,joint_projected,20751674,True,True,,1,0.1148590330267325,0.020674944,0.1148590330267325,0.13562374783214182
49,distant_c0.5_from0.2,4,cartesian_ik,20751674,True,True,,1,0.09104901307728142,0.024264871,0.09104901307728142,0.11155456595588475
3,central_c0.5_from0.2,0,ompl_uniform,20290948,True,True,,1,0.16110496898181736,0.009973159,0.16110496898181736,0.16208725806791335
3,central_c0.5_from0.2,0,joint_projected,20290948,True,True,,1,0.17880919203162193,0.014693023,0.17880919203162193,0.20210359897464514
3,central_c0.5_from0.2,0,cartesian_ik,20290948,True,True,,1,0.0483881130348891,0.0065039,0.0483881130348891,0.07164472399745136
3,central_c0.5_from0.2,1,joint_projected,20291049,True,True,,1,0.06530865200329572,0.019480374,0.06530865200329572,0.088096595951356
3,central_c0.5_from0.2,1,cartesian_ik,20291049,True,True,,1,0.1403189490083605,0.020408223,0.1403189490083605,0.16371480794623494
3,central_c0.5_from0.2,1,ompl_uniform,20291049,True,True,,1,0.14558794698677957,0.037945262,0.14558794698677957,0.14724256994668394
3,central_c0.5_from0.2,2,cartesian_ik,20291150,True,True,,1,0.1215713630663231,0.016226651,0.1215713630663231,0.1451385619584471
3,central_c0.5_from0.2,2,ompl_uniform,20291150,True,True,,1,0.14920375891961157,0.008427634,0.14920375891961157,0.15094608603976667
3,central_c0.5_from0.2,2,joint_projected,20291150,True,True,,1,0.1294529160950333,0.02798839,0.1294529160950333,0.15290363493841141
3,central_c0.5_from0.2,3,cartesian_ik,20291251,True,True,,1,0.1257847510278225,0.012146788,0.1257847510278225,0.14923230395652354
3,central_c0.5_from0.2,3,ompl_uniform,20291251,True,True,,1,0.16565484507009387,0.01200372,0.16565484507009387,0.16735969996079803
3,central_c0.5_from0.2,3,joint_projected,20291251,True,True,,1,0.07925482501741499,0.024867476,0.07925482501741499,0.10251597594469786
3,central_c0.5_from0.2,4,ompl_uniform,20291352,True,True,,1,0.11763122107367963,0.024549091,0.11763122107367963,0.1192758190445602
3,central_c0.5_from0.2,4,cartesian_ik,20291352,True,True,,1,0.06909845897462219,0.008964357,0.06909845897462219,0.0924336159368977
3,central_c0.5_from0.2,4,joint_projected,20291352,True,True,,1,0.12235177797265351,0.030458385,0.12235177797265351,0.14524461387190968
32,offset_c0.7_from0.8,0,joint_projected,20581151,True,True,,1,0.33410411491058767,0.186736511,0.33410411491058767,0.3545907241059467
32,offset_c0.7_from0.8,0,ompl_uniform,20581151,True,True,,1,0.18610908999107778,0.038293352,0.18610908999107778,0.1879111590096727
32,offset_c0.7_from0.8,0,cartesian_ik,20581151,True,True,,1,0.2113443010021001,0.07743946,0.2113443010021001,0.2327552520437166
32,offset_c0.7_from0.8,1,joint_projected,20581252,True,True,,1,0.37185389699880034,0.211481054,0.37185389699880034,0.393309110077098
32,offset_c0.7_from0.8,1,cartesian_ik,20581252,True,True,,1,0.25361621903721243,0.126888554,0.25361621903721243,0.2747524899896234
32,offset_c0.7_from0.8,1,ompl_uniform,20581252,True,True,,1,0.2135391819756478,0.039985846,0.2135391819756478,0.21510654699523002
32,offset_c0.7_from0.8,2,cartesian_ik,20581353,True,True,,1,0.6070042920764536,0.301450526,0.6070042920764536,0.6281817960552871
32,offset_c0.7_from0.8,2,ompl_uniform,20581353,True,True,,1,0.3531591830542311,0.027505115,0.3531591830542311,0.355189424008131
32,offset_c0.7_from0.8,2,joint_projected,20581353,True,True,,1,0.28295300097670406,0.178177134,0.28295300097670406,0.30388699111063033
32,offset_c0.7_from0.8,3,cartesian_ik,20581454,True,True,,1,0.25897759897634387,0.125320551,0.25897759897634387,0.27996002312283963
32,offset_c0.7_from0.8,3,joint_projected,20581454,True,True,,1,0.2782126449747011,0.191886042,0.2782126449747011,0.2994932410074398
32,offset_c0.7_from0.8,3,ompl_uniform,20581454,True,True,,1,0.27052856993395835,0.022892534,0.27052856993395835,0.2724887889344245
32,offset_c0.7_from0.8,4,cartesian_ik,20581555,True,True,,1,0.21383954701013863,0.10557331,0.21383954701013863,0.23509830003604293
32,offset_c0.7_from0.8,4,joint_projected,20581555,True,True,,1,0.4620666539995,0.218733701,0.4620666539995,0.4835735420929268
32,offset_c0.7_from0.8,4,ompl_uniform,20581555,True,True,,1,0.4790535499341786,0.051401462,0.4790535499341786,0.4812578399432823
23,offset_c0.5_from0.2,0,ompl_uniform,20491088,True,True,,1,0.09951230010483414,0.029458549,0.09951230010483414,0.10089688701555133
23,offset_c0.5_from0.2,0,joint_projected,20491088,True,True,,1,0.0848552460083738,0.026599887,0.0848552460083738,0.10668482608161867
23,offset_c0.5_from0.2,0,cartesian_ik,20491088,True,True,,1,0.08922630199231207,0.033437963,0.08922630199231207,0.11066066799685359
23,offset_c0.5_from0.2,1,cartesian_ik,20491189,True,True,,1,0.19910516194067895,0.01340696,0.19910516194067895,0.22067980596330017
23,offset_c0.5_from0.2,1,ompl_uniform,20491189,True,True,,1,0.10639196203555912,0.008373476,0.10639196203555912,0.10818788292817771
23,offset_c0.5_from0.2,1,joint_projected,20491189,True,True,,1,0.1278110999846831,0.032431097,0.1278110999846831,0.1494361930526793
23,offset_c0.5_from0.2,2,ompl_uniform,20491290,True,True,,1,0.16902677295729518,0.019593263,0.16902677295729518,0.1705798429902643
23,offset_c0.5_from0.2,2,cartesian_ik,20491290,True,True,,1,0.11987377994228154,0.037719241,0.11987377994228154,0.14171674905810505
23,offset_c0.5_from0.2,2,joint_projected,20491290,True,True,,1,0.04243597702588886,0.019667684,0.04243597702588886,0.06387976300902665
23,offset_c0.5_from0.2,3,ompl_uniform,20491391,True,True,,1,0.15707143198233098,0.015452254,0.15707143198233098,0.15899643301963806
23,offset_c0.5_from0.2,3,cartesian_ik,20491391,True,True,,1,0.1557821409078315,0.049485913,0.1557821409078315,0.1777675140183419
23,offset_c0.5_from0.2,3,joint_projected,20491391,True,True,,1,0.08082939102314413,0.023401026,0.08082939102314413,0.10255775600671768
23,offset_c0.5_from0.2,4,cartesian_ik,20491492,True,True,,1,0.11625341197941452,0.013841835,0.11625341197941452,0.13812138105276972
23,offset_c0.5_from0.2,4,ompl_uniform,20491492,True,True,,1,0.12926634505856782,0.013239057,0.12926634505856782,0.13100183894857764
23,offset_c0.5_from0.2,4,joint_projected,20491492,True,True,,1,0.12122583400923759,0.020130115,0.12122583400923759,0.14272575301583856
33,offset_c0.7_from0.8,0,ompl_uniform,20591158,True,True,,1,0.1617656119633466,0.01149679,0.1617656119633466,0.16289218596648425
33,offset_c0.7_from0.8,0,joint_projected,20591158,True,True,,1,0.08925963402725756,0.027375717,0.08925963402725756,0.110583116998896
33,offset_c0.7_from0.8,0,cartesian_ik,20591158,True,True,,1,0.09379645599983633,0.028520918,0.09379645599983633,0.11514107300899923
33,offset_c0.7_from0.8,1,ompl_uniform,20591259,True,True,,1,0.16149718896485865,0.011767606,0.16149718896485865,0.1633703140541911
33,offset_c0.7_from0.8,1,cartesian_ik,20591259,True,True,,1,0.13396116101648659,0.01811494,0.13396116101648659,0.15494618203956634
33,offset_c0.7_from0.8,1,joint_projected,20591259,True,True,,1,0.12236983503680676,0.025830466,0.12236983503680676,0.14345190301537514
33,offset_c0.7_from0.8,2,ompl_uniform,20591360,True,True,,1,0.16989255300723016,0.007007547,0.16989255300723016,0.1716465859208256
33,offset_c0.7_from0.8,2,joint_projected,20591360,True,True,,1,0.11980334401596338,0.015987621,0.11980334401596338,0.14108941110316664
33,offset_c0.7_from0.8,2,cartesian_ik,20591360,True,True,,1,0.06791159906424582,0.020836605,0.06791159906424582,0.08896691410336643
33,offset_c0.7_from0.8,3,cartesian_ik,20591461,True,True,,1,0.19974948198068887,0.052156245,0.19974948198068887,0.22102410008665174
33,offset_c0.7_from0.8,3,ompl_uniform,20591461,True,True,,1,0.23054678295738995,0.021569231,0.23054678295738995,0.2323000740725547
33,offset_c0.7_from0.8,3,joint_projected,20591461,True,True,,1,0.0632347830105573,0.016527239,0.0632347830105573,0.08469113009050488
33,offset_c0.7_from0.8,4,cartesian_ik,20591562,True,True,,1,0.0690445409854874,0.026485393,0.0690445409854874,0.09036671405192465
33,offset_c0.7_from0.8,4,joint_projected,20591562,True,True,,1,0.09277657303027809,0.019402291,0.09277657303027809,0.11362763808574528
33,offset_c0.7_from0.8,4,ompl_uniform,20591562,True,True,,1,0.19740703701972961,0.011642807,0.19740703701972961,0.19942770898342133
51,distant_c0.7_from0.8,0,cartesian_ik,20771284,True,True,,1,0.12491510389372706,0.034023467,0.12491510389372706,0.1458056609844789
51,distant_c0.7_from0.8,0,ompl_uniform,20771284,True,True,,1,0.09654758404940367,0.022436343,0.09654758404940367,0.09827184106688946
51,distant_c0.7_from0.8,0,joint_projected,20771284,True,True,,1,0.15872075292281806,0.015895502,0.15872075292281806,0.1794725670479238
51,distant_c0.7_from0.8,1,ompl_uniform,20771385,True,True,,1,0.17447788489516824,0.040558294,0.17447788489516824,0.1764261380303651
51,distant_c0.7_from0.8,1,joint_projected,20771385,True,True,,1,0.09322395198978484,0.021695989,0.09322395198978484,0.11401860392652452
51,distant_c0.7_from0.8,1,cartesian_ik,20771385,True,True,,1,0.08553812804166228,0.019124713,0.08553812804166228,0.10606599308084697
51,distant_c0.7_from0.8,2,joint_projected,20771486,True,True,,1,0.025704497005790472,0.015840763,0.025704497005790472,0.04648155299946666
51,distant_c0.7_from0.8,2,cartesian_ik,20771486,True,True,,1,0.15036502305883914,0.036011819,0.15036502305883914,0.17108020500745624
51,distant_c0.7_from0.8,2,ompl_uniform,20771486,True,True,,1,0.09388200496323407,0.025115988,0.09388200496323407,0.09544764703605324
51,distant_c0.7_from0.8,3,ompl_uniform,20771587,True,True,,1,0.20388546807225794,0.040840876,0.20388546807225794,0.20529051695484668
51,distant_c0.7_from0.8,3,cartesian_ik,20771587,True,True,,1,0.17529240099247545,0.018779166,0.17529240099247545,0.19626560900360346
51,distant_c0.7_from0.8,3,joint_projected,20771587,True,True,,1,0.09062888391781598,0.016874083,0.09062888391781598,0.11063413298688829
51,distant_c0.7_from0.8,4,joint_projected,20771688,True,True,,1,0.21139594202395529,0.023001461,0.21139594202395529,0.23195357201620936
51,distant_c0.7_from0.8,4,ompl_uniform,20771688,True,True,,1,0.10832183004822582,0.0250488,0.10832183004822582,0.10998414305504411
51,distant_c0.7_from0.8,4,cartesian_ik,20771688,True,True,,1,0.17714972398243845,0.031139941,0.17714972398243845,0.19839636504184455
44,distant_c0.5_from0.2,0,ompl_uniform,20701235,True,True,,1,0.3408421380445361,0.026310954,0.3408421380445361,0.34249202290084213
44,distant_c0.5_from0.2,0,joint_projected,20701235,True,True,,1,0.08740835497155786,0.011769985,0.08740835497155786,0.10742370004300028
44,distant_c0.5_from0.2,0,cartesian_ik,20701235,True,True,,1,0.10776629496831447,0.015383627,0.10776629496831447,0.12801175808999687
44,distant_c0.5_from0.2,1,ompl_uniform,20701336,True,True,,1,0.14211949100717902,0.015668927,0.14211949100717902,0.14376877702306956
44,distant_c0.5_from0.2,1,joint_projected,20701336,True,True,,1,0.12693851499352604,0.018085856,0.12693851499352604,0.14705999509897083
44,distant_c0.5_from0.2,1,cartesian_ik,20701336,True,True,,1,0.09702435601502657,0.019887661,0.09702435601502657,0.11692059808410704
44,distant_c0.5_from0.2,2,cartesian_ik,20701437,True,True,,1,0.11233323893975466,0.011531508,0.11233323893975466,0.13257222203537822
44,distant_c0.5_from0.2,2,joint_projected,20701437,True,True,,1,0.08116257400251925,0.024087195,0.08116257400251925,0.10139863297808915
44,distant_c0.5_from0.2,2,ompl_uniform,20701437,True,True,,1,0.10238135594408959,0.017335487,0.10238135594408959,0.10404590703547001
44,distant_c0.5_from0.2,3,cartesian_ik,20701538,True,True,,1,0.07544118002988398,0.009540874,0.07544118002988398,0.0959737499943003
44,distant_c0.5_from0.2,3,ompl_uniform,20701538,True,True,,1,0.08350871806032956,0.01871581,0.08350871806032956,0.08494433900341392
44,distant_c0.5_from0.2,3,joint_projected,20701538,True,True,,1,0.22904106799978763,0.025097483,0.22904106799978763,0.24988058698363602
44,distant_c0.5_from0.2,4,ompl_uniform,20701639,True,True,,1,0.18384644109755754,0.010530152,0.18384644109755754,0.18556608608923852
44,distant_c0.5_from0.2,4,cartesian_ik,20701639,True,True,,1,0.18625208700541407,0.007944978,0.18625208700541407,0.20691974204964936
44,distant_c0.5_from0.2,4,joint_projected,20701639,True,True,,1,0.06683521601371467,0.01298361,0.06683521601371467,0.08661173400469124
4,central_c0.5_from0.2,0,joint_projected,20300955,True,True,,1,0.1490420689806342,0.044667582,0.1490420689806342,0.16945804900024086
4,central_c0.5_from0.2,0,cartesian_ik,20300955,True,True,,1,0.11900076793972403,0.010961665,0.11900076793972403,0.13955979398451746
4,central_c0.5_from0.2,0,ompl_uniform,20300955,True,True,,1,0.179880287963897,0.023026811,0.179880287963897,0.18152653402648866
4,central_c0.5_from0.2,1,ompl_uniform,20301056,True,True,,1,0.19575155503116548,0.031489091,0.19575155503116548,0.19760814297478646
4,central_c0.5_from0.2,1,joint_projected,20301056,True,True,,1,0.18643657898064703,0.025911306,0.18643657898064703,0.20769462489988655
4,central_c0.5_from0.2,1,cartesian_ik,20301056,True,True,,1,0.16344080306589603,0.022473229,0.16344080306589603,0.18451567983720452
4,central_c0.5_from0.2,2,cartesian_ik,20301157,True,True,,1,0.1267791501013562,0.021131556,0.1267791501013562,0.14748829288873821
4,central_c0.5_from0.2,2,joint_projected,20301157,True,True,,1,0.15541253599803895,0.015157854,0.15541253599803895,0.17680922499857843
4,central_c0.5_from0.2,2,ompl_uniform,20301157,True,True,,1,0.20495472801849246,0.016502023,0.20495472801849246,0.20666427293326706
4,central_c0.5_from0.2,3,ompl_uniform,20301258,True,True,,1,0.09819342591799796,0.018909273,0.09819342591799796,0.09981179796159267
4,central_c0.5_from0.2,3,cartesian_ik,20301258,True,True,,1,0.2552586169913411,0.031528322,0.2552586169913411,0.27596459398046136
4,central_c0.5_from0.2,3,joint_projected,20301258,True,True,,1,0.19821301102638245,0.018259835,0.19821301102638245,0.21879727498162538
4,central_c0.5_from0.2,4,joint_projected,20301359,True,True,,1,0.20204928203020245,0.030165249,0.20204928203020245,0.22298130788840353
4,central_c0.5_from0.2,4,ompl_uniform,20301359,True,True,,1,0.16935953497886658,0.033641352,0.16935953497886658,0.17113609099760652
4,central_c0.5_from0.2,4,cartesian_ik,20301359,True,True,,1,0.2530093729728833,0.074587997,0.2530093729728833,0.27417262992821634
27,offset_c0.5_from0.2,0,ompl_uniform,20531116,True,True,,1,0.15428059303667396,0.00683564,0.15428059303667396,0.15546313603408635
27,offset_c0.5_from0.2,0,joint_projected,20531116,True,True,,1,0.13066122494637966,0.021460669,0.13066122494637966,0.15207446098793298
27,offset_c0.5_from0.2,0,cartesian_ik,20531116,True,True,,1,0.15304085391107947,0.017143519,0.15304085391107947,0.1739339280175045
27,offset_c0.5_from0.2,1,ompl_uniform,20531217,True,True,,1,0.1374395260354504,0.009475615,0.1374395260354504,0.1392366229556501
27,offset_c0.5_from0.2,1,joint_projected,20531217,True,True,,1,0.0695449139457196,0.016117653,0.0695449139457196,0.0906041810521856
27,offset_c0.5_from0.2,1,cartesian_ik,20531217,True,True,,1,0.16790700296405703,0.008849195,0.16790700296405703,0.18847534409724176
27,offset_c0.5_from0.2,2,ompl_uniform,20531318,True,True,,1,0.08823756198398769,0.004983734,0.08823756198398769,0.09002673102077097
27,offset_c0.5_from0.2,2,joint_projected,20531318,True,True,,1,0.11247554095461965,0.018441107,0.11247554095461965,0.13341546396259218
27,offset_c0.5_from0.2,2,cartesian_ik,20531318,True,True,,1,0.18445954902563244,0.029658975,0.18445954902563244,0.20573994901496917
27,offset_c0.5_from0.2,3,cartesian_ik,20531419,True,True,,1,0.14366047701332718,0.021731491,0.14366047701332718,0.16478738002479076
27,offset_c0.5_from0.2,3,ompl_uniform,20531419,True,True,,1,0.23423913295846432,0.013503301,0.23423913295846432,0.23588071495760232
27,offset_c0.5_from0.2,3,joint_projected,20531419,True,True,,1,0.15104966703802347,0.026035838,0.15104966703802347,0.17233696393668652
27,offset_c0.5_from0.2,4,ompl_uniform,20531520,True,True,,1,0.12671584100462496,0.009885637,0.12671584100462496,0.1282717400463298
27,offset_c0.5_from0.2,4,cartesian_ik,20531520,True,True,,1,0.10082950501237065,0.010027649,0.10082950501237065,0.12236746307462454
27,offset_c0.5_from0.2,4,joint_projected,20531520,True,True,,1,0.08782276301644742,0.020645422,0.08782276301644742,0.10914469312410802
31,offset_c0.7_from0.8,0,cartesian_ik,20571144,True,True,,1,0.31212229502853006,0.02656909,0.31212229502853006,0.33256342506501824
31,offset_c0.7_from0.8,0,joint_projected,20571144,True,True,,1,0.14126838895026594,0.020555264,0.14126838895026594,0.16241651610471308
31,offset_c0.7_from0.8,0,ompl_uniform,20571144,True,True,,1,0.09711439302191138,0.00846409,0.09711439302191138,0.09877269202843308
31,offset_c0.7_from0.8,1,ompl_uniform,20571245,True,True,,1,0.14374390407465398,0.020530677,0.14374390407465398,0.14553909900132567
31,offset_c0.7_from0.8,1,joint_projected,20571245,True,True,,1,0.22836602409370244,0.029905213,0.22836602409370244,0.2497295200591907
31,offset_c0.7_from0.8,1,cartesian_ik,20571245,True,True,,1,0.21620627399533987,0.038682869,0.21620627399533987,0.23714672110509127
31,offset_c0.7_from0.8,2,ompl_uniform,20571346,True,True,,1,0.2685341229662299,0.021584609,0.2685341229662299,0.27033335994929075
31,offset_c0.7_from0.8,2,cartesian_ik,20571346,True,True,,1,0.1872601299546659,0.012274357,0.1872601299546659,0.20805066102184355
31,offset_c0.7_from0.8,2,joint_projected,20571346,True,True,,1,0.03311173804104328,0.014044435,0.03311173804104328,0.053938349010422826
31,offset_c0.7_from0.8,3,ompl_uniform,20571447,True,True,,1,0.13657828606665134,0.016078987,0.13657828606665134,0.1382630339358002
31,offset_c0.7_from0.8,3,cartesian_ik,20571447,True,True,,1,0.14798271597828716,0.013865512,0.14798271597828716,0.1687709460966289
31,offset_c0.7_from0.8,3,joint_projected,20571447,True,True,,1,0.11466341209597886,0.022023931,0.11466341209597886,0.13529000314883888
31,offset_c0.7_from0.8,4,joint_projected,20571548,True,True,,1,0.19228840700816363,0.019692581,0.19228840700816363,0.21287025103811175
31,offset_c0.7_from0.8,4,cartesian_ik,20571548,True,True,,1,0.2951345230685547,0.085089858,0.2951345230685547,0.3160237771226093
31,offset_c0.7_from0.8,4,ompl_uniform,20571548,True,True,,1,0.1785407909192145,0.009247294,0.1785407909192145,0.1796828960068524
8,central_c0.5_from0.2,0,cartesian_ik,20340983,True,True,,1,0.1254309640498832,0.048128733,0.1254309640498832,0.1453327990602702
8,central_c0.5_from0.2,0,joint_projected,20340983,True,True,,1,0.1314633449073881,0.032722525,0.1314633449073881,0.1514372790697962
8,central_c0.5_from0.2,0,ompl_uniform,20340983,True,True,,1,0.1321536460891366,0.007882444,0.1321536460891366,0.13369755703024566
8,central_c0.5_from0.2,1,joint_projected,20341084,True,True,,1,0.18653975101187825,0.01625269,0.18653975101187825,0.20711563515942544
8,central_c0.5_from0.2,1,cartesian_ik,20341084,True,True,,1,0.10923251998610795,0.040561856,0.10923251998610795,0.13044476613868028
8,central_c0.5_from0.2,1,ompl_uniform,20341084,True,True,,1,0.2002764220815152,0.015364806,0.2002764220815152,0.20253065007273108
8,central_c0.5_from0.2,2,ompl_uniform,20341185,True,True,,1,0.1763661609729752,0.017879294,0.1763661609729752,0.17795489996206015
8,central_c0.5_from0.2,2,cartesian_ik,20341185,True,True,,1,0.16358651698101312,0.032386313,0.16358651698101312,0.1844311411259696
8,central_c0.5_from0.2,2,joint_projected,20341185,True,True,,1,0.12697825499344617,0.026832208,0.12697825499344617,0.14778331306297332
8,central_c0.5_from0.2,3,cartesian_ik,20341286,True,True,,1,0.1559193590655923,0.012867027,0.1559193590655923,0.1763501560781151
8,central_c0.5_from0.2,3,ompl_uniform,20341286,True,True,,1,0.18136399099603295,0.018133132,0.18136399099603295,0.18284025602042675
8,central_c0.5_from0.2,3,joint_projected,20341286,True,True,,1,0.09952366503421217,0.012021412,0.09952366503421217,0.12030870409216732
8,central_c0.5_from0.2,4,cartesian_ik,20341387,True,True,,1,0.1818312059622258,0.023107443,0.1818312059622258,0.2028331010369584
8,central_c0.5_from0.2,4,ompl_uniform,20341387,True,True,,1,0.12189922702964395,0.007962759,0.12189922702964395,0.123768859077245
8,central_c0.5_from0.2,4,joint_projected,20341387,True,True,,1,0.3594651509774849,0.040088365,0.3594651509774849,0.3805927140638232
6,central_c0.5_from0.2,0,ompl_uniform,20320969,True,True,,1,0.046936036087572575,0.002614016,0.046936036087572575,0.04825462691951543
6,central_c0.5_from0.2,0,joint_projected,20320969,True,True,,1,0.14051493199076504,0.010201703,0.14051493199076504,0.16192536312155426
6,central_c0.5_from0.2,0,cartesian_ik,20320969,True,True,,1,0.12159448000602424,0.022834487,0.12159448000602424,0.14285277214366943
6,central_c0.5_from0.2,1,joint_projected,20321070,True,True,,1,0.1392426829552278,0.025520431,0.1392426829552278,0.16034171706996858
6,central_c0.5_from0.2,1,cartesian_ik,20321070,True,True,,1,0.22535283700563014,0.038049844,0.22535283700563014,0.2467804050538689
6,central_c0.5_from0.2,1,ompl_uniform,20321070,True,True,,1,0.20751287299208343,0.007984637,0.20751287299208343,0.2092342460528016
6,central_c0.5_from0.2,2,joint_projected,20321171,True,True,,1,0.11565556505229324,0.017300223,0.11565556505229324,0.13660062104463577
6,central_c0.5_from0.2,2,ompl_uniform,20321171,True,True,,1,0.15803991595748812,0.01350282,0.15803991595748812,0.15943503892049193
6,central_c0.5_from0.2,2,cartesian_ik,20321171,True,True,,1,0.20239157893229276,0.02767697,0.20239157893229276,0.22348832513671368
6,central_c0.5_from0.2,3,joint_projected,20321272,True,True,,1,0.036137825110927224,0.00900698,0.036137825110927224,0.0571654710220173
6,central_c0.5_from0.2,3,ompl_uniform,20321272,True,True,,1,0.29325656697619706,0.02080404,0.29325656697619706,0.29516950296238065
6,central_c0.5_from0.2,3,cartesian_ik,20321272,True,True,,1,0.1352621850091964,0.012847939,0.1352621850091964,0.15662531706038862
6,central_c0.5_from0.2,4,ompl_uniform,20321373,True,True,,1,0.15703913499601185,0.011699562,0.15703913499601185,0.15895873110275716
6,central_c0.5_from0.2,4,cartesian_ik,20321373,True,True,,1,0.09863556094933301,0.018388027,0.09863556094933301,0.12017170013859868
6,central_c0.5_from0.2,4,joint_projected,20321373,True,True,,1,0.1536488609854132,0.021198846,0.1536488609854132,0.17525745509192348
40,distant_c0.5_from0.2,0,ompl_uniform,20661207,True,True,,1,0.07930986501742154,0.023118158,0.07930986501742154,0.08103450201451778
40,distant_c0.5_from0.2,0,cartesian_ik,20661207,True,True,,1,0.16594150301534683,0.021219705,0.16594150301534683,0.18666950007900596
40,distant_c0.5_from0.2,0,joint_projected,20661207,True,True,,1,0.11375393893104047,0.024906309,0.11375393893104047,0.13419542904011905
40,distant_c0.5_from0.2,1,joint_projected,20661308,True,True,,1,0.18024665990378708,0.017112612,0.18024665990378708,0.20060303702484816
40,distant_c0.5_from0.2,1,cartesian_ik,20661308,True,True,,1,0.1747425269568339,0.013319452,0.1747425269568339,0.195491872029379
40,distant_c0.5_from0.2,1,ompl_uniform,20661308,True,True,,1,0.13835957401897758,0.009372634,0.13835957401897758,0.1401079159695655
40,distant_c0.5_from0.2,2,ompl_uniform,20661409,True,True,,1,0.2580965659581125,0.011724677,0.2580965659581125,0.2598686220590025
40,distant_c0.5_from0.2,2,joint_projected,20661409,True,True,,1,0.03855980606749654,0.010233208,0.03855980606749654,0.05958990508224815
40,distant_c0.5_from0.2,2,cartesian_ik,20661409,True,True,,1,0.19346773403231055,0.013050226,0.19346773403231055,0.21383898705244064
40,distant_c0.5_from0.2,3,cartesian_ik,20661510,True,True,,1,0.15094619302544743,0.02238445,0.15094619302544743,0.17187302408274263
40,distant_c0.5_from0.2,3,joint_projected,20661510,True,True,,1,0.15221616195049137,0.020970926,0.15221616195049137,0.17219631106127053
40,distant_c0.5_from0.2,3,ompl_uniform,20661510,True,True,,1,0.0700617580441758,0.003352211,0.0700617580441758,0.07168335898313671
40,distant_c0.5_from0.2,4,ompl_uniform,20661611,True,True,,1,0.2036266850773245,0.016843936,0.2036266850773245,0.20535234408453107
40,distant_c0.5_from0.2,4,joint_projected,20661611,True,True,,1,0.08412303507793695,0.02926103,0.08412303507793695,0.10462154599372298
40,distant_c0.5_from0.2,4,cartesian_ik,20661611,True,True,,1,0.1088092039572075,0.033531394,0.1088092039572075,0.12927728204522282
56,distant_c0.7_from0.8,0,joint_projected,20821319,True,True,,1,0.07186994701623917,0.022268761,0.07186994701623917,0.09213976608589292
56,distant_c0.7_from0.8,0,cartesian_ik,20821319,True,True,,1,0.10470723593607545,0.009546254,0.10470723593607545,0.12512703402899206
56,distant_c0.7_from0.8,0,ompl_uniform,20821319,True,True,,1,0.22458377201110125,0.006121362,0.22458377201110125,0.22591297701001167
56,distant_c0.7_from0.8,1,cartesian_ik,20821420,True,True,,1,0.12079697696026415,0.010395934,0.12079697696026415,0.14202475093770772
56,distant_c0.7_from0.8,1,ompl_uniform,20821420,True,True,,1,0.12459303298965096,0.01118994,0.12459303298965096,0.12634649593383074
56,distant_c0.7_from0.8,1,joint_projected,20821420,True,True,,1,0.1719517110614106,0.017162082,0.1719517110614106,0.19281797704752535
56,distant_c0.7_from0.8,2,cartesian_ik,20821521,True,True,,1,0.044464997947216034,0.009414619,0.044464997947216034,0.06468624097760767
56,distant_c0.7_from0.8,2,joint_projected,20821521,True,True,,1,0.1515025490662083,0.016942116,0.1515025490662083,0.17203680600505322
56,distant_c0.7_from0.8,2,ompl_uniform,20821521,True,True,,1,0.21437233604956418,0.015042079,0.21437233604956418,0.21604008693248034
56,distant_c0.7_from0.8,3,ompl_uniform,20821622,True,True,,1,0.13223041594028473,0.01120052,0.13223041594028473,0.1336703640408814
56,distant_c0.7_from0.8,3,cartesian_ik,20821622,True,True,,1,0.1585989570012316,0.010590567,0.1585989570012316,0.17933436401654035
56,distant_c0.7_from0.8,3,joint_projected,20821622,True,True,,1,0.10106013901531696,0.021376435,0.10106013901531696,0.121956154005602
56,distant_c0.7_from0.8,4,cartesian_ik,20821723,True,True,,1,0.14325961307622492,0.025175315,0.14325961307622492,0.16422099992632866
56,distant_c0.7_from0.8,4,ompl_uniform,20821723,True,True,,1,0.13581010699272156,0.014160778,0.13581010699272156,0.13758032396435738
56,distant_c0.7_from0.8,4,joint_projected,20821723,True,True,,1,0.1355055399471894,0.033123051,0.1355055399471894,0.15666289802175015
37,offset_c0.7_from0.8,0,ompl_uniform,20631186,True,True,,1,0.09510222391691059,0.020207422,0.09510222391691059,0.09646313893608749
37,offset_c0.7_from0.8,0,cartesian_ik,20631186,True,True,,1,0.11297997389920056,0.012274183,0.11297997389920056,0.13362244004383683
37,offset_c0.7_from0.8,0,joint_projected,20631186,True,True,,1,0.17447994695976377,0.043155941,0.17447994695976377,0.19549660000484437
37,offset_c0.7_from0.8,1,ompl_uniform,20631287,True,True,,1,0.09792366100009531,0.010844026,0.09792366100009531,0.09986189205665141
37,offset_c0.7_from0.8,1,cartesian_ik,20631287,True,True,,1,0.18284053297247738,0.024750069,0.18284053297247738,0.20372901507653296
37,offset_c0.7_from0.8,1,joint_projected,20631287,True,True,,1,0.08181688201148063,0.021186129,0.08181688201148063,0.10259731113910675
37,offset_c0.7_from0.8,2,joint_projected,20631388,True,True,,1,0.035607947036623955,0.014422774,0.035607947036623955,0.05613072996493429
37,offset_c0.7_from0.8,2,ompl_uniform,20631388,True,True,,1,0.145319392089732,0.007902187,0.145319392089732,0.14678663609083742
37,offset_c0.7_from0.8,2,cartesian_ik,20631388,True,True,,1,0.19447271502576768,0.011356802,0.19447271502576768,0.21503565704915673
37,offset_c0.7_from0.8,3,joint_projected,20631489,True,True,,1,0.19491810398176312,0.022448669,0.19491810398176312,0.21606068301480263
37,offset_c0.7_from0.8,3,cartesian_ik,20631489,True,True,,1,0.13543858006596565,0.010547794,0.13543858006596565,0.15559993498027325
37,offset_c0.7_from0.8,3,ompl_uniform,20631489,True,True,,1,0.09945742797572166,0.011257027,0.09945742797572166,0.10129949694965035
37,offset_c0.7_from0.8,4,ompl_uniform,20631590,True,True,,1,0.16774032195098698,0.010737154,0.16774032195098698,0.16980460099875927
37,offset_c0.7_from0.8,4,cartesian_ik,20631590,True,True,,1,0.1741590079618618,0.025325041,0.1741590079618618,0.19553044205531478
37,offset_c0.7_from0.8,4,joint_projected,20631590,True,True,,1,0.04715927003417164,0.015420024,0.04715927003417164,0.06767213810235262
21,offset_c0.5_from0.2,0,joint_projected,20471074,True,True,,1,0.12240681098774076,0.040224504,0.12240681098774076,0.14316456706728786
21,offset_c0.5_from0.2,0,ompl_uniform,20471074,True,True,,1,0.1465747009497136,0.026641282,0.1465747009497136,0.14806622208561748
21,offset_c0.5_from0.2,0,cartesian_ik,20471074,True,True,,1,0.15275787899736315,0.030399282,0.15275787899736315,0.17419109505135566
21,offset_c0.5_from0.2,1,cartesian_ik,20471175,True,True,,1,0.15865988295990974,0.017908584,0.15865988295990974,0.1794304100330919
21,offset_c0.5_from0.2,1,ompl_uniform,20471175,True,True,,1,0.14887397806160152,0.011358681,0.14887397806160152,0.15065785602200776
21,offset_c0.5_from0.2,1,joint_projected,20471175,True,True,,1,0.06820040300954133,0.01310342,0.06820040300954133,0.08919512503780425
21,offset_c0.5_from0.2,2,ompl_uniform,20471276,True,True,,1,0.13305181602481753,0.016287177,0.13305181602481753,0.13432625494897366
21,offset_c0.5_from0.2,2,cartesian_ik,20471276,True,True,,1,0.16212380502838641,0.037254768,0.16212380502838641,0.18377975898329169
21,offset_c0.5_from0.2,2,joint_projected,20471276,True,True,,1,0.08356766996439546,0.016295667,0.08356766996439546,0.10459286510013044
21,offset_c0.5_from0.2,3,cartesian_ik,20471377,True,True,,1,0.10391675308346748,0.043557287,0.10391675308346748,0.12533717008773237
21,offset_c0.5_from0.2,3,joint_projected,20471377,True,True,,1,0.10668429208453745,0.026529463,0.10668429208453745,0.12782252405304462
21,offset_c0.5_from0.2,3,ompl_uniform,20471377,True,True,,1,0.185683129937388,0.009305345,0.185683129937388,0.18740324897225946
21,offset_c0.5_from0.2,4,cartesian_ik,20471478,True,True,,1,0.15724784298799932,0.012025945,0.15724784298799932,0.1788016241043806
21,offset_c0.5_from0.2,4,ompl_uniform,20471478,True,True,,1,0.1298900170950219,0.010689394,0.1298900170950219,0.13162898598238826
21,offset_c0.5_from0.2,4,joint_projected,20471478,True,True,,1,0.12382807896938175,0.018052614,0.12382807896938175,0.14517178002279252
10,central_c0.7_from0.8,0,ompl_uniform,20360997,True,True,,1,0.07498720299918205,0.010392838,0.07498720299918205,0.07681219803635031
10,central_c0.7_from0.8,0,cartesian_ik,20360997,False,False,start_invalid_in_corridor,,0.0,0.0,6.0,0.020033449050970376
10,central_c0.7_from0.8,0,joint_projected,20360997,False,False,start_invalid_in_corridor,,0.0,0.0,6.0,0.019345159060321748
10,central_c0.7_from0.8,1,cartesian_ik,20361098,False,False,start_invalid_in_corridor,,0.0,0.0,6.0,0.01946665800642222
10,central_c0.7_from0.8,1,joint_projected,20361098,False,False,start_invalid_in_corridor,,0.0,0.0,6.0,0.01912578009068966
10,central_c0.7_from0.8,1,ompl_uniform,20361098,True,True,,1,0.15635989501606673,0.012062096,0.15635989501606673,0.15746093599591404
10,central_c0.7_from0.8,2,joint_projected,20361199,False,False,start_invalid_in_corridor,,0.0,0.0,6.0,0.020075947977602482
10,central_c0.7_from0.8,2,ompl_uniform,20361199,True,True,,1,0.18189713393803686,0.01894954,0.18189713393803686,0.18360987096093595
10,central_c0.7_from0.8,2,cartesian_ik,20361199,False,False,start_invalid_in_corridor,,0.0,0.0,6.0,0.019847594085149467
10,central_c0.7_from0.8,3,ompl_uniform,20361300,True,True,,1,0.14314733096398413,0.009206554,0.14314733096398413,0.14436395303346217
10,central_c0.7_from0.8,3,joint_projected,20361300,False,False,start_invalid_in_corridor,,0.0,0.0,6.0,0.02041373506654054
10,central_c0.7_from0.8,3,cartesian_ik,20361300,False,False,start_invalid_in_corridor,,0.0,0.0,6.0,0.019736455054953694
10,central_c0.7_from0.8,4,joint_projected,20361401,False,False,start_invalid_in_corridor,,0.0,0.0,6.0,0.019300154061056674
10,central_c0.7_from0.8,4,cartesian_ik,20361401,False,False,start_invalid_in_corridor,,0.0,0.0,6.0,0.019182526040822268
10,central_c0.7_from0.8,4,ompl_uniform,20361401,True,True,,1,0.08494054595939815,0.009775973,0.08494054595939815,0.08610468206461519
45,distant_c0.5_from0.2,0,joint_projected,20711242,True,True,,1,0.049437645939178765,0.019674252,0.049437645939178765,0.06977893004659563
45,distant_c0.5_from0.2,0,ompl_uniform,20711242,True,True,,1,0.18748196901287884,0.007842474,0.18748196901287884,0.18930972693488002
45,distant_c0.5_from0.2,0,cartesian_ik,20711242,True,True,,1,0.08032624295447022,0.004883229,0.08032624295447022,0.10092350607737899
45,distant_c0.5_from0.2,1,cartesian_ik,20711343,True,True,,1,0.19929561205208302,0.010213262,0.19929561205208302,0.21998521394561976
45,distant_c0.5_from0.2,1,ompl_uniform,20711343,True,True,,1,0.1124673419399187,0.020396621,0.1124673419399187,0.11419177602510899
45,distant_c0.5_from0.2,1,joint_projected,20711343,True,True,,1,0.07950795895885676,0.013926706,0.07950795895885676,0.10039697401225567
45,distant_c0.5_from0.2,2,joint_projected,20711444,True,True,,1,0.10102330392692238,0.010348956,0.10102330392692238,0.12159167800564319
45,distant_c0.5_from0.2,2,ompl_uniform,20711444,True,True,,1,0.1405680769821629,0.007536612,0.1405680769821629,0.14209082396700978
45,distant_c0.5_from0.2,2,cartesian_ik,20711444,True,True,,1,0.12641701404936612,0.008551083,0.12641701404936612,0.14734303206205368
45,distant_c0.5_from0.2,3,ompl_uniform,20711545,True,True,,1,0.15524249407462776,0.02041144,0.15524249407462776,0.15713460801634938
45,distant_c0.5_from0.2,3,cartesian_ik,20711545,True,True,,1,0.1492012810194865,0.009303136,0.1492012810194865,0.17005198204424232
45,distant_c0.5_from0.2,3,joint_projected,20711545,True,True,,1,0.12420431897044182,0.01393451,0.12420431897044182,0.1451347500551492
45,distant_c0.5_from0.2,4,joint_projected,20711646,True,True,,1,0.11206905508879572,0.016815538,0.11206905508879572,0.1324819599976763
45,distant_c0.5_from0.2,4,cartesian_ik,20711646,True,True,,1,0.033337692031636834,0.00893916,0.033337692031636834,0.05318980501033366
45,distant_c0.5_from0.2,4,ompl_uniform,20711646,True,True,,1,0.1501124519854784,0.024480376,0.1501124519854784,0.15203859203029424
