environment,stratum,repeat,mode,seed,success,planner_success,failure_stage,error_code,action_wall_s,moveit_planning_s,par2_s,end_to_end_wall_s
43,distant_c0.2,0,cartesian_ik,20691227,True,True,,1,0.12814990401966497,0.005359278,0.12814990401966497,0.14816474699182436
43,distant_c0.2,0,joint_projected,20691227,True,True,,1,0.05955942999571562,0.015079234,0.05955942999571562,0.07964022899977863
43,distant_c0.2,0,ompl_uniform,20691227,True,True,,1,0.11169791297288612,0.01300596,0.11169791297288612,0.11323896102840081
43,distant_c0.2,1,cartesian_ik,20691328,True,True,,1,0.13063869095640257,0.01228497,0.13063869095640257,0.15108133101603016
43,distant_c0.2,1,ompl_uniform,20691328,True,True,,1,0.1472692850511521,0.015893845,0.1472692850511521,0.14891974203055725
43,distant_c0.2,1,joint_projected,20691328,True,True,,1,0.08198671700665727,0.01158564,0.08198671700665727,0.10235823196126148
43,distant_c0.2,2,joint_projected,20691429,True,True,,1,0.20385346800321713,0.036037278,0.20385346800321713,0.22409496596083045
43,distant_c0.2,2,ompl_uniform,20691429,True,True,,1,0.13039805996231735,0.01340381,0.13039805996231735,0.13186416699318215
43,distant_c0.2,2,cartesian_ik,20691429,True,True,,1,0.15927374199964106,0.011510685,0.15927374199964106,0.17938582098577172
43,distant_c0.2,3,ompl_uniform,20691530,True,True,,1,0.17947495396947488,0.012618723,0.17947495396947488,0.18118566600605845
43,distant_c0.2,3,cartesian_ik,20691530,True,True,,1,0.039242341998033226,0.005828903,0.039242341998033226,0.05988087394507602
43,distant_c0.2,3,joint_projected,20691530,True,True,,1,0.18362117401557043,0.02641697,0.18362117401557043,0.2041812629904598
43,distant_c0.2,4,ompl_uniform,20691631,True,True,,1,0.14753385004587471,0.014111041,0.14753385004587471,0.1491644579800777
43,distant_c0.2,4,cartesian_ik,20691631,True,True,,1,0.11349717801203951,0.022490172,0.11349717801203951,0.13452405598945916
43,distant_c0.2,4,joint_projected,20691631,True,True,,1,0.09770809602923691,0.018694464,0.09770809602923691,0.11809562897542492
43,distant_c0.2,5,ompl_uniform,20691732,True,True,,1,0.15865609497996047,0.014234632,0.15865609497996047,0.16038455703528598
43,distant_c0.2,5,joint_projected,20691732,True,True,,1,0.11629236803855747,0.011534352,0.11629236803855747,0.13700660393806174
43,distant_c0.2,5,cartesian_ik,20691732,True,True,,1,0.12386078399140388,0.012456769,0.12386078399140388,0.14446012995904312
43,distant_c0.2,6,joint_projected,20691833,True,True,,1,0.09539064898854122,0.019854113,0.09539064898854122,0.1157952609937638
43,distant_c0.2,6,ompl_uniform,20691833,True,True,,1,0.16427836200455204,0.01194279,0.16427836200455204,0.16586051101330668
43,distant_c0.2,6,cartesian_ik,20691833,True,True,,1,0.08876265800790861,0.008547788,0.08876265800790861,0.1099612019606866
43,distant_c0.2,7,cartesian_ik,20691934,True,True,,1,0.06932076800148934,0.018111236,0.06932076800148934,0.08982360799564049
43,distant_c0.2,7,joint_projected,20691934,True,True,,1,0.20077644899720326,0.021785648,0.20077644899720326,0.22188862098846585
43,distant_c0.2,7,ompl_uniform,20691934,True,True,,1,0.11095764301717281,0.008183058,0.11095764301717281,0.112746243015863
43,distant_c0.2,8,joint_projected,20692035,True,True,,1,0.07321134803351015,0.018230111,0.07321134803351015,0.09385377098806202
43,distant_c0.2,8,ompl_uniform,20692035,True,True,,1,0.22804693097714335,0.027504112,0.22804693097714335,0.22970051900483668
43,distant_c0.2,8,cartesian_ik,20692035,True,True,,1,0.10512753704097122,0.027812517,0.10512753704097122,0.12559166102437302
43,distant_c0.2,9,joint_projected,20692136,True,True,,1,0.0650957939797081,0.015118927,0.0650957939797081,0.08562686201184988
43,distant_c0.2,9,cartesian_ik,20692136,True,True,,1,0.18465086299693212,0.034725563,0.18465086299693212,0.20507607696345076
43,distant_c0.2,9,ompl_uniform,20692136,True,True,,1,0.15649734594626352,0.019998562,0.15649734594626352,0.16806743101915345
38,offset_c0.8,0,ompl_uniform,20641192,True,True,,1,0.08151006500702351,0.016692392,0.08151006500702351,0.0834449510439299
38,offset_c0.8,0,cartesian_ik,20641192,True,True,,1,0.0444382430287078,0.021085292,0.0444382430287078,0.06619467900600284
38,offset_c0.8,0,joint_projected,20641192,True,True,,1,0.09159922902472317,0.037169699,0.09159922902472317,0.11301216902211308
38,offset_c0.8,1,joint_projected,20641293,True,True,,1,0.13330304704140872,0.016840298,0.13330304704140872,0.1550332210608758
38,offset_c0.8,1,cartesian_ik,20641293,True,True,,1,0.15752142597921193,0.022201406,0.15752142597921193,0.17934262502240017
38,offset_c0.8,1,ompl_uniform,20641293,True,True,,1,0.09858644398627803,0.017585631,0.09858644398627803,0.1003626569872722
38,offset_c0.8,2,ompl_uniform,20641394,True,True,,1,0.16776426701107994,0.023906019,0.16776426701107994,0.16933245304971933
38,offset_c0.8,2,joint_projected,20641394,True,True,,1,0.0611436259932816,0.028522866,0.0611436259932816,0.08275176398456097
38,offset_c0.8,2,cartesian_ik,20641394,True,True,,1,0.17789051198633388,0.085875261,0.17789051198633388,0.1997259909985587
38,offset_c0.8,3,cartesian_ik,20641495,True,True,,1,0.19830464199185371,0.015578078,0.19830464199185371,0.21967240498634055
38,offset_c0.8,3,joint_projected,20641495,True,True,,1,0.11858085100539029,0.028010624,0.11858085100539029,0.13995453901588917
38,offset_c0.8,3,ompl_uniform,20641495,True,True,,1,0.18751349404919893,0.020156347,0.18751349404919893,0.1889821610529907
38,offset_c0.8,4,joint_projected,20641596,True,True,,1,0.20390594500349835,0.021875699,0.20390594500349835,0.2259469730197452
38,offset_c0.8,4,cartesian_ik,20641596,True,True,,1,0.26030196103965864,0.058165989,0.26030196103965864,0.28209999902173877
38,offset_c0.8,4,ompl_uniform,20641596,True,True,,1,0.1339675760245882,0.016069155,0.1339675760245882,0.13581540301674977
38,offset_c0.8,5,ompl_uniform,20641697,True,True,,1,0.10773447103565559,0.012614416,0.10773447103565559,0.10961132001830265
38,offset_c0.8,5,joint_projected,20641697,True,True,,1,0.21636223298264667,0.026155912,0.21636223298264667,0.23779561498668045
38,offset_c0.8,5,cartesian_ik,20641697,True,True,,1,0.23932248301571235,0.032411076,0.23932248301571235,0.2613613259745762
38,offset_c0.8,6,joint_projected,20641798,True,True,,1,0.18730257102288306,0.026041369,0.18730257102288306,0.20925361901754513
38,offset_c0.8,6,cartesian_ik,20641798,True,True,,1,0.19550284097203985,0.076656774,0.19550284097203985,0.2170554249896668
38,offset_c0.8,6,ompl_uniform,20641798,True,True,,1,0.11785337602486834,0.020549914,0.11785337602486834,0.11952753801597282
38,offset_c0.8,7,joint_projected,20641899,True,True,,1,0.2114601950161159,0.04142933,0.2114601950161159,0.23342490405775607
38,offset_c0.8,7,ompl_uniform,20641899,True,True,,1,0.18356835300801322,0.021332969,0.18356835300801322,0.18539171101292595
38,offset_c0.8,7,cartesian_ik,20641899,True,True,,1,0.1331059709773399,0.019244242,0.1331059709773399,0.1549969760235399
38,offset_c0.8,8,joint_projected,20642000,True,True,,1,0.10085435200016946,0.027453701,0.10085435200016946,0.12272243603365496
38,offset_c0.8,8,ompl_uniform,20642000,True,True,,1,0.1468568539712578,0.014421779,0.1468568539712578,0.14833051897585392
38,offset_c0.8,8,cartesian_ik,20642000,True,True,,1,0.29499702202156186,0.096605025,0.29499702202156186,0.317262668046169
38,offset_c0.8,9,ompl_uniform,20642101,True,True,,1,0.24922103300923482,0.014989223,0.24922103300923482,0.251286244019866
38,offset_c0.8,9,joint_projected,20642101,True,True,,1,0.11976265499833971,0.02547978,0.11976265499833971,0.1418017609976232
38,offset_c0.8,9,cartesian_ik,20642101,True,True,,1,0.14179841801524162,0.041183113,0.14179841801524162,0.16375397704541683
46,distant_c0.2,0,ompl_uniform,20721248,True,True,,1,0.1292368650319986,0.012580809,0.1292368650319986,0.1306468970142305
46,distant_c0.2,0,joint_projected,20721248,True,True,,1,0.10046519798925146,0.027327965,0.10046519798925146,0.12133638700470328
46,distant_c0.2,0,cartesian_ik,20721248,True,True,,1,0.10901120398193598,0.020219943,0.10901120398193598,0.1290395840187557
46,distant_c0.2,1,joint_projected,20721349,True,True,,1,0.0927733929711394,0.037951149,0.0927733929711394,0.11326905299210921
46,distant_c0.2,1,ompl_uniform,20721349,True,True,,1,0.17369568801950663,0.031856906,0.17369568801950663,0.17540798900881782
46,distant_c0.2,1,cartesian_ik,20721349,True,True,,1,0.05762388801667839,0.015913397,0.05762388801667839,0.07799842301756144
46,distant_c0.2,2,joint_projected,20721450,True,True,,1,0.08170485094888136,0.02307935,0.08170485094888136,0.10110880399588495
46,distant_c0.2,2,cartesian_ik,20721450,True,True,,1,0.08834428095724434,0.044163156,0.08834428095724434,0.10871397901792079
46,distant_c0.2,2,ompl_uniform,20721450,True,True,,1,0.11790456104790792,0.009364088,0.11790456104790792,0.11939564399654046
46,distant_c0.2,3,joint_projected,20721551,True,True,,1,0.039421727997250855,0.009577906,0.039421727997250855,0.05928789498284459
46,distant_c0.2,3,ompl_uniform,20721551,True,True,,1,0.19337836001068354,0.011822265,0.19337836001068354,0.19490227196365595
46,distant_c0.2,3,cartesian_ik,20721551,True,True,,1,0.13063465198501945,0.014349767,0.13063465198501945,0.15108764602337033
46,distant_c0.2,4,cartesian_ik,20721652,True,True,,1,0.05485556897474453,0.017489728,0.05485556897474453,0.07520613801898435
46,distant_c0.2,4,joint_projected,20721652,True,True,,1,0.13334789301734418,0.045803563,0.13334789301734418,0.15313926001545042
46,distant_c0.2,4,ompl_uniform,20721652,True,True,,1,0.08337108400883153,0.018163115,0.08337108400883153,0.08512599003734067
46,distant_c0.2,5,ompl_uniform,20721753,True,True,,1,0.12464132299646735,0.015634628,0.12464132299646735,0.12627999298274517
46,distant_c0.2,5,cartesian_ik,20721753,True,True,,1,0.06502998096402735,0.007100038,0.06502998096402735,0.08539679000386968
46,distant_c0.2,5,joint_projected,20721753,True,True,,1,0.08119966898811981,0.017751387,0.08119966898811981,0.10084747400833294
46,distant_c0.2,6,joint_projected,20721854,True,True,,1,0.06487745000049472,0.028104145,0.06487745000049472,0.08477595000294968
46,distant_c0.2,6,cartesian_ik,20721854,True,True,,1,0.11907531903125346,0.018721793,0.11907531903125346,0.1395660990383476
46,distant_c0.2,6,ompl_uniform,20721854,True,True,,1,0.16361087397672236,0.007338528,0.16361087397672236,0.1654589949757792
46,distant_c0.2,7,ompl_uniform,20721955,True,True,,1,0.08555180201074108,0.00965325,0.08555180201074108,0.08731288695707917
46,distant_c0.2,7,joint_projected,20721955,True,True,,1,0.06401737802661955,0.013677252,0.06401737802661955,0.08435309800552204
46,distant_c0.2,7,cartesian_ik,20721955,True,True,,1,0.1951460280106403,0.017142262,0.1951460280106403,0.21533031697617844
46,distant_c0.2,8,cartesian_ik,20722056,True,True,,1,0.06755310297012329,0.02197776,0.06755310297012329,0.08742253301898018
46,distant_c0.2,8,joint_projected,20722056,True,True,,1,0.14569187496090308,0.020587847,0.14569187496090308,0.16629617504077032
46,distant_c0.2,8,ompl_uniform,20722056,True,True,,1,0.1521331939729862,0.016651575,0.1521331939729862,0.15380752203054726
46,distant_c0.2,9,joint_projected,20722157,True,True,,1,0.10785706504248083,0.014840355,0.10785706504248083,0.12861556600546464
46,distant_c0.2,9,ompl_uniform,20722157,True,True,,1,0.10450983897317201,0.008103535,0.10450983897317201,0.10625545599032193
46,distant_c0.2,9,cartesian_ik,20722157,True,True,,1,0.08154581999406219,0.007203126,0.08154581999406219,0.1021969800349325
36,offset_c0.8,0,ompl_uniform,20621178,True,True,,1,0.12555723899276927,0.012568226,0.12555723899276927,0.1271028320188634
36,offset_c0.8,0,joint_projected,20621178,True,True,,1,0.06728760298574343,0.027659059,0.06728760298574343,0.08767915202770382
36,offset_c0.8,0,cartesian_ik,20621178,True,True,,1,0.1432781449984759,0.03056189,0.1432781449984759,0.16331319703022018
36,offset_c0.8,1,cartesian_ik,20621279,True,True,,1,0.08840124303242192,0.00721711,0.08840124303242192,0.10866445204010233
36,offset_c0.8,1,joint_projected,20621279,True,True,,1,0.10707468597684056,0.024602316,0.10707468597684056,0.12721263396088034
36,offset_c0.8,1,ompl_uniform,20621279,True,True,,1,0.16978300601476803,0.013127232,0.16978300601476803,0.1716949269757606
36,offset_c0.8,2,cartesian_ik,20621380,True,True,,1,0.2092625090153888,0.022290289,0.2092625090153888,0.23003309703199193
36,offset_c0.8,2,ompl_uniform,20621380,True,True,,1,0.12056804803432897,0.01118579,0.12056804803432897,0.12233981402823702
36,offset_c0.8,2,joint_projected,20621380,True,True,,1,0.03317460400285199,0.020421742,0.03317460400285199,0.05355099600274116
36,offset_c0.8,3,joint_projected,20621481,True,True,,1,0.10992935299873352,0.025314944,0.10992935299873352,0.13023342099040747
36,offset_c0.8,3,ompl_uniform,20621481,True,True,,1,0.1645820679841563,0.037963372,0.1645820679841563,0.1664500730112195
36,offset_c0.8,3,cartesian_ik,20621481,True,True,,1,0.20323528203880414,0.073436134,0.20323528203880414,0.22377866500755772
36,offset_c0.8,4,ompl_uniform,20621582,True,True,,1,0.16081253299489617,0.022726987,0.16081253299489617,0.1624954550061375
36,offset_c0.8,4,cartesian_ik,20621582,True,True,,1,0.06412697001360357,0.013448969,0.06412697001360357,0.08440714800963178
36,offset_c0.8,4,joint_projected,20621582,True,True,,1,0.07702234399039298,0.021455172,0.07702234399039298,0.09719160303939134
36,offset_c0.8,5,cartesian_ik,20621683,True,True,,1,0.06583158404100686,0.030889318,0.06583158404100686,0.08571444096742198
36,offset_c0.8,5,ompl_uniform,20621683,True,True,,1,0.08989486302016303,0.023743001,0.08989486302016303,0.09144291700795293
36,offset_c0.8,5,joint_projected,20621683,True,True,,1,0.06577762798406184,0.025556951,0.06577762798406184,0.08556647901423275
36,offset_c0.8,6,joint_projected,20621784,True,True,,1,0.044059122970793396,0.018030837,0.044059122970793396,0.06413977599004284
36,offset_c0.8,6,ompl_uniform,20621784,True,True,,1,0.22314037097385153,0.021621752,0.22314037097385153,0.22454399795969948
36,offset_c0.8,6,cartesian_ik,20621784,True,True,,1,0.15999498101882637,0.020186851,0.15999498101882637,0.18010046402923763
36,offset_c0.8,7,cartesian_ik,20621885,True,True,,1,0.19345899298787117,0.05092337,0.19345899298787117,0.21390173700638115
36,offset_c0.8,7,joint_projected,20621885,True,True,,1,0.1195558860199526,0.018146107,0.1195558860199526,0.13904444896616042
36,offset_c0.8,7,ompl_uniform,20621885,True,True,,1,0.16667206899728626,0.014402279,0.16667206899728626,0.16800393303856254
36,offset_c0.8,8,joint_projected,20621986,True,True,,1,0.07746635901276022,0.025259842,0.07746635901276022,0.09775590198114514
36,offset_c0.8,8,ompl_uniform,20621986,True,True,,1,0.16299624100793153,0.012155331,0.16299624100793153,0.1645082919858396
36,offset_c0.8,8,cartesian_ik,20621986,True,True,,1,0.15287878597155213,0.041351217,0.15287878597155213,0.17319665697868913
36,offset_c0.8,9,joint_projected,20622087,True,True,,1,0.08845889900112525,0.015909625,0.08845889900112525,0.10759414097992703
36,offset_c0.8,9,ompl_uniform,20622087,True,True,,1,0.10170749999815598,0.011277876,0.10170749999815598,0.10337779298424721
36,offset_c0.8,9,cartesian_ik,20622087,True,True,,1,0.158802026999183,0.021153728,0.158802026999183,0.1784640199621208
41,distant_c0.2,0,cartesian_ik,20671213,True,True,,1,0.09536670101806521,0.028453585,0.09536670101806521,0.11656006000703201
41,distant_c0.2,0,ompl_uniform,20671213,True,True,,1,0.1438344390480779,0.020195687,0.1438344390480779,0.1450346210040152
41,distant_c0.2,0,joint_projected,20671213,True,True,,1,0.041936742956750095,0.017548654,0.041936742956750095,0.06298479903489351
41,distant_c0.2,1,joint_projected,20671314,True,True,,1,0.12962332600727677,0.021769501,0.12962332600727677,0.15018981602042913
41,distant_c0.2,1,cartesian_ik,20671314,True,True,,1,0.13894282997353002,0.012508025,0.13894282997353002,0.1599737960495986
41,distant_c0.2,1,ompl_uniform,20671314,True,True,,1,0.15892195201013237,0.023750012,0.15892195201013237,0.1607387030380778
41,distant_c0.2,2,cartesian_ik,20671415,True,True,,1,0.1488520929706283,0.036953838,0.1488520929706283,0.16964918200392276
41,distant_c0.2,2,ompl_uniform,20671415,True,True,,1,0.13530115399044007,0.012142401,0.13530115399044007,0.13665526604745537
41,distant_c0.2,2,joint_projected,20671415,True,True,,1,0.08284226595424116,0.01012243,0.08284226595424116,0.10418446798576042
41,distant_c0.2,3,ompl_uniform,20671516,True,True,,1,0.14347280497895554,0.007848065,0.14347280497895554,0.14524021203396842
41,distant_c0.2,3,cartesian_ik,20671516,True,True,,1,0.14705887105083093,0.012047406,0.14705887105083093,0.16797930805478245
41,distant_c0.2,3,joint_projected,20671516,True,True,,1,0.165406926011201,0.017288331,0.165406926011201,0.1863238430232741
41,distant_c0.2,4,ompl_uniform,20671617,True,True,,1,0.13273460901109502,0.0115918,0.13273460901109502,0.1342937860172242
41,distant_c0.2,4,cartesian_ik,20671617,False,True,path_audit,1,0.2345862680231221,0.02879188,6.0,0.25539845699677244
41,distant_c0.2,4,joint_projected,20671617,True,True,,1,0.14792599598877132,0.021802851,0.14792599598877132,0.16853443905711174
41,distant_c0.2,5,ompl_uniform,20671718,True,True,,1,0.3038722809869796,0.030584001,0.3038722809869796,0.3056679750443436
41,distant_c0.2,5,joint_projected,20671718,True,True,,1,0.05499851697823033,0.012697495,0.05499851697823033,0.07598603202495724
41,distant_c0.2,5,cartesian_ik,20671718,True,True,,1,0.09634074097266421,0.008331888,0.09634074097266421,0.11744473001454026
41,distant_c0.2,6,cartesian_ik,20671819,True,True,,1,0.09647302801022306,0.008954431,0.09647302801022306,0.11694945301860571
41,distant_c0.2,6,ompl_uniform,20671819,True,True,,1,0.14166029600892216,0.02866626,0.14166029600892216,0.1432496920460835
41,distant_c0.2,6,joint_projected,20671819,True,True,,1,0.17868040897883475,0.031625873,0.17868040897883475,0.20000691298628226
41,distant_c0.2,7,joint_projected,20671920,True,True,,1,0.11180663399863988,0.022968226,0.11180663399863988,0.13246021402301267
41,distant_c0.2,7,ompl_uniform,20671920,True,True,,1,0.24127560999477282,0.009577316,0.24127560999477282,0.242579442972783
41,distant_c0.2,7,cartesian_ik,20671920,True,True,,1,0.04533427098067477,0.007804008,0.04533427098067477,0.06641632597893476
41,distant_c0.2,8,ompl_uniform,20672021,True,True,,1,0.22509697201894596,0.009776238,0.22509697201894596,0.2264921339810826
41,distant_c0.2,8,cartesian_ik,20672021,True,True,,1,0.1303417090093717,0.014611028,0.1303417090093717,0.15144371701171622
41,distant_c0.2,8,joint_projected,20672021,True,True,,1,0.1274258309858851,0.022205052,0.1274258309858851,0.14846638403832912
41,distant_c0.2,9,joint_projected,20672122,True,True,,1,0.08291701803682372,0.016502567,0.08291701803682372,0.1038826730218716
41,distant_c0.2,9,cartesian_ik,20672122,True,True,,1,0.12106222298461944,0.015294482,0.12106222298461944,0.14158712403150275
41,distant_c0.2,9,ompl_uniform,20672122,True,True,,1,0.12765333702554926,0.01117841,0.12765333702554926,0.12922961497679353
47,distant_c0.2,0,cartesian_ik,20731255,True,True,,1,0.0609918890404515,0.014055609,0.0609918890404515,0.08190388098591939
47,distant_c0.2,0,joint_projected,20731255,True,True,,1,0.10923995700431988,0.022377224,0.10923995700431988,0.12981295201461762
47,distant_c0.2,0,ompl_uniform,20731255,True,True,,1,0.16456907102838159,0.012155193,0.16456907102838159,0.16604646301129833
47,distant_c0.2,1,ompl_uniform,20731356,True,True,,1,0.1592809470021166,0.010344177,0.1592809470021166,0.16084677702747285
47,distant_c0.2,1,cartesian_ik,20731356,True,True,,1,0.045639091986231506,0.031844217,0.045639091986231506,0.06610463099787012
47,distant_c0.2,1,joint_projected,20731356,True,True,,1,0.07322348898742348,0.031694905,0.07322348898742348,0.09317609400022775
47,distant_c0.2,2,cartesian_ik,20731457,True,True,,1,0.16034378000767902,0.008890545,0.16034378000767902,0.18057215597946197
47,distant_c0.2,2,joint_projected,20731457,True,True,,1,0.10064309200970456,0.035313917,0.10064309200970456,0.12074286601273343
47,distant_c0.2,2,ompl_uniform,20731457,True,True,,1,0.184187454986386,0.01273169,0.184187454986386,0.18597708700690418
47,distant_c0.2,3,ompl_uniform,20731558,True,True,,1,0.14121771598001942,0.012997901,0.14121771598001942,0.1431088870158419
47,distant_c0.2,3,joint_projected,20731558,True,True,,1,0.03557339502731338,0.015624553,0.03557339502731338,0.05634726403513923
47,distant_c0.2,3,cartesian_ik,20731558,True,True,,1,0.12497894803527743,0.008391175,0.12497894803527743,0.14538597699720412
47,distant_c0.2,4,cartesian_ik,20731659,True,True,,1,0.16507330600870773,0.030514074,0.16507330600870773,0.18569108104566112
47,distant_c0.2,4,joint_projected,20731659,True,True,,1,0.05018922203453258,0.01907777,0.05018922203453258,0.07048282399773598
47,distant_c0.2,4,ompl_uniform,20731659,True,True,,1,0.07796468900050968,0.018384423,0.07796468900050968,0.07939391396939754
47,distant_c0.2,5,joint_projected,20731760,True,True,,1,0.10737798002082855,0.016660074,0.10737798002082855,0.12817103299312294
47,distant_c0.2,5,cartesian_ik,20731760,True,True,,1,0.06813215103466064,0.016371584,0.06813215103466064,0.08878300903597847
47,distant_c0.2,5,ompl_uniform,20731760,True,True,,1,0.2002805020310916,0.018468822,0.2002805020310916,0.201857479987666
47,distant_c0.2,6,joint_projected,20731861,True,True,,1,0.19533591700019315,0.045662235,0.19533591700019315,0.21623787097632885
47,distant_c0.2,6,cartesian_ik,20731861,True,True,,1,0.19973659404786304,0.018294858,0.19973659404786304,0.22061435400974005
47,distant_c0.2,6,ompl_uniform,20731861,True,True,,1,0.10685790900606662,0.021717882,0.10685790900606662,0.10852479294408113
47,distant_c0.2,7,ompl_uniform,20731962,True,True,,1,0.1633933910052292,0.011022914,0.1633933910052292,0.16479270398849621
47,distant_c0.2,7,joint_projected,20731962,True,True,,1,0.07613787101581693,0.02697309,0.07613787101581693,0.09683688497170806
47,distant_c0.2,7,cartesian_ik,20731962,True,True,,1,0.16620593098923564,0.017454668,0.16620593098923564,0.1868395580095239
47,distant_c0.2,8,joint_projected,20732063,True,True,,1,0.052558534021954983,0.019628861,0.052558534021954983,0.07295957201858982
47,distant_c0.2,8,cartesian_ik,20732063,True,True,,1,0.19297452497994527,0.024768516,0.19297452497994527,0.21340291801607236
47,distant_c0.2,8,ompl_uniform,20732063,True,True,,1,0.1232164220418781,0.015501426,0.1232164220418781,0.1249895270448178
47,distant_c0.2,9,cartesian_ik,20732164,True,True,,1,0.14231588499387726,0.021847985,0.14231588499387726,0.162845429033041
47,distant_c0.2,9,ompl_uniform,20732164,True,True,,1,0.17478309501893818,0.00826798,0.17478309501893818,0.17621599597623572
47,distant_c0.2,9,joint_projected,20732164,True,True,,1,0.04971684701740742,0.014647427,0.04971684701740742,0.07044547499390319
7,central_c0.2,0,cartesian_ik,20330975,True,True,,1,0.20428023498971015,0.031721518,0.20428023498971015,0.22813903295900673
7,central_c0.2,0,ompl_uniform,20330975,True,True,,1,0.15064880601130426,0.02041118,0.15064880601130426,0.15239712997572497
7,central_c0.2,0,joint_projected,20330975,True,True,,1,0.2628376170177944,0.027687477,0.2628376170177944,0.2869284990010783
7,central_c0.2,1,cartesian_ik,20331076,True,True,,1,0.20354463101830333,0.062851704,0.20354463101830333,0.22733407199848443
7,central_c0.2,1,ompl_uniform,20331076,True,True,,1,0.06467373803025112,0.008348287,0.06467373803025112,0.06637254700763151
7,central_c0.2,1,joint_projected,20331076,True,True,,1,0.31167785701109096,0.028283132,0.31167785701109096,0.33603955898433924
7,central_c0.2,2,ompl_uniform,20331177,True,True,,1,0.325544452003669,0.038364181,0.325544452003669,0.3273126520216465
7,central_c0.2,2,joint_projected,20331177,True,True,,1,0.24202813097508624,0.042497996,0.24202813097508624,0.266072663012892
7,central_c0.2,2,cartesian_ik,20331177,True,True,,1,0.1592882850090973,0.02580904,0.1592882850090973,0.18267724197357893
7,central_c0.2,3,joint_projected,20331278,True,True,,1,0.20334788202308118,0.020925189,0.20334788202308118,0.2274349379586056
7,central_c0.2,3,ompl_uniform,20331278,True,True,,1,0.09098960598930717,0.013508647,0.09098960598930717,0.0928138560266234
7,central_c0.2,3,cartesian_ik,20331278,True,True,,1,0.14743185398401693,0.025291833,0.14743185398401693,0.1713783239829354
7,central_c0.2,4,ompl_uniform,20331379,True,True,,1,0.4396809179452248,0.030952303,0.4396809179452248,0.44184289703844115
7,central_c0.2,4,joint_projected,20331379,True,True,,1,0.22582340403459966,0.085070708,0.22582340403459966,0.24987382197286934
7,central_c0.2,4,cartesian_ik,20331379,True,True,,1,0.09624144702684134,0.017591228,0.09624144702684134,0.12015970598440617
7,central_c0.2,5,ompl_uniform,20331480,True,True,,1,0.1324068779940717,0.009836489,0.1324068779940717,0.1339517330052331
7,central_c0.2,5,cartesian_ik,20331480,True,True,,1,0.1487316269776784,0.051778073,0.1487316269776784,0.17191765800816938
7,central_c0.2,5,joint_projected,20331480,True,True,,1,0.2005575060029514,0.043782743,0.2005575060029514,0.22460365993902087
7,central_c0.2,6,joint_projected,20331581,True,True,,1,0.15654029604047537,0.033630588,0.15654029604047537,0.1803576789679937
7,central_c0.2,6,ompl_uniform,20331581,True,True,,1,0.4271067730151117,0.025466668,0.4271067730151117,0.42906384397065267
7,central_c0.2,6,cartesian_ik,20331581,True,True,,1,0.1776073170476593,0.040084374,0.1776073170476593,0.20173655595863238
7,central_c0.2,7,cartesian_ik,20331682,True,True,,1,0.08131353900535032,0.014176659,0.08131353900535032,0.10471479198895395
7,central_c0.2,7,joint_projected,20331682,True,True,,1,0.24927494203438982,0.026390949,0.24927494203438982,0.27295009000226855
7,central_c0.2,7,ompl_uniform,20331682,True,True,,1,0.15788994799368083,0.02911465,0.15788994799368083,0.15956144500523806
7,central_c0.2,8,joint_projected,20331783,True,True,,1,0.2752086889813654,0.042058415,0.2752086889813654,0.29952939896611497
7,central_c0.2,8,cartesian_ik,20331783,True,True,,1,0.14938445499865338,0.014821238,0.14938445499865338,0.17304326698649675
7,central_c0.2,8,ompl_uniform,20331783,True,True,,1,0.19166329503059387,0.011216107,0.19166329503059387,0.19320035603595898
7,central_c0.2,9,joint_projected,20331884,True,True,,1,0.20652661402709782,0.025005282,0.20652661402709782,0.23058966296957806
7,central_c0.2,9,ompl_uniform,20331884,True,True,,1,0.16450617800001055,0.012207848,0.16450617800001055,0.1660213030409068
7,central_c0.2,9,cartesian_ik,20331884,True,True,,1,0.18922004097839817,0.036728255,0.18922004097839817,0.21246147394413128
26,offset_c0.2,0,ompl_uniform,20521108,True,True,,1,0.16662831301800907,0.015148051,0.16662831301800907,0.1678252900019288
26,offset_c0.2,0,cartesian_ik,20521108,True,True,,1,0.18424743897048756,0.020729972,0.18424743897048756,0.2045922419638373
26,offset_c0.2,0,joint_projected,20521108,True,True,,1,0.08463592501357198,0.024572585,0.08463592501357198,0.10528481297660619
26,offset_c0.2,1,ompl_uniform,20521209,True,True,,1,0.11448770499555394,0.010087037,0.11448770499555394,0.11596104199998081
26,offset_c0.2,1,joint_projected,20521209,True,True,,1,0.09593123599188402,0.035398841,0.09593123599188402,0.11659998295363039
26,offset_c0.2,1,cartesian_ik,20521209,True,True,,1,0.21908979600993916,0.053127551,0.21908979600993916,0.23903863795567304
26,offset_c0.2,2,joint_projected,20521310,True,True,,1,0.19661243201699108,0.031609113,0.19661243201699108,0.21735867898678407
26,offset_c0.2,2,ompl_uniform,20521310,True,True,,1,0.06526777299586684,0.007403875,0.06526777299586684,0.06684463302372023
26,offset_c0.2,2,cartesian_ik,20521310,True,True,,1,0.10310023301281035,0.007936894,0.10310023301281035,0.12330231594387442
26,offset_c0.2,3,ompl_uniform,20521411,True,True,,1,0.13948136795079336,0.012331364,0.13948136795079336,0.1410796000272967
26,offset_c0.2,3,joint_projected,20521411,True,True,,1,0.18751929595600814,0.03538923,0.18751929595600814,0.20826367498375475
26,offset_c0.2,3,cartesian_ik,20521411,True,True,,1,0.19584736303659156,0.016686752,0.19584736303659156,0.2163598709157668
26,offset_c0.2,4,cartesian_ik,20521512,True,True,,1,0.1039725510054268,0.007857766,0.1039725510054268,0.1240282729268074
26,offset_c0.2,4,joint_projected,20521512,True,True,,1,0.16080533398780972,0.029387171,0.16080533398780972,0.18117090791929513
26,offset_c0.2,4,ompl_uniform,20521512,True,True,,1,0.11101027298718691,0.015107481,0.11101027298718691,0.11248286603949964
26,offset_c0.2,5,cartesian_ik,20521613,True,True,,1,0.12603508995380253,0.063703288,0.12603508995380253,0.14626485295593739
26,offset_c0.2,5,ompl_uniform,20521613,True,True,,1,0.0990273539791815,0.020643288,0.0990273539791815,0.10022391198435798
26,offset_c0.2,5,joint_projected,20521613,True,True,,1,0.15649537701392546,0.026370382,0.15649537701392546,0.1766953159822151
26,offset_c0.2,6,joint_projected,20521714,True,True,,1,0.13687607599422336,0.040013257,0.13687607599422336,0.15739968692651019
26,offset_c0.2,6,cartesian_ik,20521714,True,True,,1,0.10880726197501644,0.036660771,0.10880726197501644,0.12900699593592435
26,offset_c0.2,6,ompl_uniform,20521714,True,True,,1,0.1792570530087687,0.007783789,0.1792570530087687,0.1807832979829982
26,offset_c0.2,7,joint_projected,20521815,True,True,,1,0.15343270398443565,0.030588093,0.15343270398443565,0.17380629596300423
26,offset_c0.2,7,cartesian_ik,20521815,True,True,,1,0.07269327703397721,0.038161696,0.07269327703397721,0.09286973800044507
26,offset_c0.2,7,ompl_uniform,20521815,True,True,,1,0.16661333898082376,0.01090948,0.16661333898082376,0.1678003830020316
26,offset_c0.2,8,joint_projected,20521916,True,True,,1,0.1828706199885346,0.023942833,0.1828706199885346,0.2035118929343298
26,offset_c0.2,8,cartesian_ik,20521916,True,True,,1,0.18052326602628455,0.062991686,0.18052326602628455,0.20107049093348905
26,offset_c0.2,8,ompl_uniform,20521916,True,True,,1,0.1470186379738152,0.009766236,0.1470186379738152,0.1485508990008384
26,offset_c0.2,9,joint_projected,20522017,True,True,,1,0.2125814340543002,0.045729434,0.2125814340543002,0.23296804691199213
26,offset_c0.2,9,cartesian_ik,20522017,True,True,,1,0.12991121504455805,0.027725118,0.12991121504455805,0.14990785892587155
26,offset_c0.2,9,ompl_uniform,20522017,True,True,,1,0.13111979397945106,0.020290442,0.13111979397945106,0.13262780901277438
14,central_c0.8,0,joint_projected,20401024,True,True,,1,0.12414213799638674,0.01226291,0.12414213799638674,0.14459972898475826
14,central_c0.8,0,ompl_uniform,20401024,True,True,,1,0.08267661405261606,0.009388016,0.08267661405261606,0.08464016299694777
14,central_c0.8,0,cartesian_ik,20401024,True,True,,1,0.23310475901234895,0.044555935,0.23310475901234895,0.2541302900062874
14,central_c0.8,1,ompl_uniform,20401125,True,True,,1,0.08875085698673502,0.031802195,0.08875085698673502,0.09054828999796882
14,central_c0.8,1,cartesian_ik,20401125,True,True,,1,0.20442944602109492,0.047060202,0.20442944602109492,0.2255546220112592
14,central_c0.8,1,joint_projected,20401125,True,True,,1,0.15517080505378544,0.026296044,0.15517080505378544,0.1756514470325783
14,central_c0.8,2,cartesian_ik,20401226,True,True,,1,0.22594104503514245,0.067348484,0.22594104503514245,0.24673381401225924
14,central_c0.8,2,ompl_uniform,20401226,True,True,,1,0.09251202002633363,0.02199551,0.09251202002633363,0.09448835399234667
14,central_c0.8,2,joint_projected,20401226,True,True,,1,0.0950138529879041,0.019072205,0.0950138529879041,0.11574242700589821
14,central_c0.8,3,cartesian_ik,20401327,True,True,,1,0.1669952939846553,0.054120006,0.1669952939846553,0.1876546650310047
14,central_c0.8,3,ompl_uniform,20401327,True,True,,1,0.2667348110117018,0.02150836,0.2667348110117018,0.26856887398753315
14,central_c0.8,3,joint_projected,20401327,True,True,,1,0.1679072059923783,0.028545801,0.1679072059923783,0.18858605198329315
14,central_c0.8,4,ompl_uniform,20401428,True,True,,1,0.16309703199658543,0.023326949,0.16309703199658543,0.16478467895649374
14,central_c0.8,4,joint_projected,20401428,True,True,,1,0.1891701059648767,0.016578516,0.1891701059648767,0.20997427601832896
14,central_c0.8,4,cartesian_ik,20401428,True,True,,1,0.12063650699565187,0.056089974,0.12063650699565187,0.14100848999805748
14,central_c0.8,5,cartesian_ik,20401529,True,True,,1,0.1734851220389828,0.075356677,0.1734851220389828,0.19397098501212895
14,central_c0.8,5,ompl_uniform,20401529,True,True,,1,0.0864897680003196,0.00810508,0.0864897680003196,0.08822352299466729
14,central_c0.8,5,joint_projected,20401529,True,True,,1,0.1804207990062423,0.035299468,0.1804207990062423,0.2013390390202403
14,central_c0.8,6,ompl_uniform,20401630,True,True,,1,0.09039259899873286,0.025346689,0.09039259899873286,0.09212746599223465
14,central_c0.8,6,cartesian_ik,20401630,True,True,,1,0.23090339999180287,0.05727825,0.23090339999180287,0.25182938697980717
14,central_c0.8,6,joint_projected,20401630,True,True,,1,0.21422211197204888,0.02543917,0.21422211197204888,0.23476121498970315
14,central_c0.8,7,ompl_uniform,20401731,True,True,,1,0.17583794402889907,0.017943426,0.17583794402889907,0.17786839295877144
14,central_c0.8,7,cartesian_ik,20401731,True,True,,1,0.1497296500019729,0.014312905,0.1497296500019729,0.17063163401326165
14,central_c0.8,7,joint_projected,20401731,True,True,,1,0.19733045197790489,0.030586869,0.19733045197790489,0.21825724904192612
14,central_c0.8,8,joint_projected,20401832,True,True,,1,0.14872806100174785,0.020134923,0.14872806100174785,0.1694741069804877
14,central_c0.8,8,cartesian_ik,20401832,True,True,,1,0.11832759802928194,0.060977032,0.11832759802928194,0.13840208301553503
14,central_c0.8,8,ompl_uniform,20401832,True,True,,1,0.15959326701704413,0.01745178,0.15959326701704413,0.16098940803203732
14,central_c0.8,9,cartesian_ik,20401933,True,True,,1,0.224710589973256,0.114166965,0.224710589973256,0.24536143301520497
14,central_c0.8,9,ompl_uniform,20401933,True,True,,1,0.11882407701341435,0.029829041,0.11882407701341435,0.12048385903472081
14,central_c0.8,9,joint_projected,20401933,True,True,,1,0.12086521496530622,0.036404907,0.12086521496530622,0.14149197499500588
12,central_c0.8,0,joint_projected,20381010,False,False,start_invalid_in_corridor,,0.0,0.0,6.0,0.019679149030707777
12,central_c0.8,0,cartesian_ik,20381010,False,False,start_invalid_in_corridor,,0.0,0.0,6.0,0.01922345597995445
12,central_c0.8,0,ompl_uniform,20381010,True,True,,1,0.15257054002722725,0.012193771,0.15257054002722725,0.15398551296675578
12,central_c0.8,1,joint_projected,20381111,False,False,start_invalid_in_corridor,,0.0,0.0,6.0,0.019492246967274696
12,central_c0.8,1,cartesian_ik,20381111,False,False,start_invalid_in_corridor,,0.0,0.0,6.0,0.01865112199448049
12,central_c0.8,1,ompl_uniform,20381111,True,True,,1,0.11732817196752876,0.009072601,0.11732817196752876,0.1183484960347414
12,central_c0.8,2,ompl_uniform,20381212,True,True,,1,0.1661906240042299,0.014022974,0.1661906240042299,0.1680034640012309
12,central_c0.8,2,cartesian_ik,20381212,False,False,start_invalid_in_corridor,,0.0,0.0,6.0,0.01962811901466921
12,central_c0.8,2,joint_projected,20381212,False,False,start_invalid_in_corridor,,0.0,0.0,6.0,0.018981369968969375
12,central_c0.8,3,ompl_uniform,20381313,True,True,,1,0.22868738102260977,0.009264878,0.22868738102260977,0.2299099089577794
12,central_c0.8,3,cartesian_ik,20381313,False,False,start_invalid_in_corridor,,0.0,0.0,6.0,0.019312562013510615
12,central_c0.8,3,joint_projected,20381313,False,False,start_invalid_in_corridor,,0.0,0.0,6.0,0.01906350295757875
12,central_c0.8,4,cartesian_ik,20381414,False,False,start_invalid_in_corridor,,0.0,0.0,6.0,0.018848521984182298
12,central_c0.8,4,joint_projected,20381414,False,False,start_invalid_in_corridor,,0.0,0.0,6.0,0.01849491393659264
12,central_c0.8,4,ompl_uniform,20381414,True,True,,1,0.20547397003974766,0.008099571,0.20547397003974766,0.20640303601976484
12,central_c0.8,5,joint_projected,20381515,False,False,start_invalid_in_corridor,,0.0,0.0,6.0,0.019534155959263444
12,central_c0.8,5,ompl_uniform,20381515,True,True,,1,0.11553988896775991,0.022266918,0.11553988896775991,0.11698091501602903
12,central_c0.8,5,cartesian_ik,20381515,False,False,start_invalid_in_corridor,,0.0,0.0,6.0,0.01956967794103548
12,central_c0.8,6,joint_projected,20381616,False,False,start_invalid_in_corridor,,0.0,0.0,6.0,0.01861161697888747
12,central_c0.8,6,ompl_uniform,20381616,True,True,,1,0.17726046295138076,0.009485033,0.17726046295138076,0.1782546759932302
12,central_c0.8,6,cartesian_ik,20381616,False,False,start_invalid_in_corridor,,0.0,0.0,6.0,0.019702402991242707
12,central_c0.8,7,cartesian_ik,20381717,False,False,start_invalid_in_corridor,,0.0,0.0,6.0,0.018758610996883363
12,central_c0.8,7,ompl_uniform,20381717,True,True,,1,0.12179550604196265,0.00869488,0.12179550604196265,0.12274313502712175
12,central_c0.8,7,joint_projected,20381717,False,False,start_invalid_in_corridor,,0.0,0.0,6.0,0.019638573983684182
12,central_c0.8,8,ompl_uniform,20381818,True,True,,1,0.17299941001692787,0.010340287,0.17299941001692787,0.17426352901384234
12,central_c0.8,8,joint_projected,20381818,False,False,start_invalid_in_corridor,,0.0,0.0,6.0,0.019289866962935776
12,central_c0.8,8,cartesian_ik,20381818,False,False,start_invalid_in_corridor,,0.0,0.0,6.0,0.01879021298373118
12,central_c0.8,9,ompl_uniform,20381919,True,True,,1,0.10824879602296278,0.016259335,0.10824879602296278,0.10931494197575375
12,central_c0.8,9,joint_projected,20381919,False,False,start_invalid_in_corridor,,0.0,0.0,6.0,0.01940898096654564
12,central_c0.8,9,cartesian_ik,20381919,False,False,start_invalid_in_corridor,,0.0,0.0,6.0,0.01896828500321135
54,distant_c0.8,0,ompl_uniform,20801304,True,True,,1,0.17145447299117222,0.023952972,0.17145447299117222,0.17312288901302963
54,distant_c0.8,0,joint_projected,20801304,True,True,,1,0.07576469000196084,0.019516776,0.07576469000196084,0.0965068590012379
54,distant_c0.8,0,cartesian_ik,20801304,True,True,,1,0.12035672401543707,0.017026752,0.12035672401543707,0.14048130495939404
54,distant_c0.8,1,joint_projected,20801405,True,True,,1,0.10665660799713805,0.021225773,0.10665660799713805,0.12730121798813343
54,distant_c0.8,1,cartesian_ik,20801405,True,True,,1,0.12065276899375021,0.009049074,0.12065276899375021,0.14125341502949595
54,distant_c0.8,1,ompl_uniform,20801405,True,True,,1,0.10105636104708537,0.025455792,0.10105636104708537,0.10263381997356191
54,distant_c0.8,2,cartesian_ik,20801506,True,True,,1,0.15466532902792096,0.009715063,0.15466532902792096,0.1750582319800742
54,distant_c0.8,2,joint_projected,20801506,True,True,,1,0.022993989987298846,0.011655415,0.022993989987298846,0.04353428597096354
54,distant_c0.8,2,ompl_uniform,20801506,True,True,,1,0.07586364995222539,0.007455187,0.07586364995222539,0.07750243099872023
54,distant_c0.8,3,joint_projected,20801607,True,True,,1,0.110341987980064,0.025215471,0.110341987980064,0.1306191550102085
54,distant_c0.8,3,cartesian_ik,20801607,True,True,,1,0.08748208999168128,0.005842199,0.08748208999168128,0.10811007401207462
54,distant_c0.8,3,ompl_uniform,20801607,True,True,,1,0.1428644559928216,0.02425581,0.1428644559928216,0.14443874900462106
54,distant_c0.8,4,joint_projected,20801708,True,True,,1,0.26157377898925915,0.028182197,0.26157377898925915,0.28220523695927113
54,distant_c0.8,4,ompl_uniform,20801708,True,True,,1,0.14105206995736808,0.010632838,0.14105206995736808,0.14286292798351496
54,distant_c0.8,4,cartesian_ik,20801708,True,True,,1,0.16226737096440047,0.009385604,0.16226737096440047,0.18279521795921028
54,distant_c0.8,5,joint_projected,20801809,True,True,,1,0.0952855939976871,0.022042156,0.0952855939976871,0.11500761099159718
54,distant_c0.8,5,cartesian_ik,20801809,True,True,,1,0.15918563399463892,0.010797566,0.15918563399463892,0.17894478497328237
54,distant_c0.8,5,ompl_uniform,20801809,True,True,,1,0.10588814603397623,0.008782897,0.10588814603397623,0.1076732050278224
54,distant_c0.8,6,cartesian_ik,20801910,True,True,,1,0.16803960502147675,0.025129511,0.16803960502147675,0.18852106999838725
54,distant_c0.8,6,ompl_uniform,20801910,True,True,,1,0.16835773200728,0.012121868,0.16835773200728,0.16991484200116247
54,distant_c0.8,6,joint_projected,20801910,True,True,,1,0.07914274802897125,0.016185,0.07914274802897125,0.09971151396166533
54,distant_c0.8,7,ompl_uniform,20802011,True,True,,1,0.11420175601961091,0.013320212,0.11420175601961091,0.11583407199941576
54,distant_c0.8,7,cartesian_ik,20802011,True,True,,1,0.06826631602598354,0.026185889,0.06826631602598354,0.08866305300034583
54,distant_c0.8,7,joint_projected,20802011,True,True,,1,0.06419039098545909,0.014766947,0.06419039098545909,0.08469811000395566
54,distant_c0.8,8,ompl_uniform,20802112,True,True,,1,0.15901784697780386,0.009833563,0.15901784697780386,0.1605478419805877
54,distant_c0.8,8,cartesian_ik,20802112,True,True,,1,0.1213537500007078,0.007720085,0.1213537500007078,0.14177570497849956
54,distant_c0.8,8,joint_projected,20802112,True,True,,1,0.09131815104046836,0.029434642,0.09131815104046836,0.111402586044278
54,distant_c0.8,9,cartesian_ik,20802213,True,True,,1,0.22360483196098357,0.043496545,0.22360483196098357,0.24408268701517954
54,distant_c0.8,9,ompl_uniform,20802213,True,True,,1,0.19745159603189677,0.009095595,0.19745159603189677,0.1993021090165712
54,distant_c0.8,9,joint_projected,20802213,True,True,,1,0.11641142901498824,0.021999774,0.11641142901498824,0.13676007301546633
15,central_c0.8,0,cartesian_ik,20411031,True,True,,1,0.1486982679925859,0.037385873,0.1486982679925859,0.17180362297222018
15,central_c0.8,0,ompl_uniform,20411031,True,True,,1,0.09028128703357652,0.017320827,0.09028128703357652,0.09201960399514064
15,central_c0.8,0,joint_projected,20411031,True,True,,1,0.2288343550171703,0.026428089,0.2288343550171703,0.25267818197607994
15,central_c0.8,1,ompl_uniform,20411132,True,True,,1,0.12280485802330077,0.009322354,0.12280485802330077,0.12421530694700778
15,central_c0.8,1,joint_projected,20411132,True,True,,1,0.11326920398278162,0.023473598,0.11326920398278162,0.13668943796074018
15,central_c0.8,1,cartesian_ik,20411132,True,True,,1,0.1109938970184885,0.010024084,0.1109938970184885,0.1339874900295399
15,central_c0.8,2,cartesian_ik,20411233,True,True,,1,0.09286525601055473,0.03321754,0.09286525601055473,0.11567020398797467
15,central_c0.8,2,joint_projected,20411233,True,True,,1,0.07295452000107616,0.017914136,0.07295452000107616,0.09654143097577617
15,central_c0.8,2,ompl_uniform,20411233,True,True,,1,0.16616845002863556,0.009565655,0.16616845002863556,0.16763572400668636
15,central_c0.8,3,joint_projected,20411334,True,True,,1,0.12937736400635913,0.026390261,0.12937736400635913,0.15242051699897274
15,central_c0.8,3,ompl_uniform,20411334,True,True,,1,0.18424016499193385,0.007968716,0.18424016499193385,0.1857679290114902
15,central_c0.8,3,cartesian_ik,20411334,True,True,,1,0.09258770104497671,0.020899678,0.09258770104497671,0.11641684698406607
15,central_c0.8,4,cartesian_ik,20411435,True,True,,1,0.08968705998267978,0.010184684,0.08968705998267978,0.11290810501668602
15,central_c0.8,4,joint_projected,20411435,True,True,,1,0.20574107603169978,0.014785331,0.20574107603169978,0.23991690203547478
15,central_c0.8,4,ompl_uniform,20411435,True,True,,1,0.14066591201117262,0.010865484,0.14066591201117262,0.1422820349689573
15,central_c0.8,5,ompl_uniform,20411536,True,True,,1,0.17207504098769277,0.011732948,0.17207504098769277,0.17405851901276037
15,central_c0.8,5,joint_projected,20411536,True,True,,1,0.137011896003969,0.020024358,0.137011896003969,0.16034265997586772
15,central_c0.8,5,cartesian_ik,20411536,True,True,,1,0.07890827499795705,0.022779668,0.07890827499795705,0.10195842594839633
15,central_c0.8,6,ompl_uniform,20411637,True,True,,1,0.08036398800322786,0.009101105,0.08036398800322786,0.08178641501581296
15,central_c0.8,6,cartesian_ik,20411637,True,True,,1,0.07747286802623421,0.009108758,0.07747286802623421,0.10117458493914455
15,central_c0.8,6,joint_projected,20411637,True,True,,1,0.03907214995706454,0.016518206,0.03907214995706454,0.062001514015719295
15,central_c0.8,7,joint_projected,20411738,True,True,,1,0.13185224996414036,0.019955757,0.13185224996414036,0.15457080298801884
15,central_c0.8,7,cartesian_ik,20411738,True,True,,1,0.06433458998799324,0.031632536,0.06433458998799324,0.08741977595491335
15,central_c0.8,7,ompl_uniform,20411738,True,True,,1,0.11521531199105084,0.009406449,0.11521531199105084,0.1165668799658306
15,central_c0.8,8,cartesian_ik,20411839,True,True,,1,0.2062917940202169,0.024165788,0.2062917940202169,0.2298835779656656
15,central_c0.8,8,joint_projected,20411839,True,True,,1,0.17315707996021956,0.029246731,0.17315707996021956,0.1962654969538562
15,central_c0.8,8,ompl_uniform,20411839,True,True,,1,0.11306180502288043,0.009683258,0.11306180502288043,0.11455708602443337
15,central_c0.8,9,cartesian_ik,20411940,True,True,,1,0.1206392869935371,0.032150015,0.1206392869935371,0.14402754500042647
15,central_c0.8,9,ompl_uniform,20411940,True,True,,1,0.1481725229532458,0.018483605,0.1481725229532458,0.1496257489779964
15,central_c0.8,9,joint_projected,20411940,True,True,,1,0.08472983498359099,0.031932595,0.08472983498359099,0.10748586896806955
51,distant_c0.8,0,ompl_uniform,20771283,True,True,,1,0.16461256996262819,0.00951668,0.16461256996262819,0.16585214098449796
51,distant_c0.8,0,joint_projected,20771283,True,True,,1,0.10170086403377354,0.018669679,0.10170086403377354,0.12189540197141469
51,distant_c0.8,0,cartesian_ik,20771283,True,True,,1,0.2886872299714014,0.11036495,0.2886872299714014,0.3089059629710391
51,distant_c0.8,1,ompl_uniform,20771384,True,True,,1,0.09427475999109447,0.007819864,0.09427475999109447,0.09592395403888077
51,distant_c0.8,1,cartesian_ik,20771384,True,True,,1,0.139049774967134,0.018654783,0.139049774967134,0.15898430201923475
51,distant_c0.8,1,joint_projected,20771384,True,True,,1,0.050331543025095016,0.012798207,0.050331543025095016,0.07017344597261399
51,distant_c0.8,2,ompl_uniform,20771485,True,True,,1,0.17103764996863902,0.009038131,0.17103764996863902,0.1723214159719646
51,distant_c0.8,2,joint_projected,20771485,True,True,,1,0.12400617200182751,0.026005131,0.12400617200182751,0.14459094498306513
51,distant_c0.8,2,cartesian_ik,20771485,True,True,,1,0.09113262995379046,0.019950082,0.09113262995379046,0.11105710203992203
51,distant_c0.8,3,joint_projected,20771586,True,True,,1,0.14497969299554825,0.025248154,0.14497969299554825,0.1653629700304009
51,distant_c0.8,3,cartesian_ik,20771586,True,True,,1,0.24428898602491245,0.038673106,0.24428898602491245,0.26435764000052586
51,distant_c0.8,3,ompl_uniform,20771586,True,True,,1,0.12178523902548477,0.026216463,0.12178523902548477,0.12327245000051335
51,distant_c0.8,4,joint_projected,20771687,True,True,,1,0.06366720597725362,0.016878042,0.06366720597725362,0.08392919000471011
51,distant_c0.8,4,cartesian_ik,20771687,True,True,,1,0.21093128103530034,0.024102634,0.21093128103530034,0.23114518396323547
51,distant_c0.8,4,ompl_uniform,20771687,True,True,,1,0.10895049304235727,0.015215059,0.10895049304235727,0.11053187999641523
51,distant_c0.8,5,ompl_uniform,20771788,True,True,,1,0.18768748501315713,0.013108398,0.18768748501315713,0.18917869904544204
51,distant_c0.8,5,cartesian_ik,20771788,True,True,,1,0.09696269896812737,0.010866793,0.09696269896812737,0.11729522899258882
51,distant_c0.8,5,joint_projected,20771788,True,True,,1,0.07558084902120754,0.017335486,0.07558084902120754,0.09577434801030904
51,distant_c0.8,6,cartesian_ik,20771889,True,True,,1,0.12993212504079565,0.064664737,0.12993212504079565,0.15049193997401744
51,distant_c0.8,6,joint_projected,20771889,True,True,,1,0.04686321999179199,0.014082253,0.04686321999179199,0.0680605829693377
51,distant_c0.8,6,ompl_uniform,20771889,True,True,,1,0.07410699699539691,0.009607329,0.07410699699539691,0.07596970500890166
51,distant_c0.8,7,ompl_uniform,20771990,True,True,,1,0.08145468996372074,0.021305013,0.08145468996372074,0.08337496605236083
51,distant_c0.8,7,cartesian_ik,20771990,True,True,,1,0.12219799100421369,0.040436593,0.12219799100421369,0.14274337596725672
51,distant_c0.8,7,joint_projected,20771990,True,True,,1,0.08738618600182235,0.013736149,0.08738618600182235,0.10877181199612096
51,distant_c0.8,8,cartesian_ik,20772091,True,True,,1,0.13604358403244987,0.023619571,0.13604358403244987,0.15614940196974203
51,distant_c0.8,8,ompl_uniform,20772091,True,True,,1,0.12381468102103099,0.010081604,0.12381468102103099,0.12558963301125914
51,distant_c0.8,8,joint_projected,20772091,True,True,,1,0.20970649796072394,0.032945195,0.20970649796072394,0.23028024699306116
51,distant_c0.8,9,ompl_uniform,20772192,True,True,,1,0.10563084104796872,0.010292965,0.10563084104796872,0.10741581302136183
51,distant_c0.8,9,cartesian_ik,20772192,True,True,,1,0.12122384703252465,0.023431055,0.12122384703252465,0.14190905098803341
51,distant_c0.8,9,joint_projected,20772192,True,True,,1,0.10731256497092545,0.027246553,0.10731256497092545,0.12736317800590768
13,central_c0.8,0,joint_projected,20391017,True,True,,1,0.1581619720091112,0.015040677,0.1581619720091112,0.17730716901132837
13,central_c0.8,0,ompl_uniform,20391017,True,True,,1,0.1681896640220657,0.021965337,0.1681896640220657,0.1699542460264638
13,central_c0.8,0,cartesian_ik,20391017,True,True,,1,0.07894252199912444,0.011929645,0.07894252199912444,0.09890228603035212
13,central_c0.8,1,cartesian_ik,20391118,True,True,,1,0.0907155079767108,0.010289101,0.0907155079767108,0.11027565703261644
13,central_c0.8,1,ompl_uniform,20391118,True,True,,1,0.13610379298916087,0.012107896,0.13610379298916087,0.1377854549791664
13,central_c0.8,1,joint_projected,20391118,True,True,,1,0.06820094597060233,0.021132735,0.06820094597060233,0.08792884199647233
13,central_c0.8,2,cartesian_ik,20391219,True,True,,1,0.06650541699491441,0.025882989,0.06650541699491441,0.08591455296846107
13,central_c0.8,2,joint_projected,20391219,True,True,,1,0.12039958196692169,0.021503283,0.12039958196692169,0.13972592900972813
13,central_c0.8,2,ompl_uniform,20391219,True,True,,1,0.18636560096638277,0.009195719,0.18636560096638277,0.1878981469781138
13,central_c0.8,3,ompl_uniform,20391320,True,True,,1,0.12860581098357216,0.012607204,0.12860581098357216,0.1306853269925341
13,central_c0.8,3,cartesian_ik,20391320,True,True,,1,0.13564525201218203,0.027778368,0.13564525201218203,0.15549766598269343
13,central_c0.8,3,joint_projected,20391320,True,True,,1,0.12673909502336755,0.018848508,0.12673909502336755,0.14587201899848878
13,central_c0.8,4,joint_projected,20391421,True,True,,1,0.14093041699379683,0.019238675,0.14093041699379683,0.16088511201087385
13,central_c0.8,4,cartesian_ik,20391421,True,True,,1,0.02318072901107371,0.006101532,0.02318072901107371,0.042599763022735715
13,central_c0.8,4,ompl_uniform,20391421,True,True,,1,0.1304254909628071,0.025351181,0.1304254909628071,0.13199128798441961
13,central_c0.8,5,cartesian_ik,20391522,True,True,,1,0.11998824798502028,0.021406427,0.11998824798502028,0.14078242203686386
13,central_c0.8,5,ompl_uniform,20391522,True,True,,1,0.1727280209888704,0.010153476,0.1727280209888704,0.17446054494939744
13,central_c0.8,5,joint_projected,20391522,True,True,,1,0.1590665249968879,0.025515001,0.1590665249968879,0.1789096479769796
13,central_c0.8,6,joint_projected,20391623,True,True,,1,0.061168647021986544,0.018822298,0.061168647021986544,0.0809276649961248
13,central_c0.8,6,cartesian_ik,20391623,True,True,,1,0.0895671570324339,0.007788466,0.0895671570324339,0.10931247199187055
13,central_c0.8,6,ompl_uniform,20391623,True,True,,1,0.08735325001180172,0.010931998,0.08735325001180172,0.08902382804080844
13,central_c0.8,7,joint_projected,20391724,True,True,,1,0.17052710201824084,0.013642537,0.17052710201824084,0.1905778359505348
13,central_c0.8,7,cartesian_ik,20391724,True,True,,1,0.159866726025939,0.028750189,0.159866726025939,0.17953496397240087
13,central_c0.8,7,ompl_uniform,20391724,True,True,,1,0.15982770797563717,0.009910752,0.15982770797563717,0.1616863600211218
13,central_c0.8,8,ompl_uniform,20391825,True,True,,1,0.1473358140210621,0.011312096,0.1473358140210621,0.14905731502221897
13,central_c0.8,8,cartesian_ik,20391825,True,True,,1,0.11958844400942326,0.012426632,0.11958844400942326,0.13978272303938866
13,central_c0.8,8,joint_projected,20391825,True,True,,1,0.1298983420128934,0.029344473,0.1298983420128934,0.14985102700302377
13,central_c0.8,9,ompl_uniform,20391926,True,True,,1,0.13656780996825546,0.011718975,0.13656780996825546,0.13836881099268794
13,central_c0.8,9,joint_projected,20391926,True,True,,1,0.15622338996035978,0.030015407,0.15622338996035978,0.17646076495293528
13,central_c0.8,9,cartesian_ik,20391926,True,True,,1,0.07093592901946977,0.017173256,0.07093592901946977,0.09083816001657397
44,distant_c0.2,0,joint_projected,20701234,True,True,,1,0.11116316996049136,0.01826403,0.11116316996049136,0.1321876430301927
44,distant_c0.2,0,ompl_uniform,20701234,True,True,,1,0.1964431880041957,0.020477401,0.1964431880041957,0.19821467803558335
44,distant_c0.2,0,cartesian_ik,20701234,True,True,,1,0.1646495939930901,0.013719115,0.1646495939930901,0.1861584730213508
44,distant_c0.2,1,cartesian_ik,20701335,True,True,,1,0.20657616399694234,0.024637767,0.20657616399694234,0.22809436602983624
44,distant_c0.2,1,ompl_uniform,20701335,True,True,,1,0.10988860495854169,0.00757541,0.10988860495854169,0.11152315203798935
44,distant_c0.2,1,joint_projected,20701335,True,True,,1,0.18115845700958744,0.016758088,0.18115845700958744,0.2027982500148937
44,distant_c0.2,2,joint_projected,20701436,True,True,,1,0.06380539201200008,0.012539652,0.06380539201200008,0.08517379098339006
44,distant_c0.2,2,ompl_uniform,20701436,True,True,,1,0.1552398829953745,0.009075941,0.1552398829953745,0.15676156600238755
44,distant_c0.2,2,cartesian_ik,20701436,True,True,,1,0.10648922598920763,0.007538248,0.10648922598920763,0.1275459040189162
44,distant_c0.2,3,ompl_uniform,20701537,True,True,,1,0.12225592596223578,0.012352645,0.12225592596223578,0.12397806800436229
44,distant_c0.2,3,joint_projected,20701537,True,True,,1,0.06975860800594091,0.017900938,0.06975860800594091,0.0912385830306448
44,distant_c0.2,3,cartesian_ik,20701537,True,True,,1,0.09805875003803521,0.005544101,0.09805875003803521,0.11945545201888308
44,distant_c0.2,4,joint_projected,20701638,True,True,,1,0.15396612597396597,0.01876629,0.15396612597396597,0.17510054900776595
44,distant_c0.2,4,cartesian_ik,20701638,True,True,,1,0.1626379340304993,0.019438797,0.1626379340304993,0.18387353600701317
44,distant_c0.2,4,ompl_uniform,20701638,True,True,,1,0.10674228600692004,0.004006187,0.10674228600692004,0.10834217700175941
44,distant_c0.2,5,joint_projected,20701739,True,True,,1,0.05298869399121031,0.022640915,0.05298869399121031,0.07436607003910467
44,distant_c0.2,5,cartesian_ik,20701739,True,True,,1,0.08545603696256876,0.012929262,0.08545603696256876,0.10657843801891431
44,distant_c0.2,5,ompl_uniform,20701739,True,True,,1,0.15431627701036632,0.014127147,0.15431627701036632,0.15595429600216448
44,distant_c0.2,6,joint_projected,20701840,True,True,,1,0.0567551190033555,0.01504082,0.0567551190033555,0.07816700800321996
44,distant_c0.2,6,ompl_uniform,20701840,True,True,,1,0.08693257597042248,0.00765406,0.08693257597042248,0.08868676901329309
44,distant_c0.2,6,cartesian_ik,20701840,True,True,,1,0.10713592998217791,0.015419996,0.10713592998217791,0.12882502702996135
44,distant_c0.2,7,cartesian_ik,20701941,True,True,,1,0.05252294603269547,0.011876496,0.05252294603269547,0.074517889006529
44,distant_c0.2,7,joint_projected,20701941,True,True,,1,0.11975139699643478,0.014270789,0.11975139699643478,0.14109775802353397
44,distant_c0.2,7,ompl_uniform,20701941,True,True,,1,0.11794020497472957,0.016340811,0.11794020497472957,0.11949493800057098
44,distant_c0.2,8,ompl_uniform,20702042,True,True,,1,0.09106732596410438,0.011189393,0.09106732596410438,0.09280178899643943
44,distant_c0.2,8,cartesian_ik,20702042,True,True,,1,0.12838986498536542,0.017445399,0.12838986498536542,0.15012209705309942
44,distant_c0.2,8,joint_projected,20702042,True,True,,1,0.10932086303364486,0.0273375,0.10932086303364486,0.13098233001073822
44,distant_c0.2,9,ompl_uniform,20702143,True,True,,1,0.19316598697332665,0.009697722,0.19316598697332665,0.19490037596551701
44,distant_c0.2,9,cartesian_ik,20702143,True,True,,1,0.07676269800867885,0.009325322,0.07676269800867885,0.09818371897563338
44,distant_c0.2,9,joint_projected,20702143,True,True,,1,0.13379862799774855,0.025465407,0.13379862799774855,0.1551967900013551
19,central_c0.8,0,ompl_uniform,20451059,True,True,,1,0.12530381395481527,0.016768069,0.12530381395481527,0.12704393005697057
19,central_c0.8,0,joint_projected,20451059,True,True,,1,0.27764972497243434,0.103723662,0.27764972497243434,0.298324599978514
19,central_c0.8,0,cartesian_ik,20451059,True,True,,1,0.14910807000705972,0.048358771,0.14910807000705972,0.16955825098557398
19,central_c0.8,1,cartesian_ik,20451160,True,True,,1,0.14032251603202894,0.012345942,0.14032251603202894,0.16067488695262
19,central_c0.8,1,ompl_uniform,20451160,True,True,,1,0.08983501401962712,0.009197805,0.08983501401962712,0.09149762202287093
19,central_c0.8,1,joint_projected,20451160,True,True,,1,0.22410091402707621,0.113788511,0.22410091402707621,0.2452237589750439
19,central_c0.8,2,ompl_uniform,20451261,True,True,,1,0.09076908900169656,0.010892251,0.09076908900169656,0.09248869703151286
19,central_c0.8,2,joint_projected,20451261,True,True,,1,0.3201552099781111,0.101571542,0.3201552099781111,0.3414058779599145
19,central_c0.8,2,cartesian_ik,20451261,True,True,,1,0.36774029000662267,0.06329334,0.36774029000662267,0.3883786739897914
19,central_c0.8,3,cartesian_ik,20451362,True,True,,1,0.28404789802152663,0.144088148,0.28404789802152663,0.3048907640040852
19,central_c0.8,3,ompl_uniform,20451362,True,True,,1,0.1409699060022831,0.009023027,0.1409699060022831,0.14273988996865228
19,central_c0.8,3,joint_projected,20451362,True,True,,1,0.17291814798954874,0.100904752,0.17291814798954874,0.19385973497992381
19,central_c0.8,4,cartesian_ik,20451463,True,True,,1,0.07338722399435937,0.016137635,0.07338722399435937,0.09379116096533835
19,central_c0.8,4,joint_projected,20451463,True,True,,1,0.2657776769483462,0.117930095,0.2657776769483462,0.2866400619968772
19,central_c0.8,4,ompl_uniform,20451463,True,True,,1,0.14019746199483052,0.011085288,0.14019746199483052,0.14198431698605418
19,central_c0.8,5,joint_projected,20451564,True,True,,1,0.17844297201372683,0.113254262,0.17844297201372683,0.199301847955212
19,central_c0.8,5,ompl_uniform,20451564,True,True,,1,0.14670803799526766,0.02203264,0.14670803799526766,0.14834869402693585
19,central_c0.8,5,cartesian_ik,20451564,True,True,,1,0.23134509200463071,0.052876565,0.23134509200463071,0.2525098039768636
19,central_c0.8,6,cartesian_ik,20451665,True,True,,1,0.1397826260072179,0.030632379,0.1397826260072179,0.15991826594108716
19,central_c0.8,6,joint_projected,20451665,True,True,,1,0.17085041699465364,0.091762841,0.17085041699465364,0.19153253198601305
19,central_c0.8,6,ompl_uniform,20451665,True,True,,1,0.13941379595780745,0.026221202,0.13941379595780745,0.14067556394729763
19,central_c0.8,7,joint_projected,20451766,True,True,,1,0.24952503200620413,0.117647517,0.24952503200620413,0.270542845944874
19,central_c0.8,7,cartesian_ik,20451766,True,True,,1,0.05051992501830682,0.026092086,0.05051992501830682,0.071457001962699
19,central_c0.8,7,ompl_uniform,20451766,True,True,,1,0.1594006210216321,0.030589987,0.1594006210216321,0.16061830800026655
19,central_c0.8,8,joint_projected,20451867,True,True,,1,0.13927639601752162,0.096241113,0.13927639601752162,0.16028745495714247
19,central_c0.8,8,cartesian_ik,20451867,True,True,,1,0.2619444979936816,0.14560024,0.2619444979936816,0.28299817495280877
19,central_c0.8,8,ompl_uniform,20451867,True,True,,1,0.17615326697705314,0.007995389,0.17615326697705314,0.17801237700041384
19,central_c0.8,9,joint_projected,20451968,True,True,,1,0.1416234120260924,0.095863666,0.1416234120260924,0.16262363299028948
19,central_c0.8,9,ompl_uniform,20451968,True,True,,1,0.13886784599162638,0.020210095,0.13886784599162638,0.14033980399835855
19,central_c0.8,9,cartesian_ik,20451968,True,True,,1,0.13641434500459582,0.024938027,0.13641434500459582,0.1568302660016343
2,central_c0.2,0,cartesian_ik,20280940,True,True,,1,0.17511423100950196,0.024978332,0.17511423100950196,0.19678887003101408
2,central_c0.2,0,joint_projected,20280940,True,True,,1,0.05730543500976637,0.023564374,0.05730543500976637,0.0795485179987736
2,central_c0.2,0,ompl_uniform,20280940,True,True,,1,0.125787137018051,0.024235706,0.125787137018051,0.12746058602351695
2,central_c0.2,1,cartesian_ik,20281041,True,True,,1,0.11041192599805072,0.016865549,0.11041192599805072,0.1320909599890001
2,central_c0.2,1,joint_projected,20281041,True,True,,1,0.19822421902790666,0.017820844,0.19822421902790666,0.22056772402720526
2,central_c0.2,1,ompl_uniform,20281041,True,True,,1,0.1458406390156597,0.02173088,0.1458406390156597,0.14750881597865373
2,central_c0.2,2,ompl_uniform,20281142,True,True,,1,0.1346705739852041,0.027105417,0.1346705739852041,0.13639895600499585
2,central_c0.2,2,cartesian_ik,20281142,True,True,,1,0.2020279240095988,0.008496573,0.2020279240095988,0.22443171305349097
2,central_c0.2,2,joint_projected,20281142,True,True,,1,0.06851784000173211,0.020483341,0.06851784000173211,0.09047586802626029
2,central_c0.2,3,joint_projected,20281243,True,True,,1,0.417683039966505,0.058374924,0.417683039966505,0.439615102019161
2,central_c0.2,3,ompl_uniform,20281243,True,True,,1,0.18298012402374297,0.013969104,0.18298012402374297,0.1846297180163674
2,central_c0.2,3,cartesian_ik,20281243,True,True,,1,0.1789792199851945,0.015994061,0.1789792199851945,0.2012374610058032
2,central_c0.2,4,ompl_uniform,20281344,True,True,,1,0.24581931997090578,0.018197777,0.24581931997090578,0.24726976902456954
2,central_c0.2,4,joint_projected,20281344,True,True,,1,0.07892569899559021,0.01992688,0.07892569899559021,0.10093152098124847
2,central_c0.2,4,cartesian_ik,20281344,True,True,,1,0.15474673896096647,0.016205941,0.15474673896096647,0.17690417799167335
2,central_c0.2,5,ompl_uniform,20281445,True,True,,1,0.10720731999026611,0.007581992,0.10720731999026611,0.10894743201788515
2,central_c0.2,5,cartesian_ik,20281445,True,True,,1,0.13498456799425185,0.029505671,0.13498456799425185,0.1573139550164342
2,central_c0.2,5,joint_projected,20281445,True,True,,1,0.08364800200797617,0.032829276,0.08364800200797617,0.10595430701505393
2,central_c0.2,6,cartesian_ik,20281546,True,True,,1,0.05511446902528405,0.015530336,0.05511446902528405,0.07673847902333364
2,central_c0.2,6,ompl_uniform,20281546,True,True,,1,0.1517870639800094,0.02015815,0.1517870639800094,0.15353727497858927
2,central_c0.2,6,joint_projected,20281546,True,True,,1,0.07351159298559651,0.01245738,0.07351159298559651,0.09566586802247912
2,central_c0.2,7,cartesian_ik,20281647,True,True,,1,0.14056209294358268,0.036586791,0.14056209294358268,0.16221904603298753
2,central_c0.2,7,joint_projected,20281647,True,True,,1,0.12609704199712723,0.027238404,0.12609704199712723,0.14791631302796304
2,central_c0.2,7,ompl_uniform,20281647,True,True,,1,0.16257333901012316,0.008902866,0.16257333901012316,0.16423182998551056
2,central_c0.2,8,joint_projected,20281748,True,True,,1,0.23352789698401466,0.040468384,0.23352789698401466,0.25596419302746654
2,central_c0.2,8,cartesian_ik,20281748,True,True,,1,0.06882886902894825,0.027244504,0.06882886902894825,0.09076768404338509
2,central_c0.2,8,ompl_uniform,20281748,True,True,,1,0.18180973595008254,0.008674378,0.18180973595008254,0.18322447704849765
2,central_c0.2,9,joint_projected,20281849,True,True,,1,0.15635397599544376,0.022311162,0.15635397599544376,0.17884294298710302
2,central_c0.2,9,ompl_uniform,20281849,True,True,,1,0.1452950169914402,0.011552338,0.1452950169914402,0.14720069599570706
2,central_c0.2,9,cartesian_ik,20281849,True,True,,1,0.11873698903946206,0.023265029,0.11873698903946206,0.14100782800232992
22,offset_c0.2,0,cartesian_ik,20481080,True,True,,1,0.08574945398140699,0.011718258,0.08574945398140699,0.10575849399901927
22,offset_c0.2,0,ompl_uniform,20481080,True,True,,1,0.13308136799605563,0.011996915,0.13308136799605563,0.1344597019487992
22,offset_c0.2,0,joint_projected,20481080,True,True,,1,0.10823760001221672,0.023745344,0.10823760001221672,0.1284659570083022
22,offset_c0.2,1,cartesian_ik,20481181,True,True,,1,0.09995304798940197,0.016937573,0.09995304798940197,0.12011780799366534
22,offset_c0.2,1,joint_projected,20481181,True,True,,1,0.08430055901408195,0.027042578,0.08430055901408195,0.10433308000210673
22,offset_c0.2,1,ompl_uniform,20481181,True,True,,1,0.07824407401494682,0.016526403,0.07824407401494682,0.07993827405152842
22,offset_c0.2,2,joint_projected,20481282,True,True,,1,0.030451763013843447,0.015203337,0.030451763013843447,0.05058088502846658
22,offset_c0.2,2,cartesian_ik,20481282,True,True,,1,0.12802124599693343,0.022656467,0.12802124599693343,0.14768046798417345
22,offset_c0.2,2,ompl_uniform,20481282,True,True,,1,0.2395675720181316,0.017394848,0.2395675720181316,0.24152669898467138
22,offset_c0.2,3,joint_projected,20481383,True,True,,1,0.10624054097570479,0.029312788,0.10624054097570479,0.1265715539921075
22,offset_c0.2,3,ompl_uniform,20481383,True,True,,1,0.16058163699926808,0.031946234,0.16058163699926808,0.16242979804519564
22,offset_c0.2,3,cartesian_ik,20481383,True,True,,1,0.08960843499517068,0.01487477,0.08960843499517068,0.10980411997297779
22,offset_c0.2,4,cartesian_ik,20481484,True,True,,1,0.15965377498650923,0.0125697,0.15965377498650923,0.17982975102495402
22,offset_c0.2,4,ompl_uniform,20481484,True,True,,1,0.11912349797785282,0.012775218,0.11912349797785282,0.12087553896708414
22,offset_c0.2,4,joint_projected,20481484,True,True,,1,0.12528591498266906,0.02747499,0.12528591498266906,0.14552243403159082
22,offset_c0.2,5,ompl_uniform,20481585,True,True,,1,0.10896666499320418,0.009517647,0.10896666499320418,0.1109146400121972
22,offset_c0.2,5,cartesian_ik,20481585,True,True,,1,0.07036829896969721,0.039095237,0.07036829896969721,0.09087909699883312
22,offset_c0.2,5,joint_projected,20481585,True,True,,1,0.05108860501786694,0.02401438,0.05108860501786694,0.07091207301709801
22,offset_c0.2,6,joint_projected,20481686,True,True,,1,0.1364682069979608,0.022240559,0.1364682069979608,0.15590115200029686
22,offset_c0.2,6,ompl_uniform,20481686,True,True,,1,0.16970971901901066,0.01219641,0.16970971901901066,0.17125889897579327
22,offset_c0.2,6,cartesian_ik,20481686,True,True,,1,0.07815117901191115,0.009571099,0.07815117901191115,0.0980922770104371
22,offset_c0.2,7,joint_projected,20481787,True,True,,1,0.09611104696523398,0.030107433,0.09611104696523398,0.11594832100672647
22,offset_c0.2,7,cartesian_ik,20481787,True,True,,1,0.13774403097340837,0.030378385,0.13774403097340837,0.15816150803584605
22,offset_c0.2,7,ompl_uniform,20481787,True,True,,1,0.08153112605214119,0.017991079,0.08153112605214119,0.0832362900255248
22,offset_c0.2,8,ompl_uniform,20481888,True,True,,1,0.10704288899432868,0.01054255,0.10704288899432868,0.10882210900308564
22,offset_c0.2,8,joint_projected,20481888,True,True,,1,0.10890445398399606,0.021016814,0.10890445398399606,0.128984042967204
22,offset_c0.2,8,cartesian_ik,20481888,True,True,,1,0.0774572990485467,0.015096583,0.0774572990485467,0.09739339997759089
22,offset_c0.2,9,cartesian_ik,20481989,True,True,,1,0.12741640099557117,0.015488467,0.12741640099557117,0.14743037102743983
22,offset_c0.2,9,joint_projected,20481989,True,True,,1,0.022384687035810202,0.009847949,0.022384687035810202,0.04243264900287613
22,offset_c0.2,9,ompl_uniform,20481989,True,True,,1,0.17658543301513419,0.023987234,0.17658543301513419,0.17837142304051667
9,central_c0.2,0,cartesian_ik,20350989,True,True,,1,0.1143881719908677,0.008198763,0.1143881719908677,0.13462265103589743
9,central_c0.2,0,ompl_uniform,20350989,True,True,,1,0.2654809260275215,0.018008036,0.2654809260275215,0.2668144659837708
9,central_c0.2,0,joint_projected,20350989,True,True,,1,0.16867796203587204,0.033195933,0.16867796203587204,0.18947369803208858
9,central_c0.2,1,ompl_uniform,20351090,True,True,,1,0.09822850301861763,0.007547603,0.09822850301861763,0.09995796799194068
9,central_c0.2,1,cartesian_ik,20351090,True,True,,1,0.11439414496999234,0.011851622,0.11439414496999234,0.1351585079682991
9,central_c0.2,1,joint_projected,20351090,True,True,,1,0.11531410203315318,0.026675273,0.11531410203315318,0.13574178999988362
9,central_c0.2,2,cartesian_ik,20351191,True,True,,1,0.04460308299167082,0.013157947,0.04460308299167082,0.06490550597663969
9,central_c0.2,2,joint_projected,20351191,True,True,,1,0.12097623199224472,0.031822634,0.12097623199224472,0.14150378399062902
9,central_c0.2,2,ompl_uniform,20351191,True,True,,1,0.09748152602696791,0.018516225,0.09748152602696791,0.09890776098472998
9,central_c0.2,3,ompl_uniform,20351292,True,True,,1,0.1390083139995113,0.014896337,0.1390083139995113,0.14121373899979517
9,central_c0.2,3,cartesian_ik,20351292,True,True,,1,0.037022509961389005,0.010714474,0.037022509961389005,0.05786416900809854
9,central_c0.2,3,joint_projected,20351292,True,True,,1,0.11247050599195063,0.035207306,0.11247050599195063,0.1329839410027489
9,central_c0.2,4,joint_projected,20351393,True,True,,1,0.15393705002497882,0.020530559,0.15393705002497882,0.17451942298794165
9,central_c0.2,4,cartesian_ik,20351393,True,True,,1,0.1512867400306277,0.039286835,0.1512867400306277,0.17171195201808587
9,central_c0.2,4,ompl_uniform,20351393,True,True,,1,0.15437112498329952,0.010969336,0.15437112498329952,0.15566309000132605
9,central_c0.2,5,cartesian_ik,20351494,True,True,,1,0.13625976396724582,0.034172152,0.13625976396724582,0.15686951903626323
9,central_c0.2,5,joint_projected,20351494,True,True,,1,0.16913969500456005,0.023281259,0.16913969500456005,0.18966545700095594
9,central_c0.2,5,ompl_uniform,20351494,True,True,,1,0.25270123401423916,0.013106062,0.25270123401423916,0.25445634400239214
9,central_c0.2,6,ompl_uniform,20351595,True,True,,1,0.22137506195576862,0.013965924,0.22137506195576862,0.22335736802779138
9,central_c0.2,6,joint_projected,20351595,True,True,,1,0.0889267330057919,0.025647689,0.0889267330057919,0.10954685095930472
9,central_c0.2,6,cartesian_ik,20351595,True,True,,1,0.1706790829775855,0.040792422,0.1706790829775855,0.19153432600433007
9,central_c0.2,7,ompl_uniform,20351696,True,True,,1,0.15289174998179078,0.010765078,0.15289174998179078,0.15460260398685932
9,central_c0.2,7,joint_projected,20351696,True,True,,1,0.1138090179883875,0.014783944,0.1138090179883875,0.1343330480158329
9,central_c0.2,7,cartesian_ik,20351696,True,True,,1,0.124776906974148,0.040084605,0.124776906974148,0.14480438502505422
9,central_c0.2,8,joint_projected,20351797,True,True,,1,0.09719713998492807,0.030153721,0.09719713998492807,0.11761801299871877
9,central_c0.2,8,ompl_uniform,20351797,True,True,,1,0.0936727300286293,0.022703654,0.0936727300286293,0.09539063699776307
9,central_c0.2,8,cartesian_ik,20351797,True,True,,1,0.07430305704474449,0.008785791,0.07430305704474449,0.0947554109734483
9,central_c0.2,9,joint_projected,20351898,True,True,,1,0.09137273801025003,0.025281231,0.09137273801025003,0.11203304200898856
9,central_c0.2,9,cartesian_ik,20351898,True,True,,1,0.03835759899811819,0.028245278,0.03835759899811819,0.05882782401749864
9,central_c0.2,9,ompl_uniform,20351898,True,True,,1,0.23093205300392583,0.017295515,0.23093205300392583,0.2327228530193679
23,offset_c0.2,0,joint_projected,20491087,True,True,,1,0.10601386200869456,0.019126734,0.10601386200869456,0.1264352229773067
23,offset_c0.2,0,cartesian_ik,20491087,True,True,,1,0.12669521797215566,0.026878763,0.12669521797215566,0.1474479070166126
23,offset_c0.2,0,ompl_uniform,20491087,True,True,,1,0.08168177003972232,0.015921049,0.08168177003972232,0.08358151698485017
23,offset_c0.2,1,joint_projected,20491188,True,True,,1,0.14346534898504615,0.028958539,0.14346534898504615,0.16370191104942933
23,offset_c0.2,1,cartesian_ik,20491188,True,True,,1,0.05071622703690082,0.017487389,0.05071622703690082,0.07093976304167882
23,offset_c0.2,1,ompl_uniform,20491188,True,True,,1,0.19958165899151936,0.00772157,0.19958165899151936,0.2011504920083098
23,offset_c0.2,2,cartesian_ik,20491289,True,True,,1,0.14429153897799551,0.033993043,0.14429153897799551,0.16524749604286626
23,offset_c0.2,2,joint_projected,20491289,True,True,,1,0.1108804049436003,0.021582767,0.1108804049436003,0.13159596303012222
23,offset_c0.2,2,ompl_uniform,20491289,True,True,,1,0.08442482497775927,0.014375905,0.08442482497775927,0.08613751298980787
23,offset_c0.2,3,cartesian_ik,20491390,True,True,,1,0.1341551750083454,0.015178547,0.1341551750083454,0.15495961502892897
23,offset_c0.2,3,joint_projected,20491390,True,True,,1,0.09897998702945188,0.020732309,0.09897998702945188,0.11948791099712253
23,offset_c0.2,3,ompl_uniform,20491390,True,True,,1,0.15537125401897356,0.00746515,0.15537125401897356,0.15718065697001293
23,offset_c0.2,4,joint_projected,20491491,True,True,,1,0.09518382395617664,0.014385164,0.09518382395617664,0.11563863704213873
23,offset_c0.2,4,ompl_uniform,20491491,True,True,,1,0.11408781498903409,0.01241305,0.11408781498903409,0.11578269803430885
23,offset_c0.2,4,cartesian_ik,20491491,True,True,,1,0.14708819601219147,0.021206785,0.14708819601219147,0.167888866038993
23,offset_c0.2,5,ompl_uniform,20491592,True,True,,1,0.16563279897673056,0.0071148,0.16563279897673056,0.16760261001763865
23,offset_c0.2,5,joint_projected,20491592,True,True,,1,0.10728437994839624,0.038157437,0.10728437994839624,0.12827831401955336
23,offset_c0.2,5,cartesian_ik,20491592,True,True,,1,0.09869688097387552,0.031705424,0.09869688097387552,0.1190508000436239
23,offset_c0.2,6,ompl_uniform,20491693,True,True,,1,0.08761398203205317,0.010562763,0.08761398203205317,0.08933055197121575
23,offset_c0.2,6,joint_projected,20491693,True,True,,1,0.04657805198803544,0.014725724,0.04657805198803544,0.06743765703868121
23,offset_c0.2,6,cartesian_ik,20491693,True,True,,1,0.04876279801828787,0.012625227,0.04876279801828787,0.06962136703077704
23,offset_c0.2,7,ompl_uniform,20491794,True,True,,1,0.1589832049794495,0.011769963,0.1589832049794495,0.16072937898570672
23,offset_c0.2,7,cartesian_ik,20491794,True,True,,1,0.07763723004609346,0.006069504,0.07763723004609346,0.09867226699134335
23,offset_c0.2,7,joint_projected,20491794,True,True,,1,0.08225207403302193,0.017490272,0.08225207403302193,0.10296595998806879
23,offset_c0.2,8,ompl_uniform,20491895,True,True,,1,0.1366918219719082,0.014218248,0.1366918219719082,0.13822408998385072
23,offset_c0.2,8,cartesian_ik,20491895,True,True,,1,0.1100359900156036,0.02082844,0.1100359900156036,0.13089502201182768
23,offset_c0.2,8,joint_projected,20491895,True,True,,1,0.1182132150279358,0.026065059,0.1182132150279358,0.1388848660280928
23,offset_c0.2,9,ompl_uniform,20491996,True,True,,1,0.10967072896892205,0.009230732,0.10967072896892205,0.11136487702606246
23,offset_c0.2,9,joint_projected,20491996,True,True,,1,0.0490111910039559,0.015422218,0.0490111910039559,0.0694972850033082
23,offset_c0.2,9,cartesian_ik,20491996,True,True,,1,0.09052705904468894,0.007893384,0.09052705904468894,0.11099900200497359
40,distant_c0.2,0,cartesian_ik,20661206,True,True,,1,0.20150196499889717,0.024890363,0.20150196499889717,0.22274044097866863
40,distant_c0.2,0,joint_projected,20661206,True,True,,1,0.1013650509994477,0.023974698,0.1013650509994477,0.12229403393575922
40,distant_c0.2,0,ompl_uniform,20661206,True,True,,1,0.16682501102332026,0.011239288,0.16682501102332026,0.1684188509825617
40,distant_c0.2,1,cartesian_ik,20661307,True,True,,1,0.054730998002924025,0.020358264,0.054730998002924025,0.0756404449348338
40,distant_c0.2,1,ompl_uniform,20661307,True,True,,1,0.11757672799285501,0.013363821,0.11757672799285501,0.11920177499996498
40,distant_c0.2,1,joint_projected,20661307,True,True,,1,0.1469619059935212,0.019974994,0.1469619059935212,0.16862906096503139
40,distant_c0.2,2,joint_projected,20661408,True,True,,1,0.03108674701070413,0.015769175,0.03108674701070413,0.052111539989709854
40,distant_c0.2,2,ompl_uniform,20661408,True,True,,1,0.19020926399389282,0.009912282,0.19020926399389282,0.19154976803110912
40,distant_c0.2,2,cartesian_ik,20661408,True,True,,1,0.10314861201914027,0.016310701,0.10314861201914027,0.12443114997586235
40,distant_c0.2,3,ompl_uniform,20661509,True,True,,1,0.15723022702150047,0.026983974,0.15723022702150047,0.1590324629796669
40,distant_c0.2,3,cartesian_ik,20661509,True,True,,1,0.031024372030515224,0.007624477,0.031024372030515224,0.052025246957782656
40,distant_c0.2,3,joint_projected,20661509,True,True,,1,0.11141729599330574,0.022518403,0.11141729599330574,0.132542768958956
40,distant_c0.2,4,joint_projected,20661610,True,True,,1,0.06034106999868527,0.012830819,0.06034106999868527,0.0816676709218882
40,distant_c0.2,4,cartesian_ik,20661610,True,True,,1,0.1296103569911793,0.012257149,0.1296103569911793,0.15051714796572924
40,distant_c0.2,4,ompl_uniform,20661610,True,True,,1,0.17121888202382252,0.008108096,0.17121888202382252,0.17286981601500884
40,distant_c0.2,5,ompl_uniform,20661711,True,True,,1,0.07601333200000226,0.009332873,0.07601333200000226,0.07789777702419087
40,distant_c0.2,5,joint_projected,20661711,True,True,,1,0.07182570599252358,0.016284831,0.07182570599252358,0.09316982299787924
40,distant_c0.2,5,cartesian_ik,20661711,True,True,,1,0.10863822500687093,0.014651815,0.10863822500687093,0.12982056493638083
40,distant_c0.2,6,cartesian_ik,20661812,True,True,,1,0.05333389400038868,0.006016892,0.05333389400038868,0.07441853795899078
40,distant_c0.2,6,ompl_uniform,20661812,True,True,,1,0.1463411750155501,0.00994397,0.1463411750155501,0.14823903504293412
40,distant_c0.2,6,joint_projected,20661812,True,True,,1,0.02325214701704681,0.01837175,0.02325214701704681,0.044569788966327906
40,distant_c0.2,7,ompl_uniform,20661913,True,True,,1,0.1746033770032227,0.01440606,0.1746033770032227,0.17598368297331035
40,distant_c0.2,7,joint_projected,20661913,True,True,,1,0.0508468629559502,0.024210905,0.0508468629559502,0.07213001296622679
40,distant_c0.2,7,cartesian_ik,20661913,True,True,,1,0.06640965800033882,0.023953037,0.06640965800033882,0.08790305396541953
40,distant_c0.2,8,cartesian_ik,20662014,True,True,,1,0.06850069295614958,0.007826566,0.06850069295614958,0.08945409691659734
40,distant_c0.2,8,joint_projected,20662014,True,True,,1,0.05962183797964826,0.01592104,0.05962183797964826,0.08057130093220621
40,distant_c0.2,8,ompl_uniform,20662014,True,True,,1,0.14729170297505334,0.013782645,0.14729170297505334,0.14885555603541434
40,distant_c0.2,9,joint_projected,20662115,True,True,,1,0.07727145898388699,0.018252452,0.07727145898388699,0.09884411696111783
40,distant_c0.2,9,ompl_uniform,20662115,True,True,,1,0.12609392299782485,0.015196536,0.12609392299782485,0.12788144400110468
40,distant_c0.2,9,cartesian_ik,20662115,True,True,,1,0.16762187000131235,0.023513411,0.16762187000131235,0.18898213299689814
33,offset_c0.8,0,ompl_uniform,20591157,True,True,,1,0.1651261260267347,0.009765504,0.1651261260267347,0.1667354700039141
33,offset_c0.8,0,joint_projected,20591157,True,True,,1,0.15164436999475583,0.017553466,0.15164436999475583,0.1722878990112804
33,offset_c0.8,0,cartesian_ik,20591157,True,True,,1,0.04335203900700435,0.006614021,0.04335203900700435,0.06463410402648151
33,offset_c0.8,1,cartesian_ik,20591258,True,True,,1,0.12056089099496603,0.045725537,0.12056089099496603,0.14164723397698253
33,offset_c0.8,1,joint_projected,20591258,True,True,,1,0.11429406702518463,0.031610503,0.11429406702518463,0.13532259699422866
33,offset_c0.8,1,ompl_uniform,20591258,True,True,,1,0.1465999720385298,0.008676842,0.1465999720385298,0.14829064504010603
33,offset_c0.8,2,joint_projected,20591359,True,True,,1,0.059036822989583015,0.030757859,0.059036822989583015,0.0802630609832704
33,offset_c0.8,2,ompl_uniform,20591359,True,True,,1,0.10873088997323066,0.021137916,0.10873088997323066,0.1104805669747293
33,offset_c0.8,2,cartesian_ik,20591359,True,True,,1,0.1673298419918865,0.018448675,0.1673298419918865,0.18962282000575215
33,offset_c0.8,3,ompl_uniform,20591460,True,True,,1,0.1673594550229609,0.008459033,0.1673594550229609,0.1688209769781679
33,offset_c0.8,3,joint_projected,20591460,True,True,,1,0.13270827499218285,0.030180481,0.13270827499218285,0.1535052489489317
33,offset_c0.8,3,cartesian_ik,20591460,True,True,,1,0.145555468974635,0.048358176,0.145555468974635,0.16666077397530898
33,offset_c0.8,4,ompl_uniform,20591561,True,True,,1,0.09163006901508197,0.008228301,0.09163006901508197,0.09318876499310136
33,offset_c0.8,4,cartesian_ik,20591561,True,True,,1,0.10875759500777349,0.015330519,0.10875759500777349,0.12998868199065328
33,offset_c0.8,4,joint_projected,20591561,True,True,,1,0.08640600001672283,0.019935349,0.08640600001672283,0.10720216698246077
33,offset_c0.8,5,ompl_uniform,20591662,True,True,,1,0.19740247796289623,0.010077769,0.19740247796289623,0.1990819349884987
33,offset_c0.8,5,joint_projected,20591662,True,True,,1,0.12893507099943236,0.030834414,0.12893507099943236,0.15012632799334824
33,offset_c0.8,5,cartesian_ik,20591662,True,True,,1,0.14648505399236456,0.009126097,0.14648505399236456,0.16723069199360907
33,offset_c0.8,6,cartesian_ik,20591763,True,True,,1,0.09665698505705222,0.008603377,0.09665698505705222,0.1176749830483459
33,offset_c0.8,6,ompl_uniform,20591763,True,True,,1,0.12052434298675507,0.01197013,0.12052434298675507,0.1220499339979142
33,offset_c0.8,6,joint_projected,20591763,True,True,,1,0.039554969989694655,0.017374971,0.039554969989694655,0.0609024140285328
33,offset_c0.8,7,joint_projected,20591864,True,True,,1,0.1564408850390464,0.020521139,0.1564408850390464,0.17761175701161847
33,offset_c0.8,7,cartesian_ik,20591864,True,True,,1,0.11931395897408947,0.025865444,0.11931395897408947,0.14054786099586636
33,offset_c0.8,7,ompl_uniform,20591864,True,True,,1,0.14656326500698924,0.0099152,0.14656326500698924,0.14818261103937402
33,offset_c0.8,8,ompl_uniform,20591965,True,True,,1,0.17684905196074396,0.009339127,0.17684905196074396,0.1785818799980916
33,offset_c0.8,8,cartesian_ik,20591965,True,True,,1,0.08104454999556765,0.008777008,0.08104454999556765,0.10227650502929464
33,offset_c0.8,8,joint_projected,20591965,True,True,,1,0.13098425400676206,0.019256218,0.13098425400676206,0.15191395999863744
33,offset_c0.8,9,joint_projected,20592066,True,True,,1,0.11124683899106458,0.019551836,0.11124683899106458,0.13219673099229112
33,offset_c0.8,9,cartesian_ik,20592066,True,True,,1,0.15975541505031288,0.010262629,0.15975541505031288,0.18050276400754228
33,offset_c0.8,9,ompl_uniform,20592066,True,True,,1,0.11742967099417001,0.01472692,0.11742967099417001,0.11903856100980192
39,offset_c0.8,0,ompl_uniform,20651199,True,True,,1,0.1577859059907496,0.00986837,0.1577859059907496,0.15961768495617434
39,offset_c0.8,0,joint_projected,20651199,False,False,start_invalid_in_corridor,,0.0,0.0,6.0,0.020244943036232144
39,offset_c0.8,0,cartesian_ik,20651199,False,False,start_invalid_in_corridor,,0.0,0.0,6.0,0.019493176019750535
39,offset_c0.8,1,ompl_uniform,20651300,True,True,,1,0.15329257905250415,0.008425864,0.15329257905250415,0.15444147295784205
39,offset_c0.8,1,cartesian_ik,20651300,False,False,start_invalid_in_corridor,,0.0,0.0,6.0,0.019977595016825944
39,offset_c0.8,1,joint_projected,20651300,False,False,start_invalid_in_corridor,,0.0,0.0,6.0,0.0196528640226461
39,offset_c0.8,2,ompl_uniform,20651401,True,True,,1,0.16327839897712693,0.008128213,0.16327839897712693,0.16428512200945988
39,offset_c0.8,2,joint_projected,20651401,False,False,start_invalid_in_corridor,,0.0,0.0,6.0,0.019791452039498836
39,offset_c0.8,2,cartesian_ik,20651401,False,False,start_invalid_in_corridor,,0.0,0.0,6.0,0.019430523039773107
39,offset_c0.8,3,joint_projected,20651502,False,False,start_invalid_in_corridor,,0.0,0.0,6.0,0.01926295005250722
39,offset_c0.8,3,cartesian_ik,20651502,False,False,start_invalid_in_corridor,,0.0,0.0,6.0,0.019196156063117087
39,offset_c0.8,3,ompl_uniform,20651502,True,True,,1,0.15318325097905472,0.020031075,0.15318325097905472,0.15423495596041903
39,offset_c0.8,4,joint_projected,20651603,False,False,start_invalid_in_corridor,,0.0,0.0,6.0,0.02070228708907962
39,offset_c0.8,4,cartesian_ik,20651603,False,False,start_invalid_in_corridor,,0.0,0.0,6.0,0.02022086101351306
39,offset_c0.8,4,ompl_uniform,20651603,True,True,,1,0.26887557399459183,0.014874102,0.26887557399459183,0.27032666304148734
39,offset_c0.8,5,joint_projected,20651704,False,False,start_invalid_in_corridor,,0.0,0.0,6.0,0.020380211994051933
39,offset_c0.8,5,cartesian_ik,20651704,False,False,start_invalid_in_corridor,,0.0,0.0,6.0,0.01989797007991001
39,offset_c0.8,5,ompl_uniform,20651704,True,True,,1,0.14025048504117876,0.014331598,0.14025048504117876,0.14136251795571297
39,offset_c0.8,6,ompl_uniform,20651805,True,True,,1,0.10116590600227937,0.009833943,0.10116590600227937,0.1030101390206255
39,offset_c0.8,6,cartesian_ik,20651805,False,False,start_invalid_in_corridor,,0.0,0.0,6.0,0.020336799032520503
39,offset_c0.8,6,joint_projected,20651805,False,False,start_invalid_in_corridor,,0.0,0.0,6.0,0.01976683404063806
39,offset_c0.8,7,cartesian_ik,20651906,False,False,start_invalid_in_corridor,,0.0,0.0,6.0,0.019319841056130826
39,offset_c0.8,7,joint_projected,20651906,False,False,start_invalid_in_corridor,,0.0,0.0,6.0,0.0194095530314371
39,offset_c0.8,7,ompl_uniform,20651906,True,True,,1,0.14485431095818058,0.00845276,0.14485431095818058,0.1458641840144992
39,offset_c0.8,8,joint_projected,20652007,False,False,start_invalid_in_corridor,,0.0,0.0,6.0,0.020127467054408044
39,offset_c0.8,8,ompl_uniform,20652007,True,True,,1,0.13235566101502627,0.010825582,0.13235566101502627,0.13363758701598272
39,offset_c0.8,8,cartesian_ik,20652007,False,False,start_invalid_in_corridor,,0.0,0.0,6.0,0.02008783706696704
39,offset_c0.8,9,joint_projected,20652108,False,False,start_invalid_in_corridor,,0.0,0.0,6.0,0.01959952007746324
39,offset_c0.8,9,ompl_uniform,20652108,True,True,,1,0.13424474600469694,0.008562318,0.13424474600469694,0.13539995503379032
39,offset_c0.8,9,cartesian_ik,20652108,False,False,start_invalid_in_corridor,,0.0,0.0,6.0,0.0205144930514507
6,central_c0.2,0,joint_projected,20320968,True,True,,1,0.11668035801267251,0.013133821,0.11668035801267251,0.1367437270237133
6,central_c0.2,0,cartesian_ik,20320968,True,True,,1,0.040148872998543084,0.018049864,0.040148872998543084,0.05957908398704603
6,central_c0.2,0,ompl_uniform,20320968,True,True,,1,0.10224575200118124,0.010520771,0.10224575200118124,0.10381179000250995
6,central_c0.2,1,cartesian_ik,20321069,True,True,,1,0.08484748797491193,0.011918677,0.08484748797491193,0.1046634900267236
6,central_c0.2,1,ompl_uniform,20321069,True,True,,1,0.17440120596438646,0.012934619,0.17440120596438646,0.17612054699566215
6,central_c0.2,1,joint_projected,20321069,True,True,,1,0.11949727195315063,0.020423263,0.11949727195315063,0.13976105500478297
6,central_c0.2,2,ompl_uniform,20321170,True,True,,1,0.16411508998135105,0.010343208,0.16411508998135105,0.16552938299719244
6,central_c0.2,2,joint_projected,20321170,True,True,,1,0.14123506000032648,0.033401424,0.14123506000032648,0.16145564103499055
6,central_c0.2,2,cartesian_ik,20321170,True,True,,1,0.09288092097267509,0.01006467,0.09288092097267509,0.11251290002837777
6,central_c0.2,3,cartesian_ik,20321271,True,True,,1,0.10709721100283787,0.016880318,0.10709721100283787,0.12684347905451432
6,central_c0.2,3,joint_projected,20321271,True,True,,1,0.11541196098551154,0.034753591,0.11541196098551154,0.13533369201468304
6,central_c0.2,3,ompl_uniform,20321271,True,True,,1,0.11987667001085356,0.00954089,0.11987667001085356,0.12155011197319254
6,central_c0.2,4,cartesian_ik,20321372,True,True,,1,0.12202530400827527,0.021339797,0.12202530400827527,0.14251746603986248
6,central_c0.2,4,joint_projected,20321372,True,True,,1,0.10920895700110123,0.03267599,0.10920895700110123,0.12939876300515607
6,central_c0.2,4,ompl_uniform,20321372,True,True,,1,0.11185855499934405,0.010870844,0.11185855499934405,0.1135954960482195
6,central_c0.2,5,joint_projected,20321473,True,True,,1,0.05054866103455424,0.030261086,0.05054866103455424,0.07083292701281607
6,central_c0.2,5,cartesian_ik,20321473,True,True,,1,0.15955044201109558,0.020294979,0.15955044201109558,0.17959367198636755
6,central_c0.2,5,ompl_uniform,20321473,True,True,,1,0.10326113802148029,0.010425421,0.10326113802148029,0.1049920100485906
6,central_c0.2,6,joint_projected,20321574,True,True,,1,0.11048009601654485,0.033485343,0.11048009601654485,0.13033366203308105
6,central_c0.2,6,cartesian_ik,20321574,True,True,,1,0.06329789204755798,0.02349495,0.06329789204755798,0.08325250603957102
6,central_c0.2,6,ompl_uniform,20321574,True,True,,1,0.12514866201672703,0.011175584,0.12514866201672703,0.1268253559828736
6,central_c0.2,7,joint_projected,20321675,True,True,,1,0.10672677401453257,0.020597311,0.10672677401453257,0.1271036040270701
6,central_c0.2,7,cartesian_ik,20321675,True,True,,1,0.14792131300782785,0.028505974,0.14792131300782785,0.16793952404987067
6,central_c0.2,7,ompl_uniform,20321675,True,True,,1,0.21074585994938388,0.014167978,0.21074585994938388,0.21252277004532516
6,central_c0.2,8,ompl_uniform,20321776,True,True,,1,0.18344444001559168,0.010750317,0.18344444001559168,0.1853275439934805
6,central_c0.2,8,joint_projected,20321776,True,True,,1,0.16944029199657962,0.021532964,0.16944029199657962,0.18994205904891714
6,central_c0.2,8,cartesian_ik,20321776,True,True,,1,0.09162930300226435,0.008180623,0.09162930300226435,0.11160919902613387
6,central_c0.2,9,cartesian_ik,20321877,True,True,,1,0.09376758401049301,0.016519049,0.09376758401049301,0.11383178399410099
6,central_c0.2,9,joint_projected,20321877,True,True,,1,0.18117085698759183,0.028601277,0.18117085698759183,0.20127129997126758
6,central_c0.2,9,ompl_uniform,20321877,True,True,,1,0.10319812799571082,0.028819409,0.10319812799571082,0.10481104598147795
59,distant_c0.8,0,joint_projected,20851339,True,True,,1,0.05080452695256099,0.011109673,0.05080452695256099,0.0716142010060139
59,distant_c0.8,0,ompl_uniform,20851339,True,True,,1,0.14983097196090966,0.009873212,0.14983097196090966,0.1512306309887208
59,distant_c0.8,0,cartesian_ik,20851339,True,True,,1,0.08698541804915294,0.021040808,0.08698541804915294,0.10790616204030812
59,distant_c0.8,1,joint_projected,20851440,True,True,,1,0.08652607101248577,0.018614471,0.08652607101248577,0.10747389798052609
59,distant_c0.8,1,ompl_uniform,20851440,True,True,,1,0.07160280202515423,0.014899979,0.07160280202515423,0.07303632103139535
59,distant_c0.8,1,cartesian_ik,20851440,True,True,,1,0.09988982498180121,0.017378073,0.09988982498180121,0.12062319199321792
59,distant_c0.8,2,joint_projected,20851541,True,True,,1,0.11420638900017366,0.020155157,0.11420638900017366,0.13520078198052943
59,distant_c0.8,2,ompl_uniform,20851541,True,True,,1,0.17425020999507979,0.009352346,0.17425020999507979,0.17608693602960557
59,distant_c0.8,2,cartesian_ik,20851541,True,True,,1,0.1273401840007864,0.017201708,0.1273401840007864,0.14868491800734773
59,distant_c0.8,3,joint_projected,20851642,True,True,,1,0.11719647096469998,0.014357437,0.11719647096469998,0.13786559196887538
59,distant_c0.8,3,cartesian_ik,20851642,True,True,,1,0.13676616398151964,0.022708346,0.13676616398151964,0.15755395399173722
59,distant_c0.8,3,ompl_uniform,20851642,True,True,,1,0.0973979170084931,0.010476562,0.0973979170084931,0.09912415995495394
59,distant_c0.8,4,cartesian_ik,20851743,True,True,,1,0.09064105700235814,0.007871967,0.09064105700235814,0.11174668901367113
59,distant_c0.8,4,ompl_uniform,20851743,True,True,,1,0.14582123002037406,0.009798805,0.14582123002037406,0.14764991798438132
59,distant_c0.8,4,joint_projected,20851743,True,True,,1,0.12981709302403033,0.018254786,0.12981709302403033,0.1510440960410051
59,distant_c0.8,5,ompl_uniform,20851844,True,True,,1,0.1448241290054284,0.007974123,0.1448241290054284,0.1465229869936593
59,distant_c0.8,5,joint_projected,20851844,True,True,,1,0.1026848090114072,0.026716919,0.1026848090114072,0.12366556597407907
59,distant_c0.8,5,cartesian_ik,20851844,True,True,,1,0.1587649100110866,0.020936207,0.1587649100110866,0.1793043459765613
59,distant_c0.8,6,cartesian_ik,20851945,True,True,,1,0.11067162395920604,0.031832677,0.11067162395920604,0.13117849396076053
59,distant_c0.8,6,joint_projected,20851945,True,True,,1,0.1418111399980262,0.013268785,0.1418111399980262,0.16200582002056763
59,distant_c0.8,6,ompl_uniform,20851945,True,True,,1,0.13967202400090173,0.016844948,0.13967202400090173,0.14142400299897417
59,distant_c0.8,7,ompl_uniform,20852046,True,True,,1,0.0948671800433658,0.019384808,0.0948671800433658,0.09661861701169983
59,distant_c0.8,7,joint_projected,20852046,True,True,,1,0.11267141700955108,0.016544979,0.11267141700955108,0.1334802019991912
59,distant_c0.8,7,cartesian_ik,20852046,True,True,,1,0.11763579404214397,0.018948478,0.11763579404214397,0.13811426103347912
59,distant_c0.8,8,ompl_uniform,20852147,True,True,,1,0.09975546400528401,0.016498754,0.09975546400528401,0.10165552899707109
59,distant_c0.8,8,cartesian_ik,20852147,True,True,,1,0.16712938400451094,0.01026771,0.16712938400451094,0.18839336099335924
59,distant_c0.8,8,joint_projected,20852147,True,True,,1,0.07938401197316125,0.023750141,0.07938401197316125,0.10017058299854398
59,distant_c0.8,9,cartesian_ik,20852248,True,True,,1,0.07810076995519921,0.020643118,0.07810076995519921,0.09856978198513389
59,distant_c0.8,9,ompl_uniform,20852248,True,True,,1,0.0976304019568488,0.016905365,0.0976304019568488,0.09935132297687232
59,distant_c0.8,9,joint_projected,20852248,True,True,,1,0.15179807000095025,0.018534588,0.15179807000095025,0.17295267101144418
30,offset_c0.8,0,joint_projected,20561136,True,True,,1,0.16438448301050812,0.033242059,0.16438448301050812,0.18481847801012918
30,offset_c0.8,0,ompl_uniform,20561136,True,True,,1,0.08616441703634337,0.022833405,0.08616441703634337,0.0876726940041408
30,offset_c0.8,0,cartesian_ik,20561136,True,True,,1,0.12091822497313842,0.013298981,0.12091822497313842,0.1415460979915224
30,offset_c0.8,1,joint_projected,20561237,True,True,,1,0.17963483900530264,0.034929817,0.17963483900530264,0.2001849190564826
30,offset_c0.8,1,cartesian_ik,20561237,True,True,,1,0.11197951901704073,0.036148035,0.11197951901704073,0.13264721201267093
30,offset_c0.8,1,ompl_uniform,20561237,True,True,,1,0.16817385499598458,0.0081971,0.16817385499598458,0.16968714399263263
30,offset_c0.8,2,cartesian_ik,20561338,True,True,,1,0.1481077449861914,0.027844621,0.1481077449861914,0.16869594098534435
30,offset_c0.8,2,joint_projected,20561338,True,True,,1,0.08205994899617508,0.011610289,0.08205994899617508,0.10276196402264759
30,offset_c0.8,2,ompl_uniform,20561338,True,True,,1,0.14534101798199117,0.010482287,0.14534101798199117,0.14678076596464962
30,offset_c0.8,3,cartesian_ik,20561439,True,True,,1,0.10646038205595687,0.007510728,0.10646038205595687,0.12693232903257012
30,offset_c0.8,3,joint_projected,20561439,True,True,,1,0.13298959500389174,0.025159947,0.13298959500389174,0.15357121702982113
30,offset_c0.8,3,ompl_uniform,20561439,True,True,,1,0.12190306396223605,0.017680555,0.12190306396223605,0.12335974897723645
30,offset_c0.8,4,cartesian_ik,20561540,True,True,,1,0.07999312097672373,0.030636278,0.07999312097672373,0.10038183705182746
30,offset_c0.8,4,ompl_uniform,20561540,True,True,,1,0.13987848500255495,0.013977397,0.13987848500255495,0.14148072095122188
30,offset_c0.8,4,joint_projected,20561540,True,True,,1,0.15933887899154797,0.02724917,0.15933887899154797,0.18032506702002138
30,offset_c0.8,5,ompl_uniform,20561641,True,True,,1,0.11840462399413809,0.020825155,0.11840462399413809,0.12013456597924232
30,offset_c0.8,5,joint_projected,20561641,True,True,,1,0.10238366900011897,0.016516694,0.10238366900011897,0.12353973701829091
30,offset_c0.8,5,cartesian_ik,20561641,True,True,,1,0.04396955302217975,0.01540275,0.04396955302217975,0.06457176100229844
30,offset_c0.8,6,ompl_uniform,20561742,True,True,,1,0.08162826200714335,0.009803883,0.08162826200714335,0.08340408001095057
30,offset_c0.8,6,joint_projected,20561742,True,True,,1,0.12380092398962006,0.026296144,0.12380092398962006,0.14442162902560085
30,offset_c0.8,6,cartesian_ik,20561742,True,True,,1,0.17226754204602912,0.055585095,0.17226754204602912,0.1929748840047978
30,offset_c0.8,7,joint_projected,20561843,True,True,,1,0.12968541000736877,0.023054516,0.12968541000736877,0.15037820005090907
30,offset_c0.8,7,cartesian_ik,20561843,True,True,,1,0.056145954004023224,0.019920909,0.056145954004023224,0.07647210702998564
30,offset_c0.8,7,ompl_uniform,20561843,True,True,,1,0.11439360800432041,0.025840469,0.11439360800432041,0.11584215698530897
30,offset_c0.8,8,cartesian_ik,20561944,True,True,,1,0.08228743000654504,0.043511192,0.08228743000654504,0.10253527603344992
30,offset_c0.8,8,joint_projected,20561944,True,True,,1,0.20359616697533056,0.026557287,0.20359616697533056,0.22403678303817287
30,offset_c0.8,8,ompl_uniform,20561944,True,True,,1,0.0974943219916895,0.013249134,0.0974943219916895,0.09907665196806192
30,offset_c0.8,9,joint_projected,20562045,True,True,,1,0.16083818400511518,0.028034173,0.16083818400511518,0.18161455704830587
30,offset_c0.8,9,ompl_uniform,20562045,True,True,,1,0.09349147096509114,0.013584758,0.09349147096509114,0.09522579394979402
30,offset_c0.8,9,cartesian_ik,20562045,True,True,,1,0.3659878220059909,0.080108582,0.3659878220059909,0.3872072530211881
28,offset_c0.2,0,cartesian_ik,20541122,True,True,,1,0.2530408150050789,0.036100574,0.2530408150050789,0.2738657150766812
28,offset_c0.2,0,joint_projected,20541122,True,True,,1,0.11855449801078066,0.033769059,0.11855449801078066,0.1392330950475298
28,offset_c0.2,0,ompl_uniform,20541122,True,True,,1,0.18526333599584177,0.020224317,0.18526333599584177,0.18692908203229308
28,offset_c0.2,1,cartesian_ik,20541223,True,True,,1,0.10292194900102913,0.012174623,0.10292194900102913,0.1236136740189977
28,offset_c0.2,1,ompl_uniform,20541223,True,True,,1,0.12004116596654058,0.009906225,0.12004116596654058,0.12152846099343151
28,offset_c0.2,1,joint_projected,20541223,True,True,,1,0.11423025699332356,0.030641569,0.11423025699332356,0.1354829800548032
28,offset_c0.2,2,ompl_uniform,20541324,True,True,,1,0.07915814797161147,0.007589992,0.07915814797161147,0.0805897549726069
28,offset_c0.2,2,cartesian_ik,20541324,True,True,,1,0.13246764097129926,0.016367063,0.13246764097129926,0.15318633406423032
28,offset_c0.2,2,joint_projected,20541324,True,True,,1,0.08014539995929226,0.028142338,0.08014539995929226,0.10033832705812529
28,offset_c0.2,3,cartesian_ik,20541425,True,True,,1,0.11671446700347587,0.015126272,0.11671446700347587,0.1375774450134486
28,offset_c0.2,3,joint_projected,20541425,True,True,,1,0.06576789496466517,0.025238634,0.06576789496466517,0.08623012399766594
28,offset_c0.2,3,ompl_uniform,20541425,True,True,,1,0.1545452430145815,0.022555543,0.1545452430145815,0.15612540097208694
28,offset_c0.2,4,joint_projected,20541526,True,True,,1,0.05688944400753826,0.026772905,0.05688944400753826,0.07772830704925582
28,offset_c0.2,4,cartesian_ik,20541526,True,True,,1,0.07822408596985042,0.014753284,0.07822408596985042,0.0989265990210697
28,offset_c0.2,4,ompl_uniform,20541526,True,True,,1,0.07443368999520317,0.020828488,0.07443368999520317,0.07582723197992891
28,offset_c0.2,5,joint_projected,20541627,True,True,,1,0.10418631497304887,0.035271956,0.10418631497304887,0.12508187006460503
28,offset_c0.2,5,ompl_uniform,20541627,True,True,,1,0.10872448101872578,0.04040475,0.10872448101872578,0.11040274397237226
28,offset_c0.2,5,cartesian_ik,20541627,True,True,,1,0.21884321700781584,0.044526619,0.21884321700781584,0.24016584904165938
28,offset_c0.2,6,ompl_uniform,20541728,True,True,,1,0.15997139899991453,0.010571768,0.15997139899991453,0.1617752590100281
28,offset_c0.2,6,cartesian_ik,20541728,True,True,,1,0.10747008700855076,0.036329614,0.10747008700855076,0.1283313180319965
28,offset_c0.2,6,joint_projected,20541728,True,True,,1,0.2009527999907732,0.027877532,0.2009527999907732,0.22224701702361926
28,offset_c0.2,7,ompl_uniform,20541829,True,True,,1,0.20282531599514186,0.021382724,0.20282531599514186,0.20469919400056824
28,offset_c0.2,7,cartesian_ik,20541829,True,True,,1,0.1053701969794929,0.013218169,0.1053701969794929,0.1263095840695314
28,offset_c0.2,7,joint_projected,20541829,True,True,,1,0.10626324795885012,0.031080902,0.10626324795885012,0.12717261305078864
28,offset_c0.2,8,ompl_uniform,20541930,True,True,,1,0.1864279699511826,0.009906197,0.1864279699511826,0.18831310095265508
28,offset_c0.2,8,cartesian_ik,20541930,True,True,,1,0.14859285799320787,0.018044767,0.14859285799320787,0.1699581520515494
28,offset_c0.2,8,joint_projected,20541930,True,True,,1,0.3666301249759272,0.04686732,0.3666301249759272,0.3882188090356067
28,offset_c0.2,9,joint_projected,20542031,True,True,,1,0.034900470986030996,0.014352784,0.034900470986030996,0.05559975409414619
28,offset_c0.2,9,cartesian_ik,20542031,True,True,,1,0.09688048501266167,0.025692401,0.09688048501266167,0.11771593405865133
28,offset_c0.2,9,ompl_uniform,20542031,True,True,,1,0.17643622099421918,0.012365529,0.17643622099421918,0.1781481450307183
0,central_c0.2,0,ompl_uniform,20260926,True,True,,1,0.30523280100896955,0.023912643,0.30523280100896955,0.3069723970256746
0,central_c0.2,0,cartesian_ik,20260926,True,True,,1,0.11123892001342028,0.025972317,0.11123892001342028,0.1444665910094045
0,central_c0.2,0,joint_projected,20260926,True,True,,1,0.08435903600184247,0.020742839,0.08435903600184247,0.11801321798702702
0,central_c0.2,1,joint_projected,20261027,True,True,,1,0.10956908098887652,0.021014681,0.10956908098887652,0.14287890802370384
0,central_c0.2,1,cartesian_ik,20261027,True,True,,1,0.0933937419904396,0.02417864,0.0933937419904396,0.1262300509843044
0,central_c0.2,1,ompl_uniform,20261027,True,True,,1,0.18452152505051345,0.008797457,0.18452152505051345,0.18631183897377923
0,central_c0.2,2,cartesian_ik,20261128,True,True,,1,0.1418419000110589,0.023566488,0.1418419000110589,0.17527555796550587
0,central_c0.2,2,ompl_uniform,20261128,True,True,,1,0.1737683010287583,0.010470679,0.1737683010287583,0.17547801503678784
0,central_c0.2,2,joint_projected,20261128,True,True,,1,0.10719046398298815,0.025823391,0.10719046398298815,0.14032080699689686
0,central_c0.2,3,cartesian_ik,20261229,True,True,,1,0.2621787849930115,0.066421645,0.2621787849930115,0.2951782750315033
0,central_c0.2,3,ompl_uniform,20261229,True,True,,1,0.10487728600855917,0.020190475,0.10487728600855917,0.10683307703584433
0,central_c0.2,3,joint_projected,20261229,True,True,,1,0.13407647795975208,0.028750715,0.13407647795975208,0.1675484440056607
0,central_c0.2,4,cartesian_ik,20261330,True,True,,1,0.13548187300330028,0.040577055,0.13548187300330028,0.16848456993466243
0,central_c0.2,4,joint_projected,20261330,True,True,,1,0.082388243987225,0.03417931,0.082388243987225,0.11463263002224267
0,central_c0.2,4,ompl_uniform,20261330,True,True,,1,0.13535249402048066,0.011504121,0.13535249402048066,0.13673717703204602
0,central_c0.2,5,ompl_uniform,20261431,True,True,,1,0.13484581897500902,0.011648025,0.13484581897500902,0.136674546985887
0,central_c0.2,5,cartesian_ik,20261431,True,True,,1,0.08692146802786738,0.035419425,0.08692146802786738,0.12015712994616479
0,central_c0.2,5,joint_projected,20261431,True,True,,1,0.19072488200617954,0.027669776,0.19072488200617954,0.22374773799674585
0,central_c0.2,6,ompl_uniform,20261532,True,True,,1,0.14388274401426315,0.021356716,0.14388274401426315,0.14566869498230517
0,central_c0.2,6,cartesian_ik,20261532,True,True,,1,0.14757453103084117,0.039996574,0.14757453103084117,0.1803480060189031
0,central_c0.2,6,joint_projected,20261532,True,True,,1,0.21472335699945688,0.038423886,0.21472335699945688,0.24789989297278225
0,central_c0.2,7,ompl_uniform,20261633,True,True,,1,0.1639476929558441,0.011695732,0.1639476929558441,0.16577613702975214
0,central_c0.2,7,joint_projected,20261633,True,True,,1,0.11905389197636396,0.027158481,0.11905389197636396,0.15205703297397122
0,central_c0.2,7,cartesian_ik,20261633,True,True,,1,0.07074573199497536,0.040740306,0.07074573199497536,0.10362448095111176
0,central_c0.2,8,joint_projected,20261734,True,True,,1,0.07663214299827814,0.019029711,0.07663214299827814,0.10944554797606543
0,central_c0.2,8,cartesian_ik,20261734,True,True,,1,0.26462439802708104,0.064583507,0.26462439802708104,0.297752144979313
0,central_c0.2,8,ompl_uniform,20261734,True,True,,1,0.1570055140182376,0.014599598,0.1570055140182376,0.15858115203445777
0,central_c0.2,9,joint_projected,20261835,True,True,,1,0.09235597704537213,0.033937866,0.09235597704537213,0.12514552602078766
0,central_c0.2,9,ompl_uniform,20261835,True,True,,1,0.12273660395294428,0.012254384,0.12273660395294428,0.12433058698661625
0,central_c0.2,9,cartesian_ik,20261835,True,True,,1,0.2132381279952824,0.068671535,0.2132381279952824,0.24613327399129048
24,offset_c0.2,0,cartesian_ik,20501094,True,True,,1,0.10997889802092686,0.025251062,0.10997889802092686,0.13079217600170523
24,offset_c0.2,0,ompl_uniform,20501094,True,True,,1,0.14759874501032755,0.034787797,0.14759874501032755,0.1493485159589909
24,offset_c0.2,0,joint_projected,20501094,True,True,,1,0.09828816697699949,0.043984798,0.09828816697699949,0.1193486949778162
24,offset_c0.2,1,cartesian_ik,20501195,True,True,,1,0.24936721799895167,0.037909788,0.24936721799895167,0.27063543297117576
24,offset_c0.2,1,ompl_uniform,20501195,True,True,,1,0.26684568502241746,0.049111863,0.26684568502241746,0.2688187069725245
24,offset_c0.2,1,joint_projected,20501195,True,True,,1,0.05164609296480194,0.010419153,0.05164609296480194,0.07300036196829751
24,offset_c0.2,2,ompl_uniform,20501296,True,True,,1,0.1729419800103642,0.034782783,0.1729419800103642,0.17461325298063457
24,offset_c0.2,2,cartesian_ik,20501296,True,True,,1,0.16197034902870655,0.039056341,0.16197034902870655,0.18326940096449107
24,offset_c0.2,2,joint_projected,20501296,True,True,,1,0.1878904170007445,0.039700326,0.1878904170007445,0.20875930396141484
24,offset_c0.2,3,joint_projected,20501397,True,True,,1,0.14802584098652005,0.035559238,0.14802584098652005,0.1691481849993579
24,offset_c0.2,3,ompl_uniform,20501397,True,True,,1,0.1251425999798812,0.019740795,0.1251425999798812,0.12681321799755096
24,offset_c0.2,3,cartesian_ik,20501397,True,True,,1,0.11900750501081347,0.041421096,0.11900750501081347,0.14048877998720855
24,offset_c0.2,4,cartesian_ik,20501498,True,True,,1,0.09721461398294196,0.010292597,0.09721461398294196,0.1179147659568116
24,offset_c0.2,4,ompl_uniform,20501498,True,True,,1,0.16037299897288904,0.03828738,0.16037299897288904,0.16247572103748098
24,offset_c0.2,4,joint_projected,20501498,True,True,,1,0.1781001250492409,0.026043368,0.1781001250492409,0.19928241096204147
24,offset_c0.2,5,joint_projected,20501599,True,True,,1,0.10125967999920249,0.023448692,0.10125967999920249,0.12258756597293541
24,offset_c0.2,5,ompl_uniform,20501599,True,True,,1,0.16594972199527547,0.030921104,0.16594972199527547,0.16788495297078043
24,offset_c0.2,5,cartesian_ik,20501599,True,True,,1,0.05159824900329113,0.043263585,0.05159824900329113,0.07276870199711993
24,offset_c0.2,6,cartesian_ik,20501700,True,True,,1,0.09246115398127586,0.031457795,0.09246115398127586,0.11320404702564701
24,offset_c0.2,6,joint_projected,20501700,True,True,,1,0.1980006499798037,0.028443752,0.1980006499798037,0.21902602398768067
24,offset_c0.2,6,ompl_uniform,20501700,True,True,,1,0.12784301897045225,0.024838602,0.12784301897045225,0.12980811903253198
24,offset_c0.2,7,ompl_uniform,20501801,True,True,,1,0.13880830496782437,0.038672238,0.13880830496782437,0.14080435200594366
24,offset_c0.2,7,joint_projected,20501801,True,True,,1,0.08985831699101254,0.033703201,0.08985831699101254,0.1112654649768956
24,offset_c0.2,7,cartesian_ik,20501801,True,True,,1,0.09500523301539943,0.059727994,0.09500523301539943,0.11590209696441889
24,offset_c0.2,8,cartesian_ik,20501902,True,True,,1,0.17240391997620463,0.062400954,0.17240391997620463,0.1937068629777059
24,offset_c0.2,8,joint_projected,20501902,True,True,,1,0.17234207899309695,0.038361547,0.17234207899309695,0.1937653999775648
24,offset_c0.2,8,ompl_uniform,20501902,True,True,,1,0.15976102597778663,0.020961233,0.15976102597778663,0.16102132998639718
24,offset_c0.2,9,joint_projected,20502003,True,True,,1,0.0859194669756107,0.022764017,0.0859194669756107,0.10743768699467182
24,offset_c0.2,9,ompl_uniform,20502003,True,True,,1,0.1267195119871758,0.033410623,0.1267195119871758,0.12863002601079643
24,offset_c0.2,9,cartesian_ik,20502003,True,True,,1,0.09720725199440494,0.029462385,0.09720725199440494,0.11864379100734368
11,central_c0.8,0,cartesian_ik,20371003,True,True,,1,0.13804294797591865,0.03886853,0.13804294797591865,0.15806714701466262
11,central_c0.8,0,joint_projected,20371003,True,True,,1,0.08601095399353653,0.033334123,0.08601095399353653,0.10610522894421592
11,central_c0.8,0,ompl_uniform,20371003,True,True,,1,0.12333887000568211,0.013445833,0.12333887000568211,0.12491524894721806
11,central_c0.8,1,joint_projected,20371104,True,True,,1,0.1202772720134817,0.020914137,0.1202772720134817,0.14042812201660126
11,central_c0.8,1,ompl_uniform,20371104,True,True,,1,0.11142974602989852,0.011374891,0.11142974602989852,0.1130689830170013
11,central_c0.8,1,cartesian_ik,20371104,True,True,,1,0.11167723999824375,0.022576958,0.11167723999824375,0.13192180992336944
11,central_c0.8,2,ompl_uniform,20371205,True,True,,1,0.16947666002670303,0.008938067,0.16947666002670303,0.1710945550003089
11,central_c0.8,2,joint_projected,20371205,True,True,,1,0.15445156302303076,0.017618137,0.15445156302303076,0.17501308501232415
11,central_c0.8,2,cartesian_ik,20371205,True,True,,1,0.11275888798991218,0.020765787,0.11275888798991218,0.13256083393935114
11,central_c0.8,3,ompl_uniform,20371306,True,True,,1,0.20937562896870077,0.020268912,0.20937562896870077,0.21066596801392734
11,central_c0.8,3,joint_projected,20371306,True,True,,1,0.24939413805259392,0.045967839,0.24939413805259392,0.26991713797906414
11,central_c0.8,3,cartesian_ik,20371306,True,True,,1,0.1519239969784394,0.051520061,0.1519239969784394,0.1725446029449813
11,central_c0.8,4,cartesian_ik,20371407,True,True,,1,0.07473870500689372,0.011731472,0.07473870500689372,0.0950315129593946
11,central_c0.8,4,joint_projected,20371407,True,True,,1,0.19137011299608275,0.037257072,0.19137011299608275,0.21175777999451384
11,central_c0.8,4,ompl_uniform,20371407,True,True,,1,0.17513330397196114,0.009153038,0.17513330397196114,0.1770335379987955
11,central_c0.8,5,ompl_uniform,20371508,True,True,,1,0.13279580301605165,0.020649431,0.13279580301605165,0.13461622700560838
11,central_c0.8,5,cartesian_ik,20371508,True,True,,1,0.1293600489734672,0.010224273,0.1293600489734672,0.1494219969608821
11,central_c0.8,5,joint_projected,20371508,True,True,,1,0.07686489803018048,0.016451417,0.07686489803018048,0.09718595899175853
11,central_c0.8,6,cartesian_ik,20371609,True,True,,1,0.14075660303933546,0.034730198,0.14075660303933546,0.16095315595157444
11,central_c0.8,6,joint_projected,20371609,True,True,,1,0.08108266699127853,0.018872186,0.08108266699127853,0.10126269998727366
11,central_c0.8,6,ompl_uniform,20371609,True,True,,1,0.07516941300127655,0.006594346,0.07516941300127655,0.07683707203250378
11,central_c0.8,7,ompl_uniform,20371710,True,True,,1,0.08906146400840953,0.021619564,0.08906146400840953,0.09087790799094364
11,central_c0.8,7,joint_projected,20371710,True,True,,1,0.08621881098952144,0.024674742,0.08621881098952144,0.10636825795518234
11,central_c0.8,7,cartesian_ik,20371710,True,True,,1,0.0688890700112097,0.008454483,0.0688890700112097,0.0888342679827474
11,central_c0.8,8,ompl_uniform,20371811,True,True,,1,0.11592362803639844,0.006670463,0.11592362803639844,0.11767248099204153
11,central_c0.8,8,joint_projected,20371811,True,True,,1,0.11983375699492171,0.02137062,0.11983375699492171,0.13983667496358976
11,central_c0.8,8,cartesian_ik,20371811,True,True,,1,0.0719028259627521,0.00739983,0.0719028259627521,0.09206284594256431
11,central_c0.8,9,joint_projected,20371912,True,True,,1,0.11229608400026336,0.034022498,0.11229608400026336,0.13236170896561816
11,central_c0.8,9,ompl_uniform,20371912,True,True,,1,0.18822386401006952,0.011344428,0.18822386401006952,0.1899625000078231
11,central_c0.8,9,cartesian_ik,20371912,True,True,,1,0.1298858990194276,0.017074039,0.1298858990194276,0.15015097497962415
37,offset_c0.8,0,ompl_uniform,20631185,True,True,,1,0.1451447069994174,0.023503166,0.1451447069994174,0.1469810510170646
37,offset_c0.8,0,joint_projected,20631185,True,True,,1,0.186871609010268,0.099590529,0.186871609010268,0.20711374399252236
37,offset_c0.8,0,cartesian_ik,20631185,True,True,,1,0.17605997796636075,0.096815851,0.17605997796636075,0.19609039201168343
37,offset_c0.8,1,ompl_uniform,20631286,True,True,,1,0.16126924694981426,0.019056708,0.16126924694981426,0.1628841320052743
37,offset_c0.8,1,joint_projected,20631286,True,True,,1,0.2734894750174135,0.107704014,0.2734894750174135,0.2940297090099193
37,offset_c0.8,1,cartesian_ik,20631286,True,True,,1,0.1365731479600072,0.018046549,0.1365731479600072,0.15673037397209555
37,offset_c0.8,2,ompl_uniform,20631387,True,True,,1,0.12559751200024039,0.010837179,0.12559751200024039,0.127506683988031
37,offset_c0.8,2,cartesian_ik,20631387,True,True,,1,0.07591282000066712,0.026921088,0.07591282000066712,0.09635025798343122
37,offset_c0.8,2,joint_projected,20631387,True,True,,1,0.18617591401562095,0.097994403,0.18617591401562095,0.2065646939445287
37,offset_c0.8,3,cartesian_ik,20631488,True,True,,1,0.04125580098479986,0.006577842,0.04125580098479986,0.061196955968625844
37,offset_c0.8,3,joint_projected,20631488,True,True,,1,0.2491085869842209,0.096519206,0.2491085869842209,0.2690451739472337
37,offset_c0.8,3,ompl_uniform,20631488,True,True,,1,0.15597935300320387,0.02234091,0.15597935300320387,0.15791833103867248
37,offset_c0.8,4,cartesian_ik,20631589,True,True,,1,0.09064489300362766,0.029718584,0.09064489300362766,0.11085937597090378
37,offset_c0.8,4,joint_projected,20631589,True,True,,1,0.21316750603727996,0.097177652,0.21316750603727996,0.2334336709463969
37,offset_c0.8,4,ompl_uniform,20631589,True,True,,1,0.11280939099378884,0.012297255,0.11280939099378884,0.11462222004774958
37,offset_c0.8,5,ompl_uniform,20631690,True,True,,1,0.18175814196001738,0.016685015,0.18175814196001738,0.1836303420132026
37,offset_c0.8,5,joint_projected,20631690,True,True,,1,0.17954861500766128,0.097632966,0.17954861500766128,0.19984733097953722
37,offset_c0.8,5,cartesian_ik,20631690,True,True,,1,0.1530873859883286,0.026988896,0.1530873859883286,0.17345100996317342
37,offset_c0.8,6,ompl_uniform,20631791,True,True,,1,0.07940683199558407,0.019946397,0.07940683199558407,0.08107745699817315
37,offset_c0.8,6,cartesian_ik,20631791,True,True,,1,0.12524708296405151,0.037287608,0.12524708296405151,0.14555229397956282
37,offset_c0.8,6,joint_projected,20631791,True,True,,1,0.17749847000231966,0.103269916,0.17749847000231966,0.19749564299127087
37,offset_c0.8,7,joint_projected,20631892,True,True,,1,0.2075684599694796,0.101466977,0.2075684599694796,0.2274898620089516
37,offset_c0.8,7,cartesian_ik,20631892,True,True,,1,0.051693121960852295,0.010922362,0.051693121960852295,0.0710472579812631
37,offset_c0.8,7,ompl_uniform,20631892,True,True,,1,0.07211852702312171,0.018375815,0.07211852702312171,0.07366532197920606
37,offset_c0.8,8,cartesian_ik,20631993,True,True,,1,0.23031858896138147,0.04958338,0.23031858896138147,0.25083044602070004
37,offset_c0.8,8,joint_projected,20631993,True,True,,1,0.20234859897755086,0.102218331,0.20234859897755086,0.222739846969489
37,offset_c0.8,8,ompl_uniform,20631993,True,True,,1,0.10836292000021785,0.011789518,0.10836292000021785,0.11005858500720933
37,offset_c0.8,9,joint_projected,20632094,True,True,,1,0.25748838199069723,0.098739304,0.25748838199069723,0.2780831499840133
37,offset_c0.8,9,ompl_uniform,20632094,True,True,,1,0.09287890401901677,0.009451418,0.09287890401901677,0.09472366602858528
37,offset_c0.8,9,cartesian_ik,20632094,True,True,,1,0.22545485600130633,0.076376342,0.22545485600130633,0.2463049929938279
31,offset_c0.8,0,ompl_uniform,20571143,True,True,,1,0.1535176300094463,0.009641518,0.1535176300094463,0.15516709798248485
31,offset_c0.8,0,joint_projected,20571143,True,True,,1,0.11026907805353403,0.019321388,0.11026907805353403,0.13127176300622523
31,offset_c0.8,0,cartesian_ik,20571143,True,True,,1,0.16426719300216064,0.056781454,0.16426719300216064,0.18528231303207576
31,offset_c0.8,1,ompl_uniform,20571244,True,True,,1,0.09632143698399886,0.009798983,0.09632143698399886,0.09779407200403512
31,offset_c0.8,1,joint_projected,20571244,True,True,,1,0.09881409502122551,0.039426439,0.09881409502122551,0.11989229801110923
31,offset_c0.8,1,cartesian_ik,20571244,True,True,,1,0.05552433000411838,0.024951663,0.05552433000411838,0.07632604497484863
31,offset_c0.8,2,cartesian_ik,20571345,True,True,,1,0.06254116998752579,0.012892106,0.06254116998752579,0.08330224198289216
31,offset_c0.8,2,joint_projected,20571345,True,True,,1,0.10831323399906978,0.016693166,0.10831323399906978,0.12915146397426724
31,offset_c0.8,2,ompl_uniform,20571345,True,True,,1,0.07992555998498574,0.008630883,0.07992555998498574,0.08153409301303327
31,offset_c0.8,3,joint_projected,20571446,True,True,,1,0.12413161597214639,0.023542486,0.12413161597214639,0.14541847101645544
31,offset_c0.8,3,cartesian_ik,20571446,True,True,,1,0.13997585995821282,0.02367621,0.13997585995821282,0.1608736389898695
31,offset_c0.8,3,ompl_uniform,20571446,True,True,,1,0.11627331399358809,0.010896193,0.11627331399358809,0.11789198097540066
31,offset_c0.8,4,cartesian_ik,20571547,True,True,,1,0.22663849702803418,0.070587666,0.22663849702803418,0.24799832102144137
31,offset_c0.8,4,ompl_uniform,20571547,True,True,,1,0.15806734596844763,0.011052057,0.15806734596844763,0.16019582701846957
31,offset_c0.8,4,joint_projected,20571547,True,True,,1,0.09957099601160735,0.026733857,0.09957099601160735,0.12081682099960744
31,offset_c0.8,5,ompl_uniform,20571648,True,True,,1,0.12311555002816021,0.014393157,0.12311555002816021,0.12468991201603785
31,offset_c0.8,5,cartesian_ik,20571648,True,True,,1,0.18919449800159782,0.026919693,0.18919449800159782,0.2102059390163049
31,offset_c0.8,5,joint_projected,20571648,True,True,,1,0.12879856902873144,0.023050146,0.12879856902873144,0.14995982096297666
31,offset_c0.8,6,ompl_uniform,20571749,True,True,,1,0.15467696700943634,0.007722934,0.15467696700943634,0.15625114098656923
31,offset_c0.8,6,cartesian_ik,20571749,True,True,,1,0.19330194895155728,0.023608443,0.19330194895155728,0.21471166802803054
31,offset_c0.8,6,joint_projected,20571749,True,True,,1,0.10539326799334958,0.028188378,0.10539326799334958,0.12691394001012668
31,offset_c0.8,7,joint_projected,20571850,True,True,,1,0.16571440699044615,0.018825129,0.16571440699044615,0.18669979594415054
31,offset_c0.8,7,cartesian_ik,20571850,True,True,,1,0.10423872800311074,0.018355369,0.10423872800311074,0.12522804393665865
31,offset_c0.8,7,ompl_uniform,20571850,True,True,,1,0.1697310609742999,0.013155691,0.1697310609742999,0.17136030999245122
31,offset_c0.8,8,ompl_uniform,20571951,True,True,,1,0.18245910701807588,0.018741666,0.18245910701807588,0.1842029499821365
31,offset_c0.8,8,joint_projected,20571951,True,True,,1,0.15019278199179098,0.025628994,0.15019278199179098,0.17146181099815294
31,offset_c0.8,8,cartesian_ik,20571951,True,True,,1,0.3575243090162985,0.061910778,0.3575243090162985,0.37828532297862694
31,offset_c0.8,9,cartesian_ik,20572052,True,True,,1,0.16844790300820023,0.061449958,0.16844790300820023,0.18963389698183164
31,offset_c0.8,9,joint_projected,20572052,True,True,,1,0.23591304797446355,0.02493277,0.23591304797446355,0.2572651869850233
31,offset_c0.8,9,ompl_uniform,20572052,True,True,,1,0.15404775401111692,0.01246339,0.15404775401111692,0.15540547796990722
53,distant_c0.8,0,joint_projected,20791297,True,True,,1,0.07317205000435933,0.021933054,0.07317205000435933,0.09317616000771523
53,distant_c0.8,0,cartesian_ik,20791297,True,True,,1,0.13580868497956544,0.016679181,0.13580868497956544,0.1562571719987318
53,distant_c0.8,0,ompl_uniform,20791297,True,True,,1,0.22504167101578787,0.010238023,0.22504167101578787,0.22647281899116933
53,distant_c0.8,1,ompl_uniform,20791398,True,True,,1,0.10045237297890708,0.009182905,0.10045237297890708,0.10225491801975295
53,distant_c0.8,1,cartesian_ik,20791398,True,True,,1,0.12917473900597543,0.013826741,0.12917473900597543,0.14983121497789398
53,distant_c0.8,1,joint_projected,20791398,True,True,,1,0.07339952600887045,0.032581131,0.07339952600887045,0.09360484697390348
53,distant_c0.8,2,cartesian_ik,20791499,True,True,,1,0.13606529199751094,0.011967183,0.13606529199751094,0.1566320859710686
53,distant_c0.8,2,ompl_uniform,20791499,True,True,,1,0.2865282000275329,0.010306043,0.2865282000275329,0.2881458550109528
53,distant_c0.8,2,joint_projected,20791499,True,True,,1,0.08733029500581324,0.031113223,0.08733029500581324,0.1079128059791401
53,distant_c0.8,3,joint_projected,20791600,True,True,,1,0.1318088989937678,0.035342325,0.1318088989937678,0.15217900299467146
53,distant_c0.8,3,cartesian_ik,20791600,True,True,,1,0.1273972259950824,0.012556527,0.1273972259950824,0.14719163300469518
53,distant_c0.8,3,ompl_uniform,20791600,True,True,,1,0.14566366298822686,0.012172286,0.14566366298822686,0.1472296349820681
53,distant_c0.8,4,ompl_uniform,20791701,True,True,,1,0.07459975697565824,0.013340501,0.07459975697565824,0.07637537701521069
53,distant_c0.8,4,cartesian_ik,20791701,True,True,,1,0.17998125799931586,0.010312126,0.17998125799931586,0.20078419899800792
53,distant_c0.8,4,joint_projected,20791701,True,True,,1,0.10412745998473838,0.014717846,0.10412745998473838,0.12454725394491106
53,distant_c0.8,5,joint_projected,20791802,True,True,,1,0.06622134300414473,0.031035415,0.06622134300414473,0.08575806999579072
53,distant_c0.8,5,cartesian_ik,20791802,True,True,,1,0.10638603603001684,0.012609373,0.10638603603001684,0.12653250800212845
53,distant_c0.8,5,ompl_uniform,20791802,True,True,,1,0.1095484719844535,0.006821149,0.1095484719844535,0.11099486099556088
53,distant_c0.8,6,cartesian_ik,20791903,True,True,,1,0.03780715097673237,0.013620788,0.03780715097673237,0.058391022961586714
53,distant_c0.8,6,joint_projected,20791903,True,True,,1,0.11475587903987616,0.017924633,0.11475587903987616,0.13510467897867784
53,distant_c0.8,6,ompl_uniform,20791903,True,True,,1,0.2030028459848836,0.032754395,0.2030028459848836,0.21427518996642902
53,distant_c0.8,7,cartesian_ik,20792004,True,True,,1,0.16271195997251198,0.014336702,0.16271195997251198,0.1826387019827962
53,distant_c0.8,7,joint_projected,20792004,True,True,,1,0.14656868600286543,0.029762615,0.14656868600286543,0.16689346893690526
53,distant_c0.8,7,ompl_uniform,20792004,True,True,,1,0.12368010898353532,0.012733189,0.12368010898353532,0.12550501199439168
53,distant_c0.8,8,ompl_uniform,20792105,True,True,,1,0.06220387696521357,0.00550485,0.06220387696521357,0.06382963800569996
53,distant_c0.8,8,joint_projected,20792105,True,True,,1,0.13578107400098816,0.037846245,0.13578107400098816,0.15734868997242302
53,distant_c0.8,8,cartesian_ik,20792105,True,True,,1,0.06279665499459952,0.008403754,0.06279665499459952,0.0827774609788321
53,distant_c0.8,9,cartesian_ik,20792206,True,True,,1,0.07295978703768924,0.009161381,0.07295978703768924,0.09342436597216874
53,distant_c0.8,9,ompl_uniform,20792206,True,True,,1,0.22750413900939748,0.012615543,0.22750413900939748,0.22945937101030722
53,distant_c0.8,9,joint_projected,20792206,True,True,,1,0.15278709400445223,0.021183932,0.15278709400445223,0.17353035893756896
16,central_c0.8,0,joint_projected,20421038,True,True,,1,0.12938567699166015,0.026627323,0.12938567699166015,0.15025840100133792
16,central_c0.8,0,ompl_uniform,20421038,True,True,,1,0.09996170195518062,0.014040427,0.09996170195518062,0.10152349196141586
16,central_c0.8,0,cartesian_ik,20421038,True,True,,1,0.20816509902942926,0.039493582,0.20816509902942926,0.2291360620292835
16,central_c0.8,1,cartesian_ik,20421139,True,True,,1,0.13337590999435633,0.019348506,0.13337590999435633,0.15474860207177699
16,central_c0.8,1,joint_projected,20421139,True,True,,1,0.1159498350461945,0.025068725,0.1159498350461945,0.13672984205186367
16,central_c0.8,1,ompl_uniform,20421139,True,True,,1,0.0999747589812614,0.011585738,0.0999747589812614,0.10147142299683765
16,central_c0.8,2,cartesian_ik,20421240,True,True,,1,0.20172714302316308,0.029616762,0.20172714302316308,0.22236769500887021
16,central_c0.8,2,ompl_uniform,20421240,True,True,,1,0.1244784869486466,0.008524232,0.1244784869486466,0.12625243898946792
16,central_c0.8,2,joint_projected,20421240,True,True,,1,0.16026984999189153,0.027555126,0.16026984999189153,0.18112053500954062
16,central_c0.8,3,ompl_uniform,20421341,True,True,,1,0.16391222900711,0.010304109,0.16391222900711,0.1653807869879529
16,central_c0.8,3,cartesian_ik,20421341,True,True,,1,0.08953748701605946,0.021864037,0.08953748701605946,0.11046494101174176
16,central_c0.8,3,joint_projected,20421341,True,True,,1,0.06340704200556502,0.015032131,0.06340704200556502,0.08422730100573972
16,central_c0.8,4,ompl_uniform,20421442,True,True,,1,0.11611283698584884,0.010668684,0.11611283698584884,0.11814555601449683
16,central_c0.8,4,joint_projected,20421442,True,True,,1,0.06672160601010546,0.014480152,0.06672160601010546,0.08758869703160599
16,central_c0.8,4,cartesian_ik,20421442,True,True,,1,0.10624420299427584,0.035159919,0.10624420299427584,0.12695044005522504
16,central_c0.8,5,ompl_uniform,20421543,True,True,,1,0.16316091502085328,0.010702668,0.16316091502085328,0.16467180498875678
16,central_c0.8,5,joint_projected,20421543,True,True,,1,0.20595200802199543,0.028350326,0.20595200802199543,0.22694952704478055
16,central_c0.8,5,cartesian_ik,20421543,True,True,,1,0.11453105899272487,0.049346112,0.11453105899272487,0.1352903720107861
16,central_c0.8,6,ompl_uniform,20421644,True,True,,1,0.18426429299870506,0.008488454,0.18426429299870506,0.18574780295602977
16,central_c0.8,6,cartesian_ik,20421644,True,True,,1,0.11987366602988914,0.024851874,0.11987366602988914,0.14089650701498613
16,central_c0.8,6,joint_projected,20421644,True,True,,1,0.179047075973358,0.0305327,0.179047075973358,0.2001036850269884
16,central_c0.8,7,cartesian_ik,20421745,True,True,,1,0.04874409700278193,0.020937433,0.04874409700278193,0.06911649403627962
16,central_c0.8,7,ompl_uniform,20421745,True,True,,1,0.10231612698407844,0.023330794,0.10231612698407844,0.10396273102378473
16,central_c0.8,7,joint_projected,20421745,True,True,,1,0.12833173695253208,0.019491251,0.12833173695253208,0.14902901003370062
16,central_c0.8,8,joint_projected,20421846,True,True,,1,0.11831504799192771,0.017965674,0.11831504799192771,0.13903229299467057
16,central_c0.8,8,ompl_uniform,20421846,True,True,,1,0.11755355400964618,0.021454266,0.11755355400964618,0.11921460600569844
16,central_c0.8,8,cartesian_ik,20421846,True,True,,1,0.16276018600910902,0.034313474,0.16276018600910902,0.183803407009691
16,central_c0.8,9,cartesian_ik,20421947,True,True,,1,0.062003828992601484,0.024570849,0.062003828992601484,0.08264277398120612
16,central_c0.8,9,joint_projected,20421947,True,True,,1,0.2888027409790084,0.037534855,0.2888027409790084,0.3095248970785178
16,central_c0.8,9,ompl_uniform,20421947,True,True,,1,0.18041192897362635,0.016708051,0.18041192897362635,0.1819476480013691
48,distant_c0.2,0,cartesian_ik,20741262,True,True,,1,0.15315445396117866,0.017798708,0.15315445396117866,0.17325024504680187
48,distant_c0.2,0,joint_projected,20741262,True,True,,1,0.03684349701507017,0.01553154,0.03684349701507017,0.05743622500449419
48,distant_c0.2,0,ompl_uniform,20741262,True,True,,1,0.20858489099191502,0.007613167,0.20858489099191502,0.20990367396734655
48,distant_c0.2,1,joint_projected,20741363,True,True,,1,0.08603969297837466,0.018251578,0.08603969297837466,0.10607087903190404
48,distant_c0.2,1,cartesian_ik,20741363,True,True,,1,0.03655343898572028,0.020528485,0.03655343898572028,0.057516433007549495
48,distant_c0.2,1,ompl_uniform,20741363,True,True,,1,0.09816876298282295,0.019367677,0.09816876298282295,0.09958620299585164
48,distant_c0.2,2,ompl_uniform,20741464,True,True,,1,0.10269834700739011,0.012037506,0.10269834700739011,0.10451977502088994
48,distant_c0.2,2,cartesian_ik,20741464,True,True,,1,0.33188996999524534,0.042414055,0.33188996999524534,0.3527285280288197
48,distant_c0.2,2,joint_projected,20741464,True,True,,1,0.16624051798135042,0.028940173,0.16624051798135042,0.18689099804032594
48,distant_c0.2,3,ompl_uniform,20741565,True,True,,1,0.16388693399494514,0.009479174,0.16388693399494514,0.1655201599933207
48,distant_c0.2,3,joint_projected,20741565,True,True,,1,0.10992602002806962,0.03141793,0.10992602002806962,0.13065487606218085
48,distant_c0.2,3,cartesian_ik,20741565,True,True,,1,0.17336726997746155,0.023782103,0.17336726997746155,0.1940094290766865
48,distant_c0.2,4,cartesian_ik,20741666,True,True,,1,0.2008378020254895,0.019620385,0.2008378020254895,0.22160500200698152
48,distant_c0.2,4,joint_projected,20741666,True,True,,1,0.13558415102306753,0.044540834,0.13558415102306753,0.15612503502052277
48,distant_c0.2,4,ompl_uniform,20741666,True,True,,1,0.14810408803168684,0.008877942,0.14810408803168684,0.14979337702970952
48,distant_c0.2,5,ompl_uniform,20741767,True,True,,1,0.1125673350179568,0.009868113,0.1125673350179568,0.11438201402779669
48,distant_c0.2,5,cartesian_ik,20741767,True,True,,1,0.12579849601024762,0.012793188,0.12579849601024762,0.14639477006858215
48,distant_c0.2,5,joint_projected,20741767,True,True,,1,0.1333275240031071,0.02814546,0.1333275240031071,0.1537233900744468
48,distant_c0.2,6,ompl_uniform,20741868,True,True,,1,0.13025958504294977,0.017511613,0.13025958504294977,0.13218208600301296
48,distant_c0.2,6,joint_projected,20741868,True,True,,1,0.03812989895232022,0.015082078,0.03812989895232022,0.058786251000128686
48,distant_c0.2,6,cartesian_ik,20741868,True,True,,1,0.11456666101003066,0.029042473,0.11456666101003066,0.13440954504767433
48,distant_c0.2,7,ompl_uniform,20741969,True,True,,1,0.10836605197982863,0.021411754,0.10836605197982863,0.11003248300403357
48,distant_c0.2,7,cartesian_ik,20741969,True,True,,1,0.04330827697413042,0.032076885,0.04330827697413042,0.06374455004697666
48,distant_c0.2,7,joint_projected,20741969,True,True,,1,0.07684371498180553,0.015459345,0.07684371498180553,0.09711585904005915
48,distant_c0.2,8,ompl_uniform,20742070,True,True,,1,0.19769792398437858,0.023110409,0.19769792398437858,0.1991721639642492
48,distant_c0.2,8,cartesian_ik,20742070,True,True,,1,0.064048606029246,0.007844956,0.064048606029246,0.08479238505242392
48,distant_c0.2,8,joint_projected,20742070,True,True,,1,0.1265271859592758,0.035629126,0.1265271859592758,0.14692930405726656
48,distant_c0.2,9,cartesian_ik,20742171,True,True,,1,0.08483131299726665,0.007593832,0.08483131299726665,0.10532554204110056
48,distant_c0.2,9,ompl_uniform,20742171,True,True,,1,0.14661362901097164,0.00938416,0.14661362901097164,0.14849809900624678
48,distant_c0.2,9,joint_projected,20742171,True,True,,1,0.03689008404035121,0.025885443,0.03689008404035121,0.05734246806241572
49,distant_c0.2,0,ompl_uniform,20751269,True,True,,1,0.1306553900358267,0.012145536,0.1306553900358267,0.13228126894682646
49,distant_c0.2,0,cartesian_ik,20751269,True,True,,1,0.17399181402288377,0.021361236,0.17399181402288377,0.19483939098427072
49,distant_c0.2,0,joint_projected,20751269,True,True,,1,0.13932730100350454,0.033927057,0.13932730100350454,0.15970933897187933
49,distant_c0.2,1,joint_projected,20751370,True,True,,1,0.14558913302607834,0.022800245,0.14558913302607834,0.16571759502403438
49,distant_c0.2,1,cartesian_ik,20751370,True,True,,1,0.025166879000607878,0.005143086,0.025166879000607878,0.045329346030484885
49,distant_c0.2,1,ompl_uniform,20751370,True,True,,1,0.13666134199593216,0.012791863,0.13666134199593216,0.13836212997557595
49,distant_c0.2,2,ompl_uniform,20751471,True,True,,1,0.08451015397440642,0.010393939,0.08451015397440642,0.08638321002945304
49,distant_c0.2,2,joint_projected,20751471,True,True,,1,0.12335354700917378,0.023124401,0.12335354700917378,0.14402427402092144
49,distant_c0.2,2,cartesian_ik,20751471,True,True,,1,0.1344567719497718,0.008161292,0.1344567719497718,0.15500842104665935
49,distant_c0.2,3,ompl_uniform,20751572,True,True,,1,0.27776462299516425,0.01971421,0.27776462299516425,0.27941410697530955
49,distant_c0.2,3,cartesian_ik,20751572,True,True,,1,0.1631020059576258,0.029638471,0.1631020059576258,0.18395047000376508
49,distant_c0.2,3,joint_projected,20751572,True,True,,1,0.10393991402816027,0.020025362,0.10393991402816027,0.12447018001694232
49,distant_c0.2,4,joint_projected,20751673,True,True,,1,0.04904572496889159,0.025793752,0.04904572496889159,0.06955496198497713
49,distant_c0.2,4,cartesian_ik,20751673,True,True,,1,0.03271229803794995,0.018935239,0.03271229803794995,0.053227811004035175
49,distant_c0.2,4,ompl_uniform,20751673,True,True,,1,0.14955544302938506,0.014214978,0.14955544302938506,0.1511019470053725
49,distant_c0.2,5,ompl_uniform,20751774,True,True,,1,0.10453848296310753,0.01569305,0.10453848296310753,0.1063540360191837
49,distant_c0.2,5,cartesian_ik,20751774,True,True,,1,0.07157019805163145,0.021958949,0.07157019805163145,0.09201130701694638
49,distant_c0.2,5,joint_projected,20751774,True,True,,1,0.09780987200792879,0.014222962,0.09780987200792879,0.11818512598983943
49,distant_c0.2,6,joint_projected,20751875,True,True,,1,0.08159906801301986,0.01674742,0.08159906801301986,0.1022668500081636
49,distant_c0.2,6,cartesian_ik,20751875,True,True,,1,0.05636466998839751,0.011034243,0.05636466998839751,0.0766938230372034
49,distant_c0.2,6,ompl_uniform,20751875,True,True,,1,0.1438872930011712,0.009076868,0.1438872930011712,0.14578216598602012
49,distant_c0.2,7,ompl_uniform,20751976,True,True,,1,0.1376366310287267,0.021040927,0.1376366310287267,0.1395073569728993
49,distant_c0.2,7,joint_projected,20751976,True,True,,1,0.1599909050273709,0.038836164,0.1599909050273709,0.18088225199608132
49,distant_c0.2,7,cartesian_ik,20751976,True,True,,1,0.07471222500316799,0.021307023,0.07471222500316799,0.09548145497683436
49,distant_c0.2,8,ompl_uniform,20752077,True,True,,1,0.16657945502083749,0.013365511,0.16657945502083749,0.1683649179758504
49,distant_c0.2,8,joint_projected,20752077,True,True,,1,0.04089211096288636,0.015939076,0.04089211096288636,0.061672170006204396
49,distant_c0.2,8,cartesian_ik,20752077,True,True,,1,0.09227440599352121,0.015510024,0.09227440599352121,0.11260247003519908
49,distant_c0.2,9,joint_projected,20752178,True,True,,1,0.10985642398009077,0.016296406,0.10985642398009077,0.13038332003634423
49,distant_c0.2,9,ompl_uniform,20752178,True,True,,1,0.15133062895620242,0.013652219,0.15133062895620242,0.15285849099745974
49,distant_c0.2,9,cartesian_ik,20752178,True,True,,1,0.15067524003097787,0.023473316,0.15067524003097787,0.17121570999734104
42,distant_c0.2,0,cartesian_ik,20681220,True,True,,1,0.09805673296796158,0.006955871,0.09805673296796158,0.11829809291521087
42,distant_c0.2,0,joint_projected,20681220,True,True,,1,0.04902923002373427,0.024636603,0.04902923002373427,0.06993949791649356
42,distant_c0.2,0,ompl_uniform,20681220,True,True,,1,0.16226818796712905,0.022481012,0.16226818796712905,0.16410086397081614
42,distant_c0.2,1,cartesian_ik,20681321,True,True,,1,0.051057859032880515,0.010799527,0.051057859032880515,0.0721531049348414
42,distant_c0.2,1,ompl_uniform,20681321,True,True,,1,0.11375242698704824,0.009804032,0.11375242698704824,0.11541607097024098
42,distant_c0.2,1,joint_projected,20681321,True,True,,1,0.05142097600037232,0.014233517,0.05142097600037232,0.07228322193259373
42,distant_c0.2,2,joint_projected,20681422,True,True,,1,0.17165728600230068,0.028334854,0.17165728600230068,0.1923210949753411
42,distant_c0.2,2,cartesian_ik,20681422,True,True,,1,0.16073898400645703,0.014621841,0.16073898400645703,0.18196625798009336
42,distant_c0.2,2,ompl_uniform,20681422,True,True,,1,0.15898610901786014,0.010986711,0.15898610901786014,0.16079310403438285
42,distant_c0.2,3,ompl_uniform,20681523,True,True,,1,0.13323570002103224,0.013031528,0.13323570002103224,0.13490910799009725
42,distant_c0.2,3,cartesian_ik,20681523,True,True,,1,0.08701606799149886,0.012869396,0.08701606799149886,0.10783103399444371
42,distant_c0.2,3,joint_projected,20681523,True,True,,1,0.042277793982066214,0.014092453,0.042277793982066214,0.06286030093906447
42,distant_c0.2,4,cartesian_ik,20681624,True,True,,1,0.09082849003607407,0.00585257,0.09082849003607407,0.11141861596843228
42,distant_c0.2,4,ompl_uniform,20681624,True,True,,1,0.16147699201246724,0.012252111,0.16147699201246724,0.16283914900850505
42,distant_c0.2,4,joint_projected,20681624,True,True,,1,0.07722688495414332,0.01149323,0.07722688495414332,0.09830374695593491
42,distant_c0.2,5,joint_projected,20681725,True,True,,1,0.10548746498534456,0.014807987,0.10548746498534456,0.12639330892125145
42,distant_c0.2,5,ompl_uniform,20681725,True,True,,1,0.16172360302880406,0.011293978,0.16172360302880406,0.16353604098549113
42,distant_c0.2,5,cartesian_ik,20681725,True,True,,1,0.14916719199391082,0.010245583,0.14916719199391082,0.17012812092434615
42,distant_c0.2,6,cartesian_ik,20681826,True,True,,1,0.08980439498554915,0.019463856,0.08980439498554915,0.11041183199267834
42,distant_c0.2,6,ompl_uniform,20681826,True,True,,1,0.15858872304670513,0.009191647,0.15858872304670513,0.16018295899266377
42,distant_c0.2,6,joint_projected,20681826,True,True,,1,0.11524092400213704,0.01087699,0.11524092400213704,0.1361278219264932
42,distant_c0.2,7,joint_projected,20681927,True,True,,1,0.15316036297008395,0.016431605,0.15316036297008395,0.1740148429526016
42,distant_c0.2,7,ompl_uniform,20681927,True,True,,1,0.07773760298732668,0.01127348,0.07773760298732668,0.07955453702015802
42,distant_c0.2,7,cartesian_ik,20681927,True,True,,1,0.12091725098434836,0.034404649,0.12091725098434836,0.14186917897313833
42,distant_c0.2,8,ompl_uniform,20682028,True,True,,1,0.13409735698951408,0.014956283,0.13409735698951408,0.1358823690097779
42,distant_c0.2,8,joint_projected,20682028,True,True,,1,0.05901732202619314,0.017759434,0.05901732202619314,0.07955655496334657
42,distant_c0.2,8,cartesian_ik,20682028,True,True,,1,0.1185494540259242,0.012776245,0.1185494540259242,0.13928779197158292
42,distant_c0.2,9,cartesian_ik,20682129,True,True,,1,0.0956010699737817,0.008292409,0.0956010699737817,0.11612818797584623
42,distant_c0.2,9,joint_projected,20682129,True,True,,1,0.12516109499847516,0.016029945,0.12516109499847516,0.14585806999821216
42,distant_c0.2,9,ompl_uniform,20682129,True,True,,1,0.10019859799649566,0.021203931,0.10019859799649566,0.1018980509834364
10,central_c0.8,0,cartesian_ik,20360996,True,True,,1,0.1561874210019596,0.029161575,0.1561874210019596,0.17688412102870643
10,central_c0.8,0,joint_projected,20360996,True,True,,1,0.16052207897882909,0.01850223,0.16052207897882909,0.1809257929562591
10,central_c0.8,0,ompl_uniform,20360996,True,True,,1,0.1669158689910546,0.014650245,0.1669158689910546,0.16876312397653237
10,central_c0.8,1,joint_projected,20361097,True,True,,1,0.09028053202200681,0.015615554,0.09028053202200681,0.11078903899760917
10,central_c0.8,1,ompl_uniform,20361097,True,True,,1,0.2071723800036125,0.010291187,0.2071723800036125,0.20904491702094674
10,central_c0.8,1,cartesian_ik,20361097,True,True,,1,0.10752949299057946,0.025956452,0.10752949299057946,0.12802858097711578
10,central_c0.8,2,joint_projected,20361198,True,True,,1,0.18162557197501883,0.027209847,0.18162557197501883,0.2023586289724335
10,central_c0.8,2,cartesian_ik,20361198,True,True,,1,0.15034617501078174,0.010204855,0.15034617501078174,0.1710355620016344
10,central_c0.8,2,ompl_uniform,20361198,True,True,,1,0.16882108902791515,0.014242412,0.16882108902791515,0.17085412296000868
10,central_c0.8,3,ompl_uniform,20361299,True,True,,1,0.08313835499575362,0.021189194,0.08313835499575362,0.0849236540379934
10,central_c0.8,3,joint_projected,20361299,True,True,,1,0.11440269998274744,0.022246947,0.11440269998274744,0.13534216402331367
10,central_c0.8,3,cartesian_ik,20361299,True,True,,1,0.12199242599308491,0.011439694,0.12199242599308491,0.14282331801950932
10,central_c0.8,4,cartesian_ik,20361400,True,True,,1,0.1494626839994453,0.019432496,0.1494626839994453,0.17018197698052973
10,central_c0.8,4,joint_projected,20361400,True,True,,1,0.12054243101738393,0.018376512,0.12054243101738393,0.14120733796153218
10,central_c0.8,4,ompl_uniform,20361400,True,True,,1,0.17098841205006465,0.016214034,0.17098841205006465,0.1724007679731585
10,central_c0.8,5,joint_projected,20361501,True,True,,1,0.11429425003007054,0.021517956,0.11429425003007054,0.13515010400442407
10,central_c0.8,5,cartesian_ik,20361501,True,True,,1,0.1591058360063471,0.024663944,0.1591058360063471,0.17955624096794054
10,central_c0.8,5,ompl_uniform,20361501,True,True,,1,0.14513451099628583,0.011746442,0.14513451099628583,0.14696623000781983
10,central_c0.8,6,cartesian_ik,20361602,True,True,,1,0.12367405596887693,0.036502661,0.12367405596887693,0.1445692859706469
10,central_c0.8,6,joint_projected,20361602,True,True,,1,0.07347220304654911,0.026494443,0.07347220304654911,0.09426243498455733
10,central_c0.8,6,ompl_uniform,20361602,True,True,,1,0.15992395899957046,0.016536516,0.15992395899957046,0.1614245880045928
10,central_c0.8,7,cartesian_ik,20361703,True,True,,1,0.16343071003211662,0.044654491,0.16343071003211662,0.18429890094557777
10,central_c0.8,7,ompl_uniform,20361703,True,True,,1,0.10209095204481855,0.011899959,0.10209095204481855,0.10392255400074646
10,central_c0.8,7,joint_projected,20361703,True,True,,1,0.18033867102349177,0.019794344,0.18033867102349177,0.20119369099847972
10,central_c0.8,8,joint_projected,20361804,True,True,,1,0.09582953999051824,0.029844643,0.09582953999051824,0.11641263304045424
10,central_c0.8,8,ompl_uniform,20361804,True,True,,1,0.143088108045049,0.009623627,0.143088108045049,0.1445650920504704
10,central_c0.8,8,cartesian_ik,20361804,True,True,,1,0.17597099801059812,0.026744366,0.17597099801059812,0.1966360149672255
10,central_c0.8,9,ompl_uniform,20361905,True,True,,1,0.11499289004132152,0.0221781,0.11499289004132152,0.11675669200485572
10,central_c0.8,9,cartesian_ik,20361905,True,True,,1,0.11743531899992377,0.013256201,0.11743531899992377,0.13772896700538695
10,central_c0.8,9,joint_projected,20361905,True,True,,1,0.2094195110257715,0.029342526,0.2094195110257715,0.23032502899877727
8,central_c0.2,0,ompl_uniform,20340982,True,True,,1,0.2555520390160382,0.024197991,0.2555520390160382,0.25679213600233197
8,central_c0.2,0,cartesian_ik,20340982,True,True,,1,0.06927497603464872,0.017473236,0.06927497603464872,0.08964147901860997
8,central_c0.2,0,joint_projected,20340982,True,True,,1,0.24710549000883475,0.035408485,0.24710549000883475,0.2678143869852647
8,central_c0.2,1,cartesian_ik,20341083,True,True,,1,0.16298213100526482,0.026537783,0.16298213100526482,0.18276827095542103
8,central_c0.2,1,ompl_uniform,20341083,True,True,,1,0.08885417098645121,0.009387717,0.08885417098645121,0.0905539880041033
8,central_c0.2,1,joint_projected,20341083,True,True,,1,0.32959609298268333,0.041460608,0.32959609298268333,0.35010106896515936
8,central_c0.2,2,joint_projected,20341184,True,True,,1,0.23553782695671543,0.083866634,0.23553782695671543,0.25604154699249193
8,central_c0.2,2,cartesian_ik,20341184,True,True,,1,0.12511647102655843,0.030191158,0.12511647102655843,0.1453897280152887
8,central_c0.2,2,ompl_uniform,20341184,True,True,,1,0.15051105699967593,0.008849594,0.15051105699967593,0.15223650902044028
8,central_c0.2,3,joint_projected,20341285,True,True,,1,0.12651500204810873,0.024849311,0.12651500204810873,0.1469554659561254
8,central_c0.2,3,cartesian_ik,20341285,True,True,,1,0.10878561297431588,0.04340578,0.10878561297431588,0.12910073093371466
8,central_c0.2,3,ompl_uniform,20341285,True,True,,1,0.1540671590482816,0.011197575,0.1540671590482816,0.1554816190036945
8,central_c0.2,4,joint_projected,20341386,True,True,,1,0.17503004899481311,0.025074756,0.17503004899481311,0.1952536510070786
8,central_c0.2,4,ompl_uniform,20341386,True,True,,1,0.1701583900139667,0.008626954,0.1701583900139667,0.17180084000574425
8,central_c0.2,4,cartesian_ik,20341386,True,True,,1,0.11267402197699994,0.00959124,0.11267402197699994,0.13314478792017326
8,central_c0.2,5,cartesian_ik,20341487,True,True,,1,0.18241659400518984,0.071217743,0.18241659400518984,0.20283079595537856
8,central_c0.2,5,ompl_uniform,20341487,True,True,,1,0.2679610300110653,0.014468693,0.2679610300110653,0.26986449997639284
8,central_c0.2,5,joint_projected,20341487,True,True,,1,0.10850702197058126,0.032515952,0.10850702197058126,0.12869650695938617
8,central_c0.2,6,cartesian_ik,20341588,True,True,,1,0.11724510899512097,0.035831995,0.11724510899512097,0.13756066194036976
8,central_c0.2,6,ompl_uniform,20341588,True,True,,1,0.1269907520036213,0.009637216,0.1269907520036213,0.12874467996880412
8,central_c0.2,6,joint_projected,20341588,True,True,,1,0.11854317598044872,0.029474292,0.11854317598044872,0.13869220099877566
8,central_c0.2,7,ompl_uniform,20341689,True,True,,1,0.10181548801483586,0.014088228,0.10181548801483586,0.10358530597295612
8,central_c0.2,7,cartesian_ik,20341689,True,True,,1,0.17387576401233673,0.018743135,0.17387576401233673,0.19433088396908715
8,central_c0.2,7,joint_projected,20341689,True,True,,1,0.142212973034475,0.020362035,0.142212973034475,0.16221277293516323
8,central_c0.2,8,joint_projected,20341790,True,True,,1,0.24564325500978157,0.030282415,0.24564325500978157,0.26610842894297093
8,central_c0.2,8,ompl_uniform,20341790,True,True,,1,0.13059349497780204,0.017710886,0.13059349497780204,0.1323698999476619
8,central_c0.2,8,cartesian_ik,20341790,True,True,,1,0.12992814899189398,0.010967122,0.12992814899189398,0.15005870495224372
8,central_c0.2,9,cartesian_ik,20341891,True,True,,1,0.14200070302467793,0.038923498,0.14200070302467793,0.1620018709800206
8,central_c0.2,9,ompl_uniform,20341891,True,True,,1,0.14964885299559683,0.013647551,0.14964885299559683,0.15137978200800717
8,central_c0.2,9,joint_projected,20341891,True,True,,1,0.09082583599956706,0.032898227,0.09082583599956706,0.11136938497656956
17,central_c0.8,0,cartesian_ik,20431045,True,True,,1,0.28379816096276045,0.061469219,0.28379816096276045,0.30473545799031854
17,central_c0.8,0,joint_projected,20431045,True,True,,1,0.1784272440127097,0.03182005,0.1784272440127097,0.19927746400935575
17,central_c0.8,0,ompl_uniform,20431045,True,True,,1,0.14070794999133795,0.008902139,0.14070794999133795,0.1426252680248581
17,central_c0.8,1,joint_projected,20431146,True,True,,1,0.15877133200410753,0.023597967,0.15877133200410753,0.17982925899559632
17,central_c0.8,1,ompl_uniform,20431146,True,True,,1,0.12839577498380095,0.007336693,0.12839577498380095,0.1299666949780658
17,central_c0.8,1,cartesian_ik,20431146,True,True,,1,0.16102708701509982,0.016388738,0.16102708701509982,0.18163134099449962
17,central_c0.8,2,ompl_uniform,20431247,True,True,,1,0.2651922930381261,0.02393531,0.2651922930381261,0.26703757501672953
17,central_c0.8,2,joint_projected,20431247,False,False,planning,99999,3.0870998009922914,0.0,6.0,3.1072510160156526
17,central_c0.8,2,cartesian_ik,20431247,True,True,,1,0.366245410987176,0.090339541,0.366245410987176,0.3870399799779989
17,central_c0.8,3,ompl_uniform,20431348,True,True,,1,0.2260593809769489,0.010881544,0.2260593809769489,0.22798537003109232
17,central_c0.8,3,cartesian_ik,20431348,True,True,,1,0.2009727800032124,0.035926617,0.2009727800032124,0.22179963497910649
17,central_c0.8,3,joint_projected,20431348,True,True,,1,0.16155244898982346,0.033683909,0.16155244898982346,0.18251658999361098
17,central_c0.8,4,cartesian_ik,20431449,True,True,,1,0.3209945179987699,0.123356051,0.3209945179987699,0.34223996498622
17,central_c0.8,4,joint_projected,20431449,True,True,,1,0.14573508204193786,0.044085461,0.14573508204193786,0.16611349396407604
17,central_c0.8,4,ompl_uniform,20431449,True,True,,1,0.1241459030425176,0.015265413,0.1241459030425176,0.12582803604891524
17,central_c0.8,5,cartesian_ik,20431550,True,True,,1,0.08956217602826655,0.019051543,0.08956217602826655,0.11009446304524317
17,central_c0.8,5,ompl_uniform,20431550,True,True,,1,0.11861100496025756,0.009884174,0.11861100496025756,0.12052111397497356
17,central_c0.8,5,joint_projected,20431550,True,True,,1,0.12938927701907232,0.040513147,0.12938927701907232,0.15028097201138735
17,central_c0.8,6,ompl_uniform,20431651,True,True,,1,0.23636701004579663,0.024969122,0.23636701004579663,0.23826537397690117
17,central_c0.8,6,joint_projected,20431651,True,True,,1,0.15684032102581114,0.038770957,0.15684032102581114,0.17797774699283764
17,central_c0.8,6,cartesian_ik,20431651,True,True,,1,0.17467532999580726,0.043569125,0.17467532999580726,0.19539782899664715
17,central_c0.8,7,ompl_uniform,20431752,True,True,,1,0.2624628110206686,0.03065999,0.2624628110206686,0.26414447400020435
17,central_c0.8,7,joint_projected,20431752,True,True,,1,0.08774532499955967,0.017887665,0.08774532499955967,0.10878653899999335
17,central_c0.8,7,cartesian_ik,20431752,True,True,,1,0.19445856398670003,0.04161581,0.19445856398670003,0.21521464898250997
17,central_c0.8,8,ompl_uniform,20431853,True,True,,1,0.22299095400376245,0.02494374,0.22299095400376245,0.22465771401766688
17,central_c0.8,8,cartesian_ik,20431853,True,True,,1,0.16221678705187514,0.052372944,0.16221678705187514,0.18329812702722847
17,central_c0.8,8,joint_projected,20431853,True,True,,1,0.26974897703621536,0.026014875,0.26974897703621536,0.29090524202911183
17,central_c0.8,9,joint_projected,20431954,True,True,,1,0.17731429601553828,0.034727856,0.17731429601553828,0.19830851996084675
17,central_c0.8,9,ompl_uniform,20431954,True,True,,1,0.0909598310245201,0.013254794,0.0909598310245201,0.0927867490099743
17,central_c0.8,9,cartesian_ik,20431954,True,True,,1,0.255042060976848,0.048556596,0.255042060976848,0.2761819469742477
29,offset_c0.2,0,cartesian_ik,20551129,True,True,,1,0.20344061101786792,0.049946032,0.20344061101786792,0.22380402398994192
29,offset_c0.2,0,ompl_uniform,20551129,True,True,,1,0.3206714870175347,0.016797929,0.3206714870175347,0.3225495039951056
29,offset_c0.2,0,joint_projected,20551129,True,True,,1,0.290144401951693,0.13387275,0.290144401951693,0.31058289995417
29,offset_c0.2,1,joint_projected,20551230,True,True,,1,0.1441193720092997,0.027889902,0.1441193720092997,0.16450676799286157
29,offset_c0.2,1,cartesian_ik,20551230,True,True,,1,0.12600451899925247,0.046053128,0.12600451899925247,0.14630475698504597
29,offset_c0.2,1,ompl_uniform,20551230,True,True,,1,0.5465515709947795,0.041598921,0.5465515709947795,0.5483929159818217
29,offset_c0.2,2,cartesian_ik,20551331,True,True,,1,0.1827394239953719,0.092291639,0.1827394239953719,0.2030751089914702
29,offset_c0.2,2,joint_projected,20551331,True,True,,1,0.10299165698233992,0.024352548,0.10299165698233992,0.12337368098087609
29,offset_c0.2,2,ompl_uniform,20551331,True,True,,1,0.17262570996535942,0.048511217,0.17262570996535942,0.17430203699041158
29,offset_c0.2,3,ompl_uniform,20551432,True,True,,1,0.18316765100462362,0.035498816,0.18316765100462362,0.1848495879676193
29,offset_c0.2,3,joint_projected,20551432,True,True,,1,0.221810388029553,0.021723602,0.221810388029553,0.2425148410256952
29,offset_c0.2,3,cartesian_ik,20551432,True,True,,1,0.19018831994617358,0.051524336,0.19018831994617358,0.2108339259866625
29,offset_c0.2,4,cartesian_ik,20551533,True,True,,1,0.18771683395607397,0.071665262,0.18771683395607397,0.2082010110025294
29,offset_c0.2,4,joint_projected,20551533,True,True,,1,0.13135284901363775,0.029338794,0.13135284901363775,0.1519128349609673
29,offset_c0.2,4,ompl_uniform,20551533,True,True,,1,0.19883689103880897,0.012411923,0.19883689103880897,0.20080162497470155
29,offset_c0.2,5,ompl_uniform,20551634,True,True,,1,0.3294741239515133,0.039580576,0.3294741239515133,0.3317044400027953
29,offset_c0.2,5,cartesian_ik,20551634,True,True,,1,0.17119915899820626,0.033911594,0.17119915899820626,0.1917447159648873
29,offset_c0.2,5,joint_projected,20551634,True,True,,1,0.12841379398014396,0.023956581,0.12841379398014396,0.1483693839982152
29,offset_c0.2,6,ompl_uniform,20551735,True,True,,1,0.20880061702337116,0.02256052,0.20880061702337116,0.21055938198696822
29,offset_c0.2,6,joint_projected,20551735,True,True,,1,0.09966810297919437,0.016673836,0.09966810297919437,0.12019395001698285
29,offset_c0.2,6,cartesian_ik,20551735,True,True,,1,0.09205323999049142,0.013679469,0.09205323999049142,0.1123612470109947
29,offset_c0.2,7,ompl_uniform,20551836,True,True,,1,0.15530306799337268,0.028780599,0.15530306799337268,0.15717480599414557
29,offset_c0.2,7,cartesian_ik,20551836,True,True,,1,0.22657318197889253,0.083703886,0.22657318197889253,0.24729341798229143
29,offset_c0.2,7,joint_projected,20551836,True,True,,1,0.2499254280119203,0.031721005,0.2499254280119203,0.27067094400990754
29,offset_c0.2,8,joint_projected,20551937,True,True,,1,0.18428752396721393,0.016066348,0.18428752396721393,0.20512225502170622
29,offset_c0.2,8,ompl_uniform,20551937,True,True,,1,0.14525811397470534,0.032813729,0.14525811397470534,0.14731112297158688
29,offset_c0.2,8,cartesian_ik,20551937,True,True,,1,0.10326316102873534,0.018204369,0.10326316102873534,0.1240263789659366
29,offset_c0.2,9,joint_projected,20552038,True,True,,1,0.1444208649918437,0.03416721,0.1444208649918437,0.16500475199427456
29,offset_c0.2,9,ompl_uniform,20552038,True,True,,1,0.4839182809810154,0.042107613,0.4839182809810154,0.4861844470142387
29,offset_c0.2,9,cartesian_ik,20552038,True,True,,1,0.2099893619888462,0.05410277,0.2099893619888462,0.2306826729909517
52,distant_c0.8,0,ompl_uniform,20781290,True,True,,1,0.13861505896784365,0.00943648,0.13861505896784365,0.14033663203008473
52,distant_c0.8,0,cartesian_ik,20781290,True,True,,1,0.10669510200386867,0.024651607,0.10669510200386867,0.12763753498438746
52,distant_c0.8,0,joint_projected,20781290,True,True,,1,0.1294863829971291,0.029903926,0.1294863829971291,0.1502826109644957
52,distant_c0.8,1,joint_projected,20781391,True,True,,1,0.1033657289808616,0.030611613,0.1033657289808616,0.12405436998233199
52,distant_c0.8,1,cartesian_ik,20781391,True,True,,1,0.10638652299530804,0.008788289,0.10638652299530804,0.1269048869726248
52,distant_c0.8,1,ompl_uniform,20781391,True,True,,1,0.15887091803597286,0.010876736,0.15887091803597286,0.16047407197766006
52,distant_c0.8,2,joint_projected,20781492,True,True,,1,0.04279020900139585,0.019937581,0.04279020900139585,0.0635334049584344
52,distant_c0.8,2,ompl_uniform,20781492,True,True,,1,0.14892601798055694,0.01516239,0.14892601798055694,0.1505114699830301
52,distant_c0.8,2,cartesian_ik,20781492,True,True,,1,0.10709433502051979,0.025858039,0.10709433502051979,0.1277245439705439
52,distant_c0.8,3,joint_projected,20781593,True,True,,1,0.047480640991125256,0.020453163,0.047480640991125256,0.06802107696421444
52,distant_c0.8,3,cartesian_ik,20781593,True,True,,1,0.183498683036305,0.0207783,0.183498683036305,0.20426467194920406
52,distant_c0.8,3,ompl_uniform,20781593,True,True,,1,0.14795651496388018,0.015902051,0.14795651496388018,0.14950976701220497
52,distant_c0.8,4,cartesian_ik,20781694,True,True,,1,0.08678616903489456,0.019312865,0.08678616903489456,0.1074565959861502
52,distant_c0.8,4,ompl_uniform,20781694,True,True,,1,0.1396709560067393,0.019130201,0.1396709560067393,0.14124836400151253
52,distant_c0.8,4,joint_projected,20781694,True,True,,1,0.08748418401228264,0.027655456,0.08748418401228264,0.10827055299887434
52,distant_c0.8,5,joint_projected,20781795,True,True,,1,0.10401000897400081,0.022023667,0.10401000897400081,0.12475867196917534
52,distant_c0.8,5,ompl_uniform,20781795,True,True,,1,0.14020377199631184,0.008312492,0.14020377199631184,0.14174707100028172
52,distant_c0.8,5,cartesian_ik,20781795,True,True,,1,0.06019545497838408,0.012832539,0.06019545497838408,0.08112658397294581
52,distant_c0.8,6,joint_projected,20781896,True,True,,1,0.049643228005152196,0.009695464,0.049643228005152196,0.0704099930007942
52,distant_c0.8,6,ompl_uniform,20781896,True,True,,1,0.1317764450213872,0.010798941,0.1317764450213872,0.13326495402725413
52,distant_c0.8,6,cartesian_ik,20781896,True,True,,1,0.1728572390275076,0.02620684,0.1728572390275076,0.19353260297793895
52,distant_c0.8,7,joint_projected,20781997,True,True,,1,0.17622437298996374,0.024575407,0.17622437298996374,0.19699664402287453
52,distant_c0.8,7,ompl_uniform,20781997,True,True,,1,0.1470001510460861,0.030807972,0.1470001510460861,0.14861080900300294
52,distant_c0.8,7,cartesian_ik,20781997,True,True,,1,0.1181547130108811,0.006833654,0.1181547130108811,0.1389766829670407
52,distant_c0.8,8,cartesian_ik,20782098,True,True,,1,0.1077600060380064,0.020989706,0.1077600060380064,0.1278757500112988
52,distant_c0.8,8,joint_projected,20782098,True,True,,1,0.13810714200371876,0.016925026,0.13810714200371876,0.1587029380025342
52,distant_c0.8,8,ompl_uniform,20782098,True,True,,1,0.1472426499822177,0.010920162,0.1472426499822177,0.14851651998469606
52,distant_c0.8,9,joint_projected,20782199,True,True,,1,0.05307137599447742,0.019667387,0.05307137599447742,0.0738600330078043
52,distant_c0.8,9,ompl_uniform,20782199,True,True,,1,0.09958867100067437,0.019929922,0.09958867100067437,0.10112150298664346
52,distant_c0.8,9,cartesian_ik,20782199,True,True,,1,0.09473894297843799,0.022411077,0.09473894297843799,0.11532568698748946
20,offset_c0.2,0,ompl_uniform,20461066,True,True,,1,0.1526942040072754,0.009821228,0.1526942040072754,0.15381052199518308
20,offset_c0.2,0,cartesian_ik,20461066,True,True,,1,0.11415277398191392,0.029578802,0.11415277398191392,0.13419219298521057
20,offset_c0.2,0,joint_projected,20461066,True,True,,1,0.049459079978987575,0.027661475,0.049459079978987575,0.06941350299166515
20,offset_c0.2,1,joint_projected,20461167,True,True,,1,0.1489282069960609,0.033339167,0.1489282069960609,0.16891552205197513
20,offset_c0.2,1,cartesian_ik,20461167,True,True,,1,0.09192749095382169,0.019341544,0.09192749095382169,0.11232820595614612
20,offset_c0.2,1,ompl_uniform,20461167,True,True,,1,0.1799894559662789,0.02028321,0.1799894559662789,0.18133185000624508
20,offset_c0.2,2,ompl_uniform,20461268,True,True,,1,0.11275694996584207,0.02040804,0.11275694996584207,0.11462484899675474
20,offset_c0.2,2,joint_projected,20461268,True,True,,1,0.1633598689804785,0.012266638,0.1633598689804785,0.18373857595724985
20,offset_c0.2,2,cartesian_ik,20461268,True,True,,1,0.11534253298304975,0.010526988,0.11534253298304975,0.13595118699595332
20,offset_c0.2,3,cartesian_ik,20461369,True,True,,1,0.13760961004300043,0.026012796,0.13760961004300043,0.15761021798243746
20,offset_c0.2,3,joint_projected,20461369,True,True,,1,0.03295363101642579,0.019961084,0.03295363101642579,0.053078036988154054
20,offset_c0.2,3,ompl_uniform,20461369,True,True,,1,0.1197781540104188,0.008067988,0.1197781540104188,0.12150779296644032
20,offset_c0.2,4,cartesian_ik,20461470,True,True,,1,0.1398130390443839,0.019506588,0.1398130390443839,0.16031841398216784
20,offset_c0.2,4,ompl_uniform,20461470,True,True,,1,0.17190268595004454,0.028554098,0.17190268595004454,0.17351858300389722
20,offset_c0.2,4,joint_projected,20461470,True,True,,1,0.06344775401521474,0.032196232,0.06344775401521474,0.0838394490419887
20,offset_c0.2,5,ompl_uniform,20461571,True,True,,1,0.24539603595621884,0.020244816,0.24539603595621884,0.24724791501648724
20,offset_c0.2,5,joint_projected,20461571,True,True,,1,0.16711988201132044,0.025792435,0.16711988201132044,0.18772053596330807
20,offset_c0.2,5,cartesian_ik,20461571,True,True,,1,0.10966736602131277,0.034883387,0.10966736602131277,0.13046518800547346
20,offset_c0.2,6,cartesian_ik,20461672,True,True,,1,0.08957696403376758,0.026135529,0.08957696403376758,0.10989899199921638
20,offset_c0.2,6,joint_projected,20461672,True,True,,1,0.15856569801690057,0.02794237,0.15856569801690057,0.1788106610183604
20,offset_c0.2,6,ompl_uniform,20461672,True,True,,1,0.14073346002260223,0.008583511,0.14073346002260223,0.14223860000493005
20,offset_c0.2,7,joint_projected,20461773,True,True,,1,0.15147768199676648,0.038730948,0.15147768199676648,0.17176729097263888
20,offset_c0.2,7,cartesian_ik,20461773,True,True,,1,0.112089250003919,0.032112413,0.112089250003919,0.13253118499414995
20,offset_c0.2,7,ompl_uniform,20461773,True,True,,1,0.12730366899631917,0.011393661,0.12730366899631917,0.12893345701741055
20,offset_c0.2,8,cartesian_ik,20461874,True,True,,1,0.1476104980101809,0.008677649,0.1476104980101809,0.1685108570381999
20,offset_c0.2,8,ompl_uniform,20461874,True,True,,1,0.09296097798505798,0.007895134,0.09296097798505798,0.09437464602524415
20,offset_c0.2,8,joint_projected,20461874,True,True,,1,0.09386258502490819,0.028933711,0.09386258502490819,0.11397423601010814
20,offset_c0.2,9,ompl_uniform,20461975,True,True,,1,0.12496373505564407,0.010467146,0.12496373505564407,0.12651157402433455
20,offset_c0.2,9,joint_projected,20461975,True,True,,1,0.09609823301434517,0.0280694,0.09609823301434517,0.1165866749943234
20,offset_c0.2,9,cartesian_ik,20461975,True,True,,1,0.09833741403417662,0.016985818,0.09833741403417662,0.11810179299209267
1,central_c0.2,0,cartesian_ik,20270933,True,True,,1,0.0993308310280554,0.012120865,0.0993308310280554,0.12113683699863032
1,central_c0.2,0,joint_projected,20270933,True,True,,1,0.13260406302288175,0.02181556,0.13260406302288175,0.15443962201243266
1,central_c0.2,0,ompl_uniform,20270933,True,True,,1,0.11977132299216464,0.008902382,0.11977132299216464,0.12141494295792654
1,central_c0.2,1,joint_projected,20271034,True,True,,1,0.15790852502686903,0.017392895,0.15790852502686903,0.18045103701297194
1,central_c0.2,1,cartesian_ik,20271034,True,True,,1,0.10203849396202713,0.010449444,0.10203849396202713,0.12463956401916221
1,central_c0.2,1,ompl_uniform,20271034,True,True,,1,0.11055400798795745,0.015465397,0.11055400798795745,0.11195739201502874
1,central_c0.2,2,ompl_uniform,20271135,True,True,,1,0.07828217401402071,0.009541448,0.07828217401402071,0.07989106402965263
1,central_c0.2,2,joint_projected,20271135,True,True,,1,0.05379515700042248,0.014296266,0.05379515700042248,0.07660535100148991
1,central_c0.2,2,cartesian_ik,20271135,True,True,,1,0.12498841795604676,0.012353244,0.12498841795604676,0.14754894701763988
1,central_c0.2,3,ompl_uniform,20271236,True,True,,1,0.16901360504562035,0.010077604,0.16901360504562035,0.17070728400722146
1,central_c0.2,3,cartesian_ik,20271236,True,True,,1,0.16489062795881182,0.033392808,0.16489062795881182,0.18709153000963852
1,central_c0.2,3,joint_projected,20271236,True,True,,1,0.08065189700573683,0.03138715,0.08065189700573683,0.1019253590493463
1,central_c0.2,4,ompl_uniform,20271337,True,True,,1,0.1107428980176337,0.010598452,0.1107428980176337,0.1124198769684881
1,central_c0.2,4,joint_projected,20271337,True,True,,1,0.13164889998733997,0.036698423,0.13164889998733997,0.15398633101722226
1,central_c0.2,4,cartesian_ik,20271337,True,True,,1,0.09020199498627335,0.011948512,0.09020199498627335,0.11256765102734789
1,central_c0.2,5,ompl_uniform,20271438,True,True,,1,0.18223673099419102,0.01524755,0.18223673099419102,0.1838313170010224
1,central_c0.2,5,joint_projected,20271438,True,True,,1,0.18303061299957335,0.018173598,0.18303061299957335,0.20545795100042596
1,central_c0.2,5,cartesian_ik,20271438,True,True,,1,0.16702670801896602,0.027313889,0.16702670801896602,0.18924662499921396
1,central_c0.2,6,cartesian_ik,20271539,True,True,,1,0.1544734319904819,0.017874809,0.1544734319904819,0.17652862903196365
1,central_c0.2,6,ompl_uniform,20271539,True,True,,1,0.2677328669815324,0.014661288,0.2677328669815324,0.26953496801434085
1,central_c0.2,6,joint_projected,20271539,True,True,,1,0.1537925330339931,0.020895235,0.1537925330339931,0.1757689060177654
1,central_c0.2,7,ompl_uniform,20271640,True,True,,1,0.0917505290126428,0.020653384,0.0917505290126428,0.09360837703570724
1,central_c0.2,7,cartesian_ik,20271640,True,True,,1,0.1220319609856233,0.010578499,0.1220319609856233,0.14462757197907194
1,central_c0.2,7,joint_projected,20271640,True,True,,1,0.1111283180071041,0.045553343,0.1111283180071041,0.13309825700707734
1,central_c0.2,8,joint_projected,20271741,True,True,,1,0.13838291901629418,0.019687328,0.13838291901629418,0.1608988800435327
1,central_c0.2,8,cartesian_ik,20271741,True,True,,1,0.09596308704931289,0.022181038,0.09596308704931289,0.11859147297218442
1,central_c0.2,8,ompl_uniform,20271741,True,True,,1,0.17078314197715372,0.014934225,0.17078314197715372,0.17249025899218395
1,central_c0.2,9,cartesian_ik,20271842,True,True,,1,0.10172628902364522,0.022722151,0.10172628902364522,0.12384066305821761
1,central_c0.2,9,ompl_uniform,20271842,True,True,,1,0.14693289797287434,0.008214456,0.14693289797287434,0.14873041602550074
1,central_c0.2,9,joint_projected,20271842,True,True,,1,0.10724799998570234,0.016326685,0.10724799998570234,0.12983214599080384
32,offset_c0.8,0,ompl_uniform,20581150,True,True,,1,0.10331769898766652,0.008099245,0.10331769898766652,0.10477594600524753
32,offset_c0.8,0,joint_projected,20581150,True,True,,1,0.09629265998955816,0.016705332,0.09629265998955816,0.11698938993504271
32,offset_c0.8,0,cartesian_ik,20581150,True,True,,1,0.12455885100644082,0.026725577,0.12455885100644082,0.1445105749880895
32,offset_c0.8,1,cartesian_ik,20581251,True,True,,1,0.20657378097530454,0.014884168,0.20657378097530454,0.22720959095750004
32,offset_c0.8,1,ompl_uniform,20581251,True,True,,1,0.15566298796329647,0.008507723,0.15566298796329647,0.15708634996553883
32,offset_c0.8,1,joint_projected,20581251,True,True,,1,0.13744103105273098,0.024870189,0.13744103105273098,0.1580183559563011
32,offset_c0.8,2,cartesian_ik,20581352,True,True,,1,0.13367091998225078,0.035787844,0.13367091998225078,0.15422256698366255
32,offset_c0.8,2,ompl_uniform,20581352,True,True,,1,0.15233236900530756,0.025718993,0.15233236900530756,0.15389555698493496
32,offset_c0.8,2,joint_projected,20581352,True,True,,1,0.12867705104872584,0.022268308,0.12867705104872584,0.14946669997880235
32,offset_c0.8,3,ompl_uniform,20581453,True,True,,1,0.1458075109985657,0.01951519,0.1458075109985657,0.14758278900990263
32,offset_c0.8,3,joint_projected,20581453,True,True,,1,0.18851813301444054,0.022432793,0.18851813301444054,0.2095279759960249
32,offset_c0.8,3,cartesian_ik,20581453,True,True,,1,0.08959832799155265,0.027950891,0.08959832799155265,0.11005106096854433
32,offset_c0.8,4,joint_projected,20581554,True,True,,1,0.12017766002099961,0.013081341,0.12017766002099961,0.14023131999420002
32,offset_c0.8,4,ompl_uniform,20581554,True,True,,1,0.1483433580142446,0.024022141,0.1483433580142446,0.1496346560306847
32,offset_c0.8,4,cartesian_ik,20581554,True,True,,1,0.12851626402698457,0.010154719,0.12851626402698457,0.14909918094053864
32,offset_c0.8,5,ompl_uniform,20581655,True,True,,1,0.1682976539595984,0.008057485,0.1682976539595984,0.1696208660141565
32,offset_c0.8,5,joint_projected,20581655,True,True,,1,0.10256003501126543,0.030358002,0.10256003501126543,0.12355849100276828
32,offset_c0.8,5,cartesian_ik,20581655,True,True,,1,0.18056503700790927,0.033079435,0.18056503700790927,0.2016544149373658
32,offset_c0.8,6,ompl_uniform,20581756,True,True,,1,0.13804073096252978,0.015826413,0.13804073096252978,0.13972489500883967
32,offset_c0.8,6,cartesian_ik,20581756,True,True,,1,0.14418484998168424,0.038104111,0.14418484998168424,0.1653137089451775
32,offset_c0.8,6,joint_projected,20581756,True,True,,1,0.1626257179887034,0.023336859,0.1626257179887034,0.18318776495289057
32,offset_c0.8,7,joint_projected,20581857,True,True,,1,0.05489421798847616,0.012840286,0.05489421798847616,0.075157044979278
32,offset_c0.8,7,cartesian_ik,20581857,True,True,,1,0.10262160596903414,0.011738099,0.10262160596903414,0.12357362394686788
32,offset_c0.8,7,ompl_uniform,20581857,True,True,,1,0.17747638502623886,0.016974097,0.17747638502623886,0.17914605198893696
32,offset_c0.8,8,joint_projected,20581958,True,True,,1,0.18930174998240545,0.022118984,0.18930174998240545,0.21000249893404543
32,offset_c0.8,8,cartesian_ik,20581958,True,True,,1,0.11772393202409148,0.038279149,0.11772393202409148,0.1385789400083013
32,offset_c0.8,8,ompl_uniform,20581958,True,True,,1,0.11667663400294259,0.008432776,0.11667663400294259,0.11833188601303846
32,offset_c0.8,9,cartesian_ik,20582059,True,True,,1,0.17464755498804152,0.013728796,0.17464755498804152,0.1957596850115806
32,offset_c0.8,9,joint_projected,20582059,True,True,,1,0.16292647301452234,0.01757918,0.16292647301452234,0.1835413709632121
32,offset_c0.8,9,ompl_uniform,20582059,True,True,,1,0.22947566700167954,0.011428915,0.22947566700167954,0.23148644797038287
55,distant_c0.8,0,joint_projected,20811311,False,False,start_invalid_in_corridor,,0.0,0.0,6.0,0.02075788303045556
55,distant_c0.8,0,ompl_uniform,20811311,True,True,,1,0.09775555500527844,0.009221754,0.09775555500527844,0.09926676598843187
55,distant_c0.8,0,cartesian_ik,20811311,False,False,start_invalid_in_corridor,,0.0,0.0,6.0,0.020749996067024767
55,distant_c0.8,1,cartesian_ik,20811412,False,False,start_invalid_in_corridor,,0.0,0.0,6.0,0.020374880055896938
55,distant_c0.8,1,joint_projected,20811412,False,False,start_invalid_in_corridor,,0.0,0.0,6.0,0.019993451074697077
55,distant_c0.8,1,ompl_uniform,20811412,True,True,,1,0.17141602601623163,0.010617428,0.17141602601623163,0.17266002501128241
55,distant_c0.8,2,cartesian_ik,20811513,False,False,start_invalid_in_corridor,,0.0,0.0,6.0,0.0205630770069547
55,distant_c0.8,2,ompl_uniform,20811513,True,True,,1,0.17371668998384848,0.016155581,0.17371668998384848,0.17508594697574154
55,distant_c0.8,2,joint_projected,20811513,False,False,start_invalid_in_corridor,,0.0,0.0,6.0,0.020709271018859
55,distant_c0.8,3,joint_projected,20811614,False,False,start_invalid_in_corridor,,0.0,0.0,6.0,0.02039116801461205
55,distant_c0.8,3,cartesian_ik,20811614,False,False,start_invalid_in_corridor,,0.0,0.0,6.0,0.020024691068101674
55,distant_c0.8,3,ompl_uniform,20811614,True,True,,1,0.16735806298675016,0.026722109,0.16735806298675016,0.16856477601686493
55,distant_c0.8,4,ompl_uniform,20811715,True,True,,1,0.13113242102554068,0.022231287,0.13113242102554068,0.13283743901411071
55,distant_c0.8,4,cartesian_ik,20811715,False,False,start_invalid_in_corridor,,0.0,0.0,6.0,0.020759965002071112
55,distant_c0.8,4,joint_projected,20811715,False,False,start_invalid_in_corridor,,0.0,0.0,6.0,0.020167620037682354
55,distant_c0.8,5,cartesian_ik,20811816,False,False,start_invalid_in_corridor,,0.0,0.0,6.0,0.020074065017979592
55,distant_c0.8,5,ompl_uniform,20811816,True,True,,1,0.0888909119530581,0.006998988,0.0888909119530581,0.09006742795463651
55,distant_c0.8,5,joint_projected,20811816,False,False,start_invalid_in_corridor,,0.0,0.0,6.0,0.020832425041589886
55,distant_c0.8,6,joint_projected,20811917,False,False,start_invalid_in_corridor,,0.0,0.0,6.0,0.020256647025234997
55,distant_c0.8,6,cartesian_ik,20811917,False,False,start_invalid_in_corridor,,0.0,0.0,6.0,0.019739272072911263
55,distant_c0.8,6,ompl_uniform,20811917,True,True,,1,0.18828619504347444,0.025138561,0.18828619504347444,0.18931785802124068
55,distant_c0.8,7,ompl_uniform,20812018,True,True,,1,0.1811746379826218,0.009945243,0.1811746379826218,0.18289804499363527
55,distant_c0.8,7,joint_projected,20812018,False,False,start_invalid_in_corridor,,0.0,0.0,6.0,0.02063930407166481
55,distant_c0.8,7,cartesian_ik,20812018,False,False,start_invalid_in_corridor,,0.0,0.0,6.0,0.020141861983574927
55,distant_c0.8,8,cartesian_ik,20812119,False,False,start_invalid_in_corridor,,0.0,0.0,6.0,0.019752813037484884
55,distant_c0.8,8,joint_projected,20812119,False,False,start_invalid_in_corridor,,0.0,0.0,6.0,0.01971549802692607
55,distant_c0.8,8,ompl_uniform,20812119,True,True,,1,0.20396186399739236,0.011534711,0.20396186399739236,0.20508426299784333
55,distant_c0.8,9,ompl_uniform,20812220,True,True,,1,0.09954119601752609,0.008682705,0.09954119601752609,0.10117436898872256
55,distant_c0.8,9,cartesian_ik,20812220,False,False,start_invalid_in_corridor,,0.0,0.0,6.0,0.020727143972180784
55,distant_c0.8,9,joint_projected,20812220,False,False,start_invalid_in_corridor,,0.0,0.0,6.0,0.020520039019174874
4,central_c0.2,0,joint_projected,20300954,True,True,,1,0.07867124897893518,0.033736195,0.07867124897893518,0.0983727399725467
4,central_c0.2,0,ompl_uniform,20300954,True,True,,1,0.1127405870356597,0.019482878,0.1127405870356597,0.11446917400462553
4,central_c0.2,0,cartesian_ik,20300954,True,True,,1,0.20484524400671944,0.048892198,0.20484524400671944,0.22529327700613067
4,central_c0.2,1,joint_projected,20301055,True,True,,1,0.1892108210013248,0.018449053,0.1892108210013248,0.20988209400093183
4,central_c0.2,1,ompl_uniform,20301055,True,True,,1,0.09965760400518775,0.022061954,0.09965760400518775,0.10141787701286376
4,central_c0.2,1,cartesian_ik,20301055,True,True,,1,0.22599680797429755,0.039534598,0.22599680797429755,0.24664017598843202
4,central_c0.2,2,ompl_uniform,20301156,True,True,,1,0.10849516099551693,0.013561272,0.10849516099551693,0.11015659896656871
4,central_c0.2,2,joint_projected,20301156,True,True,,1,0.10149536898825318,0.016385678,0.10149536898825318,0.12166283995611593
4,central_c0.2,2,cartesian_ik,20301156,True,True,,1,0.12393704598071054,0.023420732,0.12393704598071054,0.14438371901633218
4,central_c0.2,3,ompl_uniform,20301257,True,True,,1,0.16618506197119132,0.022801216,0.16618506197119132,0.16776763001689687
4,central_c0.2,3,cartesian_ik,20301257,True,True,,1,0.2033767430111766,0.064155637,0.2033767430111766,0.22409605898428708
4,central_c0.2,3,joint_projected,20301257,True,True,,1,0.20191903598606586,0.02626241,0.20191903598606586,0.22242381802061573
4,central_c0.2,4,joint_projected,20301358,True,True,,1,0.1473220870248042,0.04130098,0.1473220870248042,0.16795761400135234
4,central_c0.2,4,ompl_uniform,20301358,True,True,,1,0.21045422198949382,0.014065947,0.21045422198949382,0.2122046229778789
4,central_c0.2,4,cartesian_ik,20301358,True,True,,1,0.05612628400558606,0.027177985,0.05612628400558606,0.07649093098007143
4,central_c0.2,5,ompl_uniform,20301459,True,True,,1,0.09114879299886525,0.006504297,0.09114879299886525,0.09286038996651769
4,central_c0.2,5,cartesian_ik,20301459,True,True,,1,0.114205738005694,0.013100465,0.114205738005694,0.13452019600663334
4,central_c0.2,5,joint_projected,20301459,True,True,,1,0.08487450802931562,0.012713002,0.08487450802931562,0.10519824997754768
4,central_c0.2,6,joint_projected,20301560,True,True,,1,0.05528923694510013,0.027783399,0.05528923694510013,0.07558129797689617
4,central_c0.2,6,ompl_uniform,20301560,True,True,,1,0.19608527899254113,0.014775061,0.19608527899254113,0.19801708305021748
4,central_c0.2,6,cartesian_ik,20301560,True,True,,1,0.11788346798857674,0.047763525,0.11788346798857674,0.13837838504696265
4,central_c0.2,7,joint_projected,20301661,True,True,,1,0.11472503299592063,0.028547204,0.11472503299592063,0.13498606195207685
4,central_c0.2,7,cartesian_ik,20301661,True,True,,1,0.20904677599901333,0.013395489,0.20904677599901333,0.22975421394221485
4,central_c0.2,7,ompl_uniform,20301661,True,True,,1,0.18801002798136324,0.011528974,0.18801002798136324,0.18966886802809313
4,central_c0.2,8,ompl_uniform,20301762,True,True,,1,0.17883164499653503,0.013647964,0.17883164499653503,0.1802899320027791
4,central_c0.2,8,joint_projected,20301762,True,True,,1,0.10873404901940376,0.024841353,0.10873404901940376,0.12958080600947142
4,central_c0.2,8,cartesian_ik,20301762,True,True,,1,0.16435771901160479,0.025985686,0.16435771901160479,0.184461738972459
4,central_c0.2,9,joint_projected,20301863,True,True,,1,0.15301717398688197,0.026307651,0.15301717398688197,0.1733587080379948
4,central_c0.2,9,ompl_uniform,20301863,True,True,,1,0.17316649097483605,0.010293611,0.17316649097483605,0.17491532897111028
4,central_c0.2,9,cartesian_ik,20301863,True,True,,1,0.2071298019727692,0.072385159,0.2071298019727692,0.2277582479873672
35,offset_c0.8,0,cartesian_ik,20611171,True,True,,1,0.09930541802896187,0.018711477,0.09930541802896187,0.12025199603522196
35,offset_c0.8,0,joint_projected,20611171,True,True,,1,0.1778955950285308,0.028176276,0.1778955950285308,0.199359976046253
35,offset_c0.8,0,ompl_uniform,20611171,True,True,,1,0.08499958203174174,0.020235085,0.08499958203174174,0.08670932496897876
35,offset_c0.8,1,joint_projected,20611272,True,True,,1,0.16280521202133968,0.030647513,0.16280521202133968,0.1846527680172585
35,offset_c0.8,1,cartesian_ik,20611272,True,True,,1,0.16868750099092722,0.008869055,0.16868750099092722,0.1902463390142657
35,offset_c0.8,1,ompl_uniform,20611272,True,True,,1,0.08710073301335797,0.009247754,0.08710073301335797,0.08886269899085164
35,offset_c0.8,2,ompl_uniform,20611373,True,True,,1,0.10435100499307737,0.019096462,0.10435100499307737,0.10616935702273622
35,offset_c0.8,2,cartesian_ik,20611373,True,True,,1,0.1548085660324432,0.018981423,0.1548085660324432,0.17632653703913093
35,offset_c0.8,2,joint_projected,20611373,True,True,,1,0.09575105796102434,0.041336769,0.09575105796102434,0.11666655907174572
35,offset_c0.8,3,cartesian_ik,20611474,True,True,,1,0.17865962197538465,0.023176771,0.17865962197538465,0.19972253299783915
35,offset_c0.8,3,ompl_uniform,20611474,True,True,,1,0.11620356899220496,0.006967952,0.11620356899220496,0.11794508196180686
35,offset_c0.8,3,joint_projected,20611474,True,True,,1,0.19060804595937952,0.033969924,0.19060804595937952,0.2121056830510497
35,offset_c0.8,4,joint_projected,20611575,True,True,,1,0.11655124597018585,0.02484155,0.11655124597018585,0.13777479802956805
35,offset_c0.8,4,cartesian_ik,20611575,True,True,,1,0.0448420470347628,0.014992552,0.0448420470347628,0.06571608898229897
35,offset_c0.8,4,ompl_uniform,20611575,True,True,,1,0.16887877200497314,0.011803738,0.16887877200497314,0.17026602005353197
35,offset_c0.8,5,joint_projected,20611676,True,True,,1,0.10609952599043027,0.021401355,0.10609952599043027,0.12736903806217015
35,offset_c0.8,5,cartesian_ik,20611676,True,True,,1,0.061716248048469424,0.018629171,0.061716248048469424,0.08308043703436852
35,offset_c0.8,5,ompl_uniform,20611676,True,True,,1,0.11943670001346618,0.017835441,0.11943670001346618,0.12112639099359512
35,offset_c0.8,6,ompl_uniform,20611777,True,True,,1,0.11755944101605564,0.008103119,0.11755944101605564,0.11916890199063346
35,offset_c0.8,6,joint_projected,20611777,True,True,,1,0.1586431339965202,0.030602463,0.1586431339965202,0.18015586002729833
35,offset_c0.8,6,cartesian_ik,20611777,True,True,,1,0.1342600510106422,0.01657539,0.1342600510106422,0.1553339550155215
35,offset_c0.8,7,ompl_uniform,20611878,True,True,,1,0.15921387303387746,0.009940494,0.15921387303387746,0.1606573389726691
35,offset_c0.8,7,cartesian_ik,20611878,True,True,,1,0.07018430199241266,0.023937193,0.07018430199241266,0.09165614703670144
35,offset_c0.8,7,joint_projected,20611878,True,True,,1,0.1462374629918486,0.017607295,0.1462374629918486,0.16763763508060947
35,offset_c0.8,8,joint_projected,20611979,True,True,,1,0.12620256101945415,0.019104971,0.12620256101945415,0.1468213190091774
35,offset_c0.8,8,ompl_uniform,20611979,True,True,,1,0.14882681501330808,0.007526933,0.14882681501330808,0.1504184989607893
35,offset_c0.8,8,cartesian_ik,20611979,True,True,,1,0.10100015997886658,0.011909257,0.10100015997886658,0.12224216002505273
35,offset_c0.8,9,joint_projected,20612080,True,True,,1,0.1305817020474933,0.01975879,0.1305817020474933,0.15181031700922176
35,offset_c0.8,9,ompl_uniform,20612080,True,True,,1,0.22333701996831223,0.016069485,0.22333701996831223,0.22490313299931586
35,offset_c0.8,9,cartesian_ik,20612080,True,True,,1,0.14946754497941583,0.011475838,0.14946754497941583,0.1713472920237109
21,offset_c0.2,0,cartesian_ik,20471073,True,True,,1,0.15995583398034796,0.040219721,0.15995583398034796,0.1802313330117613
21,offset_c0.2,0,joint_projected,20471073,True,True,,1,0.05305039300583303,0.027775696,0.05305039300583303,0.07449648407055065
21,offset_c0.2,0,ompl_uniform,20471073,True,True,,1,0.14760799700161442,0.009265939,0.14760799700161442,0.1490454759914428
21,offset_c0.2,1,cartesian_ik,20471174,True,True,,1,0.10210492403712124,0.030971887,0.10210492403712124,0.12368951400276273
21,offset_c0.2,1,joint_projected,20471174,True,True,,1,0.11740314902272075,0.011239076,0.11740314902272075,0.13841408904409036
21,offset_c0.2,1,ompl_uniform,20471174,True,True,,1,0.1804721910157241,0.025017634,0.1804721910157241,0.18222591502126306
21,offset_c0.2,2,cartesian_ik,20471275,True,True,,1,0.10149979300331324,0.009395236,0.10149979300331324,0.12280443403869867
21,offset_c0.2,2,ompl_uniform,20471275,True,True,,1,0.20288950903341174,0.036033335,0.20288950903341174,0.20453060598811135
21,offset_c0.2,2,joint_projected,20471275,True,True,,1,0.08362738095456734,0.035281598,0.08362738095456734,0.1049616890377365
21,offset_c0.2,3,cartesian_ik,20471376,True,True,,1,0.06516953703248873,0.01781098,0.06516953703248873,0.08645543397869915
21,offset_c0.2,3,joint_projected,20471376,True,True,,1,0.3101927819661796,0.027603911,0.3101927819661796,0.3315728340530768
21,offset_c0.2,3,ompl_uniform,20471376,True,True,,1,0.24344484700122848,0.016132621,0.24344484700122848,0.24574782402487472
21,offset_c0.2,4,cartesian_ik,20471477,True,True,,1,0.04720533895306289,0.022925005,0.04720533895306289,0.0683632570435293
21,offset_c0.2,4,ompl_uniform,20471477,True,True,,1,0.20117792102973908,0.024788353,0.20117792102973908,0.20286328298971057
21,offset_c0.2,4,joint_projected,20471477,True,True,,1,0.09220110398018733,0.015821597,0.09220110398018733,0.113361993979197
21,offset_c0.2,5,ompl_uniform,20471578,True,True,,1,0.08836157800396904,0.018812423,0.08836157800396904,0.09016334300395101
21,offset_c0.2,5,cartesian_ik,20471578,True,True,,1,0.17169229598948732,0.014525845,0.17169229598948732,0.19325374002801254
21,offset_c0.2,5,joint_projected,20471578,True,True,,1,0.11119667597813532,0.020958505,0.11119667597813532,0.13250900205457583
21,offset_c0.2,6,cartesian_ik,20471679,True,True,,1,0.1344683400238864,0.025944772,0.1344683400238864,0.1555410300497897
21,offset_c0.2,6,joint_projected,20471679,True,True,,1,0.11047922901343554,0.024690159,0.11047922901343554,0.13149667606921867
21,offset_c0.2,6,ompl_uniform,20471679,True,True,,1,0.2717722240486182,0.023847971,0.2717722240486182,0.2737296179984696
21,offset_c0.2,7,ompl_uniform,20471780,True,True,,1,0.1789911609957926,0.024119143,0.1789911609957926,0.18091122998157516
21,offset_c0.2,7,cartesian_ik,20471780,True,True,,1,0.11477295501390472,0.011223961,0.11477295501390472,0.13587279105558991
21,offset_c0.2,7,joint_projected,20471780,True,True,,1,0.07846575701842085,0.027404959,0.07846575701842085,0.09994945704238489
21,offset_c0.2,8,cartesian_ik,20471881,True,True,,1,0.21665470697917044,0.036027432,0.21665470697917044,0.23798146605258808
21,offset_c0.2,8,joint_projected,20471881,True,True,,1,0.055732296023052186,0.027548375,0.055732296023052186,0.07695064402651042
21,offset_c0.2,8,ompl_uniform,20471881,True,True,,1,0.1765968959662132,0.028324759,0.1765968959662132,0.178212150989566
21,offset_c0.2,9,joint_projected,20471982,True,True,,1,0.09077060699928552,0.026123631,0.09077060699928552,0.11221831903094426
21,offset_c0.2,9,cartesian_ik,20471982,True,True,,1,0.10759222495835274,0.022011622,0.10759222495835274,0.1287510390393436
21,offset_c0.2,9,ompl_uniform,20471982,True,True,,1,0.14281227602623403,0.014240321,0.14281227602623403,0.14465088403085247
56,distant_c0.8,0,joint_projected,20821318,True,True,,1,0.042189955012872815,0.018164651,0.042189955012872815,0.06315647199517116
56,distant_c0.8,0,cartesian_ik,20821318,True,True,,1,0.14974029298173264,0.028499219,0.14974029298173264,0.17094490595627576
56,distant_c0.8,0,ompl_uniform,20821318,True,True,,1,0.114978767989669,0.010180734,0.114978767989669,0.11672957200789824
56,distant_c0.8,1,joint_projected,20821419,True,True,,1,0.12887152598705143,0.016967417,0.12887152598705143,0.15015848691109568
56,distant_c0.8,1,cartesian_ik,20821419,True,True,,1,0.05473719799192622,0.025332873,0.05473719799192622,0.07570770295569673
56,distant_c0.8,1,ompl_uniform,20821419,True,True,,1,0.132669762999285,0.01981804,0.132669762999285,0.13430999201955274
56,distant_c0.8,2,ompl_uniform,20821520,True,True,,1,0.10373621096368879,0.010710274,0.10373621096368879,0.10564749297918752
56,distant_c0.8,2,cartesian_ik,20821520,True,True,,1,0.18494611099595204,0.023995804,0.18494611099595204,0.20626668899785727
56,distant_c0.8,2,joint_projected,20821520,True,True,,1,0.0898742190329358,0.014217317,0.0898742190329358,0.1110484489472583
56,distant_c0.8,3,cartesian_ik,20821621,True,True,,1,0.14724680100334808,0.016849348,0.14724680100334808,0.16831846995046362
56,distant_c0.8,3,ompl_uniform,20821621,True,True,,1,0.21855553600471467,0.022696568,0.21855553600471467,0.22017434099689126
56,distant_c0.8,3,joint_projected,20821621,True,True,,1,0.07369918300537392,0.022038344,0.07369918300537392,0.09469101595459506
56,distant_c0.8,4,cartesian_ik,20821722,True,True,,1,0.0914200910483487,0.018056339,0.0914200910483487,0.11248400900512934
56,distant_c0.8,4,ompl_uniform,20821722,True,True,,1,0.13065340899629518,0.018487855,0.13065340899629518,0.13218778499867767
56,distant_c0.8,4,joint_projected,20821722,True,True,,1,0.255685732990969,0.029888257,0.255685732990969,0.27684734493959695
56,distant_c0.8,5,joint_projected,20821823,True,True,,1,0.10675142001127824,0.022173705,0.10675142001127824,0.12773825996555388
56,distant_c0.8,5,cartesian_ik,20821823,True,True,,1,0.033265232981648296,0.004548863,0.033265232981648296,0.05412410496501252
56,distant_c0.8,5,ompl_uniform,20821823,True,True,,1,0.060888286971021444,0.007789926,0.060888286971021444,0.06254330201772973
56,distant_c0.8,6,cartesian_ik,20821924,True,True,,1,0.017218541004694998,0.002863673,0.017218541004694998,0.0384320899611339
56,distant_c0.8,6,ompl_uniform,20821924,True,True,,1,0.1205149189918302,0.008220829,0.1205149189918302,0.12184627098031342
56,distant_c0.8,6,joint_projected,20821924,True,True,,1,0.03603677998762578,0.014380522,0.03603677998762578,0.05737564497394487
56,distant_c0.8,7,ompl_uniform,20822025,True,True,,1,0.14473792299395427,0.023789515,0.14473792299395427,0.14644363400293514
56,distant_c0.8,7,joint_projected,20822025,True,True,,1,0.1247421660227701,0.012963974,0.1247421660227701,0.14593792497180402
56,distant_c0.8,7,cartesian_ik,20822025,True,True,,1,0.17536395700881258,0.009852434,0.17536395700881258,0.1963758579804562
56,distant_c0.8,8,joint_projected,20822126,True,True,,1,0.147369603975676,0.016796707,0.147369603975676,0.16849027492571622
56,distant_c0.8,8,cartesian_ik,20822126,True,True,,1,0.038998358009848744,0.013355238,0.038998358009848744,0.06011760892579332
56,distant_c0.8,8,ompl_uniform,20822126,True,True,,1,0.17602147394791245,0.013408923,0.17602147394791245,0.17768263700418174
56,distant_c0.8,9,ompl_uniform,20822227,True,True,,1,0.08844289398984984,0.020370365,0.08844289398984984,0.09009012201568112
56,distant_c0.8,9,joint_projected,20822227,True,True,,1,0.035560200980398804,0.020962993,0.035560200980398804,0.056720567983575165
56,distant_c0.8,9,cartesian_ik,20822227,True,True,,1,0.044200009026098996,0.007637649,0.044200009026098996,0.06528567196801305
5,central_c0.2,0,cartesian_ik,20310961,True,True,,1,0.21198533900314942,0.078256287,0.21198533900314942,0.23541731102159247
5,central_c0.2,0,ompl_uniform,20310961,True,True,,1,0.2478092560195364,0.035432515,0.2478092560195364,0.2495835839654319
5,central_c0.2,0,joint_projected,20310961,True,True,,1,0.23414755100384355,0.040216612,0.23414755100384355,0.2580624069669284
5,central_c0.2,1,ompl_uniform,20311062,True,True,,1,0.30972556804772466,0.028649674,0.30972556804772466,0.3117518830113113
5,central_c0.2,1,joint_projected,20311062,True,True,,1,0.07061145995976403,0.028472463,0.07061145995976403,0.09403718000976369
5,central_c0.2,1,cartesian_ik,20311062,True,True,,1,0.2949602250009775,0.045070078,0.2949602250009775,0.3185248279478401
5,central_c0.2,2,joint_projected,20311163,True,True,,1,0.13039612700231373,0.017947074,0.13039612700231373,0.15372942900285125
5,central_c0.2,2,cartesian_ik,20311163,True,True,,1,0.18365962797543034,0.056405864,0.18365962797543034,0.20695185096701607
5,central_c0.2,2,ompl_uniform,20311163,True,True,,1,0.3375816009938717,0.024748239,0.3375816009938717,0.33915419300319627
5,central_c0.2,3,joint_projected,20311264,True,True,,1,0.1410239749820903,0.014356301,0.1410239749820903,0.1648712350288406
5,central_c0.2,3,ompl_uniform,20311264,True,True,,1,0.21478946198476478,0.059963087,0.21478946198476478,0.21677600796101615
5,central_c0.2,3,cartesian_ik,20311264,True,True,,1,0.0963779219891876,0.016528345,0.0963779219891876,0.11989010195247829
5,central_c0.2,4,joint_projected,20311365,True,True,,1,0.250301419000607,0.043622928,0.250301419000607,0.27377825300209224
5,central_c0.2,4,ompl_uniform,20311365,True,True,,1,0.5479143370175734,0.048967251,0.5479143370175734,0.5503259040415287
5,central_c0.2,4,cartesian_ik,20311365,True,True,,1,0.3100408189930022,0.051338221,0.3100408189930022,0.33408635400701314
5,central_c0.2,5,ompl_uniform,20311466,True,True,,1,0.2413471849868074,0.053706485,0.2413471849868074,0.2432056029792875
5,central_c0.2,5,cartesian_ik,20311466,True,True,,1,0.3451264270115644,0.143998523,0.3451264270115644,0.3689238069928251
5,central_c0.2,5,joint_projected,20311466,True,True,,1,0.13410147099057212,0.036708588,0.13410147099057212,0.15786994999507442
5,central_c0.2,6,cartesian_ik,20311567,True,True,,1,0.20230990805430338,0.082385288,0.20230990805430338,0.2256479570060037
5,central_c0.2,6,ompl_uniform,20311567,True,True,,1,0.4378453620010987,0.03392196,0.4378453620010987,0.43978482397506014
5,central_c0.2,6,joint_projected,20311567,True,True,,1,0.2910138710285537,0.062180583,0.2910138710285537,0.31482531101210043
5,central_c0.2,7,joint_projected,20311668,True,True,,1,0.14999946701573208,0.029774321,0.14999946701573208,0.17313294898485765
5,central_c0.2,7,cartesian_ik,20311668,True,True,,1,0.1790678010438569,0.05296526,0.1790678010438569,0.20215626998106018
5,central_c0.2,7,ompl_uniform,20311668,True,True,,1,0.11865456699160859,0.014854419,0.11865456699160859,0.12047193496255204
5,central_c0.2,8,ompl_uniform,20311769,True,True,,1,0.42849001404829323,0.032096633,0.42849001404829323,0.43074986001010984
5,central_c0.2,8,cartesian_ik,20311769,True,True,,1,0.11055930895963684,0.034281697,0.11055930895963684,0.13443265395471826
5,central_c0.2,8,joint_projected,20311769,True,True,,1,0.28845860896399245,0.070582641,0.28845860896399245,0.3118972730007954
5,central_c0.2,9,joint_projected,20311870,True,True,,1,0.1255130479694344,0.02864908,0.1255130479694344,0.14929852599743754
5,central_c0.2,9,cartesian_ik,20311870,True,True,,1,0.238820378028322,0.051096477,0.238820378028322,0.262227013008669
5,central_c0.2,9,ompl_uniform,20311870,True,True,,1,0.2292249359888956,0.0338912,0.2292249359888956,0.23146900604479015
58,distant_c0.8,0,cartesian_ik,20841332,True,True,,1,0.1225058360141702,0.007612973,0.1225058360141702,0.14406967698596418
58,distant_c0.8,0,ompl_uniform,20841332,True,True,,1,0.08549670700449497,0.00925441,0.08549670700449497,0.08725113701075315
58,distant_c0.8,0,joint_projected,20841332,True,True,,1,0.1449721259996295,0.023819246,0.1449721259996295,0.16714859002968296
58,distant_c0.8,1,joint_projected,20841433,True,True,,1,0.087372875015717,0.01571885,0.087372875015717,0.10914811899419874
58,distant_c0.8,1,cartesian_ik,20841433,True,True,,1,0.12585805403068662,0.012375158,0.12585805403068662,0.1476320720394142
58,distant_c0.8,1,ompl_uniform,20841433,True,True,,1,0.15395384101429954,0.007368966,0.15395384101429954,0.15533200302161276
58,distant_c0.8,2,cartesian_ik,20841534,True,True,,1,0.10521342500578612,0.020700043,0.10521342500578612,0.12702690798323601
58,distant_c0.8,2,joint_projected,20841534,True,True,,1,0.213317507004831,0.019871286,0.213317507004831,0.23530169494915754
58,distant_c0.8,2,ompl_uniform,20841534,True,True,,1,0.1259296629577875,0.008501153,0.1259296629577875,0.1276370600098744
58,distant_c0.8,3,joint_projected,20841635,True,True,,1,0.03368294099345803,0.022338484,0.03368294099345803,0.05566798499785364
58,distant_c0.8,3,ompl_uniform,20841635,True,True,,1,0.1220380500308238,0.007729999,0.1220380500308238,0.12381300400011241
58,distant_c0.8,3,cartesian_ik,20841635,True,True,,1,0.04179621796356514,0.009499531,0.04179621796356514,0.06435065797995776
58,distant_c0.8,4,joint_projected,20841736,True,True,,1,0.05481249303556979,0.01503232,0.05481249303556979,0.07669098098995164
58,distant_c0.8,4,ompl_uniform,20841736,True,True,,1,0.19163533300161362,0.014272639,0.19163533300161362,0.19330347701907158
58,distant_c0.8,4,cartesian_ik,20841736,True,True,,1,0.18998837296385318,0.011041567,0.18998837296385318,0.2122461479739286
58,distant_c0.8,5,ompl_uniform,20841837,True,True,,1,0.16011311899637803,0.009245057,0.16011311899637803,0.16194570303196087
58,distant_c0.8,5,joint_projected,20841837,True,True,,1,0.09959217498544604,0.029343115,0.09959217498544604,0.12164053495507687
58,distant_c0.8,5,cartesian_ik,20841837,True,True,,1,0.10235407901927829,0.025472315,0.10235407901927829,0.12409022398060188
58,distant_c0.8,6,ompl_uniform,20841938,True,True,,1,0.05241286300588399,0.007358776,0.05241286300588399,0.05385285598458722
58,distant_c0.8,6,cartesian_ik,20841938,True,True,,1,0.10699760401621461,0.020177987,0.10699760401621461,0.12904247001279145
58,distant_c0.8,6,joint_projected,20841938,True,True,,1,0.12572864297544584,0.018273963,0.12572864297544584,0.14731853199191391
58,distant_c0.8,7,cartesian_ik,20842039,True,True,,1,0.13558554300107062,0.009370008,0.13558554300107062,0.15693453699350357
58,distant_c0.8,7,ompl_uniform,20842039,True,True,,1,0.18515833700075746,0.034876153,0.18515833700075746,0.18710143904900178
58,distant_c0.8,7,joint_projected,20842039,True,True,,1,0.11084726301487535,0.023746568,0.11084726301487535,0.1328497879439965
58,distant_c0.8,8,joint_projected,20842140,True,True,,1,0.1232458179583773,0.03712333,0.1232458179583773,0.14530513394856825
58,distant_c0.8,8,cartesian_ik,20842140,True,True,,1,0.10833764600101858,0.01079323,0.10833764600101858,0.1306885439553298
58,distant_c0.8,8,ompl_uniform,20842140,True,True,,1,0.18183242803206667,0.016620061,0.18183242803206667,0.18362939899088815
58,distant_c0.8,9,joint_projected,20842241,True,True,,1,0.05217486998299137,0.025345324,0.05217486998299137,0.0746288700029254
58,distant_c0.8,9,ompl_uniform,20842241,True,True,,1,0.12837072397815064,0.005876292,0.12837072397815064,0.13027405802858993
58,distant_c0.8,9,cartesian_ik,20842241,True,True,,1,0.15973459801170975,0.012870762,0.15973459801170975,0.18173302995273843
27,offset_c0.2,0,joint_projected,20531115,True,True,,1,0.06277510395739228,0.020351996,0.06277510395739228,0.08386036904994398
27,offset_c0.2,0,cartesian_ik,20531115,True,True,,1,0.06485484697623178,0.023930219,0.06485484697623178,0.08578639704501256
27,offset_c0.2,0,ompl_uniform,20531115,True,True,,1,0.138292943011038,0.025255843,0.138292943011038,0.13987471896689385
27,offset_c0.2,1,cartesian_ik,20531216,True,True,,1,0.12424280302366242,0.019771425,0.12424280302366242,0.14552900299895555
27,offset_c0.2,1,joint_projected,20531216,True,True,,1,0.06068861798848957,0.035777105,0.06068861798848957,0.08135056006722152
27,offset_c0.2,1,ompl_uniform,20531216,True,True,,1,0.21400809899205342,0.023121498,0.21400809899205342,0.21541199000785127
27,offset_c0.2,2,joint_projected,20531317,True,True,,1,0.06049460102804005,0.013644301,0.06049460102804005,0.08160265401238576
27,offset_c0.2,2,cartesian_ik,20531317,True,True,,1,0.10929361497983336,0.023650547,0.10929361497983336,0.13021697400836274
27,offset_c0.2,2,ompl_uniform,20531317,True,True,,1,0.19804934499552473,0.0151554,0.19804934499552473,0.1998143779928796
27,offset_c0.2,3,cartesian_ik,20531418,True,True,,1,0.04422907897969708,0.013783922,0.04422907897969708,0.06557350902585313
27,offset_c0.2,3,joint_projected,20531418,True,True,,1,0.2124886239762418,0.027372406,0.2124886239762418,0.23345658305333927
27,offset_c0.2,3,ompl_uniform,20531418,True,True,,1,0.17950777703663334,0.013833548,0.17950777703663334,0.18135855399305
27,offset_c0.2,4,cartesian_ik,20531519,True,True,,1,0.12252903799526393,0.022545063,0.12252903799526393,0.1437403869931586
27,offset_c0.2,4,joint_projected,20531519,True,True,,1,0.20702779100975022,0.019367393,0.20702779100975022,0.22876427904702723
27,offset_c0.2,4,ompl_uniform,20531519,True,True,,1,0.173877305991482,0.010819383,0.173877305991482,0.17537712800549343
27,offset_c0.2,5,cartesian_ik,20531620,True,True,,1,0.027626394003164023,0.010637484,0.027626394003164023,0.04849615407874808
27,offset_c0.2,5,joint_projected,20531620,True,True,,1,0.026768660987727344,0.007567342,0.026768660987727344,0.047512505028862506
27,offset_c0.2,5,ompl_uniform,20531620,True,True,,1,0.10702787002082914,0.009809383,0.10702787002082914,0.10873019602149725
27,offset_c0.2,6,ompl_uniform,20531721,True,True,,1,0.18174709100276232,0.010071935,0.18174709100276232,0.18335377401672304
27,offset_c0.2,6,joint_projected,20531721,True,True,,1,0.11506702896440402,0.030788528,0.11506702896440402,0.1364916890161112
27,offset_c0.2,6,cartesian_ik,20531721,True,True,,1,0.11839234799845144,0.006527349,0.11839234799845144,0.13923767308006063
27,offset_c0.2,7,cartesian_ik,20531822,True,True,,1,0.052340449998155236,0.019714129,0.052340449998155236,0.07296228903578594
27,offset_c0.2,7,joint_projected,20531822,True,True,,1,0.16337957099312916,0.01795339,0.16337957099312916,0.18416418100241572
27,offset_c0.2,7,ompl_uniform,20531822,True,True,,1,0.11052721901796758,0.010945465,0.11052721901796758,0.11215783597435802
27,offset_c0.2,8,ompl_uniform,20531923,True,True,,1,0.1906391039956361,0.011559223,0.1906391039956361,0.19258562102913857
27,offset_c0.2,8,cartesian_ik,20531923,True,True,,1,0.06846140802372247,0.005485888,0.06846140802372247,0.08935209602350369
27,offset_c0.2,8,joint_projected,20531923,True,True,,1,0.2769874550285749,0.01501319,0.2769874550285749,0.29812880005920306
27,offset_c0.2,9,joint_projected,20532024,True,True,,1,0.04142156499437988,0.025978791,0.04142156499437988,0.061889483069535345
27,offset_c0.2,9,ompl_uniform,20532024,True,True,,1,0.1810367510188371,0.018382284,0.1810367510188371,0.18264725303743035
27,offset_c0.2,9,cartesian_ik,20532024,True,True,,1,0.14173283899435773,0.019572062,0.14173283899435773,0.1627802069997415
25,offset_c0.2,0,joint_projected,20511101,True,True,,1,0.07962045399472117,0.019164758,0.07962045399472117,0.09994061605539173
25,offset_c0.2,0,cartesian_ik,20511101,True,True,,1,0.15010920399799943,0.016262224,0.15010920399799943,0.17072815803112462
25,offset_c0.2,0,ompl_uniform,20511101,True,True,,1,0.12317779602017254,0.007647402,0.12317779602017254,0.12472144304774702
25,offset_c0.2,1,ompl_uniform,20511202,True,True,,1,0.09572301100706682,0.008290911,0.09572301100706682,0.0972287529730238
25,offset_c0.2,1,cartesian_ik,20511202,True,True,,1,0.02826796204317361,0.011914859,0.02826796204317361,0.048691090021748096
25,offset_c0.2,1,joint_projected,20511202,True,True,,1,0.1911545349867083,0.047909162,0.1911545349867083,0.21174727502511814
25,offset_c0.2,2,cartesian_ik,20511303,True,True,,1,0.0574314669938758,0.029728039,0.0574314669938758,0.07802469504531473
25,offset_c0.2,2,joint_projected,20511303,True,True,,1,0.13060017197858542,0.023137638,0.13060017197858542,0.15108124003745615
25,offset_c0.2,2,ompl_uniform,20511303,True,True,,1,0.17052075901301578,0.021874774,0.17052075901301578,0.17207395599689335
25,offset_c0.2,3,cartesian_ik,20511404,True,True,,1,0.08946928998921067,0.065816426,0.08946928998921067,0.11036645504646003
25,offset_c0.2,3,joint_projected,20511404,True,True,,1,0.20379165199119598,0.020481854,0.20379165199119598,0.22468243801267818
25,offset_c0.2,3,ompl_uniform,20511404,True,True,,1,0.13985610497184098,0.009296827,0.13985610497184098,0.1415797239751555
25,offset_c0.2,4,ompl_uniform,20511505,True,True,,1,0.12793527700705454,0.011379497,0.12793527700705454,0.12984910100931302
25,offset_c0.2,4,joint_projected,20511505,True,True,,1,0.13193652604240924,0.032573242,0.13193652604240924,0.15225216001272202
25,offset_c0.2,4,cartesian_ik,20511505,True,True,,1,0.15005093801300973,0.022918591,0.15005093801300973,0.17089729703729972
25,offset_c0.2,5,ompl_uniform,20511606,True,True,,1,0.21729993901681155,0.007432955,0.21729993901681155,0.21913148800376803
25,offset_c0.2,5,cartesian_ik,20511606,True,True,,1,0.1512481840327382,0.039578587,0.1512481840327382,0.17184744507540017
25,offset_c0.2,5,joint_projected,20511606,True,True,,1,0.13083122100215405,0.042172862,0.13083122100215405,0.15173620701534674
25,offset_c0.2,6,joint_projected,20511707,True,True,,1,0.154017303022556,0.027278178,0.154017303022556,0.1751148600014858
25,offset_c0.2,6,cartesian_ik,20511707,True,True,,1,0.04315017000772059,0.007401288,0.04315017000772059,0.06369728804565966
25,offset_c0.2,6,ompl_uniform,20511707,True,True,,1,0.08045476401457563,0.008167999,0.08045476401457563,0.08180440700380132
25,offset_c0.2,7,ompl_uniform,20511808,True,True,,1,0.21725349797634408,0.023236783,0.21725349797634408,0.2191052480484359
25,offset_c0.2,7,joint_projected,20511808,True,True,,1,0.1397012670058757,0.02846022,0.1397012670058757,0.1605707230628468
25,offset_c0.2,7,cartesian_ik,20511808,True,True,,1,0.13021199003560469,0.01513257,0.13021199003560469,0.15123998001217842
25,offset_c0.2,8,cartesian_ik,20511909,True,True,,1,0.12352196499705315,0.017332039,0.12352196499705315,0.14429388707503676
25,offset_c0.2,8,ompl_uniform,20511909,True,True,,1,0.16706989501835778,0.017137029,0.16706989501835778,0.16907616204116493
25,offset_c0.2,8,joint_projected,20511909,True,True,,1,0.15129957103636116,0.019578088,0.15129957103636116,0.17249651404563338
25,offset_c0.2,9,joint_projected,20512010,True,True,,1,0.24648373399395496,0.031223356,0.24648373399395496,0.26753724401351064
25,offset_c0.2,9,ompl_uniform,20512010,True,True,,1,0.12483923102263361,0.011034079,0.12483923102263361,0.1266686489689164
25,offset_c0.2,9,cartesian_ik,20512010,True,True,,1,0.1442642139736563,0.015466506,0.1442642139736563,0.16513326106360182
57,distant_c0.8,0,cartesian_ik,20831325,True,True,,1,0.06377074599731714,0.018024957,0.06377074599731714,0.08406323596136644
57,distant_c0.8,0,ompl_uniform,20831325,True,True,,1,0.16234916995745152,0.011719521,0.16234916995745152,0.1638041080441326
57,distant_c0.8,0,joint_projected,20831325,True,True,,1,0.15171830501640216,0.019973571,0.15171830501640216,0.1725582050275989
57,distant_c0.8,1,ompl_uniform,20831426,True,True,,1,0.07317019603215158,0.01406724,0.07317019603215158,0.07450674299616367
57,distant_c0.8,1,cartesian_ik,20831426,True,True,,1,0.1387383519904688,0.050541208,0.1387383519904688,0.15945631300564855
57,distant_c0.8,1,joint_projected,20831426,True,True,,1,0.10934109700610861,0.031372036,0.10934109700610861,0.12989597796695307
57,distant_c0.8,2,ompl_uniform,20831527,True,True,,1,0.1398778340080753,0.008128751,0.1398778340080753,0.14165834605228156
57,distant_c0.8,2,joint_projected,20831527,True,True,,1,0.11940063198562711,0.020388722,0.11940063198562711,0.13978854398010299
57,distant_c0.8,2,cartesian_ik,20831527,True,True,,1,0.15003720304230228,0.043449869,0.15003720304230228,0.17042287799995393
57,distant_c0.8,3,ompl_uniform,20831628,True,True,,1,0.1874511469504796,0.007838145,0.1874511469504796,0.18921885697636753
57,distant_c0.8,3,joint_projected,20831628,True,True,,1,0.04281441401690245,0.014050581,0.04281441401690245,0.06358125002589077
57,distant_c0.8,3,cartesian_ik,20831628,True,True,,1,0.22923964500660077,0.027820271,0.22923964500660077,0.2499556820257567
57,distant_c0.8,4,cartesian_ik,20831729,True,True,,1,0.11050455196527764,0.01882,0.11050455196527764,0.13067131501156837
57,distant_c0.8,4,joint_projected,20831729,True,True,,1,0.060913833032827824,0.023017714,0.060913833032827824,0.08115597802679986
57,distant_c0.8,4,ompl_uniform,20831729,True,True,,1,0.20352838601684198,0.008839842,0.20352838601684198,0.20536167197860777
57,distant_c0.8,5,joint_projected,20831830,True,True,,1,0.23753132397541776,0.022925218,0.23753132397541776,0.2588557620183565
57,distant_c0.8,5,cartesian_ik,20831830,True,True,,1,0.08112817001529038,0.024423413,0.08112817001529038,0.10174357297364622
57,distant_c0.8,5,ompl_uniform,20831830,True,True,,1,0.1700825440348126,0.009774663,0.1700825440348126,0.1714769620448351
57,distant_c0.8,6,ompl_uniform,20831931,True,True,,1,0.08371186803560704,0.008609062,0.08371186803560704,0.08540006098337471
57,distant_c0.8,6,joint_projected,20831931,True,True,,1,0.10861264204140753,0.024733011,0.10861264204140753,0.12928342301165685
57,distant_c0.8,6,cartesian_ik,20831931,True,True,,1,0.1722149060224183,0.051649715,0.1722149060224183,0.19311612896854058
57,distant_c0.8,7,cartesian_ik,20832032,True,True,,1,0.2117327519808896,0.044862738,0.2117327519808896,0.23244303301908076
57,distant_c0.8,7,ompl_uniform,20832032,True,True,,1,0.0709775949944742,0.006967928,0.0709775949944742,0.07269558997359127
57,distant_c0.8,7,joint_projected,20832032,False,True,path_audit,1,0.028423489013221115,0.016862638,6.0,0.04922905104467645
57,distant_c0.8,8,ompl_uniform,20832133,True,True,,1,0.1257963989628479,0.007040529,0.1257963989628479,0.12711153697455302
57,distant_c0.8,8,cartesian_ik,20832133,True,True,,1,0.04431281995493919,0.026840123,0.04431281995493919,0.06491011899197474
57,distant_c0.8,8,joint_projected,20832133,True,True,,1,0.1254503930103965,0.019682535,0.1254503930103965,0.1460150940110907
57,distant_c0.8,9,joint_projected,20832234,True,True,,1,0.12962707597762346,0.030024862,0.12962707597762346,0.1499245929880999
57,distant_c0.8,9,ompl_uniform,20832234,True,True,,1,0.1604535060469061,0.017761594,0.1604535060469061,0.1618843239848502
57,distant_c0.8,9,cartesian_ik,20832234,True,True,,1,0.13562328997068107,0.022689944,0.13562328997068107,0.15618552401429042
3,central_c0.2,0,ompl_uniform,20290947,True,True,,1,0.18194931896869093,0.013785719,0.18194931896869093,0.18304814700968564
3,central_c0.2,0,joint_projected,20290947,True,True,,1,0.07542183302575722,0.033091058,0.07542183302575722,0.09690790600143373
3,central_c0.2,0,cartesian_ik,20290947,True,True,,1,0.3374212179915048,0.053736226,0.3374212179915048,0.35923670703778043
3,central_c0.2,1,joint_projected,20291048,True,True,,1,0.17526366701349616,0.04784404,0.17526366701349616,0.1970226900302805
3,central_c0.2,1,cartesian_ik,20291048,True,True,,1,0.06535001203883439,0.028891646,0.06535001203883439,0.08684455207549036
3,central_c0.2,1,ompl_uniform,20291048,True,True,,1,0.1805852010147646,0.025075706,0.1805852010147646,0.18248706799931824
3,central_c0.2,2,ompl_uniform,20291149,True,True,,1,0.23283163597807288,0.021949613,0.23283163597807288,0.23453424498438835
3,central_c0.2,2,joint_projected,20291149,True,True,,1,0.19456869101850316,0.069484454,0.19456869101850316,0.21632209804374725
3,central_c0.2,2,cartesian_ik,20291149,True,True,,1,0.5803006530040875,0.147926957,0.5803006530040875,0.6104712810483761
3,central_c0.2,3,joint_projected,20291250,True,True,,1,0.29320634802570567,0.139696686,0.29320634802570567,0.3149030890199356
3,central_c0.2,3,cartesian_ik,20291250,True,True,,1,0.2812127430224791,0.145073608,0.2812127430224791,0.30267812503734604
3,central_c0.2,3,ompl_uniform,20291250,True,True,,1,0.16065345698734745,0.008235974,0.16065345698734745,0.1619672899832949
3,central_c0.2,4,ompl_uniform,20291351,True,True,,1,0.22285313700558618,0.012818675,0.22285313700558618,0.22480886103585362
3,central_c0.2,4,joint_projected,20291351,True,True,,1,0.15668989002006128,0.026468369,0.15668989002006128,0.17822362307924777
3,central_c0.2,4,cartesian_ik,20291351,True,True,,1,0.25882333802292123,0.048434531,0.25882333802292123,0.2805045429849997
3,central_c0.2,5,joint_projected,20291452,True,True,,1,0.16101608698954806,0.029904305,0.16101608698954806,0.1825209850212559
3,central_c0.2,5,cartesian_ik,20291452,True,True,,1,0.10638836200814694,0.021980013,0.10638836200814694,0.12796837702626362
3,central_c0.2,5,ompl_uniform,20291452,True,True,,1,0.13648062595166266,0.020563467,0.13648062595166266,0.13826216798042879
3,central_c0.2,6,ompl_uniform,20291553,True,True,,1,0.1518793540308252,0.023097588,0.1518793540308252,0.1534207240329124
3,central_c0.2,6,joint_projected,20291553,True,True,,1,0.07348727196222171,0.015385185,0.07348727196222171,0.09512576000997797
3,central_c0.2,6,cartesian_ik,20291553,True,True,,1,0.4898078020196408,0.137979259,0.4898078020196408,0.5119020840502344
3,central_c0.2,7,joint_projected,20291654,True,True,,1,0.08910342899616808,0.030688699,0.08910342899616808,0.11067080101929605
3,central_c0.2,7,cartesian_ik,20291654,True,True,,1,0.2054026509867981,0.057158753,0.2054026509867981,0.22677155799465254
3,central_c0.2,7,ompl_uniform,20291654,True,True,,1,0.11732754902914166,0.009791096,0.11732754902914166,0.1187945639831014
3,central_c0.2,8,joint_projected,20291755,True,True,,1,0.17167196900118142,0.032648291,0.17167196900118142,0.1929957500542514
3,central_c0.2,8,cartesian_ik,20291755,True,True,,1,0.19213531899731606,0.133584808,0.19213531899731606,0.2133772630477324
3,central_c0.2,8,ompl_uniform,20291755,True,True,,1,0.11292866396252066,0.025583876,0.11292866396252066,0.11452599696349353
3,central_c0.2,9,cartesian_ik,20291856,True,True,,1,0.17472198099130765,0.049726501,0.17472198099130765,0.1964302560663782
3,central_c0.2,9,joint_projected,20291856,True,True,,1,0.09885545598808676,0.021090186,0.09885545598808676,0.12033204804174602
3,central_c0.2,9,ompl_uniform,20291856,True,True,,1,0.22670673998072743,0.024793283,0.22670673998072743,0.22831446095369756
50,distant_c0.8,0,cartesian_ik,20761276,True,True,,1,0.11936054303077981,0.014590461,0.11936054303077981,0.1400054779369384
50,distant_c0.8,0,joint_projected,20761276,True,True,,1,0.26118844997836277,0.093356137,0.26118844997836277,0.2814324329374358
50,distant_c0.8,0,ompl_uniform,20761276,True,True,,1,0.1790090139838867,0.009093746,0.1790090139838867,0.18072891898918897
50,distant_c0.8,1,cartesian_ik,20761377,True,True,,1,0.1348897809511982,0.020412018,0.1348897809511982,0.15535477694356814
50,distant_c0.8,1,joint_projected,20761377,True,True,,1,0.1566932089626789,0.104399351,0.1566932089626789,0.17645896394969895
50,distant_c0.8,1,ompl_uniform,20761377,True,True,,1,0.13373268401483074,0.011934244,0.13373268401483074,0.13565572601510212
50,distant_c0.8,2,joint_projected,20761478,True,True,,1,0.22614102298393846,0.134279573,0.22614102298393846,0.24687135394196957
50,distant_c0.8,2,cartesian_ik,20761478,True,True,,1,0.07917492499109358,0.006710827,0.07917492499109358,0.09954626992112026
50,distant_c0.8,2,ompl_uniform,20761478,True,True,,1,0.14226539502851665,0.014472843,0.14226539502851665,0.14397285704035312
50,distant_c0.8,3,ompl_uniform,20761579,True,True,,1,0.15640911896480247,0.017633659,0.15640911896480247,0.15816238801926374
50,distant_c0.8,3,joint_projected,20761579,True,True,,1,0.18362684297608212,0.115626065,0.18362684297608212,0.20382480998523533
50,distant_c0.8,3,cartesian_ik,20761579,True,True,,1,0.1440247319987975,0.009901304,0.1440247319987975,0.1641919600078836
50,distant_c0.8,4,cartesian_ik,20761680,True,True,,1,0.15868389897514135,0.030907265,0.15868389897514135,0.17820323799969628
50,distant_c0.8,4,ompl_uniform,20761680,True,True,,1,0.19847524096257985,0.009438044,0.19847524096257985,0.19983642298029736
50,distant_c0.8,4,joint_projected,20761680,True,True,,1,0.27838327101198956,0.100806174,0.27838327101198956,0.2989394419710152
50,distant_c0.8,5,cartesian_ik,20761781,True,True,,1,0.06822915002703667,0.010166423,0.06822915002703667,0.08879886992508546
50,distant_c0.8,5,joint_projected,20761781,True,True,,1,0.2172119320021011,0.115859885,0.2172119320021011,0.23726637900108472
50,distant_c0.8,5,ompl_uniform,20761781,True,True,,1,0.13981669896747917,0.009488779,0.13981669896747917,0.14127285702852532
50,distant_c0.8,6,ompl_uniform,20761882,True,True,,1,0.14456606598105282,0.009979687,0.14456606598105282,0.14611637801863253
50,distant_c0.8,6,joint_projected,20761882,True,True,,1,0.18217814899981022,0.114348098,0.18217814899981022,0.20276131993159652
50,distant_c0.8,6,cartesian_ik,20761882,True,True,,1,0.11392295599216595,0.009837513,0.11392295599216595,0.13425269100116566
50,distant_c0.8,7,cartesian_ik,20761983,True,True,,1,0.07934738899348304,0.011824284,0.07934738899348304,0.09982673695776612
50,distant_c0.8,7,ompl_uniform,20761983,True,True,,1,0.1321679879911244,0.010072565,0.1321679879911244,0.13377656898228452
50,distant_c0.8,7,joint_projected,20761983,True,True,,1,0.177249155996833,0.107236355,0.177249155996833,0.19772240793099627
50,distant_c0.8,8,joint_projected,20762084,True,True,,1,0.14408005902078003,0.110956251,0.14408005902078003,0.16428953898139298
50,distant_c0.8,8,cartesian_ik,20762084,True,True,,1,0.09034175699343905,0.022836108,0.09034175699343905,0.11070839100284502
50,distant_c0.8,8,ompl_uniform,20762084,True,True,,1,0.11234271398279816,0.022094144,0.11234271398279816,0.11399208096554503
50,distant_c0.8,9,cartesian_ik,20762185,True,True,,1,0.12314706796314567,0.015482472,0.12314706796314567,0.14333004096988589
50,distant_c0.8,9,ompl_uniform,20762185,True,True,,1,0.12100046500563622,0.008213845,0.12100046500563622,0.12262231996282935
50,distant_c0.8,9,joint_projected,20762185,True,True,,1,0.27403972594765946,0.111703936,0.27403972594765946,0.2942758809658699
18,central_c0.8,0,ompl_uniform,20441052,True,True,,1,0.24842884298413992,0.019556333,0.24842884298413992,0.2500994779984467
18,central_c0.8,0,cartesian_ik,20441052,True,True,,1,0.18774666596436873,0.079408068,0.18774666596436873,0.21266253700014204
18,central_c0.8,0,joint_projected,20441052,True,True,,1,0.1645847869804129,0.018333257,0.1645847869804129,0.18946301797404885
18,central_c0.8,1,ompl_uniform,20441153,True,True,,1,0.1736179839936085,0.013651019,0.1736179839936085,0.17547299194848165
18,central_c0.8,1,cartesian_ik,20441153,True,True,,1,0.30644856696017087,0.066000404,0.30644856696017087,0.3315188370179385
18,central_c0.8,1,joint_projected,20441153,True,True,,1,0.16261753701837733,0.031137373,0.16261753701837733,0.18689866398926824
18,central_c0.8,2,cartesian_ik,20441254,True,True,,1,0.3038331099669449,0.091939109,0.3038331099669449,0.3282632069895044
18,central_c0.8,2,joint_projected,20441254,True,True,,1,0.1758634540019557,0.033323934,0.1758634540019557,0.2004283149726689
18,central_c0.8,2,ompl_uniform,20441254,True,True,,1,0.11644973297370598,0.019189493,0.11644973297370598,0.11824790097307414
18,central_c0.8,3,cartesian_ik,20441355,True,True,,1,0.15993644302943721,0.018939125,0.15993644302943721,0.18458675796864554
18,central_c0.8,3,joint_projected,20441355,True,True,,1,0.12860990897752345,0.024099035,0.12860990897752345,0.1531620739842765
18,central_c0.8,3,ompl_uniform,20441355,True,True,,1,0.27353181096259505,0.013916879,0.27353181096259505,0.27531615702901036
18,central_c0.8,4,joint_projected,20441456,True,True,,1,0.2729406600119546,0.03252368,0.2729406600119546,0.297802112007048
18,central_c0.8,4,cartesian_ik,20441456,True,True,,1,0.2281793020083569,0.070541195,0.2281793020083569,0.2529025790281594
18,central_c0.8,4,ompl_uniform,20441456,True,True,,1,0.268669870973099,0.028514167,0.268669870973099,0.27056212298339233
18,central_c0.8,5,joint_projected,20441557,True,True,,1,0.1318765269825235,0.025061208,0.1318765269825235,0.15644268301548436
18,central_c0.8,5,cartesian_ik,20441557,True,True,,1,0.13879295496735722,0.032208361,0.13879295496735722,0.163230019970797
18,central_c0.8,5,ompl_uniform,20441557,True,True,,1,0.12158691603690386,0.021761624,0.12158691603690386,0.12335403996985406
18,central_c0.8,6,cartesian_ik,20441658,True,True,,1,0.06884882395388559,0.04029801,0.06884882395388559,0.0933759369654581
18,central_c0.8,6,joint_projected,20441658,True,True,,1,0.07930555200437084,0.021546174,0.07930555200437084,0.10361985699273646
18,central_c0.8,6,ompl_uniform,20441658,True,True,,1,0.4080561280134134,0.024965831,0.4080561280134134,0.41018939204514027
18,central_c0.8,7,ompl_uniform,20441759,True,True,,1,0.22350837697740644,0.01863731,0.22350837697740644,0.22600492998026311
18,central_c0.8,7,joint_projected,20441759,True,True,,1,0.10616203700192273,0.029957941,0.10616203700192273,0.13084759103367105
18,central_c0.8,7,cartesian_ik,20441759,True,True,,1,0.17333655199036002,0.01931147,0.17333655199036002,0.19786351401126012
18,central_c0.8,8,ompl_uniform,20441860,True,True,,1,0.14826264401199296,0.010585558,0.14826264401199296,0.15014035598142073
18,central_c0.8,8,joint_projected,20441860,True,True,,1,0.18532716296613216,0.016336787,0.18532716296613216,0.21021037496393546
18,central_c0.8,8,cartesian_ik,20441860,True,True,,1,0.10085535194957629,0.058412503,0.10085535194957629,0.12554033601190895
18,central_c0.8,9,ompl_uniform,20441961,True,True,,1,0.09264026302844286,0.013026694,0.09264026302844286,0.0944937170133926
18,central_c0.8,9,cartesian_ik,20441961,True,True,,1,0.2219315689872019,0.105146176,0.2219315689872019,0.2467505459790118
18,central_c0.8,9,joint_projected,20441961,True,True,,1,0.19824450701707974,0.031063393,0.19824450701707974,0.22264234500471503
34,offset_c0.8,0,ompl_uniform,20601164,True,True,,1,0.1519315479672514,0.009641709,0.1519315479672514,0.15335563203552738
34,offset_c0.8,0,cartesian_ik,20601164,True,True,,1,0.1514377819839865,0.031563301,0.1514377819839865,0.17187395092332736
34,offset_c0.8,0,joint_projected,20601164,True,True,,1,0.13656231597997248,0.023078188,0.13656231597997248,0.15675911697326228
34,offset_c0.8,1,joint_projected,20601265,True,True,,1,0.07141234300797805,0.019086828,0.07141234300797805,0.0919703389517963
34,offset_c0.8,1,ompl_uniform,20601265,True,True,,1,0.13845506100915372,0.007933292,0.13845506100915372,0.14012964896392077
34,offset_c0.8,1,cartesian_ik,20601265,True,True,,1,0.14862551999976858,0.017734731,0.14862551999976858,0.16970625694375485
34,offset_c0.8,2,cartesian_ik,20601366,True,True,,1,0.07846281497040763,0.013804301,0.07846281497040763,0.09908876894041896
34,offset_c0.8,2,ompl_uniform,20601366,True,True,,1,0.1161778430105187,0.011576528,0.1161778430105187,0.11779746599495411
34,offset_c0.8,2,joint_projected,20601366,True,True,,1,0.20928423100849614,0.031887459,0.20928423100849614,0.2304188759298995
34,offset_c0.8,3,ompl_uniform,20601467,True,True,,1,0.1574988880311139,0.010410002,0.1574988880311139,0.15928671800065786
34,offset_c0.8,3,cartesian_ik,20601467,True,True,,1,0.0663916670018807,0.011011092,0.0663916670018807,0.08714631997281685
34,offset_c0.8,3,joint_projected,20601467,True,True,,1,0.08993645996088162,0.009733205,0.08993645996088162,0.1104752539540641
34,offset_c0.8,4,joint_projected,20601568,True,True,,1,0.06780347198946401,0.023571845,0.06780347198946401,0.08847772696753964
34,offset_c0.8,4,cartesian_ik,20601568,True,True,,1,0.13841457100352272,0.041250014,0.13841457100352272,0.15914046595571563
34,offset_c0.8,4,ompl_uniform,20601568,True,True,,1,0.14150106097804382,0.016117356,0.14150106097804382,0.1430853549973108
34,offset_c0.8,5,cartesian_ik,20601669,True,True,,1,0.11634922598022968,0.020189199,0.11634922598022968,0.13701897294959053
34,offset_c0.8,5,ompl_uniform,20601669,True,True,,1,0.12722199701238424,0.015995592,0.12722199701238424,0.1287522100028582
34,offset_c0.8,5,joint_projected,20601669,True,True,,1,0.11553885496687144,0.02934242,0.11553885496687144,0.1362561559653841
34,offset_c0.8,6,cartesian_ik,20601770,True,True,,1,0.15428386395797133,0.020920205,0.15428386395797133,0.17509336798684672
34,offset_c0.8,6,joint_projected,20601770,True,True,,1,0.16263493901351467,0.034962527,0.16263493901351467,0.18370650295400992
34,offset_c0.8,6,ompl_uniform,20601770,True,True,,1,0.1379239090019837,0.014810961,0.1379239090019837,0.13957249600207433
34,offset_c0.8,7,ompl_uniform,20601871,True,True,,1,0.13523741799872369,0.010402799,0.13523741799872369,0.13721272797556594
34,offset_c0.8,7,joint_projected,20601871,True,True,,1,0.16246235702419654,0.015191053,0.16246235702419654,0.18344259593868628
34,offset_c0.8,7,cartesian_ik,20601871,True,True,,1,0.24677087203599513,0.027509062,0.24677087203599513,0.2678490779362619
34,offset_c0.8,8,ompl_uniform,20601972,True,True,,1,0.17430170299485326,0.013009142,0.17430170299485326,0.17546359600964934
34,offset_c0.8,8,cartesian_ik,20601972,True,True,,1,0.06182488799095154,0.009136663,0.06182488799095154,0.08230355300474912
34,offset_c0.8,8,joint_projected,20601972,True,True,,1,0.20582599198678508,0.028040571,0.20582599198678508,0.2266526129678823
34,offset_c0.8,9,joint_projected,20602073,True,True,,1,0.1066580240149051,0.016654318,0.1066580240149051,0.1274568099179305
34,offset_c0.8,9,ompl_uniform,20602073,True,True,,1,0.095530679973308,0.0141254,0.095530679973308,0.09720202797325328
34,offset_c0.8,9,cartesian_ik,20602073,True,True,,1,0.1639511319808662,0.018586569,0.1639511319808662,0.18497069500153884
45,distant_c0.2,0,cartesian_ik,20711241,True,True,,1,0.24888353399001062,0.015311989,0.24888353399001062,0.2688872809521854
45,distant_c0.2,0,joint_projected,20711241,True,True,,1,0.11361872201086953,0.015830498,0.11361872201086953,0.13408374693244696
45,distant_c0.2,0,ompl_uniform,20711241,True,True,,1,0.15491317596752197,0.011304233,0.15491317596752197,0.15624529495835304
45,distant_c0.2,1,joint_projected,20711342,True,True,,1,0.1334171220078133,0.0255781,0.1334171220078133,0.1538249219302088
45,distant_c0.2,1,ompl_uniform,20711342,True,True,,1,0.2086457419791259,0.012528697,0.2086457419791259,0.21055762300966308
45,distant_c0.2,1,cartesian_ik,20711342,True,True,,1,0.09448839101241902,0.010003262,0.09448839101241902,0.1148368259309791
45,distant_c0.2,2,ompl_uniform,20711443,True,True,,1,0.0863224120112136,0.009566389,0.0863224120112136,0.08824590500444174
45,distant_c0.2,2,cartesian_ik,20711443,True,True,,1,0.10159675299655646,0.008657934,0.10159675299655646,0.12189574993681163
45,distant_c0.2,2,joint_projected,20711443,True,True,,1,0.09495576401241124,0.020825975,0.09495576401241124,0.11467660497874022
45,distant_c0.2,3,joint_projected,20711544,True,True,,1,0.17233013198710978,0.039363382,0.17233013198710978,0.19255128694931045
45,distant_c0.2,3,ompl_uniform,20711544,True,True,,1,0.1855721680331044,0.009158322,0.1855721680331044,0.18720048002433032
45,distant_c0.2,3,cartesian_ik,20711544,True,True,,1,0.10115527000743896,0.009101539,0.10115527000743896,0.12159996299305931
45,distant_c0.2,4,cartesian_ik,20711645,True,True,,1,0.12841082899831235,0.023656678,0.12841082899831235,0.14861740893684328
45,distant_c0.2,4,joint_projected,20711645,True,True,,1,0.10880791302770376,0.019136033,0.10880791302770376,0.12867638195166364
45,distant_c0.2,4,ompl_uniform,20711645,True,True,,1,0.12878357397858053,0.01093864,0.12878357397858053,0.13036611600546166
45,distant_c0.2,5,ompl_uniform,20711746,True,True,,1,0.1414074719650671,0.012066334,0.1414074719650671,0.1433011320186779
45,distant_c0.2,5,cartesian_ik,20711746,True,True,,1,0.14804024598561227,0.012958293,0.14804024598561227,0.1680247379699722
45,distant_c0.2,5,joint_projected,20711746,True,True,,1,0.121638118987903,0.020852735,0.121638118987903,0.1416115139145404
45,distant_c0.2,6,cartesian_ik,20711847,True,True,,1,0.018640789960045367,0.003073089,0.018640789960045367,0.0387637359672226
45,distant_c0.2,6,ompl_uniform,20711847,True,True,,1,0.16136221098713577,0.007460502,0.16136221098713577,0.16312360495794564
45,distant_c0.2,6,joint_projected,20711847,True,True,,1,0.07227288198191673,0.016962322,0.07227288198191673,0.09295404492877424
45,distant_c0.2,7,ompl_uniform,20711948,True,True,,1,0.09457255702000111,0.014252045,0.09457255702000111,0.09635505801998079
45,distant_c0.2,7,cartesian_ik,20711948,True,True,,1,0.2114311649929732,0.019991114,0.2114311649929732,0.23172917298506945
45,distant_c0.2,7,joint_projected,20711948,True,True,,1,0.14605300000403076,0.018523365,0.14605300000403076,0.1665202709264122
45,distant_c0.2,8,joint_projected,20712049,True,True,,1,0.09942271502222866,0.025939762,0.09942271502222866,0.11946726293535903
45,distant_c0.2,8,ompl_uniform,20712049,True,True,,1,0.16908231895649806,0.016173734,0.16908231895649806,0.17058445600559935
45,distant_c0.2,8,cartesian_ik,20712049,True,True,,1,0.15437279600882903,0.020547039,0.15437279600882903,0.17487003095448017
45,distant_c0.2,9,joint_projected,20712150,True,True,,1,0.0874593670014292,0.02934087,0.0874593670014292,0.10759358294308186
45,distant_c0.2,9,cartesian_ik,20712150,True,True,,1,0.11557967495173216,0.011908345,0.11557967495173216,0.1355352429090999
45,distant_c0.2,9,ompl_uniform,20712150,True,True,,1,0.15639798395568505,0.011807406,0.15639798395568505,0.1582383329514414
