environment,repeat,mode,cohort,layout,warmup,success,failure_stage,action_wall_s,planning_pipeline_wall_s,end_to_end_wall_s,par2_s,attempts,valid_samples,gmm_attempts,gmr_attempts,gmr_valid,uniform_attempts,online_ik_calls,online_ik_success,constraint_rejections,collision_rejections,setup_s,sampling_s,draw_s,online_ik_s,validity_s,model_load_s,reproduction_s,rl_deformation_s,deformed_regression_s,total_s,joint_path_length,ee_path_length_m,min_world_clearance_m,ee_cylinder_clearance_m,reference_deviation_mean_m,reference_deviation_max_m
0,-1,gmr_30mm,legacy,open,True,True,,0.09045552700990811,0.09253647900186479,0.12693924095947295,0.09045552700990811,1,1,0,1,1,0,1,1,0,0,4.5754e-05,0.003121602,3.46e-06,0.003014382,5.9457e-05,0.009460618020966649,0.008096621022559702,0.010978619975503534,0.001713050005491823,0.031880312017165124,9.62953631675,0.726982194975,0.115704885491,0.29091533549482773,0.10076942573422454,0.2269476456670072
0,-1,gmm,legacy,open,True,True,,0.1681130380020477,0.17099851102102548,0.20540127297863364,0.1681130380020477,4,2,4,0,0,0,4,3,0,1,5.3006e-05,0.008919576,4.489e-06,0.008714259,0.000103493,0.009460618020966649,0.008096621022559702,0.010978619975503534,0.001713050005491823,0.031880312017165124,13.6949543612,0.863528433081,0.0565924511786,0.30641800690574295,0.1120352087819452,0.18706677919038067
0,-1,hybrid_30mm,legacy,open,True,True,,0.13122714398195967,0.13394799403613433,0.1683507559937425,0.13122714398195967,1,1,0,1,1,0,1,1,0,0,3.0713e-05,0.001348645,3.219e-06,0.001256895,5.5046e-05,0.009460618020966649,0.008096621022559702,0.010978619975503534,0.001713050005491823,0.031880312017165124,7.10417500427,0.566622103388,0.123089092066,0.2451815293541557,0.05403992318211658,0.1320291514506662
0,-1,reference_ik,legacy,open,True,True,,0.14351946697570384,0.1461946130148135,0.18059737497242168,0.14351946697570384,0,0,0,0,0,0,0,0,0,0,0,0,0,0,0,0.009460618020966649,0.008096621022559702,0.010978619975503534,0.001713050005491823,0.031880312017165124,5.44496161552,0.807512704593,0.0987693722536,0.24240520531164592,0.008496696494361891,0.10069478093458473
1,-1,hybrid_30mm,legacy,central_obstacle,True,True,,0.21726793999550864,0.21983115701004863,0.23785220505669713,0.21726793999550864,14,10,2,12,8,0,14,13,0,3,3.4259e-05,0.016362331,4.805e-06,0.016119319,0.000138828,0.004400453006383032,0.007961575989611447,0.000867661030497402,0.001706445007584989,0.01652652199845761,17.8326446852,1.45653649661,0.0193574633945,0.11464679238982134,0.12449600181633375,0.2319509053408728
1,-1,gmr_30mm,legacy,central_obstacle,True,True,,0.2437256700359285,0.24690488603664562,0.2649259340832941,0.2437256700359285,24,15,0,24,15,0,24,22,0,7,2.8716e-05,0.043730323,7.85e-06,0.043357193,0.000248385,0.004400453006383032,0.007961575989611447,0.000867661030497402,0.001706445007584989,0.01652652199845761,15.1230247098,0.894466414198,0.00051742846574,0.10438421795083792,0.036681391814536814,0.07691385265128489
1,-1,reference_ik,legacy,central_obstacle,True,False,reference_edge_invalid,0.12013851501978934,0.12234681501286104,0.14036786305950955,6.0,0,0,0,0,0,0,0,0,0,0,0,0,0,0,0,0.004400453006383032,0.007961575989611447,0.000867661030497402,0.001706445007584989,0.01652652199845761,,,,,,
1,-1,gmm,legacy,central_obstacle,True,True,,0.1380220609717071,0.13992781401611865,0.15794886206276715,0.1380220609717071,12,7,12,0,0,0,12,11,0,4,5.4908e-05,0.020975824,6.792e-06,0.020603255,0.000186447,0.004400453006383032,0.007961575989611447,0.000867661030497402,0.001706445007584989,0.01652652199845761,12.2519342349,0.935037452102,0.0197789398315,0.09460679586141284,0.11917912996733626,0.291082315942326
2,-1,gmm,legacy,offset_obstacle,True,True,,0.1957307260017842,0.19879284698981792,0.2194151469739154,0.1957307260017842,3,3,3,0,0,0,3,3,0,0,2.8998e-05,0.006346581,4.888e-06,0.006086129,0.000105244,0.00445292703807354,0.010524529032409191,0.000815948995295912,0.0017317580059170723,0.019121114048175514,16.9747335188,1.30165167345,0.0281424069161,0.12823790456602355,0.13203052707193166,0.2381580173290585
2,-1,hybrid_30mm,legacy,offset_obstacle,True,True,,0.20374924398493022,0.20690384798217565,0.22752614796627313,0.20374924398493022,13,4,4,9,3,0,13,7,0,3,2.6991e-05,0.056429075,5.345e-06,0.056264822,6.8492e-05,0.00445292703807354,0.010524529032409191,0.000815948995295912,0.0017317580059170723,0.019121114048175514,14.15187519,0.945406385319,0.0100090267335,0.1264360661575871,0.09149759319111447,0.2069715066857218
2,-1,reference_ik,legacy,offset_obstacle,True,False,reference_ik,0.06647894997149706,0.06845039397012442,0.0890726939542219,6.0,0,0,0,0,0,0,0,0,0,0,0,0,0,0,0,0.00445292703807354,0.010524529032409191,0.000815948995295912,0.0017317580059170723,0.019121114048175514,,,,,,
2,-1,gmr_30mm,legacy,offset_obstacle,True,True,,0.15008238999871537,0.15273840399459004,0.17336070397868752,0.15008238999871537,11,6,0,11,6,0,11,8,0,2,4.7657e-05,0.037240292,7.156e-06,0.036976551,0.000163848,0.00445292703807354,0.010524529032409191,0.000815948995295912,0.0017317580059170723,0.019121114048175514,12.2717048144,0.884461927006,0.0274004262846,0.10958536897331864,0.06212894797751055,0.18282258058218082
109,0,reference_ik,randomized,distant,False,False,reference_ik,0.06965315394336358,0.07129806198645383,0.08965161797823384,6.0,0,0,0,0,0,0,0,0,0,0,0,0,0,0,0,0.004406897001899779,0.007984621974173933,0.0008258689776994288,0.0017208500066772103,0.016545358987059444,,,,,,
109,0,hybrid_30mm,randomized,distant,False,True,,0.11801573500270024,0.12032753200037405,0.13868108799215406,0.11801573500270024,1,1,0,1,1,0,1,1,0,0,1.1254e-05,0.00037384,1.861e-06,0.0003239,3.0488e-05,0.004406897001899779,0.007984621974173933,0.0008258689776994288,0.0017208500066772103,0.016545358987059444,13.895465915,1.0593046801,0.0264338802454,0.10229269738659533,0.07024391312208221,0.12257681144042766
109,0,gmm,randomized,distant,False,True,,0.09575453499564901,0.0992078129784204,0.11756136897020042,0.09575453499564901,2,1,2,0,0,0,2,1,0,0,5.7876e-05,0.006091298,4.971e-06,0.005915731,6.5008e-05,0.004406897001899779,0.007984621974173933,0.0008258689776994288,0.0017208500066772103,0.016545358987059444,3.08997825105,0.495819386744,0.0104045290767,0.12457372729454703,0.08008978039056845,0.14277818217587143
109,0,gmr_30mm,randomized,distant,False,True,,0.16196070204023272,0.16543780104257166,0.18379135703435168,0.16196070204023272,1,1,0,1,1,0,1,1,0,0,7.191e-06,0.001926768,3.388e-06,0.001789718,9.1396e-05,0.004406897001899779,0.007984621974173933,0.0008258689776994288,0.0017208500066772103,0.016545358987059444,14.2846670072,1.50792637517,0.0508654600647,0.12859953996963927,0.11627355633670863,0.24764053427138427
109,1,reference_ik,randomized,distant,False,False,reference_ik,0.06858734402339906,0.07098818197846413,0.08934173797024414,6.0,0,0,0,0,0,0,0,0,0,0,0,0,0,0,0,0.004406897001899779,0.007984621974173933,0.0008258689776994288,0.0017208500066772103,0.016545358987059444,,,,,,
109,1,gmr_30mm,randomized,distant,False,True,,0.1149519250029698,0.11826574901351705,0.13661930500529706,0.1149519250029698,1,1,0,1,1,0,1,1,0,0,4.1697e-05,0.003286464,2.916e-06,0.003209728,4.1029e-05,0.004406897001899779,0.007984621974173933,0.0008258689776994288,0.0017208500066772103,0.016545358987059444,3.0212947026,0.476397603834,0.0441512921012,0.14684689650333316,0.0838032974356644,0.16390286040863092
109,1,hybrid_30mm,randomized,distant,False,True,,0.12489231600193307,0.12772267399122939,0.1460762299830094,0.12489231600193307,1,1,0,1,1,0,1,1,0,0,4.8062e-05,0.004193021,3.942e-06,0.004067391,7.1941e-05,0.004406897001899779,0.007984621974173933,0.0008258689776994288,0.0017208500066772103,0.016545358987059444,11.9705975007,0.907227220456,0.00495887009397,0.09987535266024046,0.08190130356731305,0.14830580073396635
109,1,gmm,randomized,distant,False,True,,0.04966102499747649,0.05233693798072636,0.07069049397250637,0.04966102499747649,4,2,4,0,0,0,4,2,0,0,2.6431e-05,0.017081243,4.322e-06,0.016854086,9.9434e-05,0.004406897001899779,0.007984621974173933,0.0008258689776994288,0.0017208500066772103,0.016545358987059444,2.90943338418,0.453547060027,0.083326973685,0.17683141069651429,0.12098991161905837,0.20963046885430534
109,2,reference_ik,randomized,distant,False,False,reference_ik,0.06929141603177413,0.07122291397536173,0.08957646996714175,6.0,0,0,0,0,0,0,0,0,0,0,0,0,0,0,0,0.004406897001899779,0.007984621974173933,0.0008258689776994288,0.0017208500066772103,0.016545358987059444,,,,,,
109,2,hybrid_30mm,randomized,distant,False,True,,0.1171369290095754,0.11941481701796874,0.13776837300974876,0.1171369290095754,1,1,1,0,0,0,1,1,0,0,4.9923e-05,0.003774932,2.969e-06,0.003605736,8.1529e-05,0.004406897001899779,0.007984621974173933,0.0008258689776994288,0.0017208500066772103,0.016545358987059444,4.55132670248,0.631345531086,0.000805861406657,0.10090028516170055,0.055981070297709275,0.08857357528344105
109,2,gmm,randomized,distant,False,True,,0.19892483699368313,0.20177136204438284,0.22012491803616285,0.19892483699368313,5,1,5,0,0,0,5,2,0,1,4.7792e-05,0.018039302,6.604e-06,0.01784126,4.7173e-05,0.004406897001899779,0.007984621974173933,0.0008258689776994288,0.0017208500066772103,0.016545358987059444,13.5867480501,0.882941798759,0.0106370154728,0.08238580163490032,0.0596747503947537,0.1106487259759589
109,2,gmr_30mm,randomized,distant,False,True,,0.12278204096946865,0.12599453795701265,0.14434809394879267,0.12278204096946865,3,2,0,3,2,0,3,2,0,0,2.8169e-05,0.011372413,4.806e-06,0.01120343,9.754e-05,0.004406897001899779,0.007984621974173933,0.0008258689776994288,0.0017208500066772103,0.016545358987059444,12.3765605918,1.16852228786,0.0650734598605,0.17758884650787876,0.08481930938768198,0.17345152598825964
109,3,gmm,randomized,distant,False,True,,0.05679679597960785,0.06021478696493432,0.07856834295671433,0.05679679597960785,1,1,1,0,0,0,1,1,0,0,3.2889e-05,0.001502161,2.149e-06,0.001399684,4.5299e-05,0.004406897001899779,0.007984621974173933,0.0008258689776994288,0.0017208500066772103,0.016545358987059444,4.7957823635,0.591003788911,0.0485280649258,0.14947611757295268,0.06039971670899962,0.1102221732157023
109,3,gmr_30mm,randomized,distant,False,True,,0.0822029400151223,0.0851990930386819,0.10355264903046191,0.0822029400151223,2,2,0,2,2,0,2,2,0,0,1.0409e-05,0.00272391,1.859e-06,0.002673506,3.1224e-05,0.004406897001899779,0.007984621974173933,0.0008258689776994288,0.0017208500066772103,0.016545358987059444,12.5389309805,1.1866186749,0.0270382136072,0.10176048840174058,0.09062299298022242,0.14389973887509697
109,3,reference_ik,randomized,distant,False,False,reference_ik,0.06972107198089361,0.07232914195628837,0.09068269794806838,6.0,0,0,0,0,0,0,0,0,0,0,0,0,0,0,0,0.004406897001899779,0.007984621974173933,0.0008258689776994288,0.0017208500066772103,0.016545358987059444,,,,,,
109,3,hybrid_30mm,randomized,distant,False,True,,0.146828775992617,0.14909345703199506,0.16744701302377507,0.146828775992617,3,1,0,3,1,0,3,1,0,0,7.057e-06,0.01498526,5.872e-06,0.014880286,1.8595e-05,0.004406897001899779,0.007984621974173933,0.0008258689776994288,0.0017208500066772103,0.016545358987059444,9.91569068351,0.718387839832,0.048469389457,0.1490152328997555,0.09251070074622786,0.1920331761354931
109,4,hybrid_30mm,randomized,distant,False,True,,0.09904853999614716,0.10198007302824408,0.12033362902002409,0.09904853999614716,3,2,0,3,2,0,3,3,0,1,3.9433e-05,0.007697372,5.979e-06,0.007417237,0.00020808,0.004406897001899779,0.007984621974173933,0.0008258689776994288,0.0017208500066772103,0.016545358987059444,5.93568368307,0.568087557558,0.0851741919134,0.17878059910552205,0.06751050775288482,0.17647962733361872
109,4,gmr_30mm,randomized,distant,False,True,,0.11513900000136346,0.11829546705121174,0.13664902304299176,0.11513900000136346,1,1,0,1,1,0,1,1,0,0,2.9592e-05,0.001586115,3.802e-06,0.001508283,4.3986e-05,0.004406897001899779,0.007984621974173933,0.0008258689776994288,0.0017208500066772103,0.016545358987059444,4.65572631194,0.59908856071,0.058648577441,0.1483573665558442,0.052152991667773166,0.08674494261700631
109,4,reference_ik,randomized,distant,False,False,reference_ik,0.07086519402218983,0.07276722398819402,0.09112077997997403,6.0,0,0,0,0,0,0,0,0,0,0,0,0,0,0,0,0.004406897001899779,0.007984621974173933,0.0008258689776994288,0.0017208500066772103,0.016545358987059444,,,,,,
109,4,gmm,randomized,distant,False,True,,0.06993489700835198,0.07234358898131177,0.09069714497309178,0.06993489700835198,2,1,2,0,0,0,2,1,0,0,2.3499e-05,0.009003771,1.739e-06,0.008956102,1.3505e-05,0.004406897001899779,0.007984621974173933,0.0008258689776994288,0.0017208500066772103,0.016545358987059444,7.59817496014,0.647389388569,0.0499616812533,0.1457010405689941,0.0701110027364419,0.09907971913136979
113,0,gmr_30mm,randomized,distant,False,False,endpoint_ik,0.0,0.0,0.019598306971602142,6.0,,,,,,,,,,,,,,,,0.005051671992987394,0.008187069033738226,0.0010922460351139307,0.0017567100003361702,0.017686727980617434,,,,,,
113,0,reference_ik,randomized,distant,False,False,endpoint_ik,0.0,0.0,0.019598306971602142,6.0,,,,,,,,,,,,,,,,0.005051671992987394,0.008187069033738226,0.0010922460351139307,0.0017567100003361702,0.017686727980617434,,,,,,
113,0,gmm,randomized,distant,False,False,endpoint_ik,0.0,0.0,0.019598306971602142,6.0,,,,,,,,,,,,,,,,0.005051671992987394,0.008187069033738226,0.0010922460351139307,0.0017567100003361702,0.017686727980617434,,,,,,
113,0,hybrid_30mm,randomized,distant,False,False,endpoint_ik,0.0,0.0,0.019598306971602142,6.0,,,,,,,,,,,,,,,,0.005051671992987394,0.008187069033738226,0.0010922460351139307,0.0017567100003361702,0.017686727980617434,,,,,,
113,1,gmm,randomized,distant,False,False,endpoint_ik,0.0,0.0,0.019598306971602142,6.0,,,,,,,,,,,,,,,,0.005051671992987394,0.008187069033738226,0.0010922460351139307,0.0017567100003361702,0.017686727980617434,,,,,,
113,1,reference_ik,randomized,distant,False,False,endpoint_ik,0.0,0.0,0.019598306971602142,6.0,,,,,,,,,,,,,,,,0.005051671992987394,0.008187069033738226,0.0010922460351139307,0.0017567100003361702,0.017686727980617434,,,,,,
113,1,gmr_30mm,randomized,distant,False,False,endpoint_ik,0.0,0.0,0.019598306971602142,6.0,,,,,,,,,,,,,,,,0.005051671992987394,0.008187069033738226,0.0010922460351139307,0.0017567100003361702,0.017686727980617434,,,,,,
113,1,hybrid_30mm,randomized,distant,False,False,endpoint_ik,0.0,0.0,0.019598306971602142,6.0,,,,,,,,,,,,,,,,0.005051671992987394,0.008187069033738226,0.0010922460351139307,0.0017567100003361702,0.017686727980617434,,,,,,
113,2,reference_ik,randomized,distant,False,False,endpoint_ik,0.0,0.0,0.019598306971602142,6.0,,,,,,,,,,,,,,,,0.005051671992987394,0.008187069033738226,0.0010922460351139307,0.0017567100003361702,0.017686727980617434,,,,,,
113,2,gmr_30mm,randomized,distant,False,False,endpoint_ik,0.0,0.0,0.019598306971602142,6.0,,,,,,,,,,,,,,,,0.005051671992987394,0.008187069033738226,0.0010922460351139307,0.0017567100003361702,0.017686727980617434,,,,,,
113,2,gmm,randomized,distant,False,False,endpoint_ik,0.0,0.0,0.019598306971602142,6.0,,,,,,,,,,,,,,,,0.005051671992987394,0.008187069033738226,0.0010922460351139307,0.0017567100003361702,0.017686727980617434,,,,,,
113,2,hybrid_30mm,randomized,distant,False,False,endpoint_ik,0.0,0.0,0.019598306971602142,6.0,,,,,,,,,,,,,,,,0.005051671992987394,0.008187069033738226,0.0010922460351139307,0.0017567100003361702,0.017686727980617434,,,,,,
113,3,gmm,randomized,distant,False,False,endpoint_ik,0.0,0.0,0.019598306971602142,6.0,,,,,,,,,,,,,,,,0.005051671992987394,0.008187069033738226,0.0010922460351139307,0.0017567100003361702,0.017686727980617434,,,,,,
113,3,gmr_30mm,randomized,distant,False,False,endpoint_ik,0.0,0.0,0.019598306971602142,6.0,,,,,,,,,,,,,,,,0.005051671992987394,0.008187069033738226,0.0010922460351139307,0.0017567100003361702,0.017686727980617434,,,,,,
113,3,hybrid_30mm,randomized,distant,False,False,endpoint_ik,0.0,0.0,0.019598306971602142,6.0,,,,,,,,,,,,,,,,0.005051671992987394,0.008187069033738226,0.0010922460351139307,0.0017567100003361702,0.017686727980617434,,,,,,
113,3,reference_ik,randomized,distant,False,False,endpoint_ik,0.0,0.0,0.019598306971602142,6.0,,,,,,,,,,,,,,,,0.005051671992987394,0.008187069033738226,0.0010922460351139307,0.0017567100003361702,0.017686727980617434,,,,,,
113,4,gmr_30mm,randomized,distant,False,False,endpoint_ik,0.0,0.0,0.019598306971602142,6.0,,,,,,,,,,,,,,,,0.005051671992987394,0.008187069033738226,0.0010922460351139307,0.0017567100003361702,0.017686727980617434,,,,,,
113,4,hybrid_30mm,randomized,distant,False,False,endpoint_ik,0.0,0.0,0.019598306971602142,6.0,,,,,,,,,,,,,,,,0.005051671992987394,0.008187069033738226,0.0010922460351139307,0.0017567100003361702,0.017686727980617434,,,,,,
113,4,reference_ik,randomized,distant,False,False,endpoint_ik,0.0,0.0,0.019598306971602142,6.0,,,,,,,,,,,,,,,,0.005051671992987394,0.008187069033738226,0.0010922460351139307,0.0017567100003361702,0.017686727980617434,,,,,,
113,4,gmm,randomized,distant,False,False,endpoint_ik,0.0,0.0,0.019598306971602142,6.0,,,,,,,,,,,,,,,,0.005051671992987394,0.008187069033738226,0.0010922460351139307,0.0017567100003361702,0.017686727980617434,,,,,,
64,0,gmm,randomized,offset,False,True,,0.165960420970805,0.1687563500017859,0.1873014909797348,0.165960420970805,2,1,2,0,0,0,2,1,0,0,4.9163e-05,0.005306715,4.221e-06,0.005229394,1.7403e-05,0.004431452020071447,0.00810221501160413,0.0009130659746006131,0.0016864860081113875,0.016760219994466752,10.9439082018,1.27323857842,0.0379814102438,0.0991846075520267,0.14875345546058166,0.23692288764444508
64,0,reference_ik,randomized,offset,False,False,reference_ik,0.06639477703720331,0.06839797098655254,0.08694311196450144,6.0,0,0,0,0,0,0,0,0,0,0,0,0,0,0,0,0.004431452020071447,0.00810221501160413,0.0009130659746006131,0.0016864860081113875,0.016760219994466752,,,,,,
64,0,hybrid_30mm,randomized,offset,False,True,,0.2055320370127447,0.20781766501022503,0.22636280598817393,0.2055320370127447,1,1,0,1,1,0,1,1,0,0,4.4212e-05,0.001681019,3.192e-06,0.001504076,0.000132463,0.004431452020071447,0.00810221501160413,0.0009130659746006131,0.0016864860081113875,0.016760219994466752,13.8433085011,1.32543447063,0.0240552525359,0.0991846075520267,0.09118466677393211,0.15472132367874317
64,0,gmr_30mm,randomized,offset,False,True,,0.08495091897202656,0.08764674799749628,0.10619188897544518,0.08495091897202656,1,1,0,1,1,0,1,1,0,0,3.5834e-05,0.002350148,3.927e-06,0.002255427,5.5804e-05,0.004431452020071447,0.00810221501160413,0.0009130659746006131,0.0016864860081113875,0.016760219994466752,10.9285981232,0.86006714457,0.0274642763727,0.09891177256511226,0.10924810305073124,0.17754469374366066
64,1,reference_ik,randomized,offset,False,False,reference_ik,0.07025654299650341,0.07270137703744695,0.09124651801539585,6.0,0,0,0,0,0,0,0,0,0,0,0,0,0,0,0,0.004431452020071447,0.00810221501160413,0.0009130659746006131,0.0016864860081113875,0.016760219994466752,,,,,,
64,1,gmr_30mm,randomized,offset,False,True,,0.07131447398569435,0.07390772399958223,0.09245286497753114,0.07131447398569435,3,1,0,3,1,0,3,2,0,1,1.1109e-05,0.007378392,2.51e-06,0.007293958,6.2532e-05,0.004431452020071447,0.00810221501160413,0.0009130659746006131,0.0016864860081113875,0.016760219994466752,6.46716809203,0.49039128217,0.0275239839841,0.0991846075520267,0.06554179884931714,0.14400054745538118
64,1,hybrid_30mm,randomized,offset,False,True,,0.1506388100096956,0.15348305995576084,0.17202820093370974,0.1506388100096956,6,2,1,5,2,0,6,3,0,1,3.268e-05,0.030834799,8.674e-06,0.030480461,0.00021345,0.004431452020071447,0.00810221501160413,0.0009130659746006131,0.0016864860081113875,0.016760219994466752,13.1968418683,1.01366354382,0.0330692283228,0.0991846075520267,0.08187141516056481,0.13121673073926887
64,1,gmm,randomized,offset,False,True,,0.1335875100339763,0.13689912698464468,0.15544426796259359,0.1335875100339763,3,2,3,0,0,0,3,2,0,0,4.613e-05,0.010142873,4.783e-06,0.00986936,0.000134814,0.004431452020071447,0.00810221501160413,0.0009130659746006131,0.0016864860081113875,0.016760219994466752,12.4434321948,1.15813951582,0.0378436762512,0.0991846075520267,0.12018563793410529,0.22457164137169447
64,2,reference_ik,randomized,offset,False,False,reference_ik,0.06858004798414186,0.07046859501861036,0.08901373599655926,6.0,0,0,0,0,0,0,0,0,0,0,0,0,0,0,0,0.004431452020071447,0.00810221501160413,0.0009130659746006131,0.0016864860081113875,0.016760219994466752,,,,,,
64,2,gmr_30mm,randomized,offset,False,True,,0.15208854101365432,0.1548411319963634,0.1733862729743123,0.15208854101365432,2,2,0,2,2,0,2,2,0,0,4.7641e-05,0.009094599,8.85e-06,0.008620474,0.000329081,0.004431452020071447,0.00810221501160413,0.0009130659746006131,0.0016864860081113875,0.016760219994466752,5.79986759198,0.571575037562,0.0232321793207,0.09787226050730408,0.0537141148546929,0.09322552249412605
64,2,hybrid_30mm,randomized,offset,False,True,,0.07038900599582121,0.07331226399401203,0.09185740497196093,0.07038900599582121,2,2,0,2,2,0,2,2,0,0,1.2082e-05,0.003054214,2.151e-06,0.003004765,2.6143e-05,0.004431452020071447,0.00810221501160413,0.0009130659746006131,0.0016864860081113875,0.016760219994466752,9.84369350857,0.707147802131,0.0381873094364,0.0991846075520267,0.057260737095303695,0.1410813216712024
64,2,gmm,randomized,offset,False,True,,0.09090349398320541,0.09354047098895535,0.11208561196690425,0.09090349398320541,15,3,15,0,0,0,15,4,0,1,1.1043e-05,0.064960766,3.998e-06,0.064802035,4.1322e-05,0.004431452020071447,0.00810221501160413,0.0009130659746006131,0.0016864860081113875,0.016760219994466752,5.85074777258,0.57137947201,0.0111116507529,0.09600851035982082,0.04124418199165272,0.06391870642354373
64,3,gmm,randomized,offset,False,True,,0.23416326998267323,0.2377247260301374,0.2562698670080863,0.23416326998267323,8,3,8,0,0,0,8,4,0,1,5.1622e-05,0.033030442,1.0034e-05,0.032171265,0.000523847,0.004431452020071447,0.00810221501160413,0.0009130659746006131,0.0016864860081113875,0.016760219994466752,13.84110813,1.22223242998,0.00244865294021,0.0991846075520267,0.08348364241391852,0.16307208808782686
64,3,hybrid_30mm,randomized,offset,False,True,,0.20554945501498878,0.2077467410126701,0.226291881990619,0.20554945501498878,23,8,5,18,8,0,23,10,0,2,5.1737e-05,0.079724786,1.2067e-05,0.079340542,0.000195961,0.004431452020071447,0.00810221501160413,0.0009130659746006131,0.0016864860081113875,0.016760219994466752,6.50107620785,0.621809667521,0.0372196107554,0.0991846075520267,0.03629307021121731,0.09725015713552691
64,3,gmr_30mm,randomized,offset,False,True,,0.10280078399227932,0.1055762930191122,0.1241214339970611,0.10280078399227932,2,1,0,2,1,0,2,1,0,0,2.6978e-05,0.006732023,3.716e-06,0.006693982,1.089e-05,0.004431452020071447,0.00810221501160413,0.0009130659746006131,0.0016864860081113875,0.016760219994466752,8.25393408118,0.638412976489,0.0373752430616,0.0991846075520267,0.052924078055984154,0.12092485739625801
64,3,reference_ik,randomized,offset,False,False,reference_ik,0.06478656397666782,0.06697343097766861,0.08551857195561752,6.0,0,0,0,0,0,0,0,0,0,0,0,0,0,0,0,0.004431452020071447,0.00810221501160413,0.0009130659746006131,0.0016864860081113875,0.016760219994466752,,,,,,
64,4,reference_ik,randomized,offset,False,False,reference_ik,0.06976087903603911,0.07147684402298182,0.09002198500093073,6.0,0,0,0,0,0,0,0,0,0,0,0,0,0,0,0,0.004431452020071447,0.00810221501160413,0.0009130659746006131,0.0016864860081113875,0.016760219994466752,,,,,,
64,4,gmm,randomized,offset,False,True,,0.07410449802409858,0.07716486201388761,0.09571000299183652,0.07410449802409858,6,2,6,0,0,0,6,5,0,3,2.8806e-05,0.014097348,4.728e-06,0.013704457,0.000228831,0.004431452020071447,0.00810221501160413,0.0009130659746006131,0.0016864860081113875,0.016760219994466752,9.69271329549,0.657694487032,0.0185326021496,0.0991846075520267,0.07209740971420367,0.17401573126519918
64,4,gmr_30mm,randomized,offset,False,True,,0.06065541401039809,0.06374870799481869,0.08229384897276759,0.06065541401039809,1,1,0,1,1,0,1,1,0,0,1.1641e-05,0.002667719,2.351e-06,0.002572052,5.6433e-05,0.004431452020071447,0.00810221501160413,0.0009130659746006131,0.0016864860081113875,0.016760219994466752,6.14670656098,0.59771897612,0.030569867089,0.0990549258622482,0.0467995775017535,0.10311506377056646
64,4,hybrid_30mm,randomized,offset,False,True,,0.06553609401453286,0.06845256499946117,0.08699770597741008,0.06553609401453286,3,1,0,3,1,0,3,1,0,0,2.9849e-05,0.019549585,4.363e-06,0.019469875,3.2591e-05,0.004431452020071447,0.00810221501160413,0.0009130659746006131,0.0016864860081113875,0.016760219994466752,5.11504569728,0.501291980058,0.0053802933328,0.09792198907729677,0.06426195677174326,0.11711211893556801
65,0,hybrid_30mm,randomized,offset,False,True,,0.06014343799324706,0.062370198022108525,0.08061544405063614,0.06014343799324706,5,2,1,4,2,0,5,3,0,1,5.1565e-05,0.013041851,5.025e-06,0.012859387,0.000121387,0.004358034988399595,0.008027178992051631,0.0008939550025388598,0.0017386229592375457,0.016621945018414408,3.19667086839,0.317658720101,0.0106878672802,0.12019262380645586,0.061506006116551826,0.10063122597465687
65,0,gmr_30mm,randomized,offset,False,True,,0.14249633497092873,0.1447975549963303,0.1630428010248579,0.14249633497092873,4,3,0,4,3,0,4,4,0,1,4.8579e-05,0.007323982,7.125e-06,0.006864515,0.00034712,0.004358034988399595,0.008027178992051631,0.0008939550025388598,0.0017386229592375457,0.016621945018414408,12.4449597819,1.01094139057,0.0110319938323,0.10568874884114217,0.06408156557173897,0.15463499779614664
65,0,reference_ik,randomized,offset,False,True,,0.1280498289852403,0.131533995969221,0.1497792419977486,0.1280498289852403,0,0,0,0,0,0,0,0,0,0,0,0,0,0,0,0.004358034988399595,0.008027178992051631,0.0008939550025388598,0.0017386229592375457,0.016621945018414408,5.24945650716,0.664781055305,0.0108965381959,0.121440343667551,0.004424436943713225,0.06234501938239236
65,0,gmm,randomized,offset,False,True,,0.16017222800292075,0.16295572300441563,0.18120096903294325,0.16017222800292075,2,2,2,0,0,0,2,2,0,0,5.1016e-05,0.002843232,2.751e-06,0.002564395,0.000163745,0.004358034988399595,0.008027178992051631,0.0008939550025388598,0.0017386229592375457,0.016621945018414408,12.0255950098,0.891412337777,0.0108015151049,0.10545000755448719,0.07089924484497057,0.16540581969301751
65,1,hybrid_30mm,randomized,offset,False,True,,0.16298761701909825,0.16576475102920085,0.18400999705772847,0.16298761701909825,3,2,0,3,2,0,3,3,0,1,3.3912e-05,0.002349893,4.334e-06,0.002191288,0.000102185,0.004358034988399595,0.008027178992051631,0.0008939550025388598,0.0017386229592375457,0.016621945018414408,10.6220270962,0.592211974192,0.0113790203029,0.121440343667551,0.06425780808768657,0.11736370763214028
65,1,reference_ik,randomized,offset,False,True,,0.12982804601779208,0.13292624696623534,0.15117149299476296,0.12982804601779208,0,0,0,0,0,0,0,0,0,0,0,0,0,0,0,0.004358034988399595,0.008027178992051631,0.0008939550025388598,0.0017386229592375457,0.016621945018414408,5.24945650716,0.664781055305,0.0108965381959,0.121440343667551,0.004424436943713225,0.06234501938239236
65,1,gmr_30mm,randomized,offset,False,True,,0.12501199200050905,0.12844711600337178,0.1466923620318994,0.12501199200050905,3,2,0,3,2,0,3,2,0,0,2.4733e-05,0.012990416,4.904e-06,0.012926901,2.7901e-05,0.004358034988399595,0.008027178992051631,0.0008939550025388598,0.0017386229592375457,0.016621945018414408,13.281686692,0.796720023054,0.0111162704854,0.121440343667551,0.08345914135420586,0.14882791006477386
65,1,gmm,randomized,offset,False,True,,0.13606908603105694,0.13936511398060247,0.1576103600091301,0.13606908603105694,7,3,7,0,0,0,7,6,0,3,5.458e-05,0.013271961,8.072e-06,0.012597017,0.00040224,0.004358034988399595,0.008027178992051631,0.0008939550025388598,0.0017386229592375457,0.016621945018414408,10.0938020393,0.527392016026,0.011142426785,0.121440343667551,0.06828149756258597,0.14630624236905632
65,2,gmm,randomized,offset,False,True,,0.1147514579934068,0.11804742499953136,0.13629267102805898,0.1147514579934068,1,1,1,0,0,0,1,1,0,0,1.1028e-05,0.00024286,1.425e-06,0.000196975,2.2462e-05,0.004358034988399595,0.008027178992051631,0.0008939550025388598,0.0017386229592375457,0.016621945018414408,13.5658328334,0.722991294903,0.010982437177,0.121440343667551,0.08037946634859679,0.13033295151983
65,2,gmr_30mm,randomized,offset,False,True,,0.1981916050426662,0.20104586496017873,0.21929111098870635,0.1981916050426662,1,1,0,1,1,0,1,1,0,0,2.9601e-05,0.000617867,3.131e-06,0.000539427,4.3163e-05,0.004358034988399595,0.008027178992051631,0.0008939550025388598,0.0017386229592375457,0.016621945018414408,13.2718567392,0.664057562257,0.0112263757828,0.121440343667551,0.055832310782863916,0.11711483302154412
65,2,hybrid_30mm,randomized,offset,False,True,,0.1939235979807563,0.19626514898845926,0.21451039501698688,0.1939235979807563,1,1,0,1,1,0,1,1,0,0,4.6382e-05,0.001285812,5.565e-06,0.001063695,0.000150949,0.004358034988399595,0.008027178992051631,0.0008939550025388598,0.0017386229592375457,0.016621945018414408,14.1696703056,1.06865736067,0.0111722001719,0.121440343667551,0.056743391696571395,0.1290252715312377
65,2,reference_ik,randomized,offset,False,True,,0.12918897799681872,0.1317233830341138,0.1499686290626414,0.12918897799681872,0,0,0,0,0,0,0,0,0,0,0,0,0,0,0,0.004358034988399595,0.008027178992051631,0.0008939550025388598,0.0017386229592375457,0.016621945018414408,5.24945650716,0.664781055305,0.0108965381959,0.121440343667551,0.004424436943713225,0.06234501938239236
65,3,hybrid_30mm,randomized,offset,False,True,,0.15928560099564493,0.16246975999092683,0.18071500601945445,0.15928560099564493,1,1,0,1,1,0,1,1,0,0,4.7549e-05,0.00274714,4.999e-06,0.002605999,8.135e-05,0.004358034988399595,0.008027178992051631,0.0008939550025388598,0.0017386229592375457,0.016621945018414408,14.1673329309,1.04686180964,0.0109166324975,0.121440343667551,0.0632704564234353,0.1318990961236989
65,3,gmm,randomized,offset,False,True,,0.1994778719963506,0.20209884096402675,0.22034408699255437,0.1994778719963506,5,2,5,0,0,0,5,4,0,2,5.0348e-05,0.009778,4.391e-06,0.009580241,0.000104739,0.004358034988399595,0.008027178992051631,0.0008939550025388598,0.0017386229592375457,0.016621945018414408,12.8341603433,0.69337673503,0.00246748037202,0.09973104586716076,0.09167847523558632,0.15468885695368273
65,3,reference_ik,randomized,offset,False,True,,0.13141692196950316,0.1342550830449909,0.15250032907351851,0.13141692196950316,0,0,0,0,0,0,0,0,0,0,0,0,0,0,0,0.004358034988399595,0.008027178992051631,0.0008939550025388598,0.0017386229592375457,0.016621945018414408,5.24945650716,0.664781055305,0.0108965381959,0.121440343667551,0.004424436943713225,0.06234501938239236
65,3,gmr_30mm,randomized,offset,False,True,,0.18794873403385282,0.1910841700155288,0.20932941604405642,0.18794873403385282,1,1,0,1,1,0,1,1,0,0,3.5868e-05,0.001495791,3.387e-06,0.001407011,5.2255e-05,0.004358034988399595,0.008027178992051631,0.0008939550025388598,0.0017386229592375457,0.016621945018414408,14.1639729764,1.24561021968,0.0111788663213,0.121440343667551,0.05786650462619136,0.14176889882081598
65,4,gmm,randomized,offset,False,True,,0.13616653700591996,0.13901232404168695,0.15725757007021457,0.13616653700591996,2,2,2,0,0,0,2,2,0,0,7.228e-06,0.003677518,2.149e-06,0.003551963,6.7672e-05,0.004358034988399595,0.008027178992051631,0.0008939550025388598,0.0017386229592375457,0.016621945018414408,10.3860171043,0.553601793238,0.00251565751674,0.06275098965527856,0.09900919886981972,0.170268110920837
65,4,hybrid_30mm,randomized,offset,False,True,,0.08257979102199897,0.08595817198511213,0.10420341801363975,0.08257979102199897,1,1,0,1,1,0,1,1,0,0,1.0826e-05,0.00112268,2.928e-06,0.001027654,5.6796e-05,0.004358034988399595,0.008027178992051631,0.0008939550025388598,0.0017386229592375457,0.016621945018414408,10.7173084933,0.685134988178,0.0107484644147,0.121440343667551,0.08323781449736291,0.1605237252454222
65,4,gmr_30mm,randomized,offset,False,True,,0.07594643603079021,0.07868783798767254,0.09693308401620016,0.07594643603079021,3,2,0,3,2,0,3,2,0,0,1.6174e-05,0.016185538,3.36e-06,0.016059047,8.6868e-05,0.004358034988399595,0.008027178992051631,0.0008939550025388598,0.0017386229592375457,0.016621945018414408,8.54735837457,0.510307843931,0.0108667305761,0.121440343667551,0.059068671638148725,0.12262064834796689
65,4,reference_ik,randomized,offset,False,True,,0.1293508519884199,0.13220603199442849,0.1504512780229561,0.1293508519884199,0,0,0,0,0,0,0,0,0,0,0,0,0,0,0,0.004358034988399595,0.008027178992051631,0.0008939550025388598,0.0017386229592375457,0.016621945018414408,5.24945650716,0.664781055305,0.0108965381959,0.121440343667551,0.004424436943713225,0.06234501938239236
43,0,gmm,randomized,offset,False,True,,0.1956409210106358,0.19806807796703652,0.2170243949512951,0.1956409210106358,17,6,17,0,0,0,17,10,0,4,5.0986e-05,0.049482574,1.2249e-05,0.048926716,0.000242462,0.004896559985354543,0.008143575978465378,0.00089534797007218,0.0017529159667901695,0.017268782947212458,8.54403473704,1.13213529614,0.00614905522572,0.12851987791770147,0.13814346909421293,0.2033628746674367
43,0,hybrid_30mm,randomized,offset,False,True,,0.12480245996266603,0.12741968798218295,0.14637600496644154,0.12480245996266603,3,2,2,1,1,0,3,3,0,1,2.8053e-05,0.005892688,3.648e-06,0.00577591,6.9369e-05,0.004896559985354543,0.008143575978465378,0.00089534797007218,0.0017529159667901695,0.017268782947212458,7.67925981268,0.657634204489,0.00620809721711,0.12860038403304802,0.08904451809339495,0.1551596445284147
43,0,gmr_30mm,randomized,offset,False,True,,0.15864565403899178,0.16138732503168285,0.18034364201594144,0.15864565403899178,8,5,0,8,5,0,8,7,0,2,2.8888e-05,0.01644221,8.694e-06,0.016154702,0.000161566,0.004896559985354543,0.008143575978465378,0.00089534797007218,0.0017529159667901695,0.017268782947212458,8.66028699633,1.04252526424,0.00619449409186,0.12803825636140043,0.12026067510933718,0.20714952175382248
43,0,reference_ik,randomized,offset,False,False,reference_edge_invalid,0.13645647099474445,0.13870689796749502,0.15766321495175362,6.0,0,0,0,0,0,0,0,0,0,0,0,0,0,0,0,0.004896559985354543,0.008143575978465378,0.00089534797007218,0.0017529159667901695,0.017268782947212458,,,,,,
43,1,hybrid_30mm,randomized,offset,False,True,,0.1351929769734852,0.13696256600087509,0.15591888298513368,0.1351929769734852,7,6,2,5,4,0,7,6,0,0,4.7332e-05,0.016794183,6.967e-06,0.016396316,0.000224188,0.004896559985354543,0.008143575978465378,0.00089534797007218,0.0017529159667901695,0.017268782947212458,8.26867652987,0.761114196332,0.0045933211822,0.10827142892105358,0.12399953857953916,0.16736103992800083
43,1,gmm,randomized,offset,False,True,,0.06937735300743952,0.0723513099947013,0.09130762697895989,0.06937735300743952,7,2,7,0,0,0,7,4,0,2,1.3533e-05,0.017565858,3.728e-06,0.017422788,6.9425e-05,0.004896559985354543,0.008143575978465378,0.00089534797007218,0.0017529159667901695,0.017268782947212458,9.22349053479,0.976702626825,0.00675890609628,0.12849815817413157,0.09221651696296196,0.16296128690149952
43,1,reference_ik,randomized,offset,False,False,reference_edge_invalid,0.13401179801439866,0.13670396397355944,0.15566028095781803,6.0,0,0,0,0,0,0,0,0,0,0,0,0,0,0,0,0.004896559985354543,0.008143575978465378,0.00089534797007218,0.0017529159667901695,0.017268782947212458,,,,,,
43,1,gmr_30mm,randomized,offset,False,True,,0.14197359699755907,0.14380872901529074,0.16276504599954933,0.14197359699755907,3,2,0,3,2,0,3,2,0,0,4.9167e-05,0.009547247,4.948e-06,0.009362744,0.000115955,0.004896559985354543,0.008143575978465378,0.00089534797007218,0.0017529159667901695,0.017268782947212458,9.95540856949,0.950692004228,0.00639350115392,0.1285379126474886,0.11214153869708063,0.19617038438236828
43,2,hybrid_30mm,randomized,offset,False,True,,0.15350673499051481,0.15678559697698802,0.1757419139612466,0.15350673499051481,4,2,0,4,2,0,4,3,0,1,5.2413e-05,0.014184837,5.53e-06,0.014084162,4.8441e-05,0.004896559985354543,0.008143575978465378,0.00089534797007218,0.0017529159667901695,0.017268782947212458,9.30051156145,0.535938945494,0.00642602690122,0.12855419718125294,0.057690005756340604,0.09135162099224528
43,2,reference_ik,randomized,offset,False,False,reference_edge_invalid,0.136050992005039,0.138757626991719,0.1577139439759776,6.0,0,0,0,0,0,0,0,0,0,0,0,0,0,0,0,0.004896559985354543,0.008143575978465378,0.00089534797007218,0.0017529159667901695,0.017268782947212458,,,,,,
43,2,gmm,randomized,offset,False,True,,0.24594670598162338,0.24779575801221654,0.26675207499647513,0.24594670598162338,56,21,56,0,0,0,56,33,0,12,3.5659e-05,0.162920483,1.02e-05,0.161695672,0.000697038,0.004896559985354543,0.008143575978465378,0.00089534797007218,0.0017529159667901695,0.017268782947212458,7.96824874834,0.634961724623,0.00627901063058,0.12822152151362132,0.11581743634350364,0.19007489780957773
43,2,gmr_30mm,randomized,offset,False,True,,0.05083150899736211,0.05376524798339233,0.07272156496765092,0.05083150899736211,2,2,0,2,2,0,2,2,0,0,1.066e-05,0.004717367,3.782e-06,0.004619349,6.0496e-05,0.004896559985354543,0.008143575978465378,0.00089534797007218,0.0017529159667901695,0.017268782947212458,7.57580759947,0.588275435235,0.00639304800674,0.12830011550300324,0.05454300003413614,0.1074930524088916
43,3,reference_ik,randomized,offset,False,False,reference_edge_invalid,0.1411187140038237,0.14361445599934086,0.16257077298359945,6.0,0,0,0,0,0,0,0,0,0,0,0,0,0,0,0,0.004896559985354543,0.008143575978465378,0.00089534797007218,0.0017529159667901695,0.017268782947212458,,,,,,
43,3,gmr_30mm,randomized,offset,False,True,,0.11014670203439891,0.11205948697170243,0.13101580395596102,0.11014670203439891,11,6,0,11,6,0,11,6,0,0,1.0734e-05,0.04192794,4.531e-06,0.041792368,7.1606e-05,0.004896559985354543,0.008143575978465378,0.00089534797007218,0.0017529159667901695,0.017268782947212458,10.5626784242,0.6769625248,0.00607463125606,0.12852610435241107,0.041728672548432225,0.0679232401178334
43,3,gmm,randomized,offset,False,True,,0.07497182697989047,0.07803085801424459,0.09698717499850318,0.07497182697989047,12,4,12,0,0,0,12,8,0,4,1.0542e-05,0.027852186,4.29e-06,0.027573645,0.000157024,0.004896559985354543,0.008143575978465378,0.00089534797007218,0.0017529159667901695,0.017268782947212458,9.6353912931,0.900529055929,0.00628779352223,0.12837340267612585,0.10362725655969043,0.18769062291078528
43,3,hybrid_30mm,randomized,offset,False,True,,0.21738782100146636,0.22017225698800758,0.23912857397226617,0.21738782100146636,4,1,1,3,1,0,4,2,0,1,5.0946e-05,0.015908412,6.192e-06,0.01570545,0.000112682,0.004896559985354543,0.008143575978465378,0.00089534797007218,0.0017529159667901695,0.017268782947212458,16.8991684621,0.982293384729,0.00627435832287,0.12859943338272894,0.11624286427488736,0.1975017390655498
43,4,hybrid_30mm,randomized,offset,False,True,,0.13474349299212918,0.13735853898106143,0.15631485596532002,0.13474349299212918,4,3,0,4,3,0,4,3,0,0,5.2449e-05,0.010758719,9.517e-06,0.010438986,0.000193691,0.004896559985354543,0.008143575978465378,0.00089534797007218,0.0017529159667901695,0.017268782947212458,11.1657434229,0.621149356621,0.00619849257641,0.08765847539289197,0.057245601195226335,0.11418898507030424
43,4,gmr_30mm,randomized,offset,False,True,,0.14291929302271456,0.14603392902063206,0.16499024600489065,0.14291929302271456,3,3,0,3,3,0,3,3,0,0,4.8188e-05,0.006352891,9.951e-06,0.005917835,0.000268465,0.004896559985354543,0.008143575978465378,0.00089534797007218,0.0017529159667901695,0.017268782947212458,8.11796908505,0.797081594189,0.00634834045135,0.12859844533904097,0.09950739479773664,0.1609662782375953
43,4,gmm,randomized,offset,False,True,,0.10533734294585884,0.10780376801267266,0.12676008499693125,0.10533734294585884,2,2,2,0,0,0,2,2,0,0,4.7586e-05,0.005023231,5.184e-06,0.004772293,0.000119779,0.004896559985354543,0.008143575978465378,0.00089534797007218,0.0017529159667901695,0.017268782947212458,8.40280010154,0.702246291086,0.00618137453175,0.12392701020164112,0.09462801089423874,0.1419317272058303
43,4,reference_ik,randomized,offset,False,False,reference_edge_invalid,0.13322552997851744,0.13567228498868644,0.15462860197294503,6.0,0,0,0,0,0,0,0,0,0,0,0,0,0,0,0,0.004896559985354543,0.008143575978465378,0.00089534797007218,0.0017529159667901695,0.017268782947212458,,,,,,
71,0,hybrid_30mm,randomized,offset,False,True,,0.09934884001268074,0.10141743195708841,0.11965641897404566,0.09934884001268074,2,2,0,2,2,0,2,2,0,0,1.0089e-05,0.003619304,1.68e-06,0.003568971,3.1142e-05,0.004276488034520298,0.00809997197939083,0.0010464729857631028,0.0017088999738916755,0.016707484028302133,12.9270569243,1.31128522417,0.075869146621,0.1838475418868985,0.11364101131589666,0.21295753302185133
71,0,reference_ik,randomized,offset,False,True,,0.14985678996890783,0.15297977696172893,0.17121876397868618,0.14985678996890783,0,0,0,0,0,0,0,0,0,0,0,0,0,0,0,0.004276488034520298,0.00809997197939083,0.0010464729857631028,0.0017088999738916755,0.016707484028302133,5.78081433672,0.781505759211,0.0175851897848,0.131794185317742,0.0050147422368041145,0.05864503982619053
71,0,gmm,randomized,offset,False,True,,0.12433387996861711,0.1271044840104878,0.14534347102744505,0.12433387996861711,11,7,11,0,0,0,11,9,0,2,5.1511e-05,0.02664618,4.532e-06,0.026373343,0.00013824,0.004276488034520298,0.00809997197939083,0.0010464729857631028,0.0017088999738916755,0.016707484028302133,10.4822757624,0.943562365486,0.0302741392025,0.10062638067632876,0.06633238816818444,0.1478728073606698
71,0,gmr_30mm,randomized,offset,False,True,,0.08955651498399675,0.0923573499894701,0.11059633700642735,0.08955651498399675,8,6,0,8,6,0,8,8,0,2,6.943e-06,0.008519816,3.926e-06,0.008372319,8.7691e-05,0.004276488034520298,0.00809997197939083,0.0010464729857631028,0.0017088999738916755,0.016707484028302133,11.3574490047,0.739391041524,0.0176255561769,0.12806491414217172,0.03335398595517857,0.0689012403422476
71,1,hybrid_30mm,randomized,offset,False,True,,0.15709688601782545,0.1594059419585392,0.17764492897549644,0.15709688601782545,2,2,1,1,1,0,2,2,0,0,1.1103e-05,0.001543144,1.982e-06,0.001469217,4.408e-05,0.004276488034520298,0.00809997197939083,0.0010464729857631028,0.0017088999738916755,0.016707484028302133,11.8888960784,0.906839146567,0.0344863178027,0.13180259492507554,0.05333769824580275,0.09251000430810333
71,1,gmr_30mm,randomized,offset,False,True,,0.0620279079885222,0.0650138360215351,0.08325282303849235,0.0620279079885222,2,1,0,2,1,0,2,1,0,0,1.052e-05,0.007612637,1.812e-06,0.00757917,1.6112e-05,0.004276488034520298,0.00809997197939083,0.0010464729857631028,0.0017088999738916755,0.016707484028302133,10.9995894372,0.943117195354,0.0620830724563,0.1464273234963285,0.09918557927059293,0.24030568475672498
71,1,gmm,randomized,offset,False,True,,0.14635412895586342,0.14962529501644894,0.1678642820334062,0.14635412895586342,14,8,14,0,0,0,14,12,0,4,4.2359e-05,0.019739251,5.97e-06,0.019265422,0.000284004,0.004276488034520298,0.00809997197939083,0.0010464729857631028,0.0017088999738916755,0.016707484028302133,13.0192584855,1.54231076034,0.0038268185286,0.13369132589398994,0.08751528438763911,0.1595885807695684
71,1,reference_ik,randomized,offset,False,True,,0.15080395201221108,0.15353100205538794,0.1717699890723452,0.15080395201221108,0,0,0,0,0,0,0,0,0,0,0,0,0,0,0,0.004276488034520298,0.00809997197939083,0.0010464729857631028,0.0017088999738916755,0.016707484028302133,5.78081433672,0.781505759211,0.0175851897848,0.131794185317742,0.0050147422368041145,0.05864503982619053
71,2,gmr_30mm,randomized,offset,False,True,,0.11996279197046533,0.1226745909661986,0.14091357798315585,0.11996279197046533,1,1,0,1,1,0,1,1,0,0,1.1063e-05,0.003529568,1.447e-06,0.003493747,2.1171e-05,0.004276488034520298,0.00809997197939083,0.0010464729857631028,0.0017088999738916755,0.016707484028302133,13.766296359,1.34049882209,0.0727016679147,0.1838475418868985,0.10559108742034529,0.19413359707424013
71,2,reference_ik,randomized,offset,False,True,,0.14771642099367455,0.15089569601695985,0.1691346830339171,0.14771642099367455,0,0,0,0,0,0,0,0,0,0,0,0,0,0,0,0.004276488034520298,0.00809997197939083,0.0010464729857631028,0.0017088999738916755,0.016707484028302133,5.78081433672,0.781505759211,0.0175851897848,0.131794185317742,0.0050147422368041145,0.05864503982619053
71,2,hybrid_30mm,randomized,offset,False,True,,0.09614743397105485,0.0985903250402771,0.11682931205723435,0.09614743397105485,3,3,0,3,3,0,3,3,0,0,4.0706e-05,0.012652706,7.166e-06,0.012377533,0.00016927,0.004276488034520298,0.00809997197939083,0.0010464729857631028,0.0017088999738916755,0.016707484028302133,7.91518498202,0.711245018877,0.053911029456,0.16177945018190468,0.04764309328841218,0.11948346526140664
71,2,gmm,randomized,offset,False,True,,0.1178375089657493,0.12048975803190842,0.13872874504886568,0.1178375089657493,3,1,3,0,0,0,3,1,0,0,4.7548e-05,0.010864697,4.906e-06,0.010755811,1.42e-05,0.004276488034520298,0.00809997197939083,0.0010464729857631028,0.0017088999738916755,0.016707484028302133,8.10676978633,0.774370906289,0.0187946843887,0.09952565021423038,0.052082366497921175,0.09333884867118161
71,3,hybrid_30mm,randomized,offset,False,True,,0.06187530799070373,0.06416915403679013,0.08240814105374739,0.06187530799070373,5,3,2,3,2,0,5,4,0,1,1.1279e-05,0.011122853,3.106e-06,0.010989746,7.6537e-05,0.004276488034520298,0.00809997197939083,0.0010464729857631028,0.0017088999738916755,0.016707484028302133,8.62023164097,0.711148664932,0.0134372550701,0.13180575432253272,0.04084778507909192,0.07620751856936868
71,3,reference_ik,randomized,offset,False,True,,0.1526498410385102,0.1557931310380809,0.17403211805503815,0.1526498410385102,0,0,0,0,0,0,0,0,0,0,0,0,0,0,0,0.004276488034520298,0.00809997197939083,0.0010464729857631028,0.0017088999738916755,0.016707484028302133,5.78081433672,0.781505759211,0.0175851897848,0.131794185317742,0.0050147422368041145,0.05864503982619053
71,3,gmm,randomized,offset,False,True,,0.14657387300394475,0.14926823298446834,0.1675072200014256,0.14657387300394475,13,7,13,0,0,0,13,11,0,4,4.9198e-05,0.031773385,7.306e-06,0.031332828,0.000235492,0.004276488034520298,0.00809997197939083,0.0010464729857631028,0.0017088999738916755,0.016707484028302133,7.65118378822,0.744455420926,0.0365677907509,0.1288029760857373,0.04588498467062795,0.09047248929920162
71,3,gmr_30mm,randomized,offset,False,True,,0.14621500397333875,0.14895106200128794,0.1671900490182452,0.14621500397333875,2,1,0,2,1,0,2,1,0,0,2.4335e-05,0.007128696,7.443e-06,0.006997959,3.1535e-05,0.004276488034520298,0.00809997197939083,0.0010464729857631028,0.0017088999738916755,0.016707484028302133,11.5260257563,0.889882777097,0.0258008136261,0.12463574120547515,0.06294982016929335,0.1091566629299586
71,4,gmm,randomized,offset,False,True,,0.14905895298579708,0.15237388800596818,0.17061287502292544,0.14905895298579708,6,5,6,0,0,0,6,5,0,0,3.1105e-05,0.016356374,4.39e-06,0.016211834,4.2939e-05,0.004276488034520298,0.00809997197939083,0.0010464729857631028,0.0017088999738916755,0.016707484028302133,13.8319534639,0.945100250792,0.00110487605296,0.11166711181731351,0.09657861127414087,0.1904466121717089
71,4,gmr_30mm,randomized,offset,False,True,,0.18345411401242018,0.1864532949985005,0.20469228201545775,0.18345411401242018,7,4,0,7,4,0,7,5,0,1,1.4763e-05,0.023316605,3.429e-06,0.023169309,0.000102204,0.004276488034520298,0.00809997197939083,0.0010464729857631028,0.0017088999738916755,0.016707484028302133,12.1295335367,0.817092234989,0.0556691619327,0.15987300395249446,0.033243761905904175,0.0772705040603385
71,4,hybrid_30mm,randomized,offset,False,True,,0.20679102197755128,0.21024471503915265,0.2284837020561099,0.20679102197755128,4,3,1,3,2,0,4,3,0,0,1.0397e-05,0.015737306,6.219e-06,0.015621576,4.5194e-05,0.004276488034520298,0.00809997197939083,0.0010464729857631028,0.0017088999738916755,0.016707484028302133,13.073542827,1.28666339452,0.0393463915349,0.16187767172115994,0.0888803720607393,0.19102820629109518
71,4,reference_ik,randomized,offset,False,True,,0.1520901230396703,0.15513191994978115,0.1733709069667384,0.1520901230396703,0,0,0,0,0,0,0,0,0,0,0,0,0,0,0,0.004276488034520298,0.00809997197939083,0.0010464729857631028,0.0017088999738916755,0.016707484028302133,5.78081433672,0.781505759211,0.0175851897848,0.131794185317742,0.0050147422368041145,0.05864503982619053
11,0,reference_ik,randomized,central,False,False,reference_ik,0.08004385902313516,0.08259051397908479,0.1013854899792932,6.0,0,0,0,0,0,0,0,0,0,0,0,0,0,0,0,0.0046299819950945675,0.008214722969569266,0.0009465289767831564,0.0016885580262169242,0.017052873969078064,,,,,,
11,0,gmr_30mm,randomized,central,False,True,,0.12094925798010081,0.12392144399927929,0.1427164199994877,0.12094925798010081,1,1,0,1,1,0,1,1,0,0,4.7522e-05,0.002394316,3.12e-06,0.002295747,6.1572e-05,0.0046299819950945675,0.008214722969569266,0.0009465289767831564,0.0016885580262169242,0.017052873969078064,12.2376612728,1.0625786486,0.00378241142645,0.09817948894277305,0.20600237390367804,0.3205118290098291
11,0,hybrid_30mm,randomized,central,False,True,,0.08809481502976269,0.09060249204048887,0.10939746804069728,0.08809481502976269,1,1,0,1,1,0,1,1,0,0,4.8374e-05,0.002104224,5.625e-06,0.001865422,0.000149121,0.0046299819950945675,0.008214722969569266,0.0009465289767831564,0.0016885580262169242,0.017052873969078064,4.87357471693,0.56437175205,0.0046067152452,0.08877986825695794,0.054938577876608705,0.11074253266644805
11,0,gmm,randomized,central,False,True,,0.12410436203936115,0.12683112500235438,0.1456261010025628,0.12410436203936115,2,1,2,0,0,0,2,1,0,0,2.8215e-05,0.005905555,3.612e-06,0.005843287,1.5506e-05,0.0046299819950945675,0.008214722969569266,0.0009465289767831564,0.0016885580262169242,0.017052873969078064,13.9456347542,1.05713671454,0.00513989935586,0.08554353609259419,0.09198170512177041,0.15768299774816613
11,1,hybrid_30mm,randomized,central,False,True,,0.2156936060055159,0.21805208298610523,0.23684705898631364,0.2156936060055159,8,4,2,6,4,0,8,6,0,2,5.128e-05,0.026074639,8.977e-06,0.025676173,0.000247019,0.0046299819950945675,0.008214722969569266,0.0009465289767831564,0.0016885580262169242,0.017052873969078064,13.0367464811,1.27258648658,0.00496222002536,0.09136009390729478,0.06903211950856687,0.15585562186071245
11,1,gmm,randomized,central,False,True,,0.1283541179727763,0.13101990096038207,0.14981487696059048,0.1283541179727763,3,1,3,0,0,0,3,2,0,1,3.7289e-05,0.009691791,6.858e-06,0.009401986,0.000152762,0.0046299819950945675,0.008214722969569266,0.0009465289767831564,0.0016885580262169242,0.017052873969078064,12.9826769019,0.889300474536,0.00210621337487,0.0777854274475493,0.11083828263956616,0.23370741837241993
11,1,reference_ik,randomized,central,False,False,reference_ik,0.08148631500080228,0.08398776699323207,0.10278274299344048,6.0,0,0,0,0,0,0,0,0,0,0,0,0,0,0,0,0.0046299819950945675,0.008214722969569266,0.0009465289767831564,0.0016885580262169242,0.017052873969078064,,,,,,
11,1,gmr_30mm,randomized,central,False,True,,0.14599588396959007,0.1482133719837293,0.1670083479839377,0.14599588396959007,4,2,0,4,2,0,4,4,0,2,5.1904e-05,0.005124171,5.147e-06,0.005021525,5.2773e-05,0.0046299819950945675,0.008214722969569266,0.0009465289767831564,0.0016885580262169242,0.017052873969078064,9.30260447456,0.586849269971,0.00494816992146,0.0960781805724161,0.04906623135654475,0.09403524077154529
11,2,gmr_30mm,randomized,central,False,True,,0.1801941129961051,0.18321174202719703,0.20200671802740544,0.1801941129961051,3,2,0,3,2,0,3,3,0,1,5.0453e-05,0.006758842,6.235e-06,0.006389645,0.000294722,0.0046299819950945675,0.008214722969569266,0.0009465289767831564,0.0016885580262169242,0.017052873969078064,12.6411580899,1.18031814953,0.00526811479383,0.09812244563967888,0.11347160245017587,0.18326229771531538
11,2,gmm,randomized,central,False,True,,0.11518535495270044,0.11802748998161405,0.13682246598182246,0.11518535495270044,5,2,5,0,0,0,5,5,0,3,2.5916e-05,0.007338279,1.0149e-05,0.00688202,0.000300144,0.0046299819950945675,0.008214722969569266,0.0009465289767831564,0.0016885580262169242,0.017052873969078064,12.5369479827,1.26215398734,0.00480132808423,0.08102690616976177,0.1168597288706761,0.2527367065702169
11,2,reference_ik,randomized,central,False,False,reference_ik,0.08006579900393263,0.08218183502322063,0.10097681102342904,6.0,0,0,0,0,0,0,0,0,0,0,0,0,0,0,0,0.0046299819950945675,0.008214722969569266,0.0009465289767831564,0.0016885580262169242,0.017052873969078064,,,,,,
11,2,hybrid_30mm,randomized,central,False,True,,0.21834463300183415,0.22119831602321938,0.23999329202342778,0.21834463300183415,7,3,3,4,3,0,7,7,0,4,4.9506e-05,0.011834007,7.529e-06,0.011497948,0.000201634,0.0046299819950945675,0.008214722969569266,0.0009465289767831564,0.0016885580262169242,0.017052873969078064,13.8199220697,1.63458485447,0.00454065076724,0.0903991039317816,0.09669081388301154,0.1550525225810942
11,3,reference_ik,randomized,central,False,False,reference_ik,0.07687973900465295,0.07949799799825996,0.09829297399846837,6.0,0,0,0,0,0,0,0,0,0,0,0,0,0,0,0,0.0046299819950945675,0.008214722969569266,0.0009465289767831564,0.0016885580262169242,0.017052873969078064,,,,,,
11,3,hybrid_30mm,randomized,central,False,True,,0.127155601978302,0.13006649201270193,0.14886146801291034,0.127155601978302,3,2,0,3,2,0,3,2,0,0,5.0731e-05,0.016191267,7.999e-06,0.015954894,0.000145828,0.0046299819950945675,0.008214722969569266,0.0009465289767831564,0.0016885580262169242,0.017052873969078064,10.7078316043,0.734027776455,0.00431063087146,0.08314588544065651,0.06101041521441231,0.16392174308751634
11,3,gmm,randomized,central,False,True,,0.15373068099142984,0.15672282897867262,0.17551780497888103,0.15373068099142984,4,2,4,0,0,0,4,3,0,1,1.1025e-05,0.01084555,1.837e-06,0.010748249,5.7698e-05,0.0046299819950945675,0.008214722969569266,0.0009465289767831564,0.0016885580262169242,0.017052873969078064,11.3724788524,1.11991692509,0.00451830892193,0.078280633644775,0.09723879198238664,0.17344030003180266
11,3,gmr_30mm,randomized,central,False,True,,0.13456683995900676,0.13812796003185213,0.15692293603206053,0.13456683995900676,6,4,0,6,4,0,6,5,0,1,3.6527e-05,0.010365092,7.455e-06,0.010126142,0.00013818,0.0046299819950945675,0.008214722969569266,0.0009465289767831564,0.0016885580262169242,0.017052873969078064,13.5423083697,1.0005506623,0.00502476473576,0.10083551577112798,0.050737802442590275,0.10533631962776184
11,4,reference_ik,randomized,central,False,False,reference_ik,0.08760779799195006,0.09016773803159595,0.10896271403180435,6.0,0,0,0,0,0,0,0,0,0,0,0,0,0,0,0,0.0046299819950945675,0.008214722969569266,0.0009465289767831564,0.0016885580262169242,0.017052873969078064,,,,,,
11,4,hybrid_30mm,randomized,central,False,True,,0.11863796197576448,0.121002800995484,0.1397977769956924,0.11863796197576448,3,2,1,2,1,0,3,2,0,0,4.9327e-05,0.020433972,6.956e-06,0.020190103,0.000120939,0.0046299819950945675,0.008214722969569266,0.0009465289767831564,0.0016885580262169242,0.017052873969078064,8.67000960116,0.689012508087,0.00444194550095,0.1012222041242816,0.0653967773961524,0.08958442387742954
11,4,gmm,randomized,central,False,True,,0.09220409102272242,0.09525396605022252,0.11404894205043092,0.09220409102272242,4,1,4,0,0,0,4,3,0,2,3.7348e-05,0.017808822,5.474e-06,0.017500001,0.000171245,0.0046299819950945675,0.008214722969569266,0.0009465289767831564,0.0016885580262169242,0.017052873969078064,8.2434441412,0.699228227214,0.00477388918537,0.07507915366262573,0.07954179707693355,0.13914587127585287
11,4,gmr_30mm,randomized,central,False,True,,0.11503086599987,0.11781064799288288,0.13660562399309129,0.11503086599987,4,3,0,4,3,0,4,4,0,1,2.8989e-05,0.007812399,5.994e-06,0.007547763,0.000159377,0.0046299819950945675,0.008214722969569266,0.0009465289767831564,0.0016885580262169242,0.017052873969078064,6.66174730017,0.629973963582,0.00441484169349,0.08876529806875251,0.05995619967244759,0.11378599702766626
3,0,gmr_30mm,randomized,central,False,True,,0.11651748098665848,0.11890596902230754,0.13960531202610582,0.11651748098665848,1,1,0,1,1,0,1,1,0,0,4.6971e-05,0.00261037,4.188e-06,0.002481332,7.548e-05,0.004992349015083164,0.009946387028321624,0.0008636930142529309,0.0017145639867521822,0.01911384001141414,7.0137425314,0.502818302322,0.00525857742125,0.0800086970187995,0.021410250382347305,0.05645153292852284
3,0,gmm,randomized,central,False,True,,0.14468987099826336,0.14739259099587798,0.16809193399967626,0.14468987099826336,4,3,4,0,0,0,4,3,0,0,5.4024e-05,0.008798947,7.485e-06,0.008376411,0.000189742,0.004992349015083164,0.009946387028321624,0.0008636930142529309,0.0017145639867521822,0.01911384001141414,8.07159421197,0.674896393752,0.0434822543523,0.10177767629636533,0.04039598118564798,0.10863405300146296
3,0,hybrid_30mm,randomized,central,False,True,,0.17022001999430358,0.17300703097134829,0.19370637397514656,0.17022001999430358,2,2,0,2,2,0,2,2,0,0,5.1661e-05,0.003621117,5.815e-06,0.003259838,0.000269377,0.004992349015083164,0.009946387028321624,0.0008636930142529309,0.0017145639867521822,0.01911384001141414,13.0834716078,0.866641791797,0.011549013534,0.10308825161908,0.08066622269476857,0.1405030720157473
3,0,reference_ik,randomized,central,False,True,,0.13015901896869764,0.13333656801842153,0.1540359110222198,0.13015901896869764,0,0,0,0,0,0,0,0,0,0,0,0,0,0,0,0.004992349015083164,0.009946387028321624,0.0008636930142529309,0.0017145639867521822,0.01911384001141414,4.42001582364,0.701015537138,0.0269746813398,0.08988535693555352,0.0029734452009155653,0.04692972802358649
3,1,gmr_30mm,randomized,central,False,True,,0.10443231696262956,0.10691402800148353,0.1276133710052818,0.10443231696262956,2,2,0,2,2,0,2,2,0,0,7.295e-06,0.001762329,1.728e-06,0.001720914,2.5974e-05,0.004992349015083164,0.009946387028321624,0.0008636930142529309,0.0017145639867521822,0.01911384001141414,12.9702141643,1.0955546028,0.0434290221424,0.1145374841170221,0.08346624337778685,0.188259537006493
3,1,hybrid_30mm,randomized,central,False,True,,0.13072942395228893,0.13338137499522418,0.15408071799902245,0.13072942395228893,5,4,2,3,3,0,5,5,0,1,4.7344e-05,0.013017338,1.014e-05,0.012431508,0.000398031,0.004992349015083164,0.009946387028321624,0.0008636930142529309,0.0017145639867521822,0.01911384001141414,5.85273156145,0.48463208488,0.00557020816801,0.08914181859304271,0.029578692333282336,0.058987697702335015
3,1,gmm,randomized,central,False,True,,0.07829038600903004,0.08134131995029747,0.10204066295409575,0.07829038600903004,3,2,3,0,0,0,3,3,0,1,1.3031e-05,0.005085093,1.799e-06,0.004925533,9.4622e-05,0.004992349015083164,0.009946387028321624,0.0008636930142529309,0.0017145639867521822,0.01911384001141414,11.2871730753,0.898649938868,0.0436939632326,0.11199196079148982,0.09856553257697134,0.18922098884397412
3,1,reference_ik,randomized,central,False,True,,0.12881543999537826,0.13198087899945676,0.15268022200325504,0.12881543999537826,0,0,0,0,0,0,0,0,0,0,0,0,0,0,0,0.004992349015083164,0.009946387028321624,0.0008636930142529309,0.0017145639867521822,0.01911384001141414,4.42001582364,0.701015537138,0.0269746813398,0.08988535693555352,0.0029734452009155653,0.04692972802358649
3,2,gmm,randomized,central,False,True,,0.14279562601586804,0.14566705300239846,0.16636639600619674,0.14279562601586804,3,1,3,0,0,0,3,1,0,0,2.9514e-05,0.010980627,2.543e-06,0.010912445,1.1417e-05,0.004992349015083164,0.009946387028321624,0.0008636930142529309,0.0017145639867521822,0.01911384001141414,13.6173068342,1.20140341934,0.0433302286317,0.098646371970652,0.12692366645517694,0.2124529373233421
3,2,hybrid_30mm,randomized,central,False,True,,0.1825462799752131,0.18560246104607359,0.20630180404987186,0.1825462799752131,1,1,0,1,1,0,1,1,0,0,5.1766e-05,0.004277393,4.385e-06,0.004146748,7.7731e-05,0.004992349015083164,0.009946387028321624,0.0008636930142529309,0.0017145639867521822,0.01911384001141414,13.2613863262,0.882322489741,0.043450025898,0.09173820416016053,0.07001623533870736,0.10877010399704931
3,2,gmr_30mm,randomized,central,False,True,,0.09390906197950244,0.09683570900233462,0.1175350520061329,0.09390906197950244,5,4,0,5,4,0,5,5,0,1,1.2113e-05,0.002423516,2.937e-06,0.002303495,7.631e-05,0.004992349015083164,0.009946387028321624,0.0008636930142529309,0.0017145639867521822,0.01911384001141414,12.9680935925,1.17182453487,0.0443585168293,0.11078238154863067,0.06604881981723627,0.18223585558776828
3,2,reference_ik,randomized,central,False,True,,0.12988342600874603,0.13259144499897957,0.15329078800277784,0.12988342600874603,0,0,0,0,0,0,0,0,0,0,0,0,0,0,0,0.004992349015083164,0.009946387028321624,0.0008636930142529309,0.0017145639867521822,0.01911384001141414,4.42001582364,0.701015537138,0.0269746813398,0.08988535693555352,0.0029734452009155653,0.04692972802358649
3,3,hybrid_30mm,randomized,central,False,True,,0.08316336700227112,0.0856418939656578,0.10634123696945608,0.08316336700227112,1,1,0,1,1,0,1,1,0,0,4.9394e-05,0.001325723,3.924e-06,0.001172102,0.000100347,0.004992349015083164,0.009946387028321624,0.0008636930142529309,0.0017145639867521822,0.01911384001141414,2.89439446047,0.463138897788,0.0105466604078,0.08042306478794106,0.05246205678506763,0.0928988989839929
3,3,gmr_30mm,randomized,central,False,True,,0.07251694600563496,0.07516663003480062,0.0958659730385989,0.07251694600563496,2,2,0,2,2,0,2,2,0,0,4.95e-05,0.003527026,4.117e-06,0.003364508,9.8607e-05,0.004992349015083164,0.009946387028321624,0.0008636930142529309,0.0017145639867521822,0.01911384001141414,4.55280561346,0.480812405473,0.0223374766994,0.0906957064637616,0.03708696515397691,0.06134028672632658
3,3,reference_ik,randomized,central,False,True,,0.14484661899041384,0.14729496696963906,0.16799430997343734,0.14484661899041384,0,0,0,0,0,0,0,0,0,0,0,0,0,0,0,0.004992349015083164,0.009946387028321624,0.0008636930142529309,0.0017145639867521822,0.01911384001141414,4.42001582364,0.701015537138,0.0269746813398,0.08988535693555352,0.0029734452009155653,0.04692972802358649
3,3,gmm,randomized,central,False,True,,0.12723501602886245,0.13025999499950558,0.15095933800330386,0.12723501602886245,2,2,2,0,0,0,2,2,0,0,1.0737e-05,0.001642715,1.508e-06,0.00157929,3.2381e-05,0.004992349015083164,0.009946387028321624,0.0008636930142529309,0.0017145639867521822,0.01911384001141414,11.4812012252,0.985057048567,0.0437490388072,0.10766854124552032,0.08292926808103322,0.1742280496031549
3,4,gmm,randomized,central,False,True,,0.13410005200421438,0.13704986998345703,0.1577492129872553,0.13410005200421438,11,9,11,0,0,0,11,10,0,1,1.171e-05,0.012519742,4.746e-06,0.012141531,0.0002268,0.004992349015083164,0.009946387028321624,0.0008636930142529309,0.0017145639867521822,0.01911384001141414,12.6902717933,1.06355156623,0.0265477708078,0.11008905643171883,0.09589126995423035,0.21261084752286322
3,4,reference_ik,randomized,central,False,True,,0.14151332102483138,0.14485063700703904,0.16554998001083732,0.14151332102483138,0,0,0,0,0,0,0,0,0,0,0,0,0,0,0,0.004992349015083164,0.009946387028321624,0.0008636930142529309,0.0017145639867521822,0.01911384001141414,4.42001582364,0.701015537138,0.0269746813398,0.08988535693555352,0.0029734452009155653,0.04692972802358649
3,4,hybrid_30mm,randomized,central,False,True,,0.030747919983696193,0.03378161502769217,0.054480958031490445,0.030747919983696193,1,1,0,1,1,0,1,1,0,0,1.0846e-05,0.000565532,1.805e-06,0.000523807,2.462e-05,0.004992349015083164,0.009946387028321624,0.0008636930142529309,0.0017145639867521822,0.01911384001141414,3.43944595347,0.48229743058,0.0294120040892,0.09333799978400643,0.03434804765594792,0.07503090732809745
3,4,gmr_30mm,randomized,central,False,True,,0.1421209389809519,0.14526740700239316,0.16596675000619143,0.1421209389809519,1,1,0,1,1,0,1,1,0,0,4.8088e-05,0.005874653,5.594e-06,0.005663339,0.000140778,0.004992349015083164,0.009946387028321624,0.0008636930142529309,0.0017145639867521822,0.01911384001141414,11.9784041765,0.679006956651,0.00585401435618,0.07721055765763499,0.05371264507494965,0.08197808395798739
73,0,hybrid_30mm,randomized,offset,False,True,,0.07529540301766247,0.07776335097150877,0.09711179696023464,0.07529540301766247,5,5,1,4,4,0,5,5,0,0,1.0468e-05,0.003327145,3.048e-06,0.003182018,9.184e-05,0.0050055370084010065,0.008200853015296161,0.000886460009496659,0.0017493949853815138,0.017468182020820677,10.663998906,0.753098848262,0.0275504546847,0.08847528172192777,0.07501795429661834,0.14483587142805462
73,0,gmm,randomized,offset,False,True,,0.1336991289863363,0.13601740798912942,0.1553658539778553,0.1336991289863363,5,3,5,0,0,0,5,3,0,0,5.1203e-05,0.018154894,6.034e-06,0.017964293,7.792e-05,0.0050055370084010065,0.008200853015296161,0.000886460009496659,0.0017493949853815138,0.017468182020820677,4.45459140049,0.566120031696,0.0167059651449,0.08896030316809793,0.04533937741636511,0.11121719748585306
73,0,gmr_30mm,randomized,offset,False,True,,0.07386797800427303,0.07649836002383381,0.09584680601255968,0.07386797800427303,8,6,0,8,6,0,8,7,0,1,6.203e-06,0.01569562,4.586e-06,0.01547931,0.000139266,0.0050055370084010065,0.008200853015296161,0.000886460009496659,0.0017493949853815138,0.017468182020820677,8.7220847622,0.45467580049,0.0142242219797,0.08880928281003748,0.03303069018762803,0.058958663511221344
73,0,reference_ik,randomized,offset,False,True,,0.13051694398745894,0.1334536589565687,0.15280210494529456,0.13051694398745894,0,0,0,0,0,0,0,0,0,0,0,0,0,0,0,0.0050055370084010065,0.008200853015296161,0.000886460009496659,0.0017493949853815138,0.017468182020820677,4.35845680569,0.686032029623,0.033092121914,0.08852616895138894,0.002012531067257105,0.032779215751313706
73,1,gmr_30mm,randomized,offset,False,True,,0.19477486400865018,0.19854424096411094,0.2178926869528368,0.19477486400865018,3,3,0,3,3,0,3,3,0,0,1.1456e-05,0.005863103,5.275e-06,0.005634027,0.000160261,0.0050055370084010065,0.008200853015296161,0.000886460009496659,0.0017493949853815138,0.017468182020820677,16.9004428257,1.87542386949,0.0303094261518,0.08877198703459399,0.11243009142743463,0.17016740396821126
73,1,reference_ik,randomized,offset,False,True,,0.131945586996153,0.13435205799760297,0.15370050398632884,0.131945586996153,0,0,0,0,0,0,0,0,0,0,0,0,0,0,0,0.0050055370084010065,0.008200853015296161,0.000886460009496659,0.0017493949853815138,0.017468182020820677,4.35845680569,0.686032029623,0.033092121914,0.08852616895138894,0.002012531067257105,0.032779215751313706
73,1,hybrid_30mm,randomized,offset,False,True,,0.06895069102756679,0.07216979202348739,0.09151823801221326,0.06895069102756679,5,5,2,3,3,0,5,5,0,0,4.8577e-05,0.006769514,6.665e-06,0.006496319,0.000144064,0.0050055370084010065,0.008200853015296161,0.000886460009496659,0.0017493949853815138,0.017468182020820677,3.91703218837,0.466078637246,0.0138059387446,0.08869710164254702,0.06659963812146696,0.13049601259391516
73,1,gmm,randomized,offset,False,True,,0.034780253015924245,0.03698976302985102,0.05633820901857689,0.034780253015924245,1,1,1,0,0,0,1,1,0,0,1.2572e-05,0.000273815,1.34e-06,0.000233818,1.8513e-05,0.0050055370084010065,0.008200853015296161,0.000886460009496659,0.0017493949853815138,0.017468182020820677,4.99649226419,0.455988132189,0.00234213169854,0.07475471943304084,0.0572092150237439,0.07772330287057524
73,2,gmr_30mm,randomized,offset,False,True,,0.13132046000100672,0.1344405579729937,0.15378900396171957,0.13132046000100672,5,5,0,5,5,0,5,5,0,0,3.4546e-05,0.007563505,5.904e-06,0.00729744,0.000171232,0.0050055370084010065,0.008200853015296161,0.000886460009496659,0.0017493949853815138,0.017468182020820677,9.80870015014,0.601107685999,0.00947470000078,0.08842169508758893,0.06316194596005077,0.10891572867817473
73,2,hybrid_30mm,randomized,offset,False,True,,0.08832927496405318,0.09174124599667266,0.11108969198539853,0.08832927496405318,5,4,2,3,3,0,5,5,0,1,3.3963e-05,0.008272791,4.101e-06,0.008053315,0.000106439,0.0050055370084010065,0.008200853015296161,0.000886460009496659,0.0017493949853815138,0.017468182020820677,10.2978311551,0.562076030168,0.0195740411496,0.08843328119276629,0.028433357896357682,0.05021227062314201
73,2,gmm,randomized,offset,False,True,,0.18499769398476928,0.18799340695841238,0.20734185294713825,0.18499769398476928,3,1,3,0,0,0,3,2,0,1,5.2122e-05,0.008531452,4.191e-06,0.008426337,3.8389e-05,0.0050055370084010065,0.008200853015296161,0.000886460009496659,0.0017493949853815138,0.017468182020820677,13.5987262373,0.981626610373,0.00804826717482,0.08064589621080309,0.16867146201267688,0.25738559793740107
73,2,reference_ik,randomized,offset,False,True,,0.13305837399093434,0.13656869198894128,0.15591713797766715,0.13305837399093434,0,0,0,0,0,0,0,0,0,0,0,0,0,0,0,0.0050055370084010065,0.008200853015296161,0.000886460009496659,0.0017493949853815138,0.017468182020820677,4.35845680569,0.686032029623,0.033092121914,0.08852616895138894,0.002012531067257105,0.032779215751313706
73,3,reference_ik,randomized,offset,False,True,,0.13188287505181506,0.13493616704363376,0.15428461303235963,0.13188287505181506,0,0,0,0,0,0,0,0,0,0,0,0,0,0,0,0.0050055370084010065,0.008200853015296161,0.000886460009496659,0.0017493949853815138,0.017468182020820677,4.35845680569,0.686032029623,0.033092121914,0.08852616895138894,0.002012531067257105,0.032779215751313706
73,3,hybrid_30mm,randomized,offset,False,True,,0.10216172598302364,0.10498729097889736,0.12433573696762323,0.10216172598302364,10,8,1,9,7,0,10,9,0,1,7.106e-06,0.017394598,3.786e-06,0.017194349,0.000125568,0.0050055370084010065,0.008200853015296161,0.000886460009496659,0.0017493949853815138,0.017468182020820677,12.6118664148,0.870080971616,0.0184373957152,0.08864294557246005,0.07416147537510678,0.12442776293306061
73,3,gmr_30mm,randomized,offset,False,True,,0.08147710497723892,0.08434216899331659,0.10369061498204246,0.08147710497723892,3,3,0,3,3,0,3,3,0,0,3.3964e-05,0.004196153,3.1e-06,0.004099136,5.4591e-05,0.0050055370084010065,0.008200853015296161,0.000886460009496659,0.0017493949853815138,0.017468182020820677,10.1244828811,0.638792863413,0.00672467476179,0.08855020349230097,0.04312298223005047,0.06273387816634005
73,3,gmm,randomized,offset,False,True,,0.052116677979938686,0.05517136194976047,0.07451980793848634,0.052116677979938686,4,3,4,0,0,0,4,4,0,1,6.475e-06,0.005963366,2.393e-06,0.00579119,9.5094e-05,0.0050055370084010065,0.008200853015296161,0.000886460009496659,0.0017493949853815138,0.017468182020820677,6.95752379995,0.542618474295,0.0194230765282,0.08865229367905818,0.09517701458076905,0.17817549431524451
73,4,gmm,randomized,offset,False,True,,0.1678653049748391,0.17102455900749192,0.1903730049962178,0.1678653049748391,9,6,9,0,0,0,9,8,0,2,2.659e-05,0.017899581,5.541e-06,0.017423822,0.00027648,0.0050055370084010065,0.008200853015296161,0.000886460009496659,0.0017493949853815138,0.017468182020820677,15.0938019293,0.723639435798,0.0334388154939,0.08838909986042394,0.05455375841980018,0.08933758030468858
73,4,gmr_30mm,randomized,offset,False,True,,0.15132460003951564,0.15422687598038465,0.17357532196911052,0.15132460003951564,3,3,0,3,3,0,3,3,0,0,3.4881e-05,0.005953463,4.059e-06,0.005748386,0.00013275,0.0050055370084010065,0.008200853015296161,0.000886460009496659,0.0017493949853815138,0.017468182020820677,13.2107432612,0.971782689759,0.0262435321741,0.07306253848763994,0.047992844173092526,0.08696065424017085
73,4,hybrid_30mm,randomized,offset,False,True,,0.12217594997491688,0.1252328230184503,0.14458126900717616,0.12217594997491688,15,11,5,10,10,0,15,14,0,3,1.4305e-05,0.022730594,5.562e-06,0.022433405,0.000176182,0.0050055370084010065,0.008200853015296161,0.000886460009496659,0.0017493949853815138,0.017468182020820677,13.6846030103,1.00262509853,0.0164100859372,0.0882874548518025,0.056311751369338185,0.10330960578229001
73,4,reference_ik,randomized,offset,False,True,,0.13371802197070792,0.13699905900284648,0.15634750499157235,0.13371802197070792,0,0,0,0,0,0,0,0,0,0,0,0,0,0,0,0.0050055370084010065,0.008200853015296161,0.000886460009496659,0.0017493949853815138,0.017468182020820677,4.35845680569,0.686032029623,0.033092121914,0.08852616895138894,0.002012531067257105,0.032779215751313706
25,0,gmr_30mm,randomized,central,False,True,,0.15357619302812964,0.156107516027987,0.17432783805998042,0.15357619302812964,5,2,0,5,2,0,5,4,0,2,4.838e-05,0.014721366,8.435e-06,0.014349237,0.000243577,0.004511241975706071,0.008058404026087373,0.0008766790269874036,0.0017051880131475627,0.0167666079942137,12.4394062953,0.677666831627,0.0276411623819,0.09233873177489584,0.0653632676475297,0.12482137550071841
25,0,hybrid_30mm,randomized,central,False,True,,0.03690717101562768,0.04009069799212739,0.05831102002412081,0.03690717101562768,2,1,0,2,1,0,2,2,0,1,6.791e-06,0.00105986,1.188e-06,0.001010277,3.5225e-05,0.004511241975706071,0.008058404026087373,0.0008766790269874036,0.0017051880131475627,0.0167666079942137,7.25047476297,0.438584190181,0.015979461824,0.060201198968562436,0.057606921861556325,0.08660694948586671
25,0,reference_ik,randomized,central,False,True,,0.13344385899836197,0.13636670302366838,0.1545870250556618,0.13344385899836197,0,0,0,0,0,0,0,0,0,0,0,0,0,0,0,0.004511241975706071,0.008058404026087373,0.0008766790269874036,0.0017051880131475627,0.0167666079942137,4.23311169152,0.703523875453,0.0288411109043,0.0737266025308928,0.005707508757225981,0.08643750128751827
25,0,gmm,randomized,central,False,True,,0.19902005000039935,0.2017995160422288,0.2200198380742222,0.19902005000039935,4,2,4,0,0,0,4,2,0,0,4.8086e-05,0.018255401,6.112e-06,0.017976664,0.000111944,0.004511241975706071,0.008058404026087373,0.0008766790269874036,0.0017051880131475627,0.0167666079942137,12.4859120514,1.2468919825,0.0233953849376,0.09690778935885691,0.18244961966498538,0.2511036658946368
25,1,reference_ik,randomized,central,False,True,,0.13083441404160112,0.13360727101098746,0.15182759304298088,0.13083441404160112,0,0,0,0,0,0,0,0,0,0,0,0,0,0,0,0.004511241975706071,0.008058404026087373,0.0008766790269874036,0.0017051880131475627,0.0167666079942137,4.23311169152,0.703523875453,0.0288411109043,0.0737266025308928,0.005707508757225981,0.08643750128751827
25,1,gmm,randomized,central,False,True,,0.18250818399246782,0.18528210802469403,0.20350243005668744,0.18250818399246782,3,1,3,0,0,0,3,2,0,1,4.686e-05,0.007673321,6.417e-06,0.007388343,0.000129661,0.004511241975706071,0.008058404026087373,0.0008766790269874036,0.0017051880131475627,0.0167666079942137,11.5049649099,0.776076402244,0.0293645227965,0.08375843841334615,0.07458315807804781,0.14283323099735035
25,1,hybrid_30mm,randomized,central,False,True,,0.14609694096725434,0.14920559799065813,0.16742592002265155,0.14609694096725434,3,2,0,3,2,0,3,3,0,1,5.0425e-05,0.006520601,5.025e-06,0.006298738,0.000136645,0.004511241975706071,0.008058404026087373,0.0008766790269874036,0.0017051880131475627,0.0167666079942137,11.1939906088,0.733985178752,0.0266743392123,0.08915843823785291,0.06208153141641978,0.1193619193004958
25,1,gmr_30mm,randomized,central,False,True,,0.21445460303220898,0.21691884199390188,0.2351391640258953,0.21445460303220898,3,2,0,3,2,0,3,3,0,1,4.6594e-05,0.004717064,6.875e-06,0.004378689,0.000244565,0.004511241975706071,0.008058404026087373,0.0008766790269874036,0.0017051880131475627,0.0167666079942137,14.8815323014,1.03633839717,0.0227814167764,0.08548942079708347,0.09726850626892447,0.2461976652491368
25,2,hybrid_30mm,randomized,central,False,True,,0.16406521800672635,0.16718994796974584,0.18541027000173926,0.16406521800672635,1,1,0,1,1,0,1,1,0,0,1.0905e-05,0.000313085,1.356e-06,0.000280284,2.0887e-05,0.004511241975706071,0.008058404026087373,0.0008766790269874036,0.0017051880131475627,0.0167666079942137,13.4012078314,0.694720918295,0.0221606409405,0.0762811867588687,0.07923035354633667,0.16718607095163468
25,2,gmm,randomized,central,False,True,,0.1883832300081849,0.1913944209809415,0.20961474301293492,0.1883832300081849,6,3,6,0,0,0,6,5,0,2,9.33e-06,0.009795367,2.066e-06,0.009660681,7.2559e-05,0.004511241975706071,0.008058404026087373,0.0008766790269874036,0.0017051880131475627,0.0167666079942137,18.1285376174,1.03057289813,0.000496876359368,0.09852653378524676,0.04900127858680205,0.10892599453359857
25,2,gmr_30mm,randomized,central,False,True,,0.17282965098274872,0.17574437899747863,0.19396470102947205,0.17282965098274872,2,2,0,2,2,0,2,2,0,0,1.2432e-05,0.000527768,1.627e-06,0.000478161,2.9203e-05,0.004511241975706071,0.008058404026087373,0.0008766790269874036,0.0017051880131475627,0.0167666079942137,11.4541490489,0.631501864018,0.00558853668396,0.056984877690163915,0.0479360795929782,0.09814579267796317
25,2,reference_ik,randomized,central,False,True,,0.13079824502347037,0.13379157800227404,0.15201190003426746,0.13079824502347037,0,0,0,0,0,0,0,0,0,0,0,0,0,0,0,0.004511241975706071,0.008058404026087373,0.0008766790269874036,0.0017051880131475627,0.0167666079942137,4.23311169152,0.703523875453,0.0288411109043,0.0737266025308928,0.005707508757225981,0.08643750128751827
25,3,reference_ik,randomized,central,False,True,,0.13731690298300236,0.1406108210212551,0.15883114305324852,0.13731690298300236,0,0,0,0,0,0,0,0,0,0,0,0,0,0,0,0.004511241975706071,0.008058404026087373,0.0008766790269874036,0.0017051880131475627,0.0167666079942137,4.23311169152,0.703523875453,0.0288411109043,0.0737266025308928,0.005707508757225981,0.08643750128751827
25,3,gmm,randomized,central,False,True,,0.06512381799984723,0.06817320897243917,0.08639353100443259,0.06512381799984723,4,2,4,0,0,0,4,4,0,2,1.1374e-05,0.002758345,1.929e-06,0.002611387,9.3577e-05,0.004511241975706071,0.008058404026087373,0.0008766790269874036,0.0017051880131475627,0.0167666079942137,8.90233709114,0.681817388813,0.0242825740954,0.09607817138561434,0.09621516180553802,0.1393862673191983
25,3,hybrid_30mm,randomized,central,False,True,,0.15949530096258968,0.16237280401401222,0.18059312604600564,0.15949530096258968,1,1,0,1,1,0,1,1,0,0,1.177e-05,0.000834845,1.826e-06,0.000765984,4.6853e-05,0.004511241975706071,0.008058404026087373,0.0008766790269874036,0.0017051880131475627,0.0167666079942137,13.4512264518,0.969928127074,0.00778377363968,0.09172922956361633,0.11292634341608895,0.18233299285919669
25,3,gmr_30mm,randomized,central,False,True,,0.12269129202468321,0.12584230897482485,0.14406263100681826,0.12269129202468321,1,1,0,1,1,0,1,1,0,0,1.0626e-05,0.000574468,2.268e-06,0.000524911,2.9058e-05,0.004511241975706071,0.008058404026087373,0.0008766790269874036,0.0017051880131475627,0.0167666079942137,6.00208877785,0.478830399247,0.0273363417906,0.06925328743864351,0.04053663606608966,0.0864930329745729
25,4,hybrid_30mm,randomized,central,False,True,,0.0331500040483661,0.036152714979834855,0.054373037011828274,0.0331500040483661,1,1,0,1,1,0,1,1,0,0,1.1029e-05,0.000988532,1.965e-06,0.000934573,3.2975e-05,0.004511241975706071,0.008058404026087373,0.0008766790269874036,0.0017051880131475627,0.0167666079942137,3.50555602125,0.470923835175,0.0190908680266,0.07496799326084129,0.0330097450176162,0.08634424709549288
25,4,gmr_30mm,randomized,central,False,True,,0.06436594197293743,0.0671706100110896,0.08539093204308301,0.06436594197293743,1,1,0,1,1,0,1,1,0,0,1.1282e-05,0.000950403,1.722e-06,0.000921437,1.6626e-05,0.004511241975706071,0.008058404026087373,0.0008766790269874036,0.0017051880131475627,0.0167666079942137,7.66296551469,0.51277371944,0.0129848427519,0.0750285708162344,0.05859963183238411,0.13795371264763068
25,4,reference_ik,randomized,central,False,True,,0.1407127029960975,0.14357901603216305,0.16179933806415647,0.1407127029960975,0,0,0,0,0,0,0,0,0,0,0,0,0,0,0,0.004511241975706071,0.008058404026087373,0.0008766790269874036,0.0017051880131475627,0.0167666079942137,4.23311169152,0.703523875453,0.0288411109043,0.0737266025308928,0.005707508757225981,0.08643750128751827
25,4,gmm,randomized,central,False,True,,0.09260707104112953,0.09606198099208996,0.11428230302408338,0.09260707104112953,2,2,2,0,0,0,2,2,0,0,6.543e-06,0.002076015,1.293e-06,0.002008174,4.2011e-05,0.004511241975706071,0.008058404026087373,0.0008766790269874036,0.0017051880131475627,0.0167666079942137,11.4210199856,0.895462381166,0.0296297517187,0.08774744496072372,0.11903904396135385,0.2003384762897272
84,0,reference_ik,randomized,distant,False,False,endpoint_ik,0.0,0.0,0.01930960698518902,6.0,,,,,,,,,,,,,,,,0.0050675959791988134,0.008116630022414029,0.0008042969857342541,0.0017495259526185691,0.017356536991428584,,,,,,
84,0,gmm,randomized,distant,False,False,endpoint_ik,0.0,0.0,0.01930960698518902,6.0,,,,,,,,,,,,,,,,0.0050675959791988134,0.008116630022414029,0.0008042969857342541,0.0017495259526185691,0.017356536991428584,,,,,,
84,0,hybrid_30mm,randomized,distant,False,False,endpoint_ik,0.0,0.0,0.01930960698518902,6.0,,,,,,,,,,,,,,,,0.0050675959791988134,0.008116630022414029,0.0008042969857342541,0.0017495259526185691,0.017356536991428584,,,,,,
84,0,gmr_30mm,randomized,distant,False,False,endpoint_ik,0.0,0.0,0.01930960698518902,6.0,,,,,,,,,,,,,,,,0.0050675959791988134,0.008116630022414029,0.0008042969857342541,0.0017495259526185691,0.017356536991428584,,,,,,
84,1,hybrid_30mm,randomized,distant,False,False,endpoint_ik,0.0,0.0,0.01930960698518902,6.0,,,,,,,,,,,,,,,,0.0050675959791988134,0.008116630022414029,0.0008042969857342541,0.0017495259526185691,0.017356536991428584,,,,,,
84,1,gmm,randomized,distant,False,False,endpoint_ik,0.0,0.0,0.01930960698518902,6.0,,,,,,,,,,,,,,,,0.0050675959791988134,0.008116630022414029,0.0008042969857342541,0.0017495259526185691,0.017356536991428584,,,,,,
84,1,reference_ik,randomized,distant,False,False,endpoint_ik,0.0,0.0,0.01930960698518902,6.0,,,,,,,,,,,,,,,,0.0050675959791988134,0.008116630022414029,0.0008042969857342541,0.0017495259526185691,0.017356536991428584,,,,,,
84,1,gmr_30mm,randomized,distant,False,False,endpoint_ik,0.0,0.0,0.01930960698518902,6.0,,,,,,,,,,,,,,,,0.0050675959791988134,0.008116630022414029,0.0008042969857342541,0.0017495259526185691,0.017356536991428584,,,,,,
84,2,reference_ik,randomized,distant,False,False,endpoint_ik,0.0,0.0,0.01930960698518902,6.0,,,,,,,,,,,,,,,,0.0050675959791988134,0.008116630022414029,0.0008042969857342541,0.0017495259526185691,0.017356536991428584,,,,,,
84,2,hybrid_30mm,randomized,distant,False,False,endpoint_ik,0.0,0.0,0.01930960698518902,6.0,,,,,,,,,,,,,,,,0.0050675959791988134,0.008116630022414029,0.0008042969857342541,0.0017495259526185691,0.017356536991428584,,,,,,
84,2,gmr_30mm,randomized,distant,False,False,endpoint_ik,0.0,0.0,0.01930960698518902,6.0,,,,,,,,,,,,,,,,0.0050675959791988134,0.008116630022414029,0.0008042969857342541,0.0017495259526185691,0.017356536991428584,,,,,,
84,2,gmm,randomized,distant,False,False,endpoint_ik,0.0,0.0,0.01930960698518902,6.0,,,,,,,,,,,,,,,,0.0050675959791988134,0.008116630022414029,0.0008042969857342541,0.0017495259526185691,0.017356536991428584,,,,,,
84,3,hybrid_30mm,randomized,distant,False,False,endpoint_ik,0.0,0.0,0.01930960698518902,6.0,,,,,,,,,,,,,,,,0.0050675959791988134,0.008116630022414029,0.0008042969857342541,0.0017495259526185691,0.017356536991428584,,,,,,
84,3,gmr_30mm,randomized,distant,False,False,endpoint_ik,0.0,0.0,0.01930960698518902,6.0,,,,,,,,,,,,,,,,0.0050675959791988134,0.008116630022414029,0.0008042969857342541,0.0017495259526185691,0.017356536991428584,,,,,,
84,3,gmm,randomized,distant,False,False,endpoint_ik,0.0,0.0,0.01930960698518902,6.0,,,,,,,,,,,,,,,,0.0050675959791988134,0.008116630022414029,0.0008042969857342541,0.0017495259526185691,0.017356536991428584,,,,,,
84,3,reference_ik,randomized,distant,False,False,endpoint_ik,0.0,0.0,0.01930960698518902,6.0,,,,,,,,,,,,,,,,0.0050675959791988134,0.008116630022414029,0.0008042969857342541,0.0017495259526185691,0.017356536991428584,,,,,,
84,4,hybrid_30mm,randomized,distant,False,False,endpoint_ik,0.0,0.0,0.01930960698518902,6.0,,,,,,,,,,,,,,,,0.0050675959791988134,0.008116630022414029,0.0008042969857342541,0.0017495259526185691,0.017356536991428584,,,,,,
84,4,gmm,randomized,distant,False,False,endpoint_ik,0.0,0.0,0.01930960698518902,6.0,,,,,,,,,,,,,,,,0.0050675959791988134,0.008116630022414029,0.0008042969857342541,0.0017495259526185691,0.017356536991428584,,,,,,
84,4,gmr_30mm,randomized,distant,False,False,endpoint_ik,0.0,0.0,0.01930960698518902,6.0,,,,,,,,,,,,,,,,0.0050675959791988134,0.008116630022414029,0.0008042969857342541,0.0017495259526185691,0.017356536991428584,,,,,,
84,4,reference_ik,randomized,distant,False,False,endpoint_ik,0.0,0.0,0.01930960698518902,6.0,,,,,,,,,,,,,,,,0.0050675959791988134,0.008116630022414029,0.0008042969857342541,0.0017495259526185691,0.017356536991428584,,,,,,
62,0,reference_ik,randomized,offset,False,True,,0.14103877200977877,0.15207475400529802,0.17056395200779662,0.14103877200977877,0,0,0,0,0,0,0,0,0,0,0,0,0,0,0,0.004638768965378404,0.008066882030107081,0.0008501390111632645,0.0016890219994820654,0.016867505968548357,4.50418419407,0.658526373005,0.000328059081859,0.11871911097638507,0.0023285018842742642,0.045468983875597745
62,0,gmm,randomized,offset,False,True,,0.0954575429786928,0.09843858995009214,0.11692778795259073,0.0954575429786928,4,1,4,0,0,0,4,3,0,2,3.1641e-05,0.020819243,4.78e-06,0.020519948,0.000196497,0.004638768965378404,0.008066882030107081,0.0008501390111632645,0.0016890219994820654,0.016867505968548357,3.24922642525,0.435311662314,0.000830609775547,0.10145570400948056,0.031600458653660554,0.056117359293944756
62,0,hybrid_30mm,randomized,offset,False,True,,0.12767064903164282,0.13142394396709278,0.14991314196959138,0.12767064903164282,3,2,1,2,1,0,3,3,0,1,1.5541e-05,0.007816417,3.912e-06,0.007642036,0.000107671,0.004638768965378404,0.008066882030107081,0.0008501390111632645,0.0016890219994820654,0.016867505968548357,11.5625695138,1.10231650259,0.000902632440234,0.09467589587257534,0.09572642892889352,0.1582657930464239
62,0,gmr_30mm,randomized,offset,False,True,,0.13171961501939222,0.1341556489933282,0.1526448469958268,0.13171961501939222,3,2,0,3,2,0,3,3,0,1,4.3293e-05,0.009408419,4.162e-06,0.009225321,0.000114497,0.004638768965378404,0.008066882030107081,0.0008501390111632645,0.0016890219994820654,0.016867505968548357,5.08734918796,0.432704030278,0.000423648401032,0.10287403330184766,0.026285625848379842,0.04965682864900364
62,1,gmr_30mm,randomized,offset,False,True,,0.09266342601040378,0.09561288001714274,0.11410207801964134,0.09266342601040378,1,1,0,1,1,0,1,1,0,0,4.9568e-05,0.006192775,4.312e-06,0.006068226,7.4274e-05,0.004638768965378404,0.008066882030107081,0.0008501390111632645,0.0016890219994820654,0.016867505968548357,8.18344765821,0.506144980329,0.000567235773352,0.0745115888653245,0.026920160823865422,0.07627408859299677
62,1,gmm,randomized,offset,False,True,,0.15384574298514053,0.1562472180230543,0.1747364160255529,0.15384574298514053,3,2,3,0,0,0,3,2,0,0,5.2522e-05,0.010885995,6.574e-06,0.010503873,0.000187942,0.004638768965378404,0.008066882030107081,0.0008501390111632645,0.0016890219994820654,0.016867505968548357,10.4170016468,0.577884012326,0.000950087330701,0.11322160690830803,0.056424187930480936,0.11069943008815677
62,1,hybrid_30mm,randomized,offset,False,True,,0.10974228999111801,0.1122806430212222,0.1307698410237208,0.10974228999111801,1,1,0,1,1,0,1,1,0,0,2.3233e-05,0.004909422,4.473e-06,0.004736742,0.000112528,0.004638768965378404,0.008066882030107081,0.0008501390111632645,0.0016890219994820654,0.016867505968548357,11.7446783049,0.870158897473,0.000631774977818,0.1186349002581015,0.065511252508798,0.13072783913043484
62,1,reference_ik,randomized,offset,False,True,,0.13465364696457982,0.13715857098577544,0.15564776898827404,0.13465364696457982,0,0,0,0,0,0,0,0,0,0,0,0,0,0,0,0.004638768965378404,0.008066882030107081,0.0008501390111632645,0.0016890219994820654,0.016867505968548357,4.50418419407,0.658526373005,0.000328059081859,0.11871911097638507,0.0023285018842742642,0.045468983875597745
62,2,hybrid_30mm,randomized,offset,False,True,,0.0665612100274302,0.06920044997241348,0.08768964797491208,0.0665612100274302,3,3,0,3,3,0,3,3,0,0,1.3204e-05,0.004029928,2.617e-06,0.003895075,9.6652e-05,0.004638768965378404,0.008066882030107081,0.0008501390111632645,0.0016890219994820654,0.016867505968548357,4.6572056833,0.487121424345,0.000390078778737,0.11077871262338851,0.024286844176433973,0.04553245080123161
62,2,gmm,randomized,offset,False,True,,0.12730610003927723,0.1294720449950546,0.1479612429975532,0.12730610003927723,6,3,6,0,0,0,6,4,0,1,1.1718e-05,0.014079637,2.818e-06,0.013894353,0.000112074,0.004638768965378404,0.008066882030107081,0.0008501390111632645,0.0016890219994820654,0.016867505968548357,7.80525227932,0.615979612151,0.000815972229527,0.11918460523709609,0.07264185705072483,0.14415301465908853
62,2,reference_ik,randomized,offset,False,True,,0.12692081596469507,0.1294724380131811,0.1479616360156797,0.12692081596469507,0,0,0,0,0,0,0,0,0,0,0,0,0,0,0,0.004638768965378404,0.008066882030107081,0.0008501390111632645,0.0016890219994820654,0.016867505968548357,4.50418419407,0.658526373005,0.000328059081859,0.11871911097638507,0.0023285018842742642,0.045468983875597745
62,2,gmr_30mm,randomized,offset,False,True,,0.10258250596234575,0.10610555298626423,0.12459475098876283,0.10258250596234575,1,1,0,1,1,0,1,1,0,0,2.8153e-05,0.001423848,3.301e-06,0.001341589,4.7143e-05,0.004638768965378404,0.008066882030107081,0.0008501390111632645,0.0016890219994820654,0.016867505968548357,10.6108611833,0.551606597259,0.000412018745308,0.11850772390668127,0.04226760452626356,0.07846093091355258
62,3,reference_ik,randomized,offset,False,True,,0.12575292796827853,0.12818415299989283,0.14667335100239143,0.12575292796827853,0,0,0,0,0,0,0,0,0,0,0,0,0,0,0,0.004638768965378404,0.008066882030107081,0.0008501390111632645,0.0016890219994820654,0.016867505968548357,4.50418419407,0.658526373005,0.000328059081859,0.11871911097638507,0.0023285018842742642,0.045468983875597745
62,3,gmr_30mm,randomized,offset,False,True,,0.12435262004146352,0.12724902597256005,0.14573822397505865,0.12435262004146352,1,1,0,1,1,0,1,1,0,0,4.8672e-05,0.003798215,4.436e-06,0.003649558,9.5235e-05,0.004638768965378404,0.008066882030107081,0.0008501390111632645,0.0016890219994820654,0.016867505968548357,14.1398398611,1.32225628919,0.00038276752917,0.11921250952225759,0.1413296333033813,0.23617467388854652
62,3,gmm,randomized,offset,False,True,,0.05222624697489664,0.05521072103874758,0.07369991904124618,0.05222624697489664,14,8,14,0,0,0,14,12,0,4,2.0295e-05,0.02577005,5.696e-06,0.025219315,0.000340002,0.004638768965378404,0.008066882030107081,0.0008501390111632645,0.0016890219994820654,0.016867505968548357,5.6313186278,0.568366868785,9.74951136508e-05,0.10296087968121048,0.034755369450065465,0.07713549481278108
62,3,hybrid_30mm,randomized,offset,False,True,,0.077234681986738,0.08024442801252007,0.09873362601501867,0.077234681986738,5,2,3,2,1,0,5,4,0,2,2.8219e-05,0.012698082,5.71e-06,0.012568358,4.7713e-05,0.004638768965378404,0.008066882030107081,0.0008501390111632645,0.0016890219994820654,0.016867505968548357,3.84954975006,0.478026434914,2.21250528376e-05,0.11021836175056944,0.04362726844606317,0.0825013163792621
62,4,hybrid_30mm,randomized,offset,False,True,,0.06117908202577382,0.06416934996377677,0.08265854796627536,0.06117908202577382,4,3,2,2,2,0,4,3,0,0,1.2218e-05,0.014155368,1.1876e-05,0.014061939,2.3231e-05,0.004638768965378404,0.008066882030107081,0.0008501390111632645,0.0016890219994820654,0.016867505968548357,5.84922394402,0.474653318862,0.00077649530215,0.10144770516888305,0.023910524086740183,0.05297210574072282
62,4,reference_ik,randomized,offset,False,True,,0.1266098709893413,0.12955578096443787,0.14804497896693647,0.1266098709893413,0,0,0,0,0,0,0,0,0,0,0,0,0,0,0,0.004638768965378404,0.008066882030107081,0.0008501390111632645,0.0016890219994820654,0.016867505968548357,4.50418419407,0.658526373005,0.000328059081859,0.11871911097638507,0.0023285018842742642,0.045468983875597745
62,4,gmm,randomized,offset,False,True,,0.11911229300312698,0.12218350201146677,0.14067270001396537,0.11911229300312698,8,4,8,0,0,0,8,7,0,3,1.7045e-05,0.022117766,5.028e-06,0.021814414,0.000141961,0.004638768965378404,0.008066882030107081,0.0008501390111632645,0.0016890219994820654,0.016867505968548357,12.7498326997,0.950178389038,0.00023780641911,0.05015795976686427,0.11874961710942847,0.1782979295039984
62,4,gmr_30mm,randomized,offset,False,True,,0.18069649999961257,0.18381050298921764,0.20229970099171624,0.18069649999961257,1,1,0,1,1,0,1,1,0,0,3.4475e-05,0.006072598,3.199e-06,0.005978062,5.8199e-05,0.004638768965378404,0.008066882030107081,0.0008501390111632645,0.0016890219994820654,0.016867505968548357,13.3315226592,1.02892974249,0.000517240865191,0.09418392874435139,0.03536921255422365,0.05820312570397938
97,0,hybrid_30mm,randomized,distant,False,True,,0.026050689979456365,0.028418214002158493,0.04672571097034961,0.026050689979456365,2,1,0,2,1,0,2,2,0,1,1.9305e-05,0.00215999,2.927e-06,0.002058414,6.8789e-05,0.004371862974949181,0.008025999006349593,0.0008660689927637577,0.00171200797194615,0.01656531495973468,3.24907335777,0.247711556469,0.0598183637482,0.17581713362105786,0.06006164588219657,0.12469862099293005
97,0,gmr_30mm,randomized,distant,False,True,,0.08661857200786471,0.08900166099192575,0.10730915796011686,0.08661857200786471,2,1,0,2,1,0,2,1,0,0,3.6305e-05,0.021955214,4.796e-06,0.021865193,4.3469e-05,0.004371862974949181,0.008025999006349593,0.0008660689927637577,0.00171200797194615,0.01656531495973468,3.74535470375,0.257712016996,0.0703128632419,0.1789149879881272,0.05117535627293499,0.126956151325333
97,0,gmm,randomized,distant,False,True,,0.0543397479923442,0.05744636297458783,0.07575385994277894,0.0543397479923442,2,2,2,0,0,0,2,2,0,0,3.399e-05,0.003784748,3.265e-06,0.003602771,8.528e-05,0.004371862974949181,0.008025999006349593,0.0008660689927637577,0.00171200797194615,0.01656531495973468,3.96376363241,0.339028953829,0.0736753901521,0.1789149879881272,0.05077464866074509,0.1296216824450544
97,0,reference_ik,randomized,distant,False,True,,0.1355218900134787,0.13844993500970304,0.15675743197789416,0.1355218900134787,0,0,0,0,0,0,0,0,0,0,0,0,0,0,0,0.004371862974949181,0.008025999006349593,0.0008660689927637577,0.00171200797194615,0.01656531495973468,4.6770718707,0.72157867656,0.0617015259432,0.14418552511548044,0.00485365812421818,0.0704853022703681
97,1,reference_ik,randomized,distant,False,True,,0.13385234598536044,0.13697827700525522,0.15528577397344634,0.13385234598536044,0,0,0,0,0,0,0,0,0,0,0,0,0,0,0,0.004371862974949181,0.008025999006349593,0.0008660689927637577,0.00171200797194615,0.01656531495973468,4.6770718707,0.72157867656,0.0617015259432,0.14418552511548044,0.00485365812421818,0.0704853022703681
97,1,gmr_30mm,randomized,distant,False,True,,0.10972518095513806,0.1123531719786115,0.13066066894680262,0.10972518095513806,1,1,0,1,1,0,1,1,0,0,1.2402e-05,0.003828722,2.157e-06,0.003780792,2.6227e-05,0.004371862974949181,0.008025999006349593,0.0008660689927637577,0.00171200797194615,0.01656531495973468,14.0294448941,1.13346492891,0.0279600477984,0.14178036530765586,0.08377014772392999,0.1390753139605627
97,1,hybrid_30mm,randomized,distant,False,True,,0.15013607899891213,0.15323565702419728,0.1715431539923884,0.15013607899891213,4,2,1,3,1,0,4,3,0,1,4.7589e-05,0.008890502,4.372e-06,0.008727037,9.9953e-05,0.004371862974949181,0.008025999006349593,0.0008660689927637577,0.00171200797194615,0.01656531495973468,7.09282638213,0.376555186723,0.0403764531757,0.13795462705085162,0.04631488020130647,0.11504831789219257
97,1,gmm,randomized,distant,False,True,,0.12422013096511364,0.12690731300972402,0.14521480997791514,0.12422013096511364,3,1,3,0,0,0,3,2,0,1,4.055e-05,0.014780252,3.233e-06,0.014608268,8.6553e-05,0.004371862974949181,0.008025999006349593,0.0008660689927637577,0.00171200797194615,0.01656531495973468,5.19543322148,0.465220278161,0.072760067368,0.1789149879881272,0.06821812137927591,0.10467055598284394
97,2,gmr_30mm,randomized,distant,False,True,,0.1860804779571481,0.18930183094926178,0.2076093279174529,0.1860804779571481,1,1,0,1,1,0,1,1,0,0,3.1259e-05,0.00131485,3.305e-06,0.001230533,4.7093e-05,0.004371862974949181,0.008025999006349593,0.0008660689927637577,0.00171200797194615,0.01656531495973468,12.3019101583,0.546263406787,0.0736453155336,0.1789149879881272,0.07990032636177975,0.14603969177723947
97,2,reference_ik,randomized,distant,False,True,,0.132258441997692,0.13524242502171546,0.15354992198990658,0.132258441997692,0,0,0,0,0,0,0,0,0,0,0,0,0,0,0,0.004371862974949181,0.008025999006349593,0.0008660689927637577,0.00171200797194615,0.01656531495973468,4.6770718707,0.72157867656,0.0617015259432,0.14418552511548044,0.00485365812421818,0.0704853022703681
97,2,hybrid_30mm,randomized,distant,False,True,,0.11918495001737028,0.12193631596164778,0.1402438129298389,0.11918495001737028,1,1,0,1,1,0,1,1,0,0,9.836e-06,0.001355515,2.318e-06,0.001280666,4.331e-05,0.004371862974949181,0.008025999006349593,0.0008660689927637577,0.00171200797194615,0.01656531495973468,13.8208768914,1.06040767184,0.0736753901521,0.1789149879881272,0.08950533467325666,0.1691075140027823
97,2,gmm,randomized,distant,False,True,,0.2263338110060431,0.22880679002264515,0.24711428699083626,0.2263338110060431,4,2,4,0,0,0,4,2,0,0,1.0962e-05,0.019722784,2.068e-06,0.019650551,2.4964e-05,0.004371862974949181,0.008025999006349593,0.0008660689927637577,0.00171200797194615,0.01656531495973468,13.8661542652,0.739931527727,0.0458034904094,0.13714234418828694,0.0914815309174117,0.14788273594883436
97,3,hybrid_30mm,randomized,distant,False,True,,0.10666072502499446,0.10916479304432869,0.1274722900125198,0.10666072502499446,3,2,0,3,2,0,3,3,0,1,3.7399e-05,0.007794204,6.039e-06,0.007533184,0.000185112,0.004371862974949181,0.008025999006349593,0.0008660689927637577,0.00171200797194615,0.01656531495973468,12.7898438411,1.12224698197,0.0349946201956,0.147025895347837,0.10051172105734003,0.14783750065703702
97,3,gmm,randomized,distant,False,True,,0.05659684998681769,0.0595831359969452,0.07789063296513632,0.05659684998681769,1,1,1,0,0,0,1,1,0,0,1.296e-05,0.000937452,1.332e-06,0.000874583,3.8784e-05,0.004371862974949181,0.008025999006349593,0.0008660689927637577,0.00171200797194615,0.01656531495973468,2.17223654737,0.394127623791,0.071394560695,0.1789149879881272,0.06300846225061724,0.12310023087079452
97,3,reference_ik,randomized,distant,False,True,,0.1343931420124136,0.13714930601418018,0.1554568029823713,0.1343931420124136,0,0,0,0,0,0,0,0,0,0,0,0,0,0,0,0.004371862974949181,0.008025999006349593,0.0008660689927637577,0.00171200797194615,0.01656531495973468,4.6770718707,0.72157867656,0.0617015259432,0.14418552511548044,0.00485365812421818,0.0704853022703681
97,3,gmr_30mm,randomized,distant,False,True,,0.1460513950441964,0.1492804330191575,0.16758792998734862,0.1460513950441964,1,1,0,1,1,0,1,1,0,0,5.1993e-05,0.005593256,5e-06,0.005462807,7.5922e-05,0.004371862974949181,0.008025999006349593,0.0008660689927637577,0.00171200797194615,0.01656531495973468,9.06956428148,0.479847508748,0.027111281491,0.14175681182747904,0.04215384849170962,0.11280361900906082
97,4,gmm,randomized,distant,False,True,,0.08412288199178874,0.08720878598978743,0.10551628295797855,0.08412288199178874,1,1,1,0,0,0,1,1,0,0,1.1003e-05,0.00193926,3.053e-06,0.001794713,8.0537e-05,0.004371862974949181,0.008025999006349593,0.0008660689927637577,0.00171200797194615,0.01656531495973468,10.1719502107,0.758658714476,0.00145140437441,0.11117372732858925,0.10797202510904495,0.1705931427980266
97,4,reference_ik,randomized,distant,False,True,,0.14507527998648584,0.1480582329677418,0.1663657299359329,0.14507527998648584,0,0,0,0,0,0,0,0,0,0,0,0,0,0,0,0.004371862974949181,0.008025999006349593,0.0008660689927637577,0.00171200797194615,0.01656531495973468,4.6770718707,0.72157867656,0.0617015259432,0.14418552511548044,0.00485365812421818,0.0704853022703681
97,4,hybrid_30mm,randomized,distant,False,True,,0.1351368140312843,0.1375815289793536,0.15588902594754472,0.1351368140312843,2,1,0,2,1,0,2,1,0,0,4.8811e-05,0.006291001,3.724e-06,0.006164432,7.8103e-05,0.004371862974949181,0.008025999006349593,0.0008660689927637577,0.00171200797194615,0.01656531495973468,12.4497875766,1.00879167201,0.0103106397462,0.11563860692372119,0.051567967383097664,0.12555771837735052
97,4,gmr_30mm,randomized,distant,False,True,,0.09779396001249552,0.10030127398204058,0.1186087709502317,0.09779396001249552,3,2,0,3,2,0,3,2,0,0,4.5986e-05,0.01019284,8.468e-06,0.009851054,0.000228822,0.004371862974949181,0.008025999006349593,0.0008660689927637577,0.00171200797194615,0.01656531495973468,7.13042953744,0.367147172375,0.0510476682066,0.14647452534180036,0.056776322113472937,0.11448599876473908
59,0,gmr_30mm,randomized,offset,False,True,,0.22446727799251676,0.22674861596897244,0.24523402098566294,0.22446727799251676,12,7,0,12,7,0,12,12,0,5,1.1676e-05,0.01186698,4.73e-06,0.011592239,0.000194483,0.0045858140219934285,0.008107672038022429,0.0008428100263699889,0.001737872022204101,0.01686486497055739,15.2414559393,1.28667558847,0.00529499611352,0.1223334470740544,0.053138457938559445,0.14065547859777647
59,0,reference_ik,randomized,offset,False,False,reference_edge_invalid,0.12604868202470243,0.12847157003125176,0.14695697504794225,6.0,0,0,0,0,0,0,0,0,0,0,0,0,0,0,0,0.0045858140219934285,0.008107672038022429,0.0008428100263699889,0.001737872022204101,0.01686486497055739,,,,,,
59,0,gmm,randomized,offset,False,True,,0.14012052601901814,0.14227066899184138,0.16075607400853187,0.14012052601901814,12,6,12,0,0,0,12,8,0,2,1.0075e-05,0.036094452,2.945e-06,0.035930671,6.4636e-05,0.0045858140219934285,0.008107672038022429,0.0008428100263699889,0.001737872022204101,0.01686486497055739,13.2814244941,1.20167327001,0.011869239048,0.12111373559085965,0.09966652964975604,0.1714590532244532
59,0,hybrid_30mm,randomized,offset,False,True,,0.1876396489678882,0.19104715203866363,0.20953255705535412,0.1876396489678882,15,5,6,9,5,0,15,13,0,8,2.6189e-05,0.029245768,7.515e-06,0.028740598,0.000304006,0.0045858140219934285,0.008107672038022429,0.0008428100263699889,0.001737872022204101,0.01686486497055739,12.8562295422,0.867624169176,0.0147466553717,0.061076126344702775,0.07139099723067265,0.1577772927837076
59,1,hybrid_30mm,randomized,offset,False,True,,0.11392583895940334,0.11691688396967947,0.13540228898636997,0.11392583895940334,1,1,1,0,0,0,1,1,0,0,4.8443e-05,0.002431479,3.278e-06,0.002273034,7.3081e-05,0.0045858140219934285,0.008107672038022429,0.0008428100263699889,0.001737872022204101,0.01686486497055739,9.25539351247,0.655530553332,0.0167177831369,0.1189983230339256,0.09917502371199513,0.18864095347559603
59,1,gmr_30mm,randomized,offset,False,True,,0.17189757799496874,0.17447421100223437,0.19295961601892486,0.17189757799496874,15,10,0,15,10,0,15,13,0,3,1.8041e-05,0.03220592,6.595e-06,0.031851997,0.00023599,0.0045858140219934285,0.008107672038022429,0.0008428100263699889,0.001737872022204101,0.01686486497055739,12.4205376587,0.684019280881,0.0207580593128,0.1006727820327828,0.031673393199969625,0.05660653933297864
59,1,gmm,randomized,offset,False,True,,0.13609246001578867,0.13872189196990803,0.15720729698659852,0.13609246001578867,2,1,2,0,0,0,2,2,0,1,4.8498e-05,0.007305491,4.502e-06,0.007081843,0.000118924,0.0045858140219934285,0.008107672038022429,0.0008428100263699889,0.001737872022204101,0.01686486497055739,9.90550830125,0.682065629768,0.016623372618,0.12286323471170574,0.07593621319506266,0.15018434088458
59,1,reference_ik,randomized,offset,False,False,reference_edge_invalid,0.1254496369510889,0.1281252300250344,0.1466106350417249,6.0,0,0,0,0,0,0,0,0,0,0,0,0,0,0,0,0.0045858140219934285,0.008107672038022429,0.0008428100263699889,0.001737872022204101,0.01686486497055739,,,,,,
59,2,reference_ik,randomized,offset,False,False,reference_edge_invalid,0.12868393200915307,0.13022369699319825,0.14870910200988874,6.0,0,0,0,0,0,0,0,0,0,0,0,0,0,0,0,0.0045858140219934285,0.008107672038022429,0.0008428100263699889,0.001737872022204101,0.01686486497055739,,,,,,
59,2,hybrid_30mm,randomized,offset,False,True,,0.161717351002153,0.16366618999745697,0.18215159501414746,0.161717351002153,4,2,0,4,2,0,4,4,0,2,4.924e-05,0.003396605,5.09e-06,0.003191928,0.000137576,0.0045858140219934285,0.008107672038022429,0.0008428100263699889,0.001737872022204101,0.01686486497055739,12.9398437052,0.989836654127,0.0279188847839,0.12459174865161092,0.055133767339238304,0.13682167653622204
59,2,gmr_30mm,randomized,offset,False,True,,0.15227274800417945,0.1553258670028299,0.1738112720195204,0.15227274800417945,23,14,0,23,14,0,23,22,0,8,5.725e-05,0.034119424,1.1538e-05,0.033394018,0.000525,0.0045858140219934285,0.008107672038022429,0.0008428100263699889,0.001737872022204101,0.01686486497055739,11.2745767294,0.93350919423,0.00259864836252,0.08030952962230589,0.04039378838298027,0.10715467478055118
59,2,gmm,randomized,offset,False,True,,0.16557100199861452,0.1682879360159859,0.1867733410326764,0.16557100199861452,3,3,3,0,0,0,3,3,0,0,4.4833e-05,0.007933953,5.388e-06,0.007595698,0.000153543,0.0045858140219934285,0.008107672038022429,0.0008428100263699889,0.001737872022204101,0.01686486497055739,13.5902158082,1.22140416188,0.00662549302936,0.09067223757127572,0.06385452798457637,0.1313274585752906
59,3,hybrid_30mm,randomized,offset,False,True,,0.16329971799859777,0.1662005510297604,0.18468595604645088,0.16329971799859777,6,4,1,5,4,0,6,6,0,2,2.4999e-05,0.008908633,7.37e-06,0.008376543,0.000373031,0.0045858140219934285,0.008107672038022429,0.0008428100263699889,0.001737872022204101,0.01686486497055739,12.4999221751,0.588721788398,0.0182832024578,0.11978272710894569,0.10896375664061723,0.20351402913635877
59,3,reference_ik,randomized,offset,False,False,reference_edge_invalid,0.13289405696559697,0.13502625899855047,0.15351166401524097,6.0,0,0,0,0,0,0,0,0,0,0,0,0,0,0,0,0.0045858140219934285,0.008107672038022429,0.0008428100263699889,0.001737872022204101,0.01686486497055739,,,,,,
59,3,gmr_30mm,randomized,offset,False,True,,0.08772179001243785,0.0898631020099856,0.10834850702667609,0.08772179001243785,26,18,0,26,18,0,26,26,0,8,6.559e-06,0.020919296,5.106e-06,0.020517963,0.000284824,0.0045858140219934285,0.008107672038022429,0.0008428100263699889,0.001737872022204101,0.01686486497055739,10.4932289017,0.536448888963,0.0184762198096,0.08312870451846162,0.02690104042376794,0.05317462592538479
59,3,gmm,randomized,offset,False,True,,0.2140602800063789,0.21742885297862813,0.23591425799531862,0.2140602800063789,11,7,11,0,0,0,11,10,0,3,3.3387e-05,0.019645326,5.397e-06,0.019117445,0.000281556,0.0045858140219934285,0.008107672038022429,0.0008428100263699889,0.001737872022204101,0.01686486497055739,15.5990173525,0.899650897519,0.0141578541653,0.12929049052472333,0.07961357060456686,0.13665062398046096
59,4,hybrid_30mm,randomized,offset,False,True,,0.14844469801755622,0.15111027198145166,0.16959567699814215,0.14844469801755622,16,8,5,11,7,0,16,12,0,4,5.1726e-05,0.031833962,8.047e-06,0.031592986,0.000122605,0.0045858140219934285,0.008107672038022429,0.0008428100263699889,0.001737872022204101,0.01686486497055739,13.2720695155,0.788535713395,0.0105492639231,0.06437672193804957,0.047584190621391735,0.09207140477310342
59,4,gmr_30mm,randomized,offset,False,True,,0.11563719995319843,0.11826154799200594,0.13674695300869644,0.11563719995319843,3,2,0,3,2,0,3,2,0,0,4.7886e-05,0.018091223,8.379e-06,0.017878971,0.000108119,0.0045858140219934285,0.008107672038022429,0.0008428100263699889,0.001737872022204101,0.01686486497055739,9.44929269362,0.634336589447,0.00171294417399,0.09120393366259705,0.047122625988060114,0.08950741539539152
59,4,gmm,randomized,offset,False,True,,0.25085996300913393,0.2535953519982286,0.2720807570149191,0.25085996300913393,26,15,26,0,0,0,26,23,0,8,0.000103736,0.049178289,8.267e-06,0.048237039,0.000539728,0.0045858140219934285,0.008107672038022429,0.0008428100263699889,0.001737872022204101,0.01686486497055739,18.4675841898,1.10631929766,0.0329950202539,0.12929049052472333,0.10322022810148633,0.17302160039185363
59,4,reference_ik,randomized,offset,False,False,reference_edge_invalid,0.13243825500831008,0.13456262298859656,0.15304802800528705,6.0,0,0,0,0,0,0,0,0,0,0,0,0,0,0,0,0.0045858140219934285,0.008107672038022429,0.0008428100263699889,0.001737872022204101,0.01686486497055739,,,,,,
88,0,gmr_30mm,randomized,distant,False,True,,0.1225553919794038,0.12441519100684673,0.14219123602379113,0.1225553919794038,4,3,0,4,3,0,4,4,0,1,5.1181e-05,0.007713488,1.1445e-05,0.007291876,0.000249398,0.004248517972882837,0.008030270982999355,0.000826189003419131,0.0017163499724119902,0.016398184990976006,11.127157861,0.781930682705,0.02934944369,0.1454190982622041,0.08047979434218265,0.14952885764720952
88,0,reference_ik,randomized,distant,False,False,reference_ik,0.06044557801214978,0.06259814096847549,0.0803741859854199,6.0,0,0,0,0,0,0,0,0,0,0,0,0,0,0,0,0.004248517972882837,0.008030270982999355,0.000826189003419131,0.0017163499724119902,0.016398184990976006,,,,,,
88,0,gmm,randomized,distant,False,True,,0.16147763596381992,0.16383434197632596,0.18161038699327037,0.16147763596381992,4,2,4,0,0,0,4,3,0,1,3.4167e-05,0.00861063,3.206e-06,0.008341286,0.000124549,0.004248517972882837,0.008030270982999355,0.000826189003419131,0.0017163499724119902,0.016398184990976006,12.9460194031,1.16087478917,0.112765854757,0.149757032521374,0.13626669513108994,0.21717108513755917
88,0,hybrid_30mm,randomized,distant,False,True,,0.12155642599100247,0.12407382903620601,0.14184987405315042,0.12155642599100247,9,5,2,7,4,0,9,8,0,3,4.6704e-05,0.01449007,1.158e-05,0.013993176,0.000329339,0.004248517972882837,0.008030270982999355,0.000826189003419131,0.0017163499724119902,0.016398184990976006,11.7654176895,0.927562286119,0.0229299061544,0.10270403716663348,0.2089626605865102,0.2935724247061283
88,1,gmr_30mm,randomized,distant,False,True,,0.16882961499504745,0.17119903297862038,0.1889750779955648,0.16882961499504745,13,10,0,13,10,0,13,11,0,1,4.8448e-05,0.026906096,1.0794e-05,0.026311435,0.000402271,0.004248517972882837,0.008030270982999355,0.000826189003419131,0.0017163499724119902,0.016398184990976006,10.4686681567,0.86700159088,0.0607546007093,0.149757032521374,0.09739092625875154,0.26651195802130745
88,1,hybrid_30mm,randomized,distant,False,True,,0.1592070700135082,0.16201555699808523,0.17979160201502964,0.1592070700135082,14,10,1,13,9,0,14,13,0,3,2.9006e-05,0.023741844,9.46e-06,0.02321544,0.000369972,0.004248517972882837,0.008030270982999355,0.000826189003419131,0.0017163499724119902,0.016398184990976006,10.1250671942,0.689398863935,0.0020558436146,0.1088662864473344,0.037376787249932035,0.08495512518429459
88,1,gmm,randomized,distant,False,True,,0.20618706103414297,0.20941730099730194,0.22719334601424634,0.20618706103414297,4,4,4,0,0,0,4,4,0,0,2.7669e-05,0.009645517,4.206e-06,0.009334605,0.000156203,0.004248517972882837,0.008030270982999355,0.000826189003419131,0.0017163499724119902,0.016398184990976006,15.612416424,1.02331286817,0.0864364696888,0.149757032521374,0.12203047988971154,0.2094182578344579
88,1,reference_ik,randomized,distant,False,False,reference_ik,0.05986388400197029,0.0621116459951736,0.07988769101211801,6.0,0,0,0,0,0,0,0,0,0,0,0,0,0,0,0,0.004248517972882837,0.008030270982999355,0.000826189003419131,0.0017163499724119902,0.016398184990976006,,,,,,
88,2,hybrid_30mm,randomized,distant,False,True,,0.1752676609903574,0.1775623689754866,0.19533841399243101,0.1752676609903574,14,10,1,13,10,0,14,12,0,2,7.885e-05,0.03263893,1.6566e-05,0.031830908,0.00052329,0.004248517972882837,0.008030270982999355,0.000826189003419131,0.0017163499724119902,0.016398184990976006,9.77570142817,0.639769273698,0.00256007213068,0.09416228619881264,0.0327201097461069,0.08524742133187399
88,2,reference_ik,randomized,distant,False,False,reference_ik,0.061584701994434,0.06423069001175463,0.08200673502869904,6.0,0,0,0,0,0,0,0,0,0,0,0,0,0,0,0,0.004248517972882837,0.008030270982999355,0.000826189003419131,0.0017163499724119902,0.016398184990976006,,,,,,
88,2,gmm,randomized,distant,False,True,,0.07257508300244808,0.07453186000930145,0.09230790502624586,0.07257508300244808,4,3,4,0,0,0,4,3,0,0,4.647e-05,0.013013848,6.005e-06,0.012362912,0.000458456,0.004248517972882837,0.008030270982999355,0.000826189003419131,0.0017163499724119902,0.016398184990976006,3.95326079841,0.494335220144,0.00370800992624,0.11637359564716435,0.059411598977238834,0.11442025577150222
88,2,gmr_30mm,randomized,distant,False,True,,0.12188674398930743,0.12512111995602027,0.14289716497296467,0.12188674398930743,6,3,0,6,3,0,6,3,0,0,7.048e-06,0.022026059,2.709e-06,0.021940424,4.8347e-05,0.004248517972882837,0.008030270982999355,0.000826189003419131,0.0017163499724119902,0.016398184990976006,13.4290802392,1.24533906975,0.0885848611941,0.149757032521374,0.1486442684746259,0.24045693176741043
88,3,gmm,randomized,distant,False,True,,0.03705302899470553,0.039877963019534945,0.057654008036479354,0.03705302899470553,1,1,1,0,0,0,1,1,0,0,6.164e-06,0.000601987,1.854e-06,0.000544599,3.0633e-05,0.004248517972882837,0.008030270982999355,0.000826189003419131,0.0017163499724119902,0.016398184990976006,3.5601212919,0.461033276172,0.0136085666428,0.11254418376919888,0.0903230943648027,0.12256362326616688
88,3,hybrid_30mm,randomized,distant,False,True,,0.14111082401359454,0.14404221600852907,0.16181826102547348,0.14111082401359454,1,1,1,0,0,0,1,1,0,0,3.4342e-05,0.001995412,2.967e-06,0.001871138,6.0414e-05,0.004248517972882837,0.008030270982999355,0.000826189003419131,0.0017163499724119902,0.016398184990976006,13.0269916611,1.14106535288,0.108787129393,0.149757032521374,0.16524921753999952,0.23815510896547454
88,3,reference_ik,randomized,distant,False,False,reference_ik,0.061536219029221684,0.06426386098610237,0.08203990600304678,6.0,0,0,0,0,0,0,0,0,0,0,0,0,0,0,0,0.004248517972882837,0.008030270982999355,0.000826189003419131,0.0017163499724119902,0.016398184990976006,,,,,,
88,3,gmr_30mm,randomized,distant,False,True,,0.25259303802158684,0.25578402099199593,0.27356006600894034,0.25259303802158684,8,5,0,8,5,0,8,7,0,2,4.9252e-05,0.011005623,1.0633e-05,0.010585557,0.000253749,0.004248517972882837,0.008030270982999355,0.000826189003419131,0.0017163499724119902,0.016398184990976006,17.9242283833,1.17624207932,0.0052516659826,0.09211459446903712,0.09128721484818648,0.17945827879997425
88,4,gmm,randomized,distant,False,True,,0.07419201300945133,0.0768436049693264,0.09461964998627082,0.07419201300945133,1,1,1,0,0,0,1,1,0,0,1.1117e-05,0.001046482,1.022e-06,0.000950676,7.8397e-05,0.004248517972882837,0.008030270982999355,0.000826189003419131,0.0017163499724119902,0.016398184990976006,11.7605894852,0.874630752192,0.0256343941665,0.10206635938136187,0.19475175384528726,0.26489031487294573
88,4,hybrid_30mm,randomized,distant,False,True,,0.26116523903328925,0.2642785190255381,0.2820545640424825,0.26116523903328925,10,6,2,8,5,0,10,10,0,4,4.7542e-05,0.012339658,7.827e-06,0.012100043,0.000141363,0.004248517972882837,0.008030270982999355,0.000826189003419131,0.0017163499724119902,0.016398184990976006,18.1128220331,1.44180271125,0.0572589451689,0.13361764140342253,0.09494220549641444,0.26699508773973485
88,4,reference_ik,randomized,distant,False,False,reference_ik,0.06292542099254206,0.06562789698364213,0.08340394200058654,6.0,0,0,0,0,0,0,0,0,0,0,0,0,0,0,0,0.004248517972882837,0.008030270982999355,0.000826189003419131,0.0017163499724119902,0.016398184990976006,,,,,,
88,4,gmr_30mm,randomized,distant,False,True,,0.09833334397990257,0.10074143501697108,0.11851748003391549,0.09833334397990257,1,1,0,1,1,0,1,1,0,0,4.0394e-05,0.001863461,3.369e-06,0.001754769,6.6015e-05,0.004248517972882837,0.008030270982999355,0.000826189003419131,0.0017163499724119902,0.016398184990976006,11.3445789475,0.699192953232,0.00443051377179,0.11498197219662568,0.04120933865124103,0.08408214043402154
0,0,hybrid_30mm,legacy,open,False,True,,0.09283872798550874,0.09578087896807119,0.13018364092567936,0.09283872798550874,2,1,1,1,1,0,2,1,0,0,5.3156e-05,0.006511867,4.592e-06,0.006366458,6.6159e-05,0.009460618020966649,0.008096621022559702,0.010978619975503534,0.001713050005491823,0.031880312017165124,8.97291439057,0.582689559713,0.116609100063,0.34080867915074337,0.0640252756159913,0.10233500324123844
0,0,gmm,legacy,open,False,True,,0.10615790099836886,0.1085480289766565,0.14295079093426466,0.10615790099836886,1,1,1,0,0,0,1,1,0,0,6.412e-06,0.000437505,8.66e-07,0.000414093,9.911e-06,0.009460618020966649,0.008096621022559702,0.010978619975503534,0.001713050005491823,0.031880312017165124,13.8970951452,1.35823443597,0.115426503171,0.2665644546571835,0.12107483627536245,0.2915886656728418
0,0,reference_ik,legacy,open,False,True,,0.1456418979796581,0.1486951489932835,0.18309791095089167,0.1456418979796581,0,0,0,0,0,0,0,0,0,0,0,0,0,0,0,0.009460618020966649,0.008096621022559702,0.010978619975503534,0.001713050005491823,0.031880312017165124,5.44496161552,0.807512704593,0.0987693722536,0.24240520531164592,0.008496696494361891,0.10069478093458473
0,0,gmr_30mm,legacy,open,False,True,,0.09116429701680318,0.09329923201585189,0.12770199397346005,0.09116429701680318,1,1,0,1,1,0,1,1,0,0,6.0281e-05,0.00397064,3.55e-06,0.003828975,9.0519e-05,0.009460618020966649,0.008096621022559702,0.010978619975503534,0.001713050005491823,0.031880312017165124,7.50629333717,0.598353155081,0.0807275149033,0.2608236502405759,0.0701812609030976,0.1404088123697395
0,1,gmm,legacy,open,False,True,,0.13799901504535228,0.1406793119967915,0.17508207395439968,0.13799901504535228,3,1,3,0,0,0,3,2,0,1,4.8547e-05,0.008064053,4.15e-06,0.007959839,3.7032e-05,0.009460618020966649,0.008096621022559702,0.010978619975503534,0.001713050005491823,0.031880312017165124,12.3126777855,0.706807500782,0.114911109805,0.344947817287926,0.09700943442981913,0.1659122763804969
0,1,reference_ik,legacy,open,False,True,,0.14619887800654396,0.148904554953333,0.18330731691094115,0.14619887800654396,0,0,0,0,0,0,0,0,0,0,0,0,0,0,0,0.009460618020966649,0.008096621022559702,0.010978619975503534,0.001713050005491823,0.031880312017165124,5.44496161552,0.807512704593,0.0987693722536,0.24240520531164592,0.008496696494361891,0.10069478093458473
0,1,hybrid_30mm,legacy,open,False,True,,0.15250920201651752,0.15525177802192047,0.18965453997952864,0.15250920201651752,1,1,0,1,1,0,1,1,0,0,5.1263e-05,0.00167123,5.291e-06,0.001527655,9.0611e-05,0.009460618020966649,0.008096621022559702,0.010978619975503534,0.001713050005491823,0.031880312017165124,11.2566389564,0.850701743273,0.0894977815891,0.23079610033003414,0.08713845817289981,0.1648423890445893
0,1,gmr_30mm,legacy,open,False,True,,0.1109603620134294,0.11324790702201426,0.14765066897962242,0.1109603620134294,1,1,0,1,1,0,1,1,0,0,4.5204e-05,0.004554329,5.392e-06,0.004400921,8.2225e-05,0.009460618020966649,0.008096621022559702,0.010978619975503534,0.001713050005491823,0.031880312017165124,3.96817897991,0.502321101755,0.137521866055,0.3962413381805375,0.07259849686086044,0.15563195294879126
0,2,gmm,legacy,open,False,True,,0.08750095899449661,0.09052726498339325,0.12493002694100142,0.08750095899449661,2,1,2,0,0,0,2,1,0,0,2.9588e-05,0.007884834,4.521e-06,0.0077376,5.7516e-05,0.009460618020966649,0.008096621022559702,0.010978619975503534,0.001713050005491823,0.031880312017165124,4.85742066129,0.535482725417,0.136981592252,0.35569611278638524,0.055677041347058955,0.11685507680222251
0,2,hybrid_30mm,legacy,open,False,True,,0.07127198699163273,0.07411806803429499,0.10852082999190316,0.07127198699163273,1,1,0,1,1,0,1,1,0,0,4.7605e-05,0.002375084,4.554e-06,0.002234139,8.8625e-05,0.009460618020966649,0.008096621022559702,0.010978619975503534,0.001713050005491823,0.031880312017165124,5.18694156189,0.586654662989,0.132928761666,0.22319203650698663,0.05738029803751466,0.11015405303060331
0,2,gmr_30mm,legacy,open,False,True,,0.07674039603443816,0.08007371099665761,0.11447647295426577,0.07674039603443816,2,1,0,2,1,0,2,1,0,0,2.4719e-05,0.018017345,3.881e-06,0.017955067,2.5184e-05,0.009460618020966649,0.008096621022559702,0.010978619975503534,0.001713050005491823,0.031880312017165124,10.0969485639,0.832134392729,0.116234983555,0.3939689720992117,0.10149231539176334,0.26988371528054506
0,2,reference_ik,legacy,open,False,True,,0.15024605300277472,0.1532437489950098,0.18764651095261797,0.15024605300277472,0,0,0,0,0,0,0,0,0,0,0,0,0,0,0,0.009460618020966649,0.008096621022559702,0.010978619975503534,0.001713050005491823,0.031880312017165124,5.44496161552,0.807512704593,0.0987693722536,0.24240520531164592,0.008496696494361891,0.10069478093458473
0,3,hybrid_30mm,legacy,open,False,True,,0.06097900401800871,0.06406467297347263,0.09846743493108079,0.06097900401800871,1,1,0,1,1,0,1,1,0,0,4.2593e-05,0.003215441,3.9e-06,0.003072376,9.6006e-05,0.009460618020966649,0.008096621022559702,0.010978619975503534,0.001713050005491823,0.031880312017165124,3.86502785433,0.601001752663,0.137984623455,0.2216854205195688,0.04049740571748108,0.10127570560496296
0,3,reference_ik,legacy,open,False,True,,0.14492359198629856,0.14770275901537389,0.18210552097298205,0.14492359198629856,0,0,0,0,0,0,0,0,0,0,0,0,0,0,0,0.009460618020966649,0.008096621022559702,0.010978619975503534,0.001713050005491823,0.031880312017165124,5.44496161552,0.807512704593,0.0987693722536,0.24240520531164592,0.008496696494361891,0.10069478093458473
0,3,gmm,legacy,open,False,True,,0.18067072401754558,0.18406137399142608,0.21846413594903424,0.18067072401754558,4,2,4,0,0,0,4,3,0,1,4.9894e-05,0.012403705,8.097e-06,0.011873017,0.00032728,0.009460618020966649,0.008096621022559702,0.010978619975503534,0.001713050005491823,0.031880312017165124,13.1546380606,0.860921474535,0.116322979811,0.3173883832634028,0.0746832445351808,0.11102574529369966
0,3,gmr_30mm,legacy,open,False,True,,0.06353060703258961,0.06690918799722567,0.10131194995483384,0.06353060703258961,2,1,0,2,1,0,2,2,0,1,1.2096e-05,0.000947394,1.938e-06,0.000893569,3.7011e-05,0.009460618020966649,0.008096621022559702,0.010978619975503534,0.001713050005491823,0.031880312017165124,6.50027055231,0.624141422259,0.137013942492,0.2658221064452379,0.05360019363603347,0.10065124577011479
0,4,hybrid_30mm,legacy,open,False,True,,0.09325896599330008,0.09615979599766433,0.1305625579552725,0.09325896599330008,1,1,1,0,0,0,1,1,0,0,1.0905e-05,0.00268585,1.152e-06,0.002638809,2.8047e-05,0.009460618020966649,0.008096621022559702,0.010978619975503534,0.001713050005491823,0.031880312017165124,14.2049860212,1.56812670263,0.00646765611554,0.24114650493531922,0.11110795001916862,0.26188751616022615
0,4,gmr_30mm,legacy,open,False,True,,0.06444864196237177,0.06767457898240536,0.10207734094001353,0.06444864196237177,1,1,0,1,1,0,1,1,0,0,1.2074e-05,0.002672016,1.464e-06,0.002635001,2.265e-05,0.009460618020966649,0.008096621022559702,0.010978619975503534,0.001713050005491823,0.031880312017165124,9.8047658926,0.677808851233,0.0614616122807,0.25672257506602303,0.062154834240739795,0.13327386712654737
0,4,gmm,legacy,open,False,True,,0.04792518698377535,0.05137219198513776,0.08577495394274592,0.04792518698377535,1,1,1,0,0,0,1,1,0,0,2.5958e-05,0.001167112,1.702e-06,0.001079577,4.5393e-05,0.009460618020966649,0.008096621022559702,0.010978619975503534,0.001713050005491823,0.031880312017165124,5.31052647603,0.77785773047,0.0644285840446,0.22438960155644042,0.06184301355423045,0.12983669762825606
0,4,reference_ik,legacy,open,False,True,,0.14373494597384706,0.14651123899966478,0.18091400095727295,0.14373494597384706,0,0,0,0,0,0,0,0,0,0,0,0,0,0,0,0.009460618020966649,0.008096621022559702,0.010978619975503534,0.001713050005491823,0.031880312017165124,5.44496161552,0.807512704593,0.0987693722536,0.24240520531164592,0.008496696494361891,0.10069478093458473
0,5,gmm,legacy,open,False,True,,0.0986347800353542,0.10160714999074116,0.13600991194834933,0.0986347800353542,4,3,4,0,0,0,4,4,0,1,2.3896e-05,0.006500123,4.372e-06,0.006152648,0.000200261,0.009460618020966649,0.008096621022559702,0.010978619975503534,0.001713050005491823,0.031880312017165124,11.2441337988,0.752451063221,0.0362747772191,0.41073090186929395,0.11828313400766689,0.17960395907116747
0,5,reference_ik,legacy,open,False,True,,0.1440476579591632,0.14747657399857417,0.18187933595618233,0.1440476579591632,0,0,0,0,0,0,0,0,0,0,0,0,0,0,0,0.009460618020966649,0.008096621022559702,0.010978619975503534,0.001713050005491823,0.031880312017165124,5.44496161552,0.807512704593,0.0987693722536,0.24240520531164592,0.008496696494361891,0.10069478093458473
0,5,hybrid_30mm,legacy,open,False,True,,0.13838699797634035,0.14132001798134297,0.17572277993895113,0.13838699797634035,1,1,0,1,1,0,1,1,0,0,2.9742e-05,0.00160522,4.914e-06,0.00142858,0.000105853,0.009460618020966649,0.008096621022559702,0.010978619975503534,0.001713050005491823,0.031880312017165124,12.3900054995,0.762964106501,0.0992242393932,0.2015777868859843,0.08981300904330064,0.13566793191814064
0,5,gmr_30mm,legacy,open,False,True,,0.1399989670026116,0.14334943605354056,0.17775219801114872,0.1399989670026116,2,1,0,2,1,0,2,2,0,1,5.2412e-05,0.006002882,7.523e-06,0.005816298,0.00011545,0.009460618020966649,0.008096621022559702,0.010978619975503534,0.001713050005491823,0.031880312017165124,13.3084353576,0.750996604455,0.104202069903,0.22676313711073,0.09053090228018121,0.1330949258043102
0,6,hybrid_30mm,legacy,open,False,True,,0.06527875701431185,0.0679664250346832,0.10236918699229136,0.06527875701431185,1,1,0,1,1,0,1,1,0,0,3.2947e-05,0.0035905,6.203e-06,0.00340794,0.000103888,0.009460618020966649,0.008096621022559702,0.010978619975503534,0.001713050005491823,0.031880312017165124,4.86941052464,0.64511159747,0.1271897991,0.28696422655919074,0.057014146431135476,0.10330178263545338
0,6,gmm,legacy,open,False,True,,0.10729119001189247,0.10963446600362659,0.14403722796123475,0.10729119001189247,1,1,1,0,0,0,1,1,0,0,1.1509e-05,0.004123351,1.353e-06,0.004079894,2.2313e-05,0.009460618020966649,0.008096621022559702,0.010978619975503534,0.001713050005491823,0.031880312017165124,11.8878737183,0.861987769935,0.0313888319562,0.45409875338784805,0.20488565128233438,0.2724368295023528
0,6,reference_ik,legacy,open,False,True,,0.1402245539939031,0.14261973998509347,0.17702250194270164,0.1402245539939031,0,0,0,0,0,0,0,0,0,0,0,0,0,0,0,0.009460618020966649,0.008096621022559702,0.010978619975503534,0.001713050005491823,0.031880312017165124,5.44496161552,0.807512704593,0.0987693722536,0.24240520531164592,0.008496696494361891,0.10069478093458473
0,6,gmr_30mm,legacy,open,False,True,,0.07485013001132756,0.07794415397802368,0.11234691593563184,0.07485013001132756,2,2,0,2,2,0,2,2,0,0,4.7895e-05,0.004658789,5.866e-06,0.004492961,8.3978e-05,0.009460618020966649,0.008096621022559702,0.010978619975503534,0.001713050005491823,0.031880312017165124,7.30626844067,0.572287985856,0.121069577082,0.31557052219345966,0.04715887044790503,0.10059085215998174
0,7,hybrid_30mm,legacy,open,False,True,,0.17245032597566023,0.17523102601990104,0.2096337879775092,0.17245032597566023,1,1,0,1,1,0,1,1,0,0,5.3776e-05,0.006391099,5.113e-06,0.006240665,9.2753e-05,0.009460618020966649,0.008096621022559702,0.010978619975503534,0.001713050005491823,0.031880312017165124,12.4199889613,0.702903073139,0.00193201018412,0.3515116813589312,0.08793144998146671,0.17230999762579519
0,7,gmm,legacy,open,False,True,,0.09279553103260696,0.09584517002804205,0.1302479319856502,0.09279553103260696,1,1,1,0,0,0,1,1,0,0,4.9484e-05,0.002053885,3.483e-06,0.001897093,7.0724e-05,0.009460618020966649,0.008096621022559702,0.010978619975503534,0.001713050005491823,0.031880312017165124,6.24375546297,0.646395111137,0.137823181697,0.4478907866138519,0.09266597337192349,0.21093558506792706
0,7,reference_ik,legacy,open,False,True,,0.1452070790110156,0.14805390598485246,0.18245666794246063,0.1452070790110156,0,0,0,0,0,0,0,0,0,0,0,0,0,0,0,0.009460618020966649,0.008096621022559702,0.010978619975503534,0.001713050005491823,0.031880312017165124,5.44496161552,0.807512704593,0.0987693722536,0.24240520531164592,0.008496696494361891,0.10069478093458473
0,7,gmr_30mm,legacy,open,False,True,,0.032392647000961006,0.035347233002539724,0.06974999496014789,0.032392647000961006,1,1,0,1,1,0,1,1,0,0,1.3857e-05,0.000322215,1.469e-06,0.000294015,1.3878e-05,0.009460618020966649,0.008096621022559702,0.010978619975503534,0.001713050005491823,0.031880312017165124,6.71357175717,0.560842954422,0.128689103775,0.3344030286690822,0.08095333161480127,0.14980088835639133
0,8,gmm,legacy,open,False,True,,0.03736593702342361,0.04013277404010296,0.07453553599771112,0.03736593702342361,1,1,1,0,0,0,1,1,0,0,2.7692e-05,0.000733953,2.126e-06,0.000630356,5.4626e-05,0.009460618020966649,0.008096621022559702,0.010978619975503534,0.001713050005491823,0.031880312017165124,3.32303738508,0.522015038835,0.137633378414,0.3381963471498861,0.07574029270844955,0.10332222383038799
0,8,gmr_30mm,legacy,open,False,True,,0.11903048900421709,0.12176723801530898,0.15616999997291714,0.11903048900421709,1,1,0,1,1,0,1,1,0,0,5.0168e-05,0.00107402,3.959e-06,0.000938968,8.02e-05,0.009460618020966649,0.008096621022559702,0.010978619975503534,0.001713050005491823,0.031880312017165124,4.30153060435,0.580405112281,0.138439273164,0.35160795917209603,0.055959562488904435,0.11301419314338508
0,8,reference_ik,legacy,open,False,True,,0.14554251095978543,0.14858495397493243,0.1829877159325406,0.14554251095978543,0,0,0,0,0,0,0,0,0,0,0,0,0,0,0,0.009460618020966649,0.008096621022559702,0.010978619975503534,0.001713050005491823,0.031880312017165124,5.44496161552,0.807512704593,0.0987693722536,0.24240520531164592,0.008496696494361891,0.10069478093458473
0,8,hybrid_30mm,legacy,open,False,True,,0.08932141400873661,0.0920539049548097,0.12645666691241786,0.08932141400873661,1,1,0,1,1,0,1,1,0,0,4.9323e-05,0.001456012,4.884e-06,0.001306863,9.5159e-05,0.009460618020966649,0.008096621022559702,0.010978619975503534,0.001713050005491823,0.031880312017165124,4.66968933275,0.639237816438,0.13740273231,0.22125358817075869,0.03958812207676027,0.10110951361369497
0,9,reference_ik,legacy,open,False,True,,0.1451994400122203,0.14801592798903584,0.182418689946644,0.1451994400122203,0,0,0,0,0,0,0,0,0,0,0,0,0,0,0,0.009460618020966649,0.008096621022559702,0.010978619975503534,0.001713050005491823,0.031880312017165124,5.44496161552,0.807512704593,0.0987693722536,0.24240520531164592,0.008496696494361891,0.10069478093458473
0,9,hybrid_30mm,legacy,open,False,True,,0.09401655197143555,0.09653506404720247,0.13093782600481063,0.09401655197143555,1,1,0,1,1,0,1,1,0,0,5.3428e-05,0.00460932,5.516e-06,0.004552579,1.8822e-05,0.009460618020966649,0.008096621022559702,0.010978619975503534,0.001713050005491823,0.031880312017165124,5.35286716927,0.523728225747,0.137737948683,0.2791695845051634,0.07323410554724254,0.10497461126619952
0,9,gmm,legacy,open,False,True,,0.12388753000413999,0.12672817602287978,0.16113093798048794,0.12388753000413999,1,1,1,0,0,0,1,1,0,0,5.1214e-05,0.003011019,3.224e-06,0.002839672,8.4216e-05,0.009460618020966649,0.008096621022559702,0.010978619975503534,0.001713050005491823,0.031880312017165124,11.9567141445,0.938208771426,0.11570489799,0.24003638039631497,0.09331747177696992,0.18396684231880084
0,9,gmr_30mm,legacy,open,False,True,,0.16868967696791515,0.1717508250148967,0.20615358697250485,0.16868967696791515,2,1,0,2,1,0,2,1,0,0,4.7639e-05,0.00553592,4.564e-06,0.00548029,1.8588e-05,0.009460618020966649,0.008096621022559702,0.010978619975503534,0.001713050005491823,0.031880312017165124,12.2162462177,0.730678105789,0.0945415618081,0.2155558566080227,0.08722833204345008,0.146514830785189
80,0,gmr_30mm,randomized,offset,False,True,,0.0932588119758293,0.09521332598524168,0.11495368898613378,0.0932588119758293,1,1,0,1,1,0,1,1,0,0,4.4089e-05,0.004943613,4.167e-06,0.004823551,7.1706e-05,0.004857236985117197,0.009108643978834152,0.0008689860114827752,0.0017303500208072364,0.018155319965444505,8.77454162561,0.676127398186,0.00568338324373,0.09954967526128264,0.042224837414146614,0.08461324637813387
80,0,hybrid_30mm,randomized,offset,False,True,,0.0712707219645381,0.0734480670071207,0.0931884300080128,0.0712707219645381,6,4,0,6,4,0,6,5,0,1,1.0998e-05,0.012265815,3.871e-06,0.012110758,0.000101147,0.004857236985117197,0.009108643978834152,0.0008689860114827752,0.0017303500208072364,0.018155319965444505,9.44491392736,0.69517234393,0.00530151042475,0.09954967526128264,0.06318077029785683,0.11057632020140697
80,0,gmm,randomized,offset,False,True,,0.09350595803698525,0.09619673801353201,0.11593710101442412,0.09350595803698525,2,1,2,0,0,0,2,1,0,0,3.1481e-05,0.007148878,5.081e-06,0.006908287,0.00010051,0.004857236985117197,0.009108643978834152,0.0008689860114827752,0.0017303500208072364,0.018155319965444505,8.45158764733,0.686906653557,0.00566755260607,0.09954967526128264,0.12581041901717804,0.21590595119648978
80,0,reference_ik,randomized,offset,False,True,,0.21840608399361372,0.22093607299029827,0.24067643599119037,0.21840608399361372,0,0,0,0,0,0,0,0,0,0,0,0,0,0,0,0.004857236985117197,0.009108643978834152,0.0008689860114827752,0.0017303500208072364,0.018155319965444505,12.252130901,1.15498098513,0.0057807178393,0.09954967526128264,0.025119136414543573,0.09479383254951132
80,1,reference_ik,randomized,offset,False,True,,0.22669158497592434,0.22972191299777478,0.24946227599866688,0.22669158497592434,0,0,0,0,0,0,0,0,0,0,0,0,0,0,0,0.004857236985117197,0.009108643978834152,0.0008689860114827752,0.0017303500208072364,0.018155319965444505,12.252130901,1.15498098513,0.0057807178393,0.09954967526128264,0.025119136414543573,0.09479383254951132
80,1,gmr_30mm,randomized,offset,False,True,,0.07155040197540075,0.07390532497083768,0.09364568797172979,0.07155040197540075,3,1,0,3,1,0,3,2,0,1,2.1533e-05,0.013371114,3.074e-06,0.013214728,0.000121186,0.004857236985117197,0.009108643978834152,0.0008689860114827752,0.0017303500208072364,0.018155319965444505,8.21840144897,0.665855226156,0.00524677967872,0.09954967526128264,0.05193442953337623,0.10982169679916655
80,1,gmm,randomized,offset,False,True,,0.09727156301960349,0.09982725698500872,0.11956761998590082,0.09727156301960349,2,2,2,0,0,0,2,2,0,0,2.2112e-05,0.003418122,2.313e-06,0.003300753,6.2473e-05,0.004857236985117197,0.009108643978834152,0.0008689860114827752,0.0017303500208072364,0.018155319965444505,12.0586387951,0.85985140737,0.00127660430205,0.09954967526128264,0.07320728102644213,0.11869342657899053
80,1,hybrid_30mm,randomized,offset,False,True,,0.25765068299369887,0.26080296898726374,0.28054333198815584,0.25765068299369887,3,3,1,2,2,0,3,3,0,0,5.2426e-05,0.008046631,7.208e-06,0.007788168,0.000131801,0.004857236985117197,0.009108643978834152,0.0008689860114827752,0.0017303500208072364,0.018155319965444505,20.1675453077,1.80886928574,0.00607398142641,0.09954967526128264,0.13412047827748907,0.25023076940661554
80,2,hybrid_30mm,randomized,offset,False,True,,0.29579066403675824,0.2986624470213428,0.3184028100222349,0.29579066403675824,17,4,3,14,4,0,17,9,0,5,5.0297e-05,0.049162335,8.893e-06,0.048833458,0.00019975,0.004857236985117197,0.009108643978834152,0.0008689860114827752,0.0017303500208072364,0.018155319965444505,18.7746726233,1.34054294404,0.00588141784082,0.09954967526128264,0.07714298163040534,0.15738140057745592
80,2,reference_ik,randomized,offset,False,True,,0.22942942200461403,0.23194352502468973,0.25168388802558184,0.22942942200461403,0,0,0,0,0,0,0,0,0,0,0,0,0,0,0,0.004857236985117197,0.009108643978834152,0.0008689860114827752,0.0017303500208072364,0.018155319965444505,12.252130901,1.15498098513,0.0057807178393,0.09954967526128264,0.025119136414543573,0.09479383254951132
80,2,gmr_30mm,randomized,offset,False,True,,0.13709053600905463,0.14041986496886238,0.1601602279697545,0.13709053600905463,7,3,0,7,3,0,7,6,0,3,4.7871e-05,0.020737542,1.3309e-05,0.02019901,0.000362968,0.004857236985117197,0.009108643978834152,0.0008689860114827752,0.0017303500208072364,0.018155319965444505,10.3130627487,0.663495332253,0.00602493073886,0.09954967526128264,0.09234410717221088,0.19167012599141856
80,2,gmm,randomized,offset,False,True,,0.24437493202276528,0.24772080103866756,0.26746116403955966,0.24437493202276528,7,3,7,0,0,0,7,5,0,2,4.6741e-05,0.046724154,6.584e-06,0.046468205,0.000110494,0.004857236985117197,0.009108643978834152,0.0008689860114827752,0.0017303500208072364,0.018155319965444505,12.6358474407,1.12174053519,0.0056337961523,0.09954967526128264,0.061999360817993454,0.1166943679754281
80,3,gmm,randomized,offset,False,True,,0.06721958797425032,0.06943198101362213,0.08917234401451424,0.06721958797425032,2,2,2,0,0,0,2,2,0,0,1.0867e-05,0.001934994,1.659e-06,0.001812339,8.5869e-05,0.004857236985117197,0.009108643978834152,0.0008689860114827752,0.0017303500208072364,0.018155319965444505,6.22785297654,0.463148829756,0.00256122164698,0.083250353598973,0.09064573674043219,0.14203184357392928
80,3,gmr_30mm,randomized,offset,False,True,,0.07154927297960967,0.0738772900076583,0.0936176530085504,0.07154927297960967,2,1,0,2,1,0,2,1,0,0,3.3626e-05,0.006284044,7.656e-06,0.006122176,7.4435e-05,0.004857236985117197,0.009108643978834152,0.0008689860114827752,0.0017303500208072364,0.018155319965444505,6.3954234368,0.578499671117,0.0058983727682,0.09954967526128264,0.07997177774771581,0.14008803732992425
80,3,reference_ik,randomized,offset,False,True,,0.23313407198293135,0.23557520599570125,0.25531556899659336,0.23313407198293135,0,0,0,0,0,0,0,0,0,0,0,0,0,0,0,0.004857236985117197,0.009108643978834152,0.0008689860114827752,0.0017303500208072364,0.018155319965444505,12.252130901,1.15498098513,0.0057807178393,0.09954967526128264,0.025119136414543573,0.09479383254951132
80,3,hybrid_30mm,randomized,offset,False,True,,0.055616191995795816,0.057751939981244504,0.07749230298213661,0.055616191995795816,1,1,0,1,1,0,1,1,0,0,1.2176e-05,0.000406386,1.476e-06,0.000370436,2.2274e-05,0.004857236985117197,0.009108643978834152,0.0008689860114827752,0.0017303500208072364,0.018155319965444505,8.18765134867,0.664459382552,0.00541900557498,0.09954967526128264,0.05574146799738004,0.11115362696447266
80,4,gmr_30mm,randomized,offset,False,True,,0.12074622401269153,0.12315528898034245,0.14289565198123455,0.12074622401269153,7,4,0,7,4,0,7,4,0,0,4.1938e-05,0.017590367,4.097e-06,0.017461272,7.8795e-05,0.004857236985117197,0.009108643978834152,0.0008689860114827752,0.0017303500208072364,0.018155319965444505,8.94860989095,0.711260655082,0.00562741781224,0.09954967526128264,0.05133187199892013,0.11231474301200302
80,4,hybrid_30mm,randomized,offset,False,True,,0.23627209902042523,0.23908599198330194,0.25882635498419404,0.23627209902042523,20,11,4,16,9,0,20,16,0,5,4.9956e-05,0.035220255,1.291e-05,0.034528018,0.000490919,0.004857236985117197,0.009108643978834152,0.0008689860114827752,0.0017303500208072364,0.018155319965444505,13.4387481646,0.963865995306,0.00568977040256,0.09954967526128264,0.05733261006552808,0.14305557180489903
80,4,reference_ik,randomized,offset,False,True,,0.2207942209788598,0.2235201140283607,0.2432604770292528,0.2207942209788598,0,0,0,0,0,0,0,0,0,0,0,0,0,0,0,0.004857236985117197,0.009108643978834152,0.0008689860114827752,0.0017303500208072364,0.018155319965444505,12.252130901,1.15498098513,0.0057807178393,0.09954967526128264,0.025119136414543573,0.09479383254951132
80,4,gmm,randomized,offset,False,True,,0.11053966201143339,0.11303890199633315,0.13277926499722525,0.11053966201143339,4,2,4,0,0,0,4,2,0,0,4.6396e-05,0.023984004,8.029e-06,0.02358244,0.000133355,0.004857236985117197,0.009108643978834152,0.0008689860114827752,0.0017303500208072364,0.018155319965444505,6.61545952844,0.575452053498,0.00525479112129,0.09954631298155753,0.07128458817348735,0.11648346011049181
52,0,reference_ik,randomized,offset,False,False,endpoint_ik,0.0,0.0,0.022443312976974994,6.0,,,,,,,,,,,,,,,,0.007732322032097727,0.008084094035439193,0.0012979020248167217,0.0016851639957167208,0.02058432000922039,,,,,,
52,0,hybrid_30mm,randomized,offset,False,False,endpoint_ik,0.0,0.0,0.022443312976974994,6.0,,,,,,,,,,,,,,,,0.007732322032097727,0.008084094035439193,0.0012979020248167217,0.0016851639957167208,0.02058432000922039,,,,,,
52,0,gmr_30mm,randomized,offset,False,False,endpoint_ik,0.0,0.0,0.022443312976974994,6.0,,,,,,,,,,,,,,,,0.007732322032097727,0.008084094035439193,0.0012979020248167217,0.0016851639957167208,0.02058432000922039,,,,,,
52,0,gmm,randomized,offset,False,False,endpoint_ik,0.0,0.0,0.022443312976974994,6.0,,,,,,,,,,,,,,,,0.007732322032097727,0.008084094035439193,0.0012979020248167217,0.0016851639957167208,0.02058432000922039,,,,,,
52,1,hybrid_30mm,randomized,offset,False,False,endpoint_ik,0.0,0.0,0.022443312976974994,6.0,,,,,,,,,,,,,,,,0.007732322032097727,0.008084094035439193,0.0012979020248167217,0.0016851639957167208,0.02058432000922039,,,,,,
52,1,gmm,randomized,offset,False,False,endpoint_ik,0.0,0.0,0.022443312976974994,6.0,,,,,,,,,,,,,,,,0.007732322032097727,0.008084094035439193,0.0012979020248167217,0.0016851639957167208,0.02058432000922039,,,,,,
52,1,reference_ik,randomized,offset,False,False,endpoint_ik,0.0,0.0,0.022443312976974994,6.0,,,,,,,,,,,,,,,,0.007732322032097727,0.008084094035439193,0.0012979020248167217,0.0016851639957167208,0.02058432000922039,,,,,,
52,1,gmr_30mm,randomized,offset,False,False,endpoint_ik,0.0,0.0,0.022443312976974994,6.0,,,,,,,,,,,,,,,,0.007732322032097727,0.008084094035439193,0.0012979020248167217,0.0016851639957167208,0.02058432000922039,,,,,,
52,2,gmr_30mm,randomized,offset,False,False,endpoint_ik,0.0,0.0,0.022443312976974994,6.0,,,,,,,,,,,,,,,,0.007732322032097727,0.008084094035439193,0.0012979020248167217,0.0016851639957167208,0.02058432000922039,,,,,,
52,2,gmm,randomized,offset,False,False,endpoint_ik,0.0,0.0,0.022443312976974994,6.0,,,,,,,,,,,,,,,,0.007732322032097727,0.008084094035439193,0.0012979020248167217,0.0016851639957167208,0.02058432000922039,,,,,,
52,2,hybrid_30mm,randomized,offset,False,False,endpoint_ik,0.0,0.0,0.022443312976974994,6.0,,,,,,,,,,,,,,,,0.007732322032097727,0.008084094035439193,0.0012979020248167217,0.0016851639957167208,0.02058432000922039,,,,,,
52,2,reference_ik,randomized,offset,False,False,endpoint_ik,0.0,0.0,0.022443312976974994,6.0,,,,,,,,,,,,,,,,0.007732322032097727,0.008084094035439193,0.0012979020248167217,0.0016851639957167208,0.02058432000922039,,,,,,
52,3,reference_ik,randomized,offset,False,False,endpoint_ik,0.0,0.0,0.022443312976974994,6.0,,,,,,,,,,,,,,,,0.007732322032097727,0.008084094035439193,0.0012979020248167217,0.0016851639957167208,0.02058432000922039,,,,,,
52,3,hybrid_30mm,randomized,offset,False,False,endpoint_ik,0.0,0.0,0.022443312976974994,6.0,,,,,,,,,,,,,,,,0.007732322032097727,0.008084094035439193,0.0012979020248167217,0.0016851639957167208,0.02058432000922039,,,,,,
52,3,gmm,randomized,offset,False,False,endpoint_ik,0.0,0.0,0.022443312976974994,6.0,,,,,,,,,,,,,,,,0.007732322032097727,0.008084094035439193,0.0012979020248167217,0.0016851639957167208,0.02058432000922039,,,,,,
52,3,gmr_30mm,randomized,offset,False,False,endpoint_ik,0.0,0.0,0.022443312976974994,6.0,,,,,,,,,,,,,,,,0.007732322032097727,0.008084094035439193,0.0012979020248167217,0.0016851639957167208,0.02058432000922039,,,,,,
52,4,gmr_30mm,randomized,offset,False,False,endpoint_ik,0.0,0.0,0.022443312976974994,6.0,,,,,,,,,,,,,,,,0.007732322032097727,0.008084094035439193,0.0012979020248167217,0.0016851639957167208,0.02058432000922039,,,,,,
52,4,gmm,randomized,offset,False,False,endpoint_ik,0.0,0.0,0.022443312976974994,6.0,,,,,,,,,,,,,,,,0.007732322032097727,0.008084094035439193,0.0012979020248167217,0.0016851639957167208,0.02058432000922039,,,,,,
52,4,hybrid_30mm,randomized,offset,False,False,endpoint_ik,0.0,0.0,0.022443312976974994,6.0,,,,,,,,,,,,,,,,0.007732322032097727,0.008084094035439193,0.0012979020248167217,0.0016851639957167208,0.02058432000922039,,,,,,
52,4,reference_ik,randomized,offset,False,False,endpoint_ik,0.0,0.0,0.022443312976974994,6.0,,,,,,,,,,,,,,,,0.007732322032097727,0.008084094035439193,0.0012979020248167217,0.0016851639957167208,0.02058432000922039,,,,,,
7,0,gmr_30mm,randomized,central,False,True,,0.1666096220142208,0.16878840397112072,0.18691759300418198,0.1666096220142208,10,7,0,10,7,0,10,8,0,1,4.2693e-05,0.032432578,8.252e-06,0.032207419,0.000131359,0.004273529979400337,0.008070381009019911,0.0008674539858475327,0.0017312780255451798,0.016584590019192547,13.0670222035,1.18888537195,0.011140376485,0.0893320719591974,0.09435601000798127,0.2747601648375735
7,0,reference_ik,randomized,central,False,True,,0.1396394029725343,0.14235323498724028,0.16048242402030155,0.1396394029725343,0,0,0,0,0,0,0,0,0,0,0,0,0,0,0,0.004273529979400337,0.008070381009019911,0.0008674539858475327,0.0017312780255451798,0.016584590019192547,5.04275148008,0.73849791167,0.0478894073312,0.10837680847282857,0.006295171177227886,0.07549917073655518
7,0,gmm,randomized,central,False,True,,0.035415052028838545,0.03825211199000478,0.056381301023066044,0.035415052028838545,3,1,3,0,0,0,3,3,0,2,6.109e-06,0.00544049,1.663e-06,0.005330522,6.058e-05,0.004273529979400337,0.008070381009019911,0.0008674539858475327,0.0017312780255451798,0.016584590019192547,4.95679515455,0.647716426844,0.0226324493065,0.10473206769582082,0.05308129619556553,0.1167093125180585
7,0,hybrid_30mm,randomized,central,False,True,,0.19064874801551923,0.19312080700183287,0.21124999603489414,0.19064874801551923,1,1,0,1,1,0,1,1,0,0,4.7427e-05,0.003496059,5.2e-06,0.003287178,0.000157755,0.004273529979400337,0.008070381009019911,0.0008674539858475327,0.0017312780255451798,0.016584590019192547,14.0283427972,1.27841452816,0.056324416355,0.10818600724641285,0.1564780158346767,0.24352274405808302
7,1,gmm,randomized,central,False,True,,0.08515962702222168,0.0879301149980165,0.10605930403107777,0.08515962702222168,3,1,3,0,0,0,3,1,0,0,5.1211e-05,0.014401031,5.79e-06,0.014201967,6.378e-05,0.004273529979400337,0.008070381009019911,0.0008674539858475327,0.0017312780255451798,0.016584590019192547,6.68014694412,0.561954637295,0.0381598453785,0.09602128614742231,0.03194809025779972,0.0758156733328842
7,1,gmr_30mm,randomized,central,False,True,,0.12156931404024363,0.1244876419659704,0.14261683099903166,0.12156931404024363,4,3,0,4,3,0,4,4,0,1,4.8953e-05,0.005801028,6.305e-06,0.005481636,0.000215827,0.004273529979400337,0.008070381009019911,0.0008674539858475327,0.0017312780255451798,0.016584590019192547,5.51265554437,0.594616643833,0.000663359845375,0.10122164951738588,0.04086249159782121,0.07729640842950497
7,1,hybrid_30mm,randomized,central,False,True,,0.10853066499112174,0.11076341400621459,0.12889260303927585,0.10853066499112174,3,2,1,2,2,0,3,2,0,0,4.9194e-05,0.009724605,8.351e-06,0.009571974,4.43e-05,0.004273529979400337,0.008070381009019911,0.0008674539858475327,0.0017312780255451798,0.016584590019192547,6.4448332054,0.565548145404,0.0252398948316,0.10812100638121643,0.05453962589171775,0.09675068761769028
7,1,reference_ik,randomized,central,False,True,,0.14316829899325967,0.14587453799322248,0.16400372702628374,0.14316829899325967,0,0,0,0,0,0,0,0,0,0,0,0,0,0,0,0.004273529979400337,0.008070381009019911,0.0008674539858475327,0.0017312780255451798,0.016584590019192547,5.04275148008,0.73849791167,0.0478894073312,0.10837680847282857,0.006295171177227886,0.07549917073655518
7,2,hybrid_30mm,randomized,central,False,True,,0.15296597202541307,0.15606781601672992,0.1741970050497912,0.15296597202541307,13,10,2,11,9,0,13,12,0,2,2.3599e-05,0.019972817,9.424e-06,0.019572853,0.000251248,0.004273529979400337,0.008070381009019911,0.0008674539858475327,0.0017312780255451798,0.016584590019192547,16.0876576654,1.48818140925,0.028576999386,0.12607200617931702,0.10586707750209859,0.2660505627069642
7,2,gmr_30mm,randomized,central,False,True,,0.1417045799898915,0.14438815595349297,0.16251734498655424,0.1417045799898915,2,2,0,2,2,0,2,2,0,0,1.1499e-05,0.001135038,2.665e-06,0.001087671,2.5074e-05,0.004273529979400337,0.008070381009019911,0.0008674539858475327,0.0017312780255451798,0.016584590019192547,14.1978638263,0.832296167605,0.0165017730045,0.12598557153489331,0.08186909823341437,0.18211743694645036
7,2,gmm,randomized,central,False,True,,0.1619568490423262,0.16528821201063693,0.1834174010436982,0.1619568490423262,8,4,8,0,0,0,8,6,0,2,4.8376e-05,0.024672154,5.728e-06,0.02435411,0.000125689,0.004273529979400337,0.008070381009019911,0.0008674539858475327,0.0017312780255451798,0.016584590019192547,13.2690723234,1.13566346101,0.0668142124424,0.15700471807516792,0.11509691597087614,0.2641777905855686
7,2,reference_ik,randomized,central,False,True,,0.13990801403997466,0.14265909796813503,0.1607882870011963,0.13990801403997466,0,0,0,0,0,0,0,0,0,0,0,0,0,0,0,0.004273529979400337,0.008070381009019911,0.0008674539858475327,0.0017312780255451798,0.016584590019192547,5.04275148008,0.73849791167,0.0478894073312,0.10837680847282857,0.006295171177227886,0.07549917073655518
7,3,gmm,randomized,central,False,True,,0.09588885604171082,0.0985192820080556,0.11664847104111686,0.09588885604171082,2,1,2,0,0,0,2,2,0,1,3.4497e-05,0.00372936,3.01e-06,0.003529885,0.000105934,0.004273529979400337,0.008070381009019911,0.0008674539858475327,0.0017312780255451798,0.016584590019192547,7.75521617062,0.549997052022,0.00344173530709,0.0798014702732921,0.03399935438665494,0.07570854623557192
7,3,gmr_30mm,randomized,central,False,True,,0.14589806797448546,0.1488647800288163,0.16699396906187758,0.14589806797448546,2,1,0,2,1,0,2,1,0,0,4.9477e-05,0.007852094,8.738e-06,0.007709534,6.7799e-05,0.004273529979400337,0.008070381009019911,0.0008674539858475327,0.0017312780255451798,0.016584590019192547,7.86518126007,0.561211685115,0.0162780316829,0.08846871460381794,0.032737041576617575,0.07517453873907783
7,3,reference_ik,randomized,central,False,True,,0.14158841402968392,0.14450437703635544,0.1626335660694167,0.14158841402968392,0,0,0,0,0,0,0,0,0,0,0,0,0,0,0,0.004273529979400337,0.008070381009019911,0.0008674539858475327,0.0017312780255451798,0.016584590019192547,5.04275148008,0.73849791167,0.0478894073312,0.10837680847282857,0.006295171177227886,0.07549917073655518
7,3,hybrid_30mm,randomized,central,False,True,,0.17248536000261083,0.17593357502482831,0.19406276405788958,0.17248536000261083,2,1,2,0,0,0,2,2,0,1,4.9995e-05,0.010468673,5.072e-06,0.009945712,0.000371329,0.004273529979400337,0.008070381009019911,0.0008674539858475327,0.0017312780255451798,0.016584590019192547,13.0856837181,0.851748730149,0.011887555356,0.0819935143180223,0.08120305167135856,0.19204165324896552
7,4,hybrid_30mm,randomized,central,False,True,,0.1959334799903445,0.19912512000882998,0.21725430904189125,0.1959334799903445,9,9,3,6,6,0,9,9,0,0,1.0812e-05,0.012302193,5.946e-06,0.012017588,0.000170633,0.004273529979400337,0.008070381009019911,0.0008674539858475327,0.0017312780255451798,0.016584590019192547,14.058586422,0.870185073132,0.0221019785908,0.12112248699035388,0.04614595614237737,0.0833601522847666
7,4,gmm,randomized,central,False,True,,0.04484193795360625,0.047387817001435906,0.06551700603449717,0.04484193795360625,1,1,1,0,0,0,1,1,0,0,2.9586e-05,0.000932874,1.921e-06,0.00084813,3.9775e-05,0.004273529979400337,0.008070381009019911,0.0008674539858475327,0.0017312780255451798,0.016584590019192547,5.83936723557,0.600152596144,0.0594973584597,0.11459307790099318,0.03956268426022131,0.07434863715365331
7,4,reference_ik,randomized,central,False,True,,0.14082447899272665,0.14365996699780226,0.16178915603086352,0.14082447899272665,0,0,0,0,0,0,0,0,0,0,0,0,0,0,0,0.004273529979400337,0.008070381009019911,0.0008674539858475327,0.0017312780255451798,0.016584590019192547,5.04275148008,0.73849791167,0.0478894073312,0.10837680847282857,0.006295171177227886,0.07549917073655518
7,4,gmr_30mm,randomized,central,False,True,,0.16220636904472485,0.16468444297788665,0.1828136320109479,0.16220636904472485,1,1,0,1,1,0,1,1,0,0,4.833e-05,0.002292516,4.377e-06,0.002135943,0.000103447,0.004273529979400337,0.008070381009019911,0.0008674539858475327,0.0017312780255451798,0.016584590019192547,12.2184132147,0.755329275939,0.0443652357989,0.10948912037972122,0.0709211690053617,0.15686638772688702
82,0,hybrid_30mm,randomized,offset,False,True,,0.0820106360479258,0.08422057301504537,0.10315561102470383,0.0820106360479258,4,3,0,4,3,0,4,3,0,0,4.6253e-05,0.015180482,6.033e-06,0.014936065,0.000156803,0.004180825955700129,0.009185852017253637,0.0008315760060213506,0.0016855959547683597,0.017457598994951695,7.8627792184,0.555278248986,0.000748105698433,0.1380501238910236,0.026850531280464156,0.04412847222593098
82,0,reference_ik,randomized,offset,False,True,,0.13043635798385367,0.13304560899268836,0.1519806470023468,0.13043635798385367,0,0,0,0,0,0,0,0,0,0,0,0,0,0,0,0.004180825955700129,0.009185852017253637,0.0008315760060213506,0.0016855959547683597,0.017457598994951695,4.44485818426,0.69894567534,0.000858669285903,0.13814058094771564,0.002803120811625501,0.03929345204700778
82,0,gmm,randomized,offset,False,True,,0.09226363396737725,0.09572548803407699,0.11466052604373544,0.09226363396737725,3,2,3,0,0,0,3,2,0,0,1.7467e-05,0.009187821,2.984e-06,0.009095956,3.1274e-05,0.004180825955700129,0.009185852017253637,0.0008315760060213506,0.0016855959547683597,0.017457598994951695,10.7006185405,0.744993937178,0.000813417056611,0.13758515965409274,0.06807717304538993,0.11190484827915544
82,0,gmr_30mm,randomized,offset,False,True,,0.10229980503208935,0.10528009600238875,0.1242151340120472,0.10229980503208935,3,3,0,3,3,0,3,3,0,0,3.8898e-05,0.003739899,2.777e-06,0.00364486,5.6554e-05,0.004180825955700129,0.009185852017253637,0.0008315760060213506,0.0016855959547683597,0.017457598994951695,4.12165582918,0.569998437059,0.00102715401584,0.12215031404719186,0.02783529246928599,0.05672716071516948
82,1,gmm,randomized,offset,False,True,,0.0904973879805766,0.09349320305045694,0.1124282410601154,0.0904973879805766,9,4,9,0,0,0,9,5,0,1,4.7432e-05,0.031619937,8.247e-06,0.031340585,9.7554e-05,0.004180825955700129,0.009185852017253637,0.0008315760060213506,0.0016855959547683597,0.017457598994951695,6.75922443539,0.575751551046,0.000364525792862,0.12817069634865272,0.042841694185269744,0.06115547027805508
82,1,reference_ik,randomized,offset,False,True,,0.13299834000645205,0.13625491899438202,0.15518995700404048,0.13299834000645205,0,0,0,0,0,0,0,0,0,0,0,0,0,0,0,0.004180825955700129,0.009185852017253637,0.0008315760060213506,0.0016855959547683597,0.017457598994951695,4.44485818426,0.69894567534,0.000858669285903,0.13814058094771564,0.002803120811625501,0.03929345204700778
82,1,hybrid_30mm,randomized,offset,False,True,,0.18304627004545182,0.1860153460293077,0.20495038403896615,0.18304627004545182,12,7,1,11,7,0,12,11,0,4,4.8792e-05,0.022114859,9.488e-06,0.021673671,0.000288284,0.004180825955700129,0.009185852017253637,0.0008315760060213506,0.0016855959547683597,0.017457598994951695,13.0397138091,0.980908387686,0.000922735205032,0.10981787248061661,0.07362244695332422,0.11367272158715848
82,1,gmr_30mm,randomized,offset,False,True,,0.09498529700795189,0.09798380703432485,0.11691884504398331,0.09498529700795189,4,2,0,4,2,0,4,3,0,1,4.6768e-05,0.024762137,1.0321e-05,0.024461367,0.000165313,0.004180825955700129,0.009185852017253637,0.0008315760060213506,0.0016855959547683597,0.017457598994951695,4.54149548235,0.55725824417,0.000624859178463,0.11566072580506881,0.04662464449732432,0.08894974068838457
82,2,gmm,randomized,offset,False,True,,0.05043762503191829,0.05340257700299844,0.0723376150126569,0.05043762503191829,7,5,7,0,0,0,7,6,0,1,1.1089e-05,0.017273891,4.718e-06,0.016905231,0.000187503,0.004180825955700129,0.009185852017253637,0.0008315760060213506,0.0016855959547683597,0.017457598994951695,5.12628127648,0.576297682572,0.000366803212683,0.13789742029273877,0.03709911594316454,0.08373362720149466
82,2,gmr_30mm,randomized,offset,False,True,,0.1927215940086171,0.19595319300424308,0.21488823101390153,0.1927215940086171,14,11,0,14,11,0,14,14,0,3,4.9417e-05,0.01965573,1.178e-05,0.019211559,0.000284006,0.004180825955700129,0.009185852017253637,0.0008315760060213506,0.0016855959547683597,0.017457598994951695,12.3952462367,0.806290602918,0.0015269903328,0.13813322008517492,0.026829444877086262,0.07495585095503975
82,2,hybrid_30mm,randomized,offset,False,True,,0.10325081599876285,0.10628962802002206,0.12522466602968052,0.10325081599876285,5,4,0,5,4,0,5,5,0,1,1.1909e-05,0.003059559,2.632e-06,0.002944299,7.8646e-05,0.004180825955700129,0.009185852017253637,0.0008315760060213506,0.0016855959547683597,0.017457598994951695,12.4650173819,1.10526220642,0.00108925573049,0.07702485399083152,0.09238140292314864,0.20477427803772358
82,2,reference_ik,randomized,offset,False,True,,0.13195552595425397,0.13493234402267262,0.15386738203233108,0.13195552595425397,0,0,0,0,0,0,0,0,0,0,0,0,0,0,0,0.004180825955700129,0.009185852017253637,0.0008315760060213506,0.0016855959547683597,0.017457598994951695,4.44485818426,0.69894567534,0.000858669285903,0.13814058094771564,0.002803120811625501,0.03929345204700778
82,3,gmr_30mm,randomized,offset,False,True,,0.22208233101991937,0.2255699840025045,0.24450502201216295,0.22208233101991937,4,4,0,4,4,0,4,4,0,0,5.1221e-05,0.004985118,7.325e-06,0.004702673,0.000185715,0.004180825955700129,0.009185852017253637,0.0008315760060213506,0.0016855959547683597,0.017457598994951695,18.1752881062,1.27697095766,0.000959367756475,0.08800515174490381,0.10462367701635296,0.20033329839887495
82,3,gmm,randomized,offset,False,True,,0.1654045020113699,0.1682620050269179,0.18719704303657636,0.1654045020113699,6,4,6,0,0,0,6,5,0,1,5.6086e-05,0.013742634,6.377e-06,0.013387262,0.000169592,0.004180825955700129,0.009185852017253637,0.0008315760060213506,0.0016855959547683597,0.017457598994951695,11.6447788371,1.0097022095,0.000462399613527,0.07612789725396593,0.11001207215873722,0.20338162634182025
82,3,reference_ik,randomized,offset,False,True,,0.12939575099153444,0.132016254006885,0.15095129201654345,0.12939575099153444,0,0,0,0,0,0,0,0,0,0,0,0,0,0,0,0.004180825955700129,0.009185852017253637,0.0008315760060213506,0.0016855959547683597,0.017457598994951695,4.44485818426,0.69894567534,0.000858669285903,0.13814058094771564,0.002803120811625501,0.03929345204700778
82,3,hybrid_30mm,randomized,offset,False,True,,0.23893506900640205,0.2418775919941254,0.26081263000378385,0.23893506900640205,5,3,0,5,3,0,5,4,0,1,5.0102e-05,0.010859903,5.896e-06,0.010718723,7.2673e-05,0.004180825955700129,0.009185852017253637,0.0008315760060213506,0.0016855959547683597,0.017457598994951695,18.2499146677,1.64584855198,0.00121785586937,0.10045050796845156,0.09096359733083423,0.19577286612985173
82,4,gmm,randomized,offset,False,True,,0.13453638198552653,0.13729747000616044,0.1562325080158189,0.13453638198552653,1,1,1,0,0,0,1,1,0,0,4.876e-05,0.004949236,3.518e-06,0.004880828,1.4174e-05,0.004180825955700129,0.009185852017253637,0.0008315760060213506,0.0016855959547683597,0.017457598994951695,11.653500034,0.726766082889,0.000276824541785,0.13769859259848616,0.05079237068457204,0.1190763932208885
82,4,reference_ik,randomized,offset,False,True,,0.12987251701997593,0.13241816399386153,0.15135320200351998,0.12987251701997593,0,0,0,0,0,0,0,0,0,0,0,0,0,0,0,0.004180825955700129,0.009185852017253637,0.0008315760060213506,0.0016855959547683597,0.017457598994951695,4.44485818426,0.69894567534,0.000858669285903,0.13814058094771564,0.002803120811625501,0.03929345204700778
82,4,hybrid_30mm,randomized,offset,False,True,,0.11989286297466606,0.12249407696072012,0.14142911497037858,0.11989286297466606,1,1,0,1,1,0,1,1,0,0,1.5449e-05,0.002669802,1.59e-06,0.002607707,4.2968e-05,0.004180825955700129,0.009185852017253637,0.0008315760060213506,0.0016855959547683597,0.017457598994951695,14.0470226859,1.57199898821,0.000388526628709,0.0789198247052373,0.15195457828809159,0.23232506551115242
82,4,gmr_30mm,randomized,offset,False,True,,0.12330316298175603,0.12641955801518634,0.1453545960248448,0.12330316298175603,2,1,0,2,1,0,2,2,0,1,5.4836e-05,0.007672474,5.966e-06,0.007504859,0.000114972,0.004180825955700129,0.009185852017253637,0.0008315760060213506,0.0016855959547683597,0.017457598994951695,4.28858025892,0.487030617769,0.000378460758106,0.13856846247833093,0.02763976924442154,0.07559355414896161
98,0,gmr_30mm,randomized,distant,False,True,,0.08228888298617676,0.08448987995507196,0.10255947196856141,0.08228888298617676,1,1,0,1,1,0,1,1,0,0,3.515e-05,0.003524053,3.454e-06,0.003443971,4.4522e-05,0.004371958959382027,0.007922602992039174,0.0008166329935193062,0.0017116779927164316,0.016404967987909913,9.42751702894,0.669249592094,0.0247751542206,0.06864332180246926,0.05324923936907317,0.12315632549813608
98,0,gmm,randomized,distant,False,True,,0.12185898097231984,0.12469834898365662,0.14276794099714607,0.12185898097231984,1,1,1,0,0,0,1,1,0,0,4.7549e-05,0.002693984,3.254e-06,0.002540619,7.1474e-05,0.004371958959382027,0.007922602992039174,0.0008166329935193062,0.0017116779927164316,0.016404967987909913,10.1370486094,0.542685393923,0.0250521087956,0.06897004094150055,0.07405916903703665,0.1027171022959525
98,0,hybrid_30mm,randomized,distant,False,True,,0.13969641900621355,0.14205586398020387,0.16012545599369332,0.13969641900621355,1,1,0,1,1,0,1,1,0,0,2.8674e-05,0.001192487,3.238e-06,0.001095524,4.6274e-05,0.004371958959382027,0.007922602992039174,0.0008166329935193062,0.0017116779927164316,0.016404967987909913,12.2775110695,0.981049717614,0.0129534540583,0.05286704460304116,0.10925503759935504,0.23206216010182368
98,0,reference_ik,randomized,distant,False,True,,0.14085954701295123,0.14346909103915095,0.1615386830526404,0.14085954701295123,0,0,0,0,0,0,0,0,0,0,0,0,0,0,0,0.004371958959382027,0.007922602992039174,0.0008166329935193062,0.0017116779927164316,0.016404967987909913,5.65733013386,0.714597270349,0.0249496020542,0.06883033220987889,0.004076751424173456,0.04309347218484278
98,1,hybrid_30mm,randomized,distant,False,True,,0.08268269902328029,0.08563208300620317,0.10370167501969263,0.08268269902328029,1,1,1,0,0,0,1,1,0,0,4.9712e-05,0.00289741,3.753e-06,0.002725348,8.3131e-05,0.004371958959382027,0.007922602992039174,0.0008166329935193062,0.0017116779927164316,0.016404967987909913,7.27852292104,0.56907496015,0.0252453336519,0.06918934679831526,0.041187535678392805,0.09791688919114479
98,1,gmm,randomized,distant,False,True,,0.10329264402389526,0.10606814600760117,0.12413773802109063,0.10329264402389526,2,2,2,0,0,0,2,2,0,0,3.1786e-05,0.003974742,2.838e-06,0.003702723,0.000192998,0.004371958959382027,0.007922602992039174,0.0008166329935193062,0.0017116779927164316,0.016404967987909913,10.9407996282,0.870846552801,0.0251591072922,0.06901838245368197,0.11893992759746408,0.2000750747719982
98,1,gmr_30mm,randomized,distant,False,True,,0.2012290990096517,0.20345844596158713,0.22152803797507659,0.2012290990096517,5,3,0,5,3,0,5,4,0,1,2.8498e-05,0.010749473,3.793e-06,0.010661667,4.8048e-05,0.004371958959382027,0.007922602992039174,0.0008166329935193062,0.0017116779927164316,0.016404967987909913,13.8040702143,1.22910594999,0.024685803877,0.06858712794882801,0.14012938787366705,0.21385704324620108
98,1,reference_ik,randomized,distant,False,True,,0.14297974202781916,0.14559759403346106,0.16366718604695052,0.14297974202781916,0,0,0,0,0,0,0,0,0,0,0,0,0,0,0,0.004371958959382027,0.007922602992039174,0.0008166329935193062,0.0017116779927164316,0.016404967987909913,5.65733013386,0.714597270349,0.0249496020542,0.06883033220987889,0.004076751424173456,0.04309347218484278
98,2,gmm,randomized,distant,False,True,,0.15788888902170584,0.15998402802506462,0.17805362003855407,0.15788888902170584,4,2,4,0,0,0,4,3,0,1,3.4389e-05,0.012193603,8.518e-06,0.011706666,0.000239965,0.004371958959382027,0.007922602992039174,0.0008166329935193062,0.0017116779927164316,0.016404967987909913,12.9614161887,1.02414472895,0.0163176972404,0.05590137813271863,0.10092124144183683,0.25303991272135784
98,2,gmr_30mm,randomized,distant,False,True,,0.03493382997112349,0.037774019001517445,0.0558436110150069,0.03493382997112349,2,1,0,2,1,0,2,1,0,0,2.0657e-05,0.010036138,3.654e-06,0.009998601,1.3839e-05,0.004371958959382027,0.007922602992039174,0.0008166329935193062,0.0017116779927164316,0.016404967987909913,4.3346926718,0.526061423636,0.0253287641531,0.06917225713160144,0.043432897539277635,0.07821054684051934
98,2,reference_ik,randomized,distant,False,True,,0.14042249601334333,0.14280332904309034,0.1608729210565798,0.14042249601334333,0,0,0,0,0,0,0,0,0,0,0,0,0,0,0,0.004371958959382027,0.007922602992039174,0.0008166329935193062,0.0017116779927164316,0.016404967987909913,5.65733013386,0.714597270349,0.0249496020542,0.06883033220987889,0.004076751424173456,0.04309347218484278
98,2,hybrid_30mm,randomized,distant,False,True,,0.11907889001304284,0.12184383400017396,0.1399134260136634,0.11907889001304284,2,1,1,1,1,0,2,1,0,0,2.0223e-05,0.012578321,2.417e-06,0.012523012,2.4226e-05,0.004371958959382027,0.007922602992039174,0.0008166329935193062,0.0017116779927164316,0.016404967987909913,13.8551119011,1.34792306587,0.0123894099354,0.048689931640185334,0.10739431524202347,0.2840110293976569
98,3,gmm,randomized,distant,False,True,,0.08146236999891698,0.08406338799977675,0.1021329800132662,0.08146236999891698,2,1,2,0,0,0,2,1,0,0,1.1641e-05,0.006902582,2.573e-06,0.006829021,1.5892e-05,0.004371958959382027,0.007922602992039174,0.0008166329935193062,0.0017116779927164316,0.016404967987909913,8.93120282573,0.488947388876,0.0249754625079,0.0688556682042821,0.0767684097946286,0.12761943889202332
98,3,reference_ik,randomized,distant,False,True,,0.14314166398253292,0.14559113600989804,0.1636607280233875,0.14314166398253292,0,0,0,0,0,0,0,0,0,0,0,0,0,0,0,0.004371958959382027,0.007922602992039174,0.0008166329935193062,0.0017116779927164316,0.016404967987909913,5.65733013386,0.714597270349,0.0249496020542,0.06883033220987889,0.004076751424173456,0.04309347218484278
98,3,hybrid_30mm,randomized,distant,False,True,,0.12429440702544525,0.1274156189756468,0.14548521098913625,0.12429440702544525,1,1,0,1,1,0,1,1,0,0,4.6899e-05,0.002871932,5.062e-06,0.002699858,0.000103231,0.004371958959382027,0.007922602992039174,0.0008166329935193062,0.0017116779927164316,0.016404967987909913,10.309959694,0.760043887648,0.00289396852516,0.049997454112456034,0.08022066865027944,0.20478310768848595
98,3,gmr_30mm,randomized,distant,False,True,,0.10837878996971995,0.11172398901544511,0.12979358102893457,0.10837878996971995,3,3,0,3,3,0,3,3,0,0,3.0935e-05,0.006254859,5.284e-06,0.006034844,0.000134641,0.004371958959382027,0.007922602992039174,0.0008166329935193062,0.0017116779927164316,0.016404967987909913,12.6779081783,1.11401237527,0.00891433819115,0.04812291229429141,0.1132244688796507,0.26159532173406785
98,4,gmm,randomized,distant,False,True,,0.16884292097529396,0.17182672600029036,0.18989631801377982,0.16884292097529396,1,1,1,0,0,0,1,1,0,0,4.8952e-05,0.005001112,3.058e-06,0.004929288,1.5962e-05,0.004371958959382027,0.007922602992039174,0.0008166329935193062,0.0017116779927164316,0.016404967987909913,13.1677389512,0.69669494953,0.0250849164032,0.06893765825213391,0.03951882161069013,0.08526954800348556
98,4,gmr_30mm,randomized,distant,False,True,,0.16434201697120443,0.1670544899534434,0.18512408196693286,0.16434201697120443,3,3,0,3,3,0,3,3,0,0,4.6398e-05,0.019059541,6.921e-06,0.01881984,0.00014922,0.004371958959382027,0.007922602992039174,0.0008166329935193062,0.0017116779927164316,0.016404967987909913,10.484728525,0.825960399191,0.0244295489157,0.06828285215864424,0.07220559884628135,0.12943792371190618
98,4,hybrid_30mm,randomized,distant,False,True,,0.11402490199543536,0.11649552098242566,0.13456511299591511,0.11402490199543536,1,1,0,1,1,0,1,1,0,0,6.851e-05,0.00404663,5.54e-06,0.003848199,0.000129837,0.004371958959382027,0.007922602992039174,0.0008166329935193062,0.0017116779927164316,0.016404967987909913,8.63795460321,0.546785903424,0.0250492661466,0.06896081003853302,0.04930690198573331,0.08524491327307068
98,4,reference_ik,randomized,distant,False,True,,0.142006293986924,0.1445111429784447,0.16258073499193415,0.142006293986924,0,0,0,0,0,0,0,0,0,0,0,0,0,0,0,0.004371958959382027,0.007922602992039174,0.0008166329935193062,0.0017116779927164316,0.016404967987909913,5.65733013386,0.714597270349,0.0249496020542,0.06883033220987889,0.004076751424173456,0.04309347218484278
112,0,reference_ik,randomized,distant,False,True,,0.1359234229894355,0.1385578049812466,0.15678267000475898,0.1359234229894355,0,0,0,0,0,0,0,0,0,0,0,0,0,0,0,0.00442072405712679,0.008013807004317641,0.0008766910177655518,0.001712497032713145,0.016667987045366317,5.0382086611,0.725234620421,0.0572111305681,0.13472875583723287,0.003934113398203866,0.060091316003558014
112,0,gmr_30mm,randomized,distant,False,True,,0.08423885196680203,0.08621710300212726,0.10444196802563965,0.08423885196680203,1,1,0,1,1,0,1,1,0,0,1.2036e-05,0.000748024,1.605e-06,0.000713036,2.2492e-05,0.00442072405712679,0.008013807004317641,0.0008766910177655518,0.001712497032713145,0.016667987045366317,3.14306900514,0.497229279304,0.0127118452507,0.11045940661383913,0.05672254616646316,0.10037182860917146
112,0,hybrid_30mm,randomized,distant,False,True,,0.13107631099410355,0.13364274200284854,0.15186760702636093,0.13107631099410355,1,1,1,0,0,0,1,1,0,0,4.9448e-05,0.002285323,3.39e-06,0.002106143,7.4267e-05,0.00442072405712679,0.008013807004317641,0.0008766910177655518,0.001712497032713145,0.016667987045366317,9.36797259538,0.723784825006,0.0522326564733,0.13472875583723287,0.04241199206449518,0.08867080222892783
112,0,gmm,randomized,distant,False,True,,0.06880096899112687,0.07107327098492533,0.08929813600843772,0.06880096899112687,4,2,4,0,0,0,4,3,0,1,7.525e-06,0.009838243,2.825e-06,0.009654489,9.336e-05,0.00442072405712679,0.008013807004317641,0.0008766910177655518,0.001712497032713145,0.016667987045366317,7.80119721824,0.614558641171,0.0274968591212,0.13472875583723287,0.04984772118231514,0.0744499545753911
112,1,hybrid_30mm,randomized,distant,False,True,,0.19883278204360977,0.20161322597414255,0.21983809099765494,0.19883278204360977,10,8,0,10,8,0,10,9,0,1,1.2696e-05,0.009949955,5.187e-06,0.009746266,0.000130521,0.00442072405712679,0.008013807004317641,0.0008766910177655518,0.001712497032713145,0.016667987045366317,20.5208046882,1.26425885129,0.0200533032765,0.13472875583723287,0.05179757666177343,0.13184767004163628
112,1,reference_ik,randomized,distant,False,True,,0.13967408699681982,0.14235092495800927,0.16057578998152167,0.13967408699681982,0,0,0,0,0,0,0,0,0,0,0,0,0,0,0,0.00442072405712679,0.008013807004317641,0.0008766910177655518,0.001712497032713145,0.016667987045366317,5.0382086611,0.725234620421,0.0572111305681,0.13472875583723287,0.003934113398203866,0.060091316003558014
112,1,gmr_30mm,randomized,distant,False,True,,0.052437117032241076,0.05530140799237415,0.07352627301588655,0.052437117032241076,1,1,0,1,1,0,1,1,0,0,3.9422e-05,0.001471012,3.642e-06,0.001350033,7.4305e-05,0.00442072405712679,0.008013807004317641,0.0008766910177655518,0.001712497032713145,0.016667987045366317,4.95382962185,0.507281664432,0.0322477996391,0.13420624825755192,0.04003880284109026,0.08079087836152281
112,1,gmm,randomized,distant,False,True,,0.10791770101059228,0.11040999402757734,0.12863485905108973,0.10791770101059228,4,4,4,0,0,0,4,4,0,0,5.1422e-05,0.003040421,5.302e-06,0.002806482,0.000113567,0.00442072405712679,0.008013807004317641,0.0008766910177655518,0.001712497032713145,0.016667987045366317,5.9425669963,0.580254176055,0.0208364923246,0.12607803569530224,0.029121446930337278,0.05989812112401883
112,2,reference_ik,randomized,distant,False,True,,0.1357473370153457,0.13852196297375485,0.15674682799726725,0.1357473370153457,0,0,0,0,0,0,0,0,0,0,0,0,0,0,0,0.00442072405712679,0.008013807004317641,0.0008766910177655518,0.001712497032713145,0.016667987045366317,5.0382086611,0.725234620421,0.0572111305681,0.13472875583723287,0.003934113398203866,0.060091316003558014
112,2,hybrid_30mm,randomized,distant,False,True,,0.10437605500919744,0.10682187700876966,0.12504674203228205,0.10437605500919744,9,5,2,7,5,0,9,9,0,4,1.3706e-05,0.015756456,6.304e-06,0.015320325,0.000304609,0.00442072405712679,0.008013807004317641,0.0008766910177655518,0.001712497032713145,0.016667987045366317,12.2654142573,1.00732575387,0.0262398472566,0.11692031335233344,0.1730743198300995,0.25140222819628355
112,2,gmm,randomized,distant,False,True,,0.15250015899073333,0.15531972399912775,0.17354458902264014,0.15250015899073333,3,1,3,0,0,0,3,2,0,1,4.7493e-05,0.006395714,4.257e-06,0.006298858,2.9959e-05,0.00442072405712679,0.008013807004317641,0.0008766910177655518,0.001712497032713145,0.016667987045366317,12.2250796868,1.0778539382,0.0881508525125,0.13472875583723287,0.09992509666721683,0.16317910404176528
112,2,gmr_30mm,randomized,distant,False,True,,0.11277327797142789,0.11518398497719318,0.13340885000070557,0.11277327797142789,9,6,0,9,6,0,9,9,0,3,5.4431e-05,0.008039603,7.815e-06,0.007619826,0.000305654,0.00442072405712679,0.008013807004317641,0.0008766910177655518,0.001712497032713145,0.016667987045366317,10.8455356053,0.630109682446,0.0085681138101,0.11683298606036359,0.06191513134146279,0.11742308956413058
112,3,reference_ik,randomized,distant,False,True,,0.14304837898816913,0.14590948104159907,0.16413434606511146,0.14304837898816913,0,0,0,0,0,0,0,0,0,0,0,0,0,0,0,0.00442072405712679,0.008013807004317641,0.0008766910177655518,0.001712497032713145,0.016667987045366317,5.0382086611,0.725234620421,0.0572111305681,0.13472875583723287,0.003934113398203866,0.060091316003558014
112,3,gmr_30mm,randomized,distant,False,True,,0.19547261600382626,0.1984188859933056,0.216643751016818,0.19547261600382626,9,5,0,9,5,0,9,8,0,3,5.3549e-05,0.01946409,1.3934e-05,0.018792476,0.000450225,0.00442072405712679,0.008013807004317641,0.0008766910177655518,0.001712497032713145,0.016667987045366317,15.9090247069,1.30912869376,0.0531189730236,0.13472875583723287,0.04733575635995618,0.10722504292009961
112,3,gmm,randomized,distant,False,True,,0.1383922920213081,0.14128718798747286,0.15951205301098526,0.1383922920213081,2,1,2,0,0,0,2,1,0,0,5.2903e-05,0.021101637,6.116e-06,0.020889663,7.8595e-05,0.00442072405712679,0.008013807004317641,0.0008766910177655518,0.001712497032713145,0.016667987045366317,8.35657747793,0.669242463928,0.0286323825602,0.12365245105839295,0.0853318413348092,0.13670606886619793
112,3,hybrid_30mm,randomized,distant,False,True,,0.1909268880262971,0.1938731039990671,0.2120979690225795,0.1909268880262971,4,3,0,4,3,0,4,4,0,1,2.7716e-05,0.005725759,4.443e-06,0.005363808,0.000287302,0.00442072405712679,0.008013807004317641,0.0008766910177655518,0.001712497032713145,0.016667987045366317,12.8962650811,0.757329674409,0.065151997619,0.13472875583723287,0.04663553470887758,0.09134917006519164
112,4,hybrid_30mm,randomized,distant,False,True,,0.1302148419781588,0.1323814169736579,0.1506062819971703,0.1302148419781588,2,2,0,2,2,0,2,2,0,0,4.724e-05,0.003934017,6.573e-06,0.003586685,0.00022579,0.00442072405712679,0.008013807004317641,0.0008766910177655518,0.001712497032713145,0.016667987045366317,7.36063980677,0.588235446545,0.00937315218626,0.12106686452825059,0.04424360094692468,0.0847461560797614
112,4,reference_ik,randomized,distant,False,True,,0.14037716999882832,0.14268054196145386,0.16090540698496625,0.14037716999882832,0,0,0,0,0,0,0,0,0,0,0,0,0,0,0,0.00442072405712679,0.008013807004317641,0.0008766910177655518,0.001712497032713145,0.016667987045366317,5.0382086611,0.725234620421,0.0572111305681,0.13472875583723287,0.003934113398203866,0.060091316003558014
112,4,gmr_30mm,randomized,distant,False,True,,0.15277804102515802,0.15543620300013572,0.1736610680236481,0.15277804102515802,2,1,0,2,1,0,2,2,0,1,4.6496e-05,0.004074858,7.021e-06,0.003664127,0.000308485,0.00442072405712679,0.008013807004317641,0.0008766910177655518,0.001712497032713145,0.016667987045366317,9.48020904792,0.632871487955,0.0146807348584,0.12450504485706687,0.04515885848866014,0.08124224094082788
112,4,gmm,randomized,distant,False,True,,0.08584061299916357,0.08846114500192925,0.10668601002544165,0.08584061299916357,2,1,2,0,0,0,2,1,0,0,4.8928e-05,0.007259823,6.042e-06,0.007049847,7.8432e-05,0.00442072405712679,0.008013807004317641,0.0008766910177655518,0.001712497032713145,0.016667987045366317,5.65540292333,0.53423372162,0.00454692985557,0.11505692427974452,0.03868527429041441,0.08818075839796044
81,0,gmr_30mm,randomized,offset,False,True,,0.14527522498974577,0.1476526129990816,0.1666428130120039,0.14527522498974577,5,4,0,5,4,0,5,5,0,1,7.517e-06,0.002989804,2.034e-06,0.00281342,0.000138208,0.004857543972320855,0.008361743995919824,0.0008556940010748804,0.001714512996841222,0.01738165895221755,12.6777985568,1.24547371633,0.0253127106552,0.0755992038718063,0.12434121100332274,0.19331980779593289
81,0,hybrid_30mm,randomized,offset,False,True,,0.24928433098830283,0.2522991340374574,0.2712893340503797,0.24928433098830283,29,24,7,22,17,0,29,29,0,5,2.6722e-05,0.02339275,1.0438e-05,0.022600978,0.000517894,0.004857543972320855,0.008361743995919824,0.0008556940010748804,0.001714512996841222,0.01738165895221755,17.8897640205,1.08425076637,0.00864744137639,0.08166917188393384,0.035925842083352116,0.06772209420528533
81,0,reference_ik,randomized,offset,False,True,,0.13533444300992414,0.13812458899337798,0.15711478900630027,0.13533444300992414,0,0,0,0,0,0,0,0,0,0,0,0,0,0,0,0.004857543972320855,0.008361743995919824,0.0008556940010748804,0.001714512996841222,0.01738165895221755,4.76290596153,0.696312905782,0.00044131367993,0.06698237426505105,0.003017205255829762,0.05505688041409567
81,0,gmm,randomized,offset,False,True,,0.22668343898840249,0.22979493800085038,0.24878513801377267,0.22668343898840249,12,5,12,0,0,0,12,10,0,5,5.1098e-05,0.026190053,7.058e-06,0.025614629,0.000353748,0.004857543972320855,0.008361743995919824,0.0008556940010748804,0.001714512996841222,0.01738165895221755,15.4348020884,0.837888386485,0.0147242616492,0.09996550803044692,0.06139755477864276,0.13364221517850605
81,1,gmr_30mm,randomized,offset,False,True,,0.2272959239780903,0.22995246900245547,0.24894266901537776,0.2272959239780903,8,5,0,8,5,0,8,6,0,1,4.8538e-05,0.016314141,6.473e-06,0.016149381,8.8312e-05,0.004857543972320855,0.008361743995919824,0.0008556940010748804,0.001714512996841222,0.01738165895221755,17.3388384983,1.03028632456,0.00525776384581,0.08823799985729956,0.10623703367123015,0.21293726347760433
81,1,hybrid_30mm,randomized,offset,False,True,,0.12702705297851935,0.12941530102398247,0.14840550103690475,0.12702705297851935,4,1,0,4,1,0,4,2,0,1,4.6738e-05,0.012071569,5.092e-06,0.011969695,3.0413e-05,0.004857543972320855,0.008361743995919824,0.0008556940010748804,0.001714512996841222,0.01738165895221755,7.81267803107,0.545105195756,0.0168059617537,0.09996550803044692,0.057410876411989775,0.1665309919128466
81,1,reference_ik,randomized,offset,False,True,,0.13233106600819156,0.13478024600772187,0.15377044602064416,0.13233106600819156,0,0,0,0,0,0,0,0,0,0,0,0,0,0,0,0.004857543972320855,0.008361743995919824,0.0008556940010748804,0.001714512996841222,0.01738165895221755,4.76290596153,0.696312905782,0.00044131367993,0.06698237426505105,0.003017205255829762,0.05505688041409567
81,1,gmm,randomized,offset,False,True,,0.09312073898036033,0.09570345201063901,0.1146936520235613,0.09312073898036033,18,8,18,0,0,0,18,13,0,5,1.0225e-05,0.04497929,5.069e-06,0.044677749,0.000158121,0.004857543972320855,0.008361743995919824,0.0008556940010748804,0.001714512996841222,0.01738165895221755,9.63242391741,0.696349122758,0.0395182832663,0.09996550803044692,0.18186553458497756,0.27007470271332307
81,2,reference_ik,randomized,offset,False,True,,0.13341871101874858,0.13642566604539752,0.1554158660583198,0.13341871101874858,0,0,0,0,0,0,0,0,0,0,0,0,0,0,0,0.004857543972320855,0.008361743995919824,0.0008556940010748804,0.001714512996841222,0.01738165895221755,4.76290596153,0.696312905782,0.00044131367993,0.06698237426505105,0.003017205255829762,0.05505688041409567
81,2,gmm,randomized,offset,False,True,,0.03142189502250403,0.03410289197927341,0.053093091992195696,0.03142189502250403,4,1,4,0,0,0,4,3,0,2,1.1211e-05,0.007655354,1.686e-06,0.00757274,4.4911e-05,0.004857543972320855,0.008361743995919824,0.0008556940010748804,0.001714512996841222,0.01738165895221755,6.25114706572,0.558399858277,0.00934271961095,0.09350160215598308,0.04533724367421716,0.08482809023915736
81,2,gmr_30mm,randomized,offset,False,True,,0.18592152401106432,0.18899464298738167,0.20798484300030395,0.18592152401106432,4,3,0,4,3,0,4,4,0,1,4.8021e-05,0.007972222,1.0852e-05,0.007414716,0.000361537,0.004857543972320855,0.008361743995919824,0.0008556940010748804,0.001714512996841222,0.01738165895221755,12.7117401522,0.860648685005,0.0129567759698,0.07376016990401436,0.038372869109742754,0.06705627119889294
81,2,hybrid_30mm,randomized,offset,False,True,,0.21593842905713245,0.21916213096119463,0.23815233097411692,0.21593842905713245,27,22,6,21,18,0,27,26,0,4,4.781e-05,0.03258395,1.0259e-05,0.032052403,0.000333947,0.004857543972320855,0.008361743995919824,0.0008556940010748804,0.001714512996841222,0.01738165895221755,17.3854354987,1.31245795269,0.000377086986616,0.07361804680577728,0.07513451945907804,0.18341467559776276
81,3,gmm,randomized,offset,False,True,,0.1108170630177483,0.11342638003407046,0.13241658004699275,0.1108170630177483,6,5,6,0,0,0,6,5,0,0,7.243e-06,0.010525471,3.775e-06,0.010296549,9.8981e-05,0.004857543972320855,0.008361743995919824,0.0008556940010748804,0.001714512996841222,0.01738165895221755,15.0189159437,1.76620749442,0.00190090417169,0.07613628091789562,0.12065560416147467,0.19386212186970908
81,3,gmr_30mm,randomized,offset,False,True,,0.1037469040020369,0.10633601702284068,0.12532621703576297,0.1037469040020369,5,3,0,5,3,0,5,4,0,1,7.398e-06,0.00992232,3.051e-06,0.009765014,0.000101801,0.004857543972320855,0.008361743995919824,0.0008556940010748804,0.001714512996841222,0.01738165895221755,13.1076122325,1.08615463833,0.0403739017033,0.09996550803044692,0.13048302835878162,0.21389682181644545
81,3,hybrid_30mm,randomized,offset,False,True,,0.034813251986633986,0.037422219989821315,0.0564124200027436,0.034813251986633986,7,5,1,6,5,0,7,7,0,2,1.5728e-05,0.012980038,5.186e-06,0.012700415,0.000184731,0.004857543972320855,0.008361743995919824,0.0008556940010748804,0.001714512996841222,0.01738165895221755,4.8152719127,0.539349626567,0.00328665297079,0.07416254012722243,0.042324501835449516,0.07237119356668713
81,3,reference_ik,randomized,offset,False,True,,0.1270940560498275,0.12949169700732455,0.14848189702024683,0.1270940560498275,0,0,0,0,0,0,0,0,0,0,0,0,0,0,0,0.004857543972320855,0.008361743995919824,0.0008556940010748804,0.001714512996841222,0.01738165895221755,4.76290596153,0.696312905782,0.00044131367993,0.06698237426505105,0.003017205255829762,0.05505688041409567
81,4,gmr_30mm,randomized,offset,False,True,,0.23413893894758075,0.23679638898465782,0.2557865889975801,0.23413893894758075,3,3,0,3,3,0,3,3,0,0,5.2675e-05,0.006452174,1.055e-05,0.006007463,0.000292539,0.004857543972320855,0.008361743995919824,0.0008556940010748804,0.001714512996841222,0.01738165895221755,15.4770165914,0.836986751178,0.00435306043302,0.09996550803044692,0.057387607447089685,0.1496402838628253
81,4,reference_ik,randomized,offset,False,True,,0.13088359695393592,0.13319381600013003,0.15218401601305231,0.13088359695393592,0,0,0,0,0,0,0,0,0,0,0,0,0,0,0,0.004857543972320855,0.008361743995919824,0.0008556940010748804,0.001714512996841222,0.01738165895221755,4.76290596153,0.696312905782,0.00044131367993,0.06698237426505105,0.003017205255829762,0.05505688041409567
81,4,hybrid_30mm,randomized,offset,False,True,,0.17814947600709274,0.18112105200998485,0.20011125202290714,0.17814947600709274,9,7,1,8,6,0,9,9,0,2,5.1548e-05,0.010001398,8.402e-06,0.009464331,0.000341383,0.004857543972320855,0.008361743995919824,0.0008556940010748804,0.001714512996841222,0.01738165895221755,11.2376078923,0.573427190318,0.00652361924546,0.09996550803044692,0.03736830100237058,0.09542991606193148
81,4,gmm,randomized,offset,False,True,,0.14209915098035708,0.14443013403797522,0.1634203340508975,0.14209915098035708,6,3,6,0,0,0,6,4,0,1,5.4161e-05,0.014474284,4.969e-06,0.014157616,0.000180443,0.004857543972320855,0.008361743995919824,0.0008556940010748804,0.001714512996841222,0.01738165895221755,11.6008259412,1.10196820244,0.0160013428336,0.09996550803044692,0.13566105809295528,0.23852482502941125
2,0,hybrid_30mm,legacy,offset_obstacle,False,True,,0.1245091839809902,0.12678576295729727,0.14740806294139475,0.1245091839809902,1,1,0,1,1,0,1,1,0,0,7.021e-06,0.000167912,1.647e-06,0.000125609,2.3598e-05,0.00445292703807354,0.010524529032409191,0.000815948995295912,0.0017317580059170723,0.019121114048175514,14.4184317878,0.880671098306,0.0280542592385,0.12615054759197905,0.0952397835652119,0.2127793895682421
2,0,gmm,legacy,offset_obstacle,False,True,,0.4850203790119849,0.4880971559905447,0.5087194559746422,0.4850203790119849,71,30,71,0,0,0,71,46,0,16,1.1704e-05,0.16058265,1.1437e-05,0.159538903,0.000596764,0.00445292703807354,0.010524529032409191,0.000815948995295912,0.0017317580059170723,0.019121114048175514,23.4914077992,1.70381637089,0.0203334000615,0.12927435482810637,0.11001834497822602,0.26608543514611543
2,0,reference_ik,legacy,offset_obstacle,False,False,reference_ik,0.06973974098218605,0.07252588402479887,0.09314818400889635,6.0,0,0,0,0,0,0,0,0,0,0,0,0,0,0,0,0.00445292703807354,0.010524529032409191,0.000815948995295912,0.0017317580059170723,0.019121114048175514,,,,,,
2,0,gmr_30mm,legacy,offset_obstacle,False,True,,0.29349324700888246,0.29609800898469985,0.3167203089687973,0.29349324700888246,50,26,0,50,26,0,50,35,0,9,6.842e-06,0.116980297,1.0379e-05,0.116450406,0.000339536,0.00445292703807354,0.010524529032409191,0.000815948995295912,0.0017317580059170723,0.019121114048175514,18.2425314019,1.46039447504,0.0242326995565,0.12677276969562548,0.07144425808302439,0.25274596576290975
2,1,gmm,legacy,offset_obstacle,False,True,,0.36220551299629733,0.36575741099659353,0.386379710980691,0.36220551299629733,90,36,90,0,0,0,90,60,0,24,4.0394e-05,0.201266459,1.6428e-05,0.199872824,0.000777227,0.00445292703807354,0.010524529032409191,0.000815948995295912,0.0017317580059170723,0.019121114048175514,15.9489905758,1.13311100549,0.00274811894218,0.11659995913874867,0.11747748782160052,0.23010533644244158
2,1,reference_ik,legacy,offset_obstacle,False,False,reference_ik,0.0642949789762497,0.06642346800072119,0.08704576798481867,6.0,0,0,0,0,0,0,0,0,0,0,0,0,0,0,0,0.00445292703807354,0.010524529032409191,0.000815948995295912,0.0017317580059170723,0.019121114048175514,,,,,,
2,1,gmr_30mm,legacy,offset_obstacle,False,True,,0.20754655700875446,0.20980401302222162,0.2304263130063191,0.20754655700875446,16,9,0,16,9,0,16,14,0,5,4.7138e-05,0.023010759,9.505e-06,0.022662297,0.000214806,0.00445292703807354,0.010524529032409191,0.000815948995295912,0.0017317580059170723,0.019121114048175514,16.3456276754,1.12989342769,0.0278390985687,0.12546852485306212,0.11301246824988737,0.25936590318512026
2,1,hybrid_30mm,legacy,offset_obstacle,False,True,,0.40816816000733525,0.411388641980011,0.4320109419641085,0.40816816000733525,17,9,4,13,7,0,17,12,0,3,1.1184e-05,0.034120355,6.563e-06,0.033865583,0.000159349,0.00445292703807354,0.010524529032409191,0.000815948995295912,0.0017317580059170723,0.019121114048175514,27.3661648007,1.7093447269,0.0259173454781,0.12927435482810637,0.07883303340941228,0.23375057506819213
2,2,reference_ik,legacy,offset_obstacle,False,False,reference_ik,0.06386408099206164,0.06664962001377717,0.08727191999787465,6.0,0,0,0,0,0,0,0,0,0,0,0,0,0,0,0,0.00445292703807354,0.010524529032409191,0.000815948995295912,0.0017317580059170723,0.019121114048175514,,,,,,
2,2,gmm,legacy,offset_obstacle,False,True,,0.2350193680031225,0.23781984800007194,0.2584421479841694,0.2350193680031225,37,11,37,0,0,0,37,20,0,9,7.517e-06,0.105806518,4.994e-06,0.105332723,0.000266522,0.00445292703807354,0.010524529032409191,0.000815948995295912,0.0017317580059170723,0.019121114048175514,16.8571625003,1.00700890963,0.0273260386272,0.12633858143926435,0.10712312277570145,0.2596933200141415
2,2,hybrid_30mm,legacy,offset_obstacle,False,True,,0.14306595496600494,0.14662867097649723,0.1672509709605947,0.14306595496600494,25,12,4,21,10,0,25,17,0,5,3.7089e-05,0.065829346,1.068e-05,0.065155791,0.000467841,0.00445292703807354,0.010524529032409191,0.000815948995295912,0.0017317580059170723,0.019121114048175514,11.9664910848,0.734166161493,0.0192949526453,0.10280689435116515,0.051303487619881405,0.08972960064935752
2,2,gmr_30mm,legacy,offset_obstacle,False,True,,0.2712532859877683,0.27442194300238043,0.2950442429864779,0.2712532859877683,28,11,0,28,11,0,28,17,0,6,5.695e-05,0.070630532,1.0058e-05,0.070266264,0.00022734,0.00445292703807354,0.010524529032409191,0.000815948995295912,0.0017317580059170723,0.019121114048175514,18.4238331839,1.34334143985,0.0279273787531,0.11258453603758573,0.07896606457596729,0.21041807334385434
2,3,gmm,legacy,offset_obstacle,False,True,,0.11019905604189262,0.11316412501037121,0.1337864249944687,0.11019905604189262,1,1,1,0,0,0,1,1,0,0,1.2011e-05,0.000411945,1.42e-06,0.000351146,3.3679e-05,0.00445292703807354,0.010524529032409191,0.000815948995295912,0.0017317580059170723,0.019121114048175514,14.7455494487,0.81027894436,0.0280088994609,0.11983290369076587,0.11112449422536858,0.2647649254207382
2,3,reference_ik,legacy,offset_obstacle,False,False,reference_ik,0.06776486698072404,0.07058816897915676,0.09121046896325424,6.0,0,0,0,0,0,0,0,0,0,0,0,0,0,0,0,0.00445292703807354,0.010524529032409191,0.000815948995295912,0.0017317580059170723,0.019121114048175514,,,,,,
2,3,hybrid_30mm,legacy,offset_obstacle,False,True,,0.5208993480191566,0.5242463939939626,0.54486869397806,0.5208993480191566,43,20,5,38,17,0,43,30,0,10,4.606e-05,0.095521581,1.2341e-05,0.094883847,0.00040734,0.00445292703807354,0.010524529032409191,0.000815948995295912,0.0017317580059170723,0.019121114048175514,30.7397762777,2.67805590574,0.00333781619742,0.12927435482810637,0.09808156170777857,0.2722918960483845
2,3,gmr_30mm,legacy,offset_obstacle,False,True,,0.16674196702660993,0.16936887003248557,0.18999117001658306,0.16674196702660993,1,1,0,1,1,0,1,1,0,0,4.6943e-05,0.001657899,4.198e-06,0.001520596,8.412e-05,0.00445292703807354,0.010524529032409191,0.000815948995295912,0.0017317580059170723,0.019121114048175514,15.4223218352,0.99445800723,0.0278413612963,0.12708776044433628,0.10664213450804878,0.24249622050420758
2,4,gmm,legacy,offset_obstacle,False,True,,0.18454947398277,0.1878505910281092,0.20847289101220667,0.18454947398277,17,5,17,0,0,0,17,9,0,4,9.382e-06,0.050764596,2.728e-06,0.050552018,0.000105339,0.00445292703807354,0.010524529032409191,0.000815948995295912,0.0017317580059170723,0.019121114048175514,17.9023719531,1.29669549496,0.0161515868271,0.10005674640632937,0.0949169735919712,0.2192017349242352
2,4,hybrid_30mm,legacy,offset_obstacle,False,True,,0.2004755370435305,0.20361209398834035,0.22423439397243783,0.2004755370435305,3,3,0,3,3,0,3,3,0,0,1.1322e-05,0.002261024,3.092e-06,0.002133851,8.6422e-05,0.00445292703807354,0.010524529032409191,0.000815948995295912,0.0017317580059170723,0.019121114048175514,16.4533236494,1.13021133758,0.0284120765297,0.1250751754375838,0.11756862453806774,0.2687611533159605
2,4,reference_ik,legacy,offset_obstacle,False,False,reference_ik,0.06292113097151741,0.06495386501774192,0.0855761650018394,6.0,0,0,0,0,0,0,0,0,0,0,0,0,0,0,0,0.00445292703807354,0.010524529032409191,0.000815948995295912,0.0017317580059170723,0.019121114048175514,,,,,,
2,4,gmr_30mm,legacy,offset_obstacle,False,True,,0.3983246900024824,0.4009607569896616,0.4215830569737591,0.3983246900024824,21,14,0,21,14,0,21,15,0,1,1.0542e-05,0.047057148,6.555e-06,0.046721591,0.000205657,0.00445292703807354,0.010524529032409191,0.000815948995295912,0.0017317580059170723,0.019121114048175514,26.1102662293,1.99117802956,0.0154070887362,0.11095849387425454,0.10830669145586456,0.27477922175839636
2,5,hybrid_30mm,legacy,offset_obstacle,False,True,,0.2563279109890573,0.2593575870268978,0.2799798870109953,0.2563279109890573,30,15,9,21,8,0,30,21,0,6,5.133e-05,0.071532138,1.1113e-05,0.071080535,0.00026838,0.00445292703807354,0.010524529032409191,0.000815948995295912,0.0017317580059170723,0.019121114048175514,11.5020103219,0.81967864683,0.00193882435811,0.06350549478201116,0.12556022722073606,0.1898595524905113
2,5,gmm,legacy,offset_obstacle,False,True,,0.3794215189991519,0.3823906010366045,0.403012901020702,0.3794215189991519,80,25,80,0,0,0,80,42,0,17,3.1338e-05,0.234354193,1.3314e-05,0.2333918,0.000490774,0.00445292703807354,0.010524529032409191,0.000815948995295912,0.0017317580059170723,0.019121114048175514,15.9983954219,1.36203451981,0.00740317126733,0.1291952523572481,0.1269317050171513,0.29780160903853736
2,5,reference_ik,legacy,offset_obstacle,False,False,reference_ik,0.06681257899617776,0.06959564000135288,0.09021793998545036,6.0,0,0,0,0,0,0,0,0,0,0,0,0,0,0,0,0.00445292703807354,0.010524529032409191,0.000815948995295912,0.0017317580059170723,0.019121114048175514,,,,,,
2,5,gmr_30mm,legacy,offset_obstacle,False,True,,0.2217366720433347,0.22480651398655027,0.24542881397064775,0.2217366720433347,22,9,0,22,9,0,22,12,0,3,4.9599e-05,0.077179656,1.0177e-05,0.076841845,0.000192593,0.00445292703807354,0.010524529032409191,0.000815948995295912,0.0017317580059170723,0.019121114048175514,11.4228797076,0.898212534044,0.0201908976789,0.1292725375027831,0.06958463181224202,0.14014582078657176
2,6,gmr_30mm,legacy,offset_obstacle,False,True,,0.19972649699775502,0.20281789201544598,0.22344019199954346,0.19972649699775502,8,2,0,8,2,0,8,4,0,2,4.7462e-05,0.034053733,9.508e-06,0.033659691,0.000267069,0.00445292703807354,0.010524529032409191,0.000815948995295912,0.0017317580059170723,0.019121114048175514,16.5845671097,0.961299154878,0.0181649886333,0.12643754650323966,0.08391171920446965,0.20269576411895865
2,6,gmm,legacy,offset_obstacle,False,True,,0.3642272749566473,0.3673982300097123,0.38802052999380976,0.3642272749566473,67,26,67,0,0,0,67,45,0,19,4.8306e-05,0.142984936,1.3355e-05,0.141876567,0.000616835,0.00445292703807354,0.010524529032409191,0.000815948995295912,0.0017317580059170723,0.019121114048175514,17.1914603883,1.39891589701,0.0279360541159,0.12500576727638835,0.08525730672934802,0.20232669807955456
2,6,reference_ik,legacy,offset_obstacle,False,False,reference_ik,0.06759883201448247,0.06998853600816801,0.09061083599226549,6.0,0,0,0,0,0,0,0,0,0,0,0,0,0,0,0,0.00445292703807354,0.010524529032409191,0.000815948995295912,0.0017317580059170723,0.019121114048175514,,,,,,
2,6,hybrid_30mm,legacy,offset_obstacle,False,True,,0.20679791900329292,0.2093912319978699,0.2300135319819674,0.20679791900329292,43,19,6,37,16,0,43,27,0,8,7.868e-06,0.107757123,7.888e-06,0.107334304,0.000264611,0.00445292703807354,0.010524529032409191,0.000815948995295912,0.0017317580059170723,0.019121114048175514,14.6266739697,0.947555205713,0.0266557220813,0.12717254803020103,0.10064361806503065,0.2115185885344992
2,7,gmr_30mm,legacy,offset_obstacle,False,True,,0.2514038250083104,0.25428679602919146,0.27490909601328894,0.2514038250083104,20,11,0,20,11,0,20,13,0,2,4.7559e-05,0.055094397,1.0766e-05,0.054623508,0.000316504,0.00445292703807354,0.010524529032409191,0.000815948995295912,0.0017317580059170723,0.019121114048175514,15.2372423238,1.01378241484,0.00108011736031,0.08180360536874756,0.07222426944469407,0.10464620082835649
2,7,reference_ik,legacy,offset_obstacle,False,False,reference_ik,0.06679694203194231,0.06934225198347121,0.0899645519675687,6.0,0,0,0,0,0,0,0,0,0,0,0,0,0,0,0,0.00445292703807354,0.010524529032409191,0.000815948995295912,0.0017317580059170723,0.019121114048175514,,,,,,
2,7,gmm,legacy,offset_obstacle,False,True,,0.1478883259696886,0.15056548599386588,0.17118778597796336,0.1478883259696886,7,2,7,0,0,0,7,5,0,3,4.8404e-05,0.021565297,7.503e-06,0.021067661,0.000257727,0.00445292703807354,0.010524529032409191,0.000815948995295912,0.0017317580059170723,0.019121114048175514,13.0959888948,0.934086094741,0.00623412320762,0.09542079899484324,0.11343999899082738,0.2504565655864961
2,7,hybrid_30mm,legacy,offset_obstacle,False,True,,0.521339244034607,0.5246874659787863,0.5453097659628838,0.521339244034607,33,17,3,30,17,0,33,22,0,5,4.7941e-05,0.077669337,1.0559e-05,0.077259578,0.000246007,0.00445292703807354,0.010524529032409191,0.000815948995295912,0.0017317580059170723,0.019121114048175514,27.5713866105,2.37578443215,0.00723236639952,0.12517425294936588,0.11304241955942614,0.2399148996868773
2,8,gmm,legacy,offset_obstacle,False,True,,0.29241024499060586,0.2957048290409148,0.31632712902501225,0.29241024499060586,37,15,37,0,0,0,37,21,0,6,5.05e-05,0.107049043,1.2517e-05,0.106285508,0.000303666,0.00445292703807354,0.010524529032409191,0.000815948995295912,0.0017317580059170723,0.019121114048175514,16.7867625963,1.13819478825,0.0279449155687,0.12293224546133237,0.1361064897678844,0.31023446787319703
2,8,gmr_30mm,legacy,offset_obstacle,False,True,,0.20796443498693407,0.21091195702319965,0.23153425700729713,0.20796443498693407,19,7,0,19,7,0,19,7,0,0,5.0398e-05,0.071099413,8.681e-06,0.070905725,9.2268e-05,0.00445292703807354,0.010524529032409191,0.000815948995295912,0.0017317580059170723,0.019121114048175514,10.1370812146,0.884457722453,0.000773734107098,0.12074155156917878,0.11433346249816013,0.18264770892723722
2,8,hybrid_30mm,legacy,offset_obstacle,False,True,,0.3467165540205315,0.3499214969924651,0.3705437969765626,0.3467165540205315,22,10,4,18,8,0,22,13,0,3,5.0647e-05,0.058041868,1.0065e-05,0.057692361,0.000185369,0.00445292703807354,0.010524529032409191,0.000815948995295912,0.0017317580059170723,0.019121114048175514,22.1021445503,1.68359329453,0.0134298379312,0.11742454176761888,0.10076698088607541,0.19719888012413095
2,8,reference_ik,legacy,offset_obstacle,False,False,reference_ik,0.06406625400995836,0.06601298099849373,0.08663528098259121,6.0,0,0,0,0,0,0,0,0,0,0,0,0,0,0,0,0.00445292703807354,0.010524529032409191,0.000815948995295912,0.0017317580059170723,0.019121114048175514,,,,,,
2,9,gmr_30mm,legacy,offset_obstacle,False,True,,0.12201963400002569,0.12461164698470384,0.14523394696880132,0.12201963400002569,11,6,0,11,6,0,11,8,0,2,4.8802e-05,0.027405443,6.895e-06,0.02716375,0.00012588,0.00445292703807354,0.010524529032409191,0.000815948995295912,0.0017317580059170723,0.019121114048175514,10.0792219394,0.784318459489,0.000630103651524,0.10375433191475525,0.06489688837318516,0.12355814507718091
2,9,reference_ik,legacy,offset_obstacle,False,False,reference_ik,0.06358603603439406,0.06602602597558871,0.08664832595968619,6.0,0,0,0,0,0,0,0,0,0,0,0,0,0,0,0,0.00445292703807354,0.010524529032409191,0.000815948995295912,0.0017317580059170723,0.019121114048175514,,,,,,
2,9,gmm,legacy,offset_obstacle,False,True,,0.3627373249619268,0.3653028950211592,0.3859251950052567,0.3627373249619268,61,16,61,0,0,0,61,36,0,20,4.8549e-05,0.16483693,1.1326e-05,0.163979591,0.000499222,0.00445292703807354,0.010524529032409191,0.000815948995295912,0.0017317580059170723,0.019121114048175514,15.6976091238,1.08634531252,0.00145735321626,0.11777355272239382,0.09737072548808991,0.22516883793680326
2,9,hybrid_30mm,legacy,offset_obstacle,False,True,,0.19479599798796698,0.19806138798594475,0.21868368797004223,0.19479599798796698,32,11,8,24,9,0,32,19,0,8,2.1569e-05,0.079975645,7.949e-06,0.079552806,0.000246093,0.00445292703807354,0.010524529032409191,0.000815948995295912,0.0017317580059170723,0.019121114048175514,11.3187476709,1.05701058595,0.00834471829156,0.1217948053441441,0.06621243492014854,0.15245787913700756
102,0,hybrid_30mm,randomized,distant,False,True,,0.08572471397928894,0.08826616301666945,0.10627123905578628,0.08572471397928894,1,1,0,1,1,0,1,1,0,0,3.6902e-05,0.005486766,4.025e-06,0.005444955,1.3577e-05,0.004387533001136035,0.007984255033079535,0.0008207809878513217,0.0016772809904068708,0.016450071008875966,9.38953021521,0.61088311712,0.014088266608,0.11247613674298149,0.05043007221890774,0.0736526376608062
102,0,gmm,randomized,distant,False,True,,0.13057664298685268,0.1333403250318952,0.15134540107101202,0.13057664298685268,1,1,1,0,0,0,1,1,0,0,3.5315e-05,0.001315346,2.798e-06,0.001199802,5.2793e-05,0.004387533001136035,0.007984255033079535,0.0008207809878513217,0.0016772809904068708,0.016450071008875966,12.3929225721,0.710603745645,0.0266085002376,0.1193952955913178,0.09022570078442059,0.14899108883810613
102,0,reference_ik,randomized,distant,False,True,,0.12835086905397475,0.13121356203919277,0.1492186380783096,0.12835086905397475,0,0,0,0,0,0,0,0,0,0,0,0,0,0,0,0.004387533001136035,0.007984255033079535,0.0008207809878513217,0.0016772809904068708,0.016450071008875966,4.47714987265,0.69055755483,0.0583965008357,0.15680939398670443,0.0024394362898680377,0.04219335817996587
102,0,gmr_30mm,randomized,distant,False,True,,0.16386858199257404,0.16634626599261537,0.1843513420317322,0.16386858199257404,2,1,0,2,1,0,2,2,0,1,4.6988e-05,0.005487618,5.396e-06,0.00501973,0.000376396,0.004387533001136035,0.007984255033079535,0.0008207809878513217,0.0016772809904068708,0.016450071008875966,11.2702460731,0.730726043713,0.0567594191774,0.17841610367907962,0.0479398486856359,0.11107045663754106
102,1,gmm,randomized,distant,False,True,,0.08762636600295082,0.09025355998892337,0.1082586360280402,0.08762636600295082,3,1,3,0,0,0,3,2,0,1,3.1574e-05,0.011770701,6.021e-06,0.011369566,0.000261315,0.004387533001136035,0.007984255033079535,0.0008207809878513217,0.0016772809904068708,0.016450071008875966,8.33944056138,0.459087122569,0.0114820900609,0.12469850473638745,0.06375162548466716,0.10975622702513527
102,1,reference_ik,randomized,distant,False,True,,0.13657729199621826,0.13925149495480582,0.15725657099392265,0.13657729199621826,0,0,0,0,0,0,0,0,0,0,0,0,0,0,0,0.004387533001136035,0.007984255033079535,0.0008207809878513217,0.0016772809904068708,0.016450071008875966,4.47714987265,0.69055755483,0.0583965008357,0.15680939398670443,0.0024394362898680377,0.04219335817996587
102,1,gmr_30mm,randomized,distant,False,True,,0.11360381095437333,0.11684143199818209,0.13484650803729892,0.11360381095437333,3,2,0,3,2,0,3,2,0,0,5.0447e-05,0.012362624,6.368e-06,0.012171385,0.00010738,0.004387533001136035,0.007984255033079535,0.0008207809878513217,0.0016772809904068708,0.016450071008875966,3.76214713164,0.475524129069,0.032278004979,0.14636910051411636,0.02996351647382751,0.07802493861512781
102,1,hybrid_30mm,randomized,distant,False,True,,0.06415315897902474,0.06665562902344391,0.08466070506256074,0.06415315897902474,2,1,0,2,1,0,2,1,0,0,4.8658e-05,0.005964794,4.668e-06,0.005905407,2.1938e-05,0.004387533001136035,0.007984255033079535,0.0008207809878513217,0.0016772809904068708,0.016450071008875966,5.03224060248,0.422544758564,0.017561856237,0.12103937256935277,0.04114845742659451,0.09991940619704048
102,2,gmm,randomized,distant,False,True,,0.112287062976975,0.1149067230289802,0.13291179906809703,0.112287062976975,3,2,3,0,0,0,3,3,0,1,5.3849e-05,0.005143815,6.359e-06,0.00478364,0.00017437,0.004387533001136035,0.007984255033079535,0.0008207809878513217,0.0016772809904068708,0.016450071008875966,5.77265961705,0.432440195116,0.0423200826488,0.14976673430589743,0.045616379354482116,0.10912280285174722
102,2,hybrid_30mm,randomized,distant,False,True,,0.1767383079859428,0.17933318502036855,0.19733826105948538,0.1767383079859428,1,1,0,1,1,0,1,1,0,0,5.1497e-05,0.00133048,2.887e-06,0.001240839,5.2752e-05,0.004387533001136035,0.007984255033079535,0.0008207809878513217,0.0016772809904068708,0.016450071008875966,12.7513317287,0.851572617155,0.0180489537554,0.12658942831173267,0.051535259891951346,0.1001303035030166
102,2,gmr_30mm,randomized,distant,False,True,,0.10802555200643837,0.1104493800085038,0.12845445604762062,0.10802555200643837,1,1,0,1,1,0,1,1,0,0,4.7199e-05,0.00332668,4.208e-06,0.003206136,6.9244e-05,0.004387533001136035,0.007984255033079535,0.0008207809878513217,0.0016772809904068708,0.016450071008875966,6.45775505538,0.524344485053,0.0584414487005,0.15070729714056785,0.029568558722824354,0.055445999277956924
102,2,reference_ik,randomized,distant,False,True,,0.12962273601442575,0.1323548200307414,0.15035989606985822,0.12962273601442575,0,0,0,0,0,0,0,0,0,0,0,0,0,0,0,0.004387533001136035,0.007984255033079535,0.0008207809878513217,0.0016772809904068708,0.016450071008875966,4.47714987265,0.69055755483,0.0583965008357,0.15680939398670443,0.0024394362898680377,0.04219335817996587
102,3,gmr_30mm,randomized,distant,False,True,,0.1580432629561983,0.1610034559853375,0.17900853202445433,0.1580432629561983,2,1,0,2,1,0,2,1,0,0,5.1797e-05,0.005842168,5.898e-06,0.005772277,2.941e-05,0.004387533001136035,0.007984255033079535,0.0008207809878513217,0.0016772809904068708,0.016450071008875966,14.0332741848,1.11864828141,0.0176116218142,0.09853039218317963,0.08754984100172608,0.13255010574718942
102,3,gmm,randomized,distant,False,True,,0.1386955149937421,0.14174557401565835,0.15975065005477518,0.1386955149937421,1,1,1,0,0,0,1,1,0,0,5.0396e-05,0.003740543,3.255e-06,0.003565866,7.6501e-05,0.004387533001136035,0.007984255033079535,0.0008207809878513217,0.0016772809904068708,0.016450071008875966,9.29797311084,0.654040822133,0.0760435422196,0.1786569526609325,0.09619849136163205,0.16724415176287724
102,3,hybrid_30mm,randomized,distant,False,True,,0.14885091502219439,0.15114582900423557,0.1691509050433524,0.14885091502219439,3,2,0,3,2,0,3,2,0,0,7.4061e-05,0.009056596,9.078e-06,0.008839351,0.000117256,0.004387533001136035,0.007984255033079535,0.0008207809878513217,0.0016772809904068708,0.016450071008875966,8.38677183726,0.556879106766,0.0339055340842,0.1489854543186555,0.03978284426955148,0.07952964377019033
102,3,reference_ik,randomized,distant,False,True,,0.12650639400817454,0.12877808400662616,0.146783160045743,0.12650639400817454,0,0,0,0,0,0,0,0,0,0,0,0,0,0,0,0.004387533001136035,0.007984255033079535,0.0008207809878513217,0.0016772809904068708,0.016450071008875966,4.47714987265,0.69055755483,0.0583965008357,0.15680939398670443,0.0024394362898680377,0.04219335817996587
102,4,hybrid_30mm,randomized,distant,False,True,,0.11752971698297188,0.12073781795334071,0.13874289399245754,0.11752971698297188,1,1,0,1,1,0,1,1,0,0,8.11e-06,0.001554779,1.703e-06,0.001498316,3.8384e-05,0.004387533001136035,0.007984255033079535,0.0008207809878513217,0.0016772809904068708,0.016450071008875966,12.7163584997,0.551083320139,0.0790533774924,0.1786569526609325,0.06307007008485727,0.1629159369521087
102,4,gmr_30mm,randomized,distant,False,True,,0.16045671596657485,0.16349050897406414,0.18149558501318097,0.16045671596657485,2,1,0,2,1,0,2,1,0,0,5.2616e-05,0.022678959,6.451e-06,0.022584979,3.8223e-05,0.004387533001136035,0.007984255033079535,0.0008207809878513217,0.0016772809904068708,0.016450071008875966,10.7528947532,0.698040685596,0.0240206234206,0.12302104639459059,0.03886112968190122,0.0903938603354485
102,4,reference_ik,randomized,distant,False,True,,0.14002275303937495,0.14265304699074477,0.1606581230298616,0.14002275303937495,0,0,0,0,0,0,0,0,0,0,0,0,0,0,0,0.004387533001136035,0.007984255033079535,0.0008207809878513217,0.0016772809904068708,0.016450071008875966,4.47714987265,0.69055755483,0.0583965008357,0.15680939398670443,0.0024394362898680377,0.04219335817996587
102,4,gmm,randomized,distant,False,True,,0.10011879401281476,0.1032432559877634,0.12124833202688023,0.10011879401281476,1,1,1,0,0,0,1,1,0,0,7.129e-06,0.000849041,1.226e-06,0.000815828,1.7869e-05,0.004387533001136035,0.007984255033079535,0.0008207809878513217,0.0016772809904068708,0.016450071008875966,14.0366471787,1.28622213391,0.0815946498499,0.16006837292382947,0.11314394944356411,0.20047577290423105
10,0,hybrid_30mm,randomized,central,False,True,,0.17739601695211604,0.18082100700121373,0.20045830903109163,0.17739601695211604,7,3,2,5,2,0,7,5,0,2,1.2184e-05,0.013117405,4.962e-06,0.012996395,6.0934e-05,0.004364820022601634,0.009373755019623786,0.0008917119703255594,0.001776201999746263,0.018050211016088724,19.2617662766,1.53005445963,0.00133500304754,0.055745424372331855,0.07205883086491177,0.1768124646287206
10,0,reference_ik,randomized,central,False,False,reference_ik,0.0786559539847076,0.08207146800123155,0.10170877003110945,6.0,0,0,0,0,0,0,0,0,0,0,0,0,0,0,0,0.004364820022601634,0.009373755019623786,0.0008917119703255594,0.001776201999746263,0.018050211016088724,,,,,,
10,0,gmr_30mm,randomized,central,False,True,,0.17335196898784488,0.17765076301293448,0.19728806504281238,0.17335196898784488,8,2,0,8,2,0,8,5,0,3,4.5262e-05,0.025423807,1.2692e-05,0.025034567,0.000234356,0.004364820022601634,0.009373755019623786,0.0008917119703255594,0.001776201999746263,0.018050211016088724,12.8713746071,0.906783885357,0.00190530686402,0.04679053423749726,0.07961333770020902,0.11548065525421063
10,0,gmm,randomized,central,False,True,,0.2121012190473266,0.21526097401510924,0.23489827604498714,0.2121012190473266,3,2,3,0,0,0,3,2,0,0,4.8286e-05,0.009182976,4.626e-06,0.009073826,2.641e-05,0.004364820022601634,0.009373755019623786,0.0008917119703255594,0.001776201999746263,0.018050211016088724,15.7799186917,1.21492128467,0.00199649619607,0.047568758928035096,0.06996709345736037,0.15842037369259468
10,1,gmm,randomized,central,False,True,,0.19818546302849427,0.2009219160536304,0.2205592180835083,0.19818546302849427,1,1,1,0,0,0,1,1,0,0,4.6462e-05,0.001639495,3.571e-06,0.001396339,0.000138623,0.004364820022601634,0.009373755019623786,0.0008917119703255594,0.001776201999746263,0.018050211016088724,12.2020731898,0.773889700246,0.00202925128352,0.04594861130305817,0.08409900653551115,0.17956043132399915
10,1,hybrid_30mm,randomized,central,False,True,,0.20072594797238708,0.2043194950092584,0.2239567970391363,0.20072594797238708,11,8,2,9,7,0,11,9,0,1,4.974e-05,0.01964022,1.3566e-05,0.019121459,0.00027904,0.004364820022601634,0.009373755019623786,0.0008917119703255594,0.001776201999746263,0.018050211016088724,17.5829050766,1.14876684158,0.00192377510536,0.056229708004971436,0.14501740959175494,0.25439017872411845
10,1,reference_ik,randomized,central,False,False,reference_ik,0.12944452499505132,0.13197878003120422,0.15161608206108212,6.0,0,0,0,0,0,0,0,0,0,0,0,0,0,0,0,0.004364820022601634,0.009373755019623786,0.0008917119703255594,0.001776201999746263,0.018050211016088724,,,,,,
10,1,gmr_30mm,randomized,central,False,True,,0.1598854370531626,0.16276998398825526,0.18240728601813316,0.1598854370531626,1,1,0,1,1,0,1,1,0,0,4.645e-05,0.001592651,4.873e-06,0.001412412,0.000113548,0.004364820022601634,0.009373755019623786,0.0008917119703255594,0.001776201999746263,0.018050211016088724,13.1266418029,0.694315176196,0.00151840670579,0.046482445468109736,0.06090236505811598,0.18558784438949788
10,2,gmr_30mm,randomized,central,False,True,,0.14437047904357314,0.14774683397263288,0.16738413600251079,0.14437047904357314,6,4,0,6,4,0,6,5,0,1,3.3454e-05,0.008362475,5.163e-06,0.008212128,8.8518e-05,0.004364820022601634,0.009373755019623786,0.0008917119703255594,0.001776201999746263,0.018050211016088724,13.449059213,0.863090747233,0.00154268794002,0.04782937792947273,0.06506029855650028,0.17713961941978146
10,2,hybrid_30mm,randomized,central,False,True,,0.1834123749868013,0.18607561598764732,0.20571291801752523,0.1834123749868013,8,5,2,6,4,0,8,7,0,2,3.026e-05,0.019080202,6.114e-06,0.018778455,0.000175208,0.004364820022601634,0.009373755019623786,0.0008917119703255594,0.001776201999746263,0.018050211016088724,14.2186802929,1.05469915262,0.00106736821495,0.05604191431254337,0.04984236376117546,0.10170052431892967
10,2,reference_ik,randomized,central,False,False,reference_ik,0.08819799596676603,0.09090770804323256,0.11054501007311046,6.0,0,0,0,0,0,0,0,0,0,0,0,0,0,0,0,0.004364820022601634,0.009373755019623786,0.0008917119703255594,0.001776201999746263,0.018050211016088724,,,,,,
10,2,gmm,randomized,central,False,True,,0.10442748403875157,0.10696736798854545,0.12660467001842335,0.10442748403875157,21,11,21,0,0,0,21,18,0,7,7.154e-06,0.031447391,4.515e-06,0.031050677,0.000203785,0.004364820022601634,0.009373755019623786,0.0008917119703255594,0.001776201999746263,0.018050211016088724,10.9371694502,1.27517912351,0.00195276835454,0.05415428935499753,0.11123923110307915,0.20460153504646417
10,3,gmm,randomized,central,False,True,,0.18072979501448572,0.18321304599521682,0.20285034802509472,0.18072979501448572,5,2,5,0,0,0,5,3,0,1,5.4647e-05,0.012679614,3.909e-06,0.012433321,0.000103062,0.004364820022601634,0.009373755019623786,0.0008917119703255594,0.001776201999746263,0.018050211016088724,12.6867357453,1.04540583037,0.00209500375856,0.054447545574946736,0.12303231971578465,0.20421971358325441
10,3,gmr_30mm,randomized,central,False,True,,0.13547501398716122,0.13878995698178187,0.15842725901165977,0.13547501398716122,13,9,0,13,9,0,13,13,0,4,3.6537e-05,0.018934116,6.508e-06,0.018662044,0.000184237,0.004364820022601634,0.009373755019623786,0.0008917119703255594,0.001776201999746263,0.018050211016088724,14.5737428074,1.73863287302,0.00116770543786,0.055950554688709596,0.1439177961056861,0.2350805057944365
10,3,hybrid_30mm,randomized,central,False,True,,0.11938875500345603,0.12223671999527141,0.14187402202514932,0.11938875500345603,19,10,3,16,10,0,19,15,0,5,4.7765e-05,0.036862676,9.505e-06,0.036459965,0.000240551,0.004364820022601634,0.009373755019623786,0.0008917119703255594,0.001776201999746263,0.018050211016088724,10.9979743927,0.601864013739,0.0014467064191,0.0479480670201822,0.04591823199415946,0.11845072010812344
10,3,reference_ik,randomized,central,False,False,reference_ik,0.07493306999094784,0.07741444400744513,0.09705174603732303,6.0,0,0,0,0,0,0,0,0,0,0,0,0,0,0,0,0.004364820022601634,0.009373755019623786,0.0008917119703255594,0.001776201999746263,0.018050211016088724,,,,,,
10,4,gmm,randomized,central,False,True,,0.160303741984535,0.1628668470075354,0.1825041490374133,0.160303741984535,8,3,8,0,0,0,8,7,0,4,6.9329e-05,0.010343436,5.636e-06,0.010103149,0.00012868,0.004364820022601634,0.009373755019623786,0.0008917119703255594,0.001776201999746263,0.018050211016088724,14.1380772967,1.04474937249,0.00151666124642,0.051815255614493676,0.10806162040835741,0.17730817587390527
10,4,hybrid_30mm,randomized,central,False,True,,0.2934938970138319,0.2974468100001104,0.3170841120299883,0.2934938970138319,29,15,9,20,12,0,29,25,0,10,1.3642e-05,0.044569949,1.0717e-05,0.043934517,0.000399122,0.004364820022601634,0.009373755019623786,0.0008917119703255594,0.001776201999746263,0.018050211016088724,19.663809933,1.5803878904,0.00148727427555,0.04745332805337051,0.062216754703295025,0.16529086437928323
10,4,gmr_30mm,randomized,central,False,True,,0.1663902520085685,0.16976525296922773,0.18940255499910563,0.1663902520085685,12,5,0,12,5,0,12,10,0,5,4.5954e-05,0.021406363,1.1116e-05,0.020980588,0.000247333,0.004364820022601634,0.009373755019623786,0.0008917119703255594,0.001776201999746263,0.018050211016088724,10.0698424744,0.672249166706,0.00134583529594,0.05581669042956724,0.052640938528842295,0.10119284195392306
10,4,reference_ik,randomized,central,False,False,reference_ik,0.0775557040469721,0.07960277103120461,0.09924007306108251,6.0,0,0,0,0,0,0,0,0,0,0,0,0,0,0,0,0.004364820022601634,0.009373755019623786,0.0008917119703255594,0.001776201999746263,0.018050211016088724,,,,,,
38,0,gmm,randomized,central,False,True,,0.1475042090169154,0.15157389699015766,0.16980592196341604,0.1475042090169154,3,1,3,0,0,0,3,1,0,0,5.1324e-05,0.013459634,4.619e-06,0.013361559,2.3e-05,0.00422868097666651,0.008004888950381428,0.0011643960024230182,0.0017454620101489127,0.016761425009462982,13.5899420871,1.16009395129,0.000860027984057,0.06463408435652586,0.0982890117163619,0.14233981770260826
38,0,hybrid_30mm,randomized,central,False,True,,0.09274985000956804,0.0956933339475654,0.11392535892082378,0.09274985000956804,9,4,1,8,3,0,9,8,0,4,5.0714e-05,0.013691677,9.126e-06,0.013453557,0.000117863,0.00422868097666651,0.008004888950381428,0.0011643960024230182,0.0017454620101489127,0.016761425009462982,6.08717759527,0.454649212381,0.000781193533208,0.050950215787414356,0.03449812016393029,0.07959527873040965
38,0,reference_ik,randomized,central,False,False,reference_ik,0.06245158001547679,0.06556385499425232,0.0837958799675107,6.0,0,0,0,0,0,0,0,0,0,0,0,0,0,0,0,0.00422868097666651,0.008004888950381428,0.0011643960024230182,0.0017454620101489127,0.016761425009462982,,,,,,
38,0,gmr_30mm,randomized,central,False,True,,0.10407140798633918,0.10720615001628175,0.12543817498954013,0.10407140798633918,16,8,0,16,8,0,16,15,0,7,5.2432e-05,0.026895185,8.449e-06,0.026460894,0.000296897,0.00422868097666651,0.008004888950381428,0.0011643960024230182,0.0017454620101489127,0.016761425009462982,4.31849631487,0.465371692456,0.000903111772129,0.08220096008677645,0.03144008071702536,0.05416761026376653
38,1,gmr_30mm,randomized,central,False,True,,0.17334855196531862,0.17663366097258404,0.19486568594584242,0.17334855196531862,62,34,0,62,34,0,62,61,0,27,2.7196e-05,0.065866774,1.5178e-05,0.064682193,0.000904081,0.00422868097666651,0.008004888950381428,0.0011643960024230182,0.0017454620101489127,0.016761425009462982,5.25212144743,0.547677448227,0.000715333097118,0.0776902701855906,0.03319547988861515,0.05844647681687993
38,1,gmm,randomized,central,False,True,,0.1453427459928207,0.1478480970254168,0.16608012199867517,0.1453427459928207,3,2,3,0,0,0,3,2,0,0,5.1961e-05,0.00781399,5.47e-06,0.007685919,2.7686e-05,0.00422868097666651,0.008004888950381428,0.0011643960024230182,0.0017454620101489127,0.016761425009462982,9.09505991699,0.541812141604,0.000665357588553,0.06889993117171687,0.04695137026329362,0.08950980034455058
38,1,hybrid_30mm,randomized,central,False,True,,0.16582099598599598,0.1693157859845087,0.18754781095776707,0.16582099598599598,7,6,1,6,6,0,7,7,0,1,4.7264e-05,0.005503424,7.6e-06,0.005161601,0.000228566,0.00422868097666651,0.008004888950381428,0.0011643960024230182,0.0017454620101489127,0.016761425009462982,13.9993116607,1.06085347947,0.000868383450107,0.061473385820547996,0.09096476720910232,0.1398843603195459
38,1,reference_ik,randomized,central,False,False,reference_ik,0.06157843803521246,0.06395520403748378,0.08218722901074216,6.0,0,0,0,0,0,0,0,0,0,0,0,0,0,0,0,0.00422868097666651,0.008004888950381428,0.0011643960024230182,0.0017454620101489127,0.016761425009462982,,,,,,
38,2,reference_ik,randomized,central,False,False,reference_ik,0.059938543010503054,0.06184601498534903,0.0800780399586074,6.0,0,0,0,0,0,0,0,0,0,0,0,0,0,0,0,0.00422868097666651,0.008004888950381428,0.0011643960024230182,0.0017454620101489127,0.016761425009462982,,,,,,
38,2,hybrid_30mm,randomized,central,False,True,,0.24212631600676104,0.24477871600538492,0.2630107409786433,0.24212631600676104,21,11,6,15,10,0,21,19,0,8,3.7893e-05,0.032295179,7.913e-06,0.031792009,0.000323846,0.00422868097666651,0.008004888950381428,0.0011643960024230182,0.0017454620101489127,0.016761425009462982,13.4959802482,1.14027771711,0.000903801123568,0.0687411691037811,0.08894317909514664,0.14181079165826144
38,2,gmr_30mm,randomized,central,False,True,,0.1961390600190498,0.1990767850074917,0.21730880998075008,0.1961390600190498,6,4,0,6,4,0,6,5,0,1,3.6107e-05,0.009767094,5.664e-06,0.009556909,0.000132453,0.00422868097666651,0.008004888950381428,0.0011643960024230182,0.0017454620101489127,0.016761425009462982,14.1161355702,1.38590191224,0.000995983462473,0.06084337198612082,0.09802442670386717,0.15986015500219403
38,2,gmm,randomized,central,False,True,,0.1541209599818103,0.1570204439922236,0.17525246896548197,0.1541209599818103,16,10,16,0,0,0,16,12,0,2,3.0126e-05,0.040635402,6.044e-06,0.040054971,0.000342998,0.00422868097666651,0.008004888950381428,0.0011643960024230182,0.0017454620101489127,0.016761425009462982,13.8466492552,1.08928339161,0.00141815831027,0.08726213160347929,0.15027870639942212,0.23095247226748605
38,3,gmm,randomized,central,False,True,,0.040541393973398954,0.04313187801744789,0.061363902990706265,0.040541393973398954,2,2,2,0,0,0,2,2,0,0,1.145e-05,0.001113165,1.815e-06,0.001051726,2.7302e-05,0.00422868097666651,0.008004888950381428,0.0011643960024230182,0.0017454620101489127,0.016761425009462982,5.00241689064,0.542593052512,0.00037782355421,0.08935612263405149,0.039274809987191295,0.07884836591182587
38,3,reference_ik,randomized,central,False,False,reference_ik,0.05973994598025456,0.061601608991622925,0.0798336339648813,6.0,0,0,0,0,0,0,0,0,0,0,0,0,0,0,0,0.00422868097666651,0.008004888950381428,0.0011643960024230182,0.0017454620101489127,0.016761425009462982,,,,,,
38,3,hybrid_30mm,randomized,central,False,True,,0.19702126597985625,0.19963506300700828,0.21786708798026666,0.19702126597985625,1,1,0,1,1,0,1,1,0,0,1.2061e-05,0.000515978,1.832e-06,0.000485093,1.8852e-05,0.00422868097666651,0.008004888950381428,0.0011643960024230182,0.0017454620101489127,0.016761425009462982,13.5945257099,1.19816106294,0.000620107358793,0.06734257960313542,0.07250528081798553,0.1144249725414796
38,3,gmr_30mm,randomized,central,False,True,,0.2298897429718636,0.2327764660003595,0.2510084909736179,0.2298897429718636,6,5,0,6,5,0,6,6,0,1,1.1593e-05,0.001883805,4.273e-06,0.001766325,6.9849e-05,0.00422868097666651,0.008004888950381428,0.0011643960024230182,0.0017454620101489127,0.016761425009462982,16.6899461522,0.842973013636,0.00106507332728,0.08881050823193001,0.04449421793224676,0.0938138177572711
38,4,gmm,randomized,central,False,True,,0.17098727700067684,0.17372177203651518,0.19195379700977355,0.17098727700067684,9,5,9,0,0,0,9,7,0,2,5.0151e-05,0.017319898,1.4305e-05,0.016805038,0.000261711,0.00422868097666651,0.008004888950381428,0.0011643960024230182,0.0017454620101489127,0.016761425009462982,13.8288649168,1.09050538342,0.000722479531656,0.08521572406053882,0.13216677606204458,0.23509564605539018
38,4,reference_ik,randomized,central,False,False,reference_ik,0.0625780220143497,0.06539721705485135,0.08362924202810973,6.0,0,0,0,0,0,0,0,0,0,0,0,0,0,0,0,0.00422868097666651,0.008004888950381428,0.0011643960024230182,0.0017454620101489127,0.016761425009462982,,,,,,
38,4,hybrid_30mm,randomized,central,False,True,,0.07070993597153574,0.0734421469969675,0.09167417197022587,0.07070993597153574,7,6,1,6,5,0,7,7,0,1,1.248e-05,0.004050313,3.398e-06,0.003924036,7.3072e-05,0.00422868097666651,0.008004888950381428,0.0011643960024230182,0.0017454620101489127,0.016761425009462982,10.6242978984,0.746797660643,0.000381905962194,0.07336955503215505,0.055875249250411194,0.11108289923213144
38,4,gmr_30mm,randomized,central,False,True,,0.1605055519612506,0.1635610070079565,0.18179303198121488,0.1605055519612506,4,2,0,4,2,0,4,4,0,2,7.2465e-05,0.009071003,7.551e-06,0.008677373,0.000289263,0.00422868097666651,0.008004888950381428,0.0011643960024230182,0.0017454620101489127,0.016761425009462982,10.9055666782,0.781094266968,0.000813707033229,0.07664207828669581,0.06490539343901575,0.12503295123674832
115,0,gmr_30mm,randomized,distant,False,True,,0.10121050901943818,0.10370221099583432,0.12166656099725515,0.10121050901943818,2,2,0,2,2,0,2,2,0,0,3.2238e-05,0.006071813,3.9e-06,0.005771356,0.000246199,0.00427998200757429,0.008074038021732122,0.0008620609878562391,0.0017208770150318742,0.016558570961933583,5.37893844827,0.563134143151,0.0202744123388,0.12380530016914552,0.04358170906465412,0.07910323778689005
115,0,reference_ik,randomized,distant,False,True,,0.15051602898165584,0.15411619399674237,0.1720805439981632,0.15051602898165584,0,0,0,0,0,0,0,0,0,0,0,0,0,0,0,0.00427998200757429,0.008074038021732122,0.0008620609878562391,0.0017208770150318742,0.016558570961933583,5.69589482551,0.75259304631,0.0682933896981,0.13176361385067561,0.005255257031311755,0.06096436623858136
115,0,gmm,randomized,distant,False,True,,0.09055759897455573,0.09358161099953577,0.1115459610009566,0.09055759897455573,3,3,3,0,0,0,3,3,0,0,5.1517e-05,0.004346276,5.78e-06,0.004113298,9.3436e-05,0.00427998200757429,0.008074038021732122,0.0008620609878562391,0.0017208770150318742,0.016558570961933583,5.37204468751,0.785038461749,0.0869145410754,0.13176361385067561,0.10307696430398723,0.19588044359564669
115,0,hybrid_30mm,randomized,distant,False,True,,0.07332565903197974,0.07683640602044761,0.09480075602186844,0.07332565903197974,3,2,1,2,2,0,3,2,0,0,2.1311e-05,0.007367864,3.714e-06,0.007258161,6.064e-05,0.00427998200757429,0.008074038021732122,0.0008620609878562391,0.0017208770150318742,0.016558570961933583,9.62819161981,0.763117505608,0.0135887142471,0.1114833931046416,0.06752012419609257,0.1253888198297575
115,1,gmr_30mm,randomized,distant,False,True,,0.1342986580566503,0.13772039499599487,0.1556847449974157,0.1342986580566503,3,3,0,3,3,0,3,3,0,0,6.3468e-05,0.002990222,6.905e-06,0.002806757,0.000100303,0.00427998200757429,0.008074038021732122,0.0008620609878562391,0.0017208770150318742,0.016558570961933583,5.23033775392,0.609753891847,0.0270521955903,0.1266208835977569,0.03513008895611692,0.06036291065042143
115,1,reference_ik,randomized,distant,False,True,,0.14563535299384966,0.14917939598672092,0.16714374598814175,0.14563535299384966,0,0,0,0,0,0,0,0,0,0,0,0,0,0,0,0.00427998200757429,0.008074038021732122,0.0008620609878562391,0.0017208770150318742,0.016558570961933583,5.69589482551,0.75259304631,0.0682933896981,0.13176361385067561,0.005255257031311755,0.06096436623858136
115,1,hybrid_30mm,randomized,distant,False,True,,0.07776108395773917,0.08063417498487979,0.09859852498630062,0.07776108395773917,1,1,0,1,1,0,1,1,0,0,3.3145e-05,0.001163835,3.448e-06,0.00107682,4.7929e-05,0.00427998200757429,0.008074038021732122,0.0008620609878562391,0.0017208770150318742,0.016558570961933583,8.01268285373,0.636746437283,0.0393427012189,0.13176361385067561,0.026415311196293766,0.06071947812665827
115,1,gmm,randomized,distant,False,True,,0.11099199997261167,0.11404600302921608,0.1320103530306369,0.11099199997261167,2,1,2,0,0,0,2,1,0,0,1.1505e-05,0.006159309,4.836e-06,0.005949698,8.8369e-05,0.00427998200757429,0.008074038021732122,0.0008620609878562391,0.0017208770150318742,0.016558570961933583,11.5278007202,0.827695689364,0.000252307906735,0.11239720173806168,0.0508843729474666,0.11964456159356314
115,2,gmr_30mm,randomized,distant,False,True,,0.12034851696807891,0.1234394260100089,0.14140377601142973,0.12034851696807891,1,1,0,1,1,0,1,1,0,0,1.0295e-05,0.001011944,3.641e-06,0.000899756,6.7645e-05,0.00427998200757429,0.008074038021732122,0.0008620609878562391,0.0017208770150318742,0.016558570961933583,5.53870376005,0.680415139356,0.06574919637,0.13176361385067561,0.03450671418968599,0.06060448172101965
115,2,reference_ik,randomized,distant,False,True,,0.17178768798476085,0.1747586730052717,0.19272302300669253,0.17178768798476085,0,0,0,0,0,0,0,0,0,0,0,0,0,0,0,0.00427998200757429,0.008074038021732122,0.0008620609878562391,0.0017208770150318742,0.016558570961933583,5.69589482551,0.75259304631,0.0682933896981,0.13176361385067561,0.005255257031311755,0.06096436623858136
115,2,gmm,randomized,distant,False,True,,0.034687927982304245,0.03756701300153509,0.055531363002955914,0.034687927982304245,5,4,5,0,0,0,5,4,0,0,1.0666e-05,0.007482887,2.544e-06,0.00737553,5.1331e-05,0.00427998200757429,0.008074038021732122,0.0008620609878562391,0.0017208770150318742,0.016558570961933583,6.10501782364,0.512338330255,0.041501820671,0.12965494115108267,0.0815459515556813,0.12564465671889746
115,2,hybrid_30mm,randomized,distant,False,True,,0.18308549898210913,0.18615362397395074,0.20411797397537157,0.18308549898210913,2,2,0,2,2,0,2,2,0,0,3.5391e-05,0.007943498,4.05e-06,0.00780917,7.5757e-05,0.00427998200757429,0.008074038021732122,0.0008620609878562391,0.0017208770150318742,0.016558570961933583,13.039026122,0.971576859927,0.0666225128066,0.13176361385067561,0.11663802391885313,0.22783857453744893
115,3,reference_ik,randomized,distant,False,True,,0.14888586598681286,0.15221484599169344,0.17017919599311426,0.14888586598681286,0,0,0,0,0,0,0,0,0,0,0,0,0,0,0,0.00427998200757429,0.008074038021732122,0.0008620609878562391,0.0017208770150318742,0.016558570961933583,5.69589482551,0.75259304631,0.0682933896981,0.13176361385067561,0.005255257031311755,0.06096436623858136
115,3,gmm,randomized,distant,False,True,,0.14629324997076765,0.14962047600420192,0.16758482600562274,0.14629324997076765,3,1,3,0,0,0,3,2,0,1,4.8174e-05,0.021156297,4.024e-06,0.021049902,3.6834e-05,0.00427998200757429,0.008074038021732122,0.0008620609878562391,0.0017208770150318742,0.016558570961933583,6.18511377217,0.639760872109,0.0156246303718,0.13176361385067561,0.04675199180826826,0.06618888629696644
115,3,hybrid_30mm,randomized,distant,False,True,,0.1338944449671544,0.13746481097768992,0.15542916097911075,0.1338944449671544,1,1,0,1,1,0,1,1,0,0,5.7207e-05,0.004818303,5.141e-06,0.004760254,1.7786e-05,0.00427998200757429,0.008074038021732122,0.0008620609878562391,0.0017208770150318742,0.016558570961933583,13.7561910416,0.889271492223,0.0869145410754,0.13176361385067561,0.044795948682129244,0.0840915491259553
115,3,gmr_30mm,randomized,distant,False,True,,0.11842314200475812,0.12162585399346426,0.1395902039948851,0.11842314200475812,1,1,0,1,1,0,1,1,0,0,2.8777e-05,0.003961006,3.881e-06,0.003866089,5.3515e-05,0.00427998200757429,0.008074038021732122,0.0008620609878562391,0.0017208770150318742,0.016558570961933583,7.95045819694,0.614131914588,0.0358740031899,0.13176361385067561,0.024945323433087942,0.059945802064866605
115,4,reference_ik,randomized,distant,False,True,,0.14956407702993602,0.1526902670157142,0.17065461701713502,0.14956407702993602,0,0,0,0,0,0,0,0,0,0,0,0,0,0,0,0.00427998200757429,0.008074038021732122,0.0008620609878562391,0.0017208770150318742,0.016558570961933583,5.69589482551,0.75259304631,0.0682933896981,0.13176361385067561,0.005255257031311755,0.06096436623858136
115,4,hybrid_30mm,randomized,distant,False,True,,0.0900762400124222,0.09258085099281743,0.11054520099423826,0.0900762400124222,1,1,0,1,1,0,1,1,0,0,5.082e-05,0.004140615,4.661e-06,0.004090122,1.5187e-05,0.00427998200757429,0.008074038021732122,0.0008620609878562391,0.0017208770150318742,0.016558570961933583,3.61190352352,0.566091930872,0.0464185273882,0.13158816976788285,0.037092397925744376,0.06877409624699862
115,4,gmr_30mm,randomized,distant,False,True,,0.1137720609549433,0.11697656201431528,0.1349409120157361,0.1137720609549433,8,7,0,8,7,0,8,7,0,0,5.9241e-05,0.013868677,7.672e-06,0.013680246,9.8548e-05,0.00427998200757429,0.008074038021732122,0.0008620609878562391,0.0017208770150318742,0.016558570961933583,10.3115933723,0.80376251776,0.0276425779349,0.12670882686328389,0.05484161032419543,0.08368229270955353
115,4,gmm,randomized,distant,False,True,,0.11758276302134618,0.12073182302992791,0.13869617303134874,0.11758276302134618,13,5,13,0,0,0,13,6,0,1,7.4643e-05,0.047405134,8.148e-06,0.046997881,0.000179548,0.00427998200757429,0.008074038021732122,0.0008620609878562391,0.0017208770150318742,0.016558570961933583,6.5820078234,0.759186070463,0.037599606982,0.12710636565898276,0.10861990710069061,0.1955655892739793
4,0,gmm,randomized,central,False,True,,0.17493403004482388,0.17788673302857205,0.19687515904661268,0.17493403004482388,9,6,9,0,0,0,9,8,0,2,4.5077e-05,0.017081965,5.058e-06,0.016707609,0.000190007,0.004838410997763276,0.008632664976175874,0.0008581900037825108,0.0017203810275532305,0.017664382990915328,13.5825944293,1.08934026772,0.0467165683157,0.139586628605849,0.13891122310411488,0.27297120446735856
4,0,gmr_30mm,randomized,central,False,True,,0.1754347340320237,0.1786116290022619,0.19760005502030253,0.1754347340320237,1,1,0,1,1,0,1,1,0,0,4.9167e-05,0.001956871,5.122e-06,0.001816567,8.818e-05,0.004838410997763276,0.008632664976175874,0.0008581900037825108,0.0017203810275532305,0.017664382990915328,11.6738977369,0.676719118699,0.0262508083084,0.06546857846737933,0.05294299967599972,0.09934126463281301
4,0,hybrid_30mm,randomized,central,False,True,,0.05994136800291017,0.06325604900484905,0.08224447502288967,0.05994136800291017,5,2,1,4,1,0,5,5,0,3,1.1805e-05,0.006484408,3.306e-06,0.006353475,8.024e-05,0.004838410997763276,0.008632664976175874,0.0008581900037825108,0.0017203810275532305,0.017664382990915328,8.75219217918,0.585300271862,0.0176286272392,0.058771596695014514,0.039157022191297304,0.09952001545354573
4,0,reference_ik,randomized,central,False,True,,0.15137821796815842,0.15429098199820146,0.1732794080162421,0.15137821796815842,0,0,0,0,0,0,0,0,0,0,0,0,0,0,0,0.004838410997763276,0.008632664976175874,0.0008581900037825108,0.0017203810275532305,0.017664382990915328,4.82411798204,0.730357348674,0.0165241139847,0.08343432638708372,0.00872956246025099,0.09946657132804969
4,1,hybrid_30mm,randomized,central,False,True,,0.12029862101189792,0.12354853498982266,0.14253696100786328,0.12029862101189792,4,4,1,3,3,0,4,4,0,0,1.999e-05,0.002986423,3.782e-06,0.002795964,0.000126254,0.004838410997763276,0.008632664976175874,0.0008581900037825108,0.0017203810275532305,0.017664382990915328,14.4964335515,0.849238309057,0.00196564177962,0.10516275462323135,0.05303611147232239,0.09874607687142858
4,1,gmm,randomized,central,False,True,,0.2068498200387694,0.21022983797593042,0.22921826399397105,0.2068498200387694,10,5,10,0,0,0,10,8,0,3,1.1377e-05,0.020174175,3.655e-06,0.019826717,0.000197304,0.004838410997763276,0.008632664976175874,0.0008581900037825108,0.0017203810275532305,0.017664382990915328,19.0703993449,1.29084038035,0.046591590949,0.13296311861090626,0.19997041680075778,0.2819161315929545
4,1,reference_ik,randomized,central,False,True,,0.14720822498202324,0.14998514001490548,0.1689735660329461,0.14720822498202324,0,0,0,0,0,0,0,0,0,0,0,0,0,0,0,0.004838410997763276,0.008632664976175874,0.0008581900037825108,0.0017203810275532305,0.017664382990915328,4.82411798204,0.730357348674,0.0165241139847,0.08343432638708372,0.00872956246025099,0.09946657132804969
4,1,gmr_30mm,randomized,central,False,True,,0.3042523469775915,0.3075511219794862,0.3265395479975268,0.3042523469775915,12,8,0,12,8,0,12,12,0,4,4.7771e-05,0.01807922,1.48e-05,0.01743872,0.000456029,0.004838410997763276,0.008632664976175874,0.0008581900037825108,0.0017203810275532305,0.017664382990915328,20.9931971612,1.1656891746,0.0114022323484,0.06861798415293426,0.0739571468465743,0.19925833991489686
4,2,hybrid_30mm,randomized,central,False,True,,0.15366596600506455,0.156341073976364,0.17532949999440461,0.15366596600506455,2,1,1,1,1,0,2,1,0,0,5.0753e-05,0.008787139,5.282e-06,0.00868989,1.4382e-05,0.004838410997763276,0.008632664976175874,0.0008581900037825108,0.0017203810275532305,0.017664382990915328,11.9900044139,0.70631003995,0.00605878059968,0.05124100945992683,0.04230022853589443,0.09856662049861092
4,2,gmr_30mm,randomized,central,False,True,,0.06993853900348768,0.07300627400400117,0.0919947000220418,0.06993853900348768,3,2,0,3,2,0,3,2,0,0,4.8361e-05,0.010787357,5.78e-06,0.010662561,7.0172e-05,0.004838410997763276,0.008632664976175874,0.0008581900037825108,0.0017203810275532305,0.017664382990915328,4.96173508984,0.582093252223,0.0286640194327,0.07573699405072322,0.044782515412059035,0.09951780592039744
4,2,gmm,randomized,central,False,True,,0.17262482200749218,0.17536967602791265,0.19435810204595327,0.17262482200749218,15,8,15,0,0,0,15,12,0,4,4.9424e-05,0.035753261,6.772e-06,0.035246857,0.000298622,0.004838410997763276,0.008632664976175874,0.0008581900037825108,0.0017203810275532305,0.017664382990915328,13.0756674956,1.00550661545,0.035223688936,0.13515311561085638,0.1677640653511601,0.2679029324093253
4,2,reference_ik,randomized,central,False,True,,0.14052307099336758,0.14273479103576392,0.16172321705380455,0.14052307099336758,0,0,0,0,0,0,0,0,0,0,0,0,0,0,0,0.004838410997763276,0.008632664976175874,0.0008581900037825108,0.0017203810275532305,0.017664382990915328,4.82411798204,0.730357348674,0.0165241139847,0.08343432638708372,0.00872956246025099,0.09946657132804969
4,3,gmr_30mm,randomized,central,False,True,,0.1822745599783957,0.18495236901799217,0.2039407950360328,0.1822745599783957,5,3,0,5,3,0,5,5,0,2,4.8556e-05,0.012112975,8.196e-06,0.011719247,0.000240612,0.004838410997763276,0.008632664976175874,0.0008581900037825108,0.0017203810275532305,0.017664382990915328,11.4389829563,0.886263246632,0.0224551285842,0.10580127529140312,0.09456595380976132,0.25163078122712335
4,3,reference_ik,randomized,central,False,True,,0.14028812001924962,0.143796770949848,0.16278519696788862,0.14028812001924962,0,0,0,0,0,0,0,0,0,0,0,0,0,0,0,0.004838410997763276,0.008632664976175874,0.0008581900037825108,0.0017203810275532305,0.017664382990915328,4.82411798204,0.730357348674,0.0165241139847,0.08343432638708372,0.00872956246025099,0.09946657132804969
4,3,hybrid_30mm,randomized,central,False,True,,0.13246285397326574,0.135755664028693,0.15474409004673362,0.13246285397326574,8,7,1,7,6,0,8,8,0,1,1.6962e-05,0.012774293,8.895e-06,0.012271089,0.000342039,0.004838410997763276,0.008632664976175874,0.0008581900037825108,0.0017203810275532305,0.017664382990915328,13.4735426275,0.882403394065,0.00135323429009,0.0594058118422967,0.07623829284396065,0.1347975692938415
4,3,gmm,randomized,central,False,True,,0.3451169090112671,0.3490320239798166,0.3680204499978572,0.3451169090112671,21,10,21,0,0,0,21,17,0,7,5.5786e-05,0.038784472,8.897e-06,0.038201902,0.000296906,0.004838410997763276,0.008632664976175874,0.0008581900037825108,0.0017203810275532305,0.017664382990915328,20.2960537741,1.27180595392,0.0341093674131,0.10101531839698288,0.08186532268511043,0.1980484168997925
4,4,gmr_30mm,randomized,central,False,True,,0.29123674501897767,0.2945166290155612,0.3135050550336018,0.29123674501897767,9,8,0,9,8,0,9,8,0,0,3.8389e-05,0.013897947,7.099e-06,0.013638405,0.00016455,0.004838410997763276,0.008632664976175874,0.0008581900037825108,0.0017203810275532305,0.017664382990915328,21.2849617367,1.54896548614,0.00144622972764,0.04846988975019429,0.0804738623902677,0.2569615515524688
4,4,reference_ik,randomized,central,False,True,,0.14497151802061126,0.14781591400969774,0.16680434002773836,0.14497151802061126,0,0,0,0,0,0,0,0,0,0,0,0,0,0,0,0.004838410997763276,0.008632664976175874,0.0008581900037825108,0.0017203810275532305,0.017664382990915328,4.82411798204,0.730357348674,0.0165241139847,0.08343432638708372,0.00872956246025099,0.09946657132804969
4,4,gmm,randomized,central,False,True,,0.13632652000524104,0.13935081695672125,0.15833924297476187,0.13632652000524104,1,1,1,0,0,0,1,1,0,0,2.7204e-05,0.003370503,1.705e-06,0.003310241,1.6562e-05,0.004838410997763276,0.008632664976175874,0.0008581900037825108,0.0017203810275532305,0.017664382990915328,14.2751350908,0.922330517007,0.0203635611724,0.06084422991696516,0.09296459159699066,0.1778781288569112
4,4,hybrid_30mm,randomized,central,False,True,,0.14823159499792382,0.15168007201282308,0.1706684980308637,0.14823159499792382,5,4,0,5,4,0,5,4,0,0,1.2962e-05,0.008616151,3.991e-06,0.00848929,8.105e-05,0.004838410997763276,0.008632664976175874,0.0008581900037825108,0.0017203810275532305,0.017664382990915328,8.976514657,0.679206616628,0.0231991303251,0.12841075146401895,0.04033295787682929,0.09970668545055354
60,0,gmr_30mm,randomized,offset,False,True,,0.15387985797133297,0.15716807101853192,0.17552460299339145,0.15387985797133297,3,2,0,3,2,0,3,3,0,1,5.3915e-05,0.01197809,3.2084e-05,0.011184953,0.000624084,0.004309871990699321,0.008039614011067897,0.0008714880095794797,0.0017365710227750242,0.016562298987992108,13.3213437091,1.18875462045,0.0328890798874,0.09234857849045575,0.07778653674334723,0.13992294401056712
60,0,gmm,randomized,offset,False,True,,0.15800454904092476,0.16131749597843736,0.1796740279532969,0.15800454904092476,5,2,5,0,0,0,5,4,0,2,7.7209e-05,0.011127521,4.375e-06,0.010948244,8.8109e-05,0.004309871990699321,0.008039614011067897,0.0008714880095794797,0.0017365710227750242,0.016562298987992108,13.019960798,1.37649227593,0.0336128216971,0.09483999019197605,0.09801066655009467,0.13345163110149152
60,0,reference_ik,randomized,offset,False,True,,0.12751398899126798,0.13028288900386542,0.14863942097872496,0.12751398899126798,0,0,0,0,0,0,0,0,0,0,0,0,0,0,0,0.004309871990699321,0.008039614011067897,0.0008714880095794797,0.0017365710227750242,0.016562298987992108,4.70522675191,0.673809601571,0.0275514579122,0.10955479887213694,0.0021092185986892734,0.033252218792121244
60,0,hybrid_30mm,randomized,offset,False,True,,0.23804813902825117,0.2412265120074153,0.25958304398227483,0.23804813902825117,16,12,5,11,8,0,16,14,0,2,5.571e-05,0.02872245,1.2616e-05,0.028248922,0.000274245,0.004309871990699321,0.008039614011067897,0.0008714880095794797,0.0017365710227750242,0.016562298987992108,14.3805305869,1.44548304742,0.033736882714,0.09055011214773737,0.09694568111239737,0.19130072898157213
60,1,gmm,randomized,offset,False,True,,0.11892823199741542,0.12195158802205697,0.1403081199969165,0.11892823199741542,3,2,3,0,0,0,3,2,0,0,1.1439e-05,0.010563656,1.808e-06,0.010402398,0.000113071,0.004309871990699321,0.008039614011067897,0.0008714880095794797,0.0017365710227750242,0.016562298987992108,13.3263211134,1.0226138698,0.0330633039715,0.090352399543788,0.06671158550273275,0.13998349898730084
60,1,gmr_30mm,randomized,offset,False,True,,0.15943846898153424,0.16211770405061543,0.18047423602547497,0.15943846898153424,1,1,0,1,1,0,1,1,0,0,1.175e-05,0.00023051,1.76e-06,0.000170498,4.2928e-05,0.004309871990699321,0.008039614011067897,0.0008714880095794797,0.0017365710227750242,0.016562298987992108,12.3895260288,1.12549538225,0.0181950265832,0.10874462387192306,0.23969583548622758,0.3599926557529898
60,1,hybrid_30mm,randomized,offset,False,True,,0.19899753102799878,0.2021296099992469,0.22048614197410643,0.19899753102799878,1,1,0,1,1,0,1,1,0,0,4.9085e-05,0.001171944,6.428e-06,0.00090379,0.000196362,0.004309871990699321,0.008039614011067897,0.0008714880095794797,0.0017365710227750242,0.016562298987992108,12.5810638,1.06716064924,0.0076852705365,0.10578856754642248,0.2322917101731237,0.3405580853766246
60,1,reference_ik,randomized,offset,False,True,,0.12027347198454663,0.12273574096616358,0.1410922729410231,0.12027347198454663,0,0,0,0,0,0,0,0,0,0,0,0,0,0,0,0.004309871990699321,0.008039614011067897,0.0008714880095794797,0.0017365710227750242,0.016562298987992108,4.70522675191,0.673809601571,0.0275514579122,0.10955479887213694,0.0021092185986892734,0.033252218792121244
60,2,hybrid_30mm,randomized,offset,False,True,,0.17714987503131852,0.18009787402115762,0.19845440599601716,0.17714987503131852,3,3,0,3,3,0,3,3,0,0,4.6993e-05,0.005966629,6.031e-06,0.005716189,0.000162623,0.004309871990699321,0.008039614011067897,0.0008714880095794797,0.0017365710227750242,0.016562298987992108,14.0315079531,1.04896192672,0.0337982216054,0.10955479887213694,0.09754115623539875,0.17039439590725516
60,2,reference_ik,randomized,offset,False,True,,0.12689285702072084,0.1301086900057271,0.14846522198058665,0.12689285702072084,0,0,0,0,0,0,0,0,0,0,0,0,0,0,0,0.004309871990699321,0.008039614011067897,0.0008714880095794797,0.0017365710227750242,0.016562298987992108,4.70522675191,0.673809601571,0.0275514579122,0.10955479887213694,0.0021092185986892734,0.033252218792121244
60,2,gmm,randomized,offset,False,True,,0.037151028984226286,0.03956447500968352,0.057921006984543055,0.037151028984226286,8,7,8,0,0,0,8,8,0,1,1.1555e-05,0.005793406,2.493e-06,0.00559262,0.000116285,0.004309871990699321,0.008039614011067897,0.0008714880095794797,0.0017365710227750242,0.016562298987992108,4.21370013716,0.536326636754,0.0331700360855,0.10889448769797724,0.04026752674159235,0.0859979968731771
60,2,gmr_30mm,randomized,offset,False,True,,0.10725053097121418,0.10989017196698114,0.12824670394184068,0.10725053097121418,6,4,0,6,4,0,6,4,0,0,4.5935e-05,0.027766292,9.825e-06,0.027381907,0.000249106,0.004309871990699321,0.008039614011067897,0.0008714880095794797,0.0017365710227750242,0.016562298987992108,8.26475349845,0.519917027066,0.0185721468776,0.10953477525204956,0.038956157322329245,0.07373640210739686
60,3,gmm,randomized,offset,False,True,,0.16094354703091085,0.16370823403121904,0.18206476600607857,0.16094354703091085,7,4,7,0,0,0,7,6,0,2,2.4621e-05,0.008933171,4.306e-06,0.00872667,0.000102083,0.004309871990699321,0.008039614011067897,0.0008714880095794797,0.0017365710227750242,0.016562298987992108,13.103127199,1.6018617448,0.0340925886666,0.08662577103134465,0.1346928193912109,0.21144233447612196
60,3,reference_ik,randomized,offset,False,True,,0.12806774402270094,0.13109810696914792,0.14945463894400746,0.12806774402270094,0,0,0,0,0,0,0,0,0,0,0,0,0,0,0,0.004309871990699321,0.008039614011067897,0.0008714880095794797,0.0017365710227750242,0.016562298987992108,4.70522675191,0.673809601571,0.0275514579122,0.10955479887213694,0.0021092185986892734,0.033252218792121244
60,3,gmr_30mm,randomized,offset,False,True,,0.09928611398208886,0.10233869298826903,0.12069522496312857,0.09928611398208886,5,2,0,5,2,0,5,3,0,1,2.1048e-05,0.016188378,4.736e-06,0.016026763,0.000103899,0.004309871990699321,0.008039614011067897,0.0008714880095794797,0.0017365710227750242,0.016562298987992108,12.9194219805,1.02643795059,0.0335264321056,0.10955479887213694,0.05998536800991759,0.11675743482771413
60,3,hybrid_30mm,randomized,offset,False,True,,0.11437527096131817,0.11775865900563076,0.1361151909804903,0.11437527096131817,4,3,0,4,3,0,4,3,0,0,1.4492e-05,0.009031991,2.786e-06,0.008932334,5.9777e-05,0.004309871990699321,0.008039614011067897,0.0008714880095794797,0.0017365710227750242,0.016562298987992108,12.5723646581,0.692329508578,0.0337497520568,0.10955479887213694,0.03895936412709896,0.07807755076380052
60,4,gmm,randomized,offset,False,True,,0.13518326298799366,0.13805767701705918,0.1564142089919187,0.13518326298799366,2,1,2,0,0,0,2,1,0,0,4.7079e-05,0.007741096,3.876e-06,0.007631949,2.4935e-05,0.004309871990699321,0.008039614011067897,0.0008714880095794797,0.0017365710227750242,0.016562298987992108,13.8355118532,1.71066662518,0.0099793166253,0.10867693046058152,0.151086053858938,0.27121304482301045
60,4,reference_ik,randomized,offset,False,True,,0.12718653999036178,0.13018776901299134,0.14854430098785087,0.12718653999036178,0,0,0,0,0,0,0,0,0,0,0,0,0,0,0,0.004309871990699321,0.008039614011067897,0.0008714880095794797,0.0017365710227750242,0.016562298987992108,4.70522675191,0.673809601571,0.0275514579122,0.10955479887213694,0.0021092185986892734,0.033252218792121244
60,4,hybrid_30mm,randomized,offset,False,True,,0.11932159104617313,0.12184166099177673,0.14019819296663627,0.11932159104617313,6,4,2,4,4,0,6,4,0,0,5.2022e-05,0.016189377,5.652e-06,0.016002379,9.6168e-05,0.004309871990699321,0.008039614011067897,0.0008714880095794797,0.0017365710227750242,0.016562298987992108,5.43132952671,0.504135729236,0.0131261435038,0.10763881423407162,0.04660478128069676,0.06983609684126942
60,4,gmr_30mm,randomized,offset,False,True,,0.158852765976917,0.16136153700063005,0.1797180689754896,0.158852765976917,7,6,0,7,6,0,7,6,0,0,4.8601e-05,0.019803432,1.0982e-05,0.019174821,0.000443621,0.004309871990699321,0.008039614011067897,0.0008714880095794797,0.0017365710227750242,0.016562298987992108,12.0302345398,1.09014592272,0.0337429241002,0.08549580280247286,0.05169516004684322,0.12846944788434558
99,0,gmr_30mm,randomized,distant,False,True,,0.05804667802294716,0.06196529901353642,0.0799285169923678,0.05804667802294716,2,2,0,2,2,0,2,2,0,0,4.6358e-05,0.004631874,5.431e-06,0.004420365,0.000128458,0.00427561899414286,0.008018104010261595,0.0008526499732397497,0.0016826990176923573,0.016411043994594365,2.18054079974,0.326225138917,0.0559750288479,0.15939593159680485,0.060492268675605206,0.1250810675779093
99,0,hybrid_30mm,randomized,distant,False,True,,0.12207260803552344,0.12494260299718007,0.14290582097601146,0.12207260803552344,3,1,0,3,1,0,3,2,0,1,5.0115e-05,0.007750757,6.163e-06,0.007590257,8.9156e-05,0.00427561899414286,0.008018104010261595,0.0008526499732397497,0.0016826990176923573,0.016411043994594365,5.171582262,0.397308416292,0.0290570757416,0.14457116454345506,0.06230424512018892,0.10556552646896224
99,0,reference_ik,randomized,distant,False,True,,0.12730893795378506,0.13005322904791683,0.1480164470267482,0.12730893795378506,0,0,0,0,0,0,0,0,0,0,0,0,0,0,0,0.00427561899414286,0.008018104010261595,0.0008526499732397497,0.0016826990176923573,0.016411043994594365,4.48815355396,0.683592967807,0.0763205243306,0.16356897734967588,0.0019558383600469854,0.033532639866300534
99,0,gmm,randomized,distant,False,True,,0.04331932700006291,0.04615983599796891,0.06412305397680029,0.04331932700006291,4,3,4,0,0,0,4,3,0,0,1.5763e-05,0.016365013,4.273e-06,0.016160145,9.7891e-05,0.00427561899414286,0.008018104010261595,0.0008526499732397497,0.0016826990176923573,0.016411043994594365,4.74079673266,0.376444529595,0.0470897413798,0.15652805648376783,0.04320749351716429,0.09850636069198675
99,1,reference_ik,randomized,distant,False,True,,0.13177583296783268,0.13421315205050632,0.1521763700293377,0.13177583296783268,0,0,0,0,0,0,0,0,0,0,0,0,0,0,0,0.00427561899414286,0.008018104010261595,0.0008526499732397497,0.0016826990176923573,0.016411043994594365,4.48815355396,0.683592967807,0.0763205243306,0.16356897734967588,0.0019558383600469854,0.033532639866300534
99,1,hybrid_30mm,randomized,distant,False,True,,0.13076657097553834,0.13356705399928614,0.15153027197811753,0.13076657097553834,2,1,1,1,1,0,2,1,0,0,5.4003e-05,0.008126759,4.43e-06,0.008055766,1.5117e-05,0.00427561899414286,0.008018104010261595,0.0008526499732397497,0.0016826990176923573,0.016411043994594365,11.7973902944,0.76866783768,0.0679893868288,0.16356897734967588,0.04981073515961421,0.09840771166524778
99,1,gmr_30mm,randomized,distant,False,True,,0.08879637898644432,0.09132885799044743,0.10929207596927881,0.08879637898644432,3,2,0,3,2,0,3,2,0,0,4.8491e-05,0.01206062,5.217e-06,0.011830651,0.000144115,0.00427561899414286,0.008018104010261595,0.0008526499732397497,0.0016826990176923573,0.016411043994594365,8.82103475757,0.437123344815,0.0270017932976,0.14257726524064449,0.048291829025557426,0.11670145379767013
99,1,gmm,randomized,distant,False,True,,0.18048524804180488,0.18273139098891988,0.20069460896775126,0.18048524804180488,1,1,1,0,0,0,1,1,0,0,4.7492e-05,0.004530845,3.253e-06,0.004454802,2.1934e-05,0.00427561899414286,0.008018104010261595,0.0008526499732397497,0.0016826990176923573,0.016411043994594365,13.2696791517,0.904188464452,0.074551788047,0.16356897734967588,0.057676309953133116,0.12601257012136036
99,2,gmm,randomized,distant,False,True,,0.048986492038238794,0.05137890100013465,0.06934211897896603,0.048986492038238794,1,1,1,0,0,0,1,1,0,0,1.0688e-05,0.000471892,1.523e-06,0.000397218,4.0434e-05,0.00427561899414286,0.008018104010261595,0.0008526499732397497,0.0016826990176923573,0.016411043994594365,5.91212950012,0.380880108792,0.0553027648827,0.16356897734967588,0.03759479022175257,0.09924086823704661
99,2,reference_ik,randomized,distant,False,True,,0.13900613598525524,0.14131897001061589,0.15928218798944727,0.13900613598525524,0,0,0,0,0,0,0,0,0,0,0,0,0,0,0,0.00427561899414286,0.008018104010261595,0.0008526499732397497,0.0016826990176923573,0.016411043994594365,4.48815355396,0.683592967807,0.0763205243306,0.16356897734967588,0.0019558383600469854,0.033532639866300534
99,2,gmr_30mm,randomized,distant,False,True,,0.030579150014091283,0.03296057495754212,0.0509237929363735,0.030579150014091283,1,1,0,1,1,0,1,1,0,0,1.1751e-05,0.000301254,1.211e-06,0.000276582,1.322e-05,0.00427561899414286,0.008018104010261595,0.0008526499732397497,0.0016826990176923573,0.016411043994594365,4.90859138562,0.371253040829,0.0702754114079,0.16356897734967588,0.04460296717413415,0.08566380625394754
99,2,hybrid_30mm,randomized,distant,False,True,,0.09423012501792982,0.09657311002956703,0.11453632800839841,0.09423012501792982,1,1,0,1,1,0,1,1,0,0,2.4262e-05,0.001610903,5.203e-06,0.001392692,0.000149618,0.00427561899414286,0.008018104010261595,0.0008526499732397497,0.0016826990176923573,0.016411043994594365,7.05738775089,0.475380912119,0.0616279314098,0.16356897734967588,0.034027349432933195,0.09232278630418554
99,3,gmr_30mm,randomized,distant,False,True,,0.129961759026628,0.13258300197776407,0.15054621995659545,0.129961759026628,2,1,0,2,1,0,2,1,0,0,4.3478e-05,0.009123689,7.314e-06,0.008898387,9.1802e-05,0.00427561899414286,0.008018104010261595,0.0008526499732397497,0.0016826990176923573,0.016411043994594365,12.0999319897,0.779727547181,0.0554848617977,0.16356897734967588,0.10202203046828318,0.1470322777359712
99,3,gmm,randomized,distant,False,True,,0.13454223104054108,0.13686927704839036,0.15483249502722174,0.13454223104054108,4,2,4,0,0,0,4,2,0,0,4.995e-05,0.015996375,7.52e-06,0.01553162,0.000180545,0.00427561899414286,0.008018104010261595,0.0008526499732397497,0.0016826990176923573,0.016411043994594365,4.57883422602,0.360227440622,0.0763205243306,0.16356897734967588,0.05309101602950474,0.09439242779133426
99,3,reference_ik,randomized,distant,False,True,,0.13048303802497685,0.13277641596505418,0.15073963394388556,0.13048303802497685,0,0,0,0,0,0,0,0,0,0,0,0,0,0,0,0.00427561899414286,0.008018104010261595,0.0008526499732397497,0.0016826990176923573,0.016411043994594365,4.48815355396,0.683592967807,0.0763205243306,0.16356897734967588,0.0019558383600469854,0.033532639866300534
99,3,hybrid_30mm,randomized,distant,False,True,,0.11398799502057955,0.11691999400500208,0.13488321198383346,0.11398799502057955,2,1,0,2,1,0,2,1,0,0,5.3452e-05,0.010040198,9.562e-06,0.009835013,0.000129911,0.00427561899414286,0.008018104010261595,0.0008526499732397497,0.0016826990176923573,0.016411043994594365,12.1028562146,1.12066726702,0.0755907859664,0.16356897734967588,0.23712442869363579,0.3735208706679607
99,4,gmr_30mm,randomized,distant,False,True,,0.04322865599533543,0.04576150997309014,0.06372472795192152,0.04322865599533543,1,1,0,1,1,0,1,1,0,0,1.2014e-05,0.004454585,1.642e-06,0.004425963,1.7012e-05,0.00427561899414286,0.008018104010261595,0.0008526499732397497,0.0016826990176923573,0.016411043994594365,7.73764687163,0.511071578827,0.0763205243306,0.16356897734967588,0.040578861199347845,0.0710937472078592
99,4,gmm,randomized,distant,False,True,,0.1280058590346016,0.1306208570022136,0.14858407498104498,0.1280058590346016,3,3,3,0,0,0,3,3,0,0,1.291e-05,0.003529867,2.304e-06,0.003394365,7.7236e-05,0.00427561899414286,0.008018104010261595,0.0008526499732397497,0.0016826990176923573,0.016411043994594365,12.3277947168,0.600632005116,0.066527470183,0.16356897734967588,0.09500738759011983,0.15574946243561238
99,4,hybrid_30mm,randomized,distant,False,True,,0.10583969700383022,0.10829408199060708,0.12625729996943846,0.10583969700383022,2,1,1,1,0,0,2,1,0,0,1.226e-05,0.005951645,6.747e-06,0.005808823,4.6612e-05,0.00427561899414286,0.008018104010261595,0.0008526499732397497,0.0016826990176923573,0.016411043994594365,4.36185747661,0.42387349485,0.0568459552925,0.1617355042284741,0.043078125617841655,0.071027458857043
99,4,reference_ik,randomized,distant,False,True,,0.1313621190492995,0.1345959950122051,0.15255921299103647,0.1313621190492995,0,0,0,0,0,0,0,0,0,0,0,0,0,0,0,0.00427561899414286,0.008018104010261595,0.0008526499732397497,0.0016826990176923573,0.016411043994594365,4.48815355396,0.683592967807,0.0763205243306,0.16356897734967588,0.0019558383600469854,0.033532639866300534
46,0,reference_ik,randomized,offset,False,True,,0.14327524200780317,0.14560339698800817,0.163899942941498,0.14327524200780317,0,0,0,0,0,0,0,0,0,0,0,0,0,0,0,0.004245290998369455,0.008000726986210793,0.0012155359727330506,0.0017190529615618289,0.016774371964856982,4.72833637518,0.745618010654,0.000119995487318,0.06225982631304562,0.0049043438638614115,0.07968017026690732
46,0,gmm,randomized,offset,False,True,,0.06996081495890394,0.0725505180307664,0.09084706398425624,0.06996081495890394,5,2,5,0,0,0,5,4,0,2,2.4153e-05,0.012513656,3.305e-06,0.012371618,6.0929e-05,0.004245290998369455,0.008000726986210793,0.0012155359727330506,0.0017190529615618289,0.016774371964856982,7.79972800301,0.511775278726,0.000406218393208,0.059534805192456935,0.04256754790688142,0.08738619160682247
46,0,hybrid_30mm,randomized,offset,False,True,,0.0909127359627746,0.09350563504267484,0.11180218099616468,0.0909127359627746,2,2,1,1,1,0,2,2,0,0,4.8109e-05,0.005272146,3.968e-06,0.004982662,0.0001863,0.004245290998369455,0.008000726986210793,0.0012155359727330506,0.0017190529615618289,0.016774371964856982,3.89853229235,0.533756272246,0.00024527560615,0.06256334024868884,0.05188289934995921,0.09004904657606849
46,0,gmr_30mm,randomized,offset,False,True,,0.18094039300922304,0.18385876104002818,0.20215530699351802,0.18094039300922304,2,1,0,2,1,0,2,2,0,1,5.4422e-05,0.004572274,4.818e-06,0.004503258,2.9863e-05,0.004245290998369455,0.008000726986210793,0.0012155359727330506,0.0017190529615618289,0.016774371964856982,12.300558258,0.838345069409,0.000600378041974,0.05883269507418956,0.10033152723988989,0.1428563233668077
46,1,gmr_30mm,randomized,offset,False,True,,0.13537999097025022,0.1389585069846362,0.15725505293812603,0.13537999097025022,1,1,0,1,1,0,1,1,0,0,1.5398e-05,0.00111395,4.458e-06,0.000944875,0.000104023,0.004245290998369455,0.008000726986210793,0.0012155359727330506,0.0017190529615618289,0.016774371964856982,11.9493099371,0.756654536844,7.20456906842e-05,0.06245895208983787,0.053783440995987974,0.12487426576948168
46,1,gmm,randomized,offset,False,True,,0.1221494689816609,0.125591458985582,0.14388800493907183,0.1221494689816609,7,2,7,0,0,0,7,4,0,2,5.1944e-05,0.024700006,6.811e-06,0.024357335,0.000141083,0.004245290998369455,0.008000726986210793,0.0012155359727330506,0.0017190529615618289,0.016774371964856982,8.60434127352,0.665953012304,0.000329049654563,0.061566503709492,0.06495570362052401,0.09742588723048536
46,1,hybrid_30mm,randomized,offset,False,True,,0.10529623395996168,0.1079844799824059,0.12628102593589574,0.10529623395996168,13,9,1,12,8,0,13,12,0,3,1.0958e-05,0.010754968,6.209e-06,0.010451824,0.000193361,0.004245290998369455,0.008000726986210793,0.0012155359727330506,0.0017190529615618289,0.016774371964856982,5.70961927085,0.5155993865,0.000109735274608,0.0628473516151064,0.04773910597894085,0.07986340753937879
46,1,reference_ik,randomized,offset,False,True,,0.14243551500840113,0.14480205299332738,0.16309859894681722,0.14243551500840113,0,0,0,0,0,0,0,0,0,0,0,0,0,0,0,0.004245290998369455,0.008000726986210793,0.0012155359727330506,0.0017190529615618289,0.016774371964856982,4.72833637518,0.745618010654,0.000119995487318,0.06225982631304562,0.0049043438638614115,0.07968017026690732
46,2,reference_ik,randomized,offset,False,True,,0.14085091196466237,0.14336769201327115,0.161664237966761,0.14085091196466237,0,0,0,0,0,0,0,0,0,0,0,0,0,0,0,0.004245290998369455,0.008000726986210793,0.0012155359727330506,0.0017190529615618289,0.016774371964856982,4.72833637518,0.745618010654,0.000119995487318,0.06225982631304562,0.0049043438638614115,0.07968017026690732
46,2,hybrid_30mm,randomized,offset,False,True,,0.06108709599357098,0.06415905698668212,0.08245560294017196,0.06108709599357098,1,1,0,1,1,0,1,1,0,0,1.6159e-05,0.000499595,1.816e-06,0.000457021,2.5967e-05,0.004245290998369455,0.008000726986210793,0.0012155359727330506,0.0017190529615618289,0.016774371964856982,7.52042534868,0.603447219387,0.000323649273379,0.06049279048450263,0.05349619350095694,0.11385878036220419
46,2,gmm,randomized,offset,False,True,,0.28647280897712335,0.289294628018979,0.3075911739724688,0.28647280897712335,6,4,6,0,0,0,6,6,0,2,4.8812e-05,0.015934332,9.463e-06,0.015023712,0.000581723,0.004245290998369455,0.008000726986210793,0.0012155359727330506,0.0017190529615618289,0.016774371964856982,16.0562898834,0.892088177333,0.000333164656503,0.0626905368534967,0.05360789381763248,0.09446610184479302
46,2,gmr_30mm,randomized,offset,False,True,,0.14800498500699177,0.15113555197604,0.16943209792952985,0.14800498500699177,4,3,0,4,3,0,4,3,0,0,4.7405e-05,0.010543129,9.928e-06,0.010200638,0.000202861,0.004245290998369455,0.008000726986210793,0.0012155359727330506,0.0017190529615618289,0.016774371964856982,14.2656735428,1.04785574688,0.000614576861704,0.05814229030558914,0.0681595682207148,0.10289119458710837
46,3,gmm,randomized,offset,False,True,,0.20142880803905427,0.20362184196710587,0.2219183879205957,0.20142880803905427,6,3,6,0,0,0,6,5,0,2,4.8614e-05,0.020843054,8.383e-06,0.020293499,0.00027167,0.004245290998369455,0.008000726986210793,0.0012155359727330506,0.0017190529615618289,0.016774371964856982,12.9305958527,0.936406115264,3.8519928898e-05,0.06260879268912282,0.08404679964895015,0.24340925735892155
46,3,hybrid_30mm,randomized,offset,False,True,,0.10914386401418597,0.1116287269978784,0.12992527295136824,0.10914386401418597,1,1,0,1,1,0,1,1,0,0,1.1129e-05,0.000704714,2.422e-06,0.000642888,3.3514e-05,0.004245290998369455,0.008000726986210793,0.0012155359727330506,0.0017190529615618289,0.016774371964856982,13.4929606799,1.26796945242,8.58569885432e-05,0.04640643952232245,0.10661895612796812,0.24175906392079322
46,3,gmr_30mm,randomized,offset,False,True,,0.13021007797215134,0.1333846600027755,0.15168120595626533,0.13021007797215134,8,3,0,8,3,0,8,7,0,4,4.9798e-05,0.013088856,7.328e-06,0.01278294,0.00018266,0.004245290998369455,0.008000726986210793,0.0012155359727330506,0.0017190529615618289,0.016774371964856982,8.66204053957,0.53220047869,0.00063224899185,0.0626968014151072,0.04621945828773972,0.1198656188493222
46,3,reference_ik,randomized,offset,False,True,,0.1396300019696355,0.14221458398969844,0.16051112994318828,0.1396300019696355,0,0,0,0,0,0,0,0,0,0,0,0,0,0,0,0.004245290998369455,0.008000726986210793,0.0012155359727330506,0.0017190529615618289,0.016774371964856982,4.72833637518,0.745618010654,0.000119995487318,0.06225982631304562,0.0049043438638614115,0.07968017026690732
46,4,gmm,randomized,offset,False,True,,0.08387144998414442,0.08639481401769444,0.10469135997118428,0.08387144998414442,3,2,3,0,0,0,3,2,0,0,5.5072e-05,0.013539618,7.114e-06,0.013139876,0.000188883,0.004245290998369455,0.008000726986210793,0.0012155359727330506,0.0017190529615618289,0.016774371964856982,4.74793145335,0.564490245571,0.000183765595015,0.05916653915572949,0.044838896327206494,0.10573431059417818
46,4,hybrid_30mm,randomized,offset,False,True,,0.11518028000136837,0.11730261100456119,0.13559915695805103,0.11518028000136837,4,2,0,4,2,0,4,2,0,0,4.9541e-05,0.033506919,8.322e-06,0.033333656,7.5697e-05,0.004245290998369455,0.008000726986210793,0.0012155359727330506,0.0017190529615618289,0.016774371964856982,3.06546277642,0.495447963704,6.56655397185e-06,0.06273822067317734,0.04920408845898076,0.10005670606090429
46,4,reference_ik,randomized,offset,False,True,,0.14114069804782048,0.14377133798552677,0.1620678839390166,0.14114069804782048,0,0,0,0,0,0,0,0,0,0,0,0,0,0,0,0.004245290998369455,0.008000726986210793,0.0012155359727330506,0.0017190529615618289,0.016774371964856982,4.72833637518,0.745618010654,0.000119995487318,0.06225982631304562,0.0049043438638614115,0.07968017026690732
46,4,gmr_30mm,randomized,offset,False,True,,0.057299362029880285,0.06028405501274392,0.07858060096623376,0.057299362029880285,3,3,0,3,3,0,3,3,0,0,1.0693e-05,0.00386319,3.063e-06,0.003768191,5.6667e-05,0.004245290998369455,0.008000726986210793,0.0012155359727330506,0.0017190529615618289,0.016774371964856982,8.08310105839,0.538625987053,0.000336368609142,0.05932607422628363,0.05792439231065108,0.10881799495950753
89,0,hybrid_30mm,randomized,distant,False,True,,0.11456540797371417,0.11650852701859549,0.13472040300257504,0.11456540797371417,9,6,5,4,2,0,9,8,0,2,1.4341e-05,0.016723552,4.746e-06,0.016500833,0.000119885,0.004440684977453202,0.008002404996659607,0.0008763840305618942,0.0016978550120256841,0.016626342956442386,7.79640913379,0.677512468166,0.0425721059085,0.0770998301581255,0.04343032560967483,0.0880711513813285
89,0,gmr_30mm,randomized,distant,False,True,,0.1376786879845895,0.1402440319652669,0.15845590794924647,0.1376786879845895,4,3,0,4,3,0,4,3,0,0,4.989e-05,0.008823018,9.901e-06,0.008546407,0.000151266,0.004440684977453202,0.008002404996659607,0.0008763840305618942,0.0016978550120256841,0.016626342956442386,7.83742184084,0.629053265286,0.0275703708982,0.0770998301581255,0.04494166891900831,0.11037052501109511
89,0,gmm,randomized,distant,False,True,,0.29126792500028387,0.29457322001690045,0.31278509600088,0.29126792500028387,18,13,18,0,0,0,18,15,0,2,7.4598e-05,0.039538294,8.058e-06,0.039163598,0.000170781,0.004440684977453202,0.008002404996659607,0.0008763840305618942,0.0016978550120256841,0.016626342956442386,20.1373410299,1.47948946785,0.0148626689679,0.0770998301581255,0.0937576835254038,0.14872349668078205
89,0,reference_ik,randomized,distant,False,True,,0.13976821000687778,0.14251180295832455,0.1607236789423041,0.13976821000687778,0,0,0,0,0,0,0,0,0,0,0,0,0,0,0,0.004440684977453202,0.008002404996659607,0.0008763840305618942,0.0016978550120256841,0.016626342956442386,5.21169250486,0.726695130237,0.0294364652894,0.0770998301581255,0.0027181299940774433,0.03799806029928217
89,1,hybrid_30mm,randomized,distant,False,True,,0.1481707390048541,0.15113328502047807,0.16934516100445762,0.1481707390048541,1,1,0,1,1,0,1,1,0,0,5.2249e-05,0.004383993,4.725e-06,0.004334852,1.4419e-05,0.004440684977453202,0.008002404996659607,0.0008763840305618942,0.0016978550120256841,0.016626342956442386,12.6032352776,0.755747908252,0.036190815839,0.0770998301581255,0.03515663511769829,0.07584688664824012
89,1,gmm,randomized,distant,False,True,,0.1060804600128904,0.10865939198993146,0.12687126797391102,0.1060804600128904,8,6,8,0,0,0,8,7,0,1,7.6311e-05,0.014795826,7.338e-06,0.014420466,0.000180021,0.004440684977453202,0.008002404996659607,0.0008763840305618942,0.0016978550120256841,0.016626342956442386,3.68778302171,0.535950749549,0.039824958224,0.0770998301581255,0.08300443702833117,0.15347086666752016
89,1,reference_ik,randomized,distant,False,True,,0.1400049920193851,0.14295227598631755,0.1611641519702971,0.1400049920193851,0,0,0,0,0,0,0,0,0,0,0,0,0,0,0,0.004440684977453202,0.008002404996659607,0.0008763840305618942,0.0016978550120256841,0.016626342956442386,5.21169250486,0.726695130237,0.0294364652894,0.0770998301581255,0.0027181299940774433,0.03799806029928217
89,1,gmr_30mm,randomized,distant,False,True,,0.1815392219577916,0.18477313802577555,0.2029850140097551,0.1815392219577916,14,10,0,14,10,0,14,13,0,3,2.9993e-05,0.019982993,1.0446e-05,0.019357725,0.000457147,0.004440684977453202,0.008002404996659607,0.0008763840305618942,0.0016978550120256841,0.016626342956442386,16.7835546655,1.29963765605,0.0237508059827,0.0770998301581255,0.07205717797245556,0.192497998326778
89,2,gmr_30mm,randomized,distant,False,True,,0.10712480795336887,0.10967946797609329,0.12789134396007285,0.10712480795336887,1,1,0,1,1,0,1,1,0,0,5.3671e-05,0.005539287,4.768e-06,0.005337152,0.000134727,0.004440684977453202,0.008002404996659607,0.0008763840305618942,0.0016978550120256841,0.016626342956442386,10.2979665663,0.675429889575,0.0437031849107,0.0770998301581255,0.040829379944636174,0.061304163444332684
89,2,reference_ik,randomized,distant,False,True,,0.139389059972018,0.14213699498213828,0.16034887096611783,0.139389059972018,0,0,0,0,0,0,0,0,0,0,0,0,0,0,0,0.004440684977453202,0.008002404996659607,0.0008763840305618942,0.0016978550120256841,0.016626342956442386,5.21169250486,0.726695130237,0.0294364652894,0.0770998301581255,0.0027181299940774433,0.03799806029928217
89,2,hybrid_30mm,randomized,distant,False,True,,0.10455987701425329,0.10764126700814813,0.1258531429921277,0.10455987701425329,4,3,1,3,2,0,4,4,0,1,3.5287e-05,0.005857683,6.368e-06,0.005164017,0.000581472,0.004440684977453202,0.008002404996659607,0.0008763840305618942,0.0016978550120256841,0.016626342956442386,13.7096089752,1.18987153746,0.0437031849107,0.0770998301581255,0.09920047378049152,0.1760917403245202
89,2,gmm,randomized,distant,False,True,,0.06817293801577762,0.07145828398643062,0.08967015997041017,0.06817293801577762,1,1,1,0,0,0,1,1,0,0,6.916e-06,0.000378906,9.67e-07,0.000345852,1.717e-05,0.004440684977453202,0.008002404996659607,0.0008763840305618942,0.0016978550120256841,0.016626342956442386,11.2271452421,0.991127130056,0.0234550845552,0.0770998301581255,0.08289567887763793,0.19700181669155953
89,3,hybrid_30mm,randomized,distant,False,True,,0.18788832298014313,0.1908160949824378,0.20902797096641734,0.18788832298014313,5,3,1,4,2,0,5,3,0,0,4.9168e-05,0.015489874,7.166e-06,0.015182898,0.000176174,0.004440684977453202,0.008002404996659607,0.0008763840305618942,0.0016978550120256841,0.016626342956442386,13.2537848769,1.40475124017,0.0437031849107,0.0770998301581255,0.11460627805014473,0.21460887100996387
89,3,gmr_30mm,randomized,distant,False,True,,0.10118581599090248,0.10426972596906126,0.12248160195304081,0.10118581599090248,4,3,0,4,3,0,4,4,0,1,1.8031e-05,0.006023775,6.03e-06,0.005752168,0.000183204,0.004440684977453202,0.008002404996659607,0.0008763840305618942,0.0016978550120256841,0.016626342956442386,11.716675623,0.858824955957,0.0437031849107,0.0770998301581255,0.051695615006569946,0.09379396057384654
89,3,gmm,randomized,distant,False,True,,0.042584374954458326,0.04512735898606479,0.06333923497004434,0.042584374954458326,4,3,4,0,0,0,4,3,0,0,1.5697e-05,0.007360323,2.458e-06,0.007218621,6.3771e-05,0.004440684977453202,0.008002404996659607,0.0008763840305618942,0.0016978550120256841,0.016626342956442386,4.97112757859,0.611436630741,0.00591555433496,0.07266551840856697,0.04437332624497444,0.06671197639552524
89,3,reference_ik,randomized,distant,False,True,,0.14455656503560022,0.1476667359820567,0.16587861196603626,0.14455656503560022,0,0,0,0,0,0,0,0,0,0,0,0,0,0,0,0.004440684977453202,0.008002404996659607,0.0008763840305618942,0.0016978550120256841,0.016626342956442386,5.21169250486,0.726695130237,0.0294364652894,0.0770998301581255,0.0027181299940774433,0.03799806029928217
89,4,reference_ik,randomized,distant,False,True,,0.14838024298660457,0.15113105298951268,0.16934292897349223,0.14838024298660457,0,0,0,0,0,0,0,0,0,0,0,0,0,0,0,0.004440684977453202,0.008002404996659607,0.0008763840305618942,0.0016978550120256841,0.016626342956442386,5.21169250486,0.726695130237,0.0294364652894,0.0770998301581255,0.0027181299940774433,0.03799806029928217
89,4,gmr_30mm,randomized,distant,False,True,,0.10620588401798159,0.10858917201403528,0.12680104799801484,0.10620588401798159,11,7,0,11,7,0,11,8,0,1,4.8922e-05,0.025984444,9.699e-06,0.025718702,0.000142889,0.004440684977453202,0.008002404996659607,0.0008763840305618942,0.0016978550120256841,0.016626342956442386,7.22142772146,0.503765948131,0.00214998414975,0.0770998301581255,0.03713531666333737,0.06177518770409051
89,4,hybrid_30mm,randomized,distant,False,True,,0.1741176139912568,0.17685680196154863,0.19506867794552818,0.1741176139912568,3,2,0,3,2,0,3,3,0,1,4.8831e-05,0.008231235,6.364e-06,0.007880531,0.000270429,0.004440684977453202,0.008002404996659607,0.0008763840305618942,0.0016978550120256841,0.016626342956442386,11.7577328494,0.72731816783,0.0437031849107,0.0770998301581255,0.043996775519262156,0.0763099395786619
89,4,gmm,randomized,distant,False,True,,0.10611335100838915,0.10925055097322911,0.12746242695720866,0.10611335100838915,2,1,2,0,0,0,2,1,0,0,6.903e-06,0.009923053,2.189e-06,0.009828953,3.4331e-05,0.004440684977453202,0.008002404996659607,0.0008763840305618942,0.0016978550120256841,0.016626342956442386,12.7859601409,0.750384862216,0.000154669904285,0.0770998301581255,0.0561917193967911,0.10289676841830024
104,0,reference_ik,randomized,distant,False,True,,0.129713669011835,0.13188181701116264,0.14998809597454965,0.129713669011835,0,0,0,0,0,0,0,0,0,0,0,0,0,0,0,0.004529717029072344,0.008021452988032252,0.000869307026732713,0.0017219950095750391,0.016729491006117314,4.92976177237,0.723951298061,0.0615603165729,0.1703207302369972,0.003745414863729978,0.07494828590789859
104,0,gmr_30mm,randomized,distant,False,True,,0.15534789900993928,0.15808641497278586,0.17619269393617287,0.15534789900993928,1,1,0,1,1,0,1,1,0,0,4.5613e-05,0.000678421,3.364e-06,0.000582739,5.9697e-05,0.004529717029072344,0.008021452988032252,0.000869307026732713,0.0017219950095750391,0.016729491006117314,10.7228697775,0.683284300923,0.0790369438315,0.1703207302369972,0.053479186289299284,0.09984331336800105
104,0,gmm,randomized,distant,False,True,,0.10008172102971002,0.10293837502831593,0.12104465399170294,0.10008172102971002,5,2,5,0,0,0,5,4,0,2,5.0153e-05,0.012432227,9.728e-06,0.011708267,0.000458817,0.004529717029072344,0.008021452988032252,0.000869307026732713,0.0017219950095750391,0.016729491006117314,7.12888544057,0.459803540612,0.0724207461795,0.1701087392234945,0.07128300097165187,0.11643957498081964
104,0,hybrid_30mm,randomized,distant,False,True,,0.11073345801560208,0.11383695900440216,0.13194323796778917,0.11073345801560208,1,1,0,1,1,0,1,1,0,0,2.7371e-05,0.000557524,3.12e-06,0.000490858,3.5779e-05,0.004529717029072344,0.008021452988032252,0.000869307026732713,0.0017219950095750391,0.016729491006117314,10.5889193031,0.648608012029,0.073324086215,0.1703207302369972,0.04772859108881522,0.08305562253185456
104,1,hybrid_30mm,randomized,distant,False,True,,0.05215822905302048,0.05470412003342062,0.07281039899680763,0.05215822905302048,1,1,0,1,1,0,1,1,0,0,4.8276e-05,0.004932408,3.902e-06,0.004885043,1.4057e-05,0.004529717029072344,0.008021452988032252,0.000869307026732713,0.0017219950095750391,0.016729491006117314,3.5330068015,0.50675993585,0.0722326948203,0.1703207302369972,0.028090615609661595,0.07502078785871549
104,1,gmm,randomized,distant,False,True,,0.18166778900194913,0.1849316559964791,0.2030379349598661,0.18166778900194913,5,3,5,0,0,0,5,4,0,1,1.2781e-05,0.014163907,2.26e-06,0.014022776,7.9176e-05,0.004529717029072344,0.008021452988032252,0.000869307026732713,0.0017219950095750391,0.016729491006117314,13.9636701243,1.33712182137,0.073330216837,0.1703207302369972,0.11099700655595056,0.16012834651002633
104,1,reference_ik,randomized,distant,False,True,,0.1380234730313532,0.14067258697468787,0.1587788659380749,0.1380234730313532,0,0,0,0,0,0,0,0,0,0,0,0,0,0,0,0.004529717029072344,0.008021452988032252,0.000869307026732713,0.0017219950095750391,0.016729491006117314,4.92976177237,0.723951298061,0.0615603165729,0.1703207302369972,0.003745414863729978,0.07494828590789859
104,1,gmr_30mm,randomized,distant,False,True,,0.08633999101584777,0.08873506699455902,0.10684134595794603,0.08633999101584777,2,1,0,2,1,0,2,1,0,0,2.6369e-05,0.011752872,8.651e-06,0.01156975,8.7024e-05,0.004529717029072344,0.008021452988032252,0.000869307026732713,0.0017219950095750391,0.016729491006117314,6.93996135133,0.557145657513,0.0781946939317,0.1703207302369972,0.027950953991337,0.07452456187651126
104,2,reference_ik,randomized,distant,False,True,,0.12671482702717185,0.12921284802723676,0.14731912699062377,0.12671482702717185,0,0,0,0,0,0,0,0,0,0,0,0,0,0,0,0.004529717029072344,0.008021452988032252,0.000869307026732713,0.0017219950095750391,0.016729491006117314,4.92976177237,0.723951298061,0.0615603165729,0.1703207302369972,0.003745414863729978,0.07494828590789859
104,2,gmm,randomized,distant,False,True,,0.14905527903465554,0.15190510102547705,0.17001137998886406,0.14905527903465554,1,1,1,0,0,0,1,1,0,0,5.0604e-05,0.002101037,3.856e-06,0.001940994,7.4224e-05,0.004529717029072344,0.008021452988032252,0.000869307026732713,0.0017219950095750391,0.016729491006117314,10.4718676748,0.698632413638,0.0630890317178,0.1703207302369972,0.04726337267826331,0.09716298021311076
104,2,gmr_30mm,randomized,distant,False,True,,0.14254487998550758,0.14505472697783262,0.16316100594121963,0.14254487998550758,1,1,0,1,1,0,1,1,0,0,4.8422e-05,0.002264748,3.951e-06,0.002145042,7.2073e-05,0.004529717029072344,0.008021452988032252,0.000869307026732713,0.0017219950095750391,0.016729491006117314,8.1504915983,0.615033169852,0.0630915786301,0.1703207302369972,0.039268937278073505,0.10746167045919425
104,2,hybrid_30mm,randomized,distant,False,True,,0.12519769498612732,0.12789275700924918,0.1459990359726362,0.12519769498612732,2,2,0,2,2,0,2,2,0,0,4.7948e-05,0.004671681,5.564e-06,0.004507678,8.4592e-05,0.004529717029072344,0.008021452988032252,0.000869307026732713,0.0017219950095750391,0.016729491006117314,12.839021484,1.04487285423,0.0787715663453,0.1703207302369972,0.09664872032207758,0.1603606907990915
104,3,gmr_30mm,randomized,distant,False,True,,0.10633569001220167,0.10903447301825508,0.1271407519816421,0.10633569001220167,3,3,0,3,3,0,3,3,0,0,5.3308e-05,0.006736188,5.411e-06,0.006366558,0.000268537,0.004529717029072344,0.008021452988032252,0.000869307026732713,0.0017219950095750391,0.016729491006117314,4.77206035669,0.504525465119,0.0644125768992,0.16930648906462067,0.030840445360367452,0.07472248071700414
104,3,gmm,randomized,distant,False,True,,0.14969078003196046,0.1523528629913926,0.17045914195477962,0.14969078003196046,1,1,1,0,0,0,1,1,0,0,1.5055e-05,0.000369175,1.273e-06,0.000309113,3.6999e-05,0.004529717029072344,0.008021452988032252,0.000869307026732713,0.0017219950095750391,0.016729491006117314,13.7855928098,1.14601571431,0.0627382218161,0.1703207302369972,0.05250594669616029,0.10258817355986616
104,3,hybrid_30mm,randomized,distant,False,True,,0.20244938699761406,0.20466694503556937,0.22277322399895638,0.20244938699761406,2,1,0,2,1,0,2,1,0,0,7.7245e-05,0.010000988,6.55e-06,0.009841369,8.8519e-05,0.004529717029072344,0.008021452988032252,0.000869307026732713,0.0017219950095750391,0.016729491006117314,11.8451914501,0.812415807024,0.0457336367646,0.1703207302369972,0.14040842515732227,0.19692823098830525
104,3,reference_ik,randomized,distant,False,True,,0.1335566490306519,0.13624009501654655,0.15434637397993356,0.1335566490306519,0,0,0,0,0,0,0,0,0,0,0,0,0,0,0,0.004529717029072344,0.008021452988032252,0.000869307026732713,0.0017219950095750391,0.016729491006117314,4.92976177237,0.723951298061,0.0615603165729,0.1703207302369972,0.003745414863729978,0.07494828590789859
104,4,reference_ik,randomized,distant,False,True,,0.13450583699159324,0.13709584495518357,0.15520212391857058,0.13450583699159324,0,0,0,0,0,0,0,0,0,0,0,0,0,0,0,0.004529717029072344,0.008021452988032252,0.000869307026732713,0.0017219950095750391,0.016729491006117314,4.92976177237,0.723951298061,0.0615603165729,0.1703207302369972,0.003745414863729978,0.07494828590789859
104,4,gmr_30mm,randomized,distant,False,True,,0.19122921401867643,0.19438817299669608,0.2124944519600831,0.19122921401867643,5,2,0,5,2,0,5,3,0,1,5.0283e-05,0.015317233,1.2935e-05,0.014704287,0.000438632,0.004529717029072344,0.008021452988032252,0.000869307026732713,0.0017219950095750391,0.016729491006117314,11.4125545424,0.732259913068,0.0534011922995,0.1703207302369972,0.06883354382414347,0.10892833887052131
104,4,hybrid_30mm,randomized,distant,False,True,,0.10180429497268051,0.10431840200908482,0.12242468097247183,0.10180429497268051,2,1,0,2,1,0,2,1,0,0,5.1106e-05,0.011091489,6.419e-06,0.010915807,9.723e-05,0.004529717029072344,0.008021452988032252,0.000869307026732713,0.0017219950095750391,0.016729491006117314,7.07362780227,0.476308616328,0.0789792926684,0.1703207302369972,0.04134598747827758,0.08297763275558721
104,4,gmm,randomized,distant,False,True,,0.1276572470087558,0.13017611298710108,0.1482823919504881,0.1276572470087558,2,1,2,0,0,0,2,1,0,0,3.9249e-05,0.014766255,3.273e-06,0.014672288,3.8334e-05,0.004529717029072344,0.008021452988032252,0.000869307026732713,0.0017219950095750391,0.016729491006117314,14.6884596277,1.19368650197,0.0232556174586,0.12134745508644315,0.0954797152803628,0.14681255516803093
92,0,reference_ik,randomized,distant,False,False,reference_ik,0.06601961504202336,0.06767258496256545,0.0856744609773159,6.0,0,0,0,0,0,0,0,0,0,0,0,0,0,0,0,0.004381430975627154,0.008022608992177993,0.0008606739575043321,0.0017065840074792504,0.01655795198166743,,,,,,
92,0,hybrid_30mm,randomized,distant,False,True,,0.06785529904300347,0.07018456002697349,0.08818643604172394,0.06785529904300347,2,2,0,2,2,0,2,2,0,0,2.023e-05,0.00515766,2.616e-06,0.005047713,7.0572e-05,0.004381430975627154,0.008022608992177993,0.0008606739575043321,0.0017065840074792504,0.01655795198166743,8.72295988091,0.608170518997,0.0449811922636,0.14091515239628852,0.08391119545236415,0.13036495003030385
92,0,gmr_30mm,randomized,distant,False,True,,0.09802264004247263,0.1006101940292865,0.11861207004403695,0.09802264004247263,2,2,0,2,2,0,2,2,0,0,1.0634e-05,0.001115356,1.868e-06,0.001060405,3.5434e-05,0.004381430975627154,0.008022608992177993,0.0008606739575043321,0.0017065840074792504,0.01655795198166743,13.4989069561,0.745015697738,0.0233270814897,0.14091515239628852,0.06159747938028787,0.156244690845493
92,0,gmm,randomized,distant,False,True,,0.10691494302591309,0.10946413199417293,0.12746600800892338,0.10691494302591309,3,1,3,0,0,0,3,2,0,1,5.0188e-05,0.015031576,5.343e-06,0.014801383,0.000105219,0.004381430975627154,0.008022608992177993,0.0008606739575043321,0.0017065840074792504,0.01655795198166743,5.74848909856,0.422299165249,0.0105502085532,0.11965510374225669,0.08261333083343231,0.1669038818150864
92,1,reference_ik,randomized,distant,False,False,reference_ik,0.06779953301884234,0.07016689598094672,0.08816877199569717,6.0,0,0,0,0,0,0,0,0,0,0,0,0,0,0,0,0.004381430975627154,0.008022608992177993,0.0008606739575043321,0.0017065840074792504,0.01655795198166743,,,,,,
92,1,gmr_30mm,randomized,distant,False,True,,0.15278144902549684,0.1557010889519006,0.17370296496665105,0.15278144902549684,4,1,0,4,1,0,4,1,0,0,6.0633e-05,0.019042918,6.386e-06,0.018967228,2.0933e-05,0.004381430975627154,0.008022608992177993,0.0008606739575043321,0.0017065840074792504,0.01655795198166743,14.0656479254,1.28922419768,0.00452398079175,0.08837068028284499,0.08260601974506608,0.15000829983141203
92,1,gmm,randomized,distant,False,True,,0.11342364200390875,0.11611577001167461,0.13411764602642506,0.11342364200390875,3,2,3,0,0,0,3,3,0,1,1.5773e-05,0.002923953,2.077e-06,0.002811745,6.7884e-05,0.004381430975627154,0.008022608992177993,0.0008606739575043321,0.0017065840074792504,0.01655795198166743,13.0240921851,0.807573131413,0.041351835164,0.11157980325502338,0.06566646465569824,0.14002812607423448
92,1,hybrid_30mm,randomized,distant,False,True,,0.13569045899203047,0.13838362001115456,0.156385496025905,0.13569045899203047,3,1,2,1,0,0,3,1,0,0,4.7531e-05,0.010605322,5.142e-06,0.010526152,1.3622e-05,0.004381430975627154,0.008022608992177993,0.0008606739575043321,0.0017065840074792504,0.01655795198166743,9.60731669219,0.694404271831,0.0519022751804,0.14091515239628852,0.07411704292143592,0.18996722794430965
92,2,gmr_30mm,randomized,distant,False,True,,0.09109315503155813,0.09370234399102628,0.11170422000577673,0.09109315503155813,5,2,0,5,2,0,5,3,0,1,5.1179e-05,0.018527506,6.431e-06,0.018394065,6.8568e-05,0.004381430975627154,0.008022608992177993,0.0008606739575043321,0.0017065840074792504,0.01655795198166743,5.14679330971,0.396965035852,0.0243973060029,0.13297863764402928,0.08460145481664466,0.16607818766483579
92,2,reference_ik,randomized,distant,False,False,reference_ik,0.06701274501392618,0.0695900889695622,0.08759196498431265,6.0,0,0,0,0,0,0,0,0,0,0,0,0,0,0,0,0.004381430975627154,0.008022608992177993,0.0008606739575043321,0.0017065840074792504,0.01655795198166743,,,,,,
92,2,gmm,randomized,distant,False,True,,0.15853541699470952,0.16118892800295725,0.1791908040177077,0.15853541699470952,19,7,19,0,0,0,19,14,0,7,5.5065e-05,0.043038278,8.005e-06,0.042475956,0.000304426,0.004381430975627154,0.008022608992177993,0.0008606739575043321,0.0017065840074792504,0.01655795198166743,7.98733654976,0.555342830224,0.00759966464576,0.10098615795291888,0.13708953634881166,0.2282646389418955
92,2,hybrid_30mm,randomized,distant,False,True,,0.09088340000016615,0.09298955701524392,0.11099143302999437,0.09088340000016615,2,1,0,2,1,0,2,1,0,0,3.7009e-05,0.008855327,7.667e-06,0.008658641,8.2989e-05,0.004381430975627154,0.008022608992177993,0.0008606739575043321,0.0017065840074792504,0.01655795198166743,10.5374852008,0.754895428392,0.0519022751804,0.14091515239628852,0.08478081257728792,0.19130883496259227
92,3,hybrid_30mm,randomized,distant,False,True,,0.18922892399132252,0.19216059701284394,0.2101624730275944,0.18922892399132252,8,2,2,6,2,0,8,4,0,2,4.3641e-05,0.026129697,1.9035e-05,0.025967453,5.7187e-05,0.004381430975627154,0.008022608992177993,0.0008606739575043321,0.0017065840074792504,0.01655795198166743,14.3753496348,1.11894839259,0.0354522096098,0.14091515239628852,0.19095889675057628,0.281936542187546
92,3,gmm,randomized,distant,False,True,,0.0641141280066222,0.06735242099966854,0.08535429701441899,0.0641141280066222,3,1,3,0,0,0,3,1,0,0,1.8458e-05,0.011956529,2.567e-06,0.01189273,1.5762e-05,0.004381430975627154,0.008022608992177993,0.0008606739575043321,0.0017065840074792504,0.01655795198166743,10.0552481504,0.887541165293,0.0519022751804,0.14091515239628852,0.1346439193969618,0.19418121841331884
92,3,gmr_30mm,randomized,distant,False,True,,0.14118801895529032,0.14416682301089168,0.16216869902564213,0.14118801895529032,1,1,0,1,1,0,1,1,0,0,5.0614e-05,0.004600714,5.162e-06,0.004479746,6.6605e-05,0.004381430975627154,0.008022608992177993,0.0008606739575043321,0.0017065840074792504,0.01655795198166743,8.56948590974,0.656112731896,0.0437183028485,0.14091515239628852,0.0819790285113019,0.13670500428519958
92,3,reference_ik,randomized,distant,False,False,reference_ik,0.06797152198851109,0.0697276690043509,0.08772954501910135,6.0,0,0,0,0,0,0,0,0,0,0,0,0,0,0,0,0.004381430975627154,0.008022608992177993,0.0008606739575043321,0.0017065840074792504,0.01655795198166743,,,,,,
92,4,hybrid_30mm,randomized,distant,False,True,,0.13452274596784264,0.1371148590114899,0.15511673502624035,0.13452274596784264,2,1,0,2,1,0,2,2,0,1,4.9712e-05,0.0057972,4.076e-06,0.005717419,3.7929e-05,0.004381430975627154,0.008022608992177993,0.0008606739575043321,0.0017065840074792504,0.01655795198166743,14.0651473449,1.45825593933,0.00814740488078,0.08908330322803694,0.11484983290510366,0.16938858292374598
92,4,gmr_30mm,randomized,distant,False,True,,0.14066401799209416,0.14294266799697652,0.16094454401172698,0.14066401799209416,4,1,0,4,1,0,4,2,0,1,8.1709e-05,0.0113668,6.217e-06,0.011270924,4.6212e-05,0.004381430975627154,0.008022608992177993,0.0008606739575043321,0.0017065840074792504,0.01655795198166743,9.08368795547,0.614372379924,0.0427697929589,0.14091515239628852,0.08918657004456579,0.1404003738357433
92,4,gmm,randomized,distant,False,True,,0.10530231695156544,0.10816130100283772,0.12616317701758817,0.10530231695156544,4,1,4,0,0,0,4,2,0,1,4.9089e-05,0.013023149,5.069e-06,0.012865372,6.2561e-05,0.004381430975627154,0.008022608992177993,0.0008606739575043321,0.0017065840074792504,0.01655795198166743,5.05477039228,0.493498563356,0.0183119273668,0.13090566889466518,0.06179285402266975,0.1203879925263197
92,4,reference_ik,randomized,distant,False,False,reference_ik,0.06587549101095647,0.06804660998750478,0.08604848600225523,6.0,0,0,0,0,0,0,0,0,0,0,0,0,0,0,0,0.004381430975627154,0.008022608992177993,0.0008606739575043321,0.0017065840074792504,0.01655795198166743,,,,,,
67,0,gmm,randomized,offset,False,True,,0.17356977896997705,0.17671390197938308,0.19514366297516972,0.17356977896997705,3,1,3,0,0,0,3,1,0,0,2.264e-05,0.013838912,4.08e-06,0.013747378,2.7549e-05,0.004381947044748813,0.008448601991403848,0.0008130769710987806,0.0017187290359288454,0.01693868503207341,13.7090314953,1.46745646913,0.0456223163165,0.12736239120988227,0.17291044296541655,0.2780923786316008
67,0,gmr_30mm,randomized,offset,False,True,,0.23445967299630865,0.2375836679711938,0.2560134289669804,0.23445967299630865,3,3,0,3,3,0,3,3,0,0,2.932e-05,0.009555649,5.143e-06,0.009384072,9.4063e-05,0.004381947044748813,0.008448601991403848,0.0008130769710987806,0.0017187290359288454,0.01693868503207341,19.0274588069,1.47893421264,0.0306488060279,0.11297063389230177,0.1305058724891316,0.2506179298375762
67,0,hybrid_30mm,randomized,offset,False,True,,0.16100047901272774,0.16428148798877373,0.18271124898456037,0.16100047901272774,6,2,2,4,2,0,6,2,0,0,4.8026e-05,0.028945874,7.627e-06,0.028836321,3.1947e-05,0.004381947044748813,0.008448601991403848,0.0008130769710987806,0.0017187290359288454,0.01693868503207341,13.0818899008,1.11036694624,0.0407963911374,0.14089556387241822,0.0957445616745212,0.23779988624262832
67,0,reference_ik,randomized,offset,False,False,reference_ik,0.07084048696560785,0.0734190340153873,0.09184879501117393,6.0,0,0,0,0,0,0,0,0,0,0,0,0,0,0,0,0.004381947044748813,0.008448601991403848,0.0008130769710987806,0.0017187290359288454,0.01693868503207341,,,,,,
67,1,gmr_30mm,randomized,offset,False,True,,0.09221543796593323,0.09461037500295788,0.11304013599874452,0.09221543796593323,1,1,0,1,1,0,1,1,0,0,5.0036e-05,0.004315159,3.918e-06,0.004173059,8.6705e-05,0.004381947044748813,0.008448601991403848,0.0008130769710987806,0.0017187290359288454,0.01693868503207341,5.97598461174,0.52904729655,0.0122737169769,0.09695227189176202,0.0721104534075285,0.11006916253012779
67,1,hybrid_30mm,randomized,offset,False,True,,0.18110387597698718,0.18369973497465253,0.20212949597043917,0.18110387597698718,2,1,0,2,1,0,2,2,0,1,4.7332e-05,0.005761382,5.026e-06,0.005673594,4.9704e-05,0.004381947044748813,0.008448601991403848,0.0008130769710987806,0.0017187290359288454,0.01693868503207341,12.9589780221,0.700155895541,0.0251926086904,0.10493673999298253,0.07427052739740611,0.12330755662730147
67,1,gmm,randomized,offset,False,True,,0.1554398280568421,0.15799226600211114,0.17642202699789777,0.1554398280568421,12,4,12,0,0,0,12,7,0,3,3.4283e-05,0.034510876,4.544e-06,0.034146509,0.000203137,0.004381947044748813,0.008448601991403848,0.0008130769710987806,0.0017187290359288454,0.01693868503207341,8.54184373491,0.724827406072,0.0426509881989,0.14089556387241822,0.08506345537424313,0.22836391703733314
67,1,reference_ik,randomized,offset,False,False,reference_ik,0.06616590794874355,0.0679775690077804,0.08640733000356704,6.0,0,0,0,0,0,0,0,0,0,0,0,0,0,0,0,0.004381947044748813,0.008448601991403848,0.0008130769710987806,0.0017187290359288454,0.01693868503207341,,,,,,
67,2,gmr_30mm,randomized,offset,False,True,,0.06633767596213147,0.0688150100177154,0.08724477101350203,0.06633767596213147,8,3,0,8,3,0,8,4,0,1,2.687e-05,0.032727569,6.525e-06,0.032545807,0.000110782,0.004381947044748813,0.008448601991403848,0.0008130769710987806,0.0017187290359288454,0.01693868503207341,6.11823062141,0.588448330681,0.0268364651356,0.1326228600274451,0.07073067178891027,0.19250845492216295
67,2,gmm,randomized,offset,False,True,,0.1498578589526005,0.15271865198155865,0.1711484129773453,0.1498578589526005,3,1,3,0,0,0,3,1,0,0,3.9039e-05,0.011577009,6.893e-06,0.011316325,0.000114589,0.004381947044748813,0.008448601991403848,0.0008130769710987806,0.0017187290359288454,0.01693868503207341,13.7110924217,1.3291257361,0.024570288397,0.08553820531935614,0.109823392970033,0.16091851133136376
67,2,reference_ik,randomized,offset,False,False,reference_ik,0.06495428900234401,0.06673193798633292,0.08516169898211956,6.0,0,0,0,0,0,0,0,0,0,0,0,0,0,0,0,0.004381947044748813,0.008448601991403848,0.0008130769710987806,0.0017187290359288454,0.01693868503207341,,,,,,
67,2,hybrid_30mm,randomized,offset,False,True,,0.1687488200259395,0.1711839839699678,0.18961374496575445,0.1687488200259395,3,1,0,3,1,0,3,1,0,0,6.7057e-05,0.013083211,1.0362e-05,0.012880464,8.9869e-05,0.004381947044748813,0.008448601991403848,0.0008130769710987806,0.0017187290359288454,0.01693868503207341,13.5861661522,0.932281584996,0.0246139166228,0.10241697482654305,0.061977843575816025,0.12031636822397751
67,3,gmr_30mm,randomized,offset,False,True,,0.1161871450021863,0.11878025997430086,0.1372100209700875,0.1161871450021863,1,1,0,1,1,0,1,1,0,0,1.7582e-05,0.001303271,5.616e-06,0.001225326,5.6135e-05,0.004381947044748813,0.008448601991403848,0.0008130769710987806,0.0017187290359288454,0.01693868503207341,13.7123090127,1.5196946024,0.0177607973299,0.09973893224166502,0.1590768352975694,0.24448952895333304
67,3,reference_ik,randomized,offset,False,False,reference_ik,0.07069115800550207,0.07308749499497935,0.09151725599076599,6.0,0,0,0,0,0,0,0,0,0,0,0,0,0,0,0,0.004381947044748813,0.008448601991403848,0.0008130769710987806,0.0017187290359288454,0.01693868503207341,,,,,,
67,3,gmm,randomized,offset,False,True,,0.09839191299397498,0.10118932602927089,0.11961908702505752,0.09839191299397498,13,6,13,0,0,0,13,9,0,3,2.7708e-05,0.034276055,8.529e-06,0.033572562,0.000451799,0.004381947044748813,0.008448601991403848,0.0008130769710987806,0.0017187290359288454,0.01693868503207341,4.9464510232,0.63932639698,0.0445650535589,0.14089556387241822,0.15496181690009034,0.2557697652034822
67,3,hybrid_30mm,randomized,offset,False,True,,0.1070355850388296,0.10942920600064099,0.12785896699642763,0.1070355850388296,4,2,0,4,2,0,4,2,0,0,4.6709e-05,0.014606456,5.666e-06,0.014479682,5.8177e-05,0.004381947044748813,0.008448601991403848,0.0008130769710987806,0.0017187290359288454,0.01693868503207341,4.84006953346,0.540761792282,0.0122422045491,0.1246264427048321,0.0858198451945246,0.2025993643176424
67,4,gmr_30mm,randomized,offset,False,True,,0.18133000197121873,0.18428135599242523,0.20271111698821187,0.18133000197121873,2,1,0,2,1,0,2,2,0,1,4.7642e-05,0.004401195,4.151e-06,0.004291283,7.2016e-05,0.004381947044748813,0.008448601991403848,0.0008130769710987806,0.0017187290359288454,0.01693868503207341,13.7081584106,1.43362749002,0.0280882105302,0.10976537019156482,0.1376757336705539,0.2029529965462013
67,4,hybrid_30mm,randomized,offset,False,True,,0.2519886110094376,0.25506233697524294,0.2734920979710296,0.2519886110094376,6,3,2,4,2,0,6,4,0,1,4.8065e-05,0.019108138,6.91e-06,0.018926026,6.201e-05,0.004381947044748813,0.008448601991403848,0.0008130769710987806,0.0017187290359288454,0.01693868503207341,15.6685185352,1.7558550836,0.0305821409257,0.12495608784693654,0.09935827844723054,0.2562917229537809
67,4,gmm,randomized,offset,False,True,,0.20502640696940944,0.20813094300683588,0.22656070400262251,0.20502640696940944,8,2,8,0,0,0,8,4,0,2,4.9122e-05,0.029163735,7.326e-06,0.028774147,0.000228219,0.004381947044748813,0.008448601991403848,0.0008130769710987806,0.0017187290359288454,0.01693868503207341,13.9720837596,1.50393552795,0.0281391111933,0.10744288707242648,0.16778014666234115,0.273445538557535
67,4,reference_ik,randomized,offset,False,False,reference_ik,0.06549355498282239,0.06753691396443173,0.08596667496021837,6.0,0,0,0,0,0,0,0,0,0,0,0,0,0,0,0,0.004381947044748813,0.008448601991403848,0.0008130769710987806,0.0017187290359288454,0.01693868503207341,,,,,,
8,0,gmm,randomized,central,False,True,,0.16768577898619696,0.1700307399732992,0.18813209695508704,0.16768577898619696,2,2,2,0,0,0,2,2,0,0,5.0419e-05,0.006773676,4.504e-06,0.006510276,0.000124925,0.004332509997766465,0.008029697986785322,0.0010503529920242727,0.0016759909922257066,0.016676812956575304,13.9051080944,0.679372735417,0.0009551078176,0.0727086201596783,0.08396988462551881,0.16998566978975602
8,0,reference_ik,randomized,central,False,True,,0.1430638390011154,0.14560829300899059,0.16370964999077842,0.1430638390011154,0,0,0,0,0,0,0,0,0,0,0,0,0,0,0,0.004332509997766465,0.008029697986785322,0.0010503529920242727,0.0016759909922257066,0.016676812956575304,5.79699188399,0.637619535024,0.0298032690843,0.07370660997159326,0.005325812506192462,0.0618282847732905
8,0,hybrid_30mm,randomized,central,False,True,,0.050343075999990106,0.052645056042820215,0.07074641302460805,0.050343075999990106,1,1,0,1,1,0,1,1,0,0,9.81e-06,0.000969667,2.119e-06,0.000905578,3.3766e-05,0.004332509997766465,0.008029697986785322,0.0010503529920242727,0.0016759909922257066,0.016676812956575304,4.11673837276,0.394937052903,0.00077279066438,0.0661967159710174,0.03540306167956097,0.06115244105014291
8,0,gmr_30mm,randomized,central,False,True,,0.17252204002579674,0.17578795203007758,0.1938893090118654,0.17252204002579674,5,3,0,5,3,0,5,3,0,0,4.8156e-05,0.017355546,6.393e-06,0.017214249,6.8959e-05,0.004332509997766465,0.008029697986785322,0.0010503529920242727,0.0016759909922257066,0.016676812956575304,12.179190512,0.866315585195,0.0190828484439,0.07375616219453204,0.08503274999733341,0.15651855400304815
8,1,gmm,randomized,central,False,True,,0.22541391797130927,0.2285061019938439,0.24660745897563174,0.22541391797130927,16,6,16,0,0,0,16,7,0,1,5.0484e-05,0.050622377,7.03e-06,0.050260775,0.000167405,0.004332509997766465,0.008029697986785322,0.0010503529920242727,0.0016759909922257066,0.016676812956575304,14.5929997803,1.18321284006,0.0236951595258,0.07392858239464684,0.09891266166354575,0.23023466813258842
8,1,gmr_30mm,randomized,central,False,True,,0.15848914498928934,0.1615059400210157,0.17960729700280353,0.15848914498928934,4,3,0,4,3,0,4,3,0,0,1.1753e-05,0.010514169,3.506e-06,0.010409125,5.8921e-05,0.004332509997766465,0.008029697986785322,0.0010503529920242727,0.0016759909922257066,0.016676812956575304,13.955002002,0.839488112979,0.0254408264314,0.06554938994800479,0.06274895635407121,0.1179500219964769
8,1,reference_ik,randomized,central,False,True,,0.1251760859740898,0.12814333697315305,0.14624469395494089,0.1251760859740898,0,0,0,0,0,0,0,0,0,0,0,0,0,0,0,0.004332509997766465,0.008029697986785322,0.0010503529920242727,0.0016759909922257066,0.016676812956575304,5.79699188399,0.637619535024,0.0298032690843,0.07370660997159326,0.005325812506192462,0.0618282847732905
8,1,hybrid_30mm,randomized,central,False,True,,0.17706510098651052,0.1798522670287639,0.19795362401055172,0.17706510098651052,12,2,3,9,2,0,12,4,0,2,3.3707e-05,0.059210291,7.317e-06,0.059039374,7.4528e-05,0.004332509997766465,0.008029697986785322,0.0010503529920242727,0.0016759909922257066,0.016676812956575304,13.4263328901,0.807678213791,0.0179527047413,0.07029566693147699,0.06779853394962335,0.09977263287777838
8,2,hybrid_30mm,randomized,central,False,True,,0.06645596196176484,0.06893790600588545,0.08703926298767328,0.06645596196176484,3,2,2,1,1,0,3,2,0,0,1.0326e-05,0.010563235,2.9e-06,0.010462779,4.8399e-05,0.004332509997766465,0.008029697986785322,0.0010503529920242727,0.0016759909922257066,0.016676812956575304,10.002354364,0.645362981105,0.0102010237379,0.057649393725645426,0.06904508529953576,0.14429733767439043
8,2,reference_ik,randomized,central,False,True,,0.12587425904348493,0.12858333898475394,0.14668469596654177,0.12587425904348493,0,0,0,0,0,0,0,0,0,0,0,0,0,0,0,0.004332509997766465,0.008029697986785322,0.0010503529920242727,0.0016759909922257066,0.016676812956575304,5.79699188399,0.637619535024,0.0298032690843,0.07370660997159326,0.005325812506192462,0.0618282847732905
8,2,gmr_30mm,randomized,central,False,True,,0.22656074399128556,0.22902644897112623,0.24712780595291406,0.22656074399128556,11,7,0,11,7,0,11,9,0,2,2.6744e-05,0.022697671,7.639e-06,0.022278734,0.000304638,0.004332509997766465,0.008029697986785322,0.0010503529920242727,0.0016759909922257066,0.016676812956575304,16.1012393034,1.21262439628,0.00640780632069,0.07201147968714863,0.07086466417175614,0.15955706300400277
8,2,gmm,randomized,central,False,True,,0.1332944369642064,0.13604972802568227,0.1541510850074701,0.1332944369642064,6,3,6,0,0,0,6,4,0,1,3.0027e-05,0.024663779,4.33e-06,0.024511959,7.0433e-05,0.004332509997766465,0.008029697986785322,0.0010503529920242727,0.0016759909922257066,0.016676812956575304,11.2397231357,0.783305085056,0.0232545030132,0.060519567616678295,0.15887968323839669,0.2645599525376453
8,3,reference_ik,randomized,central,False,True,,0.13028693903470412,0.1336270869942382,0.15172844397602603,0.13028693903470412,0,0,0,0,0,0,0,0,0,0,0,0,0,0,0,0.004332509997766465,0.008029697986785322,0.0010503529920242727,0.0016759909922257066,0.016676812956575304,5.79699188399,0.637619535024,0.0298032690843,0.07370660997159326,0.005325812506192462,0.0618282847732905
8,3,gmm,randomized,central,False,True,,0.1553320519742556,0.15838133898796514,0.17648269596975297,0.1553320519742556,2,2,2,0,0,0,2,2,0,0,5.032e-05,0.004642935,4.504e-06,0.004406332,0.000108371,0.004332509997766465,0.008029697986785322,0.0010503529920242727,0.0016759909922257066,0.016676812956575304,10.0779409847,0.842375146844,0.00107901718477,0.06353750405486631,0.10572466145264808,0.2222617430017297
8,3,gmr_30mm,randomized,central,False,True,,0.04397057899041101,0.04681165603687987,0.0649130130186677,0.04397057899041101,4,3,0,4,3,0,4,3,0,0,2.7896e-05,0.009597815,3.053e-06,0.009498526,5.3215e-05,0.004332509997766465,0.008029697986785322,0.0010503529920242727,0.0016759909922257066,0.016676812956575304,5.29453017365,0.402335780029,0.00134750082299,0.07383805015776856,0.05285860202904062,0.09494636011555276
8,3,hybrid_30mm,randomized,central,False,True,,0.15911258599953726,0.16139281302457675,0.17949417000636458,0.15911258599953726,3,1,1,2,1,0,3,1,0,0,4.9111e-05,0.010788348,8.397e-06,0.01060255,0.000112423,0.004332509997766465,0.008029697986785322,0.0010503529920242727,0.0016759909922257066,0.016676812956575304,13.623566163,1.33317751163,0.00351509782705,0.06658628655022072,0.11541823301922408,0.18035381077157953
8,4,hybrid_30mm,randomized,central,False,True,,0.16508333897218108,0.16781684500165284,0.18591820198344067,0.16508333897218108,2,2,0,2,2,0,2,2,0,0,1.1262e-05,0.000854773,1.878e-06,0.000797902,3.7547e-05,0.004332509997766465,0.008029697986785322,0.0010503529920242727,0.0016759909922257066,0.016676812956575304,13.1925051428,1.1187390611,0.0132012524369,0.07052130471111642,0.14262461973220733,0.21215239964991547
8,4,gmm,randomized,central,False,True,,0.08608745998935774,0.08930300903739408,0.10740436601918191,0.08608745998935774,3,3,3,0,0,0,3,3,0,0,4.7526e-05,0.006278882,3.993e-06,0.006125165,5.0438e-05,0.004332509997766465,0.008029697986785322,0.0010503529920242727,0.0016759909922257066,0.016676812956575304,9.73435599454,0.69436776249,0.00048105144087,0.055584338394095316,0.093977827871958,0.14886728064672275
8,4,reference_ik,randomized,central,False,True,,0.1263081930228509,0.12930146500002593,0.14740282198181376,0.1263081930228509,0,0,0,0,0,0,0,0,0,0,0,0,0,0,0,0.004332509997766465,0.008029697986785322,0.0010503529920242727,0.0016759909922257066,0.016676812956575304,5.79699188399,0.637619535024,0.0298032690843,0.07370660997159326,0.005325812506192462,0.0618282847732905
8,4,gmr_30mm,randomized,central,False,True,,0.11653831898001954,0.11958605196559802,0.13768740894738585,0.11653831898001954,3,2,0,3,2,0,3,2,0,0,3.5322e-05,0.018518221,7.612e-06,0.018290075,0.000122609,0.004332509997766465,0.008029697986785322,0.0010503529920242727,0.0016759909922257066,0.016676812956575304,10.879855653,0.78014004873,0.0122073499241,0.05803694016133525,0.07752277483630331,0.14699912006387714
24,0,reference_ik,randomized,central,False,False,reference_edge_invalid,0.13060389697784558,0.13234932103659958,0.1509373530279845,6.0,0,0,0,0,0,0,0,0,0,0,0,0,0,0,0,0.00464998499955982,0.008058045990765095,0.0007855829899199307,0.0017382079968228936,0.016845002013724297,,,,,,
24,0,gmr_30mm,randomized,central,False,True,,0.1346192799974233,0.13653855700977147,0.1551265890011564,0.1346192799974233,3,2,0,3,2,0,3,3,0,1,2.6734e-05,0.005402894,4.303e-06,0.005029045,0.000301435,0.00464998499955982,0.008058045990765095,0.0007855829899199307,0.0017382079968228936,0.016845002013724297,8.5833132732,0.665751754472,0.00673197700503,0.09685924271848172,0.05810202034573138,0.12108985060968247
24,0,gmm,randomized,central,False,True,,0.1375107179628685,0.13985545298783109,0.158443484979216,0.1375107179628685,4,1,4,0,0,0,4,3,0,2,1.2345e-05,0.008519399,2.56e-06,0.008421298,5.642e-05,0.00464998499955982,0.008058045990765095,0.0007855829899199307,0.0017382079968228936,0.016845002013724297,8.60805180745,0.99075322872,0.0101507219487,0.09760571093330549,0.13554708412448732,0.25954021881275446
24,0,hybrid_30mm,randomized,central,False,True,,0.07892732496839017,0.08144491800339893,0.10003294999478385,0.07892732496839017,15,10,5,10,6,0,15,14,0,4,2.1922e-05,0.027325753,5.234e-06,0.026999845,0.00022363,0.00464998499955982,0.008058045990765095,0.0007855829899199307,0.0017382079968228936,0.016845002013724297,8.21526265525,0.927156502607,0.0110030378821,0.09794254745871937,0.12036906215342484,0.23737101501808178
24,1,gmr_30mm,randomized,central,False,True,,0.08200166100868955,0.0840594099718146,0.10264744196319953,0.08200166100868955,7,4,0,7,4,0,7,6,0,2,3.6514e-05,0.015353847,7.173e-06,0.014983185,0.000277371,0.00464998499955982,0.008058045990765095,0.0007855829899199307,0.0017382079968228936,0.016845002013724297,8.06512256723,0.625814715886,0.0106990512309,0.09651809469142153,0.05297135195211307,0.0937552665462826
24,1,gmm,randomized,central,False,True,,0.16389010899001732,0.16674491699086502,0.18533294898224995,0.16389010899001732,11,6,11,0,0,0,11,8,0,2,4.8886e-05,0.029712497,6.522e-06,0.029270876,0.000282549,0.00464998499955982,0.008058045990765095,0.0007855829899199307,0.0017382079968228936,0.016845002013724297,8.7461538447,0.792104183252,0.00647840168415,0.08754557968794893,0.09177021821241313,0.1613932128728612
24,1,hybrid_30mm,randomized,central,False,True,,0.20004603796405718,0.20256235101260245,0.22115038300398737,0.20004603796405718,24,17,5,19,14,0,24,21,0,4,5.1601e-05,0.03858673,9.547e-06,0.03808477,0.000304645,0.00464998499955982,0.008058045990765095,0.0007855829899199307,0.0017382079968228936,0.016845002013724297,12.423814736,1.23244944845,0.0109340711795,0.09813031630856679,0.11432632846031462,0.2654519963542313
24,1,reference_ik,randomized,central,False,False,reference_edge_invalid,0.13481811701785773,0.13727110903710127,0.1558591410284862,6.0,0,0,0,0,0,0,0,0,0,0,0,0,0,0,0,0.00464998499955982,0.008058045990765095,0.0007855829899199307,0.0017382079968228936,0.016845002013724297,,,,,,
24,2,reference_ik,randomized,central,False,False,reference_edge_invalid,0.12913208903046325,0.13079058896983042,0.14937862096121535,6.0,0,0,0,0,0,0,0,0,0,0,0,0,0,0,0,0.00464998499955982,0.008058045990765095,0.0007855829899199307,0.0017382079968228936,0.016845002013724297,,,,,,
24,2,gmm,randomized,central,False,True,,0.10906111099757254,0.11091491504339501,0.12950294703477994,0.10906111099757254,5,3,5,0,0,0,5,5,0,2,4.8239e-05,0.009379503,4.952e-06,0.009084134,0.000167983,0.00464998499955982,0.008058045990765095,0.0007855829899199307,0.0017382079968228936,0.016845002013724297,9.75864413167,0.737139101341,4.01610066071e-05,0.09607275389083242,0.10593689979647443,0.16735189307981618
24,2,hybrid_30mm,randomized,central,False,True,,0.3666349840350449,0.3699301300221123,0.3885181620134972,0.3666349840350449,9,6,3,6,3,0,9,9,0,3,2.1883e-05,0.012703222,5.517e-06,0.01235401,0.000234423,0.00464998499955982,0.008058045990765095,0.0007855829899199307,0.0017382079968228936,0.016845002013724297,25.886672765,2.40075713092,0.00283847080813,0.05087543617309251,0.10430116729902957,0.27011554476713007
24,2,gmr_30mm,randomized,central,False,True,,0.1184969479800202,0.12085673701949418,0.1394447690108791,0.1184969479800202,5,2,0,5,2,0,5,4,0,2,4.8736e-05,0.020087567,1.0001e-05,0.019496705,0.000426058,0.00464998499955982,0.008058045990765095,0.0007855829899199307,0.0017382079968228936,0.016845002013724297,9.90509109294,0.977227770027,0.0106059275795,0.09832917865532194,0.10060190536631794,0.2093726139463896
24,3,gmr_30mm,randomized,central,False,True,,0.11746734700864181,0.12034350499743596,0.13893153698882088,0.11746734700864181,20,12,0,20,12,0,20,19,0,7,4.8828e-05,0.024799921,9.822e-06,0.024169069,0.000452636,0.00464998499955982,0.008058045990765095,0.0007855829899199307,0.0017382079968228936,0.016845002013724297,7.89998512355,0.88360342859,0.0103030384017,0.0979349557505247,0.1311705533176599,0.24346548542473556
24,3,reference_ik,randomized,central,False,False,reference_edge_invalid,0.13867158797802404,0.14149993000319228,0.1600879619945772,6.0,0,0,0,0,0,0,0,0,0,0,0,0,0,0,0,0.00464998499955982,0.008058045990765095,0.0007855829899199307,0.0017382079968228936,0.016845002013724297,,,,,,
24,3,gmm,randomized,central,False,True,,0.15745033201528713,0.15924130898201838,0.1778293409734033,0.15745033201528713,3,2,3,0,0,0,3,3,0,1,4.5945e-05,0.004220641,4.852e-06,0.0039667,0.000114303,0.00464998499955982,0.008058045990765095,0.0007855829899199307,0.0017382079968228936,0.016845002013724297,8.49653578081,1.01957523914,0.0106553192569,0.09775722587302253,0.12986259822186402,0.2609863409118511
24,3,hybrid_30mm,randomized,central,False,True,,0.05466593900928274,0.05726667499402538,0.0758547069854103,0.05466593900928274,3,3,1,2,2,0,3,3,0,0,1.7355e-05,0.002573984,2.46e-06,0.002459478,7.4325e-05,0.00464998499955982,0.008058045990765095,0.0007855829899199307,0.0017382079968228936,0.016845002013724297,8.15991008031,0.880202621121,0.010149617346,0.09730631594286547,0.1264922183715596,0.20838595807247148
24,4,reference_ik,randomized,central,False,False,reference_edge_invalid,0.13830974703887478,0.1403853710507974,0.15897340304218233,6.0,0,0,0,0,0,0,0,0,0,0,0,0,0,0,0,0.00464998499955982,0.008058045990765095,0.0007855829899199307,0.0017382079968228936,0.016845002013724297,,,,,,
24,4,gmm,randomized,central,False,True,,0.07282713701715693,0.07465531199704856,0.09324334398843348,0.07282713701715693,12,10,12,0,0,0,12,11,0,1,1.0456e-05,0.011268532,3.059e-06,0.011021666,0.000139336,0.00464998499955982,0.008058045990765095,0.0007855829899199307,0.0017382079968228936,0.016845002013724297,11.0452230492,0.926216449602,0.0105975716559,0.09808641636210085,0.11080321889351606,0.2024652744205016
24,4,gmr_30mm,randomized,central,False,True,,0.08825106802396476,0.09071548603242263,0.10930351802380756,0.08825106802396476,10,7,0,10,7,0,10,9,0,2,3.6266e-05,0.017602445,9.534e-06,0.016990301,0.00043483,0.00464998499955982,0.008058045990765095,0.0007855829899199307,0.0017382079968228936,0.016845002013724297,8.41545096458,0.552096618114,0.0101874494158,0.09739252011495737,0.04337326608282711,0.0707426995821976
24,4,hybrid_30mm,randomized,central,False,True,,0.11961143597727641,0.12228614097693935,0.14087417296832427,0.11961143597727641,1,1,0,1,1,0,1,1,0,0,4.7013e-05,0.004625794,4.11e-06,0.004572904,1.549e-05,0.00464998499955982,0.008058045990765095,0.0007855829899199307,0.0017382079968228936,0.016845002013724297,8.05642403949,0.894174553939,0.0112377986749,0.09821551737064767,0.1272653223553263,0.24091069674344354
35,0,gmm,randomized,central,False,True,,0.2347114000003785,0.23709247499937192,0.2548207869986072,0.2347114000003785,59,29,59,0,0,0,59,45,0,16,4.3057e-05,0.115774643,1.2616e-05,0.114682355,0.000546518,0.004180799005553126,0.00796362099936232,0.0008028040174394846,0.0017100850236602128,0.016232678957749158,13.3862667567,1.30136656109,0.00219315704081,0.07783819296440314,0.11538331237031572,0.277937020324622
35,0,hybrid_30mm,randomized,central,False,True,,0.2789907729602419,0.28201262501534075,0.29974093701457605,0.2789907729602419,26,17,3,23,16,0,26,24,0,7,5.1412e-05,0.038562217,1.3607e-05,0.037875718,0.000442885,0.004180799005553126,0.00796362099936232,0.0008028040174394846,0.0017100850236602128,0.016232678957749158,19.8809583697,1.78726870609,0.00175752553087,0.07286800898715386,0.07102845953517552,0.24206003899605105
35,0,reference_ik,randomized,central,False,False,reference_ik,0.0836543359910138,0.08594805700704455,0.10367636900627986,6.0,0,0,0,0,0,0,0,0,0,0,0,0,0,0,0,0.004180799005553126,0.00796362099936232,0.0008028040174394846,0.0017100850236602128,0.016232678957749158,,,,,,
35,0,gmr_30mm,randomized,central,False,True,,0.19946375500876456,0.2024994749808684,0.2202277869801037,0.19946375500876456,8,4,0,8,4,0,8,5,0,1,4.903e-05,0.022599459,8.311e-06,0.0222181,0.000292788,0.004180799005553126,0.00796362099936232,0.0008028040174394846,0.0017100850236602128,0.016232678957749158,13.6664213004,1.20380241498,0.00317089212112,0.08633019392853052,0.10473084419036525,0.2841616153163156
35,1,gmr_30mm,randomized,central,False,True,,0.1845759570132941,0.18748003302607685,0.20520834502531216,0.1845759570132941,19,11,0,19,11,0,19,19,0,8,2.9731e-05,0.020733484,1.0323e-05,0.020215896,0.000359719,0.004180799005553126,0.00796362099936232,0.0008028040174394846,0.0017100850236602128,0.016232678957749158,17.1396697169,1.70443716278,0.00260772438592,0.0873300344797946,0.11015548024686919,0.28811797583315923
35,1,hybrid_30mm,randomized,central,False,True,,0.18231578497216105,0.18589769600657746,0.20362600800581276,0.18231578497216105,12,6,4,8,5,0,12,11,0,5,4.7058e-05,0.019797952,9.142e-06,0.019245396,0.000404486,0.004180799005553126,0.00796362099936232,0.0008028040174394846,0.0017100850236602128,0.016232678957749158,14.0379036677,1.23945275393,0.000133429632499,0.07672263544957142,0.05725373434982013,0.15402584141696035
35,1,reference_ik,randomized,central,False,False,reference_ik,0.0849665820132941,0.08733913797186688,0.10506744997110218,6.0,0,0,0,0,0,0,0,0,0,0,0,0,0,0,0,0.004180799005553126,0.00796362099936232,0.0008028040174394846,0.0017100850236602128,0.016232678957749158,,,,,,
35,1,gmm,randomized,central,False,True,,0.37154101696796715,0.37443669099593535,0.39216500299517065,0.37154101696796715,135,58,135,0,0,0,135,112,0,54,5.1001e-05,0.212431269,1.9469e-05,0.210253769,0.001259829,0.004180799005553126,0.00796362099936232,0.0008028040174394846,0.0017100850236602128,0.016232678957749158,14.8682096028,1.34257975711,0.0018566381715,0.08298633434044489,0.08455468049926075,0.2787520137200795
35,2,reference_ik,randomized,central,False,False,reference_ik,0.08090853103203699,0.0831900549819693,0.1009183669812046,6.0,0,0,0,0,0,0,0,0,0,0,0,0,0,0,0,0.004180799005553126,0.00796362099936232,0.0008028040174394846,0.0017100850236602128,0.016232678957749158,,,,,,
35,2,gmr_30mm,randomized,central,False,True,,0.33549575600773096,0.33939059905242175,0.35711891105165705,0.33549575600773096,85,57,0,85,57,0,85,77,0,20,4.9148e-05,0.097653071,1.627e-05,0.09663673,0.000700822,0.004180799005553126,0.00796362099936232,0.0008028040174394846,0.0017100850236602128,0.016232678957749158,19.9071133472,2.14053064731,0.00225108524695,0.08843108544534437,0.07818976522804919,0.2863439984215112
35,2,gmm,randomized,central,False,True,,0.26654161198530346,0.2699401119607501,0.2876684239599854,0.26654161198530346,35,18,35,0,0,0,35,29,0,11,1.0841e-05,0.057696934,6.423e-06,0.05705626,0.000361956,0.004180799005553126,0.00796362099936232,0.0008028040174394846,0.0017100850236602128,0.016232678957749158,21.7843235051,2.26919534558,0.00197163920827,0.05380106534666268,0.17517804678387425,0.284672760567443
35,2,hybrid_30mm,randomized,central,False,True,,0.13208706298610196,0.13509366702055559,0.1528219790197909,0.13208706298610196,8,4,1,7,4,0,8,6,0,2,2.2348e-05,0.021100941,8.103e-06,0.020678761,0.000298691,0.004180799005553126,0.00796362099936232,0.0008028040174394846,0.0017100850236602128,0.016232678957749158,14.5491179017,1.48482616581,0.00313201785982,0.09357173423630413,0.12790476272182405,0.30379651990632145
35,3,reference_ik,randomized,central,False,False,reference_ik,0.08175701496656984,0.08386214502388611,0.10159045702312142,6.0,0,0,0,0,0,0,0,0,0,0,0,0,0,0,0,0.004180799005553126,0.00796362099936232,0.0008028040174394846,0.0017100850236602128,0.016232678957749158,,,,,,
35,3,gmm,randomized,central,False,True,,0.20165353803895414,0.20464311598334461,0.22237142798257992,0.20165353803895414,21,12,21,0,0,0,21,16,0,4,4.3174e-05,0.049269255,5.211e-06,0.048866495,0.000196354,0.004180799005553126,0.00796362099936232,0.0008028040174394846,0.0017100850236602128,0.016232678957749158,16.0368655982,1.74346178799,0.00184343227304,0.08469415066336426,0.11456585616646474,0.2700248833816701
35,3,hybrid_30mm,randomized,central,False,True,,0.2509613270522095,0.2542330129654147,0.27196132496465,0.2509613270522095,29,15,5,24,14,0,29,26,0,11,5.5716e-05,0.050363838,1.0642e-05,0.049754671,0.000414993,0.004180799005553126,0.00796362099936232,0.0008028040174394846,0.0017100850236602128,0.016232678957749158,17.6893536056,1.8043384336,0.00365714598215,0.09124928860034522,0.12076102177392742,0.29740449650764156
35,3,gmr_30mm,randomized,central,False,True,,0.3256678340258077,0.328873819031287,0.3466021310305223,0.3256678340258077,48,27,0,48,27,0,48,43,0,16,1.0653e-05,0.071850594,1.0432e-05,0.071171978,0.000483039,0.004180799005553126,0.00796362099936232,0.0008028040174394846,0.0017100850236602128,0.016232678957749158,19.3451197716,1.9592514655,0.00334722372033,0.09531257164507534,0.0962913718479683,0.30054781533852937
35,4,hybrid_30mm,randomized,central,False,True,,0.0997292340034619,0.1023803050047718,0.1201086170040071,0.0997292340034619,6,3,0,6,3,0,6,5,0,2,1.2187e-05,0.012698299,4.651e-06,0.01249773,0.000119593,0.004180799005553126,0.00796362099936232,0.0008028040174394846,0.0017100850236602128,0.016232678957749158,13.6236413416,1.30923773949,0.00223002773981,0.07908207296619718,0.0953640963129781,0.2635332668204998
35,4,gmr_30mm,randomized,central,False,True,,0.4552576620480977,0.4586898650159128,0.4764181770151481,0.4552576620480977,189,116,0,189,116,0,189,170,0,54,2.575e-05,0.200775926,2.4117e-05,0.198702658,0.001494437,0.004180799005553126,0.00796362099936232,0.0008028040174394846,0.0017100850236602128,0.016232678957749158,21.1307074416,2.13913219772,0.00201616155063,0.08841490239057577,0.07985796728566054,0.29586306700436016
35,4,reference_ik,randomized,central,False,False,reference_ik,0.08171259198570624,0.08409911900525913,0.10182743100449443,6.0,0,0,0,0,0,0,0,0,0,0,0,0,0,0,0,0.004180799005553126,0.00796362099936232,0.0008028040174394846,0.0017100850236602128,0.016232678957749158,,,,,,
35,4,gmm,randomized,central,False,True,,0.30989011202473193,0.31271617498714477,0.33044448698638007,0.30989011202473193,65,28,65,0,0,0,65,50,0,22,4.8754e-05,0.115466301,1.1403e-05,0.114512324,0.000515361,0.004180799005553126,0.00796362099936232,0.0008028040174394846,0.0017100850236602128,0.016232678957749158,16.2745549681,1.81623371945,0.000114646369088,0.08336561470173662,0.13063347326309374,0.2590980580768884
57,0,reference_ik,randomized,offset,False,True,,0.14621098403586075,0.15695062198210508,0.1749178739846684,0.14621098403586075,0,0,0,0,0,0,0,0,0,0,0,0,0,0,0,0.00426572299329564,0.00804010801948607,0.0008519749972037971,0.0017692749970592558,0.016546004975680262,5.54493637132,0.712996957182,0.00885684456563,0.06769369782591496,0.003799489167217638,0.053625213285981445
57,0,gmm,randomized,offset,False,True,,0.12755812000250444,0.1305290600284934,0.14849631203105673,0.12755812000250444,7,3,7,0,0,0,7,4,0,1,2.4275e-05,0.020907076,2.825e-06,0.02074069,8.0414e-05,0.00426572299329564,0.00804010801948607,0.0008519749972037971,0.0017692749970592558,0.016546004975680262,13.0967104014,1.08385232759,0.00885684456563,0.06769369782591496,0.12454357898255057,0.18846454083913694
57,0,hybrid_30mm,randomized,offset,False,True,,0.17199019697727636,0.17472601303597912,0.19269326503854245,0.17199019697727636,2,2,0,2,2,0,2,2,0,0,4.8247e-05,0.004170749,5.434e-06,0.003922662,0.000153065,0.00426572299329564,0.00804010801948607,0.0008519749972037971,0.0017692749970592558,0.016546004975680262,13.0598503366,0.718916612714,0.00879170013404,0.06769369782591496,0.0610134769372365,0.11675018856836834
57,0,gmr_30mm,randomized,offset,False,True,,0.12464830605313182,0.12760233198059723,0.14556958398316056,0.12464830605313182,9,3,0,9,3,0,9,6,0,3,4.3183e-05,0.026605617,9.435e-06,0.026280243,0.000197986,0.00426572299329564,0.00804010801948607,0.0008519749972037971,0.0017692749970592558,0.016546004975680262,13.3994191392,1.33438424379,0.00174862561431,0.06769369782591496,0.11728571394922858,0.20970848700753397
57,1,hybrid_30mm,randomized,offset,False,True,,0.1225525820045732,0.12591617100406438,0.1438834230066277,0.1225525820045732,3,2,2,1,1,0,3,2,0,0,1.9545e-05,0.007255973,3.074e-06,0.007192251,2.3047e-05,0.00426572299329564,0.00804010801948607,0.0008519749972037971,0.0017692749970592558,0.016546004975680262,12.9737381921,1.05951670141,0.00885684456563,0.06769369782591496,0.09327565164444337,0.13761565397237785
57,1,gmr_30mm,randomized,offset,False,True,,0.15439127100398764,0.15704557299613953,0.17501282499870285,0.15439127100398764,13,8,0,13,8,0,13,12,0,4,4.7422e-05,0.019751517,1.0503e-05,0.019329191,0.000267921,0.00426572299329564,0.00804010801948607,0.0008519749972037971,0.0017692749970592558,0.016546004975680262,12.4488527745,0.858485468487,0.00659821198095,0.06769369782591496,0.0476561844796066,0.0918308935718474
57,1,gmm,randomized,offset,False,True,,0.06136558804428205,0.06408245203783736,0.08204970404040068,0.06136558804428205,2,1,2,0,0,0,2,2,0,1,2.2246e-05,0.006191255,2.181e-06,0.00607937,6.076e-05,0.00426572299329564,0.00804010801948607,0.0008519749972037971,0.0017692749970592558,0.016546004975680262,6.75159418144,0.442268961696,0.0020958102671,0.06769369782591496,0.05518041454755271,0.10838571594523258
57,1,reference_ik,randomized,offset,False,True,,0.14032452000537887,0.14311897702282295,0.16108622902538627,0.14032452000537887,0,0,0,0,0,0,0,0,0,0,0,0,0,0,0,0.00426572299329564,0.00804010801948607,0.0008519749972037971,0.0017692749970592558,0.016546004975680262,5.54493637132,0.712996957182,0.00885684456563,0.06769369782591496,0.003799489167217638,0.053625213285981445
57,2,reference_ik,randomized,offset,False,True,,0.13707215897738934,0.13985908700851724,0.15782633901108056,0.13707215897738934,0,0,0,0,0,0,0,0,0,0,0,0,0,0,0,0.00426572299329564,0.00804010801948607,0.0008519749972037971,0.0017692749970592558,0.016546004975680262,5.54493637132,0.712996957182,0.00885684456563,0.06769369782591496,0.003799489167217638,0.053625213285981445
57,2,gmm,randomized,offset,False,True,,0.05326052795862779,0.05527657299535349,0.07324382499791682,0.05326052795862779,1,1,1,0,0,0,1,1,0,0,1.1586e-05,0.003422722,9.57e-07,0.003392011,1.3569e-05,0.00426572299329564,0.00804010801948607,0.0008519749972037971,0.0017692749970592558,0.016546004975680262,10.2170183885,0.722863341647,0.00597589221542,0.06769369782591496,0.04012828295093743,0.08954101611915244
57,2,hybrid_30mm,randomized,offset,False,True,,0.11430927400942892,0.11633546696975827,0.1343027189723216,0.11430927400942892,8,5,1,7,5,0,8,5,0,0,1.1375e-05,0.019231903,4.52e-06,0.019116225,5.7919e-05,0.00426572299329564,0.00804010801948607,0.0008519749972037971,0.0017692749970592558,0.016546004975680262,5.24957824889,0.425066328544,0.00246256425971,0.06769369782591496,0.04567428624147728,0.11019239014805722
57,2,gmr_30mm,randomized,offset,False,True,,0.11003308597719297,0.11246790504083037,0.1304351570433937,0.11003308597719297,2,2,0,2,2,0,2,2,0,0,1.0973e-05,0.00160098,1.634e-06,0.001558457,2.4366e-05,0.00426572299329564,0.00804010801948607,0.0008519749972037971,0.0017692749970592558,0.016546004975680262,13.9655044649,0.56851166747,0.000834945199364,0.06769369782591496,0.07002428441521394,0.11306705372094165
57,3,hybrid_30mm,randomized,offset,False,True,,0.13933321897638962,0.1415365319699049,0.15950378397246823,0.13933321897638962,7,4,2,5,3,0,7,4,0,0,1.1637e-05,0.021964125,4.796e-06,0.021805104,9.5547e-05,0.00426572299329564,0.00804010801948607,0.0008519749972037971,0.0017692749970592558,0.016546004975680262,12.873279468,1.02665282172,0.00885684456563,0.06769369782591496,0.1380312218215297,0.23827568212065894
57,3,gmr_30mm,randomized,offset,False,True,,0.21332228800747544,0.21588659100234509,0.2338538430049084,0.21332228800747544,6,5,0,6,5,0,6,5,0,0,1.7131e-05,0.015315274,3.254e-06,0.015201752,6.6576e-05,0.00426572299329564,0.00804010801948607,0.0008519749972037971,0.0017692749970592558,0.016546004975680262,19.6256915163,1.89332542429,0.00885684456563,0.06769369782591496,0.10356486181327035,0.23887926265901477
57,3,gmm,randomized,offset,False,True,,0.09568299498641863,0.09861780499340966,0.11658505699597299,0.09568299498641863,1,1,1,0,0,0,1,1,0,0,5.0136e-05,0.003985235,3.116e-06,0.003918821,1.4048e-05,0.00426572299329564,0.00804010801948607,0.0008519749972037971,0.0017692749970592558,0.016546004975680262,4.35367820489,0.485867070604,0.000757258780296,0.06769369782591496,0.05988825738367279,0.09652025690375067
57,3,reference_ik,randomized,offset,False,True,,0.14101657998980954,0.14387318695662543,0.16184043895918876,0.14101657998980954,0,0,0,0,0,0,0,0,0,0,0,0,0,0,0,0.00426572299329564,0.00804010801948607,0.0008519749972037971,0.0017692749970592558,0.016546004975680262,5.54493637132,0.712996957182,0.00885684456563,0.06769369782591496,0.003799489167217638,0.053625213285981445
57,4,gmr_30mm,randomized,offset,False,True,,0.09237489302176982,0.09558275301242247,0.1135500050149858,0.09237489302176982,6,3,0,6,3,0,6,5,0,2,3.2058e-05,0.015069684,7.726e-06,0.014882396,0.000125562,0.00426572299329564,0.00804010801948607,0.0008519749972037971,0.0017692749970592558,0.016546004975680262,10.6949817411,0.662402730765,0.00885684456563,0.06769369782591496,0.034376815680154486,0.0730123100797876
57,4,gmm,randomized,offset,False,True,,0.13584176398580894,0.13823905703611672,0.15620630903868005,0.13584176398580894,25,9,25,0,0,0,25,18,0,9,2.9169e-05,0.051313151,5.207e-06,0.050874166,0.000210684,0.00426572299329564,0.00804010801948607,0.0008519749972037971,0.0017692749970592558,0.016546004975680262,7.60654092254,0.723655248058,0.00885684456563,0.06769369782591496,0.08109103041459621,0.11223854870750118
57,4,hybrid_30mm,randomized,offset,False,True,,0.11908147000940517,0.1217496590106748,0.13971691101323813,0.11908147000940517,9,9,0,9,9,0,9,9,0,0,1.1198e-05,0.010680727,3.856e-06,0.010492204,0.000122482,0.00426572299329564,0.00804010801948607,0.0008519749972037971,0.0017692749970592558,0.016546004975680262,14.5877633936,1.29502831763,0.00885684456563,0.06769369782591496,0.06316517707342682,0.16761882611934986
57,4,reference_ik,randomized,offset,False,True,,0.14086318400222808,0.14355530199827626,0.1615225540008396,0.14086318400222808,0,0,0,0,0,0,0,0,0,0,0,0,0,0,0,0.00426572299329564,0.00804010801948607,0.0008519749972037971,0.0017692749970592558,0.016546004975680262,5.54493637132,0.712996957182,0.00885684456563,0.06769369782591496,0.003799489167217638,0.053625213285981445
9,0,hybrid_30mm,randomized,central,False,True,,0.23653763497713953,0.23894183000084013,0.25717624003300443,0.23653763497713953,7,5,0,7,5,0,7,6,0,1,4.8837e-05,0.027887861,1.0955e-05,0.027486609,0.000261065,0.004392792994622141,0.008035610022488981,0.0008592959493398666,0.0017602519947104156,0.016661114001180977,15.9535227582,1.26892463558,0.00012131024391,0.10315673120034492,0.08226082022681504,0.18005690629491367
9,0,gmm,randomized,central,False,True,,0.21015664795413613,0.21296812704531476,0.23120253707747906,0.21015664795413613,21,11,21,0,0,0,21,18,0,7,1.1339e-05,0.028576099,4.112e-06,0.028170555,0.000238093,0.004392792994622141,0.008035610022488981,0.0008592959493398666,0.0017602519947104156,0.016661114001180977,19.7265938369,1.90998787167,0.011701436283,0.10108705387456227,0.08519491962994348,0.19391588433105464
9,0,gmr_30mm,randomized,central,False,True,,0.15058940899325535,0.1533050949801691,0.1715395050123334,0.15058940899325535,15,11,0,15,11,0,15,15,0,4,5.0718e-05,0.018212909,1.0404e-05,0.01778714,0.00028966,0.004392792994622141,0.008035610022488981,0.0008592959493398666,0.0017602519947104156,0.016661114001180977,11.5547506744,0.879247764818,0.00628252629391,0.08676921600496855,0.02761547779782404,0.05835131414136808
9,0,reference_ik,randomized,central,False,False,reference_edge_invalid,0.12954759801505134,0.13246988301398233,0.15070429304614663,6.0,0,0,0,0,0,0,0,0,0,0,0,0,0,0,0,0.004392792994622141,0.008035610022488981,0.0008592959493398666,0.0017602519947104156,0.016661114001180977,,,,,,
9,1,hybrid_30mm,randomized,central,False,True,,0.18465036700945348,0.18663177598500624,0.20486618601717055,0.18465036700945348,7,5,1,6,5,0,7,7,0,2,5.0296e-05,0.008371605,1.0937e-05,0.007980143,0.000218053,0.004392792994622141,0.008035610022488981,0.0008592959493398666,0.0017602519947104156,0.016661114001180977,15.0285811372,1.09290507874,0.0159786406918,0.09184609061225567,0.07891909996428105,0.1435343835149122
9,1,gmr_30mm,randomized,central,False,True,,0.2108161190408282,0.21364304900635034,0.23187745903851464,0.2108161190408282,5,4,0,5,4,0,5,4,0,0,5.2693e-05,0.012248295,5.64e-06,0.011992936,0.000150892,0.004392792994622141,0.008035610022488981,0.0008592959493398666,0.0017602519947104156,0.016661114001180977,14.9340513739,1.05899576292,0.0163813941819,0.10396584941492883,0.09096005290678268,0.15834116075353372
9,1,gmm,randomized,central,False,True,,0.2879937700345181,0.2913765099947341,0.3096109200268984,0.2879937700345181,23,11,23,0,0,0,23,18,0,7,5.0519e-05,0.053345763,8.533e-06,0.052736278,0.000306457,0.004392792994622141,0.008035610022488981,0.0008592959493398666,0.0017602519947104156,0.016661114001180977,18.7920239442,1.88608833565,0.00114825105008,0.0758191543665015,0.0878423804809785,0.16439967454296003
9,1,reference_ik,randomized,central,False,False,reference_edge_invalid,0.13282415200956166,0.13481623301049694,0.15305064304266125,6.0,0,0,0,0,0,0,0,0,0,0,0,0,0,0,0,0.004392792994622141,0.008035610022488981,0.0008592959493398666,0.0017602519947104156,0.016661114001180977,,,,,,
9,2,hybrid_30mm,randomized,central,False,True,,0.3382924559991807,0.3406020879629068,0.3588364979950711,0.3382924559991807,3,3,0,3,3,0,3,3,0,0,4.7783e-05,0.005559898,6.324e-06,0.005433101,7.1939e-05,0.004392792994622141,0.008035610022488981,0.0008592959493398666,0.0017602519947104156,0.016661114001180977,24.6043349887,1.54354966507,0.0119311942239,0.08578783436031646,0.08105851481595547,0.16435935588922965
9,2,gmr_30mm,randomized,central,False,True,,0.2057736930437386,0.20894231501733884,0.22717672504950315,0.2057736930437386,5,4,0,5,4,0,5,4,0,0,5.2088e-05,0.011419089,8.643e-06,0.011167816,0.000135215,0.004392792994622141,0.008035610022488981,0.0008592959493398666,0.0017602519947104156,0.016661114001180977,16.3924818595,1.20945714113,0.00265299651313,0.0840120964695602,0.06077629668640994,0.11505009392807149
9,2,reference_ik,randomized,central,False,False,reference_edge_invalid,0.13107354403473437,0.1337580859544687,0.151992495986633,6.0,0,0,0,0,0,0,0,0,0,0,0,0,0,0,0,0.004392792994622141,0.008035610022488981,0.0008592959493398666,0.0017602519947104156,0.016661114001180977,,,,,,
9,2,gmm,randomized,central,False,True,,0.25420241605024785,0.25624843197874725,0.27448284201091155,0.25420241605024785,30,12,30,0,0,0,30,22,0,10,4.9015e-05,0.066801035,7.442e-06,0.066273551,0.000274128,0.004392792994622141,0.008035610022488981,0.0008592959493398666,0.0017602519947104156,0.016661114001180977,15.1047995493,0.881540967354,0.0163203307008,0.12068910430669022,0.1243232733069826,0.20998157489348238
9,3,gmr_30mm,randomized,central,False,True,,0.47411765495780855,0.47723377001238987,0.4954681800445542,0.47411765495780855,8,7,0,8,7,0,8,8,0,1,4.9239e-05,0.007629972,6.206e-06,0.007318312,0.000211578,0.004392792994622141,0.008035610022488981,0.0008592959493398666,0.0017602519947104156,0.016661114001180977,27.5964157968,2.27866494553,0.00950789521289,0.10549570321043387,0.09106501568982449,0.2622605357649459
9,3,hybrid_30mm,randomized,central,False,True,,0.12170960596995428,0.12414331699255854,0.14237772702472284,0.12170960596995428,9,6,1,8,6,0,9,6,0,0,1.8751e-05,0.02380749,5.65e-06,0.023572154,0.000148482,0.004392792994622141,0.008035610022488981,0.0008592959493398666,0.0017602519947104156,0.016661114001180977,14.8065004483,0.810428987281,0.00651301705166,0.08568940325993607,0.0582146585205279,0.12628177807765237
9,3,gmm,randomized,central,False,True,,0.2629289770266041,0.2655640150187537,0.283798425050918,0.2629289770266041,37,27,37,0,0,0,37,31,0,4,4.826e-05,0.054520921,9.34e-06,0.053752023,0.000380651,0.004392792994622141,0.008035610022488981,0.0008592959493398666,0.0017602519947104156,0.016661114001180977,20.4731261164,1.66908242116,0.0115147338859,0.08752671592356095,0.12840955232594636,0.20483612739935675
9,3,reference_ik,randomized,central,False,False,reference_edge_invalid,0.13017270097043365,0.1324610110023059,0.1506954210344702,6.0,0,0,0,0,0,0,0,0,0,0,0,0,0,0,0,0.004392792994622141,0.008035610022488981,0.0008592959493398666,0.0017602519947104156,0.016661114001180977,,,,,,
9,4,gmr_30mm,randomized,central,False,True,,0.42043720796937123,0.422885928011965,0.4411203380441293,0.42043720796937123,50,35,0,50,35,0,50,49,0,14,2.6476e-05,0.072519822,1.7347e-05,0.071322064,0.000836929,0.004392792994622141,0.008035610022488981,0.0008592959493398666,0.0017602519947104156,0.016661114001180977,26.4283039938,2.01063966664,0.00264155166142,0.09851181153765785,0.07602810931620373,0.19098402603019468
9,4,gmm,randomized,central,False,True,,0.3992828599875793,0.40251814998919144,0.42075256002135575,0.3992828599875793,40,23,40,0,0,0,40,36,0,13,4.7866e-05,0.056289773,1.0178e-05,0.055426252,0.000465028,0.004392792994622141,0.008035610022488981,0.0008592959493398666,0.0017602519947104156,0.016661114001180977,24.7874228518,1.78992913408,0.00469031010526,0.08476368177334526,0.08883737605654232,0.19651286291184783
9,4,hybrid_30mm,randomized,central,False,True,,0.0720898900181055,0.07435134198749438,0.09258575201965868,0.0720898900181055,5,4,1,4,3,0,5,4,0,0,1.5848e-05,0.009403015,5.561e-06,0.009189662,0.00011928,0.004392792994622141,0.008035610022488981,0.0008592959493398666,0.0017602519947104156,0.016661114001180977,10.1411078951,0.816862428545,0.00633875786282,0.08633609640578228,0.13062933980185082,0.23187304404545822
9,4,reference_ik,randomized,central,False,False,reference_edge_invalid,0.12775669299298897,0.12986556900432333,0.14809997903648764,6.0,0,0,0,0,0,0,0,0,0,0,0,0,0,0,0,0.004392792994622141,0.008035610022488981,0.0008592959493398666,0.0017602519947104156,0.016661114001180977,,,,,,
42,0,reference_ik,randomized,central,False,True,,0.22187683201627806,0.22383267903933302,0.24205863405950367,0.22187683201627806,0,0,0,0,0,0,0,0,0,0,0,0,0,0,0,0.0044369170209392905,0.007998922024853528,0.0009565280051901937,0.001707889954559505,0.01669537299312651,11.005426573,0.956890390521,0.00559231023071,0.11779282855118058,0.030173509672522587,0.0901114096384359
42,0,gmr_30mm,randomized,central,False,True,,0.21225588099332526,0.21588074299506843,0.2341066980152391,0.21225588099332526,6,4,0,6,4,0,6,6,0,2,1.1813e-05,0.005773706,3.908e-06,0.005639737,8.8595e-05,0.0044369170209392905,0.007998922024853528,0.0009565280051901937,0.001707889954559505,0.01669537299312651,15.2342353932,1.0411170928,0.00604603731022,0.10032781430501596,0.06748856594392204,0.160018445797115
42,0,hybrid_30mm,randomized,central,False,True,,0.223675352986902,0.22643416497157887,0.24466011999174953,0.223675352986902,40,29,10,30,22,0,40,37,0,8,1.2368e-05,0.033823151,9.567e-06,0.033196155,0.000402385,0.0044369170209392905,0.007998922024853528,0.0009565280051901937,0.001707889954559505,0.01669537299312651,16.0510050004,1.42101720497,0.0051739583973,0.07978486791929561,0.06279927993708467,0.12570448132147988
42,0,gmm,randomized,central,False,True,,0.11431217001518235,0.11732736299745739,0.13555331801762804,0.11431217001518235,4,2,4,0,0,0,4,2,0,0,4.8836e-05,0.013359068,4.342e-06,0.013117619,0.000121441,0.0044369170209392905,0.007998922024853528,0.0009565280051901937,0.001707889954559505,0.01669537299312651,9.9073923121,0.692548297338,0.00530672737528,0.120472458982757,0.05321139529071953,0.1250287561370128
42,1,reference_ik,randomized,central,False,True,,0.2400458400370553,0.24314669898012653,0.2613726540002972,0.2400458400370553,0,0,0,0,0,0,0,0,0,0,0,0,0,0,0,0.0044369170209392905,0.007998922024853528,0.0009565280051901937,0.001707889954559505,0.01669537299312651,11.005426573,0.956890390521,0.00559231023071,0.11779282855118058,0.030173509672522587,0.0901114096384359
42,1,hybrid_30mm,randomized,central,False,True,,0.13414494297467172,0.1370459459722042,0.15527190099237487,0.13414494297467172,6,3,0,6,3,0,6,5,0,2,1.1332e-05,0.013010427,3.422e-06,0.012859711,0.000107228,0.0044369170209392905,0.007998922024853528,0.0009565280051901937,0.001707889954559505,0.01669537299312651,10.6831133377,0.732003757902,0.0057282851114,0.13832038071852568,0.0617344532777258,0.11184006557377833
42,1,gmr_30mm,randomized,central,False,True,,0.058792616007849574,0.06174629501765594,0.0799722500378266,0.058792616007849574,1,1,0,1,1,0,1,1,0,0,1.096e-05,0.000377033,3.92e-06,0.000319777,9.895e-06,0.0044369170209392905,0.007998922024853528,0.0009565280051901937,0.001707889954559505,0.01669537299312651,8.35659557002,0.545076269236,0.00504165308186,0.11427997316887004,0.03166487679266897,0.06588485703533295
42,1,gmm,randomized,central,False,True,,0.1676573989680037,0.17063088295981288,0.18885683797998354,0.1676573989680037,25,17,25,0,0,0,25,21,0,4,1.1152e-05,0.043226343,5.373e-06,0.042664165,0.000349788,0.0044369170209392905,0.007998922024853528,0.0009565280051901937,0.001707889954559505,0.01669537299312651,9.51874147092,0.609759898615,0.00201647127444,0.11505071164834678,0.047443672660173374,0.07962452828106975
42,2,hybrid_30mm,randomized,central,False,True,,0.0870318950037472,0.09019155299756676,0.10841750801773742,0.0870318950037472,12,6,4,8,5,0,12,12,0,6,2.0591e-05,0.010614975,7.723e-06,0.010048339,0.000391213,0.0044369170209392905,0.007998922024853528,0.0009565280051901937,0.001707889954559505,0.01669537299312651,9.95097457958,0.693043590771,0.0011997010037,0.10657122678747537,0.04623588392842891,0.08707817426888721
42,2,reference_ik,randomized,central,False,True,,0.23479357099859044,0.2373861669912003,0.25561212201137096,0.23479357099859044,0,0,0,0,0,0,0,0,0,0,0,0,0,0,0,0.0044369170209392905,0.007998922024853528,0.0009565280051901937,0.001707889954559505,0.01669537299312651,11.005426573,0.956890390521,0.00559231023071,0.11779282855118058,0.030173509672522587,0.0901114096384359
42,2,gmr_30mm,randomized,central,False,True,,0.2998180509894155,0.3030268850270659,0.32125284004723653,0.2998180509894155,4,3,0,4,3,0,4,4,0,1,5.099e-05,0.004688718,8.461e-06,0.004487299,0.000105027,0.0044369170209392905,0.007998922024853528,0.0009565280051901937,0.001707889954559505,0.01669537299312651,22.2436159945,0.896681253048,0.00502488405935,0.05953830128264408,0.05196774015892866,0.12356188905217794
42,2,gmm,randomized,central,False,True,,0.2350953039713204,0.23807804903481156,0.2563040040549822,0.2350953039713204,21,9,21,0,0,0,21,14,0,5,4.7229e-05,0.04918467,9.929e-06,0.048455486,0.000399063,0.0044369170209392905,0.007998922024853528,0.0009565280051901937,0.001707889954559505,0.01669537299312651,12.7146037039,1.01977289533,0.00169502083218,0.05495544878286651,0.1229003383530239,0.29896492648511436
42,3,gmm,randomized,central,False,True,,0.2495091729797423,0.25294306699652225,0.2711690220166929,0.2495091729797423,7,5,7,0,0,0,7,7,0,2,4.4217e-05,0.008722197,3.183e-06,0.008464554,0.000137413,0.0044369170209392905,0.007998922024853528,0.0009565280051901937,0.001707889954559505,0.01669537299312651,17.7923204672,1.24153657114,0.00486902775138,0.09750921303973763,0.10196194598851596,0.27560772045686244
42,3,reference_ik,randomized,central,False,True,,0.21809619304258376,0.22138190100667998,0.23960785602685064,0.21809619304258376,0,0,0,0,0,0,0,0,0,0,0,0,0,0,0,0.0044369170209392905,0.007998922024853528,0.0009565280051901937,0.001707889954559505,0.01669537299312651,11.005426573,0.956890390521,0.00559231023071,0.11779282855118058,0.030173509672522587,0.0901114096384359
42,3,hybrid_30mm,randomized,central,False,True,,0.1396380589576438,0.14304181397892535,0.161267768999096,0.1396380589576438,15,7,1,14,7,0,15,13,0,6,2.7873e-05,0.023192983,4.951e-06,0.022894775,0.000214175,0.0044369170209392905,0.007998922024853528,0.0009565280051901937,0.001707889954559505,0.01669537299312651,10.2476879467,0.819984467084,0.00547922463886,0.11122060207062887,0.045898159334958374,0.08281992065807199
42,3,gmr_30mm,randomized,central,False,True,,0.43947818694869056,0.4432917720405385,0.46151772706070915,0.43947818694869056,4,3,0,4,3,0,4,3,0,0,4.5953e-05,0.009504008,5.593e-06,0.0093475,8.5688e-05,0.0044369170209392905,0.007998922024853528,0.0009565280051901937,0.001707889954559505,0.01669537299312651,24.7264477149,1.58741157184,0.00354475708507,0.06915534073916638,0.08667655439439405,0.24689174736946135
42,4,gmm,randomized,central,False,True,,0.19989701895974576,0.2033576510148123,0.22158360603498295,0.19989701895974576,17,10,17,0,0,0,17,13,0,3,4.8118e-05,0.047657165,1.1449e-05,0.046677606,0.00058551,0.0044369170209392905,0.007998922024853528,0.0009565280051901937,0.001707889954559505,0.01669537299312651,15.4969750918,1.05086782148,0.00569105798066,0.1467822639715647,0.07473217712634704,0.15969509837338403
42,4,hybrid_30mm,randomized,central,False,True,,0.1966771509614773,0.20009767403826118,0.21832362905843183,0.1966771509614773,15,10,2,13,10,0,15,12,0,2,4.7796e-05,0.030854752,1.4647e-05,0.029902562,0.000666377,0.0044369170209392905,0.007998922024853528,0.0009565280051901937,0.001707889954559505,0.01669537299312651,14.3502815766,1.21911915025,0.00438523481292,0.09774416370137842,0.07266200957731873,0.19285992486473072
42,4,gmr_30mm,randomized,central,False,True,,0.2010670749587007,0.20430356898577884,0.2225295240059495,0.2010670749587007,16,10,0,16,10,0,16,16,0,6,4.8412e-05,0.012962225,9.277e-06,0.01245194,0.000359129,0.0044369170209392905,0.007998922024853528,0.0009565280051901937,0.001707889954559505,0.01669537299312651,16.1184739506,1.38593599566,0.00506788306636,0.10436823133009315,0.08864148801462607,0.1551795569932472
42,4,reference_ik,randomized,central,False,True,,0.22483584098517895,0.2276097600115463,0.24583571503171697,0.22483584098517895,0,0,0,0,0,0,0,0,0,0,0,0,0,0,0,0.0044369170209392905,0.007998922024853528,0.0009565280051901937,0.001707889954559505,0.01669537299312651,11.005426573,0.956890390521,0.00559231023071,0.11779282855118058,0.030173509672522587,0.0901114096384359
39,0,hybrid_30mm,randomized,central,False,True,,0.13582049601245672,0.13821409700904042,0.15602232003584504,0.13582049601245672,5,4,0,5,4,0,5,4,0,0,7.168e-06,0.011949291,4.529e-06,0.011721429,0.000149906,0.00424094800837338,0.008000882982742041,0.0008518840186297894,0.0016763759776949883,0.01637466298416257,11.9877100191,0.626748282247,0.00421147129277,0.08158178856822003,0.0437124751511605,0.10373304741456917
39,0,reference_ik,randomized,central,False,True,,0.13115068100159988,0.13454917800845578,0.1523574010352604,0.13115068100159988,0,0,0,0,0,0,0,0,0,0,0,0,0,0,0,0.00424094800837338,0.008000882982742041,0.0008518840186297894,0.0016763759776949883,0.01637466298416257,4.5067515832,0.680552568688,0.024116633506,0.08261303573564192,0.0021526993908495733,0.03896510549940486
39,0,gmr_30mm,randomized,central,False,True,,0.1427292589796707,0.14590560999931768,0.1637138330261223,0.1427292589796707,14,9,0,14,9,0,14,11,0,2,4.6902e-05,0.048965923,9.934e-06,0.048693422,0.000152143,0.00424094800837338,0.008000882982742041,0.0008518840186297894,0.0016763759776949883,0.01637466298416257,3.50578453082,0.47133691665,0.00542493494272,0.08271132504618872,0.035107931478020694,0.07250898655996497
39,0,gmm,randomized,central,False,True,,0.15292985696578398,0.15626700199209154,0.17407522501889616,0.15292985696578398,14,10,14,0,0,0,14,13,0,3,5.2639e-05,0.02654864,6.923e-06,0.026121805,0.00019835,0.00424094800837338,0.008000882982742041,0.0008518840186297894,0.0016763759776949883,0.01637466298416257,12.3486280162,1.17976174024,0.0105088234523,0.07899067262599471,0.062216050116722446,0.10334846148119009
39,1,reference_ik,randomized,central,False,True,,0.12970620801206678,0.1326376810320653,0.15044590405886993,0.12970620801206678,0,0,0,0,0,0,0,0,0,0,0,0,0,0,0,0.00424094800837338,0.008000882982742041,0.0008518840186297894,0.0016763759776949883,0.01637466298416257,4.5067515832,0.680552568688,0.024116633506,0.08261303573564192,0.0021526993908495733,0.03896510549940486
39,1,hybrid_30mm,randomized,central,False,True,,0.2765589220216498,0.27989002101821825,0.2976982440450229,0.2765589220216498,5,3,1,4,2,0,5,4,0,1,4.8033e-05,0.024944288,1.0621e-05,0.024617663,0.000174124,0.00424094800837338,0.008000882982742041,0.0008518840186297894,0.0016763759776949883,0.01637466298416257,15.7598082228,0.937381321809,0.02436021675,0.08006386668785716,0.0282180793834696,0.0696772602976881
39,1,gmr_30mm,randomized,central,False,True,,0.10435810597846285,0.10721788596129045,0.12502610898809507,0.10435810597846285,1,1,0,1,1,0,1,1,0,0,5.0108e-05,0.001927119,4.742e-06,0.001790822,8.0183e-05,0.00424094800837338,0.008000882982742041,0.0008518840186297894,0.0016763759776949883,0.01637466298416257,4.38544151906,0.549791875254,0.0114351179904,0.06931821479099476,0.029465839969283664,0.06532854255150475
39,1,gmm,randomized,central,False,True,,0.20538602903252468,0.20851457596290857,0.2263227989897132,0.20538602903252468,1,1,1,0,0,0,1,1,0,0,4.8245e-05,0.003753168,3.885e-06,0.003684055,1.4077e-05,0.00424094800837338,0.008000882982742041,0.0008518840186297894,0.0016763759776949883,0.01637466298416257,13.2282045287,0.832393362115,0.0136410755272,0.08226035347745005,0.07567143110250112,0.15459895764978748
39,2,reference_ik,randomized,central,False,True,,0.13106657698517665,0.13367448397912085,0.15148270700592548,0.13106657698517665,0,0,0,0,0,0,0,0,0,0,0,0,0,0,0,0.00424094800837338,0.008000882982742041,0.0008518840186297894,0.0016763759776949883,0.01637466298416257,4.5067515832,0.680552568688,0.024116633506,0.08261303573564192,0.0021526993908495733,0.03896510549940486
39,2,gmr_30mm,randomized,central,False,True,,0.10763933602720499,0.11090661998605356,0.12871484301285818,0.10763933602720499,9,6,0,9,6,0,9,8,0,2,5.0288e-05,0.01984022,6.97e-06,0.019595952,0.000156091,0.00424094800837338,0.008000882982742041,0.0008518840186297894,0.0016763759776949883,0.01637466298416257,4.42783276484,0.471653235755,0.00163114723253,0.0672952127055082,0.025038815974228183,0.048698555733384524
39,2,gmm,randomized,central,False,True,,0.13506498094648123,0.13880492298630998,0.1566131460131146,0.13506498094648123,3,2,3,0,0,0,3,3,0,1,5.3891e-05,0.004104407,4.85e-06,0.003981274,3.9468e-05,0.00424094800837338,0.008000882982742041,0.0008518840186297894,0.0016763759776949883,0.01637466298416257,10.5782144764,0.875324320062,0.0241564602885,0.08206525220702206,0.08941950053160835,0.15024192816829465
39,2,hybrid_30mm,randomized,central,False,True,,0.11508815496927127,0.1185869179898873,0.13639514101669192,0.11508815496927127,2,2,0,2,2,0,2,2,0,0,1.1396e-05,0.00264269,3.236e-06,0.00252012,7.9289e-05,0.00424094800837338,0.008000882982742041,0.0008518840186297894,0.0016763759776949883,0.01637466298416257,13.1707530951,0.750488734185,0.00540099172803,0.08316203594493496,0.050087623117247695,0.10525746614362848
39,3,hybrid_30mm,randomized,central,False,True,,0.13312156300526112,0.13574031001189724,0.15354853303870186,0.13312156300526112,1,1,0,1,1,0,1,1,0,0,5.232e-05,0.002875143,4.385e-06,0.002733794,8.6192e-05,0.00424094800837338,0.008000882982742041,0.0008518840186297894,0.0016763759776949883,0.01637466298416257,10.5380140306,0.651388956375,0.00163979048528,0.08886172367231401,0.08381352975748982,0.18890956882709267
39,3,gmr_30mm,randomized,central,False,True,,0.07551727799000219,0.07850547198904678,0.09631369501585141,0.07551727799000219,1,1,0,1,1,0,1,1,0,0,1.1353e-05,0.001206337,1.384e-06,0.001180791,1.4375e-05,0.00424094800837338,0.008000882982742041,0.0008518840186297894,0.0016763759776949883,0.01637466298416257,12.4297001731,0.908287194192,0.0127208336177,0.07285503881661126,0.06191195734865754,0.10421689616003771
39,3,gmm,randomized,central,False,True,,0.09146664204308763,0.09434111596783623,0.11214933899464086,0.09146664204308763,2,2,2,0,0,0,2,2,0,0,2.4031e-05,0.004238136,2.589e-06,0.004061808,8.8098e-05,0.00424094800837338,0.008000882982742041,0.0008518840186297894,0.0016763759776949883,0.01637466298416257,12.7337202788,1.11477998172,0.0246875653566,0.08373649462047296,0.16041757443192892,0.22462540724391922
39,3,reference_ik,randomized,central,False,True,,0.1263848979724571,0.12865528598194942,0.14646350900875404,0.1263848979724571,0,0,0,0,0,0,0,0,0,0,0,0,0,0,0,0.00424094800837338,0.008000882982742041,0.0008518840186297894,0.0016763759776949883,0.01637466298416257,4.5067515832,0.680552568688,0.024116633506,0.08261303573564192,0.0021526993908495733,0.03896510549940486
39,4,gmr_30mm,randomized,central,False,True,,0.09527976700337604,0.09824684500927106,0.11605506803607568,0.09527976700337604,5,3,0,5,3,0,5,4,0,1,1.9451e-05,0.017740401,4.808e-06,0.017619124,7.4971e-05,0.00424094800837338,0.008000882982742041,0.0008518840186297894,0.0016763759776949883,0.01637466298416257,11.8816188145,0.997322474167,0.017455208689,0.08120898911323214,0.21240831120778964,0.3301881922831529
39,4,gmm,randomized,central,False,True,,0.11702788597904146,0.11987276002764702,0.13768098305445164,0.11702788597904146,12,7,12,0,0,0,12,9,0,2,5.4148e-05,0.04918035,8.178e-06,0.048744815,0.000199775,0.00424094800837338,0.008000882982742041,0.0008518840186297894,0.0016763759776949883,0.01637466298416257,3.41084223739,0.518044692703,0.0196165411349,0.07318139084941083,0.03404570108129209,0.06469546096090387
39,4,reference_ik,randomized,central,False,True,,0.13118196302093565,0.13422752503538504,0.15203574806218967,0.13118196302093565,0,0,0,0,0,0,0,0,0,0,0,0,0,0,0,0.00424094800837338,0.008000882982742041,0.0008518840186297894,0.0016763759776949883,0.01637466298416257,4.5067515832,0.680552568688,0.024116633506,0.08261303573564192,0.0021526993908495733,0.03896510549940486
39,4,hybrid_30mm,randomized,central,False,True,,0.13592972804326564,0.13894296303624287,0.1567511860630475,0.13592972804326564,2,1,2,0,0,0,2,1,0,0,3.3437e-05,0.007995177,5.218e-06,0.007811343,7.0759e-05,0.00424094800837338,0.008000882982742041,0.0008518840186297894,0.0016763759776949883,0.01637466298416257,9.59567729509,0.672515196892,0.0200286986018,0.08876461247174028,0.042009654969522234,0.08430745634921147
120,0,reference_ik,randomized,distant,False,True,,0.1402606579940766,0.14309701300226152,0.161002627981361,0.1402606579940766,0,0,0,0,0,0,0,0,0,0,0,0,0,0,0,0.004281887027900666,0.00797970499843359,0.0008215880370698869,0.0017314170254394412,0.016397774044889957,4.95354636769,0.751611328941,0.0149437350113,0.17996741390169652,0.00335543035803361,0.04034803762349939
120,0,gmr_30mm,randomized,distant,False,True,,0.20627629203954712,0.2091395939933136,0.2270452089724131,0.20627629203954712,1,1,0,1,1,0,1,1,0,0,5.0565e-05,0.00444793,4.116e-06,0.00417081,0.000221197,0.004281887027900666,0.00797970499843359,0.0008215880370698869,0.0017314170254394412,0.016397774044889957,14.213767757,1.51966895646,0.0148493296827,0.16797366438516453,0.14832550391517413,0.22094161029082435
120,0,hybrid_30mm,randomized,distant,False,True,,0.03127458202652633,0.03406172199174762,0.0519673369708471,0.03127458202652633,1,1,0,1,1,0,1,1,0,0,7.212e-06,0.000845106,3.144e-06,0.000780723,2.4749e-05,0.004281887027900666,0.00797970499843359,0.0008215880370698869,0.0017314170254394412,0.016397774044889957,3.43885238064,0.53362391019,0.015501467745,0.1806819742556819,0.0365614048585805,0.07096276501412263
120,0,gmm,randomized,distant,False,True,,0.11219819798134267,0.11481353000272065,0.13271914498182014,0.11219819798134267,1,1,1,0,0,0,1,1,0,0,5.2964e-05,0.002013433,3.571e-06,0.001827726,0.000100264,0.004281887027900666,0.00797970499843359,0.0008215880370698869,0.0017314170254394412,0.016397774044889957,7.99229677302,0.689850287363,0.0146382576961,0.17991608016059288,0.08906527771391315,0.14798025777475302
120,1,hybrid_30mm,randomized,distant,False,True,,0.06646339199505746,0.06931569299194962,0.0872213079710491,0.06646339199505746,3,2,0,3,2,0,3,3,0,1,1.1613e-05,0.005084063,2.982e-06,0.004954918,0.000100827,0.004281887027900666,0.00797970499843359,0.0008215880370698869,0.0017314170254394412,0.016397774044889957,9.4281674282,0.686018348712,0.0148507202564,0.1798478531359844,0.04237692437642902,0.11693873547609597
120,1,reference_ik,randomized,distant,False,True,,0.14526840101461858,0.14821604901226237,0.16612166399136186,0.14526840101461858,0,0,0,0,0,0,0,0,0,0,0,0,0,0,0,0.004281887027900666,0.00797970499843359,0.0008215880370698869,0.0017314170254394412,0.016397774044889957,4.95354636769,0.751611328941,0.0149437350113,0.17996741390169652,0.00335543035803361,0.04034803762349939
120,1,gmm,randomized,distant,False,True,,0.17631241801427677,0.17923245299607515,0.19713806797517464,0.17631241801427677,5,4,5,0,0,0,5,4,0,0,5.0282e-05,0.011348193,5.17e-06,0.011080597,0.000113991,0.004281887027900666,0.00797970499843359,0.0008215880370698869,0.0017314170254394412,0.016397774044889957,11.8504005459,0.803993043173,0.014761674699,0.17991616864966672,0.07861927313652584,0.14456500489745053
120,1,gmr_30mm,randomized,distant,False,True,,0.10184877802385017,0.10450904798926786,0.12241466296836734,0.10184877802385017,3,1,0,3,1,0,3,2,0,1,1.0253e-05,0.00891218,4.384e-06,0.008611462,0.000245016,0.004281887027900666,0.00797970499843359,0.0008215880370698869,0.0017314170254394412,0.016397774044889957,13.6408586833,1.0107588344,0.0146977170762,0.17979820645611888,0.07664670396222475,0.1410684198858425
120,2,gmm,randomized,distant,False,True,,0.12935708096483722,0.13236786500783637,0.15027347998693585,0.12935708096483722,1,1,1,0,0,0,1,1,0,0,1.127e-05,0.001767765,9.16e-07,0.001731143,1.8118e-05,0.004281887027900666,0.00797970499843359,0.0008215880370698869,0.0017314170254394412,0.016397774044889957,12.8650313543,0.807329799391,0.0104994407211,0.12140727984451961,0.11482055070486748,0.23489509543988293
120,2,hybrid_30mm,randomized,distant,False,True,,0.026503147033508867,0.0293398960493505,0.04724551102844998,0.026503147033508867,2,1,1,1,1,0,2,1,0,0,1.0577e-05,0.005455721,2.199e-06,0.005420307,1.5359e-05,0.004281887027900666,0.00797970499843359,0.0008215880370698869,0.0017314170254394412,0.016397774044889957,5.94782214431,0.522776885861,0.0158000881758,0.18071886690511976,0.04997820651718242,0.11780746141808773
120,2,reference_ik,randomized,distant,False,True,,0.14725326898042113,0.15001055097673088,0.16791616595583037,0.14725326898042113,0,0,0,0,0,0,0,0,0,0,0,0,0,0,0,0.004281887027900666,0.00797970499843359,0.0008215880370698869,0.0017314170254394412,0.016397774044889957,4.95354636769,0.751611328941,0.0149437350113,0.17996741390169652,0.00335543035803361,0.04034803762349939
120,2,gmr_30mm,randomized,distant,False,True,,0.022879307973198593,0.02585598302539438,0.04376159800449386,0.022879307973198593,1,1,0,1,1,0,1,1,0,0,1.1181e-05,0.000453735,1.613e-06,0.000419428,2.3141e-05,0.004281887027900666,0.00797970499843359,0.0008215880370698869,0.0017314170254394412,0.016397774044889957,4.58783040299,0.582962882501,0.0143140540361,0.17946619563363603,0.059689849335419126,0.1197246452028758
120,3,hybrid_30mm,randomized,distant,False,True,,0.1637210279586725,0.16687341802753508,0.18477903300663456,0.1637210279586725,1,1,0,1,1,0,1,1,0,0,4.7173e-05,0.000648969,2.476e-06,0.000560305,6.1883e-05,0.004281887027900666,0.00797970499843359,0.0008215880370698869,0.0017314170254394412,0.016397774044889957,13.6627779656,1.27491753962,0.0112719519631,0.12603751286158335,0.09180252333774354,0.2543340561922146
120,3,gmr_30mm,randomized,distant,False,True,,0.11483294499339536,0.11768810998182744,0.13559372496092692,0.11483294499339536,2,1,0,2,1,0,2,1,0,0,4.7954e-05,0.005496986,5.613e-06,0.005444127,1.4144e-05,0.004281887027900666,0.00797970499843359,0.0008215880370698869,0.0017314170254394412,0.016397774044889957,7.51468548786,0.587255164582,0.0142693473129,0.1433178069943636,0.06616332774943068,0.16406768482993536
120,3,reference_ik,randomized,distant,False,True,,0.1456769589567557,0.14855511399218813,0.1664607289712876,0.1456769589567557,0,0,0,0,0,0,0,0,0,0,0,0,0,0,0,0.004281887027900666,0.00797970499843359,0.0008215880370698869,0.0017314170254394412,0.016397774044889957,4.95354636769,0.751611328941,0.0149437350113,0.17996741390169652,0.00335543035803361,0.04034803762349939
120,3,gmm,randomized,distant,False,True,,0.11023031902732328,0.11270286497892812,0.1306084799580276,0.11023031902732328,4,2,4,0,0,0,4,2,0,0,5.1404e-05,0.012426003,5.186e-06,0.012315557,2.1051e-05,0.004281887027900666,0.00797970499843359,0.0008215880370698869,0.0017314170254394412,0.016397774044889957,3.25383481808,0.475844027783,0.0149891493104,0.17438061705007052,0.057558659837796525,0.12903863210570407
120,4,gmr_30mm,randomized,distant,False,True,,0.11518589704064652,0.117879334022291,0.1357849490013905,0.11518589704064652,2,1,0,2,1,0,2,1,0,0,5.1411e-05,0.010607142,7.522e-06,0.010530339,1.6214e-05,0.004281887027900666,0.00797970499843359,0.0008215880370698869,0.0017314170254394412,0.016397774044889957,7.61180739948,0.488859624862,0.0152919413835,0.1803905579142054,0.059097877259977505,0.11710205047401266
120,4,gmm,randomized,distant,False,True,,0.14948123699286953,0.15175565500976518,0.16966126998886466,0.14948123699286953,5,4,5,0,0,0,5,5,0,1,5.0734e-05,0.010211843,7.809e-06,0.009667452,0.000294766,0.004281887027900666,0.00797970499843359,0.0008215880370698869,0.0017314170254394412,0.016397774044889957,12.4009351242,0.87764264505,0.0146156582197,0.17953319223812922,0.06359725948322516,0.09601350616627206
120,4,hybrid_30mm,randomized,distant,False,True,,0.16824632696807384,0.17148939898470417,0.18939501396380365,0.16824632696807384,1,1,0,1,1,0,1,1,0,0,7.8095e-05,0.002232593,3.969e-06,0.002101004,8.1372e-05,0.004281887027900666,0.00797970499843359,0.0008215880370698869,0.0017314170254394412,0.016397774044889957,12.0218237077,0.836473892119,0.00870754794034,0.13815388846742313,0.07987124904111405,0.15097008800412418
120,4,reference_ik,randomized,distant,False,True,,0.14277532004052773,0.14605292002670467,0.16395853500580415,0.14277532004052773,0,0,0,0,0,0,0,0,0,0,0,0,0,0,0,0.004281887027900666,0.00797970499843359,0.0008215880370698869,0.0017314170254394412,0.016397774044889957,4.95354636769,0.751611328941,0.0149437350113,0.17996741390169652,0.00335543035803361,0.04034803762349939
76,0,reference_ik,randomized,offset,False,True,,0.19486428698292002,0.1972022699774243,0.21567669400246814,0.19486428698292002,0,0,0,0,0,0,0,0,0,0,0,0,0,0,0,0.004515498003456742,0.008010313962586224,0.000864074972923845,0.0017310110270045698,0.01673039502929896,11.434384988,1.30793815497,0.00507663197215,0.09844341736942887,0.037149598843757244,0.09462892946394763
76,0,hybrid_30mm,randomized,offset,False,True,,0.129563350987155,0.13242715399246663,0.15090157801751047,0.129563350987155,9,6,3,6,4,0,9,8,0,2,5.3441e-05,0.017699407,1.1828e-05,0.017249918,0.000219619,0.004515498003456742,0.008010313962586224,0.000864074972923845,0.0017310110270045698,0.01673039502929896,6.9412152481,0.675261148125,0.0219674181359,0.10782869875114935,0.08176338484353922,0.11919644538042673
76,0,gmm,randomized,offset,False,True,,0.10242384998127818,0.1049904790124856,0.12346490303752944,0.10242384998127818,4,3,4,0,0,0,4,4,0,1,5.0599e-05,0.006465575,6.781e-06,0.006165054,0.000159411,0.004515498003456742,0.008010313962586224,0.000864074972923845,0.0017310110270045698,0.01673039502929896,7.08407159662,0.58565432912,0.0219224632121,0.10786564572432396,0.10671291112307314,0.14417881523732512
76,0,gmr_30mm,randomized,offset,False,True,,0.1457661790191196,0.1487048319540918,0.16717925597913563,0.1457661790191196,9,5,0,9,5,0,9,6,0,1,5.2975e-05,0.028122455,8.623e-06,0.027896215,0.000131906,0.004515498003456742,0.008010313962586224,0.000864074972923845,0.0017310110270045698,0.01673039502929896,11.8650021966,0.803564433213,0.00245959042646,0.10300839653308573,0.046937437217386295,0.09746438589043746
76,1,reference_ik,randomized,offset,False,True,,0.19773880200227723,0.2005036419723183,0.21897806599736214,0.19773880200227723,0,0,0,0,0,0,0,0,0,0,0,0,0,0,0,0.004515498003456742,0.008010313962586224,0.000864074972923845,0.0017310110270045698,0.01673039502929896,11.434384988,1.30793815497,0.00507663197215,0.09844341736942887,0.037149598843757244,0.09462892946394763
76,1,gmr_30mm,randomized,offset,False,True,,0.10671954898862168,0.10967148002237082,0.12814590404741466,0.10671954898862168,2,2,0,2,2,0,2,2,0,0,1.1079e-05,0.007827181,5.871e-06,0.007673668,8.5912e-05,0.004515498003456742,0.008010313962586224,0.000864074972923845,0.0017310110270045698,0.01673039502929896,11.4378019407,0.9433164076,0.0222117530348,0.10786564572432396,0.035174980371062495,0.07786588362300755
76,1,gmm,randomized,offset,False,True,,0.09972728602588177,0.10293086100136861,0.12140528502641246,0.09972728602588177,1,1,1,0,0,0,1,1,0,0,1.0785e-05,0.000837593,1.05e-06,0.000799485,2.0552e-05,0.004515498003456742,0.008010313962586224,0.000864074972923845,0.0017310110270045698,0.01673039502929896,11.7150875933,1.14621274269,0.0036945207912,0.09832631209226297,0.055095548817372886,0.10139404625586325
76,1,hybrid_30mm,randomized,offset,False,True,,0.11677876999601722,0.11990327097009867,0.13837769499514252,0.11677876999601722,4,2,1,3,2,0,4,4,0,2,1.0509e-05,0.004864345,3.37e-06,0.004767305,6.0453e-05,0.004515498003456742,0.008010313962586224,0.000864074972923845,0.0017310110270045698,0.01673039502929896,10.3192461942,0.757988403597,0.0219500099061,0.10786564572432396,0.05213270598219166,0.08589338531784717
76,2,gmr_30mm,randomized,offset,False,True,,0.24968560499837622,0.2529389389674179,0.27141336299246177,0.24968560499837622,13,9,0,13,9,0,13,12,0,3,5.265e-05,0.021960863,1.361e-05,0.021393465,0.000357333,0.004515498003456742,0.008010313962586224,0.000864074972923845,0.0017310110270045698,0.01673039502929896,18.4134445633,1.08265451197,0.0126246303757,0.10786564572432396,0.05082498061485986,0.08375906747922793
76,2,hybrid_30mm,randomized,offset,False,True,,0.15925285598495975,0.1627194979810156,0.18119392200605944,0.15925285598495975,4,3,0,4,3,0,4,4,0,1,1.0863e-05,0.004893534,2.927e-06,0.004668386,0.000182788,0.004515498003456742,0.008010313962586224,0.000864074972923845,0.0017310110270045698,0.01673039502929896,16.9846084166,1.15589057797,0.0207261249297,0.10786564572432396,0.054438312775627454,0.11028595019137176
76,2,gmm,randomized,offset,False,True,,0.11218137800460681,0.11521877796621993,0.13369320199126378,0.11218137800460681,7,4,7,0,0,0,7,5,0,1,1.0257e-05,0.020093511,3.186e-06,0.019924552,9.0122e-05,0.004515498003456742,0.008010313962586224,0.000864074972923845,0.0017310110270045698,0.01673039502929896,13.2301864933,0.71907209765,0.0216534330636,0.10786564572432396,0.13056036488702136,0.17396442375846086
76,2,reference_ik,randomized,offset,False,True,,0.19857911602593958,0.20191944699035957,0.22039387101540342,0.19857911602593958,0,0,0,0,0,0,0,0,0,0,0,0,0,0,0,0.004515498003456742,0.008010313962586224,0.000864074972923845,0.0017310110270045698,0.01673039502929896,11.434384988,1.30793815497,0.00507663197215,0.09844341736942887,0.037149598843757244,0.09462892946394763
76,3,gmr_30mm,randomized,offset,False,True,,0.12938499101437628,0.131972722010687,0.15044714603573084,0.12938499101437628,11,6,0,11,6,0,11,8,0,2,1.0438e-05,0.025441334,5.091e-06,0.025226429,0.000144459,0.004515498003456742,0.008010313962586224,0.000864074972923845,0.0017310110270045698,0.01673039502929896,13.9183426469,0.7827101477,0.00251408134333,0.10786564572432396,0.06461548691412139,0.13312750725722894
76,3,hybrid_30mm,randomized,offset,False,True,,0.04629824298899621,0.04919932398479432,0.06767374800983816,0.04629824298899621,10,6,2,8,5,0,10,9,0,3,1.0393e-05,0.011664841,4.278e-06,0.011432727,0.000151146,0.004515498003456742,0.008010313962586224,0.000864074972923845,0.0017310110270045698,0.01673039502929896,8.78317613234,0.774779469473,0.0184336182567,0.10786564572432396,0.056404165630778394,0.11026202400324685
76,3,reference_ik,randomized,offset,False,True,,0.20928989502135664,0.21205793804256245,0.2305323620676063,0.20928989502135664,0,0,0,0,0,0,0,0,0,0,0,0,0,0,0,0.004515498003456742,0.008010313962586224,0.000864074972923845,0.0017310110270045698,0.01673039502929896,11.434384988,1.30793815497,0.00507663197215,0.09844341736942887,0.037149598843757244,0.09462892946394763
76,3,gmm,randomized,offset,False,True,,0.07610924501204863,0.07831991399871185,0.0967943380237557,0.07610924501204863,2,2,2,0,0,0,2,2,0,0,1.0971e-05,0.001549132,1.624e-06,0.001473064,4.0928e-05,0.004515498003456742,0.008010313962586224,0.000864074972923845,0.0017310110270045698,0.01673039502929896,10.8389320582,0.694582043198,0.0213305668597,0.10786564572432396,0.08085981580831687,0.10793017966589287
76,4,gmr_30mm,randomized,offset,False,True,,0.15978224598802626,0.16265399003168568,0.18112841405672953,0.15978224598802626,8,6,0,8,6,0,8,8,0,2,5.0248e-05,0.009825192,7.073e-06,0.009389754,0.000331273,0.004515498003456742,0.008010313962586224,0.000864074972923845,0.0017310110270045698,0.01673039502929896,13.5503743996,0.845282052015,0.000663680889979,0.10391630730012354,0.05217593262869433,0.11429104146506912
76,4,gmm,randomized,offset,False,True,,0.08908603398595005,0.09140647802269086,0.10988090204773471,0.08908603398595005,13,7,13,0,0,0,13,11,0,4,1.7088e-05,0.025810938,4.446e-06,0.025466575,0.000195307,0.004515498003456742,0.008010313962586224,0.000864074972923845,0.0017310110270045698,0.01673039502929896,7.63120155528,0.73965136117,0.0221134996961,0.10786564572432396,0.10076661796148348,0.15438152642193106
76,4,hybrid_30mm,randomized,offset,False,True,,0.11981292895507067,0.12238009995780885,0.1408545239828527,0.11981292895507067,2,1,1,1,0,0,2,2,0,1,5.5562e-05,0.003805188,6.638e-06,0.003494633,0.000187966,0.004515498003456742,0.008010313962586224,0.000864074972923845,0.0017310110270045698,0.01673039502929896,8.27296694307,0.907365621422,0.0214470179018,0.10786564572432396,0.12018154635148823,0.18429693084970808
76,4,reference_ik,randomized,offset,False,True,,0.20518327195895836,0.2079055489739403,0.22637997299898416,0.20518327195895836,0,0,0,0,0,0,0,0,0,0,0,0,0,0,0,0.004515498003456742,0.008010313962586224,0.000864074972923845,0.0017310110270045698,0.01673039502929896,11.434384988,1.30793815497,0.00507663197215,0.09844341736942887,0.037149598843757244,0.09462892946394763
13,0,hybrid_30mm,randomized,central,False,True,,0.2868392589734867,0.28956229001050815,0.3074908650596626,0.2868392589734867,14,8,2,12,8,0,14,12,0,4,4.9199e-05,0.034269905,1.6472e-05,0.033079702,0.000954901,0.004283654969185591,0.008032120007555932,0.0008689920068718493,0.0017023450345732272,0.016497378004714847,17.1823752992,0.807657532285,0.00478750911964,0.07485426419868194,0.048547693001216884,0.10147168940500437
13,0,reference_ik,randomized,central,False,True,,0.13251628598663956,0.13550060300622135,0.15342917805537581,0.13251628598663956,0,0,0,0,0,0,0,0,0,0,0,0,0,0,0,0.004283654969185591,0.008032120007555932,0.0008689920068718493,0.0017023450345732272,0.016497378004714847,4.79452664682,0.675880761988,0.00514991935683,0.07476063525073057,0.0038378905216869116,0.049658383839912404
13,0,gmm,randomized,central,False,True,,0.2268647580058314,0.2299647019826807,0.24789327703183517,0.2268647580058314,25,12,25,0,0,0,25,19,0,7,3.6805e-05,0.050513688,1.0603e-05,0.049216196,0.000981202,0.004283654969185591,0.008032120007555932,0.0008689920068718493,0.0017023450345732272,0.016497378004714847,17.1545548169,1.00991597462,0.00459670463573,0.07485426419868194,0.05530344976897328,0.10407059219268149
13,0,gmr_30mm,randomized,central,False,True,,0.06402600498404354,0.06730308500118554,0.08523166005034,0.06402600498404354,2,1,0,2,1,0,2,2,0,1,4.7609e-05,0.004971689,5.428e-06,0.004780293,0.000126482,0.004283654969185591,0.008032120007555932,0.0008689920068718493,0.0017023450345732272,0.016497378004714847,6.59188158863,0.493860256483,0.0045862802401,0.07415907034188197,0.03514843540468437,0.07176751671855973
13,1,hybrid_30mm,randomized,central,False,True,,0.16847872198559344,0.1717150429612957,0.18964361801045015,0.16847872198559344,6,4,0,6,4,0,6,5,0,1,5.9709e-05,0.015106383,1.0322e-05,0.014668078,0.000282321,0.004283654969185591,0.008032120007555932,0.0008689920068718493,0.0017023450345732272,0.016497378004714847,12.7835055394,1.13888404118,0.00503573332455,0.06157627299397412,0.11333076670186358,0.1612940765073893
13,1,gmm,randomized,central,False,True,,0.1811452999827452,0.18448530102614313,0.2024138760752976,0.1811452999827452,7,2,7,0,0,0,7,4,0,2,5.2272e-05,0.028701947,6.127e-06,0.028423578,0.000108671,0.004283654969185591,0.008032120007555932,0.0008689920068718493,0.0017023450345732272,0.016497378004714847,12.0756948978,0.902612663262,0.0052581654664,0.07485426419868194,0.1504976856661689,0.21187169458736738
13,1,reference_ik,randomized,central,False,True,,0.12907891697250307,0.13260644301772118,0.15053501806687564,0.12907891697250307,0,0,0,0,0,0,0,0,0,0,0,0,0,0,0,0.004283654969185591,0.008032120007555932,0.0008689920068718493,0.0017023450345732272,0.016497378004714847,4.79452664682,0.675880761988,0.00514991935683,0.07476063525073057,0.0038378905216869116,0.049658383839912404
13,1,gmr_30mm,randomized,central,False,True,,0.23694005201105028,0.2398166049970314,0.25774518004618585,0.23694005201105028,11,9,0,11,9,0,11,9,0,0,4.8381e-05,0.021840682,4.842e-06,0.021616984,0.000144982,0.004283654969185591,0.008032120007555932,0.0008689920068718493,0.0017023450345732272,0.016497378004714847,16.4851877349,0.791693096313,0.00167969510772,0.07485426419868194,0.053072694630587516,0.11826492472752188
13,2,gmr_30mm,randomized,central,False,True,,0.1466103860293515,0.14977814600570127,0.16770672105485573,0.1466103860293515,13,11,0,13,11,0,13,12,0,1,1.1709e-05,0.013929173,5.812e-06,0.013661682,0.00017643,0.004283654969185591,0.008032120007555932,0.0008689920068718493,0.0017023450345732272,0.016497378004714847,11.4130641039,0.740390641834,0.00554224495875,0.07485426419868194,0.0942071629635177,0.16117314570478602
13,2,reference_ik,randomized,central,False,True,,0.1271349799935706,0.1300809480017051,0.14800952305085957,0.1271349799935706,0,0,0,0,0,0,0,0,0,0,0,0,0,0,0,0.004283654969185591,0.008032120007555932,0.0008689920068718493,0.0017023450345732272,0.016497378004714847,4.79452664682,0.675880761988,0.00514991935683,0.07476063525073057,0.0038378905216869116,0.049658383839912404
13,2,gmm,randomized,central,False,True,,0.1334545910358429,0.13629263697657734,0.1542212120257318,0.1334545910358429,28,16,28,0,0,0,28,22,0,6,2.6216e-05,0.053306142,8.252e-06,0.052624658,0.000367679,0.004283654969185591,0.008032120007555932,0.0008689920068718493,0.0017023450345732272,0.016497378004714847,8.27904807426,0.636236565528,0.00539445344789,0.07485426419868194,0.049520196629947666,0.11524533648094272
13,2,hybrid_30mm,randomized,central,False,True,,0.16034338698955253,0.1631437909672968,0.18107236601645127,0.16034338698955253,21,13,7,14,10,0,21,17,0,4,1.2259e-05,0.029684546,6.396e-06,0.029302092,0.000250119,0.004283654969185591,0.008032120007555932,0.0008689920068718493,0.0017023450345732272,0.016497378004714847,10.2798994632,0.67157989833,0.00463398479249,0.07401532873643643,0.028304001022280343,0.0538842479443662
13,3,gmm,randomized,central,False,True,,0.1833896900061518,0.18688519799616188,0.20481377304531634,0.1833896900061518,2,1,2,0,0,0,2,1,0,0,4.7684e-05,0.005731466,4.449e-06,0.005644866,2.556e-05,0.004283654969185591,0.008032120007555932,0.0008689920068718493,0.0017023450345732272,0.016497378004714847,13.8262513722,1.12912273066,0.00505415192765,0.07485426419868194,0.057865233137878246,0.09422875055450457
13,3,gmr_30mm,randomized,central,False,True,,0.21386131504550576,0.21677574701607227,0.23470432206522673,0.21386131504550576,5,3,0,5,3,0,5,4,0,1,4.7811e-05,0.012111059,6.163e-06,0.011780703,0.000216536,0.004283654969185591,0.008032120007555932,0.0008689920068718493,0.0017023450345732272,0.016497378004714847,15.0363470147,1.27670122158,0.00562893200021,0.07485426419868194,0.052318750686759626,0.09146542850261268
13,3,reference_ik,randomized,central,False,True,,0.13021991302957758,0.13359367701923475,0.1515222520683892,0.13021991302957758,0,0,0,0,0,0,0,0,0,0,0,0,0,0,0,0.004283654969185591,0.008032120007555932,0.0008689920068718493,0.0017023450345732272,0.016497378004714847,4.79452664682,0.675880761988,0.00514991935683,0.07476063525073057,0.0038378905216869116,0.049658383839912404
13,3,hybrid_30mm,randomized,central,False,True,,0.1199188829632476,0.12296676699770615,0.1408953420468606,0.1199188829632476,11,6,2,9,4,0,11,9,0,3,3.7498e-05,0.027169117,8.841e-06,0.026743391,0.00028929,0.004283654969185591,0.008032120007555932,0.0008689920068718493,0.0017023450345732272,0.016497378004714847,11.055947655,1.12601186011,0.00491858014186,0.07485426419868194,0.13505610804041687,0.2168128486960829
13,4,reference_ik,randomized,central,False,True,,0.14001760096289217,0.14349449501605704,0.1614230700652115,0.14001760096289217,0,0,0,0,0,0,0,0,0,0,0,0,0,0,0,0.004283654969185591,0.008032120007555932,0.0008689920068718493,0.0017023450345732272,0.016497378004714847,4.79452664682,0.675880761988,0.00514991935683,0.07476063525073057,0.0038378905216869116,0.049658383839912404
13,4,hybrid_30mm,randomized,central,False,True,,0.14902273303596303,0.15219659003196284,0.1701251650811173,0.14902273303596303,12,8,7,5,4,0,12,11,0,3,5.373e-05,0.016256508,9.477e-06,0.01578054,0.00029062,0.004283654969185591,0.008032120007555932,0.0008689920068718493,0.0017023450345732272,0.016497378004714847,12.9186625506,1.39601258025,0.00523880005134,0.07485426419868194,0.1397244074227611,0.29030278005467125
13,4,gmr_30mm,randomized,central,False,True,,0.24123345897533,0.24484976200619712,0.2627783370553516,0.24123345897533,10,9,0,10,9,0,10,9,0,0,3.4768e-05,0.026318278,4.538e-06,0.026158485,9.8641e-05,0.004283654969185591,0.008032120007555932,0.0008689920068718493,0.0017023450345732272,0.016497378004714847,14.9046189896,0.815077274306,0.00471404260466,0.07485426419868194,0.05758144529393104,0.14545468573823686
13,4,gmm,randomized,central,False,True,,0.15291578200412914,0.1564160370035097,0.17434461205266416,0.15291578200412914,36,18,36,0,0,0,36,29,0,11,4.6058e-05,0.063606357,9.895e-06,0.062743351,0.000485207,0.004283654969185591,0.008032120007555932,0.0008689920068718493,0.0017023450345732272,0.016497378004714847,7.21845749779,0.595286640154,0.000251429432857,0.06201451499428099,0.05947810679416474,0.13331134403611364
40,0,hybrid_30mm,randomized,central,False,True,,0.17858320201048627,0.18123010999988765,0.19991053000558168,0.17858320201048627,4,2,0,4,2,0,4,3,0,1,4.8653e-05,0.024410634,6.435e-06,0.02429088,5.8909e-05,0.004436922026798129,0.00822220800910145,0.0010157880024053156,0.0017292219563387334,0.017005400033667684,12.8388314716,1.07267792701,0.0286988803648,0.06938539302397893,0.051018050443368546,0.14826160676192005
40,0,reference_ik,randomized,central,False,True,,0.13007584400475025,0.1333899040473625,0.15207032405305654,0.13007584400475025,0,0,0,0,0,0,0,0,0,0,0,0,0,0,0,0.004436922026798129,0.00822220800910145,0.0010157880024053156,0.0017292219563387334,0.017005400033667684,4.79717770776,0.686154781368,0.0287493423308,0.07837706271594672,0.002822314385232845,0.04735200502459844
40,0,gmm,randomized,central,False,True,,0.13690757803851739,0.14008928003022447,0.1587697000359185,0.13690757803851739,2,1,2,0,0,0,2,2,0,1,4.7766e-05,0.005759485,4.601e-06,0.005441979,0.000169205,0.004436922026798129,0.00822220800910145,0.0010157880024053156,0.0017292219563387334,0.017005400033667684,11.8651900143,1.32139307426,0.0285517953543,0.06898716069536018,0.21728502322092488,0.36437606637568976
40,0,gmr_30mm,randomized,central,False,True,,0.14109733694931492,0.1443163359654136,0.16299675597110763,0.14109733694931492,2,2,0,2,2,0,2,2,0,0,4.8038e-05,0.00626112,6.163e-06,0.00574917,0.000399526,0.004436922026798129,0.00822220800910145,0.0010157880024053156,0.0017292219563387334,0.017005400033667684,13.0433219633,1.10879031674,0.018861598554,0.06676918854539733,0.10087389673995162,0.15816521906823
40,1,hybrid_30mm,randomized,central,False,True,,0.1150897879851982,0.11784277798142284,0.13652319798711687,0.1150897879851982,3,1,1,2,0,0,3,1,0,0,5.9871e-05,0.015351634,9.099e-06,0.015198275,5.719e-05,0.004436922026798129,0.00822220800910145,0.0010157880024053156,0.0017292219563387334,0.017005400033667684,9.63625164137,0.766149563049,0.00560832078544,0.06359772651791866,0.0669329763325772,0.11444800521976317
40,1,gmr_30mm,randomized,central,False,True,,0.24538760801078752,0.249252031033393,0.267932451039087,0.24538760801078752,8,5,0,8,5,0,8,8,0,3,3.387e-05,0.014240213,7.449e-06,0.013663648,0.000399142,0.004436922026798129,0.00822220800910145,0.0010157880024053156,0.0017292219563387334,0.017005400033667684,18.0794966246,1.00438699981,0.00639287810102,0.07619009133216292,0.08962001708911839,0.22866828545281898
40,1,reference_ik,randomized,central,False,True,,0.13664260099176317,0.13978803297504783,0.15846845298074186,0.13664260099176317,0,0,0,0,0,0,0,0,0,0,0,0,0,0,0,0.004436922026798129,0.00822220800910145,0.0010157880024053156,0.0017292219563387334,0.017005400033667684,4.79717770776,0.686154781368,0.0287493423308,0.07837706271594672,0.002822314385232845,0.04735200502459844
40,1,gmm,randomized,central,False,True,,0.12100422102957964,0.12387133599258959,0.14255175599828362,0.12100422102957964,6,3,6,0,0,0,6,5,0,2,4.9703e-05,0.008609073,4.419e-06,0.008411948,9.7613e-05,0.004436922026798129,0.00822220800910145,0.0010157880024053156,0.0017292219563387334,0.017005400033667684,12.1249691704,0.793567098661,0.00148689225856,0.060199120352370766,0.1349814253492129,0.201204199865586
40,2,gmm,randomized,central,False,True,,0.10851446399465203,0.11184900597436354,0.13052942598005757,0.10851446399465203,3,3,3,0,0,0,3,3,0,0,4.9004e-05,0.003481276,5.41e-06,0.003188961,0.000130911,0.004436922026798129,0.00822220800910145,0.0010157880024053156,0.0017292219563387334,0.017005400033667684,6.31082011511,0.441468336508,0.000702352242448,0.07085713817790523,0.05764411945762468,0.11232983818498757
40,2,hybrid_30mm,randomized,central,False,True,,0.19050434295786545,0.19296287902398035,0.21164329902967438,0.19050434295786545,4,4,1,3,3,0,4,4,0,0,4.9625e-05,0.009832651,2.8984e-05,0.009670735,5.7768e-05,0.004436922026798129,0.00822220800910145,0.0010157880024053156,0.0017292219563387334,0.017005400033667684,11.36016515,0.941666833162,0.0293008450959,0.07839557410945416,0.08454445154548383,0.1963022504452565
40,2,gmr_30mm,randomized,central,False,True,,0.1353903809795156,0.13803519500652328,0.1567156150122173,0.1353903809795156,3,3,0,3,3,0,3,3,0,0,4.9018e-05,0.009519207,8.148e-06,0.009059206,0.000355663,0.004436922026798129,0.00822220800910145,0.0010157880024053156,0.0017292219563387334,0.017005400033667684,7.03247195066,0.459459982788,0.0105807023683,0.07800696669428456,0.05161038641467775,0.10885364676434345
40,2,reference_ik,randomized,central,False,True,,0.1324490070110187,0.13562963402364403,0.15431005402933806,0.1324490070110187,0,0,0,0,0,0,0,0,0,0,0,0,0,0,0,0.004436922026798129,0.00822220800910145,0.0010157880024053156,0.0017292219563387334,0.017005400033667684,4.79717770776,0.686154781368,0.0287493423308,0.07837706271594672,0.002822314385232845,0.04735200502459844
40,3,hybrid_30mm,randomized,central,False,True,,0.14616987702902406,0.14936377899721265,0.16804419900290668,0.14616987702902406,6,4,0,6,4,0,6,6,0,2,1.1625e-05,0.005164157,4.189e-06,0.004997065,0.000111887,0.004436922026798129,0.00822220800910145,0.0010157880024053156,0.0017292219563387334,0.017005400033667684,17.5679046954,1.28097792728,0.0294230802052,0.07839098688202048,0.08130147706126362,0.15025901360126884
40,3,reference_ik,randomized,central,False,True,,0.13374542800011113,0.13693020201753825,0.15561062202323228,0.13374542800011113,0,0,0,0,0,0,0,0,0,0,0,0,0,0,0,0.004436922026798129,0.00822220800910145,0.0010157880024053156,0.0017292219563387334,0.017005400033667684,4.79717770776,0.686154781368,0.0287493423308,0.07837706271594672,0.002822314385232845,0.04735200502459844
40,3,gmr_30mm,randomized,central,False,True,,0.12299064203398302,0.12556812597904354,0.14424854598473758,0.12299064203398302,3,1,0,3,1,0,3,2,0,1,4.2891e-05,0.007648698,8.1e-06,0.007331518,0.000214908,0.004436922026798129,0.00822220800910145,0.0010157880024053156,0.0017292219563387334,0.017005400033667684,10.8040657412,0.594863777643,0.0152279574762,0.07029695483257423,0.03392849640891339,0.069845752187248
40,3,gmm,randomized,central,False,True,,0.16741901997011155,0.17066973698092625,0.18935015698662028,0.16741901997011155,3,2,3,0,0,0,3,3,0,1,5.1752e-05,0.005411332,5.582e-06,0.005141124,0.000157513,0.004436922026798129,0.00822220800910145,0.0010157880024053156,0.0017292219563387334,0.017005400033667684,9.98189689313,0.54889266779,0.00530879373073,0.06876207995324096,0.04692879897989119,0.07360592649867384
40,4,gmr_30mm,randomized,central,False,True,,0.16248887201072648,0.1651163199567236,0.18379673996241763,0.16248887201072648,2,1,0,2,1,0,2,1,0,0,4.0345e-05,0.007304702,4.426e-06,0.007257149,1.5452e-05,0.004436922026798129,0.00822220800910145,0.0010157880024053156,0.0017292219563387334,0.017005400033667684,13.342262808,0.725923657503,0.0205552365497,0.07528205787889032,0.06546953807312182,0.12323460480628445
40,4,gmm,randomized,central,False,True,,0.0890658080461435,0.09183332603424788,0.1105137460399419,0.0890658080461435,5,4,5,0,0,0,5,5,0,1,4.9101e-05,0.00521968,6.608e-06,0.004835807,0.000221578,0.004436922026798129,0.00822220800910145,0.0010157880024053156,0.0017292219563387334,0.017005400033667684,5.6543419872,0.703971326046,0.0284769224511,0.0783439355967342,0.0467151506810929,0.1365174781798287
40,4,reference_ik,randomized,central,False,True,,0.13732888601953164,0.1401668750331737,0.15884729503886774,0.13732888601953164,0,0,0,0,0,0,0,0,0,0,0,0,0,0,0,0.004436922026798129,0.00822220800910145,0.0010157880024053156,0.0017292219563387334,0.017005400033667684,4.79717770776,0.686154781368,0.0287493423308,0.07837706271594672,0.002822314385232845,0.04735200502459844
40,4,hybrid_30mm,randomized,central,False,True,,0.13720871903933585,0.139808906998951,0.15848932700464502,0.13720871903933585,4,4,1,3,3,0,4,4,0,0,2.1497e-05,0.007201099,7.279e-06,0.006855287,0.000228546,0.004436922026798129,0.00822220800910145,0.0010157880024053156,0.0017292219563387334,0.017005400033667684,3.49173132187,0.471150640544,0.0107784953817,0.07498683867642383,0.05190120915883204,0.08363492933139301
91,0,hybrid_30mm,randomized,distant,False,True,,0.222053763049189,0.22440697601996362,0.24270204699132591,0.222053763049189,4,2,1,3,2,0,4,3,0,1,5.1168e-05,0.012619884,9.598e-06,0.012089049,0.00037523,0.0044642610009759665,0.008073982957284898,0.000853347999509424,0.0017534709768369794,0.016742145002353936,13.4917417626,0.697410480873,0.00491654665124,0.12065375508251244,0.08269077487713677,0.1834989350167896
91,0,reference_ik,randomized,distant,False,True,,0.13422634697053581,0.1372451860224828,0.1555402569938451,0.13422634697053581,0,0,0,0,0,0,0,0,0,0,0,0,0,0,0,0.0044642610009759665,0.008073982957284898,0.000853347999509424,0.0017534709768369794,0.016742145002353936,4.93735347056,0.689780511323,0.0881911166153,0.17563486799381314,0.0019703398694084153,0.025324627285988326
91,0,gmr_30mm,randomized,distant,False,True,,0.05839831900084391,0.061003345996141434,0.07929841696750373,0.05839831900084391,1,1,0,1,1,0,1,1,0,0,5.1227e-05,0.002907863,4.746e-06,0.002850498,2.1527e-05,0.0044642610009759665,0.008073982957284898,0.000853347999509424,0.0017534709768369794,0.016742145002353936,4.0230834434,0.429993899527,0.0344820083493,0.14977878259175334,0.048395890244202294,0.10333788135883333
91,0,gmm,randomized,distant,False,True,,0.06335818499792367,0.06603596400236711,0.0843310349737294,0.06335818499792367,4,4,4,0,0,0,4,4,0,0,4.948e-05,0.005858796,6.345e-06,0.005414916,0.000237387,0.0044642610009759665,0.008073982957284898,0.000853347999509424,0.0017534709768369794,0.016742145002353936,4.23433572491,0.614415330358,0.0515517453525,0.16267985798158313,0.07449403237099962,0.15469328257663342
91,1,gmr_30mm,randomized,distant,False,True,,0.16208115796325728,0.16519397898809984,0.18348904995946214,0.16208115796325728,3,2,0,3,2,0,3,2,0,0,1.1318e-05,0.013625149,4.999e-06,0.013484935,7.5364e-05,0.0044642610009759665,0.008073982957284898,0.000853347999509424,0.0017534709768369794,0.016742145002353936,14.3769085829,0.919449550234,0.0111797468063,0.12604775875752355,0.09441241278412602,0.16643880659077637
91,1,hybrid_30mm,randomized,distant,False,True,,0.21906434796983376,0.2223720839829184,0.2406671549542807,0.21906434796983376,4,3,1,3,2,0,4,4,0,1,7.2736e-05,0.005776119,8.845e-06,0.005376309,0.000274488,0.0044642610009759665,0.008073982957284898,0.000853347999509424,0.0017534709768369794,0.016742145002353936,12.3074699793,1.19797422525,0.00364086763924,0.17563486799381314,0.25850700631788975,0.40625482611552366
91,1,reference_ik,randomized,distant,False,True,,0.13306699699023739,0.13585674099158496,0.15415181196294725,0.13306699699023739,0,0,0,0,0,0,0,0,0,0,0,0,0,0,0,0.0044642610009759665,0.008073982957284898,0.000853347999509424,0.0017534709768369794,0.016742145002353936,4.93735347056,0.689780511323,0.0881911166153,0.17563486799381314,0.0019703398694084153,0.025324627285988326
91,1,gmm,randomized,distant,False,True,,0.07969893096014857,0.08227281604195014,0.10056788701331243,0.07969893096014857,2,2,2,0,0,0,2,2,0,0,4.8568e-05,0.004072094,4.747e-06,0.003823031,0.000107236,0.0044642610009759665,0.008073982957284898,0.000853347999509424,0.0017534709768369794,0.016742145002353936,5.74349302648,0.415164503046,0.0454510521565,0.1572027567457987,0.04475196469045883,0.0785046082826651
91,2,reference_ik,randomized,distant,False,True,,0.13063753297319636,0.13337096403120086,0.15166603500256315,0.13063753297319636,0,0,0,0,0,0,0,0,0,0,0,0,0,0,0,0.0044642610009759665,0.008073982957284898,0.000853347999509424,0.0017534709768369794,0.016742145002353936,4.93735347056,0.689780511323,0.0881911166153,0.17563486799381314,0.0019703398694084153,0.025324627285988326
91,2,hybrid_30mm,randomized,distant,False,True,,0.15499741298845038,0.1574404570274055,0.1757355279987678,0.15499741298845038,2,1,1,1,0,0,2,1,0,0,4.6954e-05,0.010660741,6.642e-06,0.010438514,0.000101609,0.0044642610009759665,0.008073982957284898,0.000853347999509424,0.0017534709768369794,0.016742145002353936,7.08272680402,0.461759580457,0.0759998598131,0.17563486799381314,0.05210750141148171,0.10783241221524166
91,2,gmm,randomized,distant,False,True,,0.07126043696189299,0.07362746499711648,0.09192253596847877,0.07126043696189299,3,2,3,0,0,0,3,3,0,1,4.0299e-05,0.008352808,3.649e-06,0.008139213,0.00010644,0.0044642610009759665,0.008073982957284898,0.000853347999509424,0.0017534709768369794,0.016742145002353936,5.39965377933,0.455948511915,0.0881257747077,0.17563486799381314,0.023474615847573852,0.049228282240802036
91,2,gmr_30mm,randomized,distant,False,True,,0.1155119480099529,0.11841820302652195,0.13671327399788424,0.1155119480099529,1,1,0,1,1,0,1,1,0,0,4.656e-05,0.004909123,4.392e-06,0.004854708,1.6008e-05,0.0044642610009759665,0.008073982957284898,0.000853347999509424,0.0017534709768369794,0.016742145002353936,4.32297345844,0.483162249687,0.0616231469449,0.1698519908578133,0.026688275895694197,0.06621848228240786
91,3,gmr_30mm,randomized,distant,False,True,,0.1436185110360384,0.14602710801409557,0.16432217898545787,0.1436185110360384,3,2,0,3,2,0,3,3,0,1,2.9988e-05,0.00189851,3.939e-06,0.001767573,8.7002e-05,0.0044642610009759665,0.008073982957284898,0.000853347999509424,0.0017534709768369794,0.016742145002353936,13.8737873226,0.985256885823,0.0117652485376,0.17555177510934242,0.157973130491911,0.30716431244202275
91,3,reference_ik,randomized,distant,False,True,,0.13190445298096165,0.13486671401187778,0.15316178498324007,0.13190445298096165,0,0,0,0,0,0,0,0,0,0,0,0,0,0,0,0.0044642610009759665,0.008073982957284898,0.000853347999509424,0.0017534709768369794,0.016742145002353936,4.93735347056,0.689780511323,0.0881911166153,0.17563486799381314,0.0019703398694084153,0.025324627285988326
91,3,hybrid_30mm,randomized,distant,False,True,,0.08435931196436286,0.08661721396492794,0.10491228493629023,0.08435931196436286,2,1,0,2,1,0,2,1,0,0,4.9975e-05,0.009465003,7.09e-06,0.009321606,7.1497e-05,0.0044642610009759665,0.008073982957284898,0.000853347999509424,0.0017534709768369794,0.016742145002353936,3.27570568843,0.427068890456,0.0839493769546,0.17563486799381314,0.03200379648289732,0.07343393626153777
91,3,gmm,randomized,distant,False,True,,0.1607523409766145,0.1636439060093835,0.1819389769807458,0.1607523409766145,4,3,4,0,0,0,4,4,0,1,5.3251e-05,0.01137037,6.663e-06,0.010985022,0.000164635,0.0044642610009759665,0.008073982957284898,0.000853347999509424,0.0017534709768369794,0.016742145002353936,13.1262286423,1.20426282057,0.0761203468775,0.17563486799381314,0.11380119026742794,0.17048680779069195
91,4,reference_ik,randomized,distant,False,True,,0.1334292379906401,0.13581179396715015,0.15410686493851244,0.1334292379906401,0,0,0,0,0,0,0,0,0,0,0,0,0,0,0,0.0044642610009759665,0.008073982957284898,0.000853347999509424,0.0017534709768369794,0.016742145002353936,4.93735347056,0.689780511323,0.0881911166153,0.17563486799381314,0.0019703398694084153,0.025324627285988326
91,4,gmr_30mm,randomized,distant,False,True,,0.19240321998950094,0.19478901801630855,0.21308408898767084,0.19240321998950094,3,1,0,3,1,0,3,1,0,0,3.4864e-05,0.019810127,4.328e-06,0.019733516,2.1948e-05,0.0044642610009759665,0.008073982957284898,0.000853347999509424,0.0017534709768369794,0.016742145002353936,12.5998460484,0.679162958118,0.0840141039034,0.17563486799381314,0.05029170046152871,0.08712135668984028
91,4,gmm,randomized,distant,False,True,,0.12610119400778785,0.12844762101303786,0.14674269198440015,0.12610119400778785,3,1,3,0,0,0,3,1,0,0,2.6424e-05,0.011151076,3.454e-06,0.011073605,1.5705e-05,0.0044642610009759665,0.008073982957284898,0.000853347999509424,0.0017534709768369794,0.016742145002353936,10.4387113459,0.78299346935,0.0881911166153,0.17563486799381314,0.049143946441804066,0.09473043719756749
91,4,hybrid_30mm,randomized,distant,False,True,,0.10655451100319624,0.1091680380050093,0.1274631089763716,0.10655451100319624,4,3,1,3,2,0,4,4,0,1,5.1382e-05,0.006351301,7.724e-06,0.006103137,0.000117888,0.0044642610009759665,0.008073982957284898,0.000853347999509424,0.0017534709768369794,0.016742145002353936,2.6980788831,0.384658650709,0.045791760484,0.1590647614075989,0.05422179187529574,0.10585834909703552
26,0,gmr_30mm,randomized,central,False,True,,0.10581442195689306,0.1083155469968915,0.12668027804465964,0.10581442195689306,3,1,0,3,1,0,3,3,0,2,4.8587e-05,0.005465613,7.858e-06,0.005240508,0.000140252,0.00452505296561867,0.008091441006399691,0.000980091979727149,0.0017186420154757798,0.016932357975747436,4.9308919579,0.63085860198,0.00469653313534,0.12303345624938915,0.042806830323742356,0.10062247873722782
26,0,gmm,randomized,central,False,True,,0.0805338760255836,0.08303046697983518,0.10139519802760333,0.0805338760255836,3,2,3,0,0,0,3,2,0,0,4.373e-05,0.011163775,2.3824e-05,0.011015527,4.6914e-05,0.00452505296561867,0.008091441006399691,0.000980091979727149,0.0017186420154757798,0.016932357975747436,9.34030823759,0.866575632288,0.0313312860614,0.12664906783034233,0.09119155000094055,0.20267178862008187
26,0,reference_ik,randomized,central,False,True,,0.15422363101970404,0.15668472199467942,0.17504945304244757,0.15422363101970404,0,0,0,0,0,0,0,0,0,0,0,0,0,0,0,0.00452505296561867,0.008091441006399691,0.000980091979727149,0.0017186420154757798,0.016932357975747436,5.38892078025,0.779119653746,0.0313312860614,0.12664906783034233,0.009095795606078361,0.10083069244716515
26,0,hybrid_30mm,randomized,central,False,True,,0.16711196897085756,0.16974132100585848,0.18810605205362663,0.16711196897085756,3,2,0,3,2,0,3,3,0,1,4.8452e-05,0.00422814,7.654e-06,0.003878272,0.000238346,0.00452505296561867,0.008091441006399691,0.000980091979727149,0.0017186420154757798,0.016932357975747436,12.5469263228,1.10517196861,0.0313312860614,0.12664906783034233,0.14736930519871894,0.252193750729972
26,1,gmm,randomized,central,False,True,,0.19513240997912362,0.19842352997511625,0.2167882610228844,0.19513240997912362,2,1,2,0,0,0,2,2,0,1,4.9013e-05,0.005008164,3.514e-06,0.004867851,7.1133e-05,0.00452505296561867,0.008091441006399691,0.000980091979727149,0.0017186420154757798,0.016932357975747436,13.7675636049,1.37018606574,0.0313312860614,0.12664906783034233,0.16632786344820435,0.2859275121383994
26,1,reference_ik,randomized,central,False,True,,0.15041556797223166,0.15312081697629765,0.1714855480240658,0.15041556797223166,0,0,0,0,0,0,0,0,0,0,0,0,0,0,0,0.00452505296561867,0.008091441006399691,0.000980091979727149,0.0017186420154757798,0.016932357975747436,5.38892078025,0.779119653746,0.0313312860614,0.12664906783034233,0.009095795606078361,0.10083069244716515
26,1,gmr_30mm,randomized,central,False,True,,0.19997802202124149,0.2027032970217988,0.22106802806956694,0.19997802202124149,5,5,0,5,5,0,5,5,0,0,4.8557e-05,0.007207231,8.396e-06,0.006681562,0.000414306,0.00452505296561867,0.008091441006399691,0.000980091979727149,0.0017186420154757798,0.016932357975747436,13.2216854103,1.09323519476,0.0313312860614,0.12664906783034233,0.05469216447768626,0.15385203414236168
26,1,hybrid_30mm,randomized,central,False,True,,0.18830469896784052,0.1908228190150112,0.20918755006277934,0.18830469896784052,1,1,0,1,1,0,1,1,0,0,5.1976e-05,0.001404755,4.397e-06,0.001246755,8.2137e-05,0.00452505296561867,0.008091441006399691,0.000980091979727149,0.0017186420154757798,0.016932357975747436,11.8855987421,0.778671223611,0.0313312860614,0.11498914772712238,0.053291325316903844,0.10056781259379403
26,2,hybrid_30mm,randomized,central,False,True,,0.11256247397977859,0.11516589997336268,0.13353063102113083,0.11256247397977859,2,1,1,1,0,0,2,1,0,0,5.1251e-05,0.008017279,7.535e-06,0.007802926,0.000113229,0.00452505296561867,0.008091441006399691,0.000980091979727149,0.0017186420154757798,0.016932357975747436,9.48145751074,0.850660738442,0.018858808022,0.12664906783034233,0.08855519046353325,0.13863812053290558
26,2,gmr_30mm,randomized,central,False,True,,0.2373758410103619,0.23998934199335054,0.2583540730411187,0.2373758410103619,7,4,0,7,4,0,7,6,0,2,4.6421e-05,0.020380896,1.3936e-05,0.019695801,0.000469794,0.00452505296561867,0.008091441006399691,0.000980091979727149,0.0017186420154757798,0.016932357975747436,13.1839258502,0.958506351553,0.0185762401225,0.1056303862722006,0.04148613825948286,0.100085546365941
26,2,reference_ik,randomized,central,False,True,,0.15670052700443193,0.15982164797605947,0.1781863790238276,0.15670052700443193,0,0,0,0,0,0,0,0,0,0,0,0,0,0,0,0.00452505296561867,0.008091441006399691,0.000980091979727149,0.0017186420154757798,0.016932357975747436,5.38892078025,0.779119653746,0.0313312860614,0.12664906783034233,0.009095795606078361,0.10083069244716515
26,2,gmm,randomized,central,False,True,,0.06142965401522815,0.06471951998537406,0.08308425103314221,0.06142965401522815,5,3,5,0,0,0,5,3,0,0,1.1441e-05,0.01509483,5e-06,0.014716189,0.000224523,0.00452505296561867,0.008091441006399691,0.000980091979727149,0.0017186420154757798,0.016932357975747436,7.13062223163,0.722219366453,0.000994693761478,0.12346542726384684,0.11165231039874055,0.143408061080694
26,3,reference_ik,randomized,central,False,True,,0.14788623299682513,0.15023669897345826,0.1686014300212264,0.14788623299682513,0,0,0,0,0,0,0,0,0,0,0,0,0,0,0,0.00452505296561867,0.008091441006399691,0.000980091979727149,0.0017186420154757798,0.016932357975747436,5.38892078025,0.779119653746,0.0313312860614,0.12664906783034233,0.009095795606078361,0.10083069244716515
26,3,hybrid_30mm,randomized,central,False,True,,0.021607154048979282,0.02432937698904425,0.042694108036812395,0.021607154048979282,5,3,2,3,2,0,5,5,0,2,1.0872e-05,0.002743779,4.055e-06,0.002607783,8.3044e-05,0.00452505296561867,0.008091441006399691,0.000980091979727149,0.0017186420154757798,0.016932357975747436,5.12564588489,0.597455466773,0.00275773700908,0.08988107865400678,0.06305184721063666,0.10514338787724699
26,3,gmm,randomized,central,False,True,,0.09665215999120846,0.09900884499074891,0.11737357603851706,0.09665215999120846,3,2,3,0,0,0,3,3,0,1,2.9775e-05,0.00582062,3.864e-06,0.00558516,0.000115196,0.00452505296561867,0.008091441006399691,0.000980091979727149,0.0017186420154757798,0.016932357975747436,10.3791325759,1.00684621948,0.0313312860614,0.12664906783034233,0.11568184048196463,0.2676847787140911
26,3,gmr_30mm,randomized,central,False,True,,0.1412290400476195,0.1445100880227983,0.16287481907056645,0.1412290400476195,8,6,0,8,6,0,8,6,0,0,5.1517e-05,0.023828655,8.207e-06,0.023619873,0.000106001,0.00452505296561867,0.008091441006399691,0.000980091979727149,0.0017186420154757798,0.016932357975747436,12.3448887163,1.11076415659,0.0313312860614,0.12664906783034233,0.1760499857128087,0.28935078263929037
26,4,gmm,randomized,central,False,True,,0.14221113501116633,0.14460940996650606,0.1629741410142742,0.14221113501116633,1,1,1,0,0,0,1,1,0,0,3.7097e-05,0.003184587,2.904e-06,0.003087797,4.5255e-05,0.00452505296561867,0.008091441006399691,0.000980091979727149,0.0017186420154757798,0.016932357975747436,13.6901657097,1.09431041099,0.0313312860614,0.12664906783034233,0.16467527146444233,0.25921129581130936
26,4,gmr_30mm,randomized,central,False,True,,0.151083754026331,0.1537054639775306,0.17207019502529874,0.151083754026331,3,2,0,3,2,0,3,2,0,0,4.7292e-05,0.010659576,6.984e-06,0.01047374,0.000104173,0.00452505296561867,0.008091441006399691,0.000980091979727149,0.0017186420154757798,0.016932357975747436,11.2103148832,0.939256789181,0.00469762176906,0.09451396211919648,0.09049653994471418,0.21300254572490177
26,4,hybrid_30mm,randomized,central,False,True,,0.05935744696762413,0.06194427504669875,0.0803090060944669,0.05935744696762413,1,1,1,0,0,0,1,1,0,0,1.0894e-05,0.000659935,1.3e-06,0.000627895,1.4165e-05,0.00452505296561867,0.008091441006399691,0.000980091979727149,0.0017186420154757798,0.016932357975747436,8.56102476697,0.654414417894,0.0078284229059,0.07876979587651592,0.0398829296268157,0.10115425724187346
26,4,reference_ik,randomized,central,False,True,,0.1470278610358946,0.1496197630185634,0.16798449406633154,0.1470278610358946,0,0,0,0,0,0,0,0,0,0,0,0,0,0,0,0.00452505296561867,0.008091441006399691,0.000980091979727149,0.0017186420154757798,0.016932357975747436,5.38892078025,0.779119653746,0.0313312860614,0.12664906783034233,0.009095795606078361,0.10083069244716515
22,0,gmr_30mm,randomized,central,False,True,,0.06812266499036923,0.07067372795427218,0.08931871096137911,0.06812266499036923,1,1,0,1,1,0,1,1,0,0,4.5274e-05,0.004764718,5.661e-06,0.004549688,0.000143665,0.004905695968773216,0.008082984946668148,0.0008522589923813939,0.0016999650397337973,0.017178808979224414,3.86629206855,0.578369212151,0.00750593458034,0.07393752568050228,0.047208274191789,0.09631736365820132
22,0,gmm,randomized,central,False,True,,0.09437420900212601,0.09722726803738624,0.11587225104449317,0.09437420900212601,1,1,1,0,0,0,1,1,0,0,1.1282e-05,0.001671295,1.18e-06,0.001638326,1.5079e-05,0.004905695968773216,0.008082984946668148,0.0008522589923813939,0.0016999650397337973,0.017178808979224414,13.0572667621,0.924413409881,0.00923445811515,0.07917374778434184,0.06413501835146997,0.11002699282418055
22,0,reference_ik,randomized,central,False,True,,0.14111069298814982,0.14376732503296807,0.162412308040075,0.14111069298814982,0,0,0,0,0,0,0,0,0,0,0,0,0,0,0,0.004905695968773216,0.008082984946668148,0.0008522589923813939,0.0016999650397337973,0.017178808979224414,5.48333822671,0.756090707299,0.00992194639354,0.12109335617323527,0.007263239955987528,0.08453361527681645
22,0,hybrid_30mm,randomized,central,False,True,,0.16725186503026634,0.17026113101746887,0.1889061140245758,0.16725186503026634,2,2,1,1,1,0,2,2,0,0,4.0361e-05,0.005674513,3.485e-06,0.00561435,2.1589e-05,0.004905695968773216,0.008082984946668148,0.0008522589923813939,0.0016999650397337973,0.017178808979224414,13.3673452305,0.992362578714,0.0087559710167,0.0863650376842737,0.10090215172803334,0.20987229661724172
22,1,reference_ik,randomized,central,False,True,,0.1416643050033599,0.1447162629920058,0.16336124599911273,0.1416643050033599,0,0,0,0,0,0,0,0,0,0,0,0,0,0,0,0.004905695968773216,0.008082984946668148,0.0008522589923813939,0.0016999650397337973,0.017178808979224414,5.48333822671,0.756090707299,0.00992194639354,0.12109335617323527,0.007263239955987528,0.08453361527681645
22,1,gmm,randomized,central,False,True,,0.1740551270195283,0.1769583830027841,0.19560336600989103,0.1740551270195283,1,1,1,0,0,0,1,1,0,0,5.0726e-05,0.001618956,3.04e-06,0.001450088,8.3626e-05,0.004905695968773216,0.008082984946668148,0.0008522589923813939,0.0016999650397337973,0.017178808979224414,13.2875154819,0.850235440529,0.00815845954198,0.07657912482753709,0.08967485387922779,0.17447669794949872
22,1,hybrid_30mm,randomized,central,False,True,,0.13117417600005865,0.13431708101416007,0.152962064021267,0.13117417600005865,4,2,0,4,2,0,4,4,0,2,4.3289e-05,0.003387881,4.834e-06,0.00310909,0.000211874,0.004905695968773216,0.008082984946668148,0.0008522589923813939,0.0016999650397337973,0.017178808979224414,9.2283540925,0.649516512139,0.0053954625254,0.07756884869563094,0.04049712050753182,0.08538804162256187
22,1,gmr_30mm,randomized,central,False,True,,0.09121692000189796,0.09434045199304819,0.11298543500015512,0.09121692000189796,1,1,0,1,1,0,1,1,0,0,1.1256e-05,0.000232255,1.389e-06,0.00020792,1.3381e-05,0.004905695968773216,0.008082984946668148,0.0008522589923813939,0.0016999650397337973,0.017178808979224414,12.9741342333,0.811937209955,0.0222351364387,0.10133732420201451,0.08888328543282857,0.1427802871794962
22,2,reference_ik,randomized,central,False,True,,0.14370150899048895,0.14714902895502746,0.1657940119621344,0.14370150899048895,0,0,0,0,0,0,0,0,0,0,0,0,0,0,0,0.004905695968773216,0.008082984946668148,0.0008522589923813939,0.0016999650397337973,0.017178808979224414,5.48333822671,0.756090707299,0.00992194639354,0.12109335617323527,0.007263239955987528,0.08453361527681645
22,2,gmr_30mm,randomized,central,False,True,,0.17412265198072419,0.17725262301973999,0.19589760602684692,0.17412265198072419,7,4,0,7,4,0,7,7,0,3,5.0359e-05,0.006440139,7.701e-06,0.005887621,0.000439087,0.004905695968773216,0.008082984946668148,0.0008522589923813939,0.0016999650397337973,0.017178808979224414,12.7096843876,0.835185055843,0.0114635586145,0.08939414280671511,0.0622436660008411,0.09790929069602164
22,2,gmm,randomized,central,False,True,,0.09188059199368581,0.09488001104909927,0.1135249940562062,0.09188059199368581,3,2,3,0,0,0,3,3,0,1,5.0611e-05,0.004200916,4.001e-06,0.003994559,0.000103729,0.004905695968773216,0.008082984946668148,0.0008522589923813939,0.0016999650397337973,0.017178808979224414,6.38411872131,0.712249636909,0.0222126366407,0.1504113761508598,0.07575813670616424,0.14255462618360676
22,2,hybrid_30mm,randomized,central,False,True,,0.15656160900834948,0.15948074200423434,0.17812572501134127,0.15656160900834948,2,2,0,2,2,0,2,2,0,0,5.0459e-05,0.005497032,6.785e-06,0.005299114,9.9524e-05,0.004905695968773216,0.008082984946668148,0.0008522589923813939,0.0016999650397337973,0.017178808979224414,13.1339311002,0.823079431082,0.0226579241906,0.10778525843161621,0.09240602917368462,0.14242583634467373
22,3,gmm,randomized,central,False,True,,0.16083698300644755,0.16388897597789764,0.18253395898500457,0.16083698300644755,3,2,3,0,0,0,3,2,0,0,4.7251e-05,0.011279552,7.355e-06,0.010967635,0.000131597,0.004905695968773216,0.008082984946668148,0.0008522589923813939,0.0016999650397337973,0.017178808979224414,12.2853578634,1.27443327346,0.022191553899,0.13498897046668265,0.10599032119292812,0.24357266757703164
22,3,reference_ik,randomized,central,False,True,,0.14311021898174658,0.1466134000220336,0.16525838302914053,0.14311021898174658,0,0,0,0,0,0,0,0,0,0,0,0,0,0,0,0.004905695968773216,0.008082984946668148,0.0008522589923813939,0.0016999650397337973,0.017178808979224414,5.48333822671,0.756090707299,0.00992194639354,0.12109335617323527,0.007263239955987528,0.08453361527681645
22,3,gmr_30mm,randomized,central,False,True,,0.17564863100415096,0.17898454400710762,0.19762952701421455,0.17564863100415096,4,3,0,4,3,0,4,3,0,0,5.1656e-05,0.008005393,5.421e-06,0.007847661,0.00010505,0.004905695968773216,0.008082984946668148,0.0008522589923813939,0.0016999650397337973,0.017178808979224414,12.5004832696,0.869202027462,0.0220383604631,0.11923420558633883,0.09010338564053838,0.1670966614529582
22,3,hybrid_30mm,randomized,central,False,True,,0.04459249001229182,0.04787227202905342,0.06651725503616035,0.04459249001229182,1,1,0,1,1,0,1,1,0,0,1.0455e-05,0.00032255,1.259e-06,0.000297826,1.3955e-05,0.004905695968773216,0.008082984946668148,0.0008522589923813939,0.0016999650397337973,0.017178808979224414,8.24339087202,0.623732485613,0.0122378066496,0.088138690060098,0.04619856748486397,0.0849597756446272
22,4,reference_ik,randomized,central,False,True,,0.13755379297072068,0.1400982670020312,0.15874325000913814,0.13755379297072068,0,0,0,0,0,0,0,0,0,0,0,0,0,0,0,0.004905695968773216,0.008082984946668148,0.0008522589923813939,0.0016999650397337973,0.017178808979224414,5.48333822671,0.756090707299,0.00992194639354,0.12109335617323527,0.007263239955987528,0.08453361527681645
22,4,hybrid_30mm,randomized,central,False,True,,0.11416549404384568,0.11687819298822433,0.13552317599533126,0.11416549404384568,3,2,0,3,2,0,3,3,0,1,1.6386e-05,0.003004694,3.893e-06,0.00285643,9.7329e-05,0.004905695968773216,0.008082984946668148,0.0008522589923813939,0.0016999650397337973,0.017178808979224414,12.4974020791,1.1013322767,0.015310758949,0.09710624251259954,0.15138181891511857,0.22941052407451168
22,4,gmm,randomized,central,False,True,,0.1743961229803972,0.17736117698950693,0.19600615999661386,0.1743961229803972,4,1,4,0,0,0,4,2,0,1,3.3471e-05,0.012659675,2.54e-06,0.012577455,3.1737e-05,0.004905695968773216,0.008082984946668148,0.0008522589923813939,0.0016999650397337973,0.017178808979224414,14.323585199,1.00983590352,0.0064430686148,0.08789957280136106,0.07966443724145549,0.12498100390755972
22,4,gmr_30mm,randomized,central,False,True,,0.12951955501921475,0.13264449499547482,0.15128947800258175,0.12951955501921475,3,2,0,3,2,0,3,3,0,1,5.1099e-05,0.004392731,5.535e-06,0.004279138,6.5305e-05,0.004905695968773216,0.008082984946668148,0.0008522589923813939,0.0016999650397337973,0.017178808979224414,12.4948110355,0.982009472559,0.00882968783659,0.08487128675476827,0.0920802014533288,0.15770593978337416
54,0,gmm,randomized,offset,False,True,,0.14657971303677186,0.14909749297657982,0.16704895097063854,0.14657971303677186,8,4,8,0,0,0,8,5,0,1,4.774e-05,0.025037447,1.0213e-05,0.024531952,0.00024855,0.004322967026382685,0.008044590009376407,0.0008532360079698265,0.0016659169923514128,0.01650017302017659,12.6143079058,1.11651054677,0.00547757354435,0.0889143846848381,0.08439765798536132,0.2099730830423569
54,0,gmr_30mm,randomized,offset,False,True,,0.09139320702524856,0.09459279896691442,0.11254425696097314,0.09139320702524856,2,1,0,2,1,0,2,2,0,1,1.4562e-05,0.00531631,1.799e-06,0.005232391,5.8074e-05,0.004322967026382685,0.008044590009376407,0.0008532360079698265,0.0016659169923514128,0.01650017302017659,11.812701144,0.816250781884,0.00115359528304,0.10266525647374838,0.09348436052791828,0.2237501878955121
54,0,reference_ik,randomized,offset,False,False,reference_ik,0.05133550497703254,0.05414376500993967,0.0720952230039984,6.0,0,0,0,0,0,0,0,0,0,0,0,0,0,0,0,0.004322967026382685,0.008044590009376407,0.0008532360079698265,0.0016659169923514128,0.01650017302017659,,,,,,
54,0,hybrid_30mm,randomized,offset,False,True,,0.18955405900487676,0.1922140860115178,0.21016554400557652,0.18955405900487676,2,1,0,2,1,0,2,2,0,1,5.2171e-05,0.002951438,6e-06,0.002704052,0.000181495,0.004322967026382685,0.008044590009376407,0.0008532360079698265,0.0016659169923514128,0.01650017302017659,12.9695310849,1.09626275246,0.00480504737046,0.1026661676113679,0.09807439017308811,0.2600387111323339
54,1,reference_ik,randomized,offset,False,False,reference_ik,0.051790416007861495,0.0543171230237931,0.07226858101785183,6.0,0,0,0,0,0,0,0,0,0,0,0,0,0,0,0,0.004322967026382685,0.008044590009376407,0.0008532360079698265,0.0016659169923514128,0.01650017302017659,,,,,,
54,1,hybrid_30mm,randomized,offset,False,True,,0.1615370709914714,0.16448660800233483,0.18243806599639356,0.1615370709914714,14,7,5,9,5,0,14,13,0,6,1.1204e-05,0.015791253,6.654e-06,0.015488298,0.000179083,0.004322967026382685,0.008044590009376407,0.0008532360079698265,0.0016659169923514128,0.01650017302017659,16.0710584716,1.03431450825,0.00345661302878,0.10434599589561666,0.07268355893744477,0.15875139040341496
54,1,gmr_30mm,randomized,offset,False,True,,0.2668481069849804,0.26985854300437495,0.2878100009984337,0.2668481069849804,6,4,0,6,4,0,6,5,0,1,4.8114e-05,0.012415445,5.629e-06,0.012261208,8.7251e-05,0.004322967026382685,0.008044590009376407,0.0008532360079698265,0.0016659169923514128,0.01650017302017659,18.3058304296,0.966373253262,0.000518878372512,0.10434599589561666,0.06968905269199048,0.15608381665153498
54,1,gmm,randomized,offset,False,True,,0.11406762700062245,0.1172646660124883,0.13521612400654703,0.11406762700062245,17,10,17,0,0,0,17,12,0,2,4.985e-05,0.051851922,8.593e-06,0.051337535,0.000265945,0.004322967026382685,0.008044590009376407,0.0008532360079698265,0.0016659169923514128,0.01650017302017659,7.7181246772,0.553750403962,0.000616765040612,0.07000899805594143,0.12039646110766118,0.21723825848177591
54,2,gmr_30mm,randomized,offset,False,True,,0.09000932599883527,0.09277567296521738,0.11072713095927611,0.09000932599883527,6,4,0,6,4,0,6,5,0,1,1.2471e-05,0.010257834,4.852e-06,0.010040814,0.000140105,0.004322967026382685,0.008044590009376407,0.0008532360079698265,0.0016659169923514128,0.01650017302017659,12.7172806524,1.2974106498,0.00727726173852,0.10434599589561666,0.17931564725830865,0.28725914104494726
54,2,hybrid_30mm,randomized,offset,False,True,,0.1112036700360477,0.11441727902274579,0.13236873701680452,0.1112036700360477,7,3,2,5,3,0,7,5,0,2,1.2565e-05,0.019828783,4.1e-06,0.019669395,9.8979e-05,0.004322967026382685,0.008044590009376407,0.0008532360079698265,0.0016659169923514128,0.01650017302017659,12.8431689591,0.813274087873,0.00727726173852,0.10434599589561666,0.06435311202686747,0.10727963715705738
54,2,gmm,randomized,offset,False,True,,0.03355726698646322,0.03612555901054293,0.05407701700460166,0.03355726698646322,3,2,3,0,0,0,3,3,0,1,1.8362e-05,0.002833317,2.463e-06,0.002650527,0.00010408,0.004322967026382685,0.008044590009376407,0.0008532360079698265,0.0016659169923514128,0.01650017302017659,4.65286875965,0.678531207795,0.00353607239246,0.10434599589561666,0.059815883554197355,0.10800774513987073
54,2,reference_ik,randomized,offset,False,False,reference_ik,0.05140751996077597,0.05341824400238693,0.07136970199644566,6.0,0,0,0,0,0,0,0,0,0,0,0,0,0,0,0,0.004322967026382685,0.008044590009376407,0.0008532360079698265,0.0016659169923514128,0.01650017302017659,,,,,,
54,3,reference_ik,randomized,offset,False,False,reference_ik,0.05096997699001804,0.052904889977071434,0.07085634797113016,6.0,0,0,0,0,0,0,0,0,0,0,0,0,0,0,0,0.004322967026382685,0.008044590009376407,0.0008532360079698265,0.0016659169923514128,0.01650017302017659,,,,,,
54,3,gmm,randomized,offset,False,True,,0.21771215699845925,0.2203828589990735,0.23833431699313223,0.21771215699845925,6,4,6,0,0,0,6,5,0,1,4.9934e-05,0.014494749,5.882e-06,0.01419203,0.000133633,0.004322967026382685,0.008044590009376407,0.0008532360079698265,0.0016659169923514128,0.01650017302017659,13.5774700313,0.823055241352,0.00671603787446,0.10434599589561666,0.07852646888155966,0.14513019861814436
54,3,gmr_30mm,randomized,offset,False,True,,0.08647509495494887,0.08947205700678751,0.10742351500084624,0.08647509495494887,13,9,0,13,9,0,13,13,0,4,3.0345e-05,0.022332316,7.878e-06,0.021834304,0.000343086,0.004322967026382685,0.008044590009376407,0.0008532360079698265,0.0016659169923514128,0.01650017302017659,7.23667136615,0.677223065192,0.00596789443401,0.10433271032710807,0.031176060753627763,0.05089128001893716
54,3,hybrid_30mm,randomized,offset,False,True,,0.16997838497627527,0.1727129750070162,0.19066443300107494,0.16997838497627527,1,1,0,1,1,0,1,1,0,0,4.6308e-05,0.001560289,5.882e-06,0.00134449,0.000145484,0.004322967026382685,0.008044590009376407,0.0008532360079698265,0.0016659169923514128,0.01650017302017659,12.7999162033,0.68088261978,0.0017937830987,0.10434599589561666,0.06045069996293396,0.11599064109680124
54,4,gmr_30mm,randomized,offset,False,True,,0.14180089597357437,0.1448492290219292,0.16280068701598793,0.14180089597357437,2,2,0,2,2,0,2,2,0,0,1.6948e-05,0.001987465,2.128e-06,0.001914673,4.9157e-05,0.004322967026382685,0.008044590009376407,0.0008532360079698265,0.0016659169923514128,0.01650017302017659,13.4977994276,0.700042437332,0.00186867012581,0.10434599589561666,0.06305351683778594,0.1001040224671535
54,4,hybrid_30mm,randomized,offset,False,True,,0.21692629100289196,0.22035527898697183,0.23830673698103055,0.21692629100289196,2,1,0,2,1,0,2,1,0,0,4.8549e-05,0.012529868,5.445e-06,0.012469843,1.7462e-05,0.004322967026382685,0.008044590009376407,0.0008532360079698265,0.0016659169923514128,0.01650017302017659,13.9163202686,0.682282385709,0.00437801892525,0.10434599589561666,0.07883497103045986,0.1658306862984523
54,4,gmm,randomized,offset,False,True,,0.21393865498248488,0.21718451601918787,0.2351359740132466,0.21393865498248488,11,7,11,0,0,0,11,8,0,1,4.7376e-05,0.02577976,9.558e-06,0.025202414,0.000270526,0.004322967026382685,0.008044590009376407,0.0008532360079698265,0.0016659169923514128,0.01650017302017659,14.0969689415,1.06306891105,0.00721499694448,0.10434599589561666,0.08413461882344338,0.13383618288737492
54,4,reference_ik,randomized,offset,False,False,reference_ik,0.05087049200665206,0.05318141501629725,0.07113287301035598,6.0,0,0,0,0,0,0,0,0,0,0,0,0,0,0,0,0.004322967026382685,0.008044590009376407,0.0008532360079698265,0.0016659169923514128,0.01650017302017659,,,,,,
55,0,gmr_30mm,randomized,offset,False,True,,0.08947872597491369,0.0919206109829247,0.11022037698421627,0.08947872597491369,2,1,0,2,1,0,2,2,0,1,4.6855e-05,0.006073542,5.288e-06,0.005842859,0.000166555,0.004212266998365521,0.008124093990772963,0.0010695180390030146,0.001732181990519166,0.016745808999985456,9.18265251012,0.60826038773,0.00112930315719,0.11764587500347458,0.03450241534276459,0.06951192886979624
55,0,reference_ik,randomized,offset,False,True,,0.15504014200996608,0.15817990095820278,0.17647966695949435,0.15504014200996608,0,0,0,0,0,0,0,0,0,0,0,0,0,0,0,0.004212266998365521,0.008124093990772963,0.0010695180390030146,0.001732181990519166,0.016745808999985456,4.96412511485,0.748862433739,0.00124938182756,0.11811420392070009,0.002225729013558957,0.03538006325358619
55,0,hybrid_30mm,randomized,offset,False,True,,0.10820597800193354,0.11140169895952567,0.12970146496081725,0.10820597800193354,1,1,0,1,1,0,1,1,0,0,1.1234e-05,0.002343548,1.514e-06,0.00230851,2.3266e-05,0.004212266998365521,0.008124093990772963,0.0010695180390030146,0.001732181990519166,0.016745808999985456,13.5532064057,1.33952262481,0.000977118479453,0.08442438228096401,0.06711942618789579,0.15569504996172354
55,0,gmm,randomized,offset,False,True,,0.1622755799908191,0.16544766095466912,0.1837474269559607,0.1622755799908191,1,1,1,0,0,0,1,1,0,0,4.8262e-05,0.001393534,2.895e-06,0.001193903,0.000121679,0.004212266998365521,0.008124093990772963,0.0010695180390030146,0.001732181990519166,0.016745808999985456,13.7381859195,1.83813989459,0.00123687574961,0.06719052028688055,0.15816961551301428,0.22380026278963286
55,1,hybrid_30mm,randomized,offset,False,True,,0.18765758903464302,0.1909069190151058,0.2092066850163974,0.18765758903464302,1,1,0,1,1,0,1,1,0,0,4.7859e-05,0.002926273,3.951e-06,0.002761415,0.000107105,0.004212266998365521,0.008124093990772963,0.0010695180390030146,0.001732181990519166,0.016745808999985456,12.8903494375,0.986173019192,0.00153696124488,0.0916763983642361,0.06860384265421837,0.134076461624286
55,1,gmr_30mm,randomized,offset,False,True,,0.20967330399435014,0.21242717996938154,0.23072694597067311,0.20967330399435014,14,11,0,14,11,0,14,14,0,3,5.0496e-05,0.028230846,1.6888e-05,0.027405129,0.000533359,0.004212266998365521,0.008124093990772963,0.0010695180390030146,0.001732181990519166,0.016745808999985456,16.2199328028,1.04339452749,0.00165052127197,0.11828672233565769,0.057746677801592525,0.08985724690316194
55,1,reference_ik,randomized,offset,False,True,,0.146235097956378,0.1489150589914061,0.16721482499269769,0.146235097956378,0,0,0,0,0,0,0,0,0,0,0,0,0,0,0,0.004212266998365521,0.008124093990772963,0.0010695180390030146,0.001732181990519166,0.016745808999985456,4.96412511485,0.748862433739,0.00124938182756,0.11811420392070009,0.002225729013558957,0.03538006325358619
55,1,gmm,randomized,offset,False,True,,0.18475793697871268,0.18814152502454817,0.20644129102583975,0.18475793697871268,28,12,28,0,0,0,28,20,0,8,3.4352e-05,0.065961476,8.96e-06,0.065239477,0.000409444,0.004212266998365521,0.008124093990772963,0.0010695180390030146,0.001732181990519166,0.016745808999985456,10.7849711743,0.754433177981,0.000839509082596,0.08312243219939107,0.06775727814969097,0.12380854711217008
55,2,hybrid_30mm,randomized,offset,False,True,,0.10467866400722414,0.10794653499033302,0.1262463009916246,0.10467866400722414,10,5,2,8,5,0,10,8,0,3,1.6689e-05,0.020239194,5.595e-06,0.019964102,0.000182891,0.004212266998365521,0.008124093990772963,0.0010695180390030146,0.001732181990519166,0.016745808999985456,12.0629379001,0.895475692448,0.00116815965227,0.11810174694378632,0.06460381519338058,0.10648689403561051
55,2,gmm,randomized,offset,False,True,,0.18541345902485773,0.18847196595743299,0.20677173195872456,0.18541345902485773,2,1,2,0,0,0,2,1,0,0,4.9435e-05,0.005901764,3.843e-06,0.005820284,1.9891e-05,0.004212266998365521,0.008124093990772963,0.0010695180390030146,0.001732181990519166,0.016745808999985456,12.5994377163,0.899310814637,0.000349993512981,0.11802178915316529,0.047614538283736046,0.12987575758783176
55,2,reference_ik,randomized,offset,False,True,,0.1556821030098945,0.15888975601410493,0.1771895220153965,0.1556821030098945,0,0,0,0,0,0,0,0,0,0,0,0,0,0,0,0.004212266998365521,0.008124093990772963,0.0010695180390030146,0.001732181990519166,0.016745808999985456,4.96412511485,0.748862433739,0.00124938182756,0.11811420392070009,0.002225729013558957,0.03538006325358619
55,2,gmr_30mm,randomized,offset,False,True,,0.08847933198558167,0.09188356599770486,0.11018333199899644,0.08847933198558167,3,3,0,3,3,0,3,3,0,0,5.1299e-05,0.008853646,6.977e-06,0.008571142,0.000168846,0.004212266998365521,0.008124093990772963,0.0010695180390030146,0.001732181990519166,0.016745808999985456,6.99038541255,0.513569920395,0.000817079763074,0.11818120676282594,0.0379982740532038,0.10007539779163732
55,3,hybrid_30mm,randomized,offset,False,True,,0.04673271800857037,0.050024753028992563,0.06832451903028414,0.04673271800857037,2,1,0,2,1,0,2,1,0,0,2.6481e-05,0.006581216,5.448e-06,0.006475543,4.5526e-05,0.004212266998365521,0.008124093990772963,0.0010695180390030146,0.001732181990519166,0.016745808999985456,5.35693912464,0.511806355342,0.00144678304093,0.11241263055511885,0.05979790969087411,0.08332012642097957
55,3,reference_ik,randomized,offset,False,True,,0.14296175999334082,0.14623264299007133,0.1645324089913629,0.14296175999334082,0,0,0,0,0,0,0,0,0,0,0,0,0,0,0,0.004212266998365521,0.008124093990772963,0.0010695180390030146,0.001732181990519166,0.016745808999985456,4.96412511485,0.748862433739,0.00124938182756,0.11811420392070009,0.002225729013558957,0.03538006325358619
55,3,gmr_30mm,randomized,offset,False,True,,0.062455989012960345,0.06532203301321715,0.08362179901450872,0.062455989012960345,2,1,0,2,1,0,2,1,0,0,4.3868e-05,0.010107096,7.128e-06,0.009980649,1.5734e-05,0.004212266998365521,0.008124093990772963,0.0010695180390030146,0.001732181990519166,0.016745808999985456,6.40490998609,0.513447926973,0.00190004930039,0.09343516753465156,0.05325444068770259,0.11110463298720731
55,3,gmm,randomized,offset,False,True,,0.11561185901518911,0.11916911200387403,0.1374688780051656,0.11561185901518911,3,2,3,0,0,0,3,2,0,0,3.7094e-05,0.013742021,4.243e-06,0.013486049,0.000106446,0.004212266998365521,0.008124093990772963,0.0010695180390030146,0.001732181990519166,0.016745808999985456,12.5912671565,1.11680525777,0.00114955443221,0.11256901390925246,0.11527918191585101,0.18159155547071693
55,4,gmm,randomized,offset,False,True,,0.2429225710220635,0.24681451095966622,0.2651142769609578,0.2429225710220635,15,7,15,0,0,0,15,10,0,3,6.75e-06,0.036730624,3.041e-06,0.036372001,0.000244756,0.004212266998365521,0.008124093990772963,0.0010695180390030146,0.001732181990519166,0.016745808999985456,19.266716976,1.81627058864,0.000918392914921,0.07288823842615823,0.13604535934960937,0.29759073376862666
55,4,gmr_30mm,randomized,offset,False,True,,0.1525664069922641,0.156226857972797,0.17452662397408858,0.1525664069922641,8,5,0,8,5,0,8,8,0,3,4.6746e-05,0.008933319,1.2628e-05,0.00850713,0.000276991,0.004212266998365521,0.008124093990772963,0.0010695180390030146,0.001732181990519166,0.016745808999985456,13.6997616532,1.02570308991,0.000311011185392,0.1177457551626455,0.0884059197292005,0.1711625985944246
55,4,reference_ik,randomized,offset,False,True,,0.14369536697631702,0.1472844950039871,0.16558426100527868,0.14369536697631702,0,0,0,0,0,0,0,0,0,0,0,0,0,0,0,0.004212266998365521,0.008124093990772963,0.0010695180390030146,0.001732181990519166,0.016745808999985456,4.96412511485,0.748862433739,0.00124938182756,0.11811420392070009,0.002225729013558957,0.03538006325358619
55,4,hybrid_30mm,randomized,offset,False,True,,0.19760214898269624,0.20078131998889148,0.21908108599018306,0.19760214898269624,1,1,1,0,0,0,1,1,0,0,4.8356e-05,0.00262182,3.114e-06,0.002433471,0.000104762,0.004212266998365521,0.008124093990772963,0.0010695180390030146,0.001732181990519166,0.016745808999985456,13.928361594,1.19405212171,0.00163649252126,0.1176244579663469,0.05555285173094246,0.08990886750592095
95,0,gmr_30mm,randomized,distant,False,True,,0.0588074279949069,0.06157090497436002,0.07959684397792444,0.0588074279949069,1,1,0,1,1,0,1,1,0,0,1.1923e-05,0.000300836,1.703e-06,0.000262688,2.5703e-05,0.004225282988045365,0.00796319596702233,0.0008560830028727651,0.0017416299670003355,0.016376585001125932,3.47128129764,0.382596270981,0.0361813558184,0.1812785563461694,0.060655089228772906,0.09957621199792763
95,0,hybrid_30mm,randomized,distant,False,True,,0.11233333899872378,0.11548991705058143,0.13351585605414584,0.11233333899872378,1,1,0,1,1,0,1,1,0,0,5.3607e-05,0.002848007,4.156e-06,0.002677654,0.00011757,0.004225282988045365,0.00796319596702233,0.0008560830028727651,0.0017416299670003355,0.016376585001125932,7.10020342331,0.506258342523,0.0366238669553,0.181006444441386,0.06087697029635694,0.09773846024676547
95,0,reference_ik,randomized,distant,False,True,,0.1312859689933248,0.1341249030083418,0.1521508420119062,0.1312859689933248,0,0,0,0,0,0,0,0,0,0,0,0,0,0,0,0.004225282988045365,0.00796319596702233,0.0008560830028727651,0.0017416299670003355,0.016376585001125932,5.74607856817,0.682357878985,0.0363710283015,0.1811568581205768,0.004966921055323151,0.05498345850594156
95,0,gmm,randomized,distant,False,True,,0.11141248600324616,0.1146408980130218,0.13266683701658621,0.11141248600324616,3,3,3,0,0,0,3,3,0,0,4.7784e-05,0.005968035,5.255e-06,0.005629497,0.000194162,0.004225282988045365,0.00796319596702233,0.0008560830028727651,0.0017416299670003355,0.016376585001125932,5.67641518654,0.412782342289,0.0367394424145,0.18153245427805798,0.06014338261320129,0.11356095900140067
95,1,gmr_30mm,randomized,distant,False,True,,0.13009629904991016,0.1331316289724782,0.15115756797604263,0.13009629904991016,1,1,0,1,1,0,1,1,0,0,1.6123e-05,0.000300539,1.773e-06,0.000251095,2.9584e-05,0.004225282988045365,0.00796319596702233,0.0008560830028727651,0.0017416299670003355,0.016376585001125932,8.42502444835,0.53474255595,0.0359805551241,0.18129596995801922,0.037828951984282815,0.06825779198805693
95,1,reference_ik,randomized,distant,False,True,,0.1308437879779376,0.13396551099140197,0.1519914499949664,0.1308437879779376,0,0,0,0,0,0,0,0,0,0,0,0,0,0,0,0.004225282988045365,0.00796319596702233,0.0008560830028727651,0.0017416299670003355,0.016376585001125932,5.74607856817,0.682357878985,0.0363710283015,0.1811568581205768,0.004966921055323151,0.05498345850594156
95,1,gmm,randomized,distant,False,True,,0.061203080986160785,0.06394667195854709,0.0819726109621115,0.061203080986160785,1,1,1,0,0,0,1,1,0,0,1.8831e-05,0.000406879,1.922e-06,0.000344603,2.9576e-05,0.004225282988045365,0.00796319596702233,0.0008560830028727651,0.0017416299670003355,0.016376585001125932,8.02624959047,0.583382511798,0.0361788740185,0.1808215631839246,0.04848642280302039,0.10500177041606612
95,1,hybrid_30mm,randomized,distant,False,True,,0.08832115301629528,0.09112111601280048,0.1091470550163649,0.08832115301629528,1,1,0,1,1,0,1,1,0,0,3.2515e-05,0.000732155,3.102e-06,0.000632425,6.2358e-05,0.004225282988045365,0.00796319596702233,0.0008560830028727651,0.0017416299670003355,0.016376585001125932,9.16691390357,0.52270927277,0.0221036891386,0.12858119368178597,0.07197720873830103,0.15865442509336897
95,2,reference_ik,randomized,distant,False,True,,0.13173317798646167,0.13464661402394995,0.15267255302751437,0.13173317798646167,0,0,0,0,0,0,0,0,0,0,0,0,0,0,0,0.004225282988045365,0.00796319596702233,0.0008560830028727651,0.0017416299670003355,0.016376585001125932,5.74607856817,0.682357878985,0.0363710283015,0.1811568581205768,0.004966921055323151,0.05498345850594156
95,2,gmm,randomized,distant,False,True,,0.05853995494544506,0.06143456697463989,0.07946050597820431,0.05853995494544506,2,1,2,0,0,0,2,1,0,0,4.615e-05,0.011092197,5.581e-06,0.01098094,1.3685e-05,0.004225282988045365,0.00796319596702233,0.0008560830028727651,0.0017416299670003355,0.016376585001125932,2.65237448026,0.457221343386,0.0364188807859,0.16962010024922117,0.05177883740044353,0.1173486988218142
95,2,gmr_30mm,randomized,distant,False,True,,0.22775388095760718,0.230268782004714,0.24829472100827843,0.22775388095760718,1,1,0,1,1,0,1,1,0,0,5.0255e-05,0.000987501,5.297e-06,0.000744939,0.000169715,0.004225282988045365,0.00796319596702233,0.0008560830028727651,0.0017416299670003355,0.016376585001125932,12.2755506281,1.04579714489,0.0360203162887,0.1815247773183443,0.1955310884627478,0.28969484417580565
95,2,hybrid_30mm,randomized,distant,False,True,,0.14026489696698263,0.14333936298498884,0.16136530198855326,0.14026489696698263,2,1,0,2,1,0,2,2,0,1,5.1455e-05,0.005290689,6.13e-06,0.005086096,0.000132814,0.004225282988045365,0.00796319596702233,0.0008560830028727651,0.0017416299670003355,0.016376585001125932,9.43361696432,0.607206575464,0.0362178067626,0.18119744894077555,0.055282048156142634,0.11366338752591296
95,3,hybrid_30mm,randomized,distant,False,True,,0.10058068204671144,0.10284009401220828,0.1208660330157727,0.10058068204671144,2,1,0,2,1,0,2,2,0,1,4.7986e-05,0.003498095,6.014e-06,0.00331904,0.000113684,0.004225282988045365,0.00796319596702233,0.0008560830028727651,0.0017416299670003355,0.016376585001125932,9.82989295121,0.618001780257,0.0366053434995,0.18122551612014734,0.06300428315936309,0.11903825349140368
95,3,gmr_30mm,randomized,distant,False,True,,0.19017846800852567,0.19312584400177002,0.21115178300533444,0.19017846800852567,6,3,0,6,3,0,6,5,0,2,5.0473e-05,0.017569453,6.986e-06,0.017391281,9.6056e-05,0.004225282988045365,0.00796319596702233,0.0008560830028727651,0.0017416299670003355,0.016376585001125932,11.8855346783,0.667501508556,0.036057666174,0.15679731796712762,0.08920372257057807,0.15756430589498524
95,3,reference_ik,randomized,distant,False,True,,0.1306833929847926,0.13381430803565308,0.1518402470392175,0.1306833929847926,0,0,0,0,0,0,0,0,0,0,0,0,0,0,0,0.004225282988045365,0.00796319596702233,0.0008560830028727651,0.0017416299670003355,0.016376585001125932,5.74607856817,0.682357878985,0.0363710283015,0.1811568581205768,0.004966921055323151,0.05498345850594156
95,3,gmm,randomized,distant,False,True,,0.06533220800338313,0.06847179698524997,0.08649773598881438,0.06533220800338313,2,1,2,0,0,0,2,2,0,1,1.2165e-05,0.000924651,1.673e-06,0.000861861,3.6036e-05,0.004225282988045365,0.00796319596702233,0.0008560830028727651,0.0017416299670003355,0.016376585001125932,10.0235235816,0.698121127661,0.0366424656127,0.18121963147188427,0.08066920420962263,0.14469018104230522
95,4,gmm,randomized,distant,False,True,,0.03707339899847284,0.04041339800460264,0.05843933700816706,0.03707339899847284,1,1,1,0,0,0,1,1,0,0,2.0921e-05,0.000811356,1.612e-06,0.000718729,5.529e-05,0.004225282988045365,0.00796319596702233,0.0008560830028727651,0.0017416299670003355,0.016376585001125932,4.74979468449,0.433667324724,0.0358725329002,0.18084624525566137,0.08314193607599152,0.11608612366509513
95,4,reference_ik,randomized,distant,False,True,,0.12781884201103821,0.13069873600034043,0.14872467500390485,0.12781884201103821,0,0,0,0,0,0,0,0,0,0,0,0,0,0,0,0.004225282988045365,0.00796319596702233,0.0008560830028727651,0.0017416299670003355,0.016376585001125932,5.74607856817,0.682357878985,0.0363710283015,0.1811568581205768,0.004966921055323151,0.05498345850594156
95,4,hybrid_30mm,randomized,distant,False,True,,0.11378842795966193,0.11601037002401426,0.13403630902757868,0.11378842795966193,4,2,1,3,1,0,4,2,0,0,5.1579e-05,0.016392953,6.008e-06,0.016193478,9.6878e-05,0.004225282988045365,0.00796319596702233,0.0008560830028727651,0.0017416299670003355,0.016376585001125932,8.85027926106,0.595883630965,0.0361525651639,0.17987938534298206,0.0649326290492115,0.13337965163152168
95,4,gmr_30mm,randomized,distant,False,True,,0.168286875996273,0.1709334229817614,0.1889593619853258,0.168286875996273,1,1,0,1,1,0,1,1,0,0,5.0792e-05,0.004979393,4.375e-06,0.004833143,9.2051e-05,0.004225282988045365,0.00796319596702233,0.0008560830028727651,0.0017416299670003355,0.016376585001125932,13.6897198594,1.33736970551,0.0212293095109,0.11790650097024859,0.13584585256265844,0.24106427891584967
110,0,reference_ik,randomized,distant,False,True,,0.12874545500380918,0.1312757469713688,0.1500560999265872,0.12874545500380918,0,0,0,0,0,0,0,0,0,0,0,0,0,0,0,0.004286957031581551,0.008167121035512537,0.0010749210487119853,0.0016950920107774436,0.01684620202286169,4.74321152523,0.706877484824,0.00710890227113,0.11804225062334801,0.006185902047045632,0.07573888007737142
110,0,gmm,randomized,distant,False,True,,0.13208794395904988,0.1349654389778152,0.15374579193303362,0.13208794395904988,1,1,1,0,0,0,1,1,0,0,4.7078e-05,0.001507579,2.97e-06,0.001339745,8.7819e-05,0.004286957031581551,0.008167121035512537,0.0010749210487119853,0.0016950920107774436,0.01684620202286169,10.7601498708,0.728521551433,0.0875272996445,0.1757889761915764,0.07382752850988672,0.11668758199698741
110,0,hybrid_30mm,randomized,distant,False,True,,0.048525466001592577,0.05188060598447919,0.0706609589396976,0.048525466001592577,2,2,0,2,2,0,2,2,0,0,1.0679e-05,0.001825703,1.627e-06,0.001760848,4.4096e-05,0.004286957031581551,0.008167121035512537,0.0010749210487119853,0.0016950920107774436,0.01684620202286169,7.52548177512,0.579120764567,0.014558526991,0.13388319336989044,0.03431641732893239,0.08328084819350064
110,0,gmr_30mm,randomized,distant,False,True,,0.08860840299166739,0.09096964896889403,0.10975000192411244,0.08860840299166739,1,1,0,1,1,0,1,1,0,0,5.3855e-05,0.001623844,4.448e-06,0.001516947,6.2931e-05,0.004286957031581551,0.008167121035512537,0.0010749210487119853,0.0016950920107774436,0.01684620202286169,5.8397293361,0.58631853361,0.0320145008093,0.1495174067027782,0.024544460990010803,0.07628241858969943
110,1,hybrid_30mm,randomized,distant,False,True,,0.1490173590136692,0.15192776400363073,0.17070811695884913,0.1490173590136692,1,1,0,1,1,0,1,1,0,0,5.0172e-05,0.001159291,4.364e-06,0.001010485,9.697e-05,0.004286957031581551,0.008167121035512537,0.0010749210487119853,0.0016950920107774436,0.01684620202286169,14.3111616298,1.37715905946,0.0871975694863,0.1757889761915764,0.15009059865635271,0.2452992448644522
110,1,reference_ik,randomized,distant,False,True,,0.13629400299396366,0.14838904299540445,0.16716939595062286,0.13629400299396366,0,0,0,0,0,0,0,0,0,0,0,0,0,0,0,0.004286957031581551,0.008167121035512537,0.0010749210487119853,0.0016950920107774436,0.01684620202286169,4.74321152523,0.706877484824,0.00710890227113,0.11804225062334801,0.006185902047045632,0.07573888007737142
110,1,gmr_30mm,randomized,distant,False,True,,0.09710817801533267,0.09984141902532429,0.11862177198054269,0.09710817801533267,2,1,0,2,1,0,2,2,0,1,2.8707e-05,0.005629083,2.242e-06,0.005492945,0.000103427,0.004286957031581551,0.008167121035512537,0.0010749210487119853,0.0016950920107774436,0.01684620202286169,11.5287470793,0.860754694815,0.0878460344958,0.1757889761915764,0.09103179374669922,0.18317809876609983
110,1,gmm,randomized,distant,False,True,,0.039884187979623675,0.04223475296748802,0.061015105922706425,0.039884187979623675,1,1,1,0,0,0,1,1,0,0,2.6688e-05,0.000534975,1.367e-06,0.000477661,2.4156e-05,0.004286957031581551,0.008167121035512537,0.0010749210487119853,0.0016950920107774436,0.01684620202286169,5.94158359127,0.599300602559,0.0548439259117,0.17124533082873805,0.05025343823154869,0.0946324654696238
110,2,gmr_30mm,randomized,distant,False,True,,0.17075950402067974,0.1735132629983127,0.19229361595353112,0.17075950402067974,6,4,0,6,4,0,6,6,0,2,5.3194e-05,0.007686808,4.256e-06,0.00746296,0.000160193,0.004286957031581551,0.008167121035512537,0.0010749210487119853,0.0016950920107774436,0.01684620202286169,12.5050504812,0.847216988518,0.0406701477616,0.15408662296979142,0.0772680747141869,0.14275692984205932
110,2,hybrid_30mm,randomized,distant,False,True,,0.07568944804370403,0.07893480098573491,0.09771515394095331,0.07568944804370403,5,3,0,5,3,0,5,4,0,1,4.7333e-05,0.008676649,6.63e-06,0.008495334,9.7547e-05,0.004286957031581551,0.008167121035512537,0.0010749210487119853,0.0016950920107774436,0.01684620202286169,2.5761122477,0.436967974988,0.000891973195172,0.11707168055465345,0.06461471811542875,0.11413523816056675
110,2,gmm,randomized,distant,False,True,,0.144079469027929,0.14707820600597188,0.16585855896119028,0.144079469027929,2,1,2,0,0,0,2,1,0,0,5.0641e-05,0.012124305,4.43e-06,0.012038134,1.6956e-05,0.004286957031581551,0.008167121035512537,0.0010749210487119853,0.0016950920107774436,0.01684620202286169,11.503658335,0.877432736278,0.0882851188306,0.1757889761915764,0.17040316430844799,0.24369418188956682
110,2,reference_ik,randomized,distant,False,True,,0.13957064400892705,0.14259029901586473,0.16137065197108313,0.13957064400892705,0,0,0,0,0,0,0,0,0,0,0,0,0,0,0,0.004286957031581551,0.008167121035512537,0.0010749210487119853,0.0016950920107774436,0.01684620202286169,4.74321152523,0.706877484824,0.00710890227113,0.11804225062334801,0.006185902047045632,0.07573888007737142
110,3,gmm,randomized,distant,False,True,,0.12671215302543715,0.12943889200687408,0.1482192449620925,0.12671215302543715,6,2,6,0,0,0,6,4,0,2,5.3013e-05,0.0198349,7.821e-06,0.019590282,8.804e-05,0.004286957031581551,0.008167121035512537,0.0010749210487119853,0.0016950920107774436,0.01684620202286169,4.63439124863,0.657049932317,0.0883556686272,0.1757889761915764,0.1060092608462404,0.1951776333434893
110,3,gmr_30mm,randomized,distant,False,True,,0.0891617140150629,0.09199883398832753,0.11077918694354594,0.0891617140150629,1,1,0,1,1,0,1,1,0,0,4.784e-05,0.002719214,4.259e-06,0.002578875,8.2729e-05,0.004286957031581551,0.008167121035512537,0.0010749210487119853,0.0016950920107774436,0.01684620202286169,8.62881230989,0.641967517211,0.0512389580065,0.16806860305454496,0.06657132170452368,0.16763710563786477
110,3,hybrid_30mm,randomized,distant,False,True,,0.03966101200785488,0.0421032520243898,0.06088360497960821,0.03966101200785488,1,1,0,1,1,0,1,1,0,0,1.1522e-05,0.000435751,1.69e-06,0.000406364,1.7166e-05,0.004286957031581551,0.008167121035512537,0.0010749210487119853,0.0016950920107774436,0.01684620202286169,7.76586113429,0.510392324465,0.0465939277253,0.1524594090062423,0.054491609906057184,0.12250738849212471
110,3,reference_ik,randomized,distant,False,True,,0.13824005401693285,0.1415894800447859,0.1603698330000043,0.13824005401693285,0,0,0,0,0,0,0,0,0,0,0,0,0,0,0,0.004286957031581551,0.008167121035512537,0.0010749210487119853,0.0016950920107774436,0.01684620202286169,4.74321152523,0.706877484824,0.00710890227113,0.11804225062334801,0.006185902047045632,0.07573888007737142
110,4,hybrid_30mm,randomized,distant,False,True,,0.18920831702416763,0.1924202959635295,0.2112006489187479,0.18920831702416763,6,5,2,4,4,0,6,5,0,0,3.4339e-05,0.010857658,3.737e-06,0.010733401,4.5814e-05,0.004286957031581551,0.008167121035512537,0.0010749210487119853,0.0016950920107774436,0.01684620202286169,14.3104798987,1.26502964601,0.084275381057,0.1757889761915764,0.13869409257187204,0.21237105899104985
110,4,gmr_30mm,randomized,distant,False,True,,0.052482898987364024,0.05534953501773998,0.07412988797295839,0.052482898987364024,7,6,0,7,6,0,7,6,0,0,9.09e-06,0.011620159,4.556e-06,0.011474129,8.0141e-05,0.004286957031581551,0.008167121035512537,0.0010749210487119853,0.0016950920107774436,0.01684620202286169,2.55600930593,0.425415520017,0.00376706053634,0.11907459520516787,0.06255261671167281,0.10514080873467228
110,4,reference_ik,randomized,distant,False,True,,0.13546924700494856,0.13842087099328637,0.15720122394850478,0.13546924700494856,0,0,0,0,0,0,0,0,0,0,0,0,0,0,0,0.004286957031581551,0.008167121035512537,0.0010749210487119853,0.0016950920107774436,0.01684620202286169,4.74321152523,0.706877484824,0.00710890227113,0.11804225062334801,0.006185902047045632,0.07573888007737142
110,4,gmm,randomized,distant,False,True,,0.074401986959856,0.07763707498088479,0.0964174279361032,0.074401986959856,4,3,4,0,0,0,4,3,0,0,4.8833e-05,0.014598339,5.257e-06,0.014294273,0.00014493,0.004286957031581551,0.008167121035512537,0.0010749210487119853,0.0016950920107774436,0.01684620202286169,4.68308561289,0.529156512851,0.00692346658651,0.12244091123974432,0.030246782235317966,0.07503008821467361
69,0,hybrid_30mm,randomized,offset,False,True,,0.1597562050446868,0.16262933396501467,0.18038328096736223,0.1597562050446868,7,5,2,5,3,0,7,6,0,1,5.0272e-05,0.014494237,5.517e-06,0.014227698,0.000151899,0.004267788026481867,0.007940986019093543,0.0008167990017682314,0.0017287429654970765,0.016324520984198898,10.897433281,0.961731786149,0.0253013206573,0.10160136792433372,0.08675348466351877,0.2417344185309177
69,0,reference_ik,randomized,offset,False,False,reference_ik,0.06100612902082503,0.06367754703387618,0.08143149403622374,6.0,0,0,0,0,0,0,0,0,0,0,0,0,0,0,0,0.004267788026481867,0.007940986019093543,0.0008167990017682314,0.0017287429654970765,0.016324520984198898,,,,,,
69,0,gmr_30mm,randomized,offset,False,True,,0.2275326219969429,0.23065657197730616,0.24841051897965372,0.2275326219969429,17,11,0,17,11,0,17,17,0,6,2.1319e-05,0.014686319,6.185e-06,0.014279111,0.000306515,0.004267788026481867,0.007940986019093543,0.0008167990017682314,0.0017287429654970765,0.016324520984198898,16.0433225345,1.24418866584,0.0475846938425,0.10160136792433372,0.11170976680497541,0.2838269860203925
69,0,gmm,randomized,offset,False,True,,0.07968291395809501,0.08254140202188864,0.1002953490242362,0.07968291395809501,16,9,16,0,0,0,16,14,0,5,1.0993e-05,0.021012658,3.661e-06,0.020657984,0.000223276,0.004267788026481867,0.007940986019093543,0.0008167990017682314,0.0017287429654970765,0.016324520984198898,9.05811500249,0.716900157214,0.00282262757311,0.10160136792433372,0.0824490455760377,0.24164331052233678
69,1,hybrid_30mm,randomized,offset,False,True,,0.16379963897634298,0.16659699199954048,0.18435093900188804,0.16379963897634298,11,9,1,10,9,0,11,11,0,2,1.1167e-05,0.006913626,4.158e-06,0.006713374,0.000133088,0.004267788026481867,0.007940986019093543,0.0008167990017682314,0.0017287429654970765,0.016324520984198898,16.6072420937,0.990285510553,0.000347236386321,0.10160136792433372,0.0648923747168686,0.12687025504185365
69,1,gmm,randomized,offset,False,True,,0.04606289998628199,0.04848406696692109,0.06623801396926865,0.04606289998628199,5,1,5,0,0,0,5,3,0,2,1.5865e-05,0.013476649,3.271e-06,0.013318404,6.5814e-05,0.004267788026481867,0.007940986019093543,0.0008167990017682314,0.0017287429654970765,0.016324520984198898,4.89992969236,0.794679686554,0.0243902504316,0.07527136681421853,0.06528713062090218,0.17885855271847675
69,1,reference_ik,randomized,offset,False,False,reference_ik,0.062481233035214245,0.0651212100056,0.08287515700794756,6.0,0,0,0,0,0,0,0,0,0,0,0,0,0,0,0,0.004267788026481867,0.007940986019093543,0.0008167990017682314,0.0017287429654970765,0.016324520984198898,,,,,,
69,1,gmr_30mm,randomized,offset,False,True,,0.09093631699215621,0.09329614596208557,0.11105009296443313,0.09093631699215621,2,1,0,2,1,0,2,2,0,1,1.0497e-05,0.001820448,1.507e-06,0.001766572,3.6907e-05,0.004267788026481867,0.007940986019093543,0.0008167990017682314,0.0017287429654970765,0.016324520984198898,11.8392295245,0.999565868016,0.000898114088287,0.09307609555941425,0.08869324923987315,0.24768414025032545
69,2,hybrid_30mm,randomized,offset,False,True,,0.2782144310185686,0.2816909389803186,0.29944488598266616,0.2782144310185686,51,28,10,41,21,0,51,49,0,21,1.98e-05,0.050435612,1.0365e-05,0.04958656,0.0006091,0.004267788026481867,0.007940986019093543,0.0008167990017682314,0.0017287429654970765,0.016324520984198898,20.6065142497,1.56593244741,0.00173962320898,0.10160136792433372,0.07041484343650123,0.1586692114229048
69,2,gmm,randomized,offset,False,True,,0.12274238304235041,0.12548893096391112,0.14324287796625867,0.12274238304235041,12,8,12,0,0,0,12,12,0,4,3.1562e-05,0.011580671,3.642e-06,0.011320702,0.000128603,0.004267788026481867,0.007940986019093543,0.0008167990017682314,0.0017287429654970765,0.016324520984198898,11.6758150385,0.946605942131,0.0475846938425,0.10160136792433372,0.11611137149281872,0.19740255970855697
69,2,reference_ik,randomized,offset,False,False,reference_ik,0.06030090799322352,0.06273571500787511,0.08048966201022267,6.0,0,0,0,0,0,0,0,0,0,0,0,0,0,0,0,0.004267788026481867,0.007940986019093543,0.0008167990017682314,0.0017287429654970765,0.016324520984198898,,,,,,
69,2,gmr_30mm,randomized,offset,False,True,,0.09240205102832988,0.09498840098967776,0.11274234799202532,0.09240205102832988,20,10,0,20,10,0,20,20,0,10,3.834e-05,0.019531937,1.21e-05,0.018818712,0.000519662,0.004267788026481867,0.007940986019093543,0.0008167990017682314,0.0017287429654970765,0.016324520984198898,6.42894578808,0.704582896783,0.00401697545615,0.10078560572883409,0.035248997441385356,0.09530208309038843
69,3,gmr_30mm,randomized,offset,False,True,,0.19370361603796482,0.19634859001962468,0.21410253702197224,0.19370361603796482,13,9,0,13,9,0,13,13,0,4,5.2014e-05,0.015906585,8.64e-06,0.015631549,0.000167454,0.004267788026481867,0.007940986019093543,0.0008167990017682314,0.0017287429654970765,0.016324520984198898,12.3588086191,0.952543746147,0.0124802176988,0.08705896559794273,0.04453694063625355,0.09603889848273404
69,3,reference_ik,randomized,offset,False,False,reference_ik,0.06558933400083333,0.06812124198768288,0.08587518899003044,6.0,0,0,0,0,0,0,0,0,0,0,0,0,0,0,0,0.004267788026481867,0.007940986019093543,0.0008167990017682314,0.0017287429654970765,0.016324520984198898,,,,,,
69,3,gmm,randomized,offset,False,True,,0.2506177590112202,0.2533326730481349,0.27108662005048245,0.2506177590112202,20,14,20,0,0,0,20,18,0,4,4.6106e-05,0.029048122,1.4999e-05,0.028170191,0.000492456,0.004267788026481867,0.007940986019093543,0.0008167990017682314,0.0017287429654970765,0.016324520984198898,17.2161837645,1.22836772842,0.00995855524495,0.10160136792433372,0.10343701224261813,0.15868675608869653
69,3,hybrid_30mm,randomized,offset,False,True,,0.162240233970806,0.16548855096334592,0.18324249796569347,0.162240233970806,10,6,0,10,6,0,10,8,0,2,3.2775e-05,0.028003806,1.0032e-05,0.027486856,0.000349685,0.004267788026481867,0.007940986019093543,0.0008167990017682314,0.0017287429654970765,0.016324520984198898,15.8414699725,1.13138470484,0.00870682461443,0.053548544019192235,0.11666962621879597,0.25277233878096456
69,4,gmm,randomized,offset,False,True,,0.1331241829902865,0.13598958402872086,0.15374353103106841,0.1331241829902865,9,3,9,0,0,0,9,8,0,5,4.7088e-05,0.017585588,6.292e-06,0.01723665,0.000193129,0.004267788026481867,0.007940986019093543,0.0008167990017682314,0.0017287429654970765,0.016324520984198898,12.5489955395,0.862989770155,0.027068831786,0.10160136792433372,0.14605318680618673,0.21740060967049482
69,4,hybrid_30mm,randomized,offset,False,True,,0.19557344896020368,0.19867158704437315,0.2164255340467207,0.19557344896020368,14,8,3,11,6,0,14,10,0,2,3.7017e-05,0.039927803,8.424e-06,0.039537644,0.000222308,0.004267788026481867,0.007940986019093543,0.0008167990017682314,0.0017287429654970765,0.016324520984198898,16.1788212834,0.782030565221,0.000633824102813,0.08756964756204082,0.03571271873891642,0.09607090447655015
69,4,reference_ik,randomized,offset,False,False,reference_ik,0.06162800098536536,0.06383254297543317,0.08158648997778073,6.0,0,0,0,0,0,0,0,0,0,0,0,0,0,0,0,0.004267788026481867,0.007940986019093543,0.0008167990017682314,0.0017287429654970765,0.016324520984198898,,,,,,
69,4,gmr_30mm,randomized,offset,False,True,,0.11787730798823759,0.12056810897774994,0.1383220559800975,0.11787730798823759,3,2,0,3,2,0,3,2,0,0,4.8037e-05,0.011553058,4.994e-06,0.011473872,3.2529e-05,0.004267788026481867,0.007940986019093543,0.0008167990017682314,0.0017287429654970765,0.016324520984198898,8.6120276218,0.697819411079,0.019495133973,0.10160136792433372,0.07412053085720889,0.21255372075509213
29,0,gmr_30mm,randomized,central,False,True,,0.12057265499606729,0.12297077901894227,0.14604451303603128,0.12057265499606729,4,3,0,4,3,0,4,4,0,1,5.0592e-05,0.006060921,5.595e-06,0.00594312,6.3133e-05,0.007377479982096702,0.009823058033362031,0.0008946190355345607,0.0017221379675902426,0.021450455009471625,12.9929374439,0.974792705978,0.0147849490052,0.14181213788512162,0.09524990789716993,0.22882151461497505
29,0,hybrid_30mm,randomized,central,False,True,,0.22355800197692588,0.22652283404022455,0.24959656805731356,0.22355800197692588,1,1,0,1,1,0,1,1,0,0,7.171e-05,0.002924246,4.373e-06,0.002723585,0.000151159,0.007377479982096702,0.009823058033362031,0.0008946190355345607,0.0017221379675902426,0.021450455009471625,14.9234221316,1.04918617757,0.0145278467495,0.14181213788512162,0.10199824863876944,0.20854538465423494
29,0,reference_ik,randomized,central,False,False,reference_edge_invalid,0.15222967497538775,0.15486474998760968,0.1779384840046987,6.0,0,0,0,0,0,0,0,0,0,0,0,0,0,0,0,0.007377479982096702,0.009823058033362031,0.0008946190355345607,0.0017221379675902426,0.021450455009471625,,,,,,
29,0,gmm,randomized,central,False,True,,0.1920821419917047,0.1943176179775037,0.2173913519945927,0.1920821419917047,26,13,26,0,0,0,26,19,0,6,2.9985e-05,0.059842256,6.564e-06,0.059365845,0.000233477,0.007377479982096702,0.009823058033362031,0.0008946190355345607,0.0017221379675902426,0.021450455009471625,13.0757943055,1.01125256304,0.0118995067943,0.07592354779977752,0.0927355235952555,0.14988633092919934
29,1,gmm,randomized,central,False,True,,0.1874597619753331,0.1904864720418118,0.2135602060589008,0.1874597619753331,9,5,9,0,0,0,9,6,0,1,1.5778e-05,0.036481836,6.821e-06,0.036223909,9.9387e-05,0.007377479982096702,0.009823058033362031,0.0008946190355345607,0.0017221379675902426,0.021450455009471625,11.7781405733,0.69078918694,0.014719128777,0.14181213788512162,0.07250287575462992,0.18523675692353983
29,1,reference_ik,randomized,central,False,False,reference_edge_invalid,0.15006776398513466,0.1520065600052476,0.1750802940223366,6.0,0,0,0,0,0,0,0,0,0,0,0,0,0,0,0,0.007377479982096702,0.009823058033362031,0.0008946190355345607,0.0017221379675902426,0.021450455009471625,,,,,,
29,1,hybrid_30mm,randomized,central,False,True,,0.07157754601212218,0.07339628599584103,0.09647002001293004,0.07157754601212218,3,3,0,3,3,0,3,3,0,0,2.7514e-05,0.004839132,4.4e-06,0.004699924,8.3247e-05,0.007377479982096702,0.009823058033362031,0.0008946190355345607,0.0017221379675902426,0.021450455009471625,8.43442973819,0.661501638398,0.00904488237552,0.13481424532194836,0.07614819129558505,0.1582009070997463
29,1,gmr_30mm,randomized,central,False,True,,0.09489721903810278,0.09724265796830878,0.12031639198539779,0.09489721903810278,18,13,0,18,13,0,18,14,0,1,1.4119e-05,0.03087267,4.288e-06,0.030668986,0.000134168,0.007377479982096702,0.009823058033362031,0.0008946190355345607,0.0017221379675902426,0.021450455009471625,10.0950532365,0.653363419684,0.0144506719827,0.13821974576287122,0.07587929531613243,0.16568071807809803
29,2,gmm,randomized,central,False,True,,0.07565230701584369,0.07821888802573085,0.10129262204281986,0.07565230701584369,3,2,3,0,0,0,3,2,0,0,1.0698e-05,0.005604695,2.17e-06,0.005540148,2.5529e-05,0.007377479982096702,0.009823058033362031,0.0008946190355345607,0.0017221379675902426,0.021450455009471625,9.17702008833,0.785424840934,0.00916005318747,0.14181213788512162,0.1417484976534541,0.24736297720393696
29,2,reference_ik,randomized,central,False,False,reference_edge_invalid,0.1539538570214063,0.15638068900443614,0.17945442302152514,6.0,0,0,0,0,0,0,0,0,0,0,0,0,0,0,0,0.007377479982096702,0.009823058033362031,0.0008946190355345607,0.0017221379675902426,0.021450455009471625,,,,,,
29,2,hybrid_30mm,randomized,central,False,True,,0.2966616229969077,0.2988182310364209,0.3218919650535099,0.2966616229969077,37,27,6,31,24,0,37,30,0,3,4.8162e-05,0.057395395,1.482e-05,0.056775635,0.000377774,0.007377479982096702,0.009823058033362031,0.0008946190355345607,0.0017221379675902426,0.021450455009471625,20.4608361497,1.48117497557,0.0149336603271,0.13489825211844556,0.08791073568744276,0.21466517180591047
29,2,gmr_30mm,randomized,central,False,True,,0.13975552201736718,0.14208275103010237,0.16515648504719138,0.13975552201736718,3,3,0,3,3,0,3,3,0,0,5.0551e-05,0.007694748,8.24e-06,0.00743527,0.000144542,0.007377479982096702,0.009823058033362031,0.0008946190355345607,0.0017221379675902426,0.021450455009471625,8.01808599416,0.651640181496,0.0143107697156,0.12934354402561454,0.10102098451804892,0.1989812349163252
29,3,gmr_30mm,randomized,central,False,True,,0.1482125199981965,0.151034724956844,0.174108458973933,0.1482125199981965,5,4,0,5,4,0,5,4,0,0,1.0856e-05,0.011380109,3.293e-06,0.011268342,7.3177e-05,0.007377479982096702,0.009823058033362031,0.0008946190355345607,0.0017221379675902426,0.021450455009471625,14.0081176348,1.13890264572,0.0147591447527,0.14181213788512162,0.11619587107225736,0.22191839707237293
29,3,gmm,randomized,central,False,True,,0.21100767800817266,0.21410499198827893,0.23717872600536793,0.21100767800817266,22,12,22,0,0,0,22,15,0,3,4.7786e-05,0.066688156,8.449e-06,0.066203557,0.000207555,0.007377479982096702,0.009823058033362031,0.0008946190355345607,0.0017221379675902426,0.021450455009471625,14.7419170557,1.36768387185,0.0143467981466,0.12497665503356495,0.0992564613684572,0.1793814009713103
29,3,reference_ik,randomized,central,False,False,reference_edge_invalid,0.1585423779906705,0.160894395026844,0.183968129043933,6.0,0,0,0,0,0,0,0,0,0,0,0,0,0,0,0,0.007377479982096702,0.009823058033362031,0.0008946190355345607,0.0017221379675902426,0.021450455009471625,,,,,,
29,3,hybrid_30mm,randomized,central,False,True,,0.20998790202429518,0.2120456739794463,0.2351194079965353,0.20998790202429518,13,5,1,12,5,0,13,7,0,2,6.854e-06,0.044996375,4.445e-06,0.044811757,0.000111857,0.007377479982096702,0.009823058033362031,0.0008946190355345607,0.0017221379675902426,0.021450455009471625,13.0389545544,0.845302017946,0.0149313254946,0.14181213788512162,0.08083359245659655,0.20735637707558993
29,4,gmr_30mm,randomized,central,False,True,,0.09132719301851466,0.09419772098772228,0.11727145500481129,0.09132719301851466,1,1,0,1,1,0,1,1,0,0,6.8913e-05,0.001485891,4.309e-06,0.001363184,6.8261e-05,0.007377479982096702,0.009823058033362031,0.0008946190355345607,0.0017221379675902426,0.021450455009471625,7.98451529378,0.592785435773,0.00294292883081,0.11778587215394633,0.07102261160479056,0.1424027476321567
29,4,reference_ik,randomized,central,False,False,reference_edge_invalid,0.1702786380192265,0.17341733898501843,0.19649107300210744,6.0,0,0,0,0,0,0,0,0,0,0,0,0,0,0,0,0.007377479982096702,0.009823058033362031,0.0008946190355345607,0.0017221379675902426,0.021450455009471625,,,,,,
29,4,hybrid_30mm,randomized,central,False,True,,0.0962985850055702,0.09846396103966981,0.12153769505675882,0.0962985850055702,3,2,0,3,2,0,3,3,0,1,1.2291e-05,0.003808351,3.358e-06,0.003650909,0.000106233,0.007377479982096702,0.009823058033362031,0.0008946190355345607,0.0017221379675902426,0.021450455009471625,8.45282076582,0.642433163177,0.00265009035734,0.12685520721014767,0.06311494904239626,0.11861250774679186
29,4,gmm,randomized,central,False,True,,0.09446654096245766,0.09689720999449492,0.11997094401158392,0.09446654096245766,7,5,7,0,0,0,7,6,0,1,1.0289e-05,0.009563915,2.051e-06,0.009432266,7.2755e-05,0.007377479982096702,0.009823058033362031,0.0008946190355345607,0.0017221379675902426,0.021450455009471625,13.9789578231,1.05033132313,0.0152258716276,0.14181213788512162,0.10968727934317729,0.24206486008311828
107,0,gmm,randomized,distant,False,True,,0.16613472200697288,0.16842950496356934,0.1865767249255441,0.16613472200697288,2,2,2,0,0,0,2,2,0,0,2.5948e-05,0.004609586,2.781e-06,0.004423969,9.8547e-05,0.004319148953072727,0.008090705028735101,0.000838038045912981,0.0017210359801538289,0.01655975397443399,12.4544461997,1.1754421124,0.0599618053544,0.158415532250452,0.1354432886100629,0.2398059553344012
107,0,hybrid_30mm,randomized,distant,False,True,,0.1401617620140314,0.14398597402032465,0.16213319398229942,0.1401617620140314,1,1,0,1,1,0,1,1,0,0,1.9874e-05,0.00079508,1.642e-06,0.000758107,2.3283e-05,0.004319148953072727,0.008090705028735101,0.000838038045912981,0.0017210359801538289,0.01655975397443399,13.7155230234,1.07092985954,0.0810791865472,0.16224162708296466,0.10494340737063136,0.20028387214601895
107,0,gmr_30mm,randomized,distant,False,True,,0.12715141801163554,0.13022154296049848,0.14836876292247325,0.12715141801163554,2,1,0,2,1,0,2,1,0,0,4.4428e-05,0.009284275,7.69e-06,0.009061187,0.000134424,0.004319148953072727,0.008090705028735101,0.000838038045912981,0.0017210359801538289,0.01655975397443399,8.57526991538,0.572865228934,0.0236649300987,0.13255854762767658,0.07111504799235611,0.17936977621356492
107,0,reference_ik,randomized,distant,False,True,,0.15291369805345312,0.1559787779697217,0.17412599793169647,0.15291369805345312,0,0,0,0,0,0,0,0,0,0,0,0,0,0,0,0.004319148953072727,0.008090705028735101,0.000838038045912981,0.0017210359801538289,0.01655975397443399,5.53810678247,0.760910697343,0.0788932523202,0.16224162708296466,0.004832758712959744,0.07790634627351285
107,1,hybrid_30mm,randomized,distant,False,True,,0.11137445899657905,0.11409085197374225,0.13223807193571702,0.11137445899657905,1,1,0,1,1,0,1,1,0,0,3.1094e-05,0.001094311,3.479e-06,0.001012875,4.402e-05,0.004319148953072727,0.008090705028735101,0.000838038045912981,0.0017210359801538289,0.01655975397443399,12.9518735933,0.898272013864,0.0471915888207,0.13380159300598005,0.05258095526537952,0.08650650102984214
107,1,gmm,randomized,distant,False,True,,0.18344409501878545,0.1860526319942437,0.20419985195621848,0.18344409501878545,1,1,1,0,0,0,1,1,0,0,4.8002e-05,0.005292807,3.391e-06,0.005210033,2.8552e-05,0.004319148953072727,0.008090705028735101,0.000838038045912981,0.0017210359801538289,0.01655975397443399,14.2404799795,1.13775318033,0.0372849915533,0.1260973119487583,0.1087239339040747,0.17164657132457492
107,1,reference_ik,randomized,distant,False,True,,0.14989001903450117,0.15321135998237878,0.17135857994435355,0.14989001903450117,0,0,0,0,0,0,0,0,0,0,0,0,0,0,0,0.004319148953072727,0.008090705028735101,0.000838038045912981,0.0017210359801538289,0.01655975397443399,5.53810678247,0.760910697343,0.0788932523202,0.16224162708296466,0.004832758712959744,0.07790634627351285
107,1,gmr_30mm,randomized,distant,False,True,,0.023419762030243874,0.026826574990991503,0.04497379495296627,0.023419762030243874,1,1,0,1,1,0,1,1,0,0,1.0806e-05,0.000710954,1.389e-06,0.000685117,1.4172e-05,0.004319148953072727,0.008090705028735101,0.000838038045912981,0.0017210359801538289,0.01655975397443399,4.85696610546,0.596048446861,0.0429462755044,0.15535509446518403,0.0437909480220039,0.08403099998906409
107,2,hybrid_30mm,randomized,distant,False,True,,0.1885453289723955,0.1921277969959192,0.21027501695789397,0.1885453289723955,2,1,0,2,1,0,2,1,0,0,4.7679e-05,0.015470511,6.728e-06,0.015375544,2.9738e-05,0.004319148953072727,0.008090705028735101,0.000838038045912981,0.0017210359801538289,0.01655975397443399,14.3623136775,1.66819695123,0.0810791865472,0.16224162708296466,0.17080512161214792,0.2841798787060867
107,2,gmm,randomized,distant,False,True,,0.17060217098332942,0.17394705704646185,0.19209427700843662,0.17060217098332942,2,1,2,0,0,0,2,1,0,0,3.7471e-05,0.005701451,2.984e-06,0.005632717,2.183e-05,0.004319148953072727,0.008090705028735101,0.000838038045912981,0.0017210359801538289,0.01655975397443399,12.4423706419,1.00374491845,0.0719216299882,0.1580525878421218,0.10110833429776322,0.17906831167651535
107,2,reference_ik,randomized,distant,False,True,,0.15029916202183813,0.15324022201821208,0.17138744198018685,0.15029916202183813,0,0,0,0,0,0,0,0,0,0,0,0,0,0,0,0.004319148953072727,0.008090705028735101,0.000838038045912981,0.0017210359801538289,0.01655975397443399,5.53810678247,0.760910697343,0.0788932523202,0.16224162708296466,0.004832758712959744,0.07790634627351285
107,2,gmr_30mm,randomized,distant,False,True,,0.09474175999639556,0.09802061499794945,0.11616783495992422,0.09474175999639556,2,2,0,2,2,0,2,2,0,0,1.0976e-05,0.001653883,1.732e-06,0.001600831,3.457e-05,0.004319148953072727,0.008090705028735101,0.000838038045912981,0.0017210359801538289,0.01655975397443399,12.8599950724,0.961312474654,0.0810791865472,0.16224162708296466,0.1072699146390849,0.16449020085986352
107,3,gmr_30mm,randomized,distant,False,True,,0.09919745795195922,0.10208949004299939,0.12023671000497416,0.09919745795195922,1,1,0,1,1,0,1,1,0,0,4.059e-05,0.00578918,3.798e-06,0.005745473,1.4174e-05,0.004319148953072727,0.008090705028735101,0.000838038045912981,0.0017210359801538289,0.01655975397443399,11.3675530706,0.702654199719,0.0338207883396,0.12471089688004955,0.039496889916984544,0.08310924864843951
107,3,gmm,randomized,distant,False,True,,0.142982363991905,0.14619602402672172,0.16434324398869649,0.142982363991905,2,2,2,0,0,0,2,2,0,0,3.2896e-05,0.005665864,2.892e-06,0.005534892,5.7049e-05,0.004319148953072727,0.008090705028735101,0.000838038045912981,0.0017210359801538289,0.01655975397443399,15.2040769691,1.26316075442,0.014370202037,0.12658310388956884,0.13369570314679702,0.28191041665153493
107,3,hybrid_30mm,randomized,distant,False,True,,0.1783004819881171,0.18147845001658425,0.19962566997855902,0.1783004819881171,2,1,1,1,0,0,2,1,0,0,4.5579e-05,0.008152893,6.415e-06,0.007906087,0.000132633,0.004319148953072727,0.008090705028735101,0.000838038045912981,0.0017210359801538289,0.01655975397443399,14.3450556936,1.5626163284,0.0460236365208,0.16224162708296466,0.12436597401577348,0.269160143099368
107,3,reference_ik,randomized,distant,False,True,,0.14257459196960554,0.14508498401846737,0.16323220398044214,0.14257459196960554,0,0,0,0,0,0,0,0,0,0,0,0,0,0,0,0.004319148953072727,0.008090705028735101,0.000838038045912981,0.0017210359801538289,0.01655975397443399,5.53810678247,0.760910697343,0.0788932523202,0.16224162708296466,0.004832758712959744,0.07790634627351285
107,4,hybrid_30mm,randomized,distant,False,True,,0.07713115401566029,0.0799820389947854,0.09812925895676017,0.07713115401566029,3,1,0,3,1,0,3,3,0,2,2.8041e-05,0.003808468,5.329e-06,0.003495676,0.000246591,0.004319148953072727,0.008090705028735101,0.000838038045912981,0.0017210359801538289,0.01655975397443399,8.78822378224,0.616589785446,0.0176110667558,0.1316429198788559,0.06973923545249856,0.15891588472038093
107,4,reference_ik,randomized,distant,False,True,,0.14712025900371373,0.1500749239930883,0.16822214395506307,0.14712025900371373,0,0,0,0,0,0,0,0,0,0,0,0,0,0,0,0.004319148953072727,0.008090705028735101,0.000838038045912981,0.0017210359801538289,0.01655975397443399,5.53810678247,0.760910697343,0.0788932523202,0.16224162708296466,0.004832758712959744,0.07790634627351285
107,4,gmm,randomized,distant,False,True,,0.06078499200521037,0.06353827100247145,0.08168549096444622,0.06078499200521037,1,1,1,0,0,0,1,1,0,0,1.8533e-05,0.004320556,1.54e-06,0.004230327,5.3092e-05,0.004319148953072727,0.008090705028735101,0.000838038045912981,0.0017210359801538289,0.01655975397443399,6.34247765879,0.691524348694,0.0289468505605,0.1504831476657468,0.0927768403420443,0.1351851872857079
107,4,gmr_30mm,randomized,distant,False,True,,0.13312759099062532,0.13617816899204627,0.15432538895402104,0.13312759099062532,2,1,0,2,1,0,2,1,0,0,2.6938e-05,0.006622364,5.343e-06,0.006520145,5.3815e-05,0.004319148953072727,0.008090705028735101,0.000838038045912981,0.0017210359801538289,0.01655975397443399,12.8119923757,0.650306371599,0.00556994217333,0.11873159770838855,0.08125065879397887,0.1820432861397715
118,0,hybrid_30mm,randomized,distant,False,True,,0.11721744202077389,0.11990581400459632,0.1380197840044275,0.11721744202077389,1,1,1,0,0,0,1,1,0,0,5.0429e-05,0.003167838,3.431e-06,0.002993036,7.398e-05,0.004193666973151267,0.007989753037691116,0.0008496750378981233,0.0017057969816960394,0.01637488597771153,12.9442599061,0.878627855357,0.0427792569375,0.12703714259204088,0.06487146792711426,0.10286643451339948
118,0,gmm,randomized,distant,False,True,,0.16661166201811284,0.1692880840273574,0.18740205402718857,0.16661166201811284,1,1,1,0,0,0,1,1,0,0,5.0614e-05,0.002905248,2.865e-06,0.002689651,0.000107626,0.004193666973151267,0.007989753037691116,0.0008496750378981233,0.0017057969816960394,0.01637488597771153,10.6374908311,0.536689199592,0.0403602641046,0.12703714259204088,0.07165339544910398,0.12515199172003286
118,0,reference_ik,randomized,distant,False,True,,0.12584964203415439,0.12820928200380877,0.14632325200363994,0.12584964203415439,0,0,0,0,0,0,0,0,0,0,0,0,0,0,0,0.004193666973151267,0.007989753037691116,0.0008496750378981233,0.0017057969816960394,0.01637488597771153,4.58771461892,0.695504441397,0.0427792569375,0.12703714259204088,0.0019969214959261804,0.03554356531540494
118,0,gmr_30mm,randomized,distant,False,True,,0.16195995401358232,0.16456656204536557,0.18268053204519674,0.16195995401358232,1,1,0,1,1,0,1,1,0,0,4.7787e-05,0.001887069,4.209e-06,0.001761338,7.1507e-05,0.004193666973151267,0.007989753037691116,0.0008496750378981233,0.0017057969816960394,0.01637488597771153,12.1416215381,0.48581900739,0.0426352794551,0.12703714259204088,0.05877537452070913,0.1311337935619377
118,1,reference_ik,randomized,distant,False,True,,0.12530258699553087,0.12795765296323225,0.14607162296306342,0.12530258699553087,0,0,0,0,0,0,0,0,0,0,0,0,0,0,0,0.004193666973151267,0.007989753037691116,0.0008496750378981233,0.0017057969816960394,0.01637488597771153,4.58771461892,0.695504441397,0.0427792569375,0.12703714259204088,0.0019969214959261804,0.03554356531540494
118,1,gmm,randomized,distant,False,True,,0.052445296954829246,0.055125579005107284,0.07323954900493845,0.052445296954829246,2,2,2,0,0,0,2,2,0,0,1.1994e-05,0.003701708,3.894e-06,0.003425566,0.000110051,0.004193666973151267,0.007989753037691116,0.0008496750378981233,0.0017057969816960394,0.01637488597771153,4.02620449151,0.486498500321,0.0427792569375,0.12703714259204088,0.09453913165539876,0.16046285843723054
118,1,gmr_30mm,randomized,distant,False,True,,0.05860723997466266,0.06175308901583776,0.07986705901566893,0.05860723997466266,2,1,0,2,1,0,2,1,0,0,4.6685e-05,0.005442375,5.554e-06,0.005378615,1.9332e-05,0.004193666973151267,0.007989753037691116,0.0008496750378981233,0.0017057969816960394,0.01637488597771153,3.65009145145,0.496980127415,0.028540137622,0.12557591962378134,0.050717616673470724,0.08953786868144156
118,1,hybrid_30mm,randomized,distant,False,True,,0.08328664395958185,0.08589993795612827,0.10401390795595944,0.08328664395958185,2,1,0,2,1,0,2,1,0,0,4.999e-05,0.005227474,5.083e-06,0.005170784,1.9072e-05,0.004193666973151267,0.007989753037691116,0.0008496750378981233,0.0017057969816960394,0.01637488597771153,5.74249153312,0.423236862531,0.0169469856369,0.12321531502576202,0.05389883335639759,0.11782653278147577
118,2,reference_ik,randomized,distant,False,True,,0.12604085000930354,0.12916655995650217,0.14728052995633334,0.12604085000930354,0,0,0,0,0,0,0,0,0,0,0,0,0,0,0,0.004193666973151267,0.007989753037691116,0.0008496750378981233,0.0017057969816960394,0.01637488597771153,4.58771461892,0.695504441397,0.0427792569375,0.12703714259204088,0.0019969214959261804,0.03554356531540494
118,2,hybrid_30mm,randomized,distant,False,True,,0.07102894398849458,0.0741571569815278,0.09227112698135898,0.07102894398849458,2,1,0,2,1,0,2,2,0,1,1.321e-05,0.001085758,1.919e-06,0.001010791,5.255e-05,0.004193666973151267,0.007989753037691116,0.0008496750378981233,0.0017057969816960394,0.01637488597771153,8.98865881421,0.4097923768,0.0415673420388,0.12703714259204088,0.05017753133675313,0.10493893813545804
118,2,gmr_30mm,randomized,distant,False,True,,0.07839090301422402,0.0809734599897638,0.09908742998959497,0.07839090301422402,3,2,0,3,2,0,3,3,0,1,1.783e-05,0.004060082,3.754e-06,0.003924437,8.3367e-05,0.004193666973151267,0.007989753037691116,0.0008496750378981233,0.0017057969816960394,0.01637488597771153,11.5085362574,0.710647723383,0.0427792569375,0.12703714259204088,0.07929610444848328,0.13999414480931252
118,2,gmm,randomized,distant,False,True,,0.1138491599704139,0.11654520803131163,0.1346591780311428,0.1138491599704139,3,2,3,0,0,0,3,3,0,1,1.5111e-05,0.004051692,6.634e-06,0.003487201,0.00034551,0.004193666973151267,0.007989753037691116,0.0008496750378981233,0.0017057969816960394,0.01637488597771153,12.3099241149,0.892806298347,0.00927172912169,0.12501127919893226,0.06589034930604339,0.11486376634472839
118,3,gmr_30mm,randomized,distant,False,True,,0.12822135299211368,0.13109594699926674,0.1492099169990979,0.12822135299211368,3,2,0,3,2,0,3,3,0,1,4.9804e-05,0.007769013,3.369e-05,0.007471159,0.000177406,0.004193666973151267,0.007989753037691116,0.0008496750378981233,0.0017057969816960394,0.01637488597771153,12.0326457614,0.800871141508,0.0427792569375,0.12703714259204088,0.031956356078268765,0.07767429848309408
118,3,reference_ik,randomized,distant,False,True,,0.1273898559738882,0.13040176196955144,0.14851573196938261,0.1273898559738882,0,0,0,0,0,0,0,0,0,0,0,0,0,0,0,0.004193666973151267,0.007989753037691116,0.0008496750378981233,0.0017057969816960394,0.01637488597771153,4.58771461892,0.695504441397,0.0427792569375,0.12703714259204088,0.0019969214959261804,0.03554356531540494
118,3,gmm,randomized,distant,False,True,,0.1375809260061942,0.1400680469814688,0.15818201698129997,0.1375809260061942,4,1,4,0,0,0,4,3,0,2,5.277e-05,0.012290463,5.528e-06,0.012142666,4.8753e-05,0.004193666973151267,0.007989753037691116,0.0008496750378981233,0.0017057969816960394,0.01637488597771153,11.8457596287,0.810557331841,0.0265007752822,0.12703714259204088,0.06786535266814457,0.20581107072745242
118,3,hybrid_30mm,randomized,distant,False,True,,0.11455116199795157,0.11679459403967485,0.13490856403950602,0.11455116199795157,1,1,1,0,0,0,1,1,0,0,1.6815e-05,0.002091447,1.314e-06,0.002034887,2.7439e-05,0.004193666973151267,0.007989753037691116,0.0008496750378981233,0.0017057969816960394,0.01637488597771153,13.8439063216,1.52493935259,0.0427792569375,0.12703714259204088,0.1019957758766486,0.16966514001829464
118,4,reference_ik,randomized,distant,False,True,,0.12726399599341676,0.13015548198018223,0.1482694519800134,0.12726399599341676,0,0,0,0,0,0,0,0,0,0,0,0,0,0,0,0.004193666973151267,0.007989753037691116,0.0008496750378981233,0.0017057969816960394,0.01637488597771153,4.58771461892,0.695504441397,0.0427792569375,0.12703714259204088,0.0019969214959261804,0.03554356531540494
118,4,hybrid_30mm,randomized,distant,False,True,,0.1455882220179774,0.14865038299467415,0.16676435299450532,0.1455882220179774,1,1,1,0,0,0,1,1,0,0,5.2828e-05,0.003480945,3.793e-06,0.003406274,1.6967e-05,0.004193666973151267,0.007989753037691116,0.0008496750378981233,0.0017057969816960394,0.01637488597771153,13.8712738158,1.05719995681,0.0352564611983,0.12703714259204088,0.05132126996192644,0.09027863859164263
118,4,gmm,randomized,distant,False,True,,0.1656272949767299,0.16834516695234925,0.18645913695218042,0.1656272949767299,1,1,1,0,0,0,1,1,0,0,3.2184e-05,0.003203438,2.456e-06,0.003099372,4.5897e-05,0.004193666973151267,0.007989753037691116,0.0008496750378981233,0.0017057969816960394,0.01637488597771153,12.3298635897,0.846925738609,0.0416958106,0.12703714259204088,0.1065356533875497,0.1477899257811673
118,4,gmr_30mm,randomized,distant,False,True,,0.11981396697228774,0.12233848904725164,0.1404524590470828,0.11981396697228774,2,1,0,2,1,0,2,1,0,0,4.6686e-05,0.005325935,4.328e-06,0.005268994,1.8086e-05,0.004193666973151267,0.007989753037691116,0.0008496750378981233,0.0017057969816960394,0.01637488597771153,3.28918379904,0.292750351314,0.0226039652767,0.1247511978123587,0.06366196860560057,0.1239132658502824
47,0,hybrid_30mm,randomized,offset,False,True,,0.08906865899916738,0.09128159598913044,0.10932421800680459,0.08906865899916738,2,1,0,2,1,0,2,1,0,0,3.3797e-05,0.021196393,4.468e-06,0.021137402,1.8153e-05,0.004373126022983342,0.008004366944078356,0.0008555089589208364,0.0017249209922738373,0.016567302052862942,5.09303987221,0.57085538957,0.012278219613,0.09742474875000909,0.03955333101062747,0.09170083177455353
47,0,gmr_30mm,randomized,offset,False,True,,0.017765831027645618,0.020138652995228767,0.038181275012902915,0.017765831027645618,1,1,0,1,1,0,1,1,0,0,1.0766e-05,0.000418983,1.459e-06,0.000388441,1.9765e-05,0.004373126022983342,0.008004366944078356,0.0008555089589208364,0.0017249209922738373,0.016567302052862942,3.98559652689,0.502198740475,0.0126083485027,0.09718421265397872,0.05314216140329823,0.09866709551528734
47,0,gmm,randomized,offset,False,True,,0.1528565979679115,0.15536800801055506,0.1734106300282292,0.1528565979679115,8,1,8,0,0,0,8,4,0,3,4.8084e-05,0.039416017,6.952e-06,0.039159297,0.000120492,0.004373126022983342,0.008004366944078356,0.0008555089589208364,0.0017249209922738373,0.016567302052862942,13.0477244674,0.966307910123,0.00578732450369,0.09708104495962924,0.10860146759824028,0.20291054104435205
47,0,reference_ik,randomized,offset,False,True,,0.13861239899415523,0.14168857398908585,0.15973119600676,0.13861239899415523,0,0,0,0,0,0,0,0,0,0,0,0,0,0,0,0.004373126022983342,0.008004366944078356,0.0008555089589208364,0.0017249209922738373,0.016567302052862942,5.77056204733,0.751862140361,0.0121494449292,0.09721924982417982,0.007913042123352448,0.09095011025741502
47,1,hybrid_30mm,randomized,offset,False,True,,0.21336291200714186,0.216161131975241,0.23420375399291515,0.21336291200714186,1,1,0,1,1,0,1,1,0,0,4.6302e-05,0.003302503,5.242e-06,0.003046077,0.000180727,0.004373126022983342,0.008004366944078356,0.0008555089589208364,0.0017249209922738373,0.016567302052862942,13.2009004029,0.96328459673,0.0114998225339,0.08645954513017344,0.12067473451130795,0.18910420631123992
47,1,reference_ik,randomized,offset,False,True,,0.13437538902508095,0.13701389700872824,0.15505651902640238,0.13437538902508095,0,0,0,0,0,0,0,0,0,0,0,0,0,0,0,0.004373126022983342,0.008004366944078356,0.0008555089589208364,0.0017249209922738373,0.016567302052862942,5.77056204733,0.751862140361,0.0121494449292,0.09721924982417982,0.007913042123352448,0.09095011025741502
47,1,gmr_30mm,randomized,offset,False,True,,0.1540599080035463,0.1563282839488238,0.17437090596649796,0.1540599080035463,3,2,0,3,2,0,3,3,0,1,2.6833e-05,0.007195091,4.505e-06,0.006835477,0.000293103,0.004373126022983342,0.008004366944078356,0.0008555089589208364,0.0017249209922738373,0.016567302052862942,12.7867346073,0.880861434398,0.0118845940204,0.08712278334706577,0.08492514357378993,0.15157044829761895
47,1,gmm,randomized,offset,False,True,,0.15197654999792576,0.15456689399434254,0.17260951601201668,0.15197654999792576,6,3,6,0,0,0,6,5,0,2,2.771e-05,0.009919954,3.819e-06,0.009706012,0.000123188,0.004373126022983342,0.008004366944078356,0.0008555089589208364,0.0017249209922738373,0.016567302052862942,16.7500543507,1.55166412038,0.0116887489138,0.08227508652826115,0.12020305743136697,0.3076978561362527
47,2,gmm,randomized,offset,False,True,,0.14625223202165216,0.14876256400020793,0.16680518601788208,0.14625223202165216,1,1,1,0,0,0,1,1,0,0,4.7022e-05,0.001350423,3.849e-06,0.00118629,7.5669e-05,0.004373126022983342,0.008004366944078356,0.0008555089589208364,0.0017249209922738373,0.016567302052862942,8.41863890542,0.706948052208,0.0118485343893,0.0972568700554314,0.04145460811299502,0.09133420763368225
47,2,reference_ik,randomized,offset,False,True,,0.14200628199614584,0.1445044350111857,0.16254705702885985,0.14200628199614584,0,0,0,0,0,0,0,0,0,0,0,0,0,0,0,0.004373126022983342,0.008004366944078356,0.0008555089589208364,0.0017249209922738373,0.016567302052862942,5.77056204733,0.751862140361,0.0121494449292,0.09721924982417982,0.007913042123352448,0.09095011025741502
47,2,gmr_30mm,randomized,offset,False,True,,0.09317432600073516,0.09543283196398988,0.11347545398166403,0.09317432600073516,1,1,0,1,1,0,1,1,0,0,5.0772e-05,0.00112045,4.284e-06,0.000995583,7.3475e-05,0.004373126022983342,0.008004366944078356,0.0008555089589208364,0.0017249209922738373,0.016567302052862942,8.39110578629,0.652533126039,0.0117973229972,0.09725496722041949,0.04479242086715221,0.0911046003723812
47,2,hybrid_30mm,randomized,offset,False,True,,0.11452719301450998,0.11701046000234783,0.13505308202002198,0.11452719301450998,1,1,0,1,1,0,1,1,0,0,4.608e-05,0.00111697,4.289e-06,0.000994457,7.2995e-05,0.004373126022983342,0.008004366944078356,0.0008555089589208364,0.0017249209922738373,0.016567302052862942,8.2770243036,0.661680174622,0.0115699260968,0.09733158989275797,0.039370928202046816,0.09169017907444649
47,3,hybrid_30mm,randomized,offset,False,True,,0.1813918289844878,0.18410372198559344,0.2021463440032676,0.1813918289844878,2,1,0,2,1,0,2,1,0,0,4.8811e-05,0.01696394,5.429e-06,0.016908155,1.3562e-05,0.004373126022983342,0.008004366944078356,0.0008555089589208364,0.0017249209922738373,0.016567302052862942,11.9837719257,0.653185303875,0.0128062646263,0.0953678767266678,0.07075900230021723,0.12570807726331168
47,3,gmr_30mm,randomized,offset,False,True,,0.0874186769942753,0.08969784597866237,0.10774046799633652,0.0874186769942753,1,1,0,1,1,0,1,1,0,0,5.1446e-05,0.005341305,4.327e-06,0.005214817,7.4537e-05,0.004373126022983342,0.008004366944078356,0.0008555089589208364,0.0017249209922738373,0.016567302052862942,7.42084989004,0.589721409252,0.0125215945686,0.09732398256159899,0.06430118710390126,0.09809126205335045
47,3,gmm,randomized,offset,False,True,,0.12035327299963683,0.12305192899657413,0.14109455101424828,0.12035327299963683,2,1,2,0,0,0,2,1,0,0,4.9694e-05,0.005856194,3.635e-06,0.00578346,1.3892e-05,0.004373126022983342,0.008004366944078356,0.0008555089589208364,0.0017249209922738373,0.016567302052862942,5.62262583377,0.673567565184,0.0127105091244,0.08945303613543287,0.12549319930734976,0.231660570059217
47,3,reference_ik,randomized,offset,False,True,,0.1361172689939849,0.13842650997685269,0.15646913199452683,0.1361172689939849,0,0,0,0,0,0,0,0,0,0,0,0,0,0,0,0.004373126022983342,0.008004366944078356,0.0008555089589208364,0.0017249209922738373,0.016567302052862942,5.77056204733,0.751862140361,0.0121494449292,0.09721924982417982,0.007913042123352448,0.09095011025741502
47,4,reference_ik,randomized,offset,False,True,,0.13457663997542113,0.13744918699376285,0.155491809011437,0.13457663997542113,0,0,0,0,0,0,0,0,0,0,0,0,0,0,0,0.004373126022983342,0.008004366944078356,0.0008555089589208364,0.0017249209922738373,0.016567302052862942,5.77056204733,0.751862140361,0.0121494449292,0.09721924982417982,0.007913042123352448,0.09095011025741502
47,4,gmm,randomized,offset,False,True,,0.12443901901133358,0.12711826094891876,0.1451608829665929,0.12443901901133358,3,2,3,0,0,0,3,2,0,0,2.5486e-05,0.012154397,3.267e-06,0.012035429,6.2422e-05,0.004373126022983342,0.008004366944078356,0.0008555089589208364,0.0017249209922738373,0.016567302052862942,13.1931756815,1.07129144925,0.0039147989293,0.0844237147210974,0.09817871042104591,0.17182496984202944
47,4,gmr_30mm,randomized,offset,False,True,,0.12105544999940321,0.12390130996936932,0.14194393198704347,0.12105544999940321,1,1,0,1,1,0,1,1,0,0,2.7231e-05,0.001374824,3.376e-06,0.001256745,7.622e-05,0.004373126022983342,0.008004366944078356,0.0008555089589208364,0.0017249209922738373,0.016567302052862942,12.0238435975,0.865986837534,0.00478573181514,0.09728830411758013,0.0936340747862114,0.1781838313631936
47,4,hybrid_30mm,randomized,offset,False,True,,0.10587506700539961,0.10855410201475024,0.1265967240324244,0.10587506700539961,5,3,1,4,3,0,5,4,0,1,6.46e-06,0.0089167,3.904e-06,0.008768265,8.8595e-05,0.004373126022983342,0.008004366944078356,0.0008555089589208364,0.0017249209922738373,0.016567302052862942,6.13097234225,0.622689415549,0.012490621272,0.09107126346418451,0.04948484880751546,0.09094023833095045
16,0,reference_ik,randomized,central,False,False,endpoint_ik,0.0,0.0,0.019309739000163972,6.0,,,,,,,,,,,,,,,,0.004906328045763075,0.00811593298567459,0.0009136240114457905,0.0017120219999924302,0.017320951039437205,,,,,,
16,0,hybrid_30mm,randomized,central,False,False,endpoint_ik,0.0,0.0,0.019309739000163972,6.0,,,,,,,,,,,,,,,,0.004906328045763075,0.00811593298567459,0.0009136240114457905,0.0017120219999924302,0.017320951039437205,,,,,,
16,0,gmr_30mm,randomized,central,False,False,endpoint_ik,0.0,0.0,0.019309739000163972,6.0,,,,,,,,,,,,,,,,0.004906328045763075,0.00811593298567459,0.0009136240114457905,0.0017120219999924302,0.017320951039437205,,,,,,
16,0,gmm,randomized,central,False,False,endpoint_ik,0.0,0.0,0.019309739000163972,6.0,,,,,,,,,,,,,,,,0.004906328045763075,0.00811593298567459,0.0009136240114457905,0.0017120219999924302,0.017320951039437205,,,,,,
16,1,hybrid_30mm,randomized,central,False,False,endpoint_ik,0.0,0.0,0.019309739000163972,6.0,,,,,,,,,,,,,,,,0.004906328045763075,0.00811593298567459,0.0009136240114457905,0.0017120219999924302,0.017320951039437205,,,,,,
16,1,gmm,randomized,central,False,False,endpoint_ik,0.0,0.0,0.019309739000163972,6.0,,,,,,,,,,,,,,,,0.004906328045763075,0.00811593298567459,0.0009136240114457905,0.0017120219999924302,0.017320951039437205,,,,,,
16,1,reference_ik,randomized,central,False,False,endpoint_ik,0.0,0.0,0.019309739000163972,6.0,,,,,,,,,,,,,,,,0.004906328045763075,0.00811593298567459,0.0009136240114457905,0.0017120219999924302,0.017320951039437205,,,,,,
16,1,gmr_30mm,randomized,central,False,False,endpoint_ik,0.0,0.0,0.019309739000163972,6.0,,,,,,,,,,,,,,,,0.004906328045763075,0.00811593298567459,0.0009136240114457905,0.0017120219999924302,0.017320951039437205,,,,,,
16,2,reference_ik,randomized,central,False,False,endpoint_ik,0.0,0.0,0.019309739000163972,6.0,,,,,,,,,,,,,,,,0.004906328045763075,0.00811593298567459,0.0009136240114457905,0.0017120219999924302,0.017320951039437205,,,,,,
16,2,hybrid_30mm,randomized,central,False,False,endpoint_ik,0.0,0.0,0.019309739000163972,6.0,,,,,,,,,,,,,,,,0.004906328045763075,0.00811593298567459,0.0009136240114457905,0.0017120219999924302,0.017320951039437205,,,,,,
16,2,gmr_30mm,randomized,central,False,False,endpoint_ik,0.0,0.0,0.019309739000163972,6.0,,,,,,,,,,,,,,,,0.004906328045763075,0.00811593298567459,0.0009136240114457905,0.0017120219999924302,0.017320951039437205,,,,,,
16,2,gmm,randomized,central,False,False,endpoint_ik,0.0,0.0,0.019309739000163972,6.0,,,,,,,,,,,,,,,,0.004906328045763075,0.00811593298567459,0.0009136240114457905,0.0017120219999924302,0.017320951039437205,,,,,,
16,3,gmm,randomized,central,False,False,endpoint_ik,0.0,0.0,0.019309739000163972,6.0,,,,,,,,,,,,,,,,0.004906328045763075,0.00811593298567459,0.0009136240114457905,0.0017120219999924302,0.017320951039437205,,,,,,
16,3,hybrid_30mm,randomized,central,False,False,endpoint_ik,0.0,0.0,0.019309739000163972,6.0,,,,,,,,,,,,,,,,0.004906328045763075,0.00811593298567459,0.0009136240114457905,0.0017120219999924302,0.017320951039437205,,,,,,
16,3,gmr_30mm,randomized,central,False,False,endpoint_ik,0.0,0.0,0.019309739000163972,6.0,,,,,,,,,,,,,,,,0.004906328045763075,0.00811593298567459,0.0009136240114457905,0.0017120219999924302,0.017320951039437205,,,,,,
16,3,reference_ik,randomized,central,False,False,endpoint_ik,0.0,0.0,0.019309739000163972,6.0,,,,,,,,,,,,,,,,0.004906328045763075,0.00811593298567459,0.0009136240114457905,0.0017120219999924302,0.017320951039437205,,,,,,
16,4,gmr_30mm,randomized,central,False,False,endpoint_ik,0.0,0.0,0.019309739000163972,6.0,,,,,,,,,,,,,,,,0.004906328045763075,0.00811593298567459,0.0009136240114457905,0.0017120219999924302,0.017320951039437205,,,,,,
16,4,hybrid_30mm,randomized,central,False,False,endpoint_ik,0.0,0.0,0.019309739000163972,6.0,,,,,,,,,,,,,,,,0.004906328045763075,0.00811593298567459,0.0009136240114457905,0.0017120219999924302,0.017320951039437205,,,,,,
16,4,gmm,randomized,central,False,False,endpoint_ik,0.0,0.0,0.019309739000163972,6.0,,,,,,,,,,,,,,,,0.004906328045763075,0.00811593298567459,0.0009136240114457905,0.0017120219999924302,0.017320951039437205,,,,,,
16,4,reference_ik,randomized,central,False,False,endpoint_ik,0.0,0.0,0.019309739000163972,6.0,,,,,,,,,,,,,,,,0.004906328045763075,0.00811593298567459,0.0009136240114457905,0.0017120219999924302,0.017320951039437205,,,,,,
19,0,gmm,randomized,central,False,True,,0.09219034796115011,0.09448559395968914,0.11230119894025847,0.09219034796115011,6,2,6,0,0,0,6,4,0,2,2.5061e-05,0.026216933,3.397e-06,0.026045025,7.8589e-05,0.004289844015147537,0.00795679702423513,0.0008213960099965334,0.0017101720441132784,0.01637203199788928,7.41184847603,0.568751257541,0.00872272035888,0.11233059517032762,0.04601754849606973,0.09110699497882872
19,0,gmr_30mm,randomized,central,False,True,,0.10968715400667861,0.11226446804357693,0.13008007302414626,0.10968715400667861,1,1,0,1,1,0,1,1,0,0,4.6649e-05,0.005311807,4.093e-06,0.0052609,1.6159e-05,0.004289844015147537,0.00795679702423513,0.0008213960099965334,0.0017101720441132784,0.01637203199788928,5.44266512835,0.536385618731,0.00809496434057,0.10231161433816613,0.023912222058872973,0.03747666525882267
19,0,reference_ik,randomized,central,False,True,,0.12781944504240528,0.1304787410190329,0.14829434599960223,0.12781944504240528,0,0,0,0,0,0,0,0,0,0,0,0,0,0,0,0.004289844015147537,0.00795679702423513,0.0008213960099965334,0.0017101720441132784,0.01637203199788928,4.51929413771,0.692236204182,0.00844663162444,0.11624317284352112,0.002178401643535495,0.036928414159653845
19,0,hybrid_30mm,randomized,central,False,True,,0.09841163002420217,0.10092785698361695,0.11874346196418628,0.09841163002420217,4,3,0,4,3,0,4,4,0,1,3.4997e-05,0.007392637,4.11e-06,0.007254715,8.4399e-05,0.004289844015147537,0.00795679702423513,0.0008213960099965334,0.0017101720441132784,0.01637203199788928,8.18926226448,0.566158311091,0.00888889325406,0.07670737616811071,0.037296867263413365,0.09300595318779416
19,1,hybrid_30mm,randomized,central,False,True,,0.12882676301524043,0.1312628099694848,0.14907841495005414,0.12882676301524043,1,1,1,0,0,0,1,1,0,0,2.7635e-05,0.004137548,2.139e-06,0.004036441,4.3622e-05,0.004289844015147537,0.00795679702423513,0.0008213960099965334,0.0017101720441132784,0.01637203199788928,5.7192400245,0.617773642354,0.00818438462875,0.10522284284955205,0.03788916288157939,0.09327800818780944
19,1,reference_ik,randomized,central,False,True,,0.1255933860084042,0.12819208099972457,0.1460076859802939,0.1255933860084042,0,0,0,0,0,0,0,0,0,0,0,0,0,0,0,0.004289844015147537,0.00795679702423513,0.0008213960099965334,0.0017101720441132784,0.01637203199788928,4.51929413771,0.692236204182,0.00844663162444,0.11624317284352112,0.002178401643535495,0.036928414159653845
19,1,gmm,randomized,central,False,True,,0.09865017398260534,0.10159797500818968,0.11941357998875901,0.09865017398260534,2,1,2,0,0,0,2,1,0,0,4.636e-05,0.007734069,5.135e-06,0.007615139,1.4127e-05,0.004289844015147537,0.00795679702423513,0.0008213960099965334,0.0017101720441132784,0.01637203199788928,8.26778849328,0.683090096571,0.00898153164768,0.08162595965992026,0.09743323776080091,0.14605547537392471
19,1,gmr_30mm,randomized,central,False,True,,0.11936658603372052,0.1220396920107305,0.13985529699129984,0.11936658603372052,15,11,0,15,11,0,15,15,0,4,1.0113e-05,0.023882304,6.032e-06,0.0234424,0.000324204,0.004289844015147537,0.00795679702423513,0.0008213960099965334,0.0017101720441132784,0.01637203199788928,14.0608404269,1.4621957614,0.00864850078368,0.08698625765053851,0.07747424742562835,0.14011964339704303
19,2,reference_ik,randomized,central,False,True,,0.1293969990219921,0.13256650703260675,0.15038211201317608,0.1293969990219921,0,0,0,0,0,0,0,0,0,0,0,0,0,0,0,0.004289844015147537,0.00795679702423513,0.0008213960099965334,0.0017101720441132784,0.01637203199788928,4.51929413771,0.692236204182,0.00844663162444,0.11624317284352112,0.002178401643535495,0.036928414159653845
19,2,hybrid_30mm,randomized,central,False,True,,0.15081536199431866,0.15390458703041077,0.1717201920109801,0.15081536199431866,8,4,2,6,3,0,8,7,0,3,1.5757e-05,0.016141968,7.894e-06,0.01549066,0.000344419,0.004289844015147537,0.00795679702423513,0.0008213960099965334,0.0017101720441132784,0.01637203199788928,15.6410291297,1.18708362634,0.00827365014789,0.12065346202061186,0.13009859140121738,0.23934469378360432
19,2,gmr_30mm,randomized,central,False,True,,0.1534781859954819,0.1564452619641088,0.17426086694467813,0.1534781859954819,4,3,0,4,3,0,4,4,0,1,4.8786e-05,0.006289571,6.44e-06,0.005991556,0.000189974,0.004289844015147537,0.00795679702423513,0.0008213960099965334,0.0017101720441132784,0.01637203199788928,8.77511065764,0.591284713793,0.0083166265946,0.09077349937934334,0.03940603000235761,0.06552607069286251
19,2,gmm,randomized,central,False,True,,0.14561066002352163,0.14864369004499167,0.166459295025561,0.14561066002352163,1,1,1,0,0,0,1,1,0,0,3.4337e-05,0.001919777,2.719e-06,0.001787709,7.2929e-05,0.004289844015147537,0.00795679702423513,0.0008213960099965334,0.0017101720441132784,0.01637203199788928,13.5018856843,1.08809257378,0.00754572882808,0.1007489866033087,0.04411363479039777,0.07687161553161707
19,3,reference_ik,randomized,central,False,True,,0.12751420499989763,0.13049207103904337,0.1483076760196127,0.12751420499989763,0,0,0,0,0,0,0,0,0,0,0,0,0,0,0,0.004289844015147537,0.00795679702423513,0.0008213960099965334,0.0017101720441132784,0.01637203199788928,4.51929413771,0.692236204182,0.00844663162444,0.11624317284352112,0.002178401643535495,0.036928414159653845
19,3,gmm,randomized,central,False,True,,0.12151960999472067,0.12404639803571627,0.1418620030162856,0.12151960999472067,4,3,4,0,0,0,4,4,0,1,5.0481e-05,0.005603032,6.214e-06,0.005220191,0.000204929,0.004289844015147537,0.00795679702423513,0.0008213960099965334,0.0017101720441132784,0.01637203199788928,14.0548968004,1.23937266413,0.0088464389028,0.08337109547411728,0.10768508868838296,0.15366057774798475
19,3,gmr_30mm,randomized,central,False,True,,0.09430075902491808,0.09718889102805406,0.11500449600862339,0.09430075902491808,4,3,0,4,3,0,4,4,0,1,4.9923e-05,0.005944716,7.474e-06,0.005598427,0.000231169,0.004289844015147537,0.00795679702423513,0.0008213960099965334,0.0017101720441132784,0.01637203199788928,3.96869067883,0.525273899777,0.00886804335488,0.08952306474669969,0.019742444879374283,0.049599749526629607
19,3,hybrid_30mm,randomized,central,False,True,,0.05195600999286398,0.05443710903637111,0.07225271401694044,0.05195600999286398,2,2,1,1,1,0,2,2,0,0,1.0703e-05,0.001251088,2.232e-06,0.001115156,0.000101567,0.004289844015147537,0.00795679702423513,0.0008213960099965334,0.0017101720441132784,0.01637203199788928,8.62919070011,0.568082380821,0.00793219111633,0.11465952402330822,0.03828919645556958,0.07853528708526603
19,4,gmr_30mm,randomized,central,False,True,,0.11890608601970598,0.12177019199589267,0.139585796976462,0.11890608601970598,7,6,0,7,6,0,7,7,0,1,2.6543e-05,0.013995807,5.313e-06,0.013783174,0.000139631,0.004289844015147537,0.00795679702423513,0.0008213960099965334,0.0017101720441132784,0.01637203199788928,12.7569035741,1.16371054101,0.00838524131527,0.08866724193823282,0.0990264379182028,0.13219193175796937
19,4,reference_ik,randomized,central,False,True,,0.1256692530005239,0.12848744698567316,0.1463030519662425,0.1256692530005239,0,0,0,0,0,0,0,0,0,0,0,0,0,0,0,0.004289844015147537,0.00795679702423513,0.0008213960099965334,0.0017101720441132784,0.01637203199788928,4.51929413771,0.692236204182,0.00844663162444,0.11624317284352112,0.002178401643535495,0.036928414159653845
19,4,gmm,randomized,central,False,True,,0.11136619199533015,0.11409159499453381,0.13190719997510314,0.11136619199533015,1,1,1,0,0,0,1,1,0,0,1.3418e-05,0.000614565,1.02e-06,0.0005692,2.2797e-05,0.004289844015147537,0.00795679702423513,0.0008213960099965334,0.0017101720441132784,0.01637203199788928,13.8338445125,0.989390725215,0.00857345414215,0.12042746927189854,0.06570353773309588,0.15061627238081765
19,4,hybrid_30mm,randomized,central,False,True,,0.10852593299932778,0.11142721399664879,0.12924281897721812,0.10852593299932778,7,4,3,4,3,0,7,6,0,2,3.4784e-05,0.016105785,7.718e-06,0.01560763,0.000311619,0.004289844015147537,0.00795679702423513,0.0008213960099965334,0.0017101720441132784,0.01637203199788928,4.4519704642,0.658366428523,0.00870034612019,0.10150291187348565,0.048467229221526076,0.12763949363297958
122,0,hybrid_30mm,randomized,distant,False,True,,0.16929820697987452,0.17216914298478514,0.19024606194579974,0.16929820697987452,12,7,3,9,6,0,12,9,0,2,5.0136e-05,0.028247887,1.0301e-05,0.027685019,0.000394962,0.0043973400024697185,0.007994265004526824,0.0008615810074843466,0.0017353469738736749,0.01659332000417635,8.93984801893,0.784887626934,0.0356246361881,0.14907634156483726,0.08767835087758218,0.23939985982674883
122,0,reference_ik,randomized,distant,False,False,reference_ik,0.06071594898821786,0.06300831399857998,0.08108523295959458,6.0,0,0,0,0,0,0,0,0,0,0,0,0,0,0,0,0.0043973400024697185,0.007994265004526824,0.0008615810074843466,0.0017353469738736749,0.01659332000417635,,,,,,
122,0,gmr_30mm,randomized,distant,False,True,,0.1319136520032771,0.1346672049839981,0.1527441239450127,0.1319136520032771,5,2,0,5,2,0,5,5,0,3,3.6748e-05,0.007276853,4.951e-06,0.007063082,0.000147153,0.0043973400024697185,0.007994265004526824,0.0008615810074843466,0.0017353469738736749,0.01659332000417635,13.0141255021,1.08812570242,0.108774823284,0.1491255700035035,0.1749848161961228,0.2799818646041727
122,0,gmm,randomized,distant,False,True,,0.14219935197615996,0.14462837897008285,0.16270529793109745,0.14219935197615996,2,1,2,0,0,0,2,2,0,1,4.9871e-05,0.006860375,5.199e-06,0.006521343,0.000242455,0.0043973400024697185,0.007994265004526824,0.0008615810074843466,0.0017353469738736749,0.01659332000417635,12.5443377958,1.32748775288,0.0700757300354,0.1491255700035035,0.15321281461287017,0.2638917598783123
122,1,hybrid_30mm,randomized,distant,False,True,,0.11382513697026297,0.11643544101389125,0.13451235997490585,0.11382513697026297,3,2,1,2,2,0,3,3,0,1,4.0029e-05,0.00544402,5.036e-06,0.005167782,0.000179507,0.0043973400024697185,0.007994265004526824,0.0008615810074843466,0.0017353469738736749,0.01659332000417635,5.31490822735,0.649932272483,0.017476326261,0.1383095675722645,0.06472790120379356,0.11671343266523017
122,1,reference_ik,randomized,distant,False,False,reference_ik,0.060356979025527835,0.06290357594843954,0.08098049490945414,6.0,0,0,0,0,0,0,0,0,0,0,0,0,0,0,0,0.0043973400024697185,0.007994265004526824,0.0008615810074843466,0.0017353469738736749,0.01659332000417635,,,,,,
122,1,gmr_30mm,randomized,distant,False,True,,0.11626497498946264,0.11876964499242604,0.13684656395344064,0.11626497498946264,1,1,0,1,1,0,1,1,0,0,1.0758e-05,0.000691971,1.689e-06,0.000638269,3.5715e-05,0.0043973400024697185,0.007994265004526824,0.0008615810074843466,0.0017353469738736749,0.01659332000417635,13.7947937229,1.31299677425,0.102706323239,0.1491255700035035,0.19826218650876182,0.2731667400889545
122,1,gmm,randomized,distant,False,True,,0.15778668998973444,0.160685044946149,0.1787619639071636,0.15778668998973444,12,8,12,0,0,0,12,9,0,1,5.335e-05,0.038083211,7.82e-06,0.037627401,0.000220787,0.0043973400024697185,0.007994265004526824,0.0008615810074843466,0.0017353469738736749,0.01659332000417635,12.0889793716,0.826007450614,0.0753134428682,0.1491255700035035,0.11949288863549032,0.16762145443335014
122,2,gmr_30mm,randomized,distant,False,True,,0.10334206995321438,0.10596502100815997,0.12404193996917456,0.10334206995321438,2,2,0,2,2,0,2,2,0,0,3.6589e-05,0.006142693,7.942e-06,0.00576699,0.000240626,0.0043973400024697185,0.007994265004526824,0.0008615810074843466,0.0017353469738736749,0.01659332000417635,7.13788496248,0.691317208405,0.00213907805285,0.12668332635975832,0.04607314080952383,0.11397409206466637
122,2,gmm,randomized,distant,False,True,,0.11623695696471259,0.11895711201941594,0.13703403098043054,0.11623695696471259,1,1,1,0,0,0,1,1,0,0,2.9779e-05,0.001028295,2.313e-06,0.000926349,4.5007e-05,0.0043973400024697185,0.007994265004526824,0.0008615810074843466,0.0017353469738736749,0.01659332000417635,6.89437390338,0.85816242362,0.00311354341462,0.10943707920689005,0.059241833142269405,0.11365666685429195
122,2,hybrid_30mm,randomized,distant,False,True,,0.1362308879615739,0.1393663510098122,0.1574432699708268,0.1362308879615739,9,3,1,8,3,0,9,7,0,4,2.6687e-05,0.019589322,6.366e-06,0.019323887,0.000169701,0.0043973400024697185,0.007994265004526824,0.0008615810074843466,0.0017353469738736749,0.01659332000417635,11.7857131013,1.00960576851,0.0759198438867,0.1491255700035035,0.1293923307244328,0.21581971254059393
122,2,reference_ik,randomized,distant,False,False,reference_ik,0.060779322986491024,0.06376816396368667,0.08184508292470127,6.0,0,0,0,0,0,0,0,0,0,0,0,0,0,0,0,0.0043973400024697185,0.007994265004526824,0.0008615810074843466,0.0017353469738736749,0.01659332000417635,,,,,,
122,3,hybrid_30mm,randomized,distant,False,True,,0.03904768900247291,0.0414213269832544,0.059498245944269,0.03904768900247291,1,1,0,1,1,0,1,1,0,0,1.1202e-05,0.000561773,1.078e-06,0.000532928,1.7044e-05,0.0043973400024697185,0.007994265004526824,0.0008615810074843466,0.0017353469738736749,0.01659332000417635,6.37216204058,0.724407636983,0.0312324765036,0.14139168578332167,0.06253470653386309,0.11395898324425606
122,3,gmm,randomized,distant,False,True,,0.09520989999873564,0.0984521490172483,0.1165290679782629,0.09520989999873564,3,2,3,0,0,0,3,2,0,0,4.684e-05,0.010945808,4.606e-06,0.010687564,0.000116006,0.0043973400024697185,0.007994265004526824,0.0008615810074843466,0.0017353469738736749,0.01659332000417635,7.0282293158,0.520444654359,0.0276151202494,0.11622198177195824,0.10434015498994824,0.1656211654667144
122,3,reference_ik,randomized,distant,False,False,reference_ik,0.060968340025283396,0.06346321100136265,0.08154012996237725,6.0,0,0,0,0,0,0,0,0,0,0,0,0,0,0,0,0.0043973400024697185,0.007994265004526824,0.0008615810074843466,0.0017353469738736749,0.01659332000417635,,,,,,
122,3,gmr_30mm,randomized,distant,False,True,,0.11838608799735084,0.1211897719767876,0.1392666909378022,0.11838608799735084,2,2,0,2,2,0,2,2,0,0,2.2602e-05,0.005402253,5.054e-06,0.00525945,8.6873e-05,0.0043973400024697185,0.007994265004526824,0.0008615810074843466,0.0017353469738736749,0.01659332000417635,13.0878444445,0.902396207975,0.0788923699203,0.1491255700035035,0.11985402188221218,0.19261898692504334
122,4,reference_ik,randomized,distant,False,False,reference_ik,0.06173895898973569,0.06409727601567283,0.08217419497668743,6.0,0,0,0,0,0,0,0,0,0,0,0,0,0,0,0,0.0043973400024697185,0.007994265004526824,0.0008615810074843466,0.0017353469738736749,0.01659332000417635,,,,,,
122,4,hybrid_30mm,randomized,distant,False,True,,0.1550024290336296,0.15705333999358118,0.17513025895459577,0.1550024290336296,4,3,0,4,3,0,4,4,0,1,4.7361e-05,0.010069646,7.703e-06,0.009777846,0.000175432,0.0043973400024697185,0.007994265004526824,0.0008615810074843466,0.0017353469738736749,0.01659332000417635,13.7976689412,1.02601660345,0.047012981939,0.1491255700035035,0.124016750052447,0.18623488415545092
122,4,gmm,randomized,distant,False,True,,0.16191371501190588,0.16453440999612212,0.18261132895713672,0.16191371501190588,3,2,3,0,0,0,3,3,0,1,4.9569e-05,0.0064035,5.059e-06,0.006185691,0.00011003,0.0043973400024697185,0.007994265004526824,0.0008615810074843466,0.0017353469738736749,0.01659332000417635,11.1171974234,0.7876548031,0.0576724813142,0.1491255700035035,0.1273212174041089,0.17396982094741423
122,4,gmr_30mm,randomized,distant,False,True,,0.0663422440411523,0.06942503398749977,0.08750195294851437,0.0663422440411523,4,3,0,4,3,0,4,4,0,1,1.6235e-05,0.007084443,3.658e-06,0.006898987,0.000121341,0.0043973400024697185,0.007994265004526824,0.0008615810074843466,0.0017353469738736749,0.01659332000417635,9.63430772055,0.844483170261,0.111313617052,0.14911439836543522,0.12676393266606165,0.3144767232830255
106,0,hybrid_30mm,randomized,distant,False,True,,0.08119968103710562,0.08408901502843946,0.1017929240479134,0.08119968103710562,3,2,0,3,2,0,3,2,0,0,3.2117e-05,0.006996167,7.467e-06,0.006817041,0.000120269,0.004217550973407924,0.007956154004205018,0.000813628954347223,0.0017426519771106541,0.016320148948580027,9.47577257383,0.657587577078,0.0141263340581,0.09161738591529164,0.0315345121012963,0.06262461087374002
106,0,reference_ik,randomized,distant,False,True,,0.14762169402092695,0.15046585502568632,0.16816976404516026,0.14762169402092695,0,0,0,0,0,0,0,0,0,0,0,0,0,0,0,0.004217550973407924,0.007956154004205018,0.000813628954347223,0.0017426519771106541,0.016320148948580027,5.55094499178,0.724977803983,0.0134591456708,0.09118847898505547,0.003939777288821235,0.04470039003928043
106,0,gmr_30mm,randomized,distant,False,True,,0.2080647970433347,0.21119226899463683,0.22889617801411077,0.2080647970433347,5,4,0,5,4,0,5,5,0,1,4.7808e-05,0.007015686,7.829e-06,0.006496361,0.000373798,0.004217550973407924,0.007956154004205018,0.000813628954347223,0.0017426519771106541,0.016320148948580027,13.2420725594,1.00303545751,0.0130555757378,0.09095297920976644,0.13966599420503764,0.23586932250113488
106,0,gmm,randomized,distant,False,True,,0.22409388201776892,0.22670186700997874,0.24440577602945268,0.22409388201776892,9,4,9,0,0,0,9,5,0,1,5.2626e-05,0.028413853,7.33e-06,0.027920215,0.000318951,0.004217550973407924,0.007956154004205018,0.000813628954347223,0.0017426519771106541,0.016320148948580027,13.9027076394,1.02142538565,0.00326666334654,0.050154710893256044,0.08592928252235628,0.19984685314924835
106,1,reference_ik,randomized,distant,False,True,,0.15887271496467292,0.16210068098735064,0.17980459000682458,0.15887271496467292,0,0,0,0,0,0,0,0,0,0,0,0,0,0,0,0.004217550973407924,0.007956154004205018,0.000813628954347223,0.0017426519771106541,0.016320148948580027,5.55094499178,0.724977803983,0.0134591456708,0.09118847898505547,0.003939777288821235,0.04470039003928043
106,1,gmm,randomized,distant,False,True,,0.15766866802005097,0.16041514702374116,0.1781190560432151,0.15766866802005097,5,2,5,0,0,0,5,5,0,3,1.0815e-05,0.004109309,2.98e-06,0.003955454,9.6775e-05,0.004217550973407924,0.007956154004205018,0.000813628954347223,0.0017426519771106541,0.016320148948580027,17.0448242903,1.47392820991,0.0131745762017,0.08677802944112238,0.07363784182243095,0.15258335481069396
106,1,hybrid_30mm,randomized,distant,False,True,,0.10123353998642415,0.10378065600525588,0.12148456502472982,0.10123353998642415,1,1,0,1,1,0,1,1,0,0,4.558e-05,0.004373465,4.07e-06,0.004251883,7.1461e-05,0.004217550973407924,0.007956154004205018,0.000813628954347223,0.0017426519771106541,0.016320148948580027,6.99718273306,0.544661862082,0.0131716126565,0.09072994735190638,0.04600436362601755,0.07305569003608205
106,1,gmr_30mm,randomized,distant,False,True,,0.12755249498877674,0.13042082503670827,0.1481247340561822,0.12755249498877674,3,1,0,3,1,0,3,2,0,1,4.6301e-05,0.007492369,7.696e-06,0.007197622,0.000207346,0.004217550973407924,0.007956154004205018,0.000813628954347223,0.0017426519771106541,0.016320148948580027,6.48938432187,0.489606300829,0.0138096792058,0.0917583745015831,0.059563651016133014,0.1114499262963908
106,2,gmr_30mm,randomized,distant,False,True,,0.07189656200353056,0.07492188602918759,0.09262579504866153,0.07189656200353056,1,1,0,1,1,0,1,1,0,0,4.8767e-05,0.005082822,4.1e-06,0.004957511,7.3599e-05,0.004217550973407924,0.007956154004205018,0.000813628954347223,0.0017426519771106541,0.016320148948580027,3.88920625066,0.533168806823,0.0136426386711,0.09139472317272676,0.04860755425458054,0.08640604770455816
106,2,reference_ik,randomized,distant,False,True,,0.1434021590393968,0.14567751699360088,0.16338142601307482,0.1434021590393968,0,0,0,0,0,0,0,0,0,0,0,0,0,0,0,0.004217550973407924,0.007956154004205018,0.000813628954347223,0.0017426519771106541,0.016320148948580027,5.55094499178,0.724977803983,0.0134591456708,0.09118847898505547,0.003939777288821235,0.04470039003928043
106,2,gmm,randomized,distant,False,True,,0.15236670401645824,0.1555242349859327,0.17322814400540665,0.15236670401645824,4,1,4,0,0,0,4,3,0,2,4.8106e-05,0.014733219,4.736e-06,0.014623308,4.1509e-05,0.004217550973407924,0.007956154004205018,0.000813628954347223,0.0017426519771106541,0.016320148948580027,12.8338271127,0.748475415962,0.0129072254008,0.09052097712027439,0.1152797952635842,0.19584856720175006
106,2,hybrid_30mm,randomized,distant,False,True,,0.2302957020001486,0.23334307596087456,0.2510469849803485,0.2302957020001486,2,1,0,2,1,0,2,1,0,0,4.987e-05,0.009848246,8.633e-06,0.009656826,8.9715e-05,0.004217550973407924,0.007956154004205018,0.000813628954347223,0.0017426519771106541,0.016320148948580027,13.0658802059,0.678871554776,0.0132297801001,0.09113042412104372,0.08416813223032184,0.22073501576878743
106,3,reference_ik,randomized,distant,False,True,,0.14600145199801773,0.1492255479679443,0.16692945698741823,0.14600145199801773,0,0,0,0,0,0,0,0,0,0,0,0,0,0,0,0.004217550973407924,0.007956154004205018,0.000813628954347223,0.0017426519771106541,0.016320148948580027,5.55094499178,0.724977803983,0.0134591456708,0.09118847898505547,0.003939777288821235,0.04470039003928043
106,3,hybrid_30mm,randomized,distant,False,True,,0.04390452697407454,0.046573058993089944,0.06427696801256388,0.04390452697407454,1,1,1,0,0,0,1,1,0,0,3.3902e-05,0.001691241,2.59e-06,0.00155785,6.4499e-05,0.004217550973407924,0.007956154004205018,0.000813628954347223,0.0017426519771106541,0.016320148948580027,4.01463271213,0.608660156291,0.013502949157,0.0914393984931657,0.08714863366544465,0.15581961855563162
106,3,gmr_30mm,randomized,distant,False,True,,0.15997449500719085,0.16266375198028982,0.18036766099976376,0.15997449500719085,6,5,0,6,5,0,6,6,0,1,4.9908e-05,0.007072332,6.846e-06,0.006780353,0.000201523,0.004217550973407924,0.007956154004205018,0.000813628954347223,0.0017426519771106541,0.016320148948580027,13.5781662047,1.0373269905,0.0133469475982,0.09124131372953974,0.14570353913763195,0.2243904436513984
106,3,gmm,randomized,distant,False,True,,0.0818859119899571,0.08454228600021452,0.10224619501968846,0.0818859119899571,4,2,4,0,0,0,4,4,0,2,2.6142e-05,0.006031581,3.631e-06,0.005783242,0.000153149,0.004217550973407924,0.007956154004205018,0.000813628954347223,0.0017426519771106541,0.016320148948580027,9.92615931577,0.777180412908,0.0136574597526,0.09115285014413789,0.0718785976269433,0.10888158697427162
106,4,reference_ik,randomized,distant,False,True,,0.14539715298451483,0.14867870701709762,0.16638261603657156,0.14539715298451483,0,0,0,0,0,0,0,0,0,0,0,0,0,0,0,0.004217550973407924,0.007956154004205018,0.000813628954347223,0.0017426519771106541,0.016320148948580027,5.55094499178,0.724977803983,0.0134591456708,0.09118847898505547,0.003939777288821235,0.04470039003928043
106,4,hybrid_30mm,randomized,distant,False,True,,0.19070810097036883,0.1937529650167562,0.21145687403623015,0.19070810097036883,3,2,1,2,2,0,3,2,0,0,2.9113e-05,0.017894652,6.64e-06,0.017642705,0.000139921,0.004217550973407924,0.007956154004205018,0.000813628954347223,0.0017426519771106541,0.016320148948580027,13.7713631272,0.752609219516,0.0141276037337,0.08871394049654899,0.0823876316400685,0.20164644435048432
106,4,gmm,randomized,distant,False,True,,0.036108494037762284,0.039170535979792476,0.056874444999266416,0.036108494037762284,1,1,1,0,0,0,1,1,0,0,2.3432e-05,0.001834285,2.1e-06,0.001754163,3.6809e-05,0.004217550973407924,0.007956154004205018,0.000813628954347223,0.0017426519771106541,0.016320148948580027,4.95891968656,0.605695466773,0.0130379846091,0.09066169901330814,0.0477398130686105,0.07817234829018802
106,4,gmr_30mm,randomized,distant,False,True,,0.13938671798678115,0.14213112700963393,0.15983503602910787,0.13938671798678115,3,2,0,3,2,0,3,2,0,0,4.5874e-05,0.006122019,5.831e-06,0.006033041,4.014e-05,0.004217550973407924,0.007956154004205018,0.000813628954347223,0.0017426519771106541,0.016320148948580027,12.5554441912,1.05662239699,0.0136984609788,0.09141088661434041,0.12272434215202091,0.2041472317358414
108,0,gmr_30mm,randomized,distant,False,True,,0.13006754801608622,0.13275483599863946,0.1506369750131853,0.13006754801608622,4,3,0,4,3,0,4,3,0,0,4.6437e-05,0.007157305,5.794e-06,0.007040857,5.1129e-05,0.0042879339889623225,0.007963684969581664,0.0008294409490190446,0.0017207380151376128,0.0163880999898538,12.1995039137,0.92266199853,0.00798734207642,0.13611540809109807,0.14562727131901726,0.2323208421011695
108,0,gmm,randomized,distant,False,True,,0.050688816991169006,0.053196465014480054,0.07107860402902588,0.050688816991169006,2,1,2,0,0,0,2,1,0,0,9.566e-06,0.007013358,2.443e-06,0.006910021,4.4687e-05,0.0042879339889623225,0.007963684969581664,0.0008294409490190446,0.0017207380151376128,0.0163880999898538,6.37312472485,0.672715798995,0.00688227141558,0.13551272152042543,0.050155681603935735,0.10220133619089129
108,0,reference_ik,randomized,distant,False,True,,0.15550650097429752,0.15854444401338696,0.1764265830279328,0.15550650097429752,0,0,0,0,0,0,0,0,0,0,0,0,0,0,0,0.0042879339889623225,0.007963684969581664,0.0008294409490190446,0.0017207380151376128,0.0163880999898538,6.03042950276,0.833488646213,0.00761017473793,0.13597236717082314,0.0045083260675245415,0.08014220529644739
108,0,hybrid_30mm,randomized,distant,False,True,,0.1315132100135088,0.13444219500524923,0.15232433401979506,0.1315132100135088,1,1,0,1,1,0,1,1,0,0,2.8146e-05,0.002238047,3.425e-06,0.002129159,7.5346e-05,0.0042879339889623225,0.007963684969581664,0.0008294409490190446,0.0017207380151376128,0.0163880999898538,14.1086133307,1.17673727387,0.00822313520697,0.13576479093303898,0.09870199839693253,0.18351455201459962
108,1,gmr_30mm,randomized,distant,False,True,,0.10031665198039263,0.10321672196732834,0.12109886098187417,0.10031665198039263,8,6,0,8,6,0,8,8,0,2,4.8463e-05,0.010463347,8.934e-06,0.009963652,0.000374037,0.0042879339889623225,0.007963684969581664,0.0008294409490190446,0.0017207380151376128,0.0163880999898538,9.57424249031,0.662921185774,0.00749954419792,0.13630153123924077,0.04970682808916912,0.09709216355402109
108,1,hybrid_30mm,randomized,distant,False,True,,0.13248394703259692,0.13529027201002464,0.15317241102457047,0.13248394703259692,2,2,0,2,2,0,2,2,0,0,4.9506e-05,0.003631241,5.529e-06,0.003311449,0.00025128,0.0042879339889623225,0.007963684969581664,0.0008294409490190446,0.0017207380151376128,0.0163880999898538,7.00098210445,0.57569390787,0.00845393571583,0.13696930365189156,0.041624555404902515,0.11014757908327454
108,1,gmm,randomized,distant,False,True,,0.1087507150368765,0.11160004301927984,0.12948218203382567,0.1087507150368765,8,4,8,0,0,0,8,6,0,2,3.3566e-05,0.014923154,3.166e-06,0.014723902,9.9754e-05,0.0042879339889623225,0.007963684969581664,0.0008294409490190446,0.0017207380151376128,0.0163880999898538,9.70979098384,0.741730352274,0.00702968332649,0.13572020476593577,0.08050781471972542,0.11997383225445751
108,1,reference_ik,randomized,distant,False,True,,0.1556419319822453,0.15869900200050324,0.17658114101504907,0.1556419319822453,0,0,0,0,0,0,0,0,0,0,0,0,0,0,0,0.0042879339889623225,0.007963684969581664,0.0008294409490190446,0.0017207380151376128,0.0163880999898538,6.03042950276,0.833488646213,0.00761017473793,0.13597236717082314,0.0045083260675245415,0.08014220529644739
108,2,hybrid_30mm,randomized,distant,False,True,,0.06700431799981743,0.07037504098843783,0.08825718000298366,0.06700431799981743,3,3,0,3,3,0,3,3,0,0,1.0798e-05,0.005493771,2.563e-06,0.005380002,7.5752e-05,0.0042879339889623225,0.007963684969581664,0.0008294409490190446,0.0017207380151376128,0.0163880999898538,4.51213611374,0.523336939063,0.00782605019829,0.13653848194100252,0.07330277562296611,0.11079814388051999
108,2,reference_ik,randomized,distant,False,True,,0.15671032399404794,0.15935857902513817,0.177240718039684,0.15671032399404794,0,0,0,0,0,0,0,0,0,0,0,0,0,0,0,0.0042879339889623225,0.007963684969581664,0.0008294409490190446,0.0017207380151376128,0.0163880999898538,6.03042950276,0.833488646213,0.00761017473793,0.13597236717082314,0.0045083260675245415,0.08014220529644739
108,2,gmm,randomized,distant,False,True,,0.10253528301836923,0.10556742502376437,0.1234495640383102,0.10253528301836923,9,4,9,0,0,0,9,6,0,2,2.1704e-05,0.017752714,2.98e-06,0.017594784,8.8283e-05,0.0042879339889623225,0.007963684969581664,0.0008294409490190446,0.0017207380151376128,0.0163880999898538,5.44181363149,0.495726763994,0.00757503087719,0.129858753920188,0.11030542936696355,0.15727202389304087
108,2,gmr_30mm,randomized,distant,False,True,,0.09621285396860912,0.0990168129792437,0.11689895199378952,0.09621285396860912,1,1,0,1,1,0,1,1,0,0,3.8706e-05,0.001608398,3.613e-06,0.001503631,6.7631e-05,0.0042879339889623225,0.007963684969581664,0.0008294409490190446,0.0017207380151376128,0.0163880999898538,4.63309842093,0.556571954998,0.00770950426541,0.13624948991652577,0.07115722244369893,0.12929310283183695
108,3,hybrid_30mm,randomized,distant,False,True,,0.1337191560305655,0.13676469499478117,0.154646834009327,0.1337191560305655,2,1,0,2,1,0,2,1,0,0,4.7438e-05,0.007666817,5.853e-06,0.007588645,2.277e-05,0.0042879339889623225,0.007963684969581664,0.0008294409490190446,0.0017207380151376128,0.0163880999898538,4.40280451615,0.546243700826,0.00779208772365,0.13590990444197343,0.05521840660021772,0.10611439637347692
108,3,gmm,randomized,distant,False,True,,0.1359992870129645,0.1392559829982929,0.15713812201283872,0.1359992870129645,6,1,6,0,0,0,6,3,0,2,2.1407e-05,0.027543559,9.104e-06,0.027187066,0.000168306,0.0042879339889623225,0.007963684969581664,0.0008294409490190446,0.0017207380151376128,0.0163880999898538,12.6397835155,0.795150034906,0.00786804663662,0.13531095231867332,0.0794270104562628,0.12473134911108195
108,3,gmr_30mm,randomized,distant,False,True,,0.19380228500813246,0.19689694500993937,0.2147790840244852,0.19380228500813246,4,1,0,4,1,0,4,2,0,1,4.8698e-05,0.025626709,8.708e-06,0.025512544,3.347e-05,0.0042879339889623225,0.007963684969581664,0.0008294409490190446,0.0017207380151376128,0.0163880999898538,14.109938144,1.14548321026,0.00782270625945,0.13650053377815805,0.06764006409413593,0.10514013404059766
108,3,reference_ik,randomized,distant,False,True,,0.15235377999488264,0.1552464700071141,0.17312860902165994,0.15235377999488264,0,0,0,0,0,0,0,0,0,0,0,0,0,0,0,0.0042879339889623225,0.007963684969581664,0.0008294409490190446,0.0017207380151376128,0.0163880999898538,6.03042950276,0.833488646213,0.00761017473793,0.13597236717082314,0.0045083260675245415,0.08014220529644739
108,4,reference_ik,randomized,distant,False,True,,0.15439410199178383,0.15731727902311832,0.17519941803766415,0.15439410199178383,0,0,0,0,0,0,0,0,0,0,0,0,0,0,0,0.0042879339889623225,0.007963684969581664,0.0008294409490190446,0.0017207380151376128,0.0163880999898538,6.03042950276,0.833488646213,0.00761017473793,0.13597236717082314,0.0045083260675245415,0.08014220529644739
108,4,hybrid_30mm,randomized,distant,False,True,,0.13360711699351668,0.1364202139666304,0.15430235298117623,0.13360711699351668,7,3,1,6,3,0,7,5,0,2,1.0199e-05,0.014574848,6.251e-06,0.014260027,0.000215141,0.0042879339889623225,0.007963684969581664,0.0008294409490190446,0.0017207380151376128,0.0163880999898538,12.1905941286,0.970657201391,0.00733988794658,0.13610941492261203,0.16037174912016408,0.25018923354152944
108,4,gmm,randomized,distant,False,True,,0.09851518599316478,0.10096373199485242,0.11884587100939825,0.09851518599316478,1,1,1,0,0,0,1,1,0,0,3.5847e-05,0.004378313,2.896e-06,0.00426967,4.8204e-05,0.0042879339889623225,0.007963684969581664,0.0008294409490190446,0.0017207380151376128,0.0163880999898538,8.06921281569,0.545821793464,0.00706437996574,0.13572664884009938,0.0516915117803002,0.10928192412840695
108,4,gmr_30mm,randomized,distant,False,True,,0.13143212301656604,0.133750106964726,0.15163224597927183,0.13143212301656604,2,1,0,2,1,0,2,1,0,0,1.0453e-05,0.007069699,2.821e-06,0.007002189,3.4161e-05,0.0042879339889623225,0.007963684969581664,0.0008294409490190446,0.0017207380151376128,0.0163880999898538,12.6594509703,0.777060697729,0.00826689251952,0.1172839131773796,0.11157554228204858,0.1892860538855119
18,0,gmm,randomized,central,False,True,,0.13647395296720788,0.13862064899876714,0.15693631896283478,0.13647395296720788,22,12,22,0,0,0,22,17,0,5,5.1145e-05,0.040389918,8.697e-06,0.039731791,0.000360974,0.004704258986748755,0.007981257978826761,0.000817738997284323,0.001714067009743303,0.016795356990769506,11.862591935,1.06506449687,0.00771335915046,0.1748790906943371,0.13373050934529798,0.22972804949965409
18,0,gmr_30mm,randomized,central,False,True,,0.2879778549540788,0.29060504300286993,0.30892071296693757,0.2879778549540788,7,6,0,7,6,0,7,7,0,1,3.4413e-05,0.005680503,6.257e-06,0.005448989,0.000147936,0.004704258986748755,0.007981257978826761,0.000817738997284323,0.001714067009743303,0.016795356990769506,19.9436383667,1.01894615243,0.0175438409117,0.15919067859829145,0.09109409108252181,0.2269756191860214
18,0,reference_ik,randomized,central,False,False,reference_edge_invalid,0.18991239898605272,0.19210877997102216,0.2104244499350898,6.0,0,0,0,0,0,0,0,0,0,0,0,0,0,0,0,0.004704258986748755,0.007981257978826761,0.000817738997284323,0.001714067009743303,0.016795356990769506,,,,,,
18,0,hybrid_30mm,randomized,central,False,True,,0.10332502698292956,0.10524775000521913,0.12356341996928677,0.10332502698292956,6,4,2,4,2,0,6,6,0,2,7.1566e-05,0.008195645,7.943e-06,0.00794001,0.000152345,0.004704258986748755,0.007981257978826761,0.000817738997284323,0.001714067009743303,0.016795356990769506,8.07238915179,0.881411333631,0.0172134704423,0.1644315560106598,0.087474231445248,0.2164968915527722
18,1,gmm,randomized,central,False,True,,0.07043233700096607,0.07277145399712026,0.0910871239611879,0.07043233700096607,3,2,3,0,0,0,3,2,0,0,3.2981e-05,0.007352148,2.643e-06,0.007219779,4.8632e-05,0.004704258986748755,0.007981257978826761,0.000817738997284323,0.001714067009743303,0.016795356990769506,7.607137041,0.744513188301,0.017428441655,0.12380251322868378,0.05259191830950385,0.1324325334758082
18,1,hybrid_30mm,randomized,central,False,True,,0.10254222300136462,0.10588637401815504,0.12420204398222268,0.10254222300136462,17,11,1,16,10,0,17,16,0,5,2.6088e-05,0.022582697,6.191e-06,0.022233305,0.000250011,0.004704258986748755,0.007981257978826761,0.000817738997284323,0.001714067009743303,0.016795356990769506,8.05114638342,0.914585770039,0.0131019253651,0.1245897313746829,0.12013143841435213,0.20553630733728875
18,1,gmr_30mm,randomized,central,False,True,,0.2968121229787357,0.3002521689631976,0.31856783892726526,0.2968121229787357,16,9,0,16,9,0,16,13,0,4,1.1375e-05,0.025538928,4.509e-06,0.025311337,0.000160995,0.004704258986748755,0.007981257978826761,0.000817738997284323,0.001714067009743303,0.016795356990769506,20.8459128158,1.27423391361,0.00324902495908,0.07515391177088736,0.08630714319453056,0.18405361269547085
18,1,reference_ik,randomized,central,False,False,reference_edge_invalid,0.18482562102144584,0.1871593429823406,0.20547501294640824,6.0,0,0,0,0,0,0,0,0,0,0,0,0,0,0,0,0.004704258986748755,0.007981257978826761,0.000817738997284323,0.001714067009743303,0.016795356990769506,,,,,,
18,2,gmm,randomized,central,False,True,,0.0667330080177635,0.06877369002904743,0.08708935999311507,0.0667330080177635,3,2,3,0,0,0,3,2,0,0,7.058e-06,0.007274834,1.333e-06,0.007199971,2.9821e-05,0.004704258986748755,0.007981257978826761,0.000817738997284323,0.001714067009743303,0.016795356990769506,9.49194463251,1.01282131346,0.0176834482728,0.13242976469436868,0.07522250562192055,0.17252781201751397
18,2,hybrid_30mm,randomized,central,False,True,,0.19992969103623182,0.2030920539982617,0.22140772396232933,0.19992969103623182,30,21,3,27,19,0,30,27,0,6,3.4767e-05,0.048482139,1.1263e-05,0.047801988,0.000433555,0.004704258986748755,0.007981257978826761,0.000817738997284323,0.001714067009743303,0.016795356990769506,8.94951398443,0.833439632775,0.0066725997201,0.1254905617681325,0.07492355014170306,0.14105596207395052
18,2,reference_ik,randomized,central,False,False,reference_edge_invalid,0.19317375199170783,0.19679190299939364,0.21510757296346128,6.0,0,0,0,0,0,0,0,0,0,0,0,0,0,0,0,0.004704258986748755,0.007981257978826761,0.000817738997284323,0.001714067009743303,0.016795356990769506,,,,,,
18,2,gmr_30mm,randomized,central,False,True,,0.18638394895242527,0.18856205302290618,0.20687772298697382,0.18638394895242527,14,11,0,14,11,0,14,13,0,2,5.0316e-05,0.023154998,6.993e-06,0.022924873,0.000142905,0.004704258986748755,0.007981257978826761,0.000817738997284323,0.001714067009743303,0.016795356990769506,15.1482346876,1.08157768575,0.00515556533002,0.08552710286604578,0.07724869335458595,0.18727348701269106
18,3,hybrid_30mm,randomized,central,False,True,,0.07521805702708662,0.07828105799853802,0.09659672796260566,0.07521805702708662,2,2,0,2,2,0,2,2,0,0,2.1015e-05,0.002067428,3.455e-06,0.001939721,7.9903e-05,0.004704258986748755,0.007981257978826761,0.000817738997284323,0.001714067009743303,0.016795356990769506,7.36619170977,0.672260892726,0.0157524176971,0.10005024439590168,0.0321576013793257,0.09528926814401847
18,3,reference_ik,randomized,central,False,False,reference_edge_invalid,0.18123700801515952,0.18334432400297374,0.20165999396704137,6.0,0,0,0,0,0,0,0,0,0,0,0,0,0,0,0,0.004704258986748755,0.007981257978826761,0.000817738997284323,0.001714067009743303,0.016795356990769506,,,,,,
18,3,gmr_30mm,randomized,central,False,True,,0.11327932099811733,0.11518022901145741,0.13349589897552505,0.11327932099811733,2,2,0,2,2,0,2,2,0,0,5.083e-05,0.005344043,5.723e-06,0.005032668,0.000221172,0.004704258986748755,0.007981257978826761,0.000817738997284323,0.001714067009743303,0.016795356990769506,8.55566799684,0.677132216536,0.00712622734514,0.09278446422141116,0.03038517005442338,0.06084981820593944
18,3,gmm,randomized,central,False,True,,0.1267705400241539,0.12941594299627468,0.14773161296034232,0.1267705400241539,2,1,2,0,0,0,2,1,0,0,4.3108e-05,0.005989571,3.704e-06,0.005916112,9.528e-06,0.004704258986748755,0.007981257978826761,0.000817738997284323,0.001714067009743303,0.016795356990769506,9.64916684069,0.867764262899,0.0174457125968,0.13696080958975113,0.05879420259365786,0.13338649439650496
18,4,hybrid_30mm,randomized,central,False,True,,0.1275145310210064,0.12988641299307346,0.1482020829571411,0.1275145310210064,6,2,3,3,2,0,6,4,0,2,4.7382e-05,0.019066076,7.145e-06,0.018915406,5.8851e-05,0.004704258986748755,0.007981257978826761,0.000817738997284323,0.001714067009743303,0.016795356990769506,7.13118563458,0.80700652656,0.0172275106964,0.1555256657334286,0.09652511159939625,0.21052849392066028
18,4,gmm,randomized,central,False,True,,0.23303647997090593,0.23557145200902596,0.2538871219730936,0.23303647997090593,34,17,34,0,0,0,34,25,0,8,3.1544e-05,0.069164667,7.742e-06,0.068473361,0.000373518,0.004704258986748755,0.007981257978826761,0.000817738997284323,0.001714067009743303,0.016795356990769506,15.4136811126,1.65006992262,0.0134316330447,0.1026030715134702,0.06212053088514716,0.14472269527374815
18,4,gmr_30mm,randomized,central,False,True,,0.09247898199828342,0.09546925697941333,0.11378492694348097,0.09247898199828342,10,7,0,10,7,0,10,9,0,2,1.0311e-05,0.021385239,7.206e-06,0.021034435,0.000230569,0.004704258986748755,0.007981257978826761,0.000817738997284323,0.001714067009743303,0.016795356990769506,11.6122910848,1.42689525753,0.0137090537699,0.1071143355166904,0.09200802498822068,0.23670182486008354
18,4,reference_ik,randomized,central,False,False,reference_edge_invalid,0.1788559959968552,0.18113969801925123,0.19945536798331887,6.0,0,0,0,0,0,0,0,0,0,0,0,0,0,0,0,0.004704258986748755,0.007981257978826761,0.000817738997284323,0.001714067009743303,0.016795356990769506,,,,,,
49,0,reference_ik,randomized,offset,False,True,,0.12240909796673805,0.12427122198278084,0.14246177097084,0.12240909796673805,0,0,0,0,0,0,0,0,0,0,0,0,0,0,0,0.004365869972389191,0.007958547037560493,0.0011162260198034346,0.0017381089855916798,0.01678741700015962,4.64166994638,0.694417586339,0.0229893324417,0.11958297951653328,0.0034721597891586944,0.04058605742176241
49,0,gmr_30mm,randomized,offset,False,True,,0.17981523100752383,0.18298255099216476,0.20117309998022392,0.17981523100752383,5,4,0,5,4,0,5,5,0,1,5.066e-05,0.013474258,8.254e-06,0.01311382,0.000250448,0.004365869972389191,0.007958547037560493,0.0011162260198034346,0.0017381089855916798,0.01678741700015962,13.3485542349,1.15849353154,0.0230103652085,0.11958297951653328,0.10923115791527935,0.18089763575017967
49,0,hybrid_30mm,randomized,offset,False,True,,0.08286397700430825,0.08554633101448417,0.10373688000254333,0.08286397700430825,7,4,2,5,4,0,7,7,0,3,1.0179e-05,0.006061135,3.249e-06,0.005932172,7.9777e-05,0.004365869972389191,0.007958547037560493,0.0011162260198034346,0.0017381089855916798,0.01678741700015962,13.1568898602,1.12995987161,0.0229397678096,0.11958297951653328,0.08477774612380667,0.1220912283544433
49,0,gmm,randomized,offset,False,True,,0.14315752201946452,0.1455979019519873,0.16378845094004646,0.14315752201946452,12,4,12,0,0,0,12,6,0,2,1.9379e-05,0.04899662,4.178e-06,0.048738584,0.000145518,0.004365869972389191,0.007958547037560493,0.0011162260198034346,0.0017381089855916798,0.01678741700015962,11.5173415011,0.796614691453,0.0160715956453,0.11958297951653328,0.07447810882090766,0.17560035686553763
49,1,gmr_30mm,randomized,offset,False,True,,0.08584970998344943,0.08841522102011368,0.10660577000817284,0.08584970998344943,1,1,0,1,1,0,1,1,0,0,2.5357e-05,0.001224795,2.509e-06,0.00115776,3.9313e-05,0.004365869972389191,0.007958547037560493,0.0011162260198034346,0.0017381089855916798,0.01678741700015962,10.099788062,0.746979782323,0.0227009645721,0.11958297951653328,0.05672987188132329,0.09883511370146136
49,1,reference_ik,randomized,offset,False,True,,0.12818790198070928,0.13137361902045086,0.14956416800851002,0.12818790198070928,0,0,0,0,0,0,0,0,0,0,0,0,0,0,0,0.004365869972389191,0.007958547037560493,0.0011162260198034346,0.0017381089855916798,0.01678741700015962,4.64166994638,0.694417586339,0.0229893324417,0.11958297951653328,0.0034721597891586944,0.04058605742176241
49,1,hybrid_30mm,randomized,offset,False,True,,0.1525848499732092,0.15515075298026204,0.1733413019683212,0.1525848499732092,5,2,2,3,1,0,5,4,0,2,4.8127e-05,0.012670219,8.545e-06,0.012363528,0.000192185,0.004365869972389191,0.007958547037560493,0.0011162260198034346,0.0017381089855916798,0.01678741700015962,13.2191453193,1.13130240745,0.0232853619929,0.11958297951653328,0.08006581626686049,0.11833611855707804
49,1,gmm,randomized,offset,False,True,,0.1857652619946748,0.18844511796487495,0.20663566695293412,0.1857652619946748,1,1,1,0,0,0,1,1,0,0,5.03e-05,0.004814502,3.495e-06,0.004727636,3.3094e-05,0.004365869972389191,0.007958547037560493,0.0011162260198034346,0.0017381089855916798,0.01678741700015962,14.0197482259,0.994872503226,0.023114424976,0.11958297951653328,0.138978702302891,0.2269036943617681
49,2,reference_ik,randomized,offset,False,True,,0.12579716299660504,0.1285381330526434,0.14672868204070255,0.12579716299660504,0,0,0,0,0,0,0,0,0,0,0,0,0,0,0,0.004365869972389191,0.007958547037560493,0.0011162260198034346,0.0017381089855916798,0.01678741700015962,4.64166994638,0.694417586339,0.0229893324417,0.11958297951653328,0.0034721597891586944,0.04058605742176241
49,2,gmr_30mm,randomized,offset,False,True,,0.0664179029990919,0.06866866396740079,0.08685921295545995,0.0664179029990919,1,1,0,1,1,0,1,1,0,0,1.1929e-05,0.002726804,1.521e-06,0.002459561,0.000229195,0.004365869972389191,0.007958547037560493,0.0011162260198034346,0.0017381089855916798,0.01678741700015962,4.12443820781,0.505149551261,0.0125471664478,0.11044899208437717,0.03856942577953625,0.0828154285972082
49,2,gmm,randomized,offset,False,True,,0.07849174400325865,0.081513672019355,0.09970422100741416,0.07849174400325865,2,1,2,0,0,0,2,1,0,0,4.383e-05,0.02742871,4.092e-06,0.027263393,5.1674e-05,0.004365869972389191,0.007958547037560493,0.0011162260198034346,0.0017381089855916798,0.01678741700015962,6.38445825745,0.488930854088,0.0231972700141,0.11958297951653328,0.03293987302484657,0.06333519975817008
49,2,hybrid_30mm,randomized,offset,False,True,,0.1866941160405986,0.18948134896345437,0.20767189795151353,0.1866941160405986,6,5,0,6,5,0,6,6,0,1,2.6267e-05,0.009538883,5.384e-06,0.009328878,0.000136741,0.004365869972389191,0.007958547037560493,0.0011162260198034346,0.0017381089855916798,0.01678741700015962,17.2271583715,1.35399727476,0.0155258133875,0.11958297951653328,0.05743043942294828,0.12031624131138122
49,3,reference_ik,randomized,offset,False,True,,0.138491245044861,0.14177200599806383,0.159962554986123,0.138491245044861,0,0,0,0,0,0,0,0,0,0,0,0,0,0,0,0.004365869972389191,0.007958547037560493,0.0011162260198034346,0.0017381089855916798,0.01678741700015962,4.64166994638,0.694417586339,0.0229893324417,0.11958297951653328,0.0034721597891586944,0.04058605742176241
49,3,gmr_30mm,randomized,offset,False,True,,0.072309221024625,0.07478782499674708,0.09297837398480624,0.072309221024625,2,2,0,2,2,0,2,2,0,0,1.1104e-05,0.004076167,3.595e-06,0.003961455,6.4464e-05,0.004365869972389191,0.007958547037560493,0.0011162260198034346,0.0017381089855916798,0.01678741700015962,9.16860546819,0.619561082759,0.0186601920247,0.11845393567313571,0.040619348984860824,0.08718703982171659
49,3,gmm,randomized,offset,False,True,,0.0642536329687573,0.06741387903457507,0.08560442802263424,0.0642536329687573,3,1,3,0,0,0,3,1,0,0,4.8017e-05,0.011562129,3.48e-06,0.011463507,2.6519e-05,0.004365869972389191,0.007958547037560493,0.0011162260198034346,0.0017381089855916798,0.01678741700015962,4.01103580516,0.519547449659,0.0116179433878,0.11111685549606642,0.025103528048755954,0.0454584451840865
49,3,hybrid_30mm,randomized,offset,False,True,,0.08942352596204728,0.09239823295501992,0.11058878194307908,0.08942352596204728,2,1,1,1,0,0,2,2,0,1,9e-06,0.000734281,1.622e-06,0.00068412,2.7251e-05,0.004365869972389191,0.007958547037560493,0.0011162260198034346,0.0017381089855916798,0.01678741700015962,11.1071225042,0.927390214498,0.0146174641618,0.11958297951653328,0.04635746906548032,0.09611413165867623
49,4,gmm,randomized,offset,False,True,,0.21361863799393177,0.2169446000480093,0.23513514903606847,0.21361863799393177,5,2,5,0,0,0,5,3,0,1,5.2645e-05,0.024984503,5.474e-06,0.02481088,4.9271e-05,0.004365869972389191,0.007958547037560493,0.0011162260198034346,0.0017381089855916798,0.01678741700015962,13.276031756,1.42744043301,0.0235293208397,0.0962600927252103,0.09767372471428855,0.16374168711065715
49,4,gmr_30mm,randomized,offset,False,True,,0.10965725203277543,0.11216888099443167,0.13035942998249084,0.10965725203277543,3,1,0,3,1,0,3,2,0,1,3.8484e-05,0.011534743,8.171e-06,0.011287175,0.000137476,0.004365869972389191,0.007958547037560493,0.0011162260198034346,0.0017381089855916798,0.01678741700015962,6.32458695912,0.47979505908,0.0229128626002,0.11958297951653328,0.04351115790518166,0.08577505696823391
49,4,reference_ik,randomized,offset,False,True,,0.13678349001565948,0.13932778598973528,0.15751833497779444,0.13678349001565948,0,0,0,0,0,0,0,0,0,0,0,0,0,0,0,0.004365869972389191,0.007958547037560493,0.0011162260198034346,0.0017381089855916798,0.01678741700015962,4.64166994638,0.694417586339,0.0229893324417,0.11958297951653328,0.0034721597891586944,0.04058605742176241
49,4,hybrid_30mm,randomized,offset,False,True,,0.14306984102586284,0.14570076402742416,0.16389131301548332,0.14306984102586284,1,1,0,1,1,0,1,1,0,0,3.3763e-05,0.00208454,3.295e-06,0.00197077,7.5782e-05,0.004365869972389191,0.007958547037560493,0.0011162260198034346,0.0017381089855916798,0.01678741700015962,13.9234603754,1.38546026777,0.0230393054478,0.11958297951653328,0.07636976553178462,0.11757657487963097
12,0,hybrid_30mm,randomized,central,False,True,,0.12894263496855274,0.13158454495714977,0.1507349429302849,0.12894263496855274,8,7,4,4,3,0,8,7,0,0,5.2489e-05,0.016754882,8.031e-06,0.016167769,0.00043107,0.005380195041652769,0.008062285021878779,0.000866463000420481,0.0016752370283938944,0.017584807996172458,12.2646132513,0.941456346682,0.00678506052567,0.06009401134736935,0.08592666639267238,0.17847821412846926
12,0,gmr_30mm,randomized,central,False,True,,0.30779752699891105,0.31103444600012153,0.33018484397325665,0.30779752699891105,21,17,0,21,17,0,21,21,0,4,4.6947e-05,0.02445417,9.75e-06,0.023881527,0.000415729,0.005380195041652769,0.008062285021878779,0.000866463000420481,0.0016752370283938944,0.017584807996172458,22.1375247962,2.19317974348,0.00662758447617,0.07282553814801065,0.10086869881663066,0.26016367152520614
12,0,gmm,randomized,central,False,True,,0.17913825903087854,0.18214218894718215,0.20129258692031726,0.17913825903087854,19,9,19,0,0,0,19,16,0,7,2.9154e-05,0.042149962,7.484e-06,0.041392117,0.000406302,0.005380195041652769,0.008062285021878779,0.000866463000420481,0.0016752370283938944,0.017584807996172458,12.4889534931,0.776265366034,0.00655260575258,0.058842546605923245,0.04454886627508223,0.07753727454490932
12,0,reference_ik,randomized,central,False,False,reference_edge_invalid,0.13105563499266282,0.13316948805004358,0.1523198860231787,6.0,0,0,0,0,0,0,0,0,0,0,0,0,0,0,0,0.005380195041652769,0.008062285021878779,0.000866463000420481,0.0016752370283938944,0.017584807996172458,,,,,,
12,1,gmr_30mm,randomized,central,False,True,,0.12760116695426404,0.12974979099817574,0.14890018897131085,0.12760116695426404,6,5,0,6,5,0,6,5,0,0,4.5471e-05,0.021144797,1.0471e-05,0.020730514,0.000253509,0.005380195041652769,0.008062285021878779,0.000866463000420481,0.0016752370283938944,0.017584807996172458,8.62297442603,0.580462859965,0.00591902289242,0.06924459804043104,0.03470292400260027,0.07736035557807566
12,1,gmm,randomized,central,False,True,,0.1855829679989256,0.18877762701595202,0.20792802498908713,0.1855829679989256,27,16,27,0,0,0,27,24,0,8,1.0895e-05,0.03614326,4.899e-06,0.035720595,0.000229537,0.005380195041652769,0.008062285021878779,0.000866463000420481,0.0016752370283938944,0.017584807996172458,18.1222292382,1.91772448788,0.0067833175756,0.07322667123823286,0.15746979747937745,0.2536122844197821
12,1,hybrid_30mm,randomized,central,False,True,,0.19641837797826156,0.19970601197564974,0.21885640994878486,0.19641837797826156,44,33,8,36,27,0,44,40,0,7,3.006e-05,0.065094132,1.6291e-05,0.064083571,0.000633876,0.005380195041652769,0.008062285021878779,0.000866463000420481,0.0016752370283938944,0.017584807996172458,12.8120129699,1.09452400973,0.00666827584551,0.062326235903062195,0.10288234335822935,0.2239582858631103
12,1,reference_ik,randomized,central,False,False,reference_edge_invalid,0.1286820939858444,0.13089137099450454,0.15004176896763965,6.0,0,0,0,0,0,0,0,0,0,0,0,0,0,0,0,0.005380195041652769,0.008062285021878779,0.000866463000420481,0.0016752370283938944,0.017584807996172458,,,,,,
12,2,gmm,randomized,central,False,True,,0.11271990998648107,0.11474234896013513,0.13389274693327025,0.11271990998648107,28,18,28,0,0,0,28,27,0,9,1.7707e-05,0.029550862,7.088e-06,0.028859223,0.000389646,0.005380195041652769,0.008062285021878779,0.000866463000420481,0.0016752370283938944,0.017584807996172458,11.6444336014,0.994273856339,0.00668807928127,0.07267118550251007,0.06801925285666954,0.1508307353804069
12,2,reference_ik,randomized,central,False,False,reference_edge_invalid,0.12613953900290653,0.12833702500211075,0.14748742297524586,6.0,0,0,0,0,0,0,0,0,0,0,0,0,0,0,0,0.005380195041652769,0.008062285021878779,0.000866463000420481,0.0016752370283938944,0.017584807996172458,,,,,,
12,2,hybrid_30mm,randomized,central,False,True,,0.1897995499894023,0.19176947796950117,0.21091987594263628,0.1897995499894023,48,34,8,40,31,0,48,46,0,12,5.181e-05,0.05079496,1.4e-05,0.049776771,0.000725633,0.005380195041652769,0.008062285021878779,0.000866463000420481,0.0016752370283938944,0.017584807996172458,9.79142739428,0.654123367553,0.00220978979938,0.0700412023677121,0.02550394687967481,0.07788547099065399
12,2,gmr_30mm,randomized,central,False,True,,0.15118766197701916,0.1542849660036154,0.17343536397675052,0.15118766197701916,23,15,0,23,15,0,23,21,0,6,5.1016e-05,0.040601808,1.2009e-05,0.040209791,0.000234504,0.005380195041652769,0.008062285021878779,0.000866463000420481,0.0016752370283938944,0.017584807996172458,9.52891340147,0.916878479116,0.00674532630366,0.06477854373043931,0.029876305308084303,0.07756816889809233
12,3,gmm,randomized,central,False,True,,0.0893342180061154,0.0932168640429154,0.11236726201605052,0.0893342180061154,5,3,5,0,0,0,5,4,0,1,1.1133e-05,0.012035087,2.84e-06,0.01189221,6.0115e-05,0.005380195041652769,0.008062285021878779,0.000866463000420481,0.0016752370283938944,0.017584807996172458,9.65001656516,0.739671196397,0.00671200147568,0.072735789605334,0.05611078747892176,0.10000974724247642
12,3,hybrid_30mm,randomized,central,False,True,,0.16038012504577637,0.16295411699684337,0.18210451496997848,0.16038012504577637,10,10,1,9,9,0,10,10,0,0,1.0938e-05,0.008297801,5.581e-06,0.008027647,0.000185372,0.005380195041652769,0.008062285021878779,0.000866463000420481,0.0016752370283938944,0.017584807996172458,10.6032049779,1.12277633207,0.00640115799357,0.05862324892576265,0.1742929468435965,0.32802854679894305
12,3,reference_ik,randomized,central,False,False,reference_edge_invalid,0.12570437201065943,0.12805103498976678,0.1472014329629019,6.0,0,0,0,0,0,0,0,0,0,0,0,0,0,0,0,0.005380195041652769,0.008062285021878779,0.000866463000420481,0.0016752370283938944,0.017584807996172458,,,,,,
12,3,gmr_30mm,randomized,central,False,True,,0.09703136997995898,0.09905073296977207,0.11820113094290718,0.09703136997995898,36,26,0,36,26,0,36,35,0,9,2.1969e-05,0.030771325,9.42e-06,0.030026801,0.000552143,0.005380195041652769,0.008062285021878779,0.000866463000420481,0.0016752370283938944,0.017584807996172458,9.5330025383,0.630509040246,0.00295092115884,0.07347054114464642,0.052519615564606506,0.07940490567493112
12,4,gmr_30mm,randomized,central,False,True,,0.16400285897543654,0.16695169697050005,0.18610209494363517,0.16400285897543654,9,8,0,9,8,0,9,8,0,0,2.6927e-05,0.026314546,6.994e-06,0.025915759,0.000260233,0.005380195041652769,0.008062285021878779,0.000866463000420481,0.0016752370283938944,0.017584807996172458,8.62414944469,0.699634827851,0.00557458874952,0.05127622961563336,0.04020401136471608,0.097427717705919
12,4,reference_ik,randomized,central,False,False,reference_edge_invalid,0.13049976294860244,0.1328398820478469,0.15199028002098203,6.0,0,0,0,0,0,0,0,0,0,0,0,0,0,0,0,0.005380195041652769,0.008062285021878779,0.000866463000420481,0.0016752370283938944,0.017584807996172458,,,,,,
12,4,gmm,randomized,central,False,True,,0.11779453401686624,0.11979910696391016,0.13894950493704528,0.11779453401686624,8,3,8,0,0,0,8,6,0,3,4.3639e-05,0.019449874,5.522e-06,0.019164447,0.000125729,0.005380195041652769,0.008062285021878779,0.000866463000420481,0.0016752370283938944,0.017584807996172458,10.7320849991,0.593372934188,0.00676891200729,0.072949948215016,0.05307691162280375,0.1341011431209822
12,4,hybrid_30mm,randomized,central,False,True,,0.16220816696295515,0.1656807159888558,0.18483111396199092,0.16220816696295515,17,12,6,11,9,0,17,16,0,4,3.3811e-05,0.012110132,5.026e-06,0.011724289,0.000276176,0.005380195041652769,0.008062285021878779,0.000866463000420481,0.0016752370283938944,0.017584807996172458,16.3096984109,1.3372685799,0.000565603120654,0.07264471872247595,0.14500497952810112,0.288456034898894
51,0,reference_ik,randomized,offset,False,True,,0.12489765998907387,0.12738374096807092,0.14585133694345132,0.12489765998907387,0,0,0,0,0,0,0,0,0,0,0,0,0,0,0,0.004373890988063067,0.00807026500115171,0.0011904130224138498,0.0017255200073122978,0.016967763018328696,4.34722866959,0.666729719735,0.0207875638336,0.07631103502554801,0.005415869260991037,0.06877204070910635
51,0,hybrid_30mm,randomized,offset,False,True,,0.2215648660203442,0.22467098396737128,0.24313857994275168,0.2215648660203442,7,6,2,5,4,0,7,7,0,1,5.1815e-05,0.011598673,7.792e-06,0.011362687,0.000135075,0.004373890988063067,0.00807026500115171,0.0011904130224138498,0.0017255200073122978,0.016967763018328696,15.9307011747,1.28177237744,0.0187972714118,0.07616061199647739,0.07651781665678184,0.12830547996758151
51,0,gmm,randomized,offset,False,True,,0.059085353976115584,0.061837863991968334,0.08030545996734872,0.059085353976115584,2,1,2,0,0,0,2,1,0,0,6.1207e-05,0.013266891,2.959e-06,0.013191036,1.8554e-05,0.004373890988063067,0.00807026500115171,0.0011904130224138498,0.0017255200073122978,0.016967763018328696,5.59359195734,0.523663521965,0.0212194679908,0.07656589453227232,0.039962562890567495,0.07837252296847332
51,0,gmr_30mm,randomized,offset,False,True,,0.12229625397594646,0.1254782519536093,0.14394584792898968,0.12229625397594646,1,1,0,1,1,0,1,1,0,0,2.1091e-05,0.002094081,2.518e-06,0.002021599,4.8022e-05,0.004373890988063067,0.00807026500115171,0.0011904130224138498,0.0017255200073122978,0.016967763018328696,9.53823652636,0.638874322148,0.0186217670707,0.07633482773970993,0.08710534590186418,0.11345221125953377
51,1,gmr_30mm,randomized,offset,False,True,,0.06579891103319824,0.06856230198172852,0.08702989795710891,0.06579891103319824,1,1,0,1,1,0,1,1,0,0,2.7899e-05,0.001533331,3.084e-06,0.00144498,5.309e-05,0.004373890988063067,0.00807026500115171,0.0011904130224138498,0.0017255200073122978,0.016967763018328696,4.07322995411,0.451554533851,0.0205478920606,0.07611543234743491,0.030659840303724054,0.07412718265858469
51,1,gmm,randomized,offset,False,True,,0.1259543559863232,0.12872363300994039,0.14719122898532078,0.1259543559863232,1,1,1,0,0,0,1,1,0,0,1.0281e-05,0.001959576,1.244e-06,0.001900002,3.4524e-05,0.004373890988063067,0.00807026500115171,0.0011904130224138498,0.0017255200073122978,0.016967763018328696,13.7931484376,1.08297348612,0.0110341095823,0.06878102704545722,0.0895240426150992,0.17367345743939794
51,1,reference_ik,randomized,offset,False,True,,0.12452366395154968,0.12770872697001323,0.14617632294539362,0.12452366395154968,0,0,0,0,0,0,0,0,0,0,0,0,0,0,0,0.004373890988063067,0.00807026500115171,0.0011904130224138498,0.0017255200073122978,0.016967763018328696,4.34722866959,0.666729719735,0.0207875638336,0.07631103502554801,0.005415869260991037,0.06877204070910635
51,1,hybrid_30mm,randomized,offset,False,True,,0.12725264101754874,0.13065843505319208,0.14912603102857247,0.12725264101754874,1,1,0,1,1,0,1,1,0,0,3.7285e-05,0.000824971,2.883e-06,0.000790063,1.0433e-05,0.004373890988063067,0.00807026500115171,0.0011904130224138498,0.0017255200073122978,0.016967763018328696,11.4534051528,0.680801231928,0.0111755832067,0.06015342369357979,0.048415592070826435,0.08962231255663543
51,2,gmm,randomized,offset,False,True,,0.11735990701708943,0.12003176799044013,0.13849936396582052,0.11735990701708943,1,1,1,0,0,0,1,1,0,0,3.6579e-05,0.001052082,2.134e-06,0.000933982,5.5281e-05,0.004373890988063067,0.00807026500115171,0.0011904130224138498,0.0017255200073122978,0.016967763018328696,10.5731173176,0.633176914477,0.0092505107914,0.06017041402786006,0.06223673804402024,0.09026899686833374
51,2,gmr_30mm,randomized,offset,False,True,,0.05634634505258873,0.059016316023189574,0.07748391199856997,0.05634634505258873,2,2,0,2,2,0,2,2,0,0,4.0811e-05,0.002608998,3.76e-06,0.002505629,4.8998e-05,0.004373890988063067,0.00807026500115171,0.0011904130224138498,0.0017255200073122978,0.016967763018328696,3.5124896183,0.46214289677,0.02054244217,0.07121394925823495,0.032118543245334384,0.06881234194090867
51,2,hybrid_30mm,randomized,offset,False,True,,0.09016285202233121,0.09267008199822158,0.11113767797360197,0.09016285202233121,1,1,0,1,1,0,1,1,0,0,4.6558e-05,0.001790803,4.218e-06,0.001665149,7.3052e-05,0.004373890988063067,0.00807026500115171,0.0011904130224138498,0.0017255200073122978,0.016967763018328696,8.82180287041,0.492952365105,0.00785942783663,0.060179348463289865,0.03243226317445138,0.06860900201748905
51,2,reference_ik,randomized,offset,False,True,,0.12158120603999123,0.12456191203091294,0.14302950800629333,0.12158120603999123,0,0,0,0,0,0,0,0,0,0,0,0,0,0,0,0.004373890988063067,0.00807026500115171,0.0011904130224138498,0.0017255200073122978,0.016967763018328696,4.34722866959,0.666729719735,0.0207875638336,0.07631103502554801,0.005415869260991037,0.06877204070910635
51,3,hybrid_30mm,randomized,offset,False,True,,0.06459437200101092,0.06739881198154762,0.08586640795692801,0.06459437200101092,1,1,0,1,1,0,1,1,0,0,4.1721e-05,0.00248736,3.494e-06,0.002335698,0.000104029,0.004373890988063067,0.00807026500115171,0.0011904130224138498,0.0017255200073122978,0.016967763018328696,4.75443780899,0.486450922467,0.0208993205898,0.0759350482094453,0.03131066277740581,0.0684326383017611
51,3,gmr_30mm,randomized,offset,False,True,,0.15639306500088423,0.15941863803891465,0.17788623401429504,0.15639306500088423,4,3,0,4,3,0,4,4,0,1,2.6585e-05,0.00786009,5.079e-06,0.007694547,0.000107324,0.004373890988063067,0.00807026500115171,0.0011904130224138498,0.0017255200073122978,0.016967763018328696,13.1901026783,1.1086323776,0.0203049702304,0.061818691579326526,0.1127982075500249,0.19097176676356775
51,3,reference_ik,randomized,offset,False,True,,0.12434527795994654,0.12702261505182832,0.14549021102720872,0.12434527795994654,0,0,0,0,0,0,0,0,0,0,0,0,0,0,0,0.004373890988063067,0.00807026500115171,0.0011904130224138498,0.0017255200073122978,0.016967763018328696,4.34722866959,0.666729719735,0.0207875638336,0.07631103502554801,0.005415869260991037,0.06877204070910635
51,3,gmm,randomized,offset,False,True,,0.1786404200247489,0.18153856100980192,0.20000615698518232,0.1786404200247489,9,4,9,0,0,0,9,7,0,3,5.081e-05,0.044269237,4.161e-06,0.044097446,6.2575e-05,0.004373890988063067,0.00807026500115171,0.0011904130224138498,0.0017255200073122978,0.016967763018328696,12.6635341498,0.923579284669,0.0216080522291,0.0687803083029021,0.09176954079173719,0.13210103094205908
51,4,reference_ik,randomized,offset,False,True,,0.12991976301418617,0.1328079309896566,0.151275526965037,0.12991976301418617,0,0,0,0,0,0,0,0,0,0,0,0,0,0,0,0.004373890988063067,0.00807026500115171,0.0011904130224138498,0.0017255200073122978,0.016967763018328696,4.34722866959,0.666729719735,0.0207875638336,0.07631103502554801,0.005415869260991037,0.06877204070910635
51,4,gmr_30mm,randomized,offset,False,True,,0.15106008801376447,0.15410808997694403,0.17257568595232442,0.15106008801376447,1,1,0,1,1,0,1,1,0,0,4.6453e-05,0.001313197,3.644e-06,0.001177196,8.6656e-05,0.004373890988063067,0.00807026500115171,0.0011904130224138498,0.0017255200073122978,0.016967763018328696,14.1734131343,1.06036298625,0.0207892950062,0.06360674260686833,0.05406201316230968,0.09360605160152907
51,4,hybrid_30mm,randomized,offset,False,True,,0.11673591303406283,0.11976870195940137,0.13823629793478176,0.11673591303406283,1,1,0,1,1,0,1,1,0,0,1.5602e-05,0.000404984,1.876e-06,0.000357416,2.9907e-05,0.004373890988063067,0.00807026500115171,0.0011904130224138498,0.0017255200073122978,0.016967763018328696,14.1778043036,1.05261255038,0.0208550021945,0.06529224819716588,0.06962860437200095,0.11289060828491443
51,4,gmm,randomized,offset,False,True,,0.13338139199186116,0.13628883298952132,0.15475642896490172,0.13338139199186116,4,2,4,0,0,0,4,3,0,1,2.1736e-05,0.012980047,1.973e-06,0.012805411,8.6353e-05,0.004373890988063067,0.00807026500115171,0.0011904130224138498,0.0017255200073122978,0.016967763018328696,13.8535382509,0.625989743969,0.0209485975965,0.07372509499744309,0.08294685765241333,0.15646255810193613
100,0,reference_ik,randomized,distant,False,True,,0.1436299979686737,0.14623814803780988,0.16455639305058867,0.1436299979686737,0,0,0,0,0,0,0,0,0,0,0,0,0,0,0,0.004297604027669877,0.008041422988753766,0.0008861160022206604,0.0016878869500942528,0.016549521998967975,5.25945038772,0.713188858627,0.0323183671786,0.11126611755775603,0.002648607799352145,0.03289302073198137
100,0,gmr_30mm,randomized,distant,False,True,,0.07681145501555875,0.0802474050433375,0.09856565005611628,0.07681145501555875,1,1,0,1,1,0,1,1,0,0,6.481e-06,0.000253752,1.536e-06,0.000192487,4.5735e-05,0.004297604027669877,0.008041422988753766,0.0008861160022206604,0.0016878869500942528,0.016549521998967975,10.8243980051,0.722715823803,0.0120819018142,0.08672933518648773,0.06434692574048663,0.14711601983224865
100,0,gmm,randomized,distant,False,True,,0.137059566040989,0.13943379698321223,0.15775204199599102,0.137059566040989,14,3,14,0,0,0,14,7,0,4,7.402e-06,0.043413197,4.568e-06,0.043188145,9.6655e-05,0.004297604027669877,0.008041422988753766,0.0008861160022206604,0.0016878869500942528,0.016549521998967975,13.831950482,1.06101941456,0.0450271199682,0.12739547035222745,0.1188790691387721,0.1886248714297463
100,0,hybrid_30mm,randomized,distant,False,True,,0.12634438200620934,0.12973465997492895,0.14805290498770773,0.12634438200620934,1,1,0,1,1,0,1,1,0,0,4.6906e-05,0.003512051,4.868e-06,0.003387302,7.3527e-05,0.004297604027669877,0.008041422988753766,0.0008861160022206604,0.0016878869500942528,0.016549521998967975,8.40025027059,0.579965191708,0.0677143553536,0.15822263001493608,0.034985881408085874,0.09208519030294275
100,1,gmr_30mm,randomized,distant,False,True,,0.1491366139962338,0.15235938399564475,0.17067762900842354,0.1491366139962338,2,1,0,2,1,0,2,1,0,0,2.7702e-05,0.009857525,4.83e-06,0.009770181,4.1375e-05,0.004297604027669877,0.008041422988753766,0.0008861160022206604,0.0016878869500942528,0.016549521998967975,12.1586363855,0.702775751617,0.00511946729209,0.09941324187122993,0.08074098446053397,0.16919036459054307
100,1,reference_ik,randomized,distant,False,True,,0.14099972700932994,0.1438614699873142,0.16217971500009298,0.14099972700932994,0,0,0,0,0,0,0,0,0,0,0,0,0,0,0,0.004297604027669877,0.008041422988753766,0.0008861160022206604,0.0016878869500942528,0.016549521998967975,5.25945038772,0.713188858627,0.0323183671786,0.11126611755775603,0.002648607799352145,0.03289302073198137
100,1,gmm,randomized,distant,False,True,,0.13158546399790794,0.1346426559612155,0.15296090097399428,0.13158546399790794,2,1,2,0,0,0,2,1,0,0,3.4144e-05,0.019862782,2.474e-06,0.019785872,1.7881e-05,0.004297604027669877,0.008041422988753766,0.0008861160022206604,0.0016878869500942528,0.016549521998967975,10.4818307291,0.813253734022,0.0167999041606,0.10759454713059882,0.051166854147383145,0.11479640156332852
100,1,hybrid_30mm,randomized,distant,False,True,,0.07383479794953018,0.07707889698212966,0.09539714199490845,0.07383479794953018,1,1,0,1,1,0,1,1,0,0,1.0579e-05,0.001917708,1.169e-06,0.001875401,3.1203e-05,0.004297604027669877,0.008041422988753766,0.0008861160022206604,0.0016878869500942528,0.016549521998967975,11.4718627695,0.907647775655,0.0220808463976,0.1112377465191165,0.051672861531902876,0.0928293648566008
100,2,gmr_30mm,randomized,distant,False,True,,0.16782189602963626,0.17117803799919784,0.18949628301197663,0.16782189602963626,2,1,0,2,1,0,2,1,0,0,4.7171e-05,0.011672955,5.756e-06,0.011601679,2.4692e-05,0.004297604027669877,0.008041422988753766,0.0008861160022206604,0.0016878869500942528,0.016549521998967975,12.2968255461,0.842605790305,0.0671405189401,0.1579019429182607,0.12606859903645048,0.22493833948581396
100,2,reference_ik,randomized,distant,False,True,,0.14093557797605172,0.14422489400021732,0.1625431390129961,0.14093557797605172,0,0,0,0,0,0,0,0,0,0,0,0,0,0,0,0.004297604027669877,0.008041422988753766,0.0008861160022206604,0.0016878869500942528,0.016549521998967975,5.25945038772,0.713188858627,0.0323183671786,0.11126611755775603,0.002648607799352145,0.03289302073198137
100,2,hybrid_30mm,randomized,distant,False,True,,0.12477123003918678,0.12817874498432502,0.1464969899971038,0.12477123003918678,1,1,0,1,1,0,1,1,0,0,4.7015e-05,0.004298536,4.497e-06,0.004234252,2.6536e-05,0.004297604027669877,0.008041422988753766,0.0008861160022206604,0.0016878869500942528,0.016549521998967975,5.55378808402,0.476088343476,0.0306745868581,0.1267948636612265,0.04696543748169469,0.09364728790319692
100,2,gmm,randomized,distant,False,True,,0.10118606901960447,0.10385004599811509,0.12216829101089388,0.10118606901960447,3,2,3,0,0,0,3,2,0,0,4.8708e-05,0.01357219,3.715e-06,0.013465445,2.924e-05,0.004297604027669877,0.008041422988753766,0.0008861160022206604,0.0016878869500942528,0.016549521998967975,6.55680095735,0.555504638927,0.0675375415785,0.1582585594301593,0.09830614098088938,0.19297514388456355
100,3,reference_ik,randomized,distant,False,True,,0.14784645900363103,0.1511628229636699,0.16948106797644868,0.14784645900363103,0,0,0,0,0,0,0,0,0,0,0,0,0,0,0,0.004297604027669877,0.008041422988753766,0.0008861160022206604,0.0016878869500942528,0.016549521998967975,5.25945038772,0.713188858627,0.0323183671786,0.11126611755775603,0.002648607799352145,0.03289302073198137
100,3,gmr_30mm,randomized,distant,False,True,,0.10951343300985172,0.11245752102695405,0.13077576603973284,0.10951343300985172,1,1,0,1,1,0,1,1,0,0,1.535e-05,0.001495465,3.867e-06,0.001368778,8.0485e-05,0.004297604027669877,0.008041422988753766,0.0008861160022206604,0.0016878869500942528,0.016549521998967975,11.8120626799,0.782287785404,0.0266411250459,0.1418303156179545,0.038271162012979434,0.06972200550220471
100,3,gmm,randomized,distant,False,True,,0.19294533698121086,0.19642122503137216,0.21473947004415095,0.19294533698121086,1,1,1,0,0,0,1,1,0,0,4.5093e-05,0.002586895,4.48e-06,0.002327376,0.00015409,0.004297604027669877,0.008041422988753766,0.0008861160022206604,0.0016878869500942528,0.016549521998967975,11.7085084403,0.789855416922,0.0212953327498,0.11920701845085994,0.04006802598698289,0.07746265029122194
100,3,hybrid_30mm,randomized,distant,False,True,,0.12254295201273635,0.1256881279987283,0.1440063730115071,0.12254295201273635,1,1,0,1,1,0,1,1,0,0,3.6843e-05,0.001906364,3.804e-06,0.001778439,8.7475e-05,0.004297604027669877,0.008041422988753766,0.0008861160022206604,0.0016878869500942528,0.016549521998967975,12.6573364249,0.870817601017,0.0350136140482,0.12701493707714065,0.043122927096904,0.0767647497302736
100,4,hybrid_30mm,randomized,distant,False,True,,0.08651181997265667,0.08970939501887187,0.10802764003165066,0.08651181997265667,2,2,0,2,2,0,2,2,0,0,3.0025e-05,0.002686487,3.82e-06,0.002576564,6.5366e-05,0.004297604027669877,0.008041422988753766,0.0008861160022206604,0.0016878869500942528,0.016549521998967975,11.6485935527,0.911814304178,0.0188158622644,0.10354015120008132,0.05663054647509634,0.13859171111673568
100,4,gmm,randomized,distant,False,True,,0.18000893498538062,0.1827490220312029,0.2010672670439817,0.18000893498538062,1,1,1,0,0,0,1,1,0,0,4.8272e-05,0.003696863,4.604e-06,0.003492902,0.000120541,0.004297604027669877,0.008041422988753766,0.0008861160022206604,0.0016878869500942528,0.016549521998967975,12.6877877943,0.919951938123,0.0396358601301,0.13882671961357446,0.04538623384500899,0.07115715297970727
100,4,reference_ik,randomized,distant,False,True,,0.13874332298291847,0.14165430603316054,0.15997255104593933,0.13874332298291847,0,0,0,0,0,0,0,0,0,0,0,0,0,0,0,0.004297604027669877,0.008041422988753766,0.0008861160022206604,0.0016878869500942528,0.016549521998967975,5.25945038772,0.713188858627,0.0323183671786,0.11126611755775603,0.002648607799352145,0.03289302073198137
100,4,gmr_30mm,randomized,distant,False,True,,0.11660954798571765,0.11921367200557142,0.1375319170183502,0.11660954798571765,4,2,0,4,2,0,4,3,0,1,2.6809e-05,0.010076262,3.582e-06,0.009890425,0.000140541,0.004297604027669877,0.008041422988753766,0.0008861160022206604,0.0016878869500942528,0.016549521998967975,4.0447062112,0.540618345217,0.0452586529213,0.14617783653624952,0.02719354096265575,0.04434707032315971
5,0,gmm,randomized,central,False,True,,0.24804847000632435,0.2508059840183705,0.26902897900436074,0.24804847000632435,13,10,13,0,0,0,13,12,0,2,4.8579e-05,0.029958291,8.257e-06,0.029323543,0.000328605,0.0043181959772482514,0.007987376011442393,0.001057362009305507,0.001716107944957912,0.016682176967151463,18.7339659823,1.51113839342,0.0202386359178,0.11081778504672071,0.11145281458598796,0.32124435553053743
5,0,hybrid_30mm,randomized,central,False,True,,0.20064673299202695,0.2037117919535376,0.22193478693952784,0.20064673299202695,1,1,0,1,1,0,1,1,0,0,5.1038e-05,0.003755539,4.87e-06,0.003548538,0.00013574,0.0043181959772482514,0.007987376011442393,0.001057362009305507,0.001716107944957912,0.016682176967151463,13.0671556931,0.980589446495,0.0138825481998,0.098836566777185,0.0784165082803605,0.17645947735326117
5,0,gmr_30mm,randomized,central,False,True,,0.13053413800662383,0.13417028496041894,0.15239327994640917,0.13053413800662383,1,1,0,1,1,0,1,1,0,0,7.3101e-05,0.002217621,4.072e-06,0.002034484,0.000131938,0.0043181959772482514,0.007987376011442393,0.001057362009305507,0.001716107944957912,0.016682176967151463,12.0100681761,0.807159515681,0.0107520955698,0.08966588167608636,0.11064448136585202,0.18382649456213068
5,0,reference_ik,randomized,central,False,True,,0.13287446700269356,0.13537789497058839,0.1536008899565786,0.13287446700269356,0,0,0,0,0,0,0,0,0,0,0,0,0,0,0,0.0043181959772482514,0.007987376011442393,0.001057362009305507,0.001716107944957912,0.016682176967151463,4.93199354235,0.717445949498,0.0293367224144,0.08898386761800496,0.008284433345215642,0.09008699296847122
5,1,gmr_30mm,randomized,central,False,True,,0.09930828103097156,0.1025887550204061,0.12081175000639632,0.09930828103097156,4,3,0,4,3,0,4,4,0,1,6.031e-06,0.003996852,3.103e-06,0.003788356,0.000157446,0.0043181959772482514,0.007987376011442393,0.001057362009305507,0.001716107944957912,0.016682176967151463,12.0207856234,1.16060804557,0.0160701072258,0.05268848959301129,0.103689650709533,0.21112674930927972
5,1,reference_ik,randomized,central,False,True,,0.14159923896659166,0.14405603898921981,0.16227903397521004,0.14159923896659166,0,0,0,0,0,0,0,0,0,0,0,0,0,0,0,0.0043181959772482514,0.007987376011442393,0.001057362009305507,0.001716107944957912,0.016682176967151463,4.93199354235,0.717445949498,0.0293367224144,0.08898386761800496,0.008284433345215642,0.09008699296847122
5,1,gmm,randomized,central,False,True,,0.11263108800631016,0.11606215802021325,0.13428515300620347,0.11263108800631016,2,1,2,0,0,0,2,1,0,0,1.0637e-05,0.006801203,1.802e-06,0.006754271,2.0821e-05,0.0043181959772482514,0.007987376011442393,0.001057362009305507,0.001716107944957912,0.016682176967151463,13.1636245647,0.701441437072,0.0227533009782,0.06254903401855073,0.06775462947319352,0.1270129475936918
5,1,hybrid_30mm,randomized,central,False,True,,0.07187141000758857,0.07439379004063085,0.09261678502662107,0.07187141000758857,3,2,1,2,2,0,3,2,0,0,4.9912e-05,0.007890922,1.0043e-05,0.007638722,0.000131846,0.0043181959772482514,0.007987376011442393,0.001057362009305507,0.001716107944957912,0.016682176967151463,5.80969231637,0.56976840637,0.0247057267411,0.07164307451308538,0.04389921970742375,0.09062545543610237
5,2,gmm,randomized,central,False,True,,0.12870705203386024,0.13177765597356483,0.15000065095955506,0.12870705203386024,3,2,3,0,0,0,3,2,0,0,3.6597e-05,0.011156918,4.655e-06,0.010929884,9.7042e-05,0.0043181959772482514,0.007987376011442393,0.001057362009305507,0.001716107944957912,0.016682176967151463,11.9217078156,0.755125712885,0.0298217172147,0.08692565554271656,0.073961318757676,0.1062483543426214
5,2,gmr_30mm,randomized,central,False,True,,0.1283133000251837,0.1308879530406557,0.14911094802664593,0.1283133000251837,3,2,0,3,2,0,3,2,0,0,2.9169e-05,0.007574452,4.116e-06,0.007440484,7.4035e-05,0.0043181959772482514,0.007987376011442393,0.001057362009305507,0.001716107944957912,0.016682176967151463,10.2429327011,0.847499745239,0.0440997767525,0.14908358143564213,0.12350093825631926,0.26807144322685716
5,2,hybrid_30mm,randomized,central,False,True,,0.25819799897726625,0.2613974030246027,0.2796203980105929,0.25819799897726625,9,8,1,8,7,0,9,9,0,1,5.1228e-05,0.012576624,8.795e-06,0.012027615,0.000339903,0.0043181959772482514,0.007987376011442393,0.001057362009305507,0.001716107944957912,0.016682176967151463,18.3160199737,1.14715776238,0.0133906994283,0.07514560625249384,0.07713166343452253,0.17877697870336362
5,2,reference_ik,randomized,central,False,True,,0.14614309405442327,0.14861287199892104,0.16683586698491126,0.14614309405442327,0,0,0,0,0,0,0,0,0,0,0,0,0,0,0,0.0043181959772482514,0.007987376011442393,0.001057362009305507,0.001716107944957912,0.016682176967151463,4.93199354235,0.717445949498,0.0293367224144,0.08898386761800496,0.008284433345215642,0.09008699296847122
5,3,gmm,randomized,central,False,True,,0.13605978997657076,0.13852745498297736,0.1567504499689676,0.13605978997657076,10,4,10,0,0,0,10,9,0,5,3.3636e-05,0.027212919,7.332e-06,0.026845638,0.000212002,0.0043181959772482514,0.007987376011442393,0.001057362009305507,0.001716107944957912,0.016682176967151463,12.0335454331,0.815300123972,0.0408550242235,0.13486998562221356,0.16630035278066033,0.2604197482364983
5,3,hybrid_30mm,randomized,central,False,True,,0.17199286201503128,0.1751268749940209,0.19334986998001114,0.17199286201503128,1,1,0,1,1,0,1,1,0,0,4.9932e-05,0.002065314,4.299e-06,0.001883491,0.000125691,0.0043181959772482514,0.007987376011442393,0.001057362009305507,0.001716107944957912,0.016682176967151463,12.4273288087,0.783787322088,0.00189478683723,0.05856935117143953,0.07710833997187488,0.12600342724136923
5,3,gmr_30mm,randomized,central,False,True,,0.22344229300506413,0.2264003090094775,0.24462330399546772,0.22344229300506413,8,6,0,8,6,0,8,7,0,1,6.9601e-05,0.019277997,9.583e-06,0.018917028,0.000223822,0.0043181959772482514,0.007987376011442393,0.001057362009305507,0.001716107944957912,0.016682176967151463,12.8762055195,0.639891466318,0.014174121152,0.07641975324799267,0.02849164200344207,0.09088508157139308
5,3,reference_ik,randomized,central,False,True,,0.13536484801443294,0.13867631898028776,0.156899313966278,0.13536484801443294,0,0,0,0,0,0,0,0,0,0,0,0,0,0,0,0.0043181959772482514,0.007987376011442393,0.001057362009305507,0.001716107944957912,0.016682176967151463,4.93199354235,0.717445949498,0.0293367224144,0.08898386761800496,0.008284433345215642,0.09008699296847122
5,4,gmr_30mm,randomized,central,False,True,,0.06241359398700297,0.06564056500792503,0.08386355999391526,0.06241359398700297,3,3,0,3,3,0,3,3,0,0,1.0133e-05,0.003020419,2.01e-06,0.002940332,5.4367e-05,0.0043181959772482514,0.007987376011442393,0.001057362009305507,0.001716107944957912,0.016682176967151463,10.2882746128,0.734068695214,0.0198855920683,0.10728817125930122,0.034760570405261336,0.09007093862884821
5,4,hybrid_30mm,randomized,central,False,True,,0.18417587300064042,0.18739690200891346,0.20561989699490368,0.18417587300064042,2,1,1,1,0,0,2,1,0,0,7.6488e-05,0.008365479,6.751e-06,0.008129465,0.000111668,0.0043181959772482514,0.007987376011442393,0.001057362009305507,0.001716107944957912,0.016682176967151463,12.7175470809,0.996791356256,0.0199787804802,0.12195220497519002,0.07614230437882535,0.1922432322074116
5,4,reference_ik,randomized,central,False,True,,0.14680859295185655,0.14924007299123332,0.16746306797722355,0.14680859295185655,0,0,0,0,0,0,0,0,0,0,0,0,0,0,0,0.0043181959772482514,0.007987376011442393,0.001057362009305507,0.001716107944957912,0.016682176967151463,4.93199354235,0.717445949498,0.0293367224144,0.08898386761800496,0.008284433345215642,0.09008699296847122
5,4,gmm,randomized,central,False,True,,0.12702031602384523,0.13034086697734892,0.14856386196333915,0.12702031602384523,6,5,6,0,0,0,6,6,0,1,6.7996e-05,0.006544209,6.243e-06,0.006174946,0.000188812,0.0043181959772482514,0.007987376011442393,0.001057362009305507,0.001716107944957912,0.016682176967151463,11.9972957882,1.06761788796,0.0120869539562,0.13060341414405166,0.14277063920612623,0.2892087869132204
15,0,gmm,randomized,central,False,True,,0.14851343201007694,0.15131925599416718,0.1695643130224198,0.14851343201007694,4,2,4,0,0,0,4,3,0,1,2.849e-05,0.006681188,3.269e-06,0.006603157,2.1423e-05,0.004189170023892075,0.008026949013583362,0.0012581759947352111,0.0017362050130032003,0.016798694035969675,10.4389573459,1.33002738306,0.0113173198068,0.08972927046294282,0.15096659140741014,0.21969717753693624
15,0,hybrid_30mm,randomized,central,False,True,,0.1479677659808658,0.15065042598871514,0.16889548301696777,0.1479677659808658,4,1,1,3,1,0,4,3,0,2,2.8659e-05,0.007271295,3.734e-06,0.00714385,7.8674e-05,0.004189170023892075,0.008026949013583362,0.0012581759947352111,0.0017362050130032003,0.016798694035969675,14.9327007367,1.65783250748,0.00286793313795,0.0860497371169189,0.18093413043888396,0.2737896624231564
15,0,reference_ik,randomized,central,False,True,,0.2032629350433126,0.2062854600371793,0.22453051706543192,0.2032629350433126,0,0,0,0,0,0,0,0,0,0,0,0,0,0,0,0.004189170023892075,0.008026949013583362,0.0012581759947352111,0.0017362050130032003,0.016798694035969675,11.2681728458,1.40095430572,0.0118930612991,0.08514956291458013,0.05777475021492244,0.202908850845881
15,0,gmr_30mm,randomized,central,False,True,,0.06959703302709386,0.07187807798618451,0.09012313501443714,0.06959703302709386,2,1,0,2,1,0,2,2,0,1,2.794e-05,0.003711032,3.481e-06,0.003611718,6.5224e-05,0.004189170023892075,0.008026949013583362,0.0012581759947352111,0.0017362050130032003,0.016798694035969675,8.16603952885,0.695408404969,3.71521356126e-05,0.0765275120808272,0.06915965159491204,0.11368688016244743
15,1,reference_ik,randomized,central,False,True,,0.19792699301615357,0.20096088701393455,0.21920594404218718,0.19792699301615357,0,0,0,0,0,0,0,0,0,0,0,0,0,0,0,0.004189170023892075,0.008026949013583362,0.0012581759947352111,0.0017362050130032003,0.016798694035969675,11.2681728458,1.40095430572,0.0118930612991,0.08514956291458013,0.05777475021492244,0.202908850845881
15,1,hybrid_30mm,randomized,central,False,True,,0.3213451410410926,0.32462878798833117,0.3428738450165838,0.3213451410410926,15,9,5,10,5,0,15,15,0,6,4.8887e-05,0.033927272,8.485e-06,0.033427826,0.000348091,0.004189170023892075,0.008026949013583362,0.0012581759947352111,0.0017362050130032003,0.016798694035969675,22.1773416388,1.19431197663,0.0116357004439,0.08032139332859786,0.04524556603549217,0.17128121560935303
15,1,gmm,randomized,central,False,True,,0.2927622289862484,0.29581436497392133,0.31405942200217396,0.2927622289862484,8,5,8,0,0,0,8,7,0,2,5.1611e-05,0.014580901,4.994e-06,0.014341731,0.000103764,0.004189170023892075,0.008026949013583362,0.0012581759947352111,0.0017362050130032003,0.016798694035969675,19.5895733991,2.1706861707,0.00813433702907,0.09536754241494473,0.13262469435834803,0.26264114129342425
15,1,gmr_30mm,randomized,central,False,True,,0.09354897501179948,0.0961776070180349,0.11442266404628754,0.09354897501179948,5,2,0,5,2,0,5,3,0,1,5.2826e-05,0.021807233,8.631e-06,0.021534062,0.000167726,0.004189170023892075,0.008026949013583362,0.0012581759947352111,0.0017362050130032003,0.016798694035969675,7.40569201461,0.845280579915,0.0118973422496,0.08870199723925143,0.10192154516616872,0.22298975556327819
15,2,gmr_30mm,randomized,central,False,True,,0.15382786799455062,0.15651998395333067,0.1747650409815833,0.15382786799455062,6,3,0,6,3,0,6,6,0,3,1.1416e-05,0.005396466,3.279e-06,0.005241382,0.00011132,0.004189170023892075,0.008026949013583362,0.0012581759947352111,0.0017362050130032003,0.016798694035969675,9.1984061189,0.549028092347,0.0116106251845,0.093535085964535,0.021694856443727352,0.059068003701830955
15,2,gmm,randomized,central,False,True,,0.1306092400336638,0.133444014005363,0.15168907103361562,0.1306092400336638,8,4,8,0,0,0,8,4,0,0,5.0794e-05,0.029810382,7.667e-06,0.029584267,5.4949e-05,0.004189170023892075,0.008026949013583362,0.0012581759947352111,0.0017362050130032003,0.016798694035969675,9.18980488137,0.989034775866,0.00261324551415,0.09848832790009569,0.13677210873536458,0.2315101455713449
15,2,hybrid_30mm,randomized,central,False,True,,0.15918752498691902,0.16182466101599857,0.1800697180442512,0.15918752498691902,3,2,1,2,2,0,3,3,0,1,4.6935e-05,0.007832747,8.948e-06,0.007487777,0.000166878,0.004189170023892075,0.008026949013583362,0.0012581759947352111,0.0017362050130032003,0.016798694035969675,9.77406771986,0.734175809269,0.0121180956434,0.1072507880702363,0.06978953362325499,0.11225215613312514
15,2,reference_ik,randomized,central,False,True,,0.19763728301040828,0.2001464130007662,0.21839147002901882,0.19763728301040828,0,0,0,0,0,0,0,0,0,0,0,0,0,0,0,0.004189170023892075,0.008026949013583362,0.0012581759947352111,0.0017362050130032003,0.016798694035969675,11.2681728458,1.40095430572,0.0118930612991,0.08514956291458013,0.05777475021492244,0.202908850845881
15,3,gmm,randomized,central,False,True,,0.14734473900170997,0.15040881204186007,0.1686538690701127,0.14734473900170997,3,2,3,0,0,0,3,2,0,0,4.8815e-05,0.012782368,5.594e-06,0.012622779,5.4601e-05,0.004189170023892075,0.008026949013583362,0.0012581759947352111,0.0017362050130032003,0.016798694035969675,10.0560768426,1.04656317571,0.0118448950018,0.0923054509866405,0.1011715521989398,0.215233314037227
15,3,reference_ik,randomized,central,False,True,,0.19768638297682628,0.20086039503803477,0.2191054520662874,0.19768638297682628,0,0,0,0,0,0,0,0,0,0,0,0,0,0,0,0.004189170023892075,0.008026949013583362,0.0012581759947352111,0.0017362050130032003,0.016798694035969675,11.2681728458,1.40095430572,0.0118930612991,0.08514956291458013,0.05777475021492244,0.202908850845881
15,3,gmr_30mm,randomized,central,False,True,,0.15693723800359294,0.15939471899764612,0.17763977602589875,0.15693723800359294,3,2,0,3,2,0,3,2,0,0,4.5313e-05,0.011209634,5.662e-06,0.011119747,3.5249e-05,0.004189170023892075,0.008026949013583362,0.0012581759947352111,0.0017362050130032003,0.016798694035969675,10.2040452552,1.12799443237,0.0119759351628,0.09637865301291747,0.12647851832525675,0.24106030142758517
15,3,hybrid_30mm,randomized,central,False,True,,0.06876742502208799,0.07160257000941783,0.08984762703767046,0.06876742502208799,1,1,0,1,1,0,1,1,0,0,2.6376e-05,0.004149425,2.728e-06,0.00405273,5.3363e-05,0.004189170023892075,0.008026949013583362,0.0012581759947352111,0.0017362050130032003,0.016798694035969675,8.17685215603,0.843500516459,0.0121012889344,0.09046881679091158,0.14046060269154123,0.247822008918517
15,4,gmr_30mm,randomized,central,False,True,,0.15423494100105017,0.1566133699961938,0.17485842702444643,0.15423494100105017,3,1,0,3,1,0,3,1,0,0,4.8809e-05,0.015885476,8.79e-06,0.015709674,8.3658e-05,0.004189170023892075,0.008026949013583362,0.0012581759947352111,0.0017362050130032003,0.016798694035969675,9.51679393072,0.922999562145,0.0122375618363,0.09326046638918244,0.13228967969841504,0.25390660785269514
15,4,gmm,randomized,central,False,True,,0.14837154099950567,0.15084105799905956,0.1690861150273122,0.14837154099950567,2,2,2,0,0,0,2,2,0,0,4.769e-05,0.004698796,4.537e-06,0.004385447,0.000170894,0.004189170023892075,0.008026949013583362,0.0012581759947352111,0.0017362050130032003,0.016798694035969675,12.5040462234,1.49952932188,0.0120323081311,0.09480689149333661,0.1407590575373851,0.20214733644163266
15,4,reference_ik,randomized,central,False,True,,0.19639104197267443,0.19873448397265747,0.2169795410009101,0.19639104197267443,0,0,0,0,0,0,0,0,0,0,0,0,0,0,0,0.004189170023892075,0.008026949013583362,0.0012581759947352111,0.0017362050130032003,0.016798694035969675,11.2681728458,1.40095430572,0.0118930612991,0.08514956291458013,0.05777475021492244,0.202908850845881
15,4,hybrid_30mm,randomized,central,False,True,,0.11694116401486099,0.11985473800450563,0.13809979503275827,0.11694116401486099,9,7,0,9,7,0,9,8,0,1,4.7429e-05,0.02239534,8.004e-06,0.021962168,0.00033021,0.004189170023892075,0.008026949013583362,0.0012581759947352111,0.0017362050130032003,0.016798694035969675,7.61428947833,0.715296534355,0.0113394499945,0.09003369264937962,0.0869624731819096,0.15025132395125831
17,0,hybrid_30mm,randomized,central,False,True,,0.09650906198658049,0.0987808249774389,0.11691314895870164,0.09650906198658049,7,3,2,5,3,0,7,7,0,4,3.0126e-05,0.008580383,6.979e-06,0.008162351,0.000320814,0.004283135000150651,0.008045704977121204,0.0008529530023224652,0.0017176379915326834,0.016516308998689055,3.8009590787,0.419353196654,0.00429892110156,0.09662500336989922,0.032242326846873975,0.053170769541345544
17,0,gmm,randomized,central,False,True,,0.1502497789915651,0.1527637760154903,0.17089609999675304,0.1502497789915651,6,4,6,0,0,0,6,5,0,1,4.4681e-05,0.018226903,7.932e-06,0.017504668,0.000408956,0.004283135000150651,0.008045704977121204,0.0008529530023224652,0.0017176379915326834,0.016516308998689055,6.50573819749,0.512410022045,0.0116987037649,0.0928381318223516,0.06636413241152349,0.1076566650531948
17,0,gmr_30mm,randomized,central,False,True,,0.1944080379907973,0.19745616900036111,0.21558849298162386,0.1944080379907973,3,1,0,3,1,0,3,2,0,1,4.5846e-05,0.012707277,9.964e-06,0.012112325,0.000473088,0.004283135000150651,0.008045704977121204,0.0008529530023224652,0.0017176379915326834,0.016516308998689055,11.7277455096,0.762877286916,0.00367544635316,0.10322752782621494,0.03032104553235059,0.07366271387198915
17,0,reference_ik,randomized,central,False,True,,0.12329018698073924,0.12632990401471034,0.14446222799597308,0.12329018698073924,0,0,0,0,0,0,0,0,0,0,0,0,0,0,0,0.004283135000150651,0.008045704977121204,0.0008529530023224652,0.0017176379915326834,0.016516308998689055,4.71665941768,0.663944606135,0.0112544623108,0.12172678866890335,0.002316899635514678,0.04100646637427303
17,1,gmr_30mm,randomized,central,False,True,,0.06490300496807322,0.06748292897827923,0.08561525295954198,0.06490300496807322,1,1,0,1,1,0,1,1,0,0,1.0599e-05,0.000256452,1.238e-06,0.00022002,2.5561e-05,0.004283135000150651,0.008045704977121204,0.0008529530023224652,0.0017176379915326834,0.016516308998689055,11.8825591484,0.777890274451,0.0109094567943,0.0716180060221099,0.0681226490846772,0.14247051990409237
17,1,gmm,randomized,central,False,True,,0.09527031099423766,0.09799253399251029,0.11612485797377303,0.09527031099423766,1,1,1,0,0,0,1,1,0,0,7.2028e-05,0.001477998,3.541e-06,0.001317066,7.6046e-05,0.004283135000150651,0.008045704977121204,0.0008529530023224652,0.0017176379915326834,0.016516308998689055,8.10475778091,0.718984623864,0.0111586929103,0.10517920585099996,0.06577490996870683,0.16366066535760243
17,1,hybrid_30mm,randomized,central,False,True,,0.15595553198363632,0.15873860102146864,0.17687092500273138,0.15595553198363632,1,1,0,1,1,0,1,1,0,0,4.7538e-05,0.001294459,5.435e-06,0.001097363,0.000128449,0.004283135000150651,0.008045704977121204,0.0008529530023224652,0.0017176379915326834,0.016516308998689055,12.6736096431,1.00701171284,0.0112604234206,0.12414425984489524,0.08620706369293485,0.17873376453352685
17,1,reference_ik,randomized,central,False,True,,0.12456262100022286,0.12747793400194496,0.1456102579832077,0.12456262100022286,0,0,0,0,0,0,0,0,0,0,0,0,0,0,0,0.004283135000150651,0.008045704977121204,0.0008529530023224652,0.0017176379915326834,0.016516308998689055,4.71665941768,0.663944606135,0.0112544623108,0.12172678866890335,0.002316899635514678,0.04100646637427303
17,2,gmm,randomized,central,False,True,,0.1660030939965509,0.1691077970317565,0.18724012101301923,0.1660030939965509,13,8,13,0,0,0,13,12,0,4,1.9954e-05,0.014674323,3.277e-06,0.01444645,0.000131437,0.004283135000150651,0.008045704977121204,0.0008529530023224652,0.0017176379915326834,0.016516308998689055,17.1881946934,1.4376478129,0.00216174153846,0.09280898112326065,0.08427292964291831,0.1902443516914421
17,2,reference_ik,randomized,central,False,True,,0.12450419703964144,0.1276402990333736,0.14577262301463634,0.12450419703964144,0,0,0,0,0,0,0,0,0,0,0,0,0,0,0,0.004283135000150651,0.008045704977121204,0.0008529530023224652,0.0017176379915326834,0.016516308998689055,4.71665941768,0.663944606135,0.0112544623108,0.12172678866890335,0.002316899635514678,0.04100646637427303
17,2,gmr_30mm,randomized,central,False,True,,0.061830507998820394,0.06502184399869293,0.08315416797995567,0.061830507998820394,1,1,0,1,1,0,1,1,0,0,4.6995e-05,0.004865082,3.334e-06,0.004817675,1.3642e-05,0.004283135000150651,0.008045704977121204,0.0008529530023224652,0.0017176379915326834,0.016516308998689055,5.10562658328,0.442416194461,0.00335605958605,0.07249733528438243,0.04408045279653783,0.08294496630410277
17,2,hybrid_30mm,randomized,central,False,True,,0.11641757097095251,0.1191091780201532,0.13724150200141594,0.11641757097095251,4,2,2,2,0,0,4,2,0,0,4.9354e-05,0.012794084,7.725e-06,0.012518707,0.000147005,0.004283135000150651,0.008045704977121204,0.0008529530023224652,0.0017176379915326834,0.016516308998689055,10.0406227498,0.693073393152,0.0115081557523,0.12111047688158047,0.07293445388147349,0.13775825084719476
17,3,gmm,randomized,central,False,True,,0.0769176910398528,0.0791378709836863,0.09727019496494904,0.0769176910398528,5,2,5,0,0,0,5,4,0,2,1.3872e-05,0.0120213,2.267e-06,0.011861248,9.5893e-05,0.004283135000150651,0.008045704977121204,0.0008529530023224652,0.0017176379915326834,0.016516308998689055,10.6518893355,0.726202544015,0.0112910140931,0.12412787510708947,0.07833047623414567,0.15378580781294396
17,3,gmr_30mm,randomized,central,False,True,,0.07985624799039215,0.0829607829800807,0.10109310696134344,0.07985624799039215,6,6,0,6,6,0,6,6,0,0,1.2316e-05,0.004945014,2.324e-06,0.004830345,8.0253e-05,0.004283135000150651,0.008045704977121204,0.0008529530023224652,0.0017176379915326834,0.016516308998689055,12.506056042,1.02606109108,0.0106084224534,0.12381482950674888,0.12039862045080554,0.20744145891586765
17,3,hybrid_30mm,randomized,central,False,True,,0.08930076903197914,0.09245150600327179,0.11058382998453453,0.08930076903197914,1,1,1,0,0,0,1,1,0,0,4.843e-05,0.004194494,3.464e-06,0.00412672,1.4613e-05,0.004283135000150651,0.008045704977121204,0.0008529530023224652,0.0017176379915326834,0.016516308998689055,3.33599630004,0.469622648031,0.0117397211919,0.08742451041449517,0.0225007774786589,0.04985066675071895
17,3,reference_ik,randomized,central,False,True,,0.12325459200656042,0.12626048194942996,0.1443928059306927,0.12325459200656042,0,0,0,0,0,0,0,0,0,0,0,0,0,0,0,0.004283135000150651,0.008045704977121204,0.0008529530023224652,0.0017176379915326834,0.016516308998689055,4.71665941768,0.663944606135,0.0112544623108,0.12172678866890335,0.002316899635514678,0.04100646637427303
17,4,gmm,randomized,central,False,True,,0.23961001500720158,0.2423328859731555,0.26046520995441824,0.23961001500720158,10,7,10,0,0,0,10,9,0,2,3.2343e-05,0.016784245,4.487e-06,0.016502905,0.000147154,0.004283135000150651,0.008045704977121204,0.0008529530023224652,0.0017176379915326834,0.016516308998689055,21.2927852853,1.53765538935,0.00496951311784,0.058939828545778505,0.0943771977578705,0.19070165177144496
17,4,gmr_30mm,randomized,central,False,True,,0.15947576897451654,0.1622063880204223,0.18033871200168505,0.15947576897451654,2,2,0,2,2,0,2,2,0,0,5.0807e-05,0.004387109,7.285e-06,0.004138123,0.000147765,0.004283135000150651,0.008045704977121204,0.0008529530023224652,0.0017176379915326834,0.016516308998689055,10.9320049763,0.665607946003,0.0117192773532,0.10384114134719184,0.03186948705828209,0.06972420403071136
17,4,reference_ik,randomized,central,False,True,,0.13247908401535824,0.13503177795791999,0.15316410193918273,0.13247908401535824,0,0,0,0,0,0,0,0,0,0,0,0,0,0,0,0.004283135000150651,0.008045704977121204,0.0008529530023224652,0.0017176379915326834,0.016516308998689055,4.71665941768,0.663944606135,0.0112544623108,0.12172678866890335,0.002316899635514678,0.04100646637427303
17,4,hybrid_30mm,randomized,central,False,True,,0.07430108200060204,0.07674863695865497,0.09488096093991771,0.07430108200060204,2,1,1,1,1,0,2,2,0,1,2.6741e-05,0.007228083,4.687e-06,0.007113075,6.0709e-05,0.004283135000150651,0.008045704977121204,0.0008529530023224652,0.0017176379915326834,0.016516308998689055,5.71184976641,0.460318029976,0.0013764162799,0.10768442976962746,0.03348617570467391,0.0693483570190604
68,0,reference_ik,randomized,offset,False,True,,0.1613423620001413,0.1635560560389422,0.18140924006002024,0.1613423620001413,0,0,0,0,0,0,0,0,0,0,0,0,0,0,0,0.004233033978380263,0.007982752984389663,0.0007981730159372091,0.0017153149819932878,0.01632096600951627,6.09758549438,0.82701306284,0.0253670014576,0.12262542145511739,0.008302057160724402,0.1130080394735274
68,0,hybrid_30mm,randomized,offset,False,True,,0.047378367045894265,0.05012962897308171,0.06798281299415976,0.047378367045894265,7,5,0,7,5,0,7,7,0,2,7.074e-06,0.002548424,3.458e-06,0.002335636,0.00015719,0.004233033978380263,0.007982752984389663,0.0007981730159372091,0.0017153149819932878,0.01632096600951627,5.3424883415,0.659280585389,0.0324063795449,0.11186432575589919,0.049229028940229264,0.11333873429885849
68,0,gmr_30mm,randomized,offset,False,True,,0.06850194401340559,0.07114284497220069,0.08899602899327874,0.06850194401340559,2,2,0,2,2,0,2,2,0,0,5.0746e-05,0.003694394,5.495e-06,0.003517283,9.4748e-05,0.004233033978380263,0.007982752984389663,0.0007981730159372091,0.0017153149819932878,0.01632096600951627,5.6280164824,0.62447444906,0.00581459381547,0.08052907393122181,0.046540358914860594,0.11399370889324682
68,0,gmm,randomized,offset,False,True,,0.14958994300104678,0.15279716497752815,0.1706503489986062,0.14958994300104678,8,5,8,0,0,0,8,8,0,3,2.4951e-05,0.011155259,5.275e-06,0.01069271,0.000295271,0.004233033978380263,0.007982752984389663,0.0007981730159372091,0.0017153149819932878,0.01632096600951627,16.2108749082,1.10076393306,0.00476389292832,0.0792446074674088,0.061769597585762615,0.11261598242036017
68,1,reference_ik,randomized,offset,False,True,,0.14929906697943807,0.15167707001091912,0.16953025403199717,0.14929906697943807,0,0,0,0,0,0,0,0,0,0,0,0,0,0,0,0.004233033978380263,0.007982752984389663,0.0007981730159372091,0.0017153149819932878,0.01632096600951627,6.09758549438,0.82701306284,0.0253670014576,0.12262542145511739,0.008302057160724402,0.1130080394735274
68,1,gmr_30mm,randomized,offset,False,True,,0.12728459801292047,0.13032851496245712,0.14818169898353517,0.12728459801292047,3,3,0,3,3,0,3,3,0,0,4.5248e-05,0.005106442,4.764e-06,0.005010937,4.6739e-05,0.004233033978380263,0.007982752984389663,0.0007981730159372091,0.0017153149819932878,0.01632096600951627,5.75379466481,0.600419077471,0.0303992989007,0.09797289331514192,0.06343442708128005,0.11748622799159708
68,1,gmm,randomized,offset,False,True,,0.1722787760081701,0.17497994599398226,0.1928331300150603,0.1722787760081701,10,6,10,0,0,0,10,8,0,2,5.1636e-05,0.021053692,9.768e-06,0.020467761,0.000309495,0.004233033978380263,0.007982752984389663,0.0007981730159372091,0.0017153149819932878,0.01632096600951627,9.48914187713,0.584515701264,0.0137503086282,0.12262542145511739,0.11652860027798416,0.16181683507613862
68,1,hybrid_30mm,randomized,offset,False,True,,0.10338644002331421,0.10686263599200174,0.12471582001307979,0.10338644002331421,1,1,0,1,1,0,1,1,0,0,1.181e-05,0.000635547,1.57e-06,0.00058596,3.685e-05,0.004233033978380263,0.007982752984389663,0.0007981730159372091,0.0017153149819932878,0.01632096600951627,14.3579692034,1.26259591261,0.00583199315772,0.09441448699364867,0.1499920323927249,0.23164404994778434
68,2,reference_ik,randomized,offset,False,True,,0.1512540639960207,0.1542221829877235,0.17207536700880155,0.1512540639960207,0,0,0,0,0,0,0,0,0,0,0,0,0,0,0,0.004233033978380263,0.007982752984389663,0.0007981730159372091,0.0017153149819932878,0.01632096600951627,6.09758549438,0.82701306284,0.0253670014576,0.12262542145511739,0.008302057160724402,0.1130080394735274
68,2,gmm,randomized,offset,False,True,,0.2562466239905916,0.2588744059903547,0.27672759001143277,0.2562466239905916,18,10,18,0,0,0,18,15,0,5,4.915e-05,0.036134356,1.2386e-05,0.035162091,0.000518437,0.004233033978380263,0.007982752984389663,0.0007981730159372091,0.0017153149819932878,0.01632096600951627,17.4103669284,1.03768531105,0.00167111409988,0.0907532853293625,0.08061841599096983,0.1361324874755391
68,2,hybrid_30mm,randomized,offset,False,True,,0.112425945000723,0.11504377500386909,0.13289695902494714,0.112425945000723,5,5,2,3,3,0,5,5,0,0,4.9728e-05,0.006636447,9.562e-06,0.006154579,0.000300928,0.004233033978380263,0.007982752984389663,0.0007981730159372091,0.0017153149819932878,0.01632096600951627,6.67574950442,0.624524002927,0.0146027914031,0.12262542145511739,0.08351961125291879,0.21731232546601453
68,2,gmr_30mm,randomized,offset,False,True,,0.09886227699462324,0.10134256997844204,0.1191957539995201,0.09886227699462324,3,3,0,3,3,0,3,3,0,0,1.0608e-05,0.001997295,2.217e-06,0.001922814,4.6058e-05,0.004233033978380263,0.007982752984389663,0.0007981730159372091,0.0017153149819932878,0.01632096600951627,12.7698333513,0.890546025935,0.00113437381515,0.07989550249674711,0.05122059015923103,0.11713494247641068
68,3,gmm,randomized,offset,False,True,,0.12504178896779194,0.12796880799578503,0.14582199201686308,0.12504178896779194,12,8,12,0,0,0,12,10,0,2,1.4106e-05,0.022632967,3.499e-06,0.022362625,0.000154502,0.004233033978380263,0.007982752984389663,0.0007981730159372091,0.0017153149819932878,0.01632096600951627,12.9443512749,0.865317077821,0.0129640133901,0.09560784044408749,0.09730787876295618,0.18815756458098273
68,3,reference_ik,randomized,offset,False,True,,0.15333013504277915,0.15623859904007986,0.1740917830611579,0.15333013504277915,0,0,0,0,0,0,0,0,0,0,0,0,0,0,0,0.004233033978380263,0.007982752984389663,0.0007981730159372091,0.0017153149819932878,0.01632096600951627,6.09758549438,0.82701306284,0.0253670014576,0.12262542145511739,0.008302057160724402,0.1130080394735274
68,3,gmr_30mm,randomized,offset,False,True,,0.10995686298701912,0.11290130001725629,0.13075448403833434,0.10995686298701912,1,1,0,1,1,0,1,1,0,0,3.046e-05,0.00453881,2.834e-06,0.004418223,8.0068e-05,0.004233033978380263,0.007982752984389663,0.0007981730159372091,0.0017153149819932878,0.01632096600951627,14.3623840343,1.36351788064,0.0171530968451,0.12178363989053517,0.17830005384015626,0.26645196002892835
68,3,hybrid_30mm,randomized,offset,False,True,,0.09612022404326126,0.09890574001474306,0.11675892403582111,0.09612022404326126,3,2,1,2,2,0,3,2,0,0,5.0834e-05,0.007255329,6.296e-06,0.007095384,8.6934e-05,0.004233033978380263,0.007982752984389663,0.0007981730159372091,0.0017153149819932878,0.01632096600951627,9.69707312101,0.703356301595,0.0125528456341,0.08232818111844843,0.0517153118547258,0.11542990724343333
68,4,reference_ik,randomized,offset,False,True,,0.1526077559683472,0.1555749640101567,0.17342814803123474,0.1526077559683472,0,0,0,0,0,0,0,0,0,0,0,0,0,0,0,0.004233033978380263,0.007982752984389663,0.0007981730159372091,0.0017153149819932878,0.01632096600951627,6.09758549438,0.82701306284,0.0253670014576,0.12262542145511739,0.008302057160724402,0.1130080394735274
68,4,hybrid_30mm,randomized,offset,False,True,,0.13590224896324798,0.13829769199946895,0.156150876020547,0.13590224896324798,1,1,0,1,1,0,1,1,0,0,4.9584e-05,0.003390271,4.498e-06,0.003261956,7.3204e-05,0.004233033978380263,0.007982752984389663,0.0007981730159372091,0.0017153149819932878,0.01632096600951627,8.9640994165,0.72334879316,0.00770342531299,0.12093022130262848,0.04723993182185942,0.11256307438988743
68,4,gmm,randomized,offset,False,True,,0.18337810900993645,0.18639802903635427,0.20425121305743232,0.18337810900993645,4,1,4,0,0,0,4,2,0,1,2.4572e-05,0.019626693,4.303e-06,0.019498835,5.132e-05,0.004233033978380263,0.007982752984389663,0.0007981730159372091,0.0017153149819932878,0.01632096600951627,14.3557859108,1.26983955152,0.0179855466496,0.10945088939251,0.16852634405052655,0.2576007581362419
68,4,gmr_30mm,randomized,offset,False,True,,0.1686326169874519,0.17092734901234508,0.18878053303342313,0.1686326169874519,5,3,0,5,3,0,5,4,0,1,4.9791e-05,0.01435597,6.81e-06,0.014217201,7.9061e-05,0.004233033978380263,0.007982752984389663,0.0007981730159372091,0.0017153149819932878,0.01632096600951627,14.3556771406,1.28205386244,0.00159417587154,0.08447035244120187,0.14881211394987753,0.23828916812145037
37,0,gmr_30mm,randomized,central,False,True,,0.15149871102767065,0.15429445798508823,0.1719432040117681,0.15149871102767065,1,1,0,1,1,0,1,1,0,0,4.8924e-05,0.002940591,4.301e-06,0.002648226,0.000235473,0.004166844009887427,0.008008522039745003,0.000799019995611161,0.0017204850446432829,0.016285200021229684,14.6808560293,1.10551371534,0.0216895264047,0.10160027785644761,0.11586056039226782,0.16717044500309475
37,0,reference_ik,randomized,central,False,False,reference_ik,0.06815262598684058,0.07032544404501095,0.08797419007169083,6.0,0,0,0,0,0,0,0,0,0,0,0,0,0,0,0,0.004166844009887427,0.008008522039745003,0.000799019995611161,0.0017204850446432829,0.016285200021229684,,,,,,
37,0,hybrid_30mm,randomized,central,False,True,,0.10274197201943025,0.10534589400049299,0.12299464002717286,0.10274197201943025,3,1,0,3,1,0,3,1,0,0,4.9707e-05,0.011122889,6.085e-06,0.011058511,1.5806e-05,0.004166844009887427,0.008008522039745003,0.000799019995611161,0.0017204850446432829,0.016285200021229684,4.75102409957,0.616545011012,0.0324123189886,0.11737752488117334,0.04308529025343525,0.10267510746769981
37,0,gmm,randomized,central,False,True,,0.22836138599086553,0.2312220109743066,0.2488707570009865,0.22836138599086553,17,8,17,0,0,0,17,12,0,4,4.758e-05,0.047603375,1.1308e-05,0.046424744,0.000736374,0.004166844009887427,0.008008522039745003,0.000799019995611161,0.0017204850446432829,0.016285200021229684,12.7812608196,1.33693835453,0.0578861771533,0.16039214499016743,0.14441415238706662,0.2929234543161833
37,1,gmr_30mm,randomized,central,False,True,,0.14805155101930723,0.1511083510122262,0.16875709703890607,0.14805155101930723,2,2,0,2,2,0,2,2,0,0,1.1736e-05,0.000799535,2.316e-06,0.00073932,3.5625e-05,0.004166844009887427,0.008008522039745003,0.000799019995611161,0.0017204850446432829,0.016285200021229684,10.8439437126,0.694559679141,0.000326282453011,0.09102971854929616,0.0815260523147521,0.13979041912837306
37,1,gmm,randomized,central,False,True,,0.09674559201812372,0.09949768596561626,0.11714643199229613,0.09674559201812372,2,1,2,0,0,0,2,1,0,0,5.3203e-05,0.005869106,5.105e-06,0.005657757,8.9375e-05,0.004166844009887427,0.008008522039745003,0.000799019995611161,0.0017204850446432829,0.016285200021229684,10.8288604847,0.741619439674,0.00304009722842,0.09290053437292822,0.0754182689672504,0.12502235969796394
37,1,reference_ik,randomized,central,False,False,reference_ik,0.07043283898383379,0.07305020705098286,0.09069895307766274,6.0,0,0,0,0,0,0,0,0,0,0,0,0,0,0,0,0.004166844009887427,0.008008522039745003,0.000799019995611161,0.0017204850446432829,0.016285200021229684,,,,,,
37,1,hybrid_30mm,randomized,central,False,True,,0.1154786660335958,0.11776945501333103,0.1354182010400109,0.1154786660335958,8,4,0,8,4,0,8,4,0,0,5.3351e-05,0.038069378,5.826e-06,0.037823522,0.000146687,0.004166844009887427,0.008008522039745003,0.000799019995611161,0.0017204850446432829,0.016285200021229684,6.28111756525,0.58137506158,0.0348049009319,0.1345427176405479,0.05903159835679859,0.10873576943696137
37,2,gmr_30mm,randomized,central,False,True,,0.16597205703146756,0.16908494103699923,0.1867336870636791,0.16597205703146756,6,3,0,6,3,0,6,3,0,0,4.6194e-05,0.017576396,6.178e-06,0.017457482,4.16e-05,0.004166844009887427,0.008008522039745003,0.000799019995611161,0.0017204850446432829,0.016285200021229684,11.9449643648,0.772086575339,0.0287787001941,0.10355909574128343,0.053130126936417665,0.11806801039429442
37,2,gmm,randomized,central,False,True,,0.12141530803637579,0.12381068198010325,0.14145942800678313,0.12141530803637579,7,3,7,0,0,0,7,4,0,1,5.1417e-05,0.02278547,7.301e-06,0.022581647,5.4463e-05,0.004166844009887427,0.008008522039745003,0.000799019995611161,0.0017204850446432829,0.016285200021229684,4.85476371115,0.626940428676,0.0552808231736,0.14972836323163385,0.040340140251090756,0.07404537309550799
37,2,reference_ik,randomized,central,False,False,reference_ik,0.06714432098669931,0.06923495896626264,0.08688370499294251,6.0,0,0,0,0,0,0,0,0,0,0,0,0,0,0,0,0.004166844009887427,0.008008522039745003,0.000799019995611161,0.0017204850446432829,0.016285200021229684,,,,,,
37,2,hybrid_30mm,randomized,central,False,True,,0.040670748974662274,0.04274434800026938,0.06039309402694926,0.040670748974662274,1,1,0,1,1,0,1,1,0,0,1.0223e-05,0.000583144,2.55e-06,0.000508525,4.3341e-05,0.004166844009887427,0.008008522039745003,0.000799019995611161,0.0017204850446432829,0.016285200021229684,3.88486014375,0.555143502403,0.0237888012384,0.11648418975047332,0.056144983897300424,0.10508623574815941
37,3,gmr_30mm,randomized,central,False,True,,0.05185747903306037,0.054894576023798436,0.07254332205047831,0.05185747903306037,1,1,0,1,1,0,1,1,0,0,7.345e-06,0.000741624,1.565e-06,0.000707564,2.0652e-05,0.004166844009887427,0.008008522039745003,0.000799019995611161,0.0017204850446432829,0.016285200021229684,8.16668802454,0.723287407952,0.057770903905,0.14333375095540526,0.06563910843455685,0.113623666721666
37,3,hybrid_30mm,randomized,central,False,True,,0.10388488601893187,0.10678423300851136,0.12443297903519124,0.10388488601893187,4,1,1,3,0,0,4,1,0,0,5.0009e-05,0.017851276,6.828e-06,0.017743103,3.5499e-05,0.004166844009887427,0.008008522039745003,0.000799019995611161,0.0017204850446432829,0.016285200021229684,6.77690285955,0.748205907885,0.0572900806228,0.1293110284942253,0.0575390516286892,0.09677651329674251
37,3,gmm,randomized,central,False,True,,0.0888430789927952,0.09150391700677574,0.10915266303345561,0.0888430789927952,3,1,3,0,0,0,3,1,0,0,4.6506e-05,0.011849737,4.501e-06,0.011742104,2.6454e-05,0.004166844009887427,0.008008522039745003,0.000799019995611161,0.0017204850446432829,0.016285200021229684,6.71355607723,0.729814595434,0.0574019830921,0.13011998464557456,0.08303068952564731,0.1317412224596709
37,3,reference_ik,randomized,central,False,False,reference_ik,0.06728124903747812,0.0698258809861727,0.08747462701285258,6.0,0,0,0,0,0,0,0,0,0,0,0,0,0,0,0,0.004166844009887427,0.008008522039745003,0.000799019995611161,0.0017204850446432829,0.016285200021229684,,,,,,
37,4,gmr_30mm,randomized,central,False,True,,0.1733750940184109,0.17602997896028683,0.1936787249869667,0.1733750940184109,6,2,0,6,2,0,6,3,0,1,3.2107e-05,0.021675324,5.864e-06,0.02147365,0.000114851,0.004166844009887427,0.008008522039745003,0.000799019995611161,0.0017204850446432829,0.016285200021229684,13.1819286305,1.27351973409,0.0579104281132,0.16240319529258748,0.1232306624233192,0.251465904040423
37,4,hybrid_30mm,randomized,central,False,True,,0.08761482097906992,0.0901265399879776,0.10777528601465747,0.08761482097906992,10,2,0,10,2,0,10,8,0,6,4.6698e-05,0.020533877,8.605e-06,0.020105529,0.000313999,0.004166844009887427,0.008008522039745003,0.000799019995611161,0.0017204850446432829,0.016285200021229684,4.3100667871,0.546228840056,0.00472822831143,0.11180437089370897,0.05826433036163113,0.12019906654325604
37,4,gmm,randomized,central,False,True,,0.3350462240050547,0.3384350550477393,0.35608380107441917,0.3350462240050547,16,6,16,0,0,0,16,7,0,1,4.6234e-05,0.05813729,6.932e-06,0.057744653,0.000151745,0.004166844009887427,0.008008522039745003,0.000799019995611161,0.0017204850446432829,0.016285200021229684,18.2018820903,1.10155410452,0.0509223172967,0.11324638385703019,0.09953071241305748,0.15509103420855164
37,4,reference_ik,randomized,central,False,False,reference_ik,0.0691667859791778,0.07128212600946426,0.08893087203614414,6.0,0,0,0,0,0,0,0,0,0,0,0,0,0,0,0,0.004166844009887427,0.008008522039745003,0.000799019995611161,0.0017204850446432829,0.016285200021229684,,,,,,
72,0,reference_ik,randomized,offset,False,True,,0.13869026803877205,0.14113294298294932,0.15906325198011473,0.13869026803877205,0,0,0,0,0,0,0,0,0,0,0,0,0,0,0,0.004295687016565353,0.008046038972679526,0.0008436210337094963,0.001742941967677325,0.016536189010366797,5.52238422952,0.741639438952,0.030218966306,0.12247405926521071,0.001968081333811347,0.03344478076572141
72,0,gmm,randomized,offset,False,True,,0.1500346019747667,0.15283889399142936,0.17076920298859477,0.1500346019747667,14,8,14,0,0,0,14,11,0,3,4.8323e-05,0.033758435,7.751e-06,0.033347296,0.000198414,0.004295687016565353,0.008046038972679526,0.0008436210337094963,0.001742941967677325,0.016536189010366797,13.3835410242,0.789838712636,0.0195434042914,0.09864485647709918,0.06491922285011416,0.12045909608886879
72,0,gmr_30mm,randomized,offset,False,True,,0.12898431200301275,0.13164355204207823,0.14957386103924364,0.12898431200301275,1,1,0,1,1,0,1,1,0,0,7.9298e-05,0.003283457,4.703e-06,0.003111534,0.000117327,0.004295687016565353,0.008046038972679526,0.0008436210337094963,0.001742941967677325,0.016536189010366797,12.9037668089,0.917335934829,0.000199947277836,0.07993130691306623,0.18213896023676787,0.25671717815891926
72,0,hybrid_30mm,randomized,offset,False,True,,0.12073340400820598,0.12415998399956152,0.14209029299672693,0.12073340400820598,4,4,0,4,4,0,4,4,0,0,4.2891e-05,0.006790655,7.052e-06,0.006483802,0.000202583,0.004295687016565353,0.008046038972679526,0.0008436210337094963,0.001742941967677325,0.016536189010366797,13.1554055228,0.954058401321,0.029465083145,0.12185532646159303,0.07265267612107916,0.10585093551838565
72,1,gmm,randomized,offset,False,True,,0.10571072995662689,0.10883065103553236,0.12676096003269777,0.10571072995662689,4,2,4,0,0,0,4,2,0,0,2.2561e-05,0.019452864,2.722e-06,0.019378533,2.4274e-05,0.004295687016565353,0.008046038972679526,0.0008436210337094963,0.001742941967677325,0.016536189010366797,9.78902952953,0.690995732889,0.00403145621948,0.06540239522673273,0.09603771013148511,0.15400928808305298
72,1,hybrid_30mm,randomized,offset,False,True,,0.05054642498726025,0.05382454802747816,0.07175485702464357,0.05054642498726025,6,4,0,6,4,0,6,5,0,1,2.7013e-05,0.010760418,4.698e-06,0.010594456,0.00010526,0.004295687016565353,0.008046038972679526,0.0008436210337094963,0.001742941967677325,0.016536189010366797,5.28471743674,0.545378944196,0.0117361997159,0.09804929220702163,0.02923912116860354,0.07853936535246465
72,1,reference_ik,randomized,offset,False,True,,0.14042167004663497,0.14343170600477606,0.16136201500194147,0.14042167004663497,0,0,0,0,0,0,0,0,0,0,0,0,0,0,0,0.004295687016565353,0.008046038972679526,0.0008436210337094963,0.001742941967677325,0.016536189010366797,5.52238422952,0.741639438952,0.030218966306,0.12247405926521071,0.001968081333811347,0.03344478076572141
72,1,gmr_30mm,randomized,offset,False,True,,0.17277588800061494,0.17565221502445638,0.1935825240216218,0.17277588800061494,6,4,0,6,4,0,6,5,0,1,2.0647e-05,0.008506385,3.833e-06,0.00841724,4.8166e-05,0.004295687016565353,0.008046038972679526,0.0008436210337094963,0.001742941967677325,0.016536189010366797,9.24628091871,0.716464807659,0.00539645856431,0.11786390592304992,0.04401986645608292,0.08980947359186199
72,2,gmr_30mm,randomized,offset,False,True,,0.20878491102484986,0.21189913497073576,0.22982944396790117,0.20878491102484986,4,4,0,4,4,0,4,4,0,0,5.2157e-05,0.00305335,6.651e-06,0.002855485,0.000120002,0.004295687016565353,0.008046038972679526,0.0008436210337094963,0.001742941967677325,0.016536189010366797,17.6463109761,1.11596903284,0.00806089407951,0.11069103892979038,0.09364099285416123,0.19009055992567708
72,2,reference_ik,randomized,offset,False,True,,0.1436413470073603,0.1463881969684735,0.1643185059656389,0.1436413470073603,0,0,0,0,0,0,0,0,0,0,0,0,0,0,0,0.004295687016565353,0.008046038972679526,0.0008436210337094963,0.001742941967677325,0.016536189010366797,5.52238422952,0.741639438952,0.030218966306,0.12247405926521071,0.001968081333811347,0.03344478076572141
72,2,hybrid_30mm,randomized,offset,False,True,,0.15772899595322087,0.160268620995339,0.17819892999250442,0.15772899595322087,5,4,1,4,4,0,5,4,0,0,5.3032e-05,0.009567717,9.459e-06,0.009311099,0.000124701,0.004295687016565353,0.008046038972679526,0.0008436210337094963,0.001742941967677325,0.016536189010366797,11.447189675,0.583426503521,0.010091133599,0.12236204862570801,0.037611833665836696,0.08703442285797199
72,2,gmm,randomized,offset,False,True,,0.19978866504970938,0.20244578400161117,0.22037609299877658,0.19978866504970938,1,1,1,0,0,0,1,1,0,0,4.7786e-05,0.00156731,3.698e-06,0.001408591,7.1327e-05,0.004295687016565353,0.008046038972679526,0.0008436210337094963,0.001742941967677325,0.016536189010366797,13.458173846,0.690274098014,0.0171820599126,0.09067900154334257,0.03186600500742746,0.08081212862801077
72,3,hybrid_30mm,randomized,offset,False,True,,0.1511111719883047,0.1538467010250315,0.17177701002219692,0.1511111719883047,3,3,1,2,2,0,3,3,0,0,4.1357e-05,0.004158182,5.433e-06,0.003908335,0.000130552,0.004295687016565353,0.008046038972679526,0.0008436210337094963,0.001742941967677325,0.016536189010366797,7.21919555082,0.520437063814,0.00521827179383,0.09471617042413809,0.04054505527858272,0.08371685241949338
72,3,gmr_30mm,randomized,offset,False,True,,0.12959975004196167,0.1324051689589396,0.15033547795610502,0.12959975004196167,2,2,0,2,2,0,2,2,0,0,5.0329e-05,0.002607261,5.042e-06,0.002460275,8.6979e-05,0.004295687016565353,0.008046038972679526,0.0008436210337094963,0.001742941967677325,0.016536189010366797,12.5487666521,0.81670905121,0.0301415692199,0.12267526198344841,0.08265670282468655,0.18306913056110943
72,3,gmm,randomized,offset,False,True,,0.14754373201867566,0.14983392198337242,0.16776423098053783,0.14754373201867566,8,3,8,0,0,0,8,5,0,2,7.3059e-05,0.01968695,6.984e-06,0.019286129,0.000224175,0.004295687016565353,0.008046038972679526,0.0008436210337094963,0.001742941967677325,0.016536189010366797,6.83606464854,0.709843958693,0.00611941993538,0.11425398437391218,0.14589846698809156,0.2670193058892937
72,3,reference_ik,randomized,offset,False,True,,0.14994393300730735,0.15302781201899052,0.17095812101615593,0.14994393300730735,0,0,0,0,0,0,0,0,0,0,0,0,0,0,0,0.004295687016565353,0.008046038972679526,0.0008436210337094963,0.001742941967677325,0.016536189010366797,5.52238422952,0.741639438952,0.030218966306,0.12247405926521071,0.001968081333811347,0.03344478076572141
72,4,gmm,randomized,offset,False,True,,0.14855913701467216,0.15181392896920443,0.16974423796636984,0.14855913701467216,8,7,8,0,0,0,8,8,0,1,4.6882e-05,0.009925865,7.965e-06,0.009347561,0.000278895,0.004295687016565353,0.008046038972679526,0.0008436210337094963,0.001742941967677325,0.016536189010366797,5.15807326468,0.564901419521,0.0113280258276,0.09165196264294627,0.04132381360342785,0.08051798849494843
72,4,reference_ik,randomized,offset,False,True,,0.17147166398353875,0.17470198700902984,0.19263229600619525,0.17147166398353875,0,0,0,0,0,0,0,0,0,0,0,0,0,0,0,0.004295687016565353,0.008046038972679526,0.0008436210337094963,0.001742941967677325,0.016536189010366797,5.52238422952,0.741639438952,0.030218966306,0.12247405926521071,0.001968081333811347,0.03344478076572141
72,4,hybrid_30mm,randomized,offset,False,True,,0.11527240899158642,0.11831522698048502,0.13624553597765043,0.11527240899158642,2,2,0,2,2,0,2,2,0,0,1.2061e-05,0.001230236,2.469e-06,0.001115721,7.1705e-05,0.004295687016565353,0.008046038972679526,0.0008436210337094963,0.001742941967677325,0.016536189010366797,12.8250226732,0.985004326903,0.0305368444271,0.12311117044071959,0.10221186639142539,0.20592014585001392
72,4,gmr_30mm,randomized,offset,False,True,,0.14258920203428715,0.14542801497736946,0.16335832397453487,0.14258920203428715,3,3,0,3,3,0,3,3,0,0,5.1265e-05,0.00475808,6.57e-06,0.004561946,0.00011151,0.004295687016565353,0.008046038972679526,0.0008436210337094963,0.001742941967677325,0.016536189010366797,13.2945607848,1.32678718271,0.00590834623049,0.09877364440120008,0.09126408941483882,0.15442323754529597
119,0,gmr_30mm,randomized,distant,False,True,,0.07194356498075649,0.07459392200689763,0.09262915304861963,0.07194356498075649,1,1,0,1,1,0,1,1,0,0,5.3677e-05,0.00320939,3.814e-06,0.00311562,5.1064e-05,0.004277665982954204,0.008028001990169287,0.0008482009870931506,0.0017161300056613982,0.01646025199443102,4.75372146916,0.414395089356,0.0666724826636,0.19972904050353518,0.029169055624817433,0.07692137362870138
119,0,gmm,randomized,distant,False,True,,0.07212885399349034,0.07509251398732886,0.09312774502905086,0.07212885399349034,7,3,7,0,0,0,7,5,0,2,1.1509e-05,0.015656657,2.977e-06,0.015468308,0.00011037,0.004277665982954204,0.008028001990169287,0.0008482009870931506,0.0017161300056613982,0.01646025199443102,10.853384595,0.628567162521,0.0657737686455,0.19972904050353518,0.05589592455051862,0.09646642262139432
119,0,hybrid_30mm,randomized,distant,False,True,,0.10705321095883846,0.10982355399755761,0.1278587850392796,0.10705321095883846,2,1,1,1,0,0,2,1,0,0,5.1637e-05,0.010484193,6.717e-06,0.010281114,6.8108e-05,0.004277665982954204,0.008028001990169287,0.0008482009870931506,0.0017161300056613982,0.01646025199443102,7.50075214225,0.661585057265,0.0656344289861,0.19972904050353518,0.07733022429103874,0.14980669694183588
119,0,reference_ik,randomized,distant,False,True,,0.12607067002682015,0.12901686801342294,0.14705209905514494,0.12607067002682015,0,0,0,0,0,0,0,0,0,0,0,0,0,0,0,0.004277665982954204,0.008028001990169287,0.0008482009870931506,0.0017161300056613982,0.01646025199443102,4.34400153565,0.67510077104,0.0661230213789,0.19972904050353518,0.0020918171599369016,0.03698450741425291
119,1,gmm,randomized,distant,False,True,,0.07516883197240531,0.07878076296765357,0.09681599400937557,0.07516883197240531,2,1,2,0,0,0,2,2,0,1,1.0932e-05,0.001495895,1.726e-06,0.001433344,3.7158e-05,0.004277665982954204,0.008028001990169287,0.0008482009870931506,0.0017161300056613982,0.01646025199443102,12.4522773628,0.833263899727,0.0664111737618,0.19972904050353518,0.11867300262730109,0.16322800014725314
119,1,hybrid_30mm,randomized,distant,False,True,,0.06020724796690047,0.06338856200454757,0.08142379304626957,0.06020724796690047,1,1,1,0,0,0,1,1,0,0,1.0463e-05,0.00088536,8.64e-07,0.000852905,1.4666e-05,0.004277665982954204,0.008028001990169287,0.0008482009870931506,0.0017161300056613982,0.01646025199443102,9.69977584015,0.675874314863,0.0388277250055,0.16185387161165876,0.0627801359555452,0.13317486302113052
119,1,gmr_30mm,randomized,distant,False,True,,0.10900648299138993,0.11240065598394722,0.13043588702566922,0.10900648299138993,4,1,0,4,1,0,4,3,0,2,4.6144e-05,0.010015248,9.189e-06,0.009699682,0.000202123,0.004277665982954204,0.008028001990169287,0.0008482009870931506,0.0017161300056613982,0.01646025199443102,7.15139455801,0.389684935962,0.0657181180905,0.19972904050353518,0.030914968888910044,0.05466802688948316
119,1,reference_ik,randomized,distant,False,True,,0.13493936299346387,0.1382073939894326,0.1562426250311546,0.13493936299346387,0,0,0,0,0,0,0,0,0,0,0,0,0,0,0,0.004277665982954204,0.008028001990169287,0.0008482009870931506,0.0017161300056613982,0.01646025199443102,4.34400153565,0.67510077104,0.0661230213789,0.19972904050353518,0.0020918171599369016,0.03698450741425291
119,2,reference_ik,randomized,distant,False,True,,0.132590159017127,0.1354240810032934,0.1534593120450154,0.132590159017127,0,0,0,0,0,0,0,0,0,0,0,0,0,0,0,0.004277665982954204,0.008028001990169287,0.0008482009870931506,0.0017161300056613982,0.01646025199443102,4.34400153565,0.67510077104,0.0661230213789,0.19972904050353518,0.0020918171599369016,0.03698450741425291
119,2,gmr_30mm,randomized,distant,False,True,,0.07610860199201852,0.07904228998813778,0.09707752102985978,0.07610860199201852,1,1,0,1,1,0,1,1,0,0,1.7879e-05,0.004773451,2.667e-06,0.004649028,8.7351e-05,0.004277665982954204,0.008028001990169287,0.0008482009870931506,0.0017161300056613982,0.01646025199443102,8.75765682912,0.472836144633,0.0664357544107,0.19972904050353518,0.028539780856167245,0.045849304293477305
119,2,hybrid_30mm,randomized,distant,False,True,,0.13950922404183075,0.14237632596632466,0.16041155700804666,0.13950922404183075,2,1,0,2,1,0,2,2,0,1,4.4802e-05,0.006125729,8.943e-06,0.005808464,0.000221107,0.004277665982954204,0.008028001990169287,0.0008482009870931506,0.0017161300056613982,0.01646025199443102,6.61514306357,0.365347462616,0.00889985414101,0.11944441174836481,0.06953036027864305,0.153369679652005
119,2,gmm,randomized,distant,False,True,,0.12044979096390307,0.12320525798713788,0.14124048902885988,0.12044979096390307,1,1,1,0,0,0,1,1,0,0,3.4193e-05,0.001318134,2.54e-06,0.001205687,4.4284e-05,0.004277665982954204,0.008028001990169287,0.0008482009870931506,0.0017161300056613982,0.01646025199443102,9.21361589333,0.590776343366,0.065403861297,0.1782968650304552,0.051732567393595004,0.12061740698257634
119,3,gmm,randomized,distant,False,True,,0.13607733196113259,0.13916956901084632,0.15720480005256832,0.13607733196113259,5,3,5,0,0,0,5,4,0,1,3.9151e-05,0.011928531,5.533e-06,0.011687251,0.000128972,0.004277665982954204,0.008028001990169287,0.0008482009870931506,0.0017161300056613982,0.01646025199443102,12.5876610643,0.840595187967,0.0656436512877,0.19972904050353518,0.0924249690816333,0.14180372814947315
119,3,hybrid_30mm,randomized,distant,False,True,,0.17978748196037486,0.18314210802782327,0.20117733906954527,0.17978748196037486,1,1,0,1,1,0,1,1,0,0,1.4348e-05,0.000949016,1.616e-06,0.00086054,7.2249e-05,0.004277665982954204,0.008028001990169287,0.0008482009870931506,0.0017161300056613982,0.01646025199443102,12.588775709,0.922138928505,0.0089457883403,0.19972904050353518,0.19442005802099097,0.276433541830392
119,3,gmr_30mm,randomized,distant,False,True,,0.1160930420155637,0.11858048901194707,0.13661572005366907,0.1160930420155637,2,1,0,2,1,0,2,1,0,0,1.0452e-05,0.007915423,3.025e-06,0.007853716,2.6922e-05,0.004277665982954204,0.008028001990169287,0.0008482009870931506,0.0017161300056613982,0.01646025199443102,13.788928703,1.42423907218,0.0466387893262,0.14773872450255254,0.09230864031120967,0.14445476571902924
119,3,reference_ik,randomized,distant,False,True,,0.12457634101156145,0.12720336497295648,0.14523859601467848,0.12457634101156145,0,0,0,0,0,0,0,0,0,0,0,0,0,0,0,0.004277665982954204,0.008028001990169287,0.0008482009870931506,0.0017161300056613982,0.01646025199443102,4.34400153565,0.67510077104,0.0661230213789,0.19972904050353518,0.0020918171599369016,0.03698450741425291
119,4,hybrid_30mm,randomized,distant,False,True,,0.21602073003305122,0.21908295602770522,0.23711818706942722,0.21602073003305122,2,2,1,1,1,0,2,2,0,0,3.5625e-05,0.002395401,3.899e-06,0.002134184,0.00017641,0.004277665982954204,0.008028001990169287,0.0008482009870931506,0.0017161300056613982,0.01646025199443102,14.2201584462,1.27732164709,0.0113293589285,0.19972904050353518,0.2657688081590157,0.3771128073838208
119,4,gmm,randomized,distant,False,True,,0.18465656595071778,0.18783066899050027,0.20586590003222227,0.18465656595071778,1,1,1,0,0,0,1,1,0,0,4.8048e-05,0.001703149,4.84e-06,0.001516378,8.0205e-05,0.004277665982954204,0.008028001990169287,0.0008482009870931506,0.0017161300056613982,0.01646025199443102,13.5478609727,0.966476898981,0.0641056843518,0.1759661647287841,0.05806207000967801,0.13017636294760423
119,4,gmr_30mm,randomized,distant,False,True,,0.19034509704215452,0.19346190500073135,0.21149713604245335,0.19034509704215452,1,1,0,1,1,0,1,1,0,0,4.8247e-05,0.001524091,4.927e-06,0.00138054,8.5427e-05,0.004277665982954204,0.008028001990169287,0.0008482009870931506,0.0017161300056613982,0.01646025199443102,13.6345051197,1.1831759963,0.0631610801938,0.16991319856964981,0.05598663672160465,0.1321071669546748
119,4,reference_ik,randomized,distant,False,True,,0.1255403999821283,0.12841347698122263,0.14644870802294463,0.1255403999821283,0,0,0,0,0,0,0,0,0,0,0,0,0,0,0,0.004277665982954204,0.008028001990169287,0.0008482009870931506,0.0017161300056613982,0.01646025199443102,4.34400153565,0.67510077104,0.0661230213789,0.19972904050353518,0.0020918171599369016,0.03698450741425291
6,0,hybrid_30mm,randomized,central,False,True,,0.16495024698087946,0.16731908096699044,0.18506032892037183,0.16495024698087946,4,3,0,4,3,0,4,4,0,1,5.047e-05,0.006793584,6.804e-06,0.006558962,0.000136833,0.004280266992282122,0.007965361990500242,0.0007853560382500291,0.0017333709984086454,0.016366927011404186,13.983194374,1.0690458793,0.000532577119698,0.052799177847440155,0.06216981402100332,0.14986480886375186
6,0,gmm,randomized,central,False,True,,0.2641892459942028,0.26767276000464335,0.28541400795802474,0.2641892459942028,20,9,20,0,0,0,20,13,0,4,1.0663e-05,0.059614908,4.67e-06,0.059235467,0.000194241,0.004280266992282122,0.007965361990500242,0.0007853560382500291,0.0017333709984086454,0.016366927011404186,19.4755302227,1.49602679709,4.77360592357e-05,0.05840396695856708,0.13048260560579616,0.22650169543132437
6,0,gmr_30mm,randomized,central,False,True,,0.09626698301872239,0.09941852401243523,0.11715977196581662,0.09626698301872239,5,4,0,5,4,0,5,5,0,1,1.0626e-05,0.009917199,2.83e-06,0.009734223,0.000135042,0.004280266992282122,0.007965361990500242,0.0007853560382500291,0.0017333709984086454,0.016366927011404186,13.0433894032,1.00945161034,0.000377186320313,0.04754731972501039,0.10854386926911243,0.1651631355704254
6,0,reference_ik,randomized,central,False,True,,0.1552912259940058,0.15838668798096478,0.17612793593434617,0.1552912259940058,0,0,0,0,0,0,0,0,0,0,0,0,0,0,0,0.004280266992282122,0.007965361990500242,0.0007853560382500291,0.0017333709984086454,0.016366927011404186,6.55081003583,0.755337519156,0.000528608440068,0.05821790493894093,0.00419733186411283,0.07345790193703117
6,1,reference_ik,randomized,central,False,True,,0.15554856596281752,0.15891655400628224,0.17665780195966363,0.15554856596281752,0,0,0,0,0,0,0,0,0,0,0,0,0,0,0,0.004280266992282122,0.007965361990500242,0.0007853560382500291,0.0017333709984086454,0.016366927011404186,6.55081003583,0.755337519156,0.000528608440068,0.05821790493894093,0.00419733186411283,0.07345790193703117
6,1,gmm,randomized,central,False,True,,0.14615174301434308,0.14917156501905993,0.16691281297244132,0.14615174301434308,1,1,1,0,0,0,1,1,0,0,4.5169e-05,0.002037243,3.768e-06,0.001771719,0.00016055,0.004280266992282122,0.007965361990500242,0.0007853560382500291,0.0017333709984086454,0.016366927011404186,11.9029324876,0.759987125494,0.000566749927347,0.05069222306915579,0.05800819160914112,0.1561318785063233
6,1,gmr_30mm,randomized,central,False,True,,0.21050605300115421,0.21404263901058584,0.23178388696396723,0.21050605300115421,9,7,0,9,7,0,9,7,0,0,4.9542e-05,0.034002972,7.57e-06,0.033838798,7.5763e-05,0.004280266992282122,0.007965361990500242,0.0007853560382500291,0.0017333709984086454,0.016366927011404186,17.0418440617,1.4084124549,0.000927888410961,0.05794524852437403,0.053386219888353424,0.09628425179772014
6,1,hybrid_30mm,randomized,central,False,True,,0.1612398829893209,0.16469621896976605,0.18243746692314744,0.1612398829893209,7,6,0,7,6,0,7,7,0,1,2.3402e-05,0.006642845,7.246e-06,0.006415348,0.000131431,0.004280266992282122,0.007965361990500242,0.0007853560382500291,0.0017333709984086454,0.016366927011404186,16.1646391466,1.49915463863,0.00124295825237,0.0557124265985154,0.09225001112978791,0.1839588564042227
6,2,hybrid_30mm,randomized,central,False,True,,0.17514606501208618,0.17862814298132434,0.19636939093470573,0.17514606501208618,10,5,2,8,4,0,10,9,0,4,4.8355e-05,0.018887195,9.42e-06,0.01851956,0.000216428,0.004280266992282122,0.007965361990500242,0.0007853560382500291,0.0017333709984086454,0.016366927011404186,13.5690104695,1.01395243969,0.000549972857695,0.05365116873363588,0.05876570715468702,0.16436015923205743
6,2,reference_ik,randomized,central,False,True,,0.15398492600070313,0.1567702570464462,0.1745115049998276,0.15398492600070313,0,0,0,0,0,0,0,0,0,0,0,0,0,0,0,0.004280266992282122,0.007965361990500242,0.0007853560382500291,0.0017333709984086454,0.016366927011404186,6.55081003583,0.755337519156,0.000528608440068,0.05821790493894093,0.00419733186411283,0.07345790193703117
6,2,gmr_30mm,randomized,central,False,True,,0.2296061139786616,0.23296674602897838,0.25070799398235977,0.2296061139786616,10,6,0,10,6,0,10,7,0,1,5.1976e-05,0.022789202,8.742e-06,0.022457105,0.000196379,0.004280266992282122,0.007965361990500242,0.0007853560382500291,0.0017333709984086454,0.016366927011404186,16.7640907685,1.46063066534,0.000956759254305,0.0579082647038325,0.08313726192969641,0.20237028087407216
6,2,gmm,randomized,central,False,True,,0.15812775096856058,0.16062309697736055,0.17836434493074194,0.15812775096856058,8,4,8,0,0,0,8,6,0,2,3.3194e-05,0.028915015,6.597e-06,0.028462941,0.000230534,0.004280266992282122,0.007965361990500242,0.0007853560382500291,0.0017333709984086454,0.016366927011404186,13.0430033565,1.18783259339,0.000255048638154,0.042635726192513,0.12266937900748344,0.19031994841060854
6,3,hybrid_30mm,randomized,central,False,True,,0.1944850670406595,0.1974175710347481,0.2151588189881295,0.1944850670406595,6,5,2,4,4,0,6,5,0,0,4.9536e-05,0.011742052,7.405e-06,0.011464198,0.000142564,0.004280266992282122,0.007965361990500242,0.0007853560382500291,0.0017333709984086454,0.016366927011404186,13.9345490447,1.25701968037,0.000692885478691,0.057559512585131124,0.13087175345816704,0.2106468711017921
6,3,gmr_30mm,randomized,central,False,True,,0.04741692001698539,0.04962742899078876,0.06736867694417015,0.04741692001698539,7,5,0,7,5,0,7,6,0,1,1.6287e-05,0.010215841,4.436e-06,0.01003831,0.000118971,0.004280266992282122,0.007965361990500242,0.0007853560382500291,0.0017333709984086454,0.016366927011404186,5.9820976264,0.534235084293,0.000811368227541,0.057933224022394425,0.04912950304155915,0.10757092361802652
6,3,gmm,randomized,central,False,True,,0.12330849602585658,0.1265647559775971,0.14430600393097848,0.12330849602585658,4,2,4,0,0,0,4,4,0,2,1.136e-05,0.006068429,3.442e-06,0.005827777,0.000145429,0.004280266992282122,0.007965361990500242,0.0007853560382500291,0.0017333709984086454,0.016366927011404186,13.582173099,0.668924420349,0.000890598404174,0.04792311153277851,0.0549545345171514,0.10089923261384519
6,3,reference_ik,randomized,central,False,True,,0.1540640100138262,0.15737088402966037,0.17511213198304176,0.1540640100138262,0,0,0,0,0,0,0,0,0,0,0,0,0,0,0,0.004280266992282122,0.007965361990500242,0.0007853560382500291,0.0017333709984086454,0.016366927011404186,6.55081003583,0.755337519156,0.000528608440068,0.05821790493894093,0.00419733186411283,0.07345790193703117
6,4,gmm,randomized,central,False,True,,0.17581966699799523,0.1787269859923981,0.1964682339457795,0.17581966699799523,25,9,25,0,0,0,25,20,0,11,4.7126e-05,0.043212277,8.995e-06,0.042465127,0.000435018,0.004280266992282122,0.007965361990500242,0.0007853560382500291,0.0017333709984086454,0.016366927011404186,7.0347139323,0.55100162789,0.0005541651648,0.05792482372578663,0.047233666894003205,0.0843343449090825
6,4,gmr_30mm,randomized,central,False,True,,0.14886806695722044,0.16190195799572393,0.17964320594910532,0.14886806695722044,5,3,0,5,3,0,5,4,0,1,1.1496e-05,0.007329616,3.248e-06,0.007209735,7.8843e-05,0.004280266992282122,0.007965361990500242,0.0007853560382500291,0.0017333709984086454,0.016366927011404186,18.3106477592,1.71424539576,0.000347179873324,0.04614033305375776,0.11600109708084066,0.25734767017026944
6,4,hybrid_30mm,randomized,central,False,True,,0.13676574500277638,0.14001079503213987,0.15775204298552126,0.13676574500277638,3,2,0,3,2,0,3,2,0,0,1.104e-05,0.006083733,2.157e-06,0.006007249,5.0309e-05,0.004280266992282122,0.007965361990500242,0.0007853560382500291,0.0017333709984086454,0.016366927011404186,13.1188540066,0.882642925056,0.000422328965917,0.04759614231460564,0.08038814530259956,0.1190055530670437
6,4,reference_ik,randomized,central,False,True,,0.15100458700908348,0.15399705403251573,0.17173830198589712,0.15100458700908348,0,0,0,0,0,0,0,0,0,0,0,0,0,0,0,0.004280266992282122,0.007965361990500242,0.0007853560382500291,0.0017333709984086454,0.016366927011404186,6.55081003583,0.755337519156,0.000528608440068,0.05821790493894093,0.00419733186411283,0.07345790193703117
114,0,reference_ik,randomized,distant,False,True,,0.12457378301769495,0.12725450901780277,0.14569458103505895,0.12457378301769495,0,0,0,0,0,0,0,0,0,0,0,0,0,0,0,0.004311367985792458,0.008082070969976485,0.0008919459651224315,0.0017510309698991477,0.016635100997518748,4.44258621907,0.632822300256,0.0554928396389,0.13680117747817877,0.0032081211972149193,0.06003401414570596
114,0,gmm,randomized,distant,False,True,,0.10819770803209394,0.11059384205145761,0.12903391406871378,0.10819770803209394,6,2,6,0,0,0,6,2,0,0,4.7588e-05,0.022077299,6.634e-06,0.021826087,0.000119214,0.004311367985792458,0.008082070969976485,0.0008919459651224315,0.0017510309698991477,0.016635100997518748,4.6556984787,0.494952153799,0.0680132649845,0.16107794841072415,0.042227934790366024,0.08100060141669466
114,0,gmr_30mm,randomized,distant,False,True,,0.07481174799613655,0.07777018996421248,0.09621026198146865,0.07481174799613655,6,2,0,6,2,0,6,6,0,4,1.6174e-05,0.009031506,3.967e-06,0.008790886,0.000177921,0.004311367985792458,0.008082070969976485,0.0008919459651224315,0.0017510309698991477,0.016635100997518748,9.63860102884,0.585811485127,0.0543402568569,0.15723058499080106,0.04705645321284145,0.07638952821007508
114,0,hybrid_30mm,randomized,distant,False,True,,0.19543711602455005,0.1983196290093474,0.21675970102660358,0.19543711602455005,1,1,0,1,1,0,1,1,0,0,5.1616e-05,0.001563911,4.693e-06,0.001413432,9.4966e-05,0.004311367985792458,0.008082070969976485,0.0008919459651224315,0.0017510309698991477,0.016635100997518748,14.3658992187,1.02365552893,0.0673080768953,0.16034413227042127,0.10030396324538395,0.15594887495215248
114,1,hybrid_30mm,randomized,distant,False,True,,0.11456248600734398,0.11760146502638236,0.13604153704363853,0.11456248600734398,1,1,0,1,1,0,1,1,0,0,4.7388e-05,0.003052229,5.215e-06,0.002831661,0.000137821,0.004311367985792458,0.008082070969976485,0.0008919459651224315,0.0017510309698991477,0.016635100997518748,5.07263760118,0.411622365867,0.0681042938786,0.16122902911482373,0.0418544244623458,0.08134815038702538
114,1,gmr_30mm,randomized,distant,False,True,,0.09280330000910908,0.0955344500252977,0.11397452204255387,0.09280330000910908,3,2,0,3,2,0,3,3,0,1,4.109e-05,0.004187736,6.488e-06,0.00393858,0.000174378,0.004311367985792458,0.008082070969976485,0.0008919459651224315,0.0017510309698991477,0.016635100997518748,5.86038736443,0.435289263786,0.0679159727554,0.16095651028705665,0.05744299967187014,0.12598130930133233
114,1,gmm,randomized,distant,False,True,,0.20381191902561113,0.20694860100047663,0.2253886730177328,0.20381191902561113,4,1,4,0,0,0,4,3,0,2,5.0248e-05,0.012785052,4.732e-06,0.012626423,6.3835e-05,0.004311367985792458,0.008082070969976485,0.0008919459651224315,0.0017510309698991477,0.016635100997518748,14.5361551307,1.16085668127,0.0218098733892,0.1153786795044995,0.09643551001398644,0.13575698524232674
114,1,reference_ik,randomized,distant,False,True,,0.13100950501393527,0.1340884969686158,0.15252856898587197,0.13100950501393527,0,0,0,0,0,0,0,0,0,0,0,0,0,0,0,0.004311367985792458,0.008082070969976485,0.0008919459651224315,0.0017510309698991477,0.016635100997518748,4.44258621907,0.632822300256,0.0554928396389,0.13680117747817877,0.0032081211972149193,0.06003401414570596
114,2,gmr_30mm,randomized,distant,False,True,,0.117682425014209,0.12005177099490538,0.13849184301216155,0.117682425014209,4,4,0,4,4,0,4,4,0,0,1.213e-05,0.00260954,2.78e-06,0.00250642,7.0171e-05,0.004311367985792458,0.008082070969976485,0.0008919459651224315,0.0017510309698991477,0.016635100997518748,7.30673029407,0.504265052409,0.0684622850371,0.16148504674736164,0.03529488782520304,0.06966856192867132
114,2,reference_ik,randomized,distant,False,True,,0.12399294303031638,0.12699227698612958,0.14543234900338575,0.12399294303031638,0,0,0,0,0,0,0,0,0,0,0,0,0,0,0,0.004311367985792458,0.008082070969976485,0.0008919459651224315,0.0017510309698991477,0.016635100997518748,4.44258621907,0.632822300256,0.0554928396389,0.13680117747817877,0.0032081211972149193,0.06003401414570596
114,2,hybrid_30mm,randomized,distant,False,True,,0.20607178698992357,0.20922383799916133,0.2276639100164175,0.20607178698992357,1,1,1,0,0,0,1,1,0,0,1.7308e-05,0.000499852,1.255e-06,0.000425828,4.5407e-05,0.004311367985792458,0.008082070969976485,0.0008919459651224315,0.0017510309698991477,0.016635100997518748,13.322793718,0.714516031175,0.0666715466339,0.15646731982167872,0.06174241232082361,0.14912989836644724
114,2,gmm,randomized,distant,False,True,,0.111949770944193,0.11501393897924572,0.1334540109965019,0.111949770944193,3,2,3,0,0,0,3,3,0,1,1.7156e-05,0.006981902,2.205e-06,0.006795558,0.000127532,0.004311367985792458,0.008082070969976485,0.0008919459651224315,0.0017510309698991477,0.016635100997518748,12.3781952058,0.590126066318,0.0604272266533,0.16096508534939347,0.042420706226849306,0.0781266190842723
114,3,gmm,randomized,distant,False,True,,0.06948953098617494,0.07238263403996825,0.09082270605722442,0.06948953098617494,1,1,1,0,0,0,1,1,0,0,4.898e-05,0.001424719,3.127e-06,0.001251114,8.3975e-05,0.004311367985792458,0.008082070969976485,0.0008919459651224315,0.0017510309698991477,0.016635100997518748,3.32660005304,0.425502814938,0.0673572335216,0.1602523330377698,0.044571322060640066,0.07013259623614736
114,3,hybrid_30mm,randomized,distant,False,True,,0.0740933790220879,0.07742698199581355,0.09586705401306972,0.0740933790220879,1,1,0,1,1,0,1,1,0,0,5.1438e-05,0.001590952,4.534e-06,0.001467226,7.2166e-05,0.004311367985792458,0.008082070969976485,0.0008919459651224315,0.0017510309698991477,0.016635100997518748,2.65678416356,0.355982364687,0.0527229599213,0.15455699278779664,0.04204235909767071,0.07565810940403915
114,3,reference_ik,randomized,distant,False,True,,0.12105846597114578,0.12420990102691576,0.14264997304417193,0.12105846597114578,0,0,0,0,0,0,0,0,0,0,0,0,0,0,0,0.004311367985792458,0.008082070969976485,0.0008919459651224315,0.0017510309698991477,0.016635100997518748,4.44258621907,0.632822300256,0.0554928396389,0.13680117747817877,0.0032081211972149193,0.06003401414570596
114,3,gmr_30mm,randomized,distant,False,True,,0.13661784195574,0.13954407500568777,0.15798414702294394,0.13661784195574,1,1,0,1,1,0,1,1,0,0,4.7029e-05,0.001583659,4.662e-06,0.001384603,0.000119114,0.004311367985792458,0.008082070969976485,0.0008919459651224315,0.0017510309698991477,0.016635100997518748,5.92959357169,0.405344297286,0.0401924415139,0.14933708741393598,0.039256732040807096,0.06245236894193939
114,4,gmm,randomized,distant,False,True,,0.0948809030232951,0.0972392390249297,0.11567931104218587,0.0948809030232951,1,1,1,0,0,0,1,1,0,0,4.81e-05,0.002262854,3.359e-06,0.002089548,8.437e-05,0.004311367985792458,0.008082070969976485,0.0008919459651224315,0.0017510309698991477,0.016635100997518748,6.35191046106,0.409026457037,0.0384154089994,0.13729379719734922,0.04355392688526369,0.08424215150745389
114,4,hybrid_30mm,randomized,distant,False,True,,0.07661716802977026,0.07988756999839097,0.09832764201564714,0.07661716802977026,2,1,0,2,1,0,2,2,0,1,5.0272e-05,0.005150179,4.644e-06,0.005065033,4.1618e-05,0.004311367985792458,0.008082070969976485,0.0008919459651224315,0.0017510309698991477,0.016635100997518748,5.30308964127,0.410750307172,0.0549155306707,0.15377449398651055,0.0311606103864335,0.059720566814636854
114,4,reference_ik,randomized,distant,False,True,,0.12772206403315067,0.1309718299889937,0.14941190200624987,0.12772206403315067,0,0,0,0,0,0,0,0,0,0,0,0,0,0,0,0.004311367985792458,0.008082070969976485,0.0008919459651224315,0.0017510309698991477,0.016635100997518748,4.44258621907,0.632822300256,0.0554928396389,0.13680117747817877,0.0032081211972149193,0.06003401414570596
114,4,gmr_30mm,randomized,distant,False,True,,0.12139924900839105,0.12426270300056785,0.14270277501782402,0.12139924900839105,2,2,0,2,2,0,2,2,0,0,5.0333e-05,0.006083731,5.962e-06,0.005769145,0.000215953,0.004311367985792458,0.008082070969976485,0.0008919459651224315,0.0017510309698991477,0.016635100997518748,5.0167347363,0.486907277497,0.0676250942388,0.16057782660558034,0.04665902102693176,0.07324782406483435
44,0,hybrid_30mm,randomized,offset,False,True,,0.40195359505014494,0.40539363998686895,0.4236874709604308,0.40195359505014494,7,5,1,6,5,0,7,6,0,1,5.2768e-05,0.014444093,6.969e-06,0.014188235,0.000151735,0.00441538100130856,0.00807099201483652,0.0008602940361015499,0.0017336750170215964,0.016687994997482747,23.4633827752,1.70803788963,0.00505095920406,0.07030359516042177,0.12040468643814346,0.26992928711575603
44,0,reference_ik,randomized,offset,False,False,reference_ik,0.061203066958114505,0.06324513803701848,0.08153896901058033,6.0,0,0,0,0,0,0,0,0,0,0,0,0,0,0,0,0.00441538100130856,0.00807099201483652,0.0008602940361015499,0.0017336750170215964,0.016687994997482747,,,,,,
44,0,gmm,randomized,offset,False,True,,0.1443204630049877,0.14740631700260565,0.1657001479761675,0.1443204630049877,4,3,4,0,0,0,4,3,0,0,1.0283e-05,0.013174229,4.014e-06,0.012908823,0.000119151,0.00441538100130856,0.00807099201483652,0.0008602940361015499,0.0017336750170215964,0.016687994997482747,13.2324438137,0.664714612282,0.0145543047951,0.0970790332217476,0.08057807665301922,0.12080384066911108
44,0,gmr_30mm,randomized,offset,False,True,,0.06213586701778695,0.06509647698840126,0.08339030796196312,0.06213586701778695,2,1,0,2,1,0,2,1,0,0,4.776e-05,0.008241333,7.046e-06,0.008148986,1.985e-05,0.00441538100130856,0.00807099201483652,0.0008602940361015499,0.0017336750170215964,0.016687994997482747,4.2293491553,0.576011633159,0.00809529797259,0.0798705320167565,0.03742449446539987,0.10002090214693571
44,1,hybrid_30mm,randomized,offset,False,True,,0.1899236059980467,0.1932136810501106,0.21150751202367246,0.1899236059980467,2,1,0,2,1,0,2,2,0,1,5.3119e-05,0.005319685,4.898e-06,0.005108874,0.000151897,0.00441538100130856,0.00807099201483652,0.0008602940361015499,0.0017336750170215964,0.016687994997482747,13.7414459872,1.51401708727,0.0154343204276,0.08728186815766746,0.18160099966864388,0.2773482169999719
44,1,gmr_30mm,randomized,offset,False,True,,0.18848427501507103,0.19130210299044847,0.20959593396401033,0.18848427501507103,1,1,0,1,1,0,1,1,0,0,4.6178e-05,0.004144027,4.235e-06,0.004083702,2.6452e-05,0.00441538100130856,0.00807099201483652,0.0008602940361015499,0.0017336750170215964,0.016687994997482747,13.7478261712,1.39103387488,0.0176897499072,0.08626279603544122,0.15528693258128648,0.23730178673218535
44,1,gmm,randomized,offset,False,True,,0.19796628400217742,0.2006588459480554,0.21895267692161724,0.19796628400217742,1,1,1,0,0,0,1,1,0,0,4.9412e-05,0.005016817,3.732e-06,0.004932578,2.8829e-05,0.00441538100130856,0.00807099201483652,0.0008602940361015499,0.0017336750170215964,0.016687994997482747,13.4064407928,1.06743084436,0.0127394323396,0.09743448285386345,0.11062289895036763,0.1828576609144193
44,1,reference_ik,randomized,offset,False,False,reference_ik,0.06367507198592648,0.06571984000038356,0.08401367097394541,6.0,0,0,0,0,0,0,0,0,0,0,0,0,0,0,0,0.00441538100130856,0.00807099201483652,0.0008602940361015499,0.0017336750170215964,0.016687994997482747,,,,,,
44,2,hybrid_30mm,randomized,offset,False,True,,0.21912287501618266,0.22220993897644803,0.24050376995000988,0.21912287501618266,17,12,5,12,10,0,17,15,0,3,5.3751e-05,0.030343218,9.813e-06,0.029903037,0.000276094,0.00441538100130856,0.00807099201483652,0.0008602940361015499,0.0017336750170215964,0.016687994997482747,20.0736675581,1.85822142211,0.00129918828618,0.0758489734354952,0.1552555474710114,0.307331994158846
44,2,gmm,randomized,offset,False,True,,0.15462092199595645,0.15730214602081105,0.1755959769943729,0.15462092199595645,6,3,6,0,0,0,6,5,0,2,4.7871e-05,0.010919448,6.482e-06,0.010485534,0.000234225,0.00441538100130856,0.00807099201483652,0.0008602940361015499,0.0017336750170215964,0.016687994997482747,7.25290350792,0.553700650248,0.0501838944098,0.11231341217948482,0.10446185183339515,0.2205142575812126
44,2,gmr_30mm,randomized,offset,False,True,,0.17958075599744916,0.1827086599660106,0.20100249093957245,0.17958075599744916,4,4,0,4,4,0,4,4,0,0,1.0646e-05,0.001354206,3.572e-06,0.001225175,7.9843e-05,0.00441538100130856,0.00807099201483652,0.0008602940361015499,0.0017336750170215964,0.016687994997482747,17.4583394854,1.41440238215,0.0234971373885,0.11231341217948482,0.08477044645223639,0.23741592862591362
44,2,reference_ik,randomized,offset,False,False,reference_ik,0.06336741201812401,0.06559576297877356,0.08388959395233542,6.0,0,0,0,0,0,0,0,0,0,0,0,0,0,0,0,0.00441538100130856,0.00807099201483652,0.0008602940361015499,0.0017336750170215964,0.016687994997482747,,,,,,
44,3,gmr_30mm,randomized,offset,False,True,,0.15769979695323855,0.16038401395780966,0.1786778449313715,0.15769979695323855,1,1,0,1,1,0,1,1,0,0,4.9432e-05,0.003589209,4.306e-06,0.003461416,7.5663e-05,0.00441538100130856,0.00807099201483652,0.0008602940361015499,0.0017336750170215964,0.016687994997482747,9.6797700027,0.83998890627,0.0690939518062,0.11231341217948482,0.10067085305263901,0.23039246233203992
44,3,reference_ik,randomized,offset,False,False,reference_ik,0.062452623969875276,0.06495876802364364,0.0832525989972055,6.0,0,0,0,0,0,0,0,0,0,0,0,0,0,0,0,0.00441538100130856,0.00807099201483652,0.0008602940361015499,0.0017336750170215964,0.016687994997482747,,,,,,
44,3,hybrid_30mm,randomized,offset,False,True,,0.16029205196537077,0.16331169597106054,0.1816055269446224,0.16029205196537077,5,4,1,4,3,0,5,4,0,0,1.705e-05,0.022218349,5.058e-06,0.022001116,0.000109886,0.00441538100130856,0.00807099201483652,0.0008602940361015499,0.0017336750170215964,0.016687994997482747,14.4228551405,0.78355264484,0.000985143724799,0.06198833935194014,0.030750771334905214,0.06394240994257162
44,3,gmm,randomized,offset,False,True,,0.11777094000717625,0.12077898299321532,0.13907281396677718,0.11777094000717625,5,3,5,0,0,0,5,4,0,1,5.0692e-05,0.012197017,7.062e-06,0.01180357,0.000199859,0.00441538100130856,0.00807099201483652,0.0008602940361015499,0.0017336750170215964,0.016687994997482747,9.14606782024,0.983594119231,0.0495972095705,0.11231341217948482,0.12103820146457595,0.20576123988834125
44,4,gmm,randomized,offset,False,True,,0.15461858798516914,0.15756203402997926,0.1758558650035411,0.15461858798516914,7,5,7,0,0,0,7,5,0,0,4.8916e-05,0.029456902,5.352e-06,0.029286761,5.9863e-05,0.00441538100130856,0.00807099201483652,0.0008602940361015499,0.0017336750170215964,0.016687994997482747,7.96941439324,0.552337113899,0.0622196904771,0.11231341217948482,0.14591089780533148,0.2519058622283971
44,4,gmr_30mm,randomized,offset,False,True,,0.19447905797278509,0.1975736310123466,0.21586746198590845,0.19447905797278509,1,1,0,1,1,0,1,1,0,0,4.8016e-05,0.004124581,4.151e-06,0.004065013,2.4451e-05,0.00441538100130856,0.00807099201483652,0.0008602940361015499,0.0017336750170215964,0.016687994997482747,13.7458140317,1.36128949428,0.0505675864863,0.11231341217948482,0.1471798534916332,0.25364363744372803
44,4,hybrid_30mm,randomized,offset,False,True,,0.15881838399218395,0.16182830597972497,0.18012213695328683,0.15881838399218395,4,4,1,3,3,0,4,4,0,0,5.2862e-05,0.01641397,8.81e-06,0.015747852,0.000460514,0.00441538100130856,0.00807099201483652,0.0008602940361015499,0.0017336750170215964,0.016687994997482747,13.1922943342,0.885080702275,0.0458918047766,0.10550986793407723,0.09572579392649881,0.13245015173945407
44,4,reference_ik,randomized,offset,False,False,reference_ik,0.062021992984227836,0.06466995499795303,0.08296378597151488,6.0,0,0,0,0,0,0,0,0,0,0,0,0,0,0,0,0.00441538100130856,0.00807099201483652,0.0008602940361015499,0.0017336750170215964,0.016687994997482747,,,,,,
105,0,hybrid_30mm,randomized,distant,False,True,,0.08399995497893542,0.08640686102444306,0.104425935074687,0.08399995497893542,1,1,0,1,1,0,1,1,0,0,4.8977e-05,0.001935366,4.535e-06,0.00179563,8.3403e-05,0.00427128397859633,0.007990164973307401,0.0008347979746758938,0.001729048031847924,0.016422193963080645,5.87923020162,0.648880296419,0.0549344051238,0.12950399667189794,0.0311716817656647,0.07118651169385462
105,0,reference_ik,randomized,distant,False,True,,0.1376371569931507,0.1401918189949356,0.15821089304517955,0.1376371569931507,0,0,0,0,0,0,0,0,0,0,0,0,0,0,0,0.00427128397859633,0.007990164973307401,0.0008347979746758938,0.001729048031847924,0.016422193963080645,5.07509571782,0.746655233966,0.0559880362387,0.12950399667189794,0.005441237071058303,0.07125831053549446
105,0,gmm,randomized,distant,False,True,,0.16624224605038762,0.1684476379887201,0.18646671203896403,0.16624224605038762,1,1,1,0,0,0,1,1,0,0,4.9137e-05,0.001181399,3.374e-06,0.001007888,8.4017e-05,0.00427128397859633,0.007990164973307401,0.0008347979746758938,0.001729048031847924,0.016422193963080645,11.0169057441,1.05269679952,0.0841849609433,0.12950399667189794,0.11390631981276461,0.18559021824426264
105,0,gmr_30mm,randomized,distant,False,True,,0.18169699900317937,0.18449734197929502,0.20251641602953896,0.18169699900317937,1,1,0,1,1,0,1,1,0,0,5.0123e-05,0.001302768,4.678e-06,0.00117655,7.3907e-05,0.00427128397859633,0.007990164973307401,0.0008347979746758938,0.001729048031847924,0.016422193963080645,13.1939808063,0.762745755608,0.0821993232681,0.12950399667189794,0.044435088509857466,0.07547006443348513
105,1,hybrid_30mm,randomized,distant,False,True,,0.10631426703184843,0.10938162700040266,0.1274007010506466,0.10631426703184843,1,1,0,1,1,0,1,1,0,0,1.8025e-05,0.00038127,1.909e-06,0.000333042,2.99e-05,0.00427128397859633,0.007990164973307401,0.0008347979746758938,0.001729048031847924,0.016422193963080645,13.0967033242,0.852305917754,0.0650059485981,0.12950399667189794,0.040619618284166825,0.08211964178799745
105,1,gmm,randomized,distant,False,True,,0.07637569401413202,0.07893933897139505,0.09695841302163899,0.07637569401413202,6,4,6,0,0,0,6,5,0,1,1.1042e-05,0.009659447,3.794e-06,0.009468479,9.5934e-05,0.00427128397859633,0.007990164973307401,0.0008347979746758938,0.001729048031847924,0.016422193963080645,11.788333721,1.08257669242,0.063569626674,0.12950399667189794,0.11800197197557269,0.23192961501205084
105,1,gmr_30mm,randomized,distant,False,True,,0.08266966498922557,0.08563720498932526,0.1036562790395692,0.08266966498922557,2,2,0,2,2,0,2,2,0,0,3.0979e-05,0.002881934,4.343e-06,0.002728053,9.9014e-05,0.00427128397859633,0.007990164973307401,0.0008347979746758938,0.001729048031847924,0.016422193963080645,9.86407841274,0.654833747437,0.0329935966794,0.12950399667189794,0.04865226537796072,0.07251599346482641
105,1,reference_ik,randomized,distant,False,True,,0.13878242898499593,0.14190514903748408,0.15992422308772802,0.13878242898499593,0,0,0,0,0,0,0,0,0,0,0,0,0,0,0,0.00427128397859633,0.007990164973307401,0.0008347979746758938,0.001729048031847924,0.016422193963080645,5.07509571782,0.746655233966,0.0559880362387,0.12950399667189794,0.005441237071058303,0.07125831053549446
105,2,reference_ik,randomized,distant,False,True,,0.13565997901605442,0.13834349403623492,0.15636256808647886,0.13565997901605442,0,0,0,0,0,0,0,0,0,0,0,0,0,0,0,0.00427128397859633,0.007990164973307401,0.0008347979746758938,0.001729048031847924,0.016422193963080645,5.07509571782,0.746655233966,0.0559880362387,0.12950399667189794,0.005441237071058303,0.07125831053549446
105,2,gmr_30mm,randomized,distant,False,True,,0.162189683993347,0.16502526501426473,0.18304433906450868,0.162189683993347,3,2,0,3,2,0,3,2,0,0,4.971e-05,0.007714748,8.196e-06,0.007477841,0.000133604,0.00427128397859633,0.007990164973307401,0.0008347979746758938,0.001729048031847924,0.016422193963080645,11.8324375261,0.690712085876,0.0700281478628,0.12950399667189794,0.029282185721218677,0.07157238310917168
105,2,hybrid_30mm,randomized,distant,False,True,,0.04187656700378284,0.04473835800308734,0.06275743205333129,0.04187656700378284,3,2,0,3,2,0,3,3,0,1,1.4812e-05,0.005547955,2.804e-06,0.005408314,0.000100986,0.00427128397859633,0.007990164973307401,0.0008347979746758938,0.001729048031847924,0.016422193963080645,4.09145403109,0.565827713978,0.0134124890885,0.11549639160604708,0.03926986643523607,0.08018297408013371
105,2,gmm,randomized,distant,False,True,,0.09246541699394584,0.09483690198976547,0.11285597604000941,0.09246541699394584,1,1,1,0,0,0,1,1,0,0,2.7363e-05,0.004301466,3.125e-06,0.004171663,6.639e-05,0.00427128397859633,0.007990164973307401,0.0008347979746758938,0.001729048031847924,0.016422193963080645,11.3879720066,0.9735575258,0.0841849609433,0.12950399667189794,0.11295103288998945,0.23356797103106505
105,3,gmm,randomized,distant,False,True,,0.11317614396102726,0.11576789000537246,0.1337869640556164,0.11317614396102726,3,2,3,0,0,0,3,3,0,1,5.1844e-05,0.004665076,4.399e-06,0.004532375,5.4378e-05,0.00427128397859633,0.007990164973307401,0.0008347979746758938,0.001729048031847924,0.016422193963080645,9.17591492977,0.69712635803,0.00733800943844,0.09523330150257374,0.1075844531028702,0.1645985431867506
105,3,reference_ik,randomized,distant,False,True,,0.13944719400024042,0.14221005199942738,0.16022912604967132,0.13944719400024042,0,0,0,0,0,0,0,0,0,0,0,0,0,0,0,0.00427128397859633,0.007990164973307401,0.0008347979746758938,0.001729048031847924,0.016422193963080645,5.07509571782,0.746655233966,0.0559880362387,0.12950399667189794,0.005441237071058303,0.07125831053549446
105,3,hybrid_30mm,randomized,distant,False,True,,0.07709341199370101,0.08001128898467869,0.09803036303492263,0.07709341199370101,3,3,0,3,3,0,3,3,0,0,4.653e-05,0.005214398,7.107e-06,0.004941815,0.000172519,0.00427128397859633,0.007990164973307401,0.0008347979746758938,0.001729048031847924,0.016422193963080645,7.50545001232,0.568577714949,0.0452265455682,0.12950399667189794,0.029783121621318645,0.07132876946379178
105,3,gmr_30mm,randomized,distant,False,True,,0.08930869301548228,0.09205082798143849,0.11006990203168243,0.08930869301548228,3,1,0,3,1,0,3,3,0,2,5.0391e-05,0.003849652,4.886e-06,0.003704454,9.7878e-05,0.00427128397859633,0.007990164973307401,0.0008347979746758938,0.001729048031847924,0.016422193963080645,6.93847029286,0.505997950305,0.0188804860104,0.120374806456493,0.06008342440021983,0.10927368388937082
105,4,gmr_30mm,randomized,distant,False,True,,0.0961686439695768,0.09945231297751889,0.11747138702776283,0.0961686439695768,2,2,0,2,2,0,2,2,0,0,4.9864e-05,0.005471084,6.933e-06,0.00525949,0.00012147,0.00427128397859633,0.007990164973307401,0.0008347979746758938,0.001729048031847924,0.016422193963080645,4.89065001777,0.596760412775,0.0127146054857,0.11908153433181648,0.036981070728354375,0.07242683347426168
105,4,gmm,randomized,distant,False,True,,0.08093886898132041,0.08400369400624186,0.1020227680564858,0.08093886898132041,1,1,1,0,0,0,1,1,0,0,1.0975e-05,0.004974877,8.94e-07,0.004939856,1.6736e-05,0.00427128397859633,0.007990164973307401,0.0008347979746758938,0.001729048031847924,0.016422193963080645,12.1311923884,0.938473990354,0.0831929162247,0.12950399667189794,0.12234603381104156,0.25716994557222134
105,4,hybrid_30mm,randomized,distant,False,True,,0.18185666896170005,0.18444190901936963,0.20246098306961358,0.18185666896170005,1,1,0,1,1,0,1,1,0,0,5.0734e-05,0.004499052,4.491e-06,0.004445985,1.7346e-05,0.00427128397859633,0.007990164973307401,0.0008347979746758938,0.001729048031847924,0.016422193963080645,12.7713494659,1.12015135509,0.0841849609433,0.12950399667189794,0.04794124825589481,0.097245384835661
105,4,reference_ik,randomized,distant,False,True,,0.14079642400611192,0.14355152304051444,0.16157059709075838,0.14079642400611192,0,0,0,0,0,0,0,0,0,0,0,0,0,0,0,0.00427128397859633,0.007990164973307401,0.0008347979746758938,0.001729048031847924,0.016422193963080645,5.07509571782,0.746655233966,0.0559880362387,0.12950399667189794,0.005441237071058303,0.07125831053549446
31,0,gmr_30mm,randomized,central,False,True,,0.05146401596721262,0.054367017990443856,0.07358059100806713,0.05146401596721262,4,1,0,4,1,0,4,4,0,3,4.3216e-05,0.011270132,8.578e-06,0.010693878,0.000449696,0.004296449013054371,0.009209568961523473,0.0008402580278925598,0.0017166599864140153,0.017684661026578397,3.35439436114,0.460872073666,0.0111685667377,0.07457380501729521,0.048569416286736465,0.08679627364065107
31,0,hybrid_30mm,randomized,central,False,True,,0.07848588598426431,0.08163435698952526,0.10084793000714853,0.07848588598426431,27,16,6,21,14,0,27,25,0,9,2.1742e-05,0.032118175,1.0825e-05,0.031474977,0.000427277,0.004296449013054371,0.009209568961523473,0.0008402580278925598,0.0017166599864140153,0.017684661026578397,6.19311004455,0.731109687494,0.0113188054042,0.08117972645808463,0.048564017197626964,0.13643175574485863
31,0,reference_ik,randomized,central,False,True,,0.129674491006881,0.1321829380467534,0.15139651106437668,0.129674491006881,0,0,0,0,0,0,0,0,0,0,0,0,0,0,0,0.004296449013054371,0.009209568961523473,0.0008402580278925598,0.0017166599864140153,0.017684661026578397,4.26955855326,0.669424378979,0.01103350863,0.06136766406737205,0.0034059427684879004,0.05953577867402892
31,0,gmm,randomized,central,False,True,,0.054043078038375825,0.05698906001634896,0.07620263303397223,0.054043078038375825,4,2,4,0,0,0,4,4,0,2,1.0764e-05,0.001474094,2.588e-06,0.001156109,0.000166769,0.004296449013054371,0.009209568961523473,0.0008402580278925598,0.0017166599864140153,0.017684661026578397,8.03308328119,0.725574856559,0.0113320839991,0.07010950550224221,0.07190891905923465,0.15646322658942
31,1,gmr_30mm,randomized,central,False,True,,0.09802087803836912,0.1011125820223242,0.12032615503994748,0.09802087803836912,1,1,0,1,1,0,1,1,0,0,1.0851e-05,0.001007938,1.077e-06,0.000980111,1.7468e-05,0.004296449013054371,0.009209568961523473,0.0008402580278925598,0.0017166599864140153,0.017684661026578397,14.2101482588,1.25902490489,0.011461395535,0.06064951206530731,0.10199896595848866,0.15778637040437182
31,1,gmm,randomized,central,False,True,,0.05366847198456526,0.056194175966084,0.07540774898370728,0.05366847198456526,3,3,3,0,0,0,3,3,0,0,6.717e-06,0.00581651,4.494e-06,0.005551058,0.000150688,0.004296449013054371,0.009209568961523473,0.0008402580278925598,0.0017166599864140153,0.017684661026578397,4.62337404557,0.586558435645,0.0109559085235,0.06874257380287142,0.04270883456300098,0.08390635948228402
31,1,reference_ik,randomized,central,False,True,,0.12983263499336317,0.13227308896603063,0.1514866619836539,0.12983263499336317,0,0,0,0,0,0,0,0,0,0,0,0,0,0,0,0.004296449013054371,0.009209568961523473,0.0008402580278925598,0.0017166599864140153,0.017684661026578397,4.26955855326,0.669424378979,0.01103350863,0.06136766406737205,0.0034059427684879004,0.05953577867402892
31,1,hybrid_30mm,randomized,central,False,True,,0.1588277870323509,0.16226328199263662,0.1814768550102599,0.1588277870323509,2,2,2,0,0,0,2,2,0,0,4.6914e-05,0.003595696,3.178e-06,0.003385193,0.000110972,0.004296449013054371,0.009209568961523473,0.0008402580278925598,0.0017166599864140153,0.017684661026578397,11.6165677317,0.930061615205,0.0107008178711,0.09171453418889602,0.0984847140791401,0.23490524008997377
31,2,reference_ik,randomized,central,False,True,,0.12556568201398477,0.12881009798729792,0.1480236710049212,0.12556568201398477,0,0,0,0,0,0,0,0,0,0,0,0,0,0,0,0.004296449013054371,0.009209568961523473,0.0008402580278925598,0.0017166599864140153,0.017684661026578397,4.26955855326,0.669424378979,0.01103350863,0.06136766406737205,0.0034059427684879004,0.05953577867402892
31,2,gmm,randomized,central,False,True,,0.17044827004428953,0.17298242799006402,0.1921960010076873,0.17044827004428953,4,1,4,0,0,0,4,1,0,0,4.7667e-05,0.018936027,6.292e-06,0.018835972,1.6092e-05,0.004296449013054371,0.009209568961523473,0.0008402580278925598,0.0017166599864140153,0.017684661026578397,13.6814961289,0.961064280986,0.0105683920997,0.05830058015090392,0.08201975030411188,0.1326318141981335
31,2,hybrid_30mm,randomized,central,False,True,,0.12126104696653783,0.12347888899967074,0.14269246201729402,0.12126104696653783,9,7,3,6,5,0,9,8,0,1,4.8049e-05,0.014472915,9.093e-06,0.01405528,0.000265229,0.004296449013054371,0.009209568961523473,0.0008402580278925598,0.0017166599864140153,0.017684661026578397,6.19359762155,0.499265576484,0.0115111765392,0.054298823765794535,0.023302160873690896,0.059751917080230164
31,2,gmr_30mm,randomized,central,False,True,,0.17413002898683771,0.1767250020056963,0.19593857502331957,0.17413002898683771,1,1,0,1,1,0,1,1,0,0,1.1497e-05,0.00034655,1.358e-06,0.00031463,2.0327e-05,0.004296449013054371,0.009209568961523473,0.0008402580278925598,0.0017166599864140153,0.017684661026578397,13.949216946,1.45590485091,0.010935329613,0.09195373862310333,0.11741556820172969,0.19771720429386172
31,3,reference_ik,randomized,central,False,True,,0.13144466001540422,0.13451422500656918,0.15372779802419245,0.13144466001540422,0,0,0,0,0,0,0,0,0,0,0,0,0,0,0,0.004296449013054371,0.009209568961523473,0.0008402580278925598,0.0017166599864140153,0.017684661026578397,4.26955855326,0.669424378979,0.01103350863,0.06136766406737205,0.0034059427684879004,0.05953577867402892
31,3,gmm,randomized,central,False,True,,0.1601125699817203,0.16271158901508898,0.18192516203271225,0.1601125699817203,8,3,8,0,0,0,8,6,0,3,5.6695e-05,0.02226211,6.031e-06,0.021997037,0.000111335,0.004296449013054371,0.009209568961523473,0.0008402580278925598,0.0017166599864140153,0.017684661026578397,12.932473986,1.51348039967,0.0105425672836,0.07539869033755481,0.12705287189065892,0.2152386580269844
31,3,gmr_30mm,randomized,central,False,True,,0.10980450100032613,0.11246543499873951,0.1316790080163628,0.10980450100032613,3,1,0,3,1,0,3,3,0,2,5.2179e-05,0.008349026,9.152e-06,0.008112221,0.000144331,0.004296449013054371,0.009209568961523473,0.0008402580278925598,0.0017166599864140153,0.017684661026578397,7.86706193913,0.540782490941,0.0110822695972,0.07656312931023486,0.047727746151559905,0.1352601463405161
31,3,hybrid_30mm,randomized,central,False,True,,0.1293007509666495,0.1316325519583188,0.15084612497594208,0.1293007509666495,4,3,1,3,2,0,4,4,0,1,4.8094e-05,0.009442829,9.688e-06,0.009118502,0.000175572,0.004296449013054371,0.009209568961523473,0.0008402580278925598,0.0017166599864140153,0.017684661026578397,10.7961558053,0.729248118491,0.00569188739087,0.08938623550623064,0.07353397079302156,0.1837039247628783
31,4,reference_ik,randomized,central,False,True,,0.12449197500245646,0.1278500389889814,0.14706361200660467,0.12449197500245646,0,0,0,0,0,0,0,0,0,0,0,0,0,0,0,0.004296449013054371,0.009209568961523473,0.0008402580278925598,0.0017166599864140153,0.017684661026578397,4.26955855326,0.669424378979,0.01103350863,0.06136766406737205,0.0034059427684879004,0.05953577867402892
31,4,hybrid_30mm,randomized,central,False,True,,0.17425789800472558,0.17674131598323584,0.1959548890008591,0.17425789800472558,1,1,0,1,1,0,1,1,0,0,5.2941e-05,0.00135654,4.896e-06,0.001228579,7.5402e-05,0.004296449013054371,0.009209568961523473,0.0008402580278925598,0.0017166599864140153,0.017684661026578397,12.4786464781,0.972892921408,0.0111915426363,0.09204047287833778,0.08357703732484481,0.19145362242099445
31,4,gmr_30mm,randomized,central,False,True,,0.1531660809996538,0.1557104479870759,0.17492402100469917,0.1531660809996538,1,1,0,1,1,0,1,1,0,0,3.0017e-05,0.000864419,3.967e-06,0.00076269,6.3029e-05,0.004296449013054371,0.009209568961523473,0.0008402580278925598,0.0017166599864140153,0.017684661026578397,10.8934354678,0.847403888473,0.010611303357,0.08042309504267908,0.05211024946119392,0.15049058306735097
31,4,gmm,randomized,central,False,True,,0.14602634002221748,0.14943345304345712,0.1686470260610804,0.14602634002221748,3,2,3,0,0,0,3,2,0,0,3.1159e-05,0.007082324,2.456e-06,0.007014609,1.9985e-05,0.004296449013054371,0.009209568961523473,0.0008402580278925598,0.0017166599864140153,0.017684661026578397,12.9907208003,0.833582839652,0.0108468879103,0.08048923323059504,0.09968252658483963,0.1828247454588392
27,0,hybrid_30mm,randomized,central,False,True,,0.14983991597546265,0.15252933895681053,0.17049315990880132,0.14983991597546265,6,5,0,6,5,0,6,6,0,1,2.7114e-05,0.005308321,5.741e-06,0.005062161,0.000152689,0.004215861961711198,0.00804065604461357,0.0009837749530561268,0.001716418017167598,0.016553124005440623,12.6467651707,1.07771679706,0.00326277591684,0.0760944560953811,0.05563699838641302,0.1489833526809232
27,0,reference_ik,randomized,central,False,True,,0.14106190600432456,0.1439607379725203,0.16192455892451108,0.14106190600432456,0,0,0,0,0,0,0,0,0,0,0,0,0,0,0,0.004215861961711198,0.00804065604461357,0.0009837749530561268,0.001716418017167598,0.016553124005440623,4.35706537306,0.700360061833,0.00341476414458,0.07561716331532609,0.0027346952974701966,0.0488213667595502
27,0,gmr_30mm,randomized,central,False,True,,0.11594003898790106,0.11884028097847477,0.13680410193046555,0.11594003898790106,4,4,0,4,4,0,4,4,0,0,2.1837e-05,0.004349848,3.315e-06,0.004169266,0.000125336,0.004215861961711198,0.00804065604461357,0.0009837749530561268,0.001716418017167598,0.016553124005440623,12.836314543,1.0599112216,0.00371337706108,0.06213815942954222,0.05946587234920878,0.14423783097778162
27,0,gmm,randomized,central,False,True,,0.1349441990023479,0.13820117799332365,0.15616499894531444,0.1349441990023479,18,10,18,0,0,0,18,15,0,5,4.7231e-05,0.028459258,6.985e-06,0.028001349,0.000228426,0.004215861961711198,0.00804065604461357,0.0009837749530561268,0.001716418017167598,0.016553124005440623,10.5657737171,0.680770192161,0.00254597424865,0.07151287981980117,0.06635175380821419,0.12301004103091413
27,1,gmr_30mm,randomized,central,False,True,,0.1781265470199287,0.181038401031401,0.1990022219833918,0.1781265470199287,3,3,0,3,3,0,3,3,0,0,4.6713e-05,0.004622578,8.599e-06,0.004118924,0.000354654,0.004215861961711198,0.00804065604461357,0.0009837749530561268,0.001716418017167598,0.016553124005440623,13.9126753437,1.34334804046,0.00380771031024,0.05843245776934727,0.07996228311802218,0.18046745777315512
27,1,hybrid_30mm,randomized,central,False,True,,0.08538737002527341,0.0880752689554356,0.10603908990742639,0.08538737002527341,4,2,1,3,2,0,4,4,0,2,1.0492e-05,0.00188143,4.75e-06,0.001708897,0.00010582,0.004215861961711198,0.00804065604461357,0.0009837749530561268,0.001716418017167598,0.016553124005440623,12.766105019,0.931923012089,0.00327038578688,0.06648873313695625,0.08510065169042513,0.13238315704518647
27,1,gmm,randomized,central,False,True,,0.1157672840054147,0.11820889997761697,0.13617272092960775,0.1157672840054147,3,1,3,0,0,0,3,2,0,1,5.0731e-05,0.005872995,4.742e-06,0.005770755,3.4062e-05,0.004215861961711198,0.00804065604461357,0.0009837749530561268,0.001716418017167598,0.016553124005440623,13.9103629802,1.54806705234,0.00314100458879,0.05126675372116169,0.10387210424883189,0.15889211760414546
27,1,reference_ik,randomized,central,False,True,,0.13421684800414369,0.13702608598396182,0.1549899069359526,0.13421684800414369,0,0,0,0,0,0,0,0,0,0,0,0,0,0,0,0.004215861961711198,0.00804065604461357,0.0009837749530561268,0.001716418017167598,0.016553124005440623,4.35706537306,0.700360061833,0.00341476414458,0.07561716331532609,0.0027346952974701966,0.0488213667595502
27,2,gmm,randomized,central,False,True,,0.09255644801305607,0.09504418197320774,0.11300800292519853,0.09255644801305607,2,2,2,0,0,0,2,2,0,0,7.022e-06,0.00403628,1.932e-06,0.003914132,6.8047e-05,0.004215861961711198,0.00804065604461357,0.0009837749530561268,0.001716418017167598,0.016553124005440623,5.79477063014,0.720010237702,0.00340280592001,0.0755310022337023,0.06809453409379274,0.17694227499505116
27,2,reference_ik,randomized,central,False,True,,0.13287140702595934,0.1351742540136911,0.15313807496568188,0.13287140702595934,0,0,0,0,0,0,0,0,0,0,0,0,0,0,0,0.004215861961711198,0.00804065604461357,0.0009837749530561268,0.001716418017167598,0.016553124005440623,4.35706537306,0.700360061833,0.00341476414458,0.07561716331532609,0.0027346952974701966,0.0488213667595502
27,2,gmr_30mm,randomized,central,False,True,,0.15617432101862505,0.1584761330159381,0.1764399539679289,0.15617432101862505,2,2,0,2,2,0,2,2,0,0,4.7876e-05,0.004952851,5.681e-06,0.004627947,0.000226549,0.004215861961711198,0.00804065604461357,0.0009837749530561268,0.001716418017167598,0.016553124005440623,12.9019496273,1.17529648972,0.00367855208093,0.0688690391486935,0.19496866514688568,0.2739396179936599
27,2,hybrid_30mm,randomized,central,False,True,,0.07492997800000012,0.07776050898246467,0.09572432993445545,0.07492997800000012,11,9,1,10,9,0,11,10,0,1,1.2323e-05,0.013626677,7.982e-06,0.013256043,0.000243214,0.004215861961711198,0.00804065604461357,0.0009837749530561268,0.001716418017167598,0.016553124005440623,7.47219129322,0.565856325675,0.00329732010461,0.07637443945612839,0.025007380930442108,0.048431914746684165
27,3,gmm,randomized,central,False,True,,0.27827685803640634,0.28147945704404265,0.29944327799603343,0.27827685803640634,22,13,22,0,0,0,22,17,0,4,4.022e-05,0.046248141,6.447e-06,0.04573395,0.00024595,0.004215861961711198,0.00804065604461357,0.0009837749530561268,0.001716418017167598,0.016553124005440623,18.3370246105,0.824702786376,0.00305165026819,0.07445132259021202,0.05183933000400368,0.1331356046711656
27,3,reference_ik,randomized,central,False,True,,0.13234208599897102,0.135008828015998,0.1529726489679888,0.13234208599897102,0,0,0,0,0,0,0,0,0,0,0,0,0,0,0,0.004215861961711198,0.00804065604461357,0.0009837749530561268,0.001716418017167598,0.016553124005440623,4.35706537306,0.700360061833,0.00341476414458,0.07561716331532609,0.0027346952974701966,0.0488213667595502
27,3,hybrid_30mm,randomized,central,False,True,,0.0667983689927496,0.06975488399621099,0.08771870494820178,0.0667983689927496,3,2,0,3,2,0,3,2,0,0,3.0868e-05,0.007915249,5.211e-06,0.007840891,3.2277e-05,0.004215861961711198,0.00804065604461357,0.0009837749530561268,0.001716418017167598,0.016553124005440623,7.35763425373,0.525683673542,0.0030641526537,0.05186179075270767,0.03754312850179711,0.06913832082309941
27,3,gmr_30mm,randomized,central,False,True,,0.19398801401257515,0.19696938700508326,0.21493320795707405,0.19398801401257515,9,5,0,9,5,0,9,7,0,2,5.3248e-05,0.022509932,1.4484e-05,0.021684476,0.000601253,0.004215861961711198,0.00804065604461357,0.0009837749530561268,0.001716418017167598,0.016553124005440623,13.9133422327,1.28894448239,0.00320179457918,0.06251964545860021,0.13305750545519468,0.20174923622616706
27,4,gmr_30mm,randomized,central,False,True,,0.2838552499888465,0.28739954298362136,0.30536336393561214,0.2838552499888465,14,12,0,14,12,0,14,14,0,2,4.9013e-05,0.016677481,2.9721e-05,0.016376714,0.000171076,0.004215861961711198,0.00804065604461357,0.0009837749530561268,0.001716418017167598,0.016553124005440623,19.3808617238,0.967121831903,0.00338306689203,0.07534947913927194,0.06788169373215415,0.13940648300989117
27,4,hybrid_30mm,randomized,central,False,True,,0.16660251200664788,0.16963653900893405,0.18760035996092483,0.16660251200664788,6,2,1,5,1,0,6,5,0,3,4.5605e-05,0.017926656,1.0669e-05,0.017458443,0.00033357,0.004215861961711198,0.00804065604461357,0.0009837749530561268,0.001716418017167598,0.016553124005440623,13.5440835366,0.682287005555,0.00349964805146,0.07567687976223604,0.06258572483104818,0.1262834987631531
27,4,reference_ik,randomized,central,False,True,,0.13404977699974552,0.13735984097002074,0.15532366192201152,0.13404977699974552,0,0,0,0,0,0,0,0,0,0,0,0,0,0,0,0.004215861961711198,0.00804065604461357,0.0009837749530561268,0.001716418017167598,0.016553124005440623,4.35706537306,0.700360061833,0.00341476414458,0.07561716331532609,0.0027346952974701966,0.0488213667595502
27,4,gmm,randomized,central,False,True,,0.17243235901696607,0.17548517399700359,0.19344899494899437,0.17243235901696607,34,16,34,0,0,0,34,31,0,15,4.7901e-05,0.050083383,1.0204e-05,0.049157446,0.000585051,0.004215861961711198,0.00804065604461357,0.0009837749530561268,0.001716418017167598,0.016553124005440623,13.7166395481,1.4853311732,0.00327124116394,0.0592588124409167,0.14253580279832187,0.2767333602871122
101,0,gmr_30mm,randomized,distant,False,True,,0.023975846997927874,0.026463789981789887,0.04482892097439617,0.023975846997927874,1,1,0,1,1,0,1,1,0,0,1.1778e-05,0.000301111,1.436e-06,0.000273283,1.6117e-05,0.004362443054560572,0.007963980024214834,0.0009952100226655602,0.001717536011710763,0.016638329019770026,6.84350852619,0.549281517163,0.0473013107675,0.17834098236038817,0.036474175010634116,0.07386288471863503
101,0,gmm,randomized,distant,False,True,,0.09931924502598122,0.10263137496076524,0.12099650595337152,0.09931924502598122,1,1,1,0,0,0,1,1,0,0,4.7702e-05,0.001836361,3.747e-06,0.001681652,7.149e-05,0.004362443054560572,0.007963980024214834,0.0009952100226655602,0.001717536011710763,0.016638329019770026,4.5231591186,0.492224906179,0.0472392673622,0.17834098236038817,0.05423588292072819,0.09381711871703648
101,0,hybrid_30mm,randomized,distant,False,True,,0.05896127299638465,0.06192578701302409,0.08029091800563037,0.05896127299638465,1,1,0,1,1,0,1,1,0,0,5.0405e-05,0.001775095,4.352e-06,0.001578469,0.000142615,0.004362443054560572,0.007963980024214834,0.0009952100226655602,0.001717536011710763,0.016638329019770026,4.78702297858,0.41835221228,0.0203273853192,0.13374721463434375,0.05474303697011302,0.0990662721588658
101,0,reference_ik,randomized,distant,False,True,,0.13978200999554247,0.14272004197118804,0.16108517296379432,0.13978200999554247,0,0,0,0,0,0,0,0,0,0,0,0,0,0,0,0.004362443054560572,0.007963980024214834,0.0009952100226655602,0.001717536011710763,0.016638329019770026,4.53221756693,0.667143135507,0.0471672615875,0.17834098236038817,0.004131111367931714,0.07350989535929064
101,1,gmm,randomized,distant,False,True,,0.04807573201833293,0.05088060296839103,0.06924573396099731,0.04807573201833293,1,1,1,0,0,0,1,1,0,0,2.708e-05,0.002657461,2.355e-06,0.002556013,4.8183e-05,0.004362443054560572,0.007963980024214834,0.0009952100226655602,0.001717536011710763,0.016638329019770026,5.65308954328,0.444361477246,0.0256240922084,0.1324051659135873,0.05010528654537631,0.11393693868910984
101,1,gmr_30mm,randomized,distant,False,True,,0.19507276400690898,0.19785358203807846,0.21621871303068474,0.19507276400690898,1,1,0,1,1,0,1,1,0,0,4.515e-05,0.003148815,5.081e-06,0.002789783,0.000307146,0.004362443054560572,0.007963980024214834,0.0009952100226655602,0.001717536011710763,0.016638329019770026,14.4380641152,1.27732583001,0.0172519215918,0.10033144430718732,0.13175603628587323,0.19446817788865758
101,1,reference_ik,randomized,distant,False,True,,0.13100322597892955,0.13390890700975433,0.1522740380023606,0.13100322597892955,0,0,0,0,0,0,0,0,0,0,0,0,0,0,0,0.004362443054560572,0.007963980024214834,0.0009952100226655602,0.001717536011710763,0.016638329019770026,4.53221756693,0.667143135507,0.0471672615875,0.17834098236038817,0.004131111367931714,0.07350989535929064
101,1,hybrid_30mm,randomized,distant,False,True,,0.19777310796780512,0.20090679300483316,0.21927192399743944,0.19777310796780512,1,1,0,1,1,0,1,1,0,0,5.3663e-05,0.005051316,4.579e-06,0.004883101,0.000109083,0.004362443054560572,0.007963980024214834,0.0009952100226655602,0.001717536011710763,0.016638329019770026,13.2416299622,0.840796524803,0.0473268153834,0.17834098236038817,0.05338610230294849,0.12588732656777046
101,2,gmm,randomized,distant,False,True,,0.12912818900076672,0.13198689598357305,0.15035202697617933,0.12912818900076672,1,1,1,0,0,0,1,1,0,0,5.0276e-05,0.004558873,3.608e-06,0.004483181,2.2483e-05,0.004362443054560572,0.007963980024214834,0.0009952100226655602,0.001717536011710763,0.016638329019770026,8.22069462293,0.557186305409,0.0475647159975,0.1671360460187011,0.05445583276600443,0.100924444402851
101,2,reference_ik,randomized,distant,False,True,,0.12933659000555053,0.13196205900749192,0.1503271900000982,0.12933659000555053,0,0,0,0,0,0,0,0,0,0,0,0,0,0,0,0.004362443054560572,0.007963980024214834,0.0009952100226655602,0.001717536011710763,0.016638329019770026,4.53221756693,0.667143135507,0.0471672615875,0.17834098236038817,0.004131111367931714,0.07350989535929064
101,2,hybrid_30mm,randomized,distant,False,True,,0.11634182400302961,0.11937379097798839,0.13773892197059467,0.11634182400302961,3,1,1,2,1,0,3,2,0,1,5.0186e-05,0.016500324,7.216e-06,0.016390155,4.3362e-05,0.004362443054560572,0.007963980024214834,0.0009952100226655602,0.001717536011710763,0.016638329019770026,10.3478583706,0.649223318046,0.047071250582,0.16599574488225727,0.07108043335604676,0.12962042665507706
101,2,gmr_30mm,randomized,distant,False,True,,0.03916842601029202,0.04194168699905276,0.060306817991659045,0.03916842601029202,2,2,0,2,2,0,2,2,0,0,1.6612e-05,0.004145478,2.599e-06,0.004035918,6.6462e-05,0.004362443054560572,0.007963980024214834,0.0009952100226655602,0.001717536011710763,0.016638329019770026,3.72798743398,0.461620423768,0.0468419803282,0.17618619286321027,0.03273359651096768,0.07347339141705128
101,3,reference_ik,randomized,distant,False,True,,0.13006403000326827,0.13328025199007243,0.1516453829826787,0.13006403000326827,0,0,0,0,0,0,0,0,0,0,0,0,0,0,0,0.004362443054560572,0.007963980024214834,0.0009952100226655602,0.001717536011710763,0.016638329019770026,4.53221756693,0.667143135507,0.0471672615875,0.17834098236038817,0.004131111367931714,0.07350989535929064
101,3,gmm,randomized,distant,False,True,,0.18447966198436916,0.18694323697127402,0.2053083679638803,0.18447966198436916,1,1,1,0,0,0,1,1,0,0,3.4534e-05,0.001745905,2.616e-06,0.001621137,6.4951e-05,0.004362443054560572,0.007963980024214834,0.0009952100226655602,0.001717536011710763,0.016638329019770026,14.4541259962,1.59515938378,0.0466604680729,0.1582899073371106,0.10393301249205786,0.14821381507611223
101,3,gmr_30mm,randomized,distant,False,True,,0.19226903800154105,0.19489458098541945,0.21325971197802573,0.19226903800154105,2,1,0,2,1,0,2,2,0,1,7.3352e-05,0.004822902,5.327e-06,0.004716763,6.0247e-05,0.004362443054560572,0.007963980024214834,0.0009952100226655602,0.001717536011710763,0.016638329019770026,12.1108909533,0.729889609832,0.0469111314686,0.17834098236038817,0.05454027154309915,0.1275075474949278
101,3,hybrid_30mm,randomized,distant,False,True,,0.09735437098424882,0.10001135402126238,0.11837648501386866,0.09735437098424882,2,1,0,2,1,0,2,1,0,0,4.8625e-05,0.006518265,5.192e-06,0.006466505,1.4505e-05,0.004362443054560572,0.007963980024214834,0.0009952100226655602,0.001717536011710763,0.016638329019770026,9.60771223677,0.642572032601,0.0471545386372,0.17834098236038817,0.05541492447007724,0.09996996606524836
101,4,hybrid_30mm,randomized,distant,False,True,,0.10846053302520886,0.11158204398816451,0.1299471749807708,0.10846053302520886,3,1,3,0,0,0,3,1,0,0,4.9366e-05,0.012421494,5.018e-06,0.012309243,3.7772e-05,0.004362443054560572,0.007963980024214834,0.0009952100226655602,0.001717536011710763,0.016638329019770026,4.97264412181,0.57028091519,0.0477499822038,0.17333682429216593,0.053681278270565506,0.10165119483877591
101,4,gmm,randomized,distant,False,True,,0.11013417597860098,0.11319743900094181,0.1315625699935481,0.11013417597860098,5,1,5,0,0,0,5,3,0,2,1.5692e-05,0.021489527,3.34e-06,0.021262252,0.000140688,0.004362443054560572,0.007963980024214834,0.0009952100226655602,0.001717536011710763,0.016638329019770026,13.0537017974,0.989328233225,0.00692550637504,0.08994584835631507,0.12514602061040436,0.1822080570930004
101,4,reference_ik,randomized,distant,False,True,,0.1252047480084002,0.1282281299936585,0.1465932609862648,0.1252047480084002,0,0,0,0,0,0,0,0,0,0,0,0,0,0,0,0.004362443054560572,0.007963980024214834,0.0009952100226655602,0.001717536011710763,0.016638329019770026,4.53221756693,0.667143135507,0.0471672615875,0.17834098236038817,0.004131111367931714,0.07350989535929064
101,4,gmr_30mm,randomized,distant,False,True,,0.07880288601154462,0.08148483099648729,0.09984996198909357,0.07880288601154462,4,2,0,4,2,0,4,2,0,0,4.597e-05,0.0168419,7.255e-06,0.016738775,3.2799e-05,0.004362443054560572,0.007963980024214834,0.0009952100226655602,0.001717536011710763,0.016638329019770026,6.4982902717,0.500443435759,0.0475298335469,0.16987340927155253,0.03495781903253841,0.07279030623797299
1,0,gmr_30mm,legacy,central_obstacle,False,True,,0.12181344104465097,0.12490540597354993,0.14292645402019843,0.12181344104465097,5,3,0,5,3,0,5,5,0,2,3.8954e-05,0.010816386,6.3e-06,0.010546725,0.00018091,0.004400453006383032,0.007961575989611447,0.000867661030497402,0.001706445007584989,0.01652652199845761,11.2958264214,0.668501525084,0.00656618106807,0.08425591572900129,0.0642521082807318,0.12037762248412093
1,0,hybrid_30mm,legacy,central_obstacle,False,True,,0.2387912409612909,0.24229694996029139,0.2603179980069399,0.2387912409612909,14,6,2,12,5,0,14,10,0,4,4.7806e-05,0.040670631,7.601e-06,0.040364224,0.000170938,0.004400453006383032,0.007961575989611447,0.000867661030497402,0.001706445007584989,0.01652652199845761,17.5114329387,1.23247073102,0.00853732756049,0.08278573538711295,0.12841298804753193,0.22965552780410578
1,0,reference_ik,legacy,central_obstacle,False,False,reference_edge_invalid,0.1172586259781383,0.11947064695414156,0.13749169500079006,6.0,0,0,0,0,0,0,0,0,0,0,0,0,0,0,0,0.004400453006383032,0.007961575989611447,0.000867661030497402,0.001706445007584989,0.01652652199845761,,,,,,
1,0,gmm,legacy,central_obstacle,False,True,,0.12333414203021675,0.12535215797834098,0.14337320602498949,0.12333414203021675,5,2,5,0,0,0,5,3,0,1,5.8308e-05,0.01846591,7.37e-06,0.018245035,7.6858e-05,0.004400453006383032,0.007961575989611447,0.000867661030497402,0.001706445007584989,0.01652652199845761,12.744615438,1.42343346852,0.0192002024344,0.1136090302644497,0.10203446119440353,0.2577464448029885
1,1,gmr_30mm,legacy,central_obstacle,False,True,,0.29552163800690323,0.2983514610095881,0.3163725090562366,0.29552163800690323,21,11,0,21,11,0,21,20,0,9,5.0623e-05,0.024578231,1.0687e-05,0.024109036,0.000308098,0.004400453006383032,0.007961575989611447,0.000867661030497402,0.001706445007584989,0.01652652199845761,18.5252119797,0.985403354846,0.000237231737504,0.0826754343086277,0.06458951074692987,0.14134891597292426
1,1,hybrid_30mm,legacy,central_obstacle,False,True,,0.09715920902090147,0.10067124100169167,0.11869228904834017,0.09715920902090147,5,5,1,4,4,0,5,5,0,0,5.1612e-05,0.006531994,7.198e-06,0.006220257,0.000162085,0.004400453006383032,0.007961575989611447,0.000867661030497402,0.001706445007584989,0.01652652199845761,8.67661773397,0.645159079612,0.0110674209018,0.1088662465797137,0.02437673323963701,0.07387007062205267
1,1,gmm,legacy,central_obstacle,False,True,,0.14046963601140305,0.14374902099370956,0.16177006904035807,0.14046963601140305,8,3,8,0,0,0,8,6,0,3,1.0285e-05,0.014090617,2.928e-06,0.013888639,0.000116259,0.004400453006383032,0.007961575989611447,0.000867661030497402,0.001706445007584989,0.01652652199845761,16.3671830628,1.312532072,0.014789550024,0.12131162338489336,0.11983467975121172,0.2647376522104176
1,1,reference_ik,legacy,central_obstacle,False,False,reference_edge_invalid,0.11411283502820879,0.1168348360224627,0.1348558840691112,6.0,0,0,0,0,0,0,0,0,0,0,0,0,0,0,0,0.004400453006383032,0.007961575989611447,0.000867661030497402,0.001706445007584989,0.01652652199845761,,,,,,
1,2,hybrid_30mm,legacy,central_obstacle,False,True,,0.10254646599059924,0.10449475998757407,0.12251580803422257,0.10254646599059924,18,13,3,15,10,0,18,18,0,5,1.0702e-05,0.009598215,5.633e-06,0.009286263,0.00020725,0.004400453006383032,0.007961575989611447,0.000867661030497402,0.001706445007584989,0.01652652199845761,12.6292479668,1.10593951968,0.00962758785997,0.10941091123106977,0.09493291724394569,0.2646080866666477
1,2,reference_ik,legacy,central_obstacle,False,False,reference_edge_invalid,0.11213532101828605,0.1143825160106644,0.1324035640573129,6.0,0,0,0,0,0,0,0,0,0,0,0,0,0,0,0,0.004400453006383032,0.007961575989611447,0.000867661030497402,0.001706445007584989,0.01652652199845761,,,,,,
1,2,gmm,legacy,central_obstacle,False,True,,0.05418978299712762,0.055988052976317704,0.0740091010229662,0.05418978299712762,5,3,5,0,0,0,5,5,0,2,1.1288e-05,0.007935767,3.007e-06,0.007740497,0.000105209,0.004400453006383032,0.007961575989611447,0.000867661030497402,0.001706445007584989,0.01652652199845761,6.59937253242,0.632760532104,0.00668756326366,0.08691102889947573,0.07255816923023348,0.12992153927648978
1,2,gmr_30mm,legacy,central_obstacle,False,True,,0.18241385702276602,0.18571929802419618,0.20374034607084468,0.18241385702276602,8,5,0,8,5,0,8,8,0,3,4.9817e-05,0.004840692,7.404e-06,0.00454948,0.000187228,0.004400453006383032,0.007961575989611447,0.000867661030497402,0.001706445007584989,0.01652652199845761,13.1447955252,1.09848008244,0.00823528143436,0.08079773850799467,0.09166860954720552,0.24816747146660922
1,3,gmm,legacy,central_obstacle,False,True,,0.14230617496650666,0.14520704397000372,0.16322809201665223,0.14230617496650666,22,13,22,0,0,0,22,19,0,6,4.6651e-05,0.035288403,8.289e-06,0.034648598,0.000337235,0.004400453006383032,0.007961575989611447,0.000867661030497402,0.001706445007584989,0.01652652199845761,9.08772289588,0.790161976234,0.0074142554585,0.08799410163816697,0.0634630085368304,0.11533031345828085
1,3,hybrid_30mm,legacy,central_obstacle,False,True,,0.1838726659771055,0.18741642398526892,0.20543747203191742,0.1838726659771055,16,11,1,15,10,0,16,15,0,4,3.2689e-05,0.018769589,7.308e-06,0.018485079,0.00017099,0.004400453006383032,0.007961575989611447,0.000867661030497402,0.001706445007584989,0.01652652199845761,15.970257923,1.20785434658,0.00332151118155,0.0707147057985495,0.07069303625005584,0.18067338299255545
1,3,gmr_30mm,legacy,central_obstacle,False,True,,0.14946999301901087,0.1535342229763046,0.1715552710229531,0.14946999301901087,5,4,0,5,4,0,5,5,0,1,5.059e-05,0.004786785,5.932e-06,0.004623292,7.8195e-05,0.004400453006383032,0.007961575989611447,0.000867661030497402,0.001706445007584989,0.01652652199845761,12.7465626625,1.1652122924,0.0196960827402,0.14186922323343673,0.11989327237039933,0.3096222716551307
1,3,reference_ik,legacy,central_obstacle,False,False,reference_edge_invalid,0.11586385598639026,0.11869132402352989,0.1367123720701784,6.0,0,0,0,0,0,0,0,0,0,0,0,0,0,0,0,0.004400453006383032,0.007961575989611447,0.000867661030497402,0.001706445007584989,0.01652652199845761,,,,,,
1,4,gmm,legacy,central_obstacle,False,True,,0.13608079199912027,0.13808757800143212,0.15610862604808062,0.13608079199912027,20,9,20,0,0,0,20,16,0,7,4.8772e-05,0.038082472,9.716e-06,0.037249602,0.000457697,0.004400453006383032,0.007961575989611447,0.000867661030497402,0.001706445007584989,0.01652652199845761,6.63740849496,0.985537674184,0.000971185008344,0.0855399455828133,0.06089615070056525,0.13941128529596475
1,4,hybrid_30mm,legacy,central_obstacle,False,True,,0.19612418999895453,0.19950326799880713,0.21752431604545563,0.19612418999895453,25,14,3,22,12,0,25,24,0,10,2.8566e-05,0.032856721,8.103e-06,0.032315247,0.000338493,0.004400453006383032,0.007961575989611447,0.000867661030497402,0.001706445007584989,0.01652652199845761,10.2106461654,0.87782309736,0.00245648493305,0.08808494478409,0.06875149277992909,0.20401178580803633
1,4,reference_ik,legacy,central_obstacle,False,False,reference_edge_invalid,0.12260122300358489,0.12540603295201436,0.14342708099866286,6.0,0,0,0,0,0,0,0,0,0,0,0,0,0,0,0,0.004400453006383032,0.007961575989611447,0.000867661030497402,0.001706445007584989,0.01652652199845761,,,,,,
1,4,gmr_30mm,legacy,central_obstacle,False,True,,0.08741602301597595,0.08932820498012006,0.10734925302676857,0.08741602301597595,4,3,0,4,3,0,4,4,0,1,1.1689e-05,0.003296786,2.936e-06,0.003214515,5.1341e-05,0.004400453006383032,0.007961575989611447,0.000867661030497402,0.001706445007584989,0.01652652199845761,8.86677715001,0.656453134088,0.0120313253956,0.06596529032843829,0.06357398128955753,0.11942965015718619
1,5,gmm,legacy,central_obstacle,False,True,,0.0793929110514,0.0823038860107772,0.10032493405742571,0.0793929110514,3,2,3,0,0,0,3,2,0,0,2.8548e-05,0.006903848,2.548e-06,0.006808357,2.562e-05,0.004400453006383032,0.007961575989611447,0.000867661030497402,0.001706445007584989,0.01652652199845761,6.24262194507,0.65198835779,0.0172739741857,0.12826559086219758,0.09996295373808994,0.1893062615092021
1,5,hybrid_30mm,legacy,central_obstacle,False,True,,0.10151054803282022,0.10465855605434626,0.12267960410099477,0.10151054803282022,21,9,7,14,6,0,21,18,0,9,1.956e-05,0.02894284,8.002e-06,0.028512764,0.000261204,0.004400453006383032,0.007961575989611447,0.000867661030497402,0.001706445007584989,0.01652652199845761,9.97609239378,0.812175996968,0.0189882459423,0.09239437110844634,0.07326048299704208,0.20262605016649143
1,5,reference_ik,legacy,central_obstacle,False,False,reference_edge_invalid,0.12016100500477478,0.12252852000528947,0.14054956805193797,6.0,0,0,0,0,0,0,0,0,0,0,0,0,0,0,0,0.004400453006383032,0.007961575989611447,0.000867661030497402,0.001706445007584989,0.01652652199845761,,,,,,
1,5,gmr_30mm,legacy,central_obstacle,False,True,,0.20999932603444904,0.21210844698362052,0.23012949503026903,0.20999932603444904,21,12,0,21,12,0,21,20,0,8,4.6959e-05,0.034826148,1.3881e-05,0.034272787,0.000342428,0.004400453006383032,0.007961575989611447,0.000867661030497402,0.001706445007584989,0.01652652199845761,13.4375929045,1.24973973256,0.00014265587518,0.0955783385098031,0.08298739165772341,0.23973921500708106
1,6,gmm,legacy,central_obstacle,False,True,,0.1813783049583435,0.1841993149719201,0.2022203630185686,0.1813783049583435,8,5,8,0,0,0,8,7,0,2,4.9595e-05,0.021079885,6.517e-06,0.020658213,0.000223446,0.004400453006383032,0.007961575989611447,0.000867661030497402,0.001706445007584989,0.01652652199845761,11.3885712381,0.895703352403,0.0022720737975,0.13878765388671924,0.0485537252780926,0.12955288832143713
1,6,hybrid_30mm,legacy,central_obstacle,False,True,,0.1399964719894342,0.1431521070189774,0.1611731550656259,0.1399964719894342,9,5,0,9,5,0,9,9,0,4,5.5892e-05,0.014453297,7.782e-06,0.014211396,0.000157322,0.004400453006383032,0.007961575989611447,0.000867661030497402,0.001706445007584989,0.01652652199845761,13.1380189391,1.22520430642,0.0197116696365,0.11412337197232762,0.0966586977249927,0.2390438716222491
1,6,reference_ik,legacy,central_obstacle,False,False,reference_edge_invalid,0.11581747198943049,0.11834111897042021,0.13636216701706871,6.0,0,0,0,0,0,0,0,0,0,0,0,0,0,0,0,0.004400453006383032,0.007961575989611447,0.000867661030497402,0.001706445007584989,0.01652652199845761,,,,,,
1,6,gmr_30mm,legacy,central_obstacle,False,True,,0.09742345398990437,0.0994415269815363,0.1174625750281848,0.09742345398990437,12,5,0,12,5,0,12,12,0,7,2.2736e-05,0.013496436,7.824e-06,0.013157796,0.000225069,0.004400453006383032,0.007961575989611447,0.000867661030497402,0.001706445007584989,0.01652652199845761,11.3061294422,0.94897868772,0.00231627209694,0.09180060207707516,0.08677097292502003,0.2404118597434294
1,7,hybrid_30mm,legacy,central_obstacle,False,True,,0.19350083998870105,0.19679497397737578,0.21481602202402428,0.19350083998870105,8,5,1,7,4,0,8,7,0,2,5.1058e-05,0.019914646,1.2774e-05,0.019205096,0.000435997,0.004400453006383032,0.007961575989611447,0.000867661030497402,0.001706445007584989,0.01652652199845761,13.705751404,0.851248950643,0.0191665151945,0.1052261156812522,0.08600725057110707,0.15716297703656293
1,7,gmr_30mm,legacy,central_obstacle,False,True,,0.12716990598710254,0.13013369601685554,0.14815474406350404,0.12716990598710254,6,4,0,6,4,0,6,6,0,2,4.7862e-05,0.007108923,6.66e-06,0.006909017,0.000123781,0.004400453006383032,0.007961575989611447,0.000867661030497402,0.001706445007584989,0.01652652199845761,10.7953947426,0.840848350302,0.0194755170349,0.12118430261904592,0.09726884839763313,0.2660798188367246
1,7,gmm,legacy,central_obstacle,False,True,,0.44000327796675265,0.4433773509808816,0.4613983990275301,0.44000327796675265,52,27,52,0,0,0,52,47,0,20,4.6805e-05,0.056728948,1.1909e-05,0.055821075,0.000466538,0.004400453006383032,0.007961575989611447,0.000867661030497402,0.001706445007584989,0.01652652199845761,22.3459817564,1.88393794506,0.00582208981216,0.12338717778771702,0.08563049407032595,0.21521945798843678
1,7,reference_ik,legacy,central_obstacle,False,False,reference_edge_invalid,0.19226020498899743,0.19462076399940997,0.21264181204605848,6.0,0,0,0,0,0,0,0,0,0,0,0,0,0,0,0,0.004400453006383032,0.007961575989611447,0.000867661030497402,0.001706445007584989,0.01652652199845761,,,,,,
1,8,reference_ik,legacy,central_obstacle,False,False,reference_edge_invalid,0.11981522396672517,0.12150644301436841,0.13952749106101692,6.0,0,0,0,0,0,0,0,0,0,0,0,0,0,0,0,0.004400453006383032,0.007961575989611447,0.000867661030497402,0.001706445007584989,0.01652652199845761,,,,,,
1,8,gmr_30mm,legacy,central_obstacle,False,True,,0.3032353750313632,0.3054645489901304,0.3234855970367789,0.3032353750313632,35,20,0,35,20,0,35,34,0,14,4.587e-05,0.031104308,1.0686e-05,0.030496282,0.000412834,0.004400453006383032,0.007961575989611447,0.000867661030497402,0.001706445007584989,0.01652652199845761,18.2412643285,1.38353232984,0.00261293800119,0.09266113866141376,0.08533061199906992,0.2013243404960559
1,8,gmm,legacy,central_obstacle,False,True,,0.1431027710204944,0.145619970979169,0.1636410190258175,0.1431027710204944,2,1,2,0,0,0,2,2,0,1,5.0799e-05,0.0041718,5.023e-06,0.003951791,0.000101081,0.004400453006383032,0.007961575989611447,0.000867661030497402,0.001706445007584989,0.01652652199845761,12.9693860397,1.44186295511,0.0190167675183,0.10671441053881864,0.10870592629019502,0.21311277858514222
1,8,hybrid_30mm,legacy,central_obstacle,False,True,,0.19332516397116706,0.20494680403498933,0.22296785208163783,0.19332516397116706,34,14,9,25,10,0,34,31,0,17,4.5193e-05,0.042230326,1.0263e-05,0.041426107,0.000553072,0.004400453006383032,0.007961575989611447,0.000867661030497402,0.001706445007584989,0.01652652199845761,13.7671707966,1.0329367286,0.01100847657,0.0640152262757145,0.084777940334905,0.2423474533369769
1,9,gmm,legacy,central_obstacle,False,True,,0.08757921296637505,0.09036820899927989,0.10838925704592839,0.08757921296637505,11,6,11,0,0,0,11,10,0,4,1.0358e-05,0.019245022,3.649e-06,0.019006015,0.000114976,0.004400453006383032,0.007961575989611447,0.000867661030497402,0.001706445007584989,0.01652652199845761,8.87316930793,0.883569453543,0.0191507233016,0.1074908794541025,0.07380522853589136,0.1685450834724518
1,9,reference_ik,legacy,central_obstacle,False,False,reference_edge_invalid,0.1090162509935908,0.11088393098907545,0.12890497903572395,6.0,0,0,0,0,0,0,0,0,0,0,0,0,0,0,0,0.004400453006383032,0.007961575989611447,0.000867661030497402,0.001706445007584989,0.01652652199845761,,,,,,
1,9,gmr_30mm,legacy,central_obstacle,False,True,,0.16574528597993776,0.1676406899932772,0.1856617380399257,0.16574528597993776,8,5,0,8,5,0,8,8,0,3,4.8698e-05,0.011248912,6.776e-06,0.011017502,0.000148124,0.004400453006383032,0.007961575989611447,0.000867661030497402,0.001706445007584989,0.01652652199845761,13.1055764129,1.24828099951,0.0196212920304,0.12385346480622852,0.08860947323495172,0.2785181723536727
1,9,hybrid_30mm,legacy,central_obstacle,False,True,,0.0919252599705942,0.09503474802477285,0.11305579607142136,0.0919252599705942,8,6,2,6,4,0,8,8,0,2,3.3853e-05,0.010229368,7.368e-06,0.009883438,0.000194102,0.004400453006383032,0.007961575989611447,0.000867661030497402,0.001706445007584989,0.01652652199845761,10.6939974955,0.979255340728,0.0150820314339,0.10848094536676892,0.09551137944116925,0.25429611080089076
75,0,hybrid_30mm,randomized,offset,False,True,,0.1338178910082206,0.1364092990406789,0.15482747904025018,0.1338178910082206,4,3,1,3,3,0,4,3,0,0,4.6757e-05,0.01147075,6.868e-06,0.011101918,0.000233422,0.004487370024435222,0.008051779004745185,0.0008704419597052038,0.0017407260020263493,0.016747779038269073,14.1459995807,1.06289293468,0.0233075945149,0.08036195002037211,0.05693952986964674,0.0920049730506101
75,0,gmm,randomized,offset,False,True,,0.16955640900414437,0.17281471501337364,0.19123289501294494,0.16955640900414437,7,4,7,0,0,0,7,4,0,0,4.9325e-05,0.02807964,5.514e-06,0.02781474,0.000131229,0.004487370024435222,0.008051779004745185,0.0008704419597052038,0.0017407260020263493,0.016747779038269073,12.6705614416,1.21556475827,0.0178985606874,0.08090197525375876,0.12302328994019211,0.23777925891389037
75,0,gmr_30mm,randomized,offset,False,True,,0.15507689298829064,0.15737399994395673,0.17579217994352803,0.15507689298829064,10,7,0,10,7,0,10,8,0,1,5.1095e-05,0.026664973,1.137e-05,0.026261458,0.000232831,0.004487370024435222,0.008051779004745185,0.0008704419597052038,0.0017407260020263493,0.016747779038269073,6.1958683279,0.461945906333,0.000847414145632,0.0718680890390287,0.04970468220655039,0.08447523120128017
75,0,reference_ik,randomized,offset,False,True,,0.12503274797927588,0.12767106504179537,0.14608924504136667,0.12503274797927588,0,0,0,0,0,0,0,0,0,0,0,0,0,0,0,0.004487370024435222,0.008051779004745185,0.0008704419597052038,0.0017407260020263493,0.016747779038269073,4.26556799594,0.678005810782,0.0232200476008,0.08037819091247264,0.002226833231261581,0.04087653910453463
75,1,hybrid_30mm,randomized,offset,False,True,,0.12116051703924313,0.12406240002019331,0.1424805800197646,0.12116051703924313,2,2,0,2,2,0,2,2,0,0,3.5519e-05,0.004680929,9.917e-06,0.004439758,0.00012171,0.004487370024435222,0.008051779004745185,0.0008704419597052038,0.0017407260020263493,0.016747779038269073,12.9455957109,0.991642296551,0.0231094733138,0.08017246810576208,0.06839409306200277,0.15854178109773617
75,1,gmr_30mm,randomized,offset,False,True,,0.07857934100320563,0.0815589870326221,0.09997716703219339,0.07857934100320563,4,3,0,4,3,0,4,4,0,1,1.3146e-05,0.002438515,2.985e-06,0.002278711,0.000115982,0.004487370024435222,0.008051779004745185,0.0008704419597052038,0.0017407260020263493,0.016747779038269073,2.69971234857,0.399707776262,8.09798966961e-05,0.08031159429068642,0.042833576020358935,0.0964227533398811
75,1,reference_ik,randomized,offset,False,True,,0.12918488105060533,0.1321921749622561,0.1506103549618274,0.12918488105060533,0,0,0,0,0,0,0,0,0,0,0,0,0,0,0,0.004487370024435222,0.008051779004745185,0.0008704419597052038,0.0017407260020263493,0.016747779038269073,4.26556799594,0.678005810782,0.0232200476008,0.08037819091247264,0.002226833231261581,0.04087653910453463
75,1,gmm,randomized,offset,False,True,,0.2415096400072798,0.24406040902249515,0.26247858902206644,0.2415096400072798,3,3,3,0,0,0,3,3,0,0,4.9531e-05,0.003690019,6.497e-06,0.003244693,0.000239835,0.004487370024435222,0.008051779004745185,0.0008704419597052038,0.0017407260020263493,0.016747779038269073,12.3987333758,0.738748336982,0.0200921097817,0.08002255164596091,0.13086981943479173,0.22131426801950793
75,2,reference_ik,randomized,offset,False,True,,0.12713526602601632,0.13005277496995404,0.14847095496952534,0.12713526602601632,0,0,0,0,0,0,0,0,0,0,0,0,0,0,0,0.004487370024435222,0.008051779004745185,0.0008704419597052038,0.0017407260020263493,0.016747779038269073,4.26556799594,0.678005810782,0.0232200476008,0.08037819091247264,0.002226833231261581,0.04087653910453463
75,2,gmm,randomized,offset,False,True,,0.18127178400754929,0.184459802985657,0.2028779829852283,0.18127178400754929,2,1,2,0,0,0,2,2,0,1,4.86e-05,0.006335871,6.703e-06,0.005950072,0.000236438,0.004487370024435222,0.008051779004745185,0.0008704419597052038,0.0017407260020263493,0.016747779038269073,10.2212769662,0.610214230363,0.0029196424048,0.07940822581483113,0.05094110709261797,0.09977939929017106
75,2,hybrid_30mm,randomized,offset,False,True,,0.053065984044224024,0.05589683598373085,0.07431501598330215,0.053065984044224024,2,2,1,1,1,0,2,2,0,0,4.7945e-05,0.00381096,4.62e-06,0.003656613,8.8292e-05,0.004487370024435222,0.008051779004745185,0.0008704419597052038,0.0017407260020263493,0.016747779038269073,3.03456816526,0.444951533403,0.0211532482407,0.07623920472828766,0.06395742387779764,0.1158258279440645
75,2,gmr_30mm,randomized,offset,False,True,,0.07108161097858101,0.07370928098680452,0.09212746098637581,0.07108161097858101,3,2,0,3,2,0,3,3,0,1,3.3783e-05,0.004727297,4.781e-06,0.004430698,0.000218382,0.004487370024435222,0.008051779004745185,0.0008704419597052038,0.0017407260020263493,0.016747779038269073,5.66207907671,0.384072627821,0.0139508156971,0.07998055303036065,0.04343963584218407,0.07747936538152961
75,3,gmr_30mm,randomized,offset,False,True,,0.10004721401492134,0.10309964104089886,0.12151782104047015,0.10004721401492134,7,4,0,7,4,0,7,7,0,3,3.3358e-05,0.007537736,5.411e-06,0.007319489,0.000146259,0.004487370024435222,0.008051779004745185,0.0008704419597052038,0.0017407260020263493,0.016747779038269073,11.522762732,0.630558656776,0.0158456452902,0.08016427277294325,0.06014608585047678,0.08775866662580988
75,3,reference_ik,randomized,offset,False,True,,0.13002418098039925,0.1328391860006377,0.151257366000209,0.13002418098039925,0,0,0,0,0,0,0,0,0,0,0,0,0,0,0,0.004487370024435222,0.008051779004745185,0.0008704419597052038,0.0017407260020263493,0.016747779038269073,4.26556799594,0.678005810782,0.0232200476008,0.08037819091247264,0.002226833231261581,0.04087653910453463
75,3,gmm,randomized,offset,False,True,,0.16568339499644935,0.16880445799324661,0.1872226379928179,0.16568339499644935,5,3,5,0,0,0,5,4,0,1,4.9669e-05,0.008181488,4.558e-06,0.00801731,6.9808e-05,0.004487370024435222,0.008051779004745185,0.0008704419597052038,0.0017407260020263493,0.016747779038269073,12.5296130462,1.23544414308,0.0235010426362,0.07479987388364362,0.09541803737761931,0.18418658686717826
75,3,hybrid_30mm,randomized,offset,False,True,,0.033829717023763806,0.03691565996268764,0.055333839962258935,0.033829717023763806,1,1,0,1,1,0,1,1,0,0,1.0515e-05,0.005206717,2.135e-06,0.005146972,3.2084e-05,0.004487370024435222,0.008051779004745185,0.0008704419597052038,0.0017407260020263493,0.016747779038269073,4.81458969433,0.493402704348,0.0201092864923,0.08016151798447956,0.029061232748052456,0.062298750859290014
75,4,reference_ik,randomized,offset,False,True,,0.12930799199966714,0.1322483359836042,0.1506665159831755,0.12930799199966714,0,0,0,0,0,0,0,0,0,0,0,0,0,0,0,0.004487370024435222,0.008051779004745185,0.0008704419597052038,0.0017407260020263493,0.016747779038269073,4.26556799594,0.678005810782,0.0232200476008,0.08037819091247264,0.002226833231261581,0.04087653910453463
75,4,hybrid_30mm,randomized,offset,False,True,,0.13062778097810224,0.13327052601380274,0.15168870601337403,0.13062778097810224,3,2,0,3,2,0,3,3,0,1,5.1954e-05,0.00891505,8.421e-06,0.008579726,0.000216472,0.004487370024435222,0.008051779004745185,0.0008704419597052038,0.0017407260020263493,0.016747779038269073,5.65593019255,0.484775203232,0.0230542370456,0.08030810127991175,0.022382280953040092,0.0463408268977097
75,4,gmm,randomized,offset,False,True,,0.08290298300562426,0.085846878006123,0.1042650580056943,0.08290298300562426,6,3,6,0,0,0,6,6,0,3,3.8741e-05,0.014861792,4.777e-06,0.014543145,0.000158925,0.004487370024435222,0.008051779004745185,0.0008704419597052038,0.0017407260020263493,0.016747779038269073,7.98672535485,0.553581507765,0.00109400241545,0.07959543359464416,0.04712390967061628,0.07858952955074859
75,4,gmr_30mm,randomized,offset,False,True,,0.11996440996881574,0.1230277520371601,0.1414459320367314,0.11996440996881574,1,1,0,1,1,0,1,1,0,0,4.6479e-05,0.005019986,5.698e-06,0.004862932,8.9242e-05,0.004487370024435222,0.008051779004745185,0.0008704419597052038,0.0017407260020263493,0.016747779038269073,4.56294540255,0.417848376725,0.0105410942191,0.07543145134869211,0.03760443727134279,0.07302577568521677
63,0,reference_ik,randomized,offset,False,False,reference_edge_invalid,0.1508867249940522,0.15331363200675696,0.17194698803359643,6.0,0,0,0,0,0,0,0,0,0,0,0,0,0,0,0,0.0044619840336963534,0.008094888995401561,0.0011190460063517094,0.0017040309612639248,0.017006250040140003,,,,,,
63,0,gmm,randomized,offset,False,True,,0.03780488402117044,0.03977941197808832,0.058412768004927784,0.03780488402117044,4,3,4,0,0,0,4,4,0,1,1.1712e-05,0.008767609,1.685e-06,0.008625166,9.3198e-05,0.0044619840336963534,0.008094888995401561,0.0011190460063517094,0.0017040309612639248,0.017006250040140003,6.02546206723,0.695297426411,0.0252706794967,0.08897923646737496,0.05892201081722835,0.1306169910694957
63,0,hybrid_30mm,randomized,offset,False,True,,0.12991515203611925,0.13299184100469574,0.1516251970315352,0.12991515203611925,5,2,1,4,2,0,5,3,0,1,4.8664e-05,0.016977871,1.5686e-05,0.016461753,0.000327415,0.0044619840336963534,0.008094888995401561,0.0011190460063517094,0.0017040309612639248,0.017006250040140003,4.46047587995,0.565803964929,0.0256957525784,0.08641196109896826,0.06800560102757461,0.1359632983567558
63,0,gmr_30mm,randomized,offset,False,True,,0.16898974200012162,0.17252001503948122,0.1911533710663207,0.16898974200012162,2,1,0,2,1,0,2,2,0,1,5.1823e-05,0.005352949,5.899e-06,0.005165435,0.000122829,0.0044619840336963534,0.008094888995401561,0.0011190460063517094,0.0017040309612639248,0.017006250040140003,12.7882934344,0.991177564315,0.0190744194866,0.08894999716982993,0.14485743393695083,0.24877256891747646
63,1,gmm,randomized,offset,False,True,,0.09779340698150918,0.10068015498109162,0.11931351100793108,0.09779340698150918,8,3,8,0,0,0,8,5,0,2,3.3628e-05,0.026754801,4.528e-06,0.026493764,0.00011307,0.0044619840336963534,0.008094888995401561,0.0011190460063517094,0.0017040309612639248,0.017006250040140003,4.10427929377,0.596340722183,0.000370549947726,0.06692774600746766,0.13081311733809328,0.23476679785249294
63,1,hybrid_30mm,randomized,offset,False,True,,0.17385125102009624,0.1767051380011253,0.19533849402796477,0.17385125102009624,1,1,0,1,1,0,1,1,0,0,2.8159e-05,0.002202325,2.841e-06,0.002123252,4.38e-05,0.0044619840336963534,0.008094888995401561,0.0011190460063517094,0.0017040309612639248,0.017006250040140003,11.7919036334,1.02738397529,0.0250315933413,0.07072211971435483,0.09077631296315591,0.2746984594681328
63,1,reference_ik,randomized,offset,False,False,reference_edge_invalid,0.1872366979951039,0.18991312896832824,0.2085464849951677,6.0,0,0,0,0,0,0,0,0,0,0,0,0,0,0,0,0.0044619840336963534,0.008094888995401561,0.0011190460063517094,0.0017040309612639248,0.017006250040140003,,,,,,
63,1,gmr_30mm,randomized,offset,False,True,,0.09196218801662326,0.09386445995187387,0.11249781597871333,0.09196218801662326,1,1,0,1,1,0,1,1,0,0,8.148e-06,0.002406775,2.265e-06,0.002304223,6.6717e-05,0.0044619840336963534,0.008094888995401561,0.0011190460063517094,0.0017040309612639248,0.017006250040140003,10.4736661747,0.706529487094,0.0259939007104,0.07421696488087927,0.11845956246382482,0.21715141751788922
63,2,gmm,randomized,offset,False,True,,0.1149280610261485,0.11824382795020938,0.13687718397704884,0.1149280610261485,1,1,1,0,0,0,1,1,0,0,1.1214e-05,0.001044456,1.134e-06,0.000985188,2.7519e-05,0.0044619840336963534,0.008094888995401561,0.0011190460063517094,0.0017040309612639248,0.017006250040140003,12.7852569004,0.885381375627,0.0201359715101,0.08894549177437003,0.08694261098281193,0.20080947721637935
63,2,reference_ik,randomized,offset,False,False,reference_edge_invalid,0.32170467998366803,0.3244367410079576,0.3430700970347971,6.0,0,0,0,0,0,0,0,0,0,0,0,0,0,0,0,0.0044619840336963534,0.008094888995401561,0.0011190460063517094,0.0017040309612639248,0.017006250040140003,,,,,,
63,2,hybrid_30mm,randomized,offset,False,True,,0.07999592396663502,0.08185956301167607,0.10049291903851554,0.07999592396663502,1,1,0,1,1,0,1,1,0,0,1.0918e-05,0.000356841,1.611e-06,0.000236987,9.8763e-05,0.0044619840336963534,0.008094888995401561,0.0011190460063517094,0.0017040309612639248,0.017006250040140003,11.7220900694,0.706857521606,0.0253507354317,0.07968160942041977,0.06984969977234978,0.14616215826059306
63,2,gmr_30mm,randomized,offset,False,True,,0.14105833298526704,0.14401466102572158,0.16264801705256104,0.14105833298526704,1,1,0,1,1,0,1,1,0,0,4.6708e-05,0.004442366,4.232e-06,0.004394374,1.4239e-05,0.0044619840336963534,0.008094888995401561,0.0011190460063517094,0.0017040309612639248,0.017006250040140003,9.69111644281,0.747786570924,0.0254764577483,0.08886775594523733,0.0713417468988473,0.16027852366816916
63,3,gmm,randomized,offset,False,True,,0.12123953504487872,0.1240343939862214,0.14266775001306087,0.12123953504487872,4,2,4,0,0,0,4,3,0,1,4.9384e-05,0.01101661,4.413e-06,0.010895133,4.1561e-05,0.0044619840336963534,0.008094888995401561,0.0011190460063517094,0.0017040309612639248,0.017006250040140003,4.9494355065,0.776042641949,0.0263952680886,0.08737136760658626,0.10663383766680933,0.18784233226237795
63,3,reference_ik,randomized,offset,False,False,reference_edge_invalid,0.18266316602239385,0.18539298902032897,0.20402634504716843,6.0,0,0,0,0,0,0,0,0,0,0,0,0,0,0,0,0.0044619840336963534,0.008094888995401561,0.0011190460063517094,0.0017040309612639248,0.017006250040140003,,,,,,
63,3,hybrid_30mm,randomized,offset,False,True,,0.09538308397168294,0.09721578197786584,0.11584913800470531,0.09538308397168294,1,1,0,1,1,0,1,1,0,0,2.4782e-05,0.002132117,2.5e-06,0.002063615,4.1089e-05,0.0044619840336963534,0.008094888995401561,0.0011190460063517094,0.0017040309612639248,0.017006250040140003,10.2139460734,0.747843422847,0.0251430771295,0.0887795184297398,0.09447025993274447,0.15275530764044745
63,3,gmr_30mm,randomized,offset,False,True,,0.14166216499870643,0.1450218060053885,0.16365516203222796,0.14166216499870643,3,2,0,3,2,0,3,3,0,1,3.804e-05,0.010879214,6.06e-06,0.01061829,0.000172038,0.0044619840336963534,0.008094888995401561,0.0011190460063517094,0.0017040309612639248,0.017006250040140003,14.3661264977,0.91918656898,0.02585264986,0.08680655179098701,0.09578511406615896,0.20194702416830868
63,4,gmm,randomized,offset,False,True,,0.14797933399677277,0.1508683210122399,0.16950167703907937,0.14797933399677277,2,1,2,0,0,0,2,2,0,1,2.6355e-05,0.005504441,4.348e-06,0.005270679,0.000124085,0.0044619840336963534,0.008094888995401561,0.0011190460063517094,0.0017040309612639248,0.017006250040140003,13.649924888,1.26653894236,0.0252179693642,0.08063192073415233,0.10405989069791857,0.2639969648555447
63,4,hybrid_30mm,randomized,offset,False,True,,0.15096045599784702,0.15369619202101603,0.1723295480478555,0.15096045599784702,1,1,1,0,0,0,1,1,0,0,5.0629e-05,0.002734117,3.334e-06,0.002529115,0.000119314,0.0044619840336963534,0.008094888995401561,0.0011190460063517094,0.0017040309612639248,0.017006250040140003,11.8878020301,1.04856145577,0.0254715758376,0.07571189048594626,0.10037404380806163,0.24382897287813843
63,4,reference_ik,randomized,offset,False,False,reference_edge_invalid,0.31266073195729405,0.31488157802959904,0.3335149340564385,6.0,0,0,0,0,0,0,0,0,0,0,0,0,0,0,0,0.0044619840336963534,0.008094888995401561,0.0011190460063517094,0.0017040309612639248,0.017006250040140003,,,,,,
63,4,gmr_30mm,randomized,offset,False,True,,0.13719345699064434,0.1390591380186379,0.15769249404547736,0.13719345699064434,2,1,0,2,1,0,2,1,0,0,5.1491e-05,0.006718008,4.815e-06,0.006619495,4.3639e-05,0.0044619840336963534,0.008094888995401561,0.0011190460063517094,0.0017040309612639248,0.017006250040140003,9.03008679753,0.694466902125,0.0248242014838,0.08876044164817087,0.06421337283546649,0.15230606554689563
74,0,reference_ik,randomized,offset,False,False,endpoint_ik,0.0,0.0,0.018512665992602706,6.0,,,,,,,,,,,,,,,,0.004657185054384172,0.007855180010665208,0.0009051570086739957,0.0016877619782462716,0.016663520014844835,,,,,,
74,0,gmr_30mm,randomized,offset,False,False,endpoint_ik,0.0,0.0,0.018512665992602706,6.0,,,,,,,,,,,,,,,,0.004657185054384172,0.007855180010665208,0.0009051570086739957,0.0016877619782462716,0.016663520014844835,,,,,,
74,0,gmm,randomized,offset,False,False,endpoint_ik,0.0,0.0,0.018512665992602706,6.0,,,,,,,,,,,,,,,,0.004657185054384172,0.007855180010665208,0.0009051570086739957,0.0016877619782462716,0.016663520014844835,,,,,,
74,0,hybrid_30mm,randomized,offset,False,False,endpoint_ik,0.0,0.0,0.018512665992602706,6.0,,,,,,,,,,,,,,,,0.004657185054384172,0.007855180010665208,0.0009051570086739957,0.0016877619782462716,0.016663520014844835,,,,,,
74,1,reference_ik,randomized,offset,False,False,endpoint_ik,0.0,0.0,0.018512665992602706,6.0,,,,,,,,,,,,,,,,0.004657185054384172,0.007855180010665208,0.0009051570086739957,0.0016877619782462716,0.016663520014844835,,,,,,
74,1,gmm,randomized,offset,False,False,endpoint_ik,0.0,0.0,0.018512665992602706,6.0,,,,,,,,,,,,,,,,0.004657185054384172,0.007855180010665208,0.0009051570086739957,0.0016877619782462716,0.016663520014844835,,,,,,
74,1,hybrid_30mm,randomized,offset,False,False,endpoint_ik,0.0,0.0,0.018512665992602706,6.0,,,,,,,,,,,,,,,,0.004657185054384172,0.007855180010665208,0.0009051570086739957,0.0016877619782462716,0.016663520014844835,,,,,,
74,1,gmr_30mm,randomized,offset,False,False,endpoint_ik,0.0,0.0,0.018512665992602706,6.0,,,,,,,,,,,,,,,,0.004657185054384172,0.007855180010665208,0.0009051570086739957,0.0016877619782462716,0.016663520014844835,,,,,,
74,2,hybrid_30mm,randomized,offset,False,False,endpoint_ik,0.0,0.0,0.018512665992602706,6.0,,,,,,,,,,,,,,,,0.004657185054384172,0.007855180010665208,0.0009051570086739957,0.0016877619782462716,0.016663520014844835,,,,,,
74,2,reference_ik,randomized,offset,False,False,endpoint_ik,0.0,0.0,0.018512665992602706,6.0,,,,,,,,,,,,,,,,0.004657185054384172,0.007855180010665208,0.0009051570086739957,0.0016877619782462716,0.016663520014844835,,,,,,
74,2,gmm,randomized,offset,False,False,endpoint_ik,0.0,0.0,0.018512665992602706,6.0,,,,,,,,,,,,,,,,0.004657185054384172,0.007855180010665208,0.0009051570086739957,0.0016877619782462716,0.016663520014844835,,,,,,
74,2,gmr_30mm,randomized,offset,False,False,endpoint_ik,0.0,0.0,0.018512665992602706,6.0,,,,,,,,,,,,,,,,0.004657185054384172,0.007855180010665208,0.0009051570086739957,0.0016877619782462716,0.016663520014844835,,,,,,
74,3,reference_ik,randomized,offset,False,False,endpoint_ik,0.0,0.0,0.018512665992602706,6.0,,,,,,,,,,,,,,,,0.004657185054384172,0.007855180010665208,0.0009051570086739957,0.0016877619782462716,0.016663520014844835,,,,,,
74,3,hybrid_30mm,randomized,offset,False,False,endpoint_ik,0.0,0.0,0.018512665992602706,6.0,,,,,,,,,,,,,,,,0.004657185054384172,0.007855180010665208,0.0009051570086739957,0.0016877619782462716,0.016663520014844835,,,,,,
74,3,gmr_30mm,randomized,offset,False,False,endpoint_ik,0.0,0.0,0.018512665992602706,6.0,,,,,,,,,,,,,,,,0.004657185054384172,0.007855180010665208,0.0009051570086739957,0.0016877619782462716,0.016663520014844835,,,,,,
74,3,gmm,randomized,offset,False,False,endpoint_ik,0.0,0.0,0.018512665992602706,6.0,,,,,,,,,,,,,,,,0.004657185054384172,0.007855180010665208,0.0009051570086739957,0.0016877619782462716,0.016663520014844835,,,,,,
74,4,gmr_30mm,randomized,offset,False,False,endpoint_ik,0.0,0.0,0.018512665992602706,6.0,,,,,,,,,,,,,,,,0.004657185054384172,0.007855180010665208,0.0009051570086739957,0.0016877619782462716,0.016663520014844835,,,,,,
74,4,gmm,randomized,offset,False,False,endpoint_ik,0.0,0.0,0.018512665992602706,6.0,,,,,,,,,,,,,,,,0.004657185054384172,0.007855180010665208,0.0009051570086739957,0.0016877619782462716,0.016663520014844835,,,,,,
74,4,hybrid_30mm,randomized,offset,False,False,endpoint_ik,0.0,0.0,0.018512665992602706,6.0,,,,,,,,,,,,,,,,0.004657185054384172,0.007855180010665208,0.0009051570086739957,0.0016877619782462716,0.016663520014844835,,,,,,
74,4,reference_ik,randomized,offset,False,False,endpoint_ik,0.0,0.0,0.018512665992602706,6.0,,,,,,,,,,,,,,,,0.004657185054384172,0.007855180010665208,0.0009051570086739957,0.0016877619782462716,0.016663520014844835,,,,,,
14,0,hybrid_30mm,randomized,central,False,True,,0.0760327479802072,0.07831204897956923,0.09606537397485226,0.0760327479802072,7,4,1,6,4,0,7,6,0,2,4.7045e-05,0.010274072,8.974e-06,0.009810527,0.000291772,0.004296906990930438,0.007980141963344067,0.0008326249662786722,0.0016999279614537954,0.016412158031016588,7.04814277349,0.586275254861,0.031027130009,0.1400196767277349,0.041527944586320045,0.08079924566425505
14,0,gmr_30mm,randomized,central,False,True,,0.13883542903931811,0.14143809402594343,0.15919141902122647,0.13883542903931811,7,6,0,7,6,0,7,7,0,1,4.8783e-05,0.007812077,6.175e-06,0.007666693,7.9252e-05,0.004296906990930438,0.007980141963344067,0.0008326249662786722,0.0016999279614537954,0.016412158031016588,7.65471230873,0.625010992443,0.0296282082534,0.13530010164586512,0.03870798197960364,0.0858623806398883
14,0,gmm,randomized,central,False,True,,0.1901314909919165,0.1928942859522067,0.21064761094748974,0.1901314909919165,3,2,3,0,0,0,3,2,0,0,5.0447e-05,0.006994407,3.77e-06,0.006844565,6.0269e-05,0.004296906990930438,0.007980141963344067,0.0008326249662786722,0.0016999279614537954,0.016412158031016588,12.1891309187,1.09782117424,0.0230275974574,0.13816123978263092,0.08138838394370146,0.15721768373623426
14,0,reference_ik,randomized,central,False,True,,0.1383519810042344,0.14109073299914598,0.15884405799442902,0.1383519810042344,0,0,0,0,0,0,0,0,0,0,0,0,0,0,0,0.004296906990930438,0.007980141963344067,0.0008326249662786722,0.0016999279614537954,0.016412158031016588,5.11428640542,0.731054833695,0.0368849792901,0.13048874706405147,0.0036030031964578695,0.05395014109642263
14,1,reference_ik,randomized,central,False,True,,0.13385835499502718,0.13666465901769698,0.15441798401298001,0.13385835499502718,0,0,0,0,0,0,0,0,0,0,0,0,0,0,0,0.004296906990930438,0.007980141963344067,0.0008326249662786722,0.0016999279614537954,0.016412158031016588,5.11428640542,0.731054833695,0.0368849792901,0.13048874706405147,0.0036030031964578695,0.05395014109642263
14,1,gmm,randomized,central,False,True,,0.0781843609875068,0.08072314999299124,0.09847647498827428,0.0781843609875068,1,1,1,0,0,0,1,1,0,0,5.0845e-05,0.001024024,2.107e-06,0.000912448,4.9773e-05,0.004296906990930438,0.007980141963344067,0.0008326249662786722,0.0016999279614537954,0.016412158031016588,5.71420190699,0.571153096291,0.0184376461534,0.12161228806431547,0.06871304669522185,0.12761915727901382
14,1,hybrid_30mm,randomized,central,False,True,,0.05293319304473698,0.055882985005155206,0.07363631000043824,0.05293319304473698,1,1,0,1,1,0,1,1,0,0,4.7652e-05,0.001240442,4.657e-06,0.001115778,7.297e-05,0.004296906990930438,0.007980141963344067,0.0008326249662786722,0.0016999279614537954,0.016412158031016588,3.56547476279,0.548922221044,0.0123554433863,0.12201850772183175,0.02648752266130322,0.05456565650062331
14,1,gmr_30mm,randomized,central,False,True,,0.04574902099557221,0.04889801301760599,0.06665133801288903,0.04574902099557221,1,1,0,1,1,0,1,1,0,0,3.7188e-05,0.001045514,3.858e-06,0.000948542,5.59e-05,0.004296906990930438,0.007980141963344067,0.0008326249662786722,0.0016999279614537954,0.016412158031016588,4.02974555131,0.559939714456,0.0139071766854,0.1228585853705861,0.031014801571005834,0.059521516908273106
14,2,hybrid_30mm,randomized,central,False,True,,0.11448892502812669,0.1169793939916417,0.13473271898692474,0.11448892502812669,6,5,3,3,2,0,6,5,0,0,1.0711e-05,0.012526028,4.173e-06,0.012413521,5.1512e-05,0.004296906990930438,0.007980141963344067,0.0008326249662786722,0.0016999279614537954,0.016412158031016588,13.0303455146,0.784370462071,0.0348388743666,0.14114309084151333,0.07227651271620744,0.14748830165209625
14,2,reference_ik,randomized,central,False,True,,0.13809679698897526,0.1406114380224608,0.15836476301774383,0.13809679698897526,0,0,0,0,0,0,0,0,0,0,0,0,0,0,0,0.004296906990930438,0.007980141963344067,0.0008326249662786722,0.0016999279614537954,0.016412158031016588,5.11428640542,0.731054833695,0.0368849792901,0.13048874706405147,0.0036030031964578695,0.05395014109642263
14,2,gmm,randomized,central,False,True,,0.19160856603411958,0.19493990496266633,0.21269322995794937,0.19160856603411958,10,6,10,0,0,0,10,10,0,4,5.13e-05,0.0111152,6.007e-06,0.010509692,0.000350136,0.004296906990930438,0.007980141963344067,0.0008326249662786722,0.0016999279614537954,0.016412158031016588,12.0601838779,0.812831524899,0.0336275998352,0.1396745830108564,0.04133603983410689,0.08479097270422471
14,2,gmr_30mm,randomized,central,False,True,,0.19540684897219762,0.19807108800159767,0.2158244129968807,0.19540684897219762,9,6,0,9,6,0,9,7,0,1,4.8795e-05,0.018705741,5.516e-06,0.018531078,8.9455e-05,0.004296906990930438,0.007980141963344067,0.0008326249662786722,0.0016999279614537954,0.016412158031016588,13.2794113294,0.770341981541,0.0369099370222,0.1346313699366605,0.04773158306491796,0.09890051040606683
14,3,reference_ik,randomized,central,False,True,,0.13436091999756172,0.13720147701678798,0.154954802012071,0.13436091999756172,0,0,0,0,0,0,0,0,0,0,0,0,0,0,0,0.004296906990930438,0.007980141963344067,0.0008326249662786722,0.0016999279614537954,0.016412158031016588,5.11428640542,0.731054833695,0.0368849792901,0.13048874706405147,0.0036030031964578695,0.05395014109642263
14,3,gmr_30mm,randomized,central,False,True,,0.14099577901652083,0.14359363302355632,0.16134695801883936,0.14099577901652083,12,7,0,12,7,0,12,11,0,4,4.5922e-05,0.024588219,7.941e-06,0.024260138,0.000216742,0.004296906990930438,0.007980141963344067,0.0008326249662786722,0.0016999279614537954,0.016412158031016588,12.8823313235,1.14387342936,0.0366840640354,0.13767367850648235,0.08867207716286542,0.1553279666643199
14,3,gmm,randomized,central,False,True,,0.11182055901736021,0.11425557098118588,0.13200889597646892,0.11182055901736021,3,2,3,0,0,0,3,3,0,1,2.7468e-05,0.011249469,2.751e-06,0.010850505,0.000244884,0.004296906990930438,0.007980141963344067,0.0008326249662786722,0.0016999279614537954,0.016412158031016588,5.20969924573,0.732629026356,0.0149329301181,0.12460872002062869,0.12546572293467081,0.2380076289670566
14,3,hybrid_30mm,randomized,central,False,True,,0.15048166597262025,0.15308297600131482,0.17083630099659786,0.15048166597262025,6,1,2,4,0,0,6,3,0,2,5.3498e-05,0.030091961,7.979e-06,0.029887393,0.000106246,0.004296906990930438,0.007980141963344067,0.0008326249662786722,0.0016999279614537954,0.016412158031016588,8.60815480392,0.661939848044,0.0174581533442,0.13244592811484848,0.046439536739272265,0.10195821196792444
14,4,hybrid_30mm,randomized,central,False,True,,0.07180468604201451,0.07468960405094549,0.09244292904622853,0.07180468604201451,8,5,1,7,4,0,8,7,0,2,4.9501e-05,0.011846611,9.412e-06,0.011534202,0.000198661,0.004296906990930438,0.007980141963344067,0.0008326249662786722,0.0016999279614537954,0.016412158031016588,6.05171197044,0.566055219501,0.0166023652634,0.13509650350057978,0.050987149444675306,0.09344646637389344
14,4,reference_ik,randomized,central,False,True,,0.13262752897571772,0.13524849800160155,0.15300182299688458,0.13262752897571772,0,0,0,0,0,0,0,0,0,0,0,0,0,0,0,0.004296906990930438,0.007980141963344067,0.0008326249662786722,0.0016999279614537954,0.016412158031016588,5.11428640542,0.731054833695,0.0368849792901,0.13048874706405147,0.0036030031964578695,0.05395014109642263
14,4,gmm,randomized,central,False,True,,0.06729664001613855,0.06996491499012336,0.0877182399854064,0.06729664001613855,14,8,14,0,0,0,14,11,0,3,1.1664e-05,0.029546903,3.512e-06,0.029241068,0.000197547,0.004296906990930438,0.007980141963344067,0.0008326249662786722,0.0016999279614537954,0.016412158031016588,6.23380704075,0.584847401986,0.00602419836098,0.07357035844875257,0.05048447252539788,0.07548365474010298
14,4,gmr_30mm,randomized,central,False,True,,0.14671188802458346,0.14970027597155422,0.16745360096683726,0.14671188802458346,8,3,0,8,3,0,8,7,0,4,1.2372e-05,0.013427963,4.194e-06,0.013139352,0.000225557,0.004296906990930438,0.007980141963344067,0.0008326249662786722,0.0016999279614537954,0.016412158031016588,16.8331867691,1.04973333466,0.0018161361616,0.09853369661048726,0.0994116405001427,0.17163006066354383
30,0,reference_ik,randomized,central,False,True,,0.12938400905113667,0.13177724299021065,0.1499853929853998,0.12938400905113667,0,0,0,0,0,0,0,0,0,0,0,0,0,0,0,0.004291234014090151,0.0083040029858239,0.0008748159743845463,0.0017177810077555478,0.01679074502317235,4.48272435094,0.707855981824,0.026073647574,0.08623038158294119,0.004396927377256877,0.06146950397334481
30,0,hybrid_30mm,randomized,central,False,True,,0.21910930704325438,0.22182660503312945,0.2400347550283186,0.21910930704325438,8,7,0,8,7,0,8,7,0,0,4.9458e-05,0.017633996,1.2812e-05,0.017133945,0.000293635,0.004291234014090151,0.0083040029858239,0.0008748159743845463,0.0017177810077555478,0.01679074502317235,16.9002248469,1.24423596377,0.0259708613237,0.07883035922705872,0.08398469481633229,0.14951867723478957
30,0,gmr_30mm,randomized,central,False,True,,0.06172238796716556,0.06459736102260649,0.08280551101779565,0.06172238796716556,3,3,0,3,3,0,3,3,0,0,4.7636e-05,0.008236271,6.092e-06,0.007991347,0.000158607,0.004291234014090151,0.0083040029858239,0.0008748159743845463,0.0017177810077555478,0.01679074502317235,4.34012289219,0.57839517133,0.0224243708002,0.07523988520995886,0.035547305798689574,0.06516251606397998
30,0,gmm,randomized,central,False,True,,0.11703522398602217,0.11959130398463458,0.13779945397982374,0.11703522398602217,1,1,1,0,0,0,1,1,0,0,2.57e-05,0.003846343,1.703e-06,0.003700307,9.2046e-05,0.004291234014090151,0.0083040029858239,0.0008748159743845463,0.0017177810077555478,0.01679074502317235,13.9672747735,1.57071092289,0.0217759115088,0.08942122474312601,0.12481787701368428,0.2702931711015109
30,1,reference_ik,randomized,central,False,True,,0.1339807000476867,0.13673955004196614,0.1549477000371553,0.1339807000476867,0,0,0,0,0,0,0,0,0,0,0,0,0,0,0,0.004291234014090151,0.0083040029858239,0.0008748159743845463,0.0017177810077555478,0.01679074502317235,4.48272435094,0.707855981824,0.026073647574,0.08623038158294119,0.004396927377256877,0.06146950397334481
30,1,hybrid_30mm,randomized,central,False,True,,0.2527978050056845,0.2555024849716574,0.27371063496684656,0.2527978050056845,11,7,2,9,7,0,11,10,0,3,2.695e-05,0.014277694,9.211e-06,0.013859577,0.00023508,0.004291234014090151,0.0083040029858239,0.0008748159743845463,0.0017177810077555478,0.01679074502317235,16.6341519277,1.29892719855,0.00990374802154,0.08976060899935154,0.05242615157745139,0.18271339213929388
30,1,gmr_30mm,randomized,central,False,True,,0.18021752196364105,0.18345069896895438,0.20165884896414354,0.18021752196364105,3,1,0,3,1,0,3,3,0,2,3.4603e-05,0.003298298,4.111e-06,0.003089638,0.000148334,0.004291234014090151,0.0083040029858239,0.0008748159743845463,0.0017177810077555478,0.01679074502317235,12.9893639854,0.84577701572,0.00304300275418,0.08740912380317406,0.08418951554796351,0.14470358454520568
30,1,gmm,randomized,central,False,True,,0.1261281970073469,0.1288334359996952,0.14704158599488437,0.1261281970073469,1,1,1,0,0,0,1,1,0,0,4.8642e-05,0.00514837,3.551e-06,0.005078016,1.7876e-05,0.004291234014090151,0.0083040029858239,0.0008748159743845463,0.0017177810077555478,0.01679074502317235,6.09999655212,0.482548549217,0.00547153031874,0.1014705480252448,0.10719755468483183,0.16389277142535835
30,2,gmm,randomized,central,False,True,,0.06427324697142467,0.06720029702410102,0.08540844701929018,0.06427324697142467,3,1,3,0,0,0,3,3,0,2,2.3995e-05,0.003992726,3.195e-06,0.003713703,0.000162373,0.004291234014090151,0.0083040029858239,0.0008748159743845463,0.0017177810077555478,0.01679074502317235,3.96326291333,0.539333592476,0.026726254938,0.09420636754529438,0.029537817046712603,0.06212611904769399
30,2,gmr_30mm,randomized,central,False,True,,0.04904268198879436,0.0519642109866254,0.07017236098181456,0.04904268198879436,3,3,0,3,3,0,3,3,0,0,1.7161e-05,0.002994547,2.522e-06,0.002883742,7.6212e-05,0.004291234014090151,0.0083040029858239,0.0008748159743845463,0.0017177810077555478,0.01679074502317235,4.74085004488,0.459226283567,0.0256914328184,0.08660110916296257,0.034146013507783346,0.0806855457687739
30,2,reference_ik,randomized,central,False,True,,0.1270868189749308,0.1296298750094138,0.14783802500460297,0.1270868189749308,0,0,0,0,0,0,0,0,0,0,0,0,0,0,0,0.004291234014090151,0.0083040029858239,0.0008748159743845463,0.0017177810077555478,0.01679074502317235,4.48272435094,0.707855981824,0.026073647574,0.08623038158294119,0.004396927377256877,0.06146950397334481
30,2,hybrid_30mm,randomized,central,False,True,,0.12239172001136467,0.12537399301072583,0.143582143005915,0.12239172001136467,2,1,0,2,1,0,2,2,0,1,1.0364e-05,0.00196086,6.783e-06,0.001841764,7.8433e-05,0.004291234014090151,0.0083040029858239,0.0008748159743845463,0.0017177810077555478,0.01679074502317235,13.2948955979,1.12187144125,0.00381300764824,0.08349553632385864,0.10969389445029214,0.19095403682459955
30,3,gmm,randomized,central,False,True,,0.12584369495743886,0.12885862501570955,0.1470667750108987,0.12584369495743886,6,4,6,0,0,0,6,4,0,0,3.4059e-05,0.016278394,5.402e-06,0.01581612,0.000249417,0.004291234014090151,0.0083040029858239,0.0008748159743845463,0.0017177810077555478,0.01679074502317235,13.0117083322,1.1676355526,0.0259241801658,0.08667455262639955,0.17599408645404058,0.28844538008282916
30,3,gmr_30mm,randomized,central,False,True,,0.10128802002873272,0.10410788899753243,0.12231603899272159,0.10128802002873272,2,2,0,2,2,0,2,2,0,0,8.1109e-05,0.005446033,5.201e-06,0.005353564,4.8653e-05,0.004291234014090151,0.0083040029858239,0.0008748159743845463,0.0017177810077555478,0.01679074502317235,3.61047781137,0.461363147491,0.0220095607109,0.09116960799742077,0.036403405369538566,0.08019255822675957
30,3,hybrid_30mm,randomized,central,False,True,,0.1252805299591273,0.12808389001293108,0.14629204000812024,0.1252805299591273,2,1,1,1,1,0,2,1,0,0,1.8353e-05,0.024797527,6.13e-06,0.024585136,0.000119455,0.004291234014090151,0.0083040029858239,0.0008748159743845463,0.0017177810077555478,0.01679074502317235,7.87265935841,0.547619972289,0.0146497124633,0.10011708238514766,0.05809521627977562,0.09696897018112004
30,3,reference_ik,randomized,central,False,True,,0.12912430899450555,0.13199364597676322,0.15020179597195238,0.12912430899450555,0,0,0,0,0,0,0,0,0,0,0,0,0,0,0,0.004291234014090151,0.0083040029858239,0.0008748159743845463,0.0017177810077555478,0.01679074502317235,4.48272435094,0.707855981824,0.026073647574,0.08623038158294119,0.004396927377256877,0.06146950397334481
30,4,gmr_30mm,randomized,central,False,True,,0.12953478301642463,0.13203087798319757,0.15023902797838673,0.12953478301642463,3,2,0,3,2,0,3,3,0,1,4.753e-05,0.004997349,5.593e-06,0.004670965,0.000243914,0.004291234014090151,0.0083040029858239,0.0008748159743845463,0.0017177810077555478,0.01679074502317235,7.70265032764,0.505632471113,0.0057955858969,0.06815927902244705,0.03287840934620842,0.06112440185497342
30,4,gmm,randomized,central,False,True,,0.10034314001677558,0.10339941299753264,0.1216075629927218,0.10034314001677558,2,1,2,0,0,0,2,2,0,1,1.0901e-05,0.004509258,3.128e-06,0.004355295,9.0008e-05,0.004291234014090151,0.0083040029858239,0.0008748159743845463,0.0017177810077555478,0.01679074502317235,13.383424599,0.937634629529,0.01600314261,0.06885844274545411,0.07383107825904203,0.14422819687286173
30,4,reference_ik,randomized,central,False,True,,0.12605780502781272,0.12889180204365402,0.14709995203884318,0.12605780502781272,0,0,0,0,0,0,0,0,0,0,0,0,0,0,0,0.004291234014090151,0.0083040029858239,0.0008748159743845463,0.0017177810077555478,0.01679074502317235,4.48272435094,0.707855981824,0.026073647574,0.08623038158294119,0.004396927377256877,0.06146950397334481
30,4,hybrid_30mm,randomized,central,False,True,,0.14546551497187465,0.14837578404694796,0.16658393404213712,0.14546551497187465,2,1,0,2,1,0,2,2,0,1,4.8328e-05,0.006474248,5.35e-06,0.006157784,0.00022995,0.004291234014090151,0.0083040029858239,0.0008748159743845463,0.0017177810077555478,0.01679074502317235,13.1318664206,0.706370957694,0.0224975251312,0.07724140914728185,0.08432532220551128,0.1261012544111426
111,0,gmm,randomized,distant,False,True,,0.17980259604519233,0.1820637880009599,0.20042689301772043,0.17980259604519233,7,3,7,0,0,0,7,5,0,2,5.1668e-05,0.026189211,5.011e-06,0.025940574,0.000102817,0.004571882949676365,0.008027381962165236,0.0008714079740457237,0.001713017001748085,0.016788808978162706,14.0335658056,1.48079737808,0.0495575039358,0.1571867036084367,0.056802047368076064,0.11023623745288821
111,0,gmr_30mm,randomized,distant,False,True,,0.17704034503549337,0.17976727295899764,0.19813037797575817,0.17704034503549337,3,2,0,3,2,0,3,3,0,1,4.963e-05,0.008029612,7.351e-06,0.007505373,0.000406394,0.004571882949676365,0.008027381962165236,0.0008714079740457237,0.001713017001748085,0.016788808978162706,12.6979142122,1.08679493868,0.0537503410787,0.1716277241146453,0.06450632682977811,0.10018858291488889
111,0,reference_ik,randomized,distant,False,True,,0.12925820396048948,0.13223993900464848,0.150603044021409,0.12925820396048948,0,0,0,0,0,0,0,0,0,0,0,0,0,0,0,0.004571882949676365,0.008027381962165236,0.0008714079740457237,0.001713017001748085,0.016788808978162706,4.61265293896,0.696620622702,0.0576692683037,0.20174280035850461,0.0030760347949419847,0.05362534457480488
111,0,hybrid_30mm,randomized,distant,False,True,,0.07045494898920879,0.07347637898055837,0.0918394839973189,0.07045494898920879,2,1,0,2,1,0,2,2,0,1,4.9557e-05,0.004545592,6.159e-06,0.004264595,0.000210588,0.004571882949676365,0.008027381962165236,0.0008714079740457237,0.001713017001748085,0.016788808978162706,5.16568744599,0.388909787994,0.0106056715705,0.11607107829521532,0.06599609670220284,0.13219412428169414
111,1,reference_ik,randomized,distant,False,True,,0.12764092098223045,0.13028142496477813,0.14864452998153865,0.12764092098223045,0,0,0,0,0,0,0,0,0,0,0,0,0,0,0,0.004571882949676365,0.008027381962165236,0.0008714079740457237,0.001713017001748085,0.016788808978162706,4.61265293896,0.696620622702,0.0576692683037,0.20174280035850461,0.0030760347949419847,0.05362534457480488
111,1,gmr_30mm,randomized,distant,False,True,,0.17005767702357844,0.17258353397483006,0.1909466389915906,0.17005767702357844,3,2,0,3,2,0,3,3,0,1,4.9545e-05,0.006060491,7.598e-06,0.005754788,0.000196991,0.004571882949676365,0.008027381962165236,0.0008714079740457237,0.001713017001748085,0.016788808978162706,10.5875471194,0.793721977293,0.0611481912187,0.20174280035850461,0.07330945026516705,0.11296763565087745
111,1,gmm,randomized,distant,False,True,,0.09310220798943192,0.09600749297533184,0.11437059799209237,0.09310220798943192,4,3,4,0,0,0,4,3,0,0,3.2462e-05,0.013037602,3.118e-06,0.012854284,8.3194e-05,0.004571882949676365,0.008027381962165236,0.0008714079740457237,0.001713017001748085,0.016788808978162706,8.07511498791,0.686496268512,0.0612769739741,0.16602249015599474,0.0933531244376404,0.19463044435889346
111,1,hybrid_30mm,randomized,distant,False,True,,0.20203361596213654,0.2049515499966219,0.22331465501338243,0.20203361596213654,3,2,0,3,2,0,3,2,0,0,5.0254e-05,0.015340684,6.425e-06,0.015130578,0.000126949,0.004571882949676365,0.008027381962165236,0.0008714079740457237,0.001713017001748085,0.016788808978162706,14.6008888042,1.27879660157,0.0250344189758,0.20162167378914986,0.25059048292450536,0.3501784779614876
111,2,reference_ik,randomized,distant,False,True,,0.12787696399027482,0.13105647603515536,0.14941958105191588,0.12787696399027482,0,0,0,0,0,0,0,0,0,0,0,0,0,0,0,0.004571882949676365,0.008027381962165236,0.0008714079740457237,0.001713017001748085,0.016788808978162706,4.61265293896,0.696620622702,0.0576692683037,0.20174280035850461,0.0030760347949419847,0.05362534457480488
111,2,gmm,randomized,distant,False,True,,0.10616642900276929,0.11036922701168805,0.12873233202844858,0.10616642900276929,4,2,4,0,0,0,4,3,0,1,1.1351e-05,0.00669623,2.226e-06,0.006573027,6.5826e-05,0.004571882949676365,0.008027381962165236,0.0008714079740457237,0.001713017001748085,0.016788808978162706,11.3624229986,0.95372436735,0.0448955763503,0.1497530624178931,0.0884687480526517,0.16388629314562214
111,2,hybrid_30mm,randomized,distant,False,True,,0.18341279501328245,0.18622704595327377,0.2045901509700343,0.18341279501328245,1,1,0,1,1,0,1,1,0,0,4.9504e-05,0.002865842,4.278e-06,0.00272462,8.6559e-05,0.004571882949676365,0.008027381962165236,0.0008714079740457237,0.001713017001748085,0.016788808978162706,14.1260430451,1.38883101976,0.0384182562736,0.14581594307823176,0.0626470891234663,0.1225681903167757
111,2,gmr_30mm,randomized,distant,False,True,,0.06331180199049413,0.06612434500129893,0.08448745001805946,0.06331180199049413,2,2,0,2,2,0,2,2,0,0,4.7492e-05,0.005593249,5.258e-06,0.005514394,3.3458e-05,0.004571882949676365,0.008027381962165236,0.0008714079740457237,0.001713017001748085,0.016788808978162706,3.40878597132,0.512112092534,0.0607255122082,0.19916118211583456,0.027651227317426925,0.06379239546333679
111,3,hybrid_30mm,randomized,distant,False,True,,0.09505893901223317,0.09738480998203158,0.11574791499879211,0.09505893901223317,1,1,0,1,1,0,1,1,0,0,1.5528e-05,0.003061994,1.869e-06,0.003000026,4.0486e-05,0.004571882949676365,0.008027381962165236,0.0008714079740457237,0.001713017001748085,0.016788808978162706,9.87370481269,0.637159295297,0.0608193710156,0.20062952978057583,0.04969318152993084,0.09229676276236234
111,3,gmm,randomized,distant,False,True,,0.12364557100227103,0.12694708595518023,0.14531019097194076,0.12364557100227103,1,1,1,0,0,0,1,1,0,0,7.2272e-05,0.001830837,3.288e-06,0.001648423,9.6423e-05,0.004571882949676365,0.008027381962165236,0.0008714079740457237,0.001713017001748085,0.016788808978162706,2.96223291923,0.476432167653,0.0612777847009,0.20135453312030532,0.0685921032149208,0.10445670007404904
111,3,reference_ik,randomized,distant,False,True,,0.13562338898191229,0.13848306599538773,0.15684617101214826,0.13562338898191229,0,0,0,0,0,0,0,0,0,0,0,0,0,0,0,0.004571882949676365,0.008027381962165236,0.0008714079740457237,0.001713017001748085,0.016788808978162706,4.61265293896,0.696620622702,0.0576692683037,0.20174280035850461,0.0030760347949419847,0.05362534457480488
111,3,gmr_30mm,randomized,distant,False,True,,0.12042266601929441,0.12304556102026254,0.14140866603702307,0.12042266601929441,1,1,0,1,1,0,1,1,0,0,5.219e-05,0.001668059,5.381e-06,0.001526945,8.3059e-05,0.004571882949676365,0.008027381962165236,0.0008714079740457237,0.001713017001748085,0.016788808978162706,3.80318905286,0.462109196494,0.06091208647,0.18836213375696653,0.03672977831378079,0.075990118875764
111,4,gmm,randomized,distant,False,True,,0.09482423501322046,0.09795772703364491,0.11632083205040544,0.09482423501322046,1,1,1,0,0,0,1,1,0,0,4.7385e-05,0.004356153,3.643e-06,0.004275586,2.7567e-05,0.004571882949676365,0.008027381962165236,0.0008714079740457237,0.001713017001748085,0.016788808978162706,10.8594831717,0.704115649264,0.0565117858358,0.15715454254557312,0.05578583977516188,0.12259877154313704
111,4,hybrid_30mm,randomized,distant,False,True,,0.11319212202215567,0.11613070702878758,0.1344938120455481,0.11319212202215567,2,1,1,1,1,0,2,1,0,0,4.8455e-05,0.005412491,4.481e-06,0.005312559,2.4624e-05,0.004571882949676365,0.008027381962165236,0.0008714079740457237,0.001713017001748085,0.016788808978162706,3.83063082961,0.45881398265,0.060755668864,0.18071296326159306,0.03643461935914845,0.07506227944400487
111,4,reference_ik,randomized,distant,False,True,,0.12968481000280008,0.13243046402931213,0.15079356904607266,0.12968481000280008,0,0,0,0,0,0,0,0,0,0,0,0,0,0,0,0.004571882949676365,0.008027381962165236,0.0008714079740457237,0.001713017001748085,0.016788808978162706,4.61265293896,0.696620622702,0.0576692683037,0.20174280035850461,0.0030760347949419847,0.05362534457480488
111,4,gmr_30mm,randomized,distant,False,True,,0.13139011000748724,0.1343114020419307,0.15267450705869123,0.13139011000748724,2,1,0,2,1,0,2,1,0,0,1.8051e-05,0.010841296,4.055e-06,0.010780037,2.7952e-05,0.004571882949676365,0.008027381962165236,0.0008714079740457237,0.001713017001748085,0.016788808978162706,9.76256326071,0.648570964866,0.0615238950359,0.20174280035850461,0.035885569951803885,0.07126033263804347
36,0,gmr_30mm,randomized,central,False,True,,0.1975184950279072,0.2003273799782619,0.21871255699079484,0.1975184950279072,11,9,0,11,9,0,11,10,0,1,4.6114e-05,0.013494419,4.698e-06,0.013335946,9.6933e-05,0.004721916979178786,0.008003144001122564,0.0008142919978126884,0.001710873970296234,0.01686591701582074,17.0345302965,1.16749033511,0.000108609969469,0.11128564021335477,0.052208340817064984,0.0919831552551468
36,0,hybrid_30mm,randomized,central,False,True,,0.13087218801956624,0.1337915000040084,0.15217667701654136,0.13087218801956624,18,12,4,14,10,0,18,16,0,4,1.1867e-05,0.028374359,9.618e-06,0.027888026,0.00031658,0.004721916979178786,0.008003144001122564,0.0008142919978126884,0.001710873970296234,0.01686591701582074,7.12107025524,0.625211380925,0.000569137176778,0.08694903862741321,0.04136660796660439,0.1264490403323499
36,0,gmm,randomized,central,False,True,,0.3210457289824262,0.32445119600743055,0.3428363730199635,0.3210457289824262,16,11,16,0,0,0,16,13,0,2,1.1042e-05,0.028414196,3.427e-06,0.028121769,0.000161045,0.004721916979178786,0.008003144001122564,0.0008142919978126884,0.001710873970296234,0.01686591701582074,24.7808248827,1.96116524194,0.000365340622486,0.12541131285840862,0.13112800887857765,0.2570113459842652
36,0,reference_ik,randomized,central,False,True,,0.2584344580536708,0.2611421190085821,0.27952729602111503,0.2584344580536708,0,0,0,0,0,0,0,0,0,0,0,0,0,0,0,0.004721916979178786,0.008003144001122564,0.0008142919978126884,0.001710873970296234,0.01686591701582074,11.3813362044,1.30233384075,0.000122608273051,0.09475590459213323,0.0883506830733038,0.24592858819393074
36,1,reference_ik,randomized,central,False,True,,0.241772776003927,0.24437511200085282,0.2627602890133858,0.241772776003927,0,0,0,0,0,0,0,0,0,0,0,0,0,0,0,0.004721916979178786,0.008003144001122564,0.0008142919978126884,0.001710873970296234,0.01686591701582074,11.3813362044,1.30233384075,0.000122608273051,0.09475590459213323,0.0883506830733038,0.24592858819393074
36,1,gmr_30mm,randomized,central,False,True,,0.1940140660153702,0.19717923097778112,0.21556440799031407,0.1940140660153702,5,3,0,5,3,0,5,4,0,1,5.0539e-05,0.011968223,8.988e-06,0.011612205,0.000222224,0.004721916979178786,0.008003144001122564,0.0008142919978126884,0.001710873970296234,0.01686591701582074,15.5897448884,1.78065013863,0.000132728691503,0.1251673669795081,0.179364882301705,0.27109510840550277
36,1,hybrid_30mm,randomized,central,False,True,,0.1900152629823424,0.192887764016632,0.21127294102916494,0.1900152629823424,1,1,0,1,1,0,1,1,0,0,5.8002e-05,0.004770522,4.806e-06,0.004602681,0.000104029,0.004721916979178786,0.008003144001122564,0.0008142919978126884,0.001710873970296234,0.01686591701582074,13.18053563,1.55796678877,0.00030376859215,0.1253223227772718,0.11544434803126422,0.26825679682339054
36,1,gmm,randomized,central,False,True,,0.16456078400369734,0.16734738799277693,0.18573256500530988,0.16456078400369734,7,6,7,0,0,0,7,7,0,1,1.134e-05,0.006763362,4.659e-06,0.006477524,0.000154572,0.004721916979178786,0.008003144001122564,0.0008142919978126884,0.001710873970296234,0.01686591701582074,10.7996501869,1.35142046393,0.000652179914638,0.1255876000593279,0.14681640441020824,0.24510052078227165
36,2,reference_ik,randomized,central,False,True,,0.21740317001240328,0.22026438498869538,0.23864956200122833,0.21740317001240328,0,0,0,0,0,0,0,0,0,0,0,0,0,0,0,0.004721916979178786,0.008003144001122564,0.0008142919978126884,0.001710873970296234,0.01686591701582074,11.3813362044,1.30233384075,0.000122608273051,0.09475590459213323,0.0883506830733038,0.24592858819393074
36,2,gmm,randomized,central,False,True,,0.12907721503870562,0.13150582899106666,0.14989100600359961,0.12907721503870562,2,1,2,0,0,0,2,2,0,1,2.5632e-05,0.00577499,3.117e-06,0.005569896,0.000122975,0.004721916979178786,0.008003144001122564,0.0008142919978126884,0.001710873970296234,0.01686591701582074,7.25103942246,0.713833615069,0.00032500170902,0.10064009919494794,0.11120337405863737,0.1666218463666094
36,2,hybrid_30mm,randomized,central,False,True,,0.2770316430251114,0.2802325380034745,0.2986177150160074,0.2770316430251114,7,5,1,6,5,0,7,7,0,2,4.7272e-05,0.007131783,7.398e-06,0.006513964,0.000484921,0.004721916979178786,0.008003144001122564,0.0008142919978126884,0.001710873970296234,0.01686591701582074,20.5620329464,1.19721073935,0.000323464737984,0.07776665819333217,0.07368220126723496,0.19736443544276033
36,2,gmr_30mm,randomized,central,False,True,,0.1467689480050467,0.1496887980028987,0.16807397501543164,0.1467689480050467,4,4,0,4,4,0,4,4,0,0,4.5506e-05,0.004846027,5.51e-06,0.004450198,0.000303801,0.004721916979178786,0.008003144001122564,0.0008142919978126884,0.001710873970296234,0.01686591701582074,9.96212897323,0.814921467824,0.000221138121659,0.10780669645513545,0.06611204015025868,0.15551417305578283
36,3,gmm,randomized,central,False,True,,0.21740905399201438,0.21996491099707782,0.23835008800961077,0.21740905399201438,5,3,5,0,0,0,5,5,0,2,2.6991e-05,0.014642676,5.509e-06,0.014107085,0.000336188,0.004721916979178786,0.008003144001122564,0.0008142919978126884,0.001710873970296234,0.01686591701582074,17.4897740878,1.88837571064,0.000151317370585,0.08920996575895475,0.12252964453227791,0.27021410777719274
36,3,hybrid_30mm,randomized,central,False,True,,0.2167176540242508,0.21929374197497964,0.2376789189875126,0.2167176540242508,2,2,0,2,2,0,2,2,0,0,5.0508e-05,0.00612956,4.776e-06,0.005946345,0.00011485,0.004721916979178786,0.008003144001122564,0.0008142919978126884,0.001710873970296234,0.01686591701582074,16.2309013671,1.65810244183,0.000135818465391,0.12531170250571733,0.12222337201402574,0.24867002061388935
36,3,reference_ik,randomized,central,False,True,,0.20661472802748904,0.20954908995190635,0.2279342669644393,0.20661472802748904,0,0,0,0,0,0,0,0,0,0,0,0,0,0,0,0.004721916979178786,0.008003144001122564,0.0008142919978126884,0.001710873970296234,0.01686591701582074,11.3813362044,1.30233384075,0.000122608273051,0.09475590459213323,0.0883506830733038,0.24592858819393074
36,3,gmr_30mm,randomized,central,False,True,,0.125085742038209,0.1279777840245515,0.14636296103708446,0.125085742038209,1,1,0,1,1,0,1,1,0,0,4.7948e-05,0.004426729,4.39e-06,0.004301553,7.292e-05,0.004721916979178786,0.008003144001122564,0.0008142919978126884,0.001710873970296234,0.01686591701582074,7.95157072203,0.692594165724,0.000339319198593,0.08214938967196637,0.06130362529346726,0.094161427920324
36,4,gmm,randomized,central,False,True,,0.09290527197299525,0.09523501398507506,0.113620190997608,0.09290527197299525,7,5,7,0,0,0,7,7,0,2,1.6501e-05,0.007806658,3.872e-06,0.007325257,0.000328637,0.004721916979178786,0.008003144001122564,0.0008142919978126884,0.001710873970296234,0.01686591701582074,11.5094571016,1.39326395687,0.000238640792027,0.12534691573729861,0.11369985092082599,0.25594668877571075
36,4,gmr_30mm,randomized,central,False,True,,0.15749747498193756,0.16041971696540713,0.17880489397794008,0.15749747498193756,3,3,0,3,3,0,3,3,0,0,1.1041e-05,0.006022613,2.266e-06,0.005924735,7.0975e-05,0.004721916979178786,0.008003144001122564,0.0008142919978126884,0.001710873970296234,0.01686591701582074,15.1147233842,1.72432700692,0.000100229430751,0.08561296868233542,0.14721249886454596,0.2678354528316383
36,4,hybrid_30mm,randomized,central,False,True,,0.0838926900178194,0.0864867209456861,0.10487189795821905,0.0838926900178194,5,4,1,4,3,0,5,5,0,1,2.3581e-05,0.004861707,4.065e-06,0.004673537,0.000127559,0.004721916979178786,0.008003144001122564,0.0008142919978126884,0.001710873970296234,0.01686591701582074,8.55612115863,0.958424413225,1.74518268384e-05,0.09499373083574114,0.12171968988290251,0.24556139846370784
36,4,reference_ik,randomized,central,False,True,,0.21207717701327056,0.21436485898448154,0.2327500359970145,0.21207717701327056,0,0,0,0,0,0,0,0,0,0,0,0,0,0,0,0.004721916979178786,0.008003144001122564,0.0008142919978126884,0.001710873970296234,0.01686591701582074,11.3813362044,1.30233384075,0.000122608273051,0.09475590459213323,0.0883506830733038,0.24592858819393074
20,0,gmr_30mm,randomized,central,False,True,,0.08810236898716539,0.0906403930275701,0.10891067399643362,0.08810236898716539,19,11,0,19,11,0,19,18,0,7,9.832e-06,0.019171584,6.038e-06,0.018773102,0.000289109,0.004636590019799769,0.00798768800450489,0.0007619140087626874,0.0017111499910242856,0.016673845995683223,13.274202409,1.23370043728,0.00835648153672,0.08086383699061789,0.08375613737675199,0.15815820111565235
20,0,reference_ik,randomized,central,False,False,reference_ik,0.061986838991288096,0.0645363400108181,0.08280662097968161,6.0,0,0,0,0,0,0,0,0,0,0,0,0,0,0,0,0.004636590019799769,0.00798768800450489,0.0007619140087626874,0.0017111499910242856,0.016673845995683223,,,,,,
20,0,gmm,randomized,central,False,True,,0.06081246997928247,0.06355314800748602,0.08182342897634953,0.06081246997928247,8,5,8,0,0,0,8,7,0,2,1.0581e-05,0.013458678,2.789e-06,0.013294753,8.691e-05,0.004636590019799769,0.00798768800450489,0.0007619140087626874,0.0017111499910242856,0.016673845995683223,8.36746865357,0.81744613292,0.00489937941687,0.07389932837160187,0.06899737432358251,0.12545681609717158
20,0,hybrid_30mm,randomized,central,False,True,,0.1286685279919766,0.13187266699969769,0.1501429479685612,0.1286685279919766,9,7,1,8,6,0,9,9,0,2,2.7154e-05,0.011034759,3.39e-06,0.01087903,0.000101517,0.004636590019799769,0.00798768800450489,0.0007619140087626874,0.0017111499910242856,0.016673845995683223,11.7581135951,0.778499882922,0.00566500862167,0.06158722197604697,0.06325549445287132,0.11035073030332374
20,1,hybrid_30mm,randomized,central,False,True,,0.3312901820172556,0.3345522090094164,0.3528224899782799,0.3312901820172556,17,9,3,14,8,0,17,13,0,4,2.3573e-05,0.038857702,9.271e-06,0.03822069,0.000464316,0.004636590019799769,0.00798768800450489,0.0007619140087626874,0.0017111499910242856,0.016673845995683223,23.5790346717,1.91569441458,0.00839579114983,0.05913056330892477,0.07549818381130076,0.14006585107462546
20,1,reference_ik,randomized,central,False,False,reference_ik,0.060894058959092945,0.06367983797099441,0.08195011893985793,6.0,0,0,0,0,0,0,0,0,0,0,0,0,0,0,0,0.004636590019799769,0.00798768800450489,0.0007619140087626874,0.0017111499910242856,0.016673845995683223,,,,,,
20,1,gmm,randomized,central,False,True,,0.12920443498296663,0.13247015903471038,0.1507404400035739,0.12920443498296663,18,8,18,0,0,0,18,17,0,9,4.1833e-05,0.023834562,6.568e-06,0.023304693,0.00032669,0.004636590019799769,0.00798768800450489,0.0007619140087626874,0.0017111499910242856,0.016673845995683223,8.1742628764,0.657402733662,0.00118501176905,0.07130966271207437,0.053924597780097415,0.13085277311270666
20,1,gmr_30mm,randomized,central,False,True,,0.10113972501130775,0.1041953070089221,0.12246558797778562,0.10113972501130775,22,14,0,22,14,0,22,21,0,7,2.5329e-05,0.033487544,1.3541e-05,0.032854083,0.000408252,0.004636590019799769,0.00798768800450489,0.0007619140087626874,0.0017111499910242856,0.016673845995683223,9.2121417017,1.22680309222,0.00828460546562,0.08428293659768647,0.11665458023083547,0.19004071831886898
20,2,hybrid_30mm,randomized,central,False,True,,0.05813405697699636,0.06110377499135211,0.07937405596021563,0.05813405697699636,1,1,1,0,0,0,1,1,0,0,1.4621e-05,0.001613438,1.264e-06,0.001564826,2.2796e-05,0.004636590019799769,0.00798768800450489,0.0007619140087626874,0.0017111499910242856,0.016673845995683223,9.4518220892,1.05315318732,0.00836290347233,0.08438397717870466,0.10157386012856251,0.17331920411638396
20,2,gmr_30mm,randomized,central,False,True,,0.10848244198132306,0.1116185020073317,0.12988878297619522,0.10848244198132306,14,9,0,14,9,0,14,13,0,4,4.9662e-05,0.033376657,1.311e-05,0.03267411,0.000500621,0.004636590019799769,0.00798768800450489,0.0007619140087626874,0.0017111499910242856,0.016673845995683223,8.02092127261,0.700850147723,0.0078432011081,0.07376592485409889,0.06648856808899571,0.13874569993054275
20,2,reference_ik,randomized,central,False,False,reference_ik,0.06185212900163606,0.0644130710279569,0.08268335199682042,6.0,0,0,0,0,0,0,0,0,0,0,0,0,0,0,0,0.004636590019799769,0.00798768800450489,0.0007619140087626874,0.0017111499910242856,0.016673845995683223,,,,,,
20,2,gmm,randomized,central,False,True,,0.1608125339844264,0.16321581095689908,0.1814860919257626,0.1608125339844264,16,11,16,0,0,0,16,14,0,3,4.6961e-05,0.024370395,1.0129e-05,0.023576755,0.00035871,0.004636590019799769,0.00798768800450489,0.0007619140087626874,0.0017111499910242856,0.016673845995683223,8.525336018,0.832126598992,0.00826217971917,0.08013373074380584,0.08268819753828545,0.14590269392880081
20,3,gmm,randomized,central,False,True,,0.08522037899820134,0.08823649102123454,0.10650677199009806,0.08522037899820134,12,8,12,0,0,0,12,10,0,2,3.2137e-05,0.018047888,3.634e-06,0.01768868,0.000193346,0.004636590019799769,0.00798768800450489,0.0007619140087626874,0.0017111499910242856,0.016673845995683223,9.62650270176,1.14472342482,0.00813676343441,0.08462349422289336,0.09986130139611603,0.15953084507157095
20,3,gmr_30mm,randomized,central,False,True,,0.15947120398050174,0.16309814498526976,0.18136842595413327,0.15947120398050174,23,15,0,23,15,0,23,22,0,7,1.1829e-05,0.022606586,8.167e-06,0.022074754,0.00038743,0.004636590019799769,0.00798768800450489,0.0007619140087626874,0.0017111499910242856,0.016673845995683223,17.5601313472,0.705975524197,0.00683263641431,0.06571700674142995,0.03831460652507741,0.07224408990915762
20,3,reference_ik,randomized,central,False,False,reference_ik,0.0620588639867492,0.06427787599386647,0.08254815696272999,6.0,0,0,0,0,0,0,0,0,0,0,0,0,0,0,0,0.004636590019799769,0.00798768800450489,0.0007619140087626874,0.0017111499910242856,0.016673845995683223,,,,,,
20,3,hybrid_30mm,randomized,central,False,True,,0.13359169597970322,0.13568991399370134,0.15396019496256486,0.13359169597970322,3,2,0,3,2,0,3,2,0,0,3.7103e-05,0.011904594,5.076e-06,0.011813206,4.5078e-05,0.004636590019799769,0.00798768800450489,0.0007619140087626874,0.0017111499910242856,0.016673845995683223,7.96429420825,1.09441991026,0.00831226670849,0.08628238229876863,0.18170144271578692,0.25986746716672765
20,4,gmm,randomized,central,False,True,,0.06950541504193097,0.07217145501635969,0.0904417359852232,0.06950541504193097,7,4,7,0,0,0,7,7,0,3,1.2668e-05,0.007646014,3.49e-06,0.007340975,0.000177543,0.004636590019799769,0.00798768800450489,0.0007619140087626874,0.0017111499910242856,0.016673845995683223,9.60411244777,0.911016672057,0.00819455942541,0.0787450236446813,0.06926206805475417,0.12915691931078127
20,4,reference_ik,randomized,central,False,False,reference_ik,0.06303890299750492,0.06569838197901845,0.08396866294788197,6.0,0,0,0,0,0,0,0,0,0,0,0,0,0,0,0,0.004636590019799769,0.00798768800450489,0.0007619140087626874,0.0017111499910242856,0.016673845995683223,,,,,,
20,4,hybrid_30mm,randomized,central,False,True,,0.27149699098663405,0.2744757269974798,0.2927460079663433,0.27149699098663405,3,3,0,3,3,0,3,3,0,0,1.0658e-05,0.005843861,3.726e-06,0.005715591,7.5765e-05,0.004636590019799769,0.00798768800450489,0.0007619140087626874,0.0017111499910242856,0.016673845995683223,21.6906598357,1.9180556118,0.00215306906329,0.07056997952277343,0.06537545346917917,0.14400798108756266
20,4,gmr_30mm,randomized,central,False,True,,0.14593952399445698,0.14850072603439912,0.16677100700326264,0.14593952399445698,10,7,0,10,7,0,10,10,0,3,5.158e-05,0.012315864,1.1044e-05,0.011580625,0.000541399,0.004636590019799769,0.00798768800450489,0.0007619140087626874,0.0017111499910242856,0.016673845995683223,9.84511676302,0.965651241324,0.00831327804788,0.07691774098835474,0.05970633272926445,0.12195470231554006
48,0,gmr_30mm,randomized,offset,False,True,,0.10211679799249396,0.10468324203975499,0.12260025506839156,0.10211679799249396,3,3,0,3,3,0,3,3,0,0,5.148e-05,0.005145022,8.118e-06,0.004940573,0.000113933,0.004238149034790695,0.008135815965943038,0.000849020027089864,0.001688983989879489,0.016493529023136944,10.0758716447,0.718320134357,0.0350664201989,0.10053946996062824,0.06190245325164787,0.15210921364190408
48,0,gmm,randomized,offset,False,True,,0.21188269701087847,0.21446955698775128,0.23238657001638785,0.21188269701087847,8,4,8,0,0,0,8,6,0,2,5.073e-05,0.016276515,4.968e-06,0.016058006,0.000100072,0.004238149034790695,0.008135815965943038,0.000849020027089864,0.001688983989879489,0.016493529023136944,14.5957247278,1.18973999945,0.0391766920235,0.12579426556886192,0.11630246794543357,0.21446010024922016
48,0,hybrid_30mm,randomized,offset,False,True,,0.1447494970052503,0.14768671401543543,0.165603727044072,0.1447494970052503,3,2,0,3,2,0,3,2,0,0,4.6065e-05,0.026454986,7.624e-06,0.026271243,9.5847e-05,0.004238149034790695,0.008135815965943038,0.000849020027089864,0.001688983989879489,0.016493529023136944,12.9796731503,1.08079966947,0.039075275931,0.12480473036941182,0.09140518289661871,0.23814702850884523
48,0,reference_ik,randomized,offset,False,True,,0.14795489399693906,0.15079597005387768,0.16871298308251426,0.14795489399693906,0,0,0,0,0,0,0,0,0,0,0,0,0,0,0,0.004238149034790695,0.008135815965943038,0.000849020027089864,0.001688983989879489,0.016493529023136944,5.11677720486,0.719647136766,0.0289849538155,0.12353871247975182,0.0025666196438391725,0.036822193394088744
48,1,hybrid_30mm,randomized,offset,False,True,,0.16636304795974866,0.16898438398493454,0.1869013970135711,0.16636304795974866,2,1,0,2,1,0,2,2,0,1,5.1512e-05,0.007555086,6.455e-06,0.007306609,0.000173884,0.004238149034790695,0.008135815965943038,0.000849020027089864,0.001688983989879489,0.016493529023136944,13.6861232117,1.22542953522,0.0385731592681,0.12501745499757466,0.14178721887528825,0.2856384112806572
48,1,reference_ik,randomized,offset,False,True,,0.1474927900126204,0.15032307198271155,0.16824008501134813,0.1474927900126204,0,0,0,0,0,0,0,0,0,0,0,0,0,0,0,0.004238149034790695,0.008135815965943038,0.000849020027089864,0.001688983989879489,0.016493529023136944,5.11677720486,0.719647136766,0.0289849538155,0.12353871247975182,0.0025666196438391725,0.036822193394088744
48,1,gmm,randomized,offset,False,True,,0.22273184900404885,0.2254590439843014,0.24337605701293796,0.22273184900404885,8,6,8,0,0,0,8,8,0,2,4.8334e-05,0.019016941,1.0613e-05,0.018008845,0.000582106,0.004238149034790695,0.008135815965943038,0.000849020027089864,0.001688983989879489,0.016493529023136944,13.6772196292,1.3470674661,0.0388138312538,0.12306135296514871,0.12225377701445873,0.22714738386670869
48,1,gmr_30mm,randomized,offset,False,True,,0.10016285197343677,0.1028859950019978,0.12080300803063437,0.10016285197343677,6,5,0,6,5,0,6,6,0,1,5.1234e-05,0.011284308,1.007e-05,0.010735333,0.000344062,0.004238149034790695,0.008135815965943038,0.000849020027089864,0.001688983989879489,0.016493529023136944,5.54583894885,0.565581414883,0.00139598145638,0.11316284602780964,0.03208797218731076,0.0661283437941093
48,2,gmm,randomized,offset,False,True,,0.10641209600726143,0.10926437901798636,0.12718139204662293,0.10641209600726143,1,1,1,0,0,0,1,1,0,0,4.686e-05,0.00331762,4.107e-06,0.003105828,8.5663e-05,0.004238149034790695,0.008135815965943038,0.000849020027089864,0.001688983989879489,0.016493529023136944,9.13664606361,0.630678978276,0.00275243827379,0.08462312221316916,0.05894837353571931,0.08116331317499513
48,2,hybrid_30mm,randomized,offset,False,True,,0.3036902550375089,0.3063655389705673,0.32428255199920386,0.3036902550375089,7,5,2,5,4,0,7,5,0,0,1.0792e-05,0.027201124,1.1167e-05,0.026809315,0.000211626,0.004238149034790695,0.008135815965943038,0.000849020027089864,0.001688983989879489,0.016493529023136944,20.3959403669,1.37768792726,0.0386882035561,0.12579426556886192,0.07302513917873033,0.12785505020802418
48,2,gmr_30mm,randomized,offset,False,True,,0.149531778995879,0.15202581702033058,0.16994283004896715,0.149531778995879,5,3,0,5,3,0,5,5,0,2,1.2617e-05,0.004401265,3.308e-06,0.004225721,0.000132353,0.004238149034790695,0.008135815965943038,0.000849020027089864,0.001688983989879489,0.016493529023136944,12.6675759234,0.863458766951,0.0387404963369,0.11022154558157216,0.052012923952255034,0.09645958724353562
48,2,reference_ik,randomized,offset,False,True,,0.14242874196497723,0.14540541399037465,0.16332242701901123,0.14242874196497723,0,0,0,0,0,0,0,0,0,0,0,0,0,0,0,0.004238149034790695,0.008135815965943038,0.000849020027089864,0.001688983989879489,0.016493529023136944,5.11677720486,0.719647136766,0.0289849538155,0.12353871247975182,0.0025666196438391725,0.036822193394088744
48,3,gmm,randomized,offset,False,True,,0.1507142360205762,0.1533119019586593,0.17122891498729587,0.1507142360205762,5,2,5,0,0,0,5,3,0,1,4.5079e-05,0.026143264,9.086e-06,0.025654143,0.000252208,0.004238149034790695,0.008135815965943038,0.000849020027089864,0.001688983989879489,0.016493529023136944,12.9292696579,1.27173373765,0.0387041143815,0.12579426556886192,0.13080795292557373,0.2254334040894513
48,3,reference_ik,randomized,offset,False,True,,0.14822337997611612,0.1507419139961712,0.16865892702480778,0.14822337997611612,0,0,0,0,0,0,0,0,0,0,0,0,0,0,0,0.004238149034790695,0.008135815965943038,0.000849020027089864,0.001688983989879489,0.016493529023136944,5.11677720486,0.719647136766,0.0289849538155,0.12353871247975182,0.0025666196438391725,0.036822193394088744
48,3,hybrid_30mm,randomized,offset,False,True,,0.14087877701967955,0.14393387601012364,0.16185088903876022,0.14087877701967955,2,2,0,2,2,0,2,2,0,0,4.87e-05,0.004195053,6.423e-06,0.003906444,0.000181703,0.004238149034790695,0.008135815965943038,0.000849020027089864,0.001688983989879489,0.016493529023136944,5.96464537592,0.573297650623,0.0204316766818,0.11850375686429872,0.029063610355315433,0.05460419699587119
48,3,gmr_30mm,randomized,offset,False,True,,0.09812618303112686,0.10072365798987448,0.11864067101851106,0.09812618303112686,6,4,0,6,4,0,6,4,0,0,1.7583e-05,0.015933926,8.697e-06,0.015630424,0.000189779,0.004238149034790695,0.008135815965943038,0.000849020027089864,0.001688983989879489,0.016493529023136944,10.7909573148,0.900119972954,0.0086678244211,0.12128653656910604,0.07072322839904258,0.16043295995950527
48,4,gmm,randomized,offset,False,True,,0.16152352100471035,0.16415421798592433,0.1820712310145609,0.16152352100471035,3,2,3,0,0,0,3,2,0,0,1.1724e-05,0.008332189,5.97e-06,0.008017075,0.000157432,0.004238149034790695,0.008135815965943038,0.000849020027089864,0.001688983989879489,0.016493529023136944,12.5491793597,0.945888428123,0.030905932775,0.12096683619338287,0.11313196186644402,0.24677807604642582
48,4,gmr_30mm,randomized,offset,False,True,,0.04404628596967086,0.04726687300717458,0.06518388603581116,0.04404628596967086,1,1,0,1,1,0,1,1,0,0,1.1214e-05,0.000282819,1.518e-06,0.000254872,1.5757e-05,0.004238149034790695,0.008135815965943038,0.000849020027089864,0.001688983989879489,0.016493529023136944,7.71801530033,0.546153441774,0.0084578209184,0.10178502297114135,0.02778194790454428,0.0506256931478549
48,4,reference_ik,randomized,offset,False,True,,0.13972989097237587,0.1426173679647036,0.16053438099334016,0.13972989097237587,0,0,0,0,0,0,0,0,0,0,0,0,0,0,0,0.004238149034790695,0.008135815965943038,0.000849020027089864,0.001688983989879489,0.016493529023136944,5.11677720486,0.719647136766,0.0289849538155,0.12353871247975182,0.0025666196438391725,0.036822193394088744
48,4,hybrid_30mm,randomized,offset,False,True,,0.10434681695187464,0.10755049501312897,0.12546750804176554,0.10434681695187464,2,2,0,2,2,0,2,2,0,0,5.2527e-05,0.005455183,7.223e-06,0.005206381,0.000145513,0.004238149034790695,0.008135815965943038,0.000849020027089864,0.001688983989879489,0.016493529023136944,5.40016582613,0.630772602165,0.0346478506254,0.11857564116377212,0.025694050758478044,0.0570720649143863
90,0,hybrid_30mm,randomized,distant,False,True,,0.1406083779875189,0.14311640500091016,0.161124253005255,0.1406083779875189,3,2,2,1,1,0,3,2,0,0,3.8452e-05,0.013009346,4.905e-06,0.012875486,4.5908e-05,0.004308256029617041,0.008037763007450849,0.0008542299619875848,0.0017187659977935255,0.016493195027578622,9.79301603852,0.765269156871,0.0167095910055,0.14164650446222413,0.05476750266752283,0.10639730631352244
90,0,reference_ik,randomized,distant,False,True,,0.23080020095221698,0.23361765401205048,0.25162550201639533,0.23080020095221698,0,0,0,0,0,0,0,0,0,0,0,0,0,0,0,0.004308256029617041,0.008037763007450849,0.0008542299619875848,0.0017187659977935255,0.016493195027578622,11.3286714036,1.29854915007,0.0167128850857,0.14176145954830213,0.07656230600903759,0.20031621241390168
90,0,gmm,randomized,distant,False,True,,0.1525675770244561,0.15548875700915232,0.17349660501349717,0.1525675770244561,5,1,5,0,0,0,5,1,0,0,1.1034e-05,0.033927268,4.284e-06,0.033807761,3.4659e-05,0.004308256029617041,0.008037763007450849,0.0008542299619875848,0.0017187659977935255,0.016493195027578622,12.508154708,1.36292536035,0.0165443216862,0.11078351857711646,0.17162098743477358,0.3429211619916377
90,0,gmr_30mm,randomized,distant,False,True,,0.13494389900006354,0.13786490500206128,0.15587275300640613,0.13494389900006354,3,1,0,3,1,0,3,1,0,0,5.0887e-05,0.012073914,6.976e-06,0.011921241,7.6439e-05,0.004308256029617041,0.008037763007450849,0.0008542299619875848,0.0017187659977935255,0.016493195027578622,10.0512315352,0.883734402406,0.0163353370544,0.1418152538193155,0.08426922389799378,0.12946914994503186
90,1,reference_ik,randomized,distant,False,True,,0.22668264200910926,0.22934227099176496,0.2473501189961098,0.22668264200910926,0,0,0,0,0,0,0,0,0,0,0,0,0,0,0,0.004308256029617041,0.008037763007450849,0.0008542299619875848,0.0017187659977935255,0.016493195027578622,11.3286714036,1.29854915007,0.0167128850857,0.14176145954830213,0.07656230600903759,0.20031621241390168
90,1,gmr_30mm,randomized,distant,False,True,,0.14399008499458432,0.14635450503556058,0.16436235303990543,0.14399008499458432,2,2,0,2,2,0,2,2,0,0,1.2198e-05,0.001857125,3.528e-06,0.001744331,6.3844e-05,0.004308256029617041,0.008037763007450849,0.0008542299619875848,0.0017187659977935255,0.016493195027578622,14.8262737054,1.2190252196,0.0166329170889,0.1415964456100445,0.1148904417302138,0.23749497857171867
90,1,hybrid_30mm,randomized,distant,False,True,,0.12907204497605562,0.13193117699120194,0.1499390249955468,0.12907204497605562,1,1,0,1,1,0,1,1,0,0,4.7244e-05,0.001118832,3.471e-06,0.001022219,5.9392e-05,0.004308256029617041,0.008037763007450849,0.0008542299619875848,0.0017187659977935255,0.016493195027578622,9.00409918297,0.68577765912,0.0164824809678,0.14148535251176983,0.06456008719818364,0.1197171903251227
90,1,gmm,randomized,distant,False,True,,0.18194624001625925,0.18527596798958257,0.20328381599392742,0.18194624001625925,6,5,6,0,0,0,6,5,0,0,4.9324e-05,0.01430992,6.094e-06,0.01395189,0.00015342,0.004308256029617041,0.008037763007450849,0.0008542299619875848,0.0017187659977935255,0.016493195027578622,16.7057274497,1.27392987043,0.0162017597639,0.14104302161137983,0.10115633052987619,0.21843871073969365
90,2,hybrid_30mm,randomized,distant,False,True,,0.14946021605283022,0.15195022604893893,0.16995807405328378,0.14946021605283022,2,2,1,1,1,0,2,2,0,0,4.7236e-05,0.003580156,6.588e-06,0.0033308,0.000129407,0.004308256029617041,0.008037763007450849,0.0008542299619875848,0.0017187659977935255,0.016493195027578622,9.59631581675,0.849466802416,0.0167695018949,0.14196754912709608,0.11155537274841645,0.17693930200466124
90,2,gmr_30mm,randomized,distant,False,True,,0.1447411979897879,0.1471617859788239,0.16516963398316875,0.1447411979897879,3,1,0,3,1,0,3,2,0,1,4.9018e-05,0.015336639,9.397e-06,0.01497787,0.000250478,0.004308256029617041,0.008037763007450849,0.0008542299619875848,0.0017187659977935255,0.016493195027578622,10.7506744728,1.07091138174,0.0164790664317,0.133108064705195,0.12659702803603845,0.23798180909556457
90,2,gmm,randomized,distant,False,True,,0.12001939699985087,0.12282862805295736,0.1408364760573022,0.12001939699985087,1,1,1,0,0,0,1,1,0,0,4.8297e-05,0.001705695,2.843e-06,0.001559581,7.2025e-05,0.004308256029617041,0.008037763007450849,0.0008542299619875848,0.0017187659977935255,0.016493195027578622,9.45064290268,0.800088878564,0.0167640271895,0.14167192366685344,0.13663228250655893,0.20723710488205366
90,2,reference_ik,randomized,distant,False,True,,0.2224054949474521,0.2250762910116464,0.24308413901599124,0.2224054949474521,0,0,0,0,0,0,0,0,0,0,0,0,0,0,0,0.004308256029617041,0.008037763007450849,0.0008542299619875848,0.0017187659977935255,0.016493195027578622,11.3286714036,1.29854915007,0.0167128850857,0.14176145954830213,0.07656230600903759,0.20031621241390168
90,3,reference_ik,randomized,distant,False,True,,0.22823800798505545,0.23086131503805518,0.24886916304240003,0.22823800798505545,0,0,0,0,0,0,0,0,0,0,0,0,0,0,0,0.004308256029617041,0.008037763007450849,0.0008542299619875848,0.0017187659977935255,0.016493195027578622,11.3286714036,1.29854915007,0.0167128850857,0.14176145954830213,0.07656230600903759,0.20031621241390168
90,3,gmr_30mm,randomized,distant,False,True,,0.1858372450224124,0.18808647902915254,0.2060943270334974,0.1858372450224124,3,2,0,3,2,0,3,2,0,0,1.143e-05,0.026671549,8.129e-06,0.026488177,9.1946e-05,0.004308256029617041,0.008037763007450849,0.0008542299619875848,0.0017187659977935255,0.016493195027578622,9.00851358969,1.01621274444,0.0164930229034,0.14177710557007542,0.12854018701805986,0.2171757494254577
90,3,hybrid_30mm,randomized,distant,False,True,,0.1520753219956532,0.15487183997174725,0.1728796879760921,0.1520753219956532,1,1,0,1,1,0,1,1,0,0,5.09e-05,0.002422026,4.43e-06,0.002276013,9.3307e-05,0.004308256029617041,0.008037763007450849,0.0008542299619875848,0.0017187659977935255,0.016493195027578622,7.78497790652,0.747563855903,0.0171253883277,0.14246371182339038,0.03351981299470564,0.07436339195941179
90,3,gmm,randomized,distant,False,True,,0.13310045801335946,0.13626265700440854,0.1542705050087534,0.13310045801335946,2,1,2,0,0,0,2,2,0,1,5.6741e-05,0.003125178,5.463e-06,0.002875544,0.000122541,0.004308256029617041,0.008037763007450849,0.0008542299619875848,0.0017187659977935255,0.016493195027578622,9.97363416251,0.764085591719,0.0168561409106,0.12333612273411365,0.07219994950698788,0.1370793189968759
90,4,reference_ik,randomized,distant,False,True,,0.23000636202050373,0.232759258011356,0.25076710601570085,0.23000636202050373,0,0,0,0,0,0,0,0,0,0,0,0,0,0,0,0.004308256029617041,0.008037763007450849,0.0008542299619875848,0.0017187659977935255,0.016493195027578622,11.3286714036,1.29854915007,0.0167128850857,0.14176145954830213,0.07656230600903759,0.20031621241390168
90,4,hybrid_30mm,randomized,distant,False,True,,0.09146640298422426,0.09418683801777661,0.11219468602212146,0.09146640298422426,3,1,1,2,1,0,3,2,0,1,3.7911e-05,0.01189622,7.661e-06,0.011597002,0.000188392,0.004308256029617041,0.008037763007450849,0.0008542299619875848,0.0017187659977935255,0.016493195027578622,8.15969738245,0.51744623684,0.0169228825423,0.13518068277764295,0.06358043040568997,0.16850443268871693
90,4,gmm,randomized,distant,False,True,,0.0836939979926683,0.086635245999787,0.10464309400413185,0.0836939979926683,2,1,2,0,0,0,2,1,0,0,3.3135e-05,0.005800445,6.531e-06,0.005523305,0.000126486,0.004308256029617041,0.008037763007450849,0.0008542299619875848,0.0017187659977935255,0.016493195027578622,7.61838822035,0.581502027628,0.0166530898787,0.14163990511503877,0.046418862152904465,0.09675368900131442
90,4,gmr_30mm,randomized,distant,False,True,,0.14319544698810205,0.14613650395767763,0.16414435196202248,0.14319544698810205,1,1,0,1,1,0,1,1,0,0,4.9674e-05,0.003126286,4.42e-06,0.002991489,7.5942e-05,0.004308256029617041,0.008037763007450849,0.0008542299619875848,0.0017187659977935255,0.016493195027578622,10.3997177478,1.00177417643,0.0162258062696,0.1411138503707735,0.08404111033242634,0.13028117595612215
33,0,hybrid_30mm,randomized,central,False,True,,0.20094872202025726,0.20324330899165943,0.22259286098415032,0.20094872202025726,5,3,2,3,1,0,5,4,0,1,4.9755e-05,0.012718947,9.809e-06,0.012142281,0.00039475,0.004872016957961023,0.008445269020739943,0.0009220080100931227,0.0017664280021563172,0.017609150963835418,13.9273821014,1.2106083614,2.5951119722e-05,0.08319458715821626,0.08043638078753357,0.1556208791055366
33,0,reference_ik,randomized,central,False,False,reference_ik,0.06366874498780817,0.06616763898637146,0.08551719097886235,6.0,0,0,0,0,0,0,0,0,0,0,0,0,0,0,0,0.004872016957961023,0.008445269020739943,0.0009220080100931227,0.0017664280021563172,0.017609150963835418,,,,,,
33,0,gmr_30mm,randomized,central,False,True,,0.1676137880422175,0.17090947600081563,0.19025902799330652,0.1676137880422175,9,4,0,9,4,0,9,4,0,0,2.321e-05,0.030953421,7.409e-06,0.030694603,0.00014879,0.004872016957961023,0.008445269020739943,0.0009220080100931227,0.0017664280021563172,0.017609150963835418,16.3404722338,1.22364930015,0.000180605182039,0.08506385578411155,0.06136516249011548,0.1483933866876279
33,0,gmm,randomized,central,False,True,,0.15254369500325993,0.1555793580482714,0.17492891004076228,0.15254369500325993,16,6,16,0,0,0,16,8,0,2,3.9535e-05,0.059189595,1.1906e-05,0.058587471,0.000274212,0.004872016957961023,0.008445269020739943,0.0009220080100931227,0.0017664280021563172,0.017609150963835418,10.1465750892,1.20959034267,4.5677254305e-05,0.08506385578411155,0.14884702986599438,0.23778014882035206
33,1,gmr_30mm,randomized,central,False,True,,0.14210444502532482,0.1452869990025647,0.16463655099505559,0.14210444502532482,6,1,0,6,1,0,6,2,0,1,4.7911e-05,0.026681753,7.432e-06,0.02649945,7.7883e-05,0.004872016957961023,0.008445269020739943,0.0009220080100931227,0.0017664280021563172,0.017609150963835418,8.8549379018,0.74699537595,0.000701695991089,0.08213376476771353,0.10108046384533609,0.18634962075713768
33,1,hybrid_30mm,randomized,central,False,True,,0.1791568860062398,0.18205822096206248,0.20140777295455337,0.1791568860062398,20,7,2,18,7,0,20,10,0,3,4.7838e-05,0.073840242,1.0822e-05,0.073575665,0.000137479,0.004872016957961023,0.008445269020739943,0.0009220080100931227,0.0017664280021563172,0.017609150963835418,11.2222289725,1.10977295479,0.000359462794185,0.08506385578411155,0.08466806203674442,0.15709389798998394
33,1,reference_ik,randomized,central,False,False,reference_ik,0.06417626002803445,0.06613980198744684,0.08548935397993773,6.0,0,0,0,0,0,0,0,0,0,0,0,0,0,0,0,0.004872016957961023,0.008445269020739943,0.0009220080100931227,0.0017664280021563172,0.017609150963835418,,,,,,
33,1,gmm,randomized,central,False,True,,0.13430017296923324,0.13717448996612802,0.1565240419586189,0.13430017296923324,19,6,19,0,0,0,19,8,0,2,1.5321e-05,0.072170097,9.035e-06,0.071644779,0.000261053,0.004872016957961023,0.008445269020739943,0.0009220080100931227,0.0017664280021563172,0.017609150963835418,8.89727426347,0.679653249127,0.000766475235661,0.06819571980837658,0.08124884297706177,0.15358560443040653
33,2,reference_ik,randomized,central,False,False,reference_ik,0.06346703000599518,0.06592801702208817,0.08527756901457906,6.0,0,0,0,0,0,0,0,0,0,0,0,0,0,0,0,0.004872016957961023,0.008445269020739943,0.0009220080100931227,0.0017664280021563172,0.017609150963835418,,,,,,
33,2,hybrid_30mm,randomized,central,False,True,,0.08570068300468847,0.08905397896887735,0.10840353096136823,0.08570068300468847,2,1,1,1,0,0,2,1,0,0,1.3529e-05,0.005726567,3.952e-06,0.005613771,4.3597e-05,0.004872016957961023,0.008445269020739943,0.0009220080100931227,0.0017664280021563172,0.017609150963835418,10.6130613082,1.02562539233,0.000490530441676,0.08441713121452853,0.11975076844052285,0.19221852427650735
33,2,gmm,randomized,central,False,True,,0.1046749540255405,0.10790689202258363,0.12725644401507452,0.1046749540255405,1,1,1,0,0,0,1,1,0,0,4.7732e-05,0.000863443,2.911e-06,0.000698426,8.5559e-05,0.004872016957961023,0.008445269020739943,0.0009220080100931227,0.0017664280021563172,0.017609150963835418,9.37651865892,0.817791367121,0.000360729277635,0.067753903584955,0.11390367526816803,0.17024300915184246
33,2,gmr_30mm,randomized,central,False,True,,0.21762225398560986,0.22027656598947942,0.2396261179819703,0.21762225398560986,14,4,0,14,4,0,14,7,0,3,2.1864e-05,0.050560807,7.126e-06,0.050267929,0.000209186,0.004872016957961023,0.008445269020739943,0.0009220080100931227,0.0017664280021563172,0.017609150963835418,16.8329510359,1.35572452627,0.000182921520908,0.08506385578411155,0.10531230889151857,0.18639774423044328
33,3,reference_ik,randomized,central,False,False,reference_ik,0.06461714202305302,0.06688639498315752,0.0862359469756484,6.0,0,0,0,0,0,0,0,0,0,0,0,0,0,0,0,0.004872016957961023,0.008445269020739943,0.0009220080100931227,0.0017664280021563172,0.017609150963835418,,,,,,
33,3,gmm,randomized,central,False,True,,0.13732189597794786,0.14018717600265518,0.15953672799514607,0.13732189597794786,16,3,16,0,0,0,16,6,0,3,2.3767e-05,0.071666142,1.0133e-05,0.071229808,0.000191567,0.004872016957961023,0.008445269020739943,0.0009220080100931227,0.0017664280021563172,0.017609150963835418,9.48033694478,0.94205922879,0.000641702362159,0.08506385578411155,0.09933885857781946,0.17872234480468205
33,3,hybrid_30mm,randomized,central,False,True,,0.16181042802054435,0.1648419210105203,0.1841914730030112,0.16181042802054435,16,6,3,13,5,0,16,8,0,2,2.8374e-05,0.057129724,6.928e-06,0.056874975,0.000148536,0.004872016957961023,0.008445269020739943,0.0009220080100931227,0.0017664280021563172,0.017609150963835418,9.48483166446,0.879208405113,4.45245447238e-05,0.08506385578411155,0.0920658509266651,0.18060292899520544
33,3,gmr_30mm,randomized,central,False,True,,0.16947799001354724,0.17227742896648124,0.19162698095897213,0.16947799001354724,8,1,0,8,1,0,8,1,0,0,4.5453e-05,0.039888512,1.0915e-05,0.039740337,3.45e-05,0.004872016957961023,0.008445269020739943,0.0009220080100931227,0.0017664280021563172,0.017609150963835418,10.5036580357,0.753729432115,0.000756890917893,0.08506385578411155,0.09119398605223164,0.1702948412084229
33,4,reference_ik,randomized,central,False,False,reference_ik,0.06488916400121525,0.06744408002123237,0.08679363201372325,6.0,0,0,0,0,0,0,0,0,0,0,0,0,0,0,0,0.004872016957961023,0.008445269020739943,0.0009220080100931227,0.0017664280021563172,0.017609150963835418,,,,,,
33,4,gmm,randomized,central,False,True,,0.15322519798064604,0.15557915001409128,0.17492870200658217,0.15322519798064604,13,6,13,0,0,0,13,8,0,2,2.8253e-05,0.031402213,5.365e-06,0.031134004,0.000107039,0.004872016957961023,0.008445269020739943,0.0009220080100931227,0.0017664280021563172,0.017609150963835418,14.1321279114,0.984049045449,0.000227970186435,0.06581449466154533,0.072667436417236,0.15716454456132434
33,4,hybrid_30mm,randomized,central,False,True,,0.08430350798880681,0.08768792997580022,0.1070374819682911,0.08430350798880681,5,3,0,5,3,0,5,4,0,1,4.875e-05,0.008351514,4.748e-06,0.008140887,0.000137782,0.004872016957961023,0.008445269020739943,0.0009220080100931227,0.0017664280021563172,0.017609150963835418,8.72626919529,0.557569291827,0.0004146813257,0.07159054181392693,0.06517511150672943,0.1637028220288439
33,4,gmr_30mm,randomized,central,False,True,,0.09223436802858487,0.09667084802640602,0.11602040001889691,0.09223436802858487,5,2,0,5,2,0,5,2,0,0,1.131e-05,0.018685366,8.674e-06,0.018514075,6.4291e-05,0.004872016957961023,0.008445269020739943,0.0009220080100931227,0.0017664280021563172,0.017609150963835418,10.2909878723,0.690920683487,0.000194678972026,0.08223166616922734,0.06138506115881433,0.15666867198790616
77,0,reference_ik,randomized,offset,False,False,reference_edge_invalid,0.14733722800156102,0.14991935202851892,0.17041196301579475,6.0,0,0,0,0,0,0,0,0,0,0,0,0,0,0,0,0.004611959971953183,0.009883553022518754,0.0010123630054295063,0.0017081270343624055,0.01879943796666339,,,,,,
77,0,hybrid_30mm,randomized,offset,False,True,,0.14642588194692507,0.14869638002710417,0.16918899101438,0.14642588194692507,2,1,1,1,1,0,2,2,0,1,4.9571e-05,0.005316061,6.774e-06,0.004963771,0.000247547,0.004611959971953183,0.009883553022518754,0.0010123630054295063,0.0017081270343624055,0.01879943796666339,12.6025227854,0.87985711054,0.00431784643903,0.10035861579912408,0.05343009458934082,0.12445250355461517
77,0,gmr_30mm,randomized,offset,False,True,,0.3139501840341836,0.31722558598266914,0.337718196969945,0.3139501840341836,25,19,0,25,19,0,25,23,0,4,3.4438e-05,0.032814636,8.838e-06,0.032326632,0.00034062,0.004611959971953183,0.009883553022518754,0.0010123630054295063,0.0017081270343624055,0.01879943796666339,21.1457823381,1.59005128737,0.0118339752007,0.10842792834344879,0.03956273543593835,0.12093354681813757
77,0,gmm,randomized,offset,False,True,,0.12918329401873052,0.13208318501710892,0.15257579600438476,0.12918329401873052,1,1,1,0,0,0,1,1,0,0,3.2667e-05,0.003220696,2.266e-06,0.003096501,6.2631e-05,0.004611959971953183,0.009883553022518754,0.0010123630054295063,0.0017081270343624055,0.01879943796666339,13.5416407277,0.710102494729,0.0140142472069,0.10842792834344879,0.05170734806904211,0.11671335611992421
77,1,reference_ik,randomized,offset,False,False,reference_edge_invalid,0.1322491859900765,0.13439165701856837,0.1548842680058442,6.0,0,0,0,0,0,0,0,0,0,0,0,0,0,0,0,0.004611959971953183,0.009883553022518754,0.0010123630054295063,0.0017081270343624055,0.01879943796666339,,,,,,
77,1,gmr_30mm,randomized,offset,False,True,,0.22852354601491243,0.230673709011171,0.25116631999844685,0.22852354601491243,6,4,0,6,4,0,6,5,0,1,4.3708e-05,0.017032818,1.2554e-05,0.016470446,0.000378148,0.004611959971953183,0.009883553022518754,0.0010123630054295063,0.0017081270343624055,0.01879943796666339,15.9331200433,1.06852011267,0.0135746144868,0.10842792834344879,0.061781338737819526,0.14793006336938183
77,1,hybrid_30mm,randomized,offset,False,True,,0.16936100099701434,0.1724218349554576,0.19291444594273344,0.16936100099701434,2,2,0,2,2,0,2,2,0,0,7.2301e-05,0.00271201,5.679e-06,0.002490374,0.000146952,0.004611959971953183,0.009883553022518754,0.0010123630054295063,0.0017081270343624055,0.01879943796666339,12.1636165663,0.498299856305,0.0136424190867,0.10842792834344879,0.07151519784289949,0.130181457605146
77,1,gmm,randomized,offset,False,True,,0.1274810410104692,0.13072902301792055,0.1512216340051964,0.1274810410104692,22,9,22,0,0,0,22,17,0,8,1.2056e-05,0.039445622,4.396e-06,0.039101148,0.00020188,0.004611959971953183,0.009883553022518754,0.0010123630054295063,0.0017081270343624055,0.01879943796666339,9.52345158333,0.744312891166,0.0110688168763,0.10842792834344879,0.056385996906538616,0.08714812467370127
77,2,hybrid_30mm,randomized,offset,False,True,,0.15309829800389707,0.15608446899568662,0.17657707998296246,0.15309829800389707,8,7,3,5,5,0,8,8,0,1,4.8212e-05,0.005403215,5.802e-06,0.004936891,0.000320938,0.004611959971953183,0.009883553022518754,0.0010123630054295063,0.0017081270343624055,0.01879943796666339,11.7102013797,1.08691720621,0.00542083040635,0.10085107883877947,0.08192971123546366,0.20921714494116053
77,2,gmm,randomized,offset,False,True,,0.3629944490385242,0.36647704703500494,0.3869696580222808,0.3629944490385242,37,20,37,0,0,0,37,27,0,7,1.8564e-05,0.079903698,7.406e-06,0.079158044,0.00033933,0.004611959971953183,0.009883553022518754,0.0010123630054295063,0.0017081270343624055,0.01879943796666339,23.7529960729,2.1042014526,0.00721827275048,0.06335622800160302,0.08634229208298257,0.16391816924220934
77,2,reference_ik,randomized,offset,False,False,reference_edge_invalid,0.13761351199354976,0.14032746804878116,0.160820079036057,6.0,0,0,0,0,0,0,0,0,0,0,0,0,0,0,0,0.004611959971953183,0.009883553022518754,0.0010123630054295063,0.0017081270343624055,0.01879943796666339,,,,,,
77,2,gmr_30mm,randomized,offset,False,True,,0.14352165604941547,0.14589625602820888,0.16638886701548472,0.14352165604941547,13,10,0,13,10,0,13,13,0,3,3.4651e-05,0.013761099,5.525e-06,0.013357692,0.000309212,0.004611959971953183,0.009883553022518754,0.0010123630054295063,0.0017081270343624055,0.01879943796666339,14.4116634829,0.794068788442,0.0040577022042,0.10842792834344879,0.04038886702787309,0.06942899434332987
77,3,gmr_30mm,randomized,offset,False,True,,0.25269095099065453,0.2561212509754114,0.2766138619626872,0.25269095099065453,16,12,0,16,12,0,16,14,0,2,4.6343e-05,0.027012927,8.493e-06,0.026437092,0.000434138,0.004611959971953183,0.009883553022518754,0.0010123630054295063,0.0017081270343624055,0.01879943796666339,19.1231565323,1.2425166855,0.0135939883972,0.10842792834344879,0.034160889983306526,0.12064778828984493
77,3,reference_ik,randomized,offset,False,False,reference_edge_invalid,0.1515183409792371,0.15366727102082223,0.17415988200809807,6.0,0,0,0,0,0,0,0,0,0,0,0,0,0,0,0,0.004611959971953183,0.009883553022518754,0.0010123630054295063,0.0017081270343624055,0.01879943796666339,,,,,,
77,3,hybrid_30mm,randomized,offset,False,True,,0.17941417003748938,0.18235074600670487,0.2028433569939807,0.17941417003748938,8,4,0,8,4,0,8,6,0,2,4.7174e-05,0.023576601,1.2405e-05,0.023069914,0.00030877,0.004611959971953183,0.009883553022518754,0.0010123630054295063,0.0017081270343624055,0.01879943796666339,11.8035584943,0.569178622576,0.0133448786841,0.10842792834344879,0.06753220457926978,0.12146873765139848
77,3,gmm,randomized,offset,False,True,,0.13868909899611026,0.14130107499659061,0.16179368598386645,0.13868909899611026,13,9,13,0,0,0,13,12,0,3,3.424e-05,0.018256572,5.517e-06,0.017895098,0.000190373,0.004611959971953183,0.009883553022518754,0.0010123630054295063,0.0017081270343624055,0.01879943796666339,8.84487433018,0.527700756643,0.0115385457341,0.10842792834344879,0.02986180526373175,0.06811381284050327
77,4,gmm,randomized,offset,False,True,,0.16141257801791653,0.1641881150426343,0.18468072602991015,0.16141257801791653,11,5,11,0,0,0,11,7,0,2,5.0376e-05,0.032146917,5.791e-06,0.031855629,0.000124008,0.004611959971953183,0.009883553022518754,0.0010123630054295063,0.0017081270343624055,0.01879943796666339,9.35566308817,0.519411227571,0.012874139352,0.10842792834344879,0.03677656973270411,0.06191968774973969
77,4,reference_ik,randomized,offset,False,False,reference_edge_invalid,0.14075530704576522,0.1432315519778058,0.16372416296508163,6.0,0,0,0,0,0,0,0,0,0,0,0,0,0,0,0,0.004611959971953183,0.009883553022518754,0.0010123630054295063,0.0017081270343624055,0.01879943796666339,,,,,,
77,4,gmr_30mm,randomized,offset,False,True,,0.1636531999683939,0.16565754200564697,0.1861501529929228,0.1636531999683939,3,2,0,3,2,0,3,3,0,1,4.9156e-05,0.009804109,8.268e-06,0.00953119,0.000176502,0.004611959971953183,0.009883553022518754,0.0010123630054295063,0.0017081270343624055,0.01879943796666339,11.5955524156,0.530665687054,0.0137514272458,0.10842792834344879,0.06639222016742262,0.1235865685075451
77,4,hybrid_30mm,randomized,offset,False,True,,0.3663601779844612,0.3695591420400888,0.3900517530273646,0.3663601779844612,9,5,1,8,5,0,9,9,0,4,1.7977e-05,0.013029078,5.012e-06,0.012802205,0.000153267,0.004611959971953183,0.009883553022518754,0.0010123630054295063,0.0017081270343624055,0.01879943796666339,26.9610215364,1.77965887075,0.00411069700027,0.0783985563788032,0.05948683857107765,0.1431407975591873
96,0,hybrid_30mm,randomized,distant,False,True,,0.22594502102583647,0.22836597403511405,0.24658257799455896,0.22594502102583647,5,3,0,5,3,0,5,5,0,2,4.6775e-05,0.012224744,1.0321e-05,0.011856493,0.000227396,0.004368864989373833,0.008043968991842121,0.0008488370222039521,0.0017221790039911866,0.016574543027672917,14.7032496328,1.59906534904,0.0297348299315,0.11531845053958631,0.14673770977884926,0.28147363319861474
96,0,gmr_30mm,randomized,distant,False,True,,0.17633881705114618,0.1789199020131491,0.19713650597259402,0.17633881705114618,1,1,0,1,1,0,1,1,0,0,8.0812e-05,0.0022856,4.82e-06,0.00215474,7.3982e-05,0.004368864989373833,0.008043968991842121,0.0008488370222039521,0.0017221790039911866,0.016574543027672917,11.3705050089,0.64441230132,0.0288798088168,0.12711903452444306,0.0791500507500088,0.11974765354645554
96,0,reference_ik,randomized,distant,False,False,reference_ik,0.06262545799836516,0.06509637099225074,0.08331297495169565,6.0,0,0,0,0,0,0,0,0,0,0,0,0,0,0,0,0.004368864989373833,0.008043968991842121,0.0008488370222039521,0.0017221790039911866,0.016574543027672917,,,,,,
96,0,gmm,randomized,distant,False,True,,0.1678052989882417,0.1700787430163473,0.1882953469757922,0.1678052989882417,1,1,1,0,0,0,1,1,0,0,2.8549e-05,0.003596339,2.556e-06,0.003486801,5.0467e-05,0.004368864989373833,0.008043968991842121,0.0008488370222039521,0.0017221790039911866,0.016574543027672917,10.3981199076,1.10546613684,0.0901664922493,0.12711903452444306,0.1379298728939549,0.26177484403140877
96,1,hybrid_30mm,randomized,distant,False,True,,0.22677031299099326,0.22964830900309607,0.24786491296254098,0.22677031299099326,13,5,2,11,4,0,13,11,0,6,4.8218e-05,0.03031128,1.258e-05,0.029692143,0.000412302,0.004368864989373833,0.008043968991842121,0.0008488370222039521,0.0017221790039911866,0.016574543027672917,14.8634375035,1.48724458945,0.0363655777205,0.10672499460884584,0.11086105604788057,0.22016575023234314
96,1,reference_ik,randomized,distant,False,False,reference_ik,0.061244466982316226,0.06304877100046724,0.08126537495991215,6.0,0,0,0,0,0,0,0,0,0,0,0,0,0,0,0,0.004368864989373833,0.008043968991842121,0.0008488370222039521,0.0017221790039911866,0.016574543027672917,,,,,,
96,1,gmm,randomized,distant,False,True,,0.17195338901365176,0.17471129196928814,0.19292789592873305,0.17195338901365176,11,5,11,0,0,0,11,9,0,4,3.4916e-05,0.02132209,5.706e-06,0.020765984,0.000324657,0.004368864989373833,0.008043968991842121,0.0008488370222039521,0.0017221790039911866,0.016574543027672917,14.1838353556,1.46163656842,0.0183270035996,0.12711903452444306,0.16727735449372752,0.2525855417585863
96,1,gmr_30mm,randomized,distant,False,True,,0.17880397202679887,0.1819742610096,0.20019086496904492,0.17880397202679887,3,2,0,3,2,0,3,3,0,1,1.2001e-05,0.002673665,3.364e-06,0.002599803,3.9582e-05,0.004368864989373833,0.008043968991842121,0.0008488370222039521,0.0017221790039911866,0.016574543027672917,14.549731582,1.01858817907,0.0315689468348,0.12711903452444306,0.14560129900775653,0.2890098595292771
96,2,gmm,randomized,distant,False,True,,0.06310738896718249,0.0657751650433056,0.08399176900275052,0.06310738896718249,5,2,5,0,0,0,5,2,0,0,4.2456e-05,0.028671618,3.455e-06,0.028571259,3.2561e-05,0.004368864989373833,0.008043968991842121,0.0008488370222039521,0.0017221790039911866,0.016574543027672917,4.8400288558,0.644604494163,0.0333499643292,0.12711903452444306,0.08121307235217239,0.15827133142632474
96,2,gmr_30mm,randomized,distant,False,True,,0.13861469499533996,0.14113074098713696,0.15934734494658187,0.13861469499533996,15,10,0,15,10,0,15,12,0,2,4.7516e-05,0.027876884,1.0205e-05,0.027587337,0.000154255,0.004368864989373833,0.008043968991842121,0.0008488370222039521,0.0017221790039911866,0.016574543027672917,7.54047637646,0.63435684175,0.000361720107528,0.10143220500522174,0.042941591835354356,0.08994012741215182
96,2,reference_ik,randomized,distant,False,False,reference_ik,0.0594621819909662,0.06191075302194804,0.08012735698139295,6.0,0,0,0,0,0,0,0,0,0,0,0,0,0,0,0,0.004368864989373833,0.008043968991842121,0.0008488370222039521,0.0017221790039911866,0.016574543027672917,,,,,,
96,2,hybrid_30mm,randomized,distant,False,True,,0.11497021501418203,0.11792621796485037,0.13614282192429528,0.11497021501418203,1,1,0,1,1,0,1,1,0,0,1.8464e-05,0.002783232,2.224e-06,0.002720544,4.2716e-05,0.004368864989373833,0.008043968991842121,0.0008488370222039521,0.0017221790039911866,0.016574543027672917,14.1749248455,1.69425114307,0.0443316660365,0.12711903452444306,0.19006176688755447,0.30987460893769875
96,3,reference_ik,randomized,distant,False,False,reference_ik,0.06313263799529523,0.06580793397733942,0.08402453793678433,6.0,0,0,0,0,0,0,0,0,0,0,0,0,0,0,0,0.004368864989373833,0.008043968991842121,0.0008488370222039521,0.0017221790039911866,0.016574543027672917,,,,,,
96,3,gmm,randomized,distant,False,True,,0.13663787598488852,0.13965185300912708,0.157868456968572,0.13663787598488852,1,1,1,0,0,0,1,1,0,0,1.8432e-05,0.003506327,3.053e-06,0.00334308,9.5319e-05,0.004368864989373833,0.008043968991842121,0.0008488370222039521,0.0017221790039911866,0.016574543027672917,13.8267783817,1.3857432858,0.000796024333347,0.08491461233342315,0.10239422178758041,0.2829546056229387
96,3,gmr_30mm,randomized,distant,False,True,,0.03506569302408025,0.0380236700293608,0.05624027398880571,0.03506569302408025,4,2,0,4,2,0,4,4,0,2,1.1222e-05,0.004119622,2.501e-06,0.004003697,8.3253e-05,0.004368864989373833,0.008043968991842121,0.0008488370222039521,0.0017221790039911866,0.016574543027672917,7.7897218104,0.612909501817,0.0574271086121,0.12351965388664948,0.07607208254665143,0.21625801463284208
96,3,hybrid_30mm,randomized,distant,False,True,,0.26786010403884575,0.2714151120162569,0.2896317159757018,0.26786010403884575,10,6,4,6,4,0,10,8,0,2,1.9138e-05,0.015854794,6.519e-06,0.015655354,8.268e-05,0.004368864989373833,0.008043968991842121,0.0008488370222039521,0.0017221790039911866,0.016574543027672917,21.9377109199,1.85478267701,0.0326177218614,0.09987336686395931,0.11866330688244921,0.2348579530058228
96,4,reference_ik,randomized,distant,False,False,reference_ik,0.06117073801578954,0.06376650097081438,0.08198310493025929,6.0,0,0,0,0,0,0,0,0,0,0,0,0,0,0,0,0.004368864989373833,0.008043968991842121,0.0008488370222039521,0.0017221790039911866,0.016574543027672917,,,,,,
96,4,gmr_30mm,randomized,distant,False,True,,0.13494462001835927,0.13794495997717604,0.15616156393662095,0.13494462001835927,12,8,0,12,8,0,12,11,0,3,1.1537e-05,0.013182864,4.286e-06,0.012936062,0.000180837,0.004368864989373833,0.008043968991842121,0.0008488370222039521,0.0017221790039911866,0.016574543027672917,13.6990205166,1.09728768309,0.021148176296,0.10955618126953616,0.09645883517925148,0.21125704931226028
96,4,hybrid_30mm,randomized,distant,False,True,,0.14067523000994697,0.1433503560256213,0.1615669599850662,0.14067523000994697,6,4,0,6,4,0,6,4,0,0,5.1081e-05,0.013455834,6.875e-06,0.013352859,4.0712e-05,0.004368864989373833,0.008043968991842121,0.0008488370222039521,0.0017221790039911866,0.016574543027672917,12.6390447964,1.26610072696,0.0418077672332,0.12711903452444306,0.16825748413340721,0.26663252942211246
96,4,gmm,randomized,distant,False,True,,0.13858448999235407,0.14127962000202388,0.15949622396146879,0.13858448999235407,16,9,16,0,0,0,16,14,0,5,4.9131e-05,0.032867164,9.671e-06,0.031991422,0.000472773,0.004368864989373833,0.008043968991842121,0.0008488370222039521,0.0017221790039911866,0.016574543027672917,9.0797419959,0.596774929775,0.0162398162467,0.09804675877016963,0.12064238661701586,0.18813656955298202
117,0,gmm,randomized,distant,False,True,,0.1024857449810952,0.10523486096644774,0.12344163394300267,0.1024857449810952,1,1,1,0,0,0,1,1,0,0,4.9199e-05,0.001614495,3.667e-06,0.001467455,6.636e-05,0.004302857967559248,0.007988723984453827,0.0010475689778104424,0.0017371739959344268,0.016651791986078024,6.54754847279,0.497952825153,0.0805659921257,0.17371889678198446,0.047439842520307994,0.1080837316856973
117,0,hybrid_30mm,randomized,distant,False,True,,0.299452991981525,0.3027021139860153,0.32090888696257025,0.299452991981525,3,2,1,2,2,0,3,2,0,0,4.6853e-05,0.011906732,6.477e-06,0.011683005,0.000124165,0.004302857967559248,0.007988723984453827,0.0010475689778104424,0.0017371739959344268,0.016651791986078024,13.9374412503,0.968661857441,0.0171641464425,0.12367794135347857,0.10771287019294334,0.19772977324618396
117,0,reference_ik,randomized,distant,False,True,,0.138101558026392,0.14130606898106635,0.15951284195762128,0.138101558026392,0,0,0,0,0,0,0,0,0,0,0,0,0,0,0,0.004302857967559248,0.007988723984453827,0.0010475689778104424,0.0017371739959344268,0.016651791986078024,4.4260560372,0.667352658118,0.0482134430966,0.15099522772539065,0.0038555843102632647,0.06562123455055635
117,0,gmr_30mm,randomized,distant,False,True,,0.09600421803770587,0.09855197800789028,0.11675875098444521,0.09600421803770587,1,1,0,1,1,0,1,1,0,0,5.1543e-05,0.001672079,4.265e-06,0.001541043,7.7643e-05,0.004302857967559248,0.007988723984453827,0.0010475689778104424,0.0017371739959344268,0.016651791986078024,6.84891817016,0.533696306196,0.0835580270699,0.173193322307785,0.04110439705938329,0.11102855019442248
117,1,gmm,randomized,distant,False,True,,0.12561628402909264,0.12840335897635669,0.14661013195291162,0.12561628402909264,1,1,1,0,0,0,1,1,0,0,4.7992e-05,0.001047443,4.088e-06,0.000933081,3.662e-05,0.004302857967559248,0.007988723984453827,0.0010475689778104424,0.0017371739959344268,0.016651791986078024,8.46150225799,0.525727901501,0.0507731665166,0.16432462895375483,0.05840553121913595,0.10287786687851413
117,1,gmr_30mm,randomized,distant,False,True,,0.14589808898745105,0.14915295800892636,0.1673597309854813,0.14589808898745105,1,1,0,1,1,0,1,1,0,0,6.1041e-05,0.000998189,4.232e-06,0.000844631,0.000108381,0.004302857967559248,0.007988723984453827,0.0010475689778104424,0.0017371739959344268,0.016651791986078024,10.5231939479,0.806829680766,0.00106092313752,0.11477727311201795,0.050320416547720966,0.09235203153057596
117,1,hybrid_30mm,randomized,distant,False,True,,0.13086956104962155,0.13326435000635684,0.15147112298291177,0.13086956104962155,1,1,0,1,1,0,1,1,0,0,4.9313e-05,0.00125312,5.206e-06,0.001127807,7.2762e-05,0.004302857967559248,0.007988723984453827,0.0010475689778104424,0.0017371739959344268,0.016651791986078024,7.36952868413,0.518998807751,0.0827676914387,0.17250097605216375,0.0639209522742131,0.14799468728086726
117,1,reference_ik,randomized,distant,False,True,,0.126177414029371,0.1286154619883746,0.14682223496492952,0.126177414029371,0,0,0,0,0,0,0,0,0,0,0,0,0,0,0,0.004302857967559248,0.007988723984453827,0.0010475689778104424,0.0017371739959344268,0.016651791986078024,4.4260560372,0.667352658118,0.0482134430966,0.15099522772539065,0.0038555843102632647,0.06562123455055635
117,2,reference_ik,randomized,distant,False,True,,0.12622645101509988,0.1293469090014696,0.14755368197802454,0.12622645101509988,0,0,0,0,0,0,0,0,0,0,0,0,0,0,0,0.004302857967559248,0.007988723984453827,0.0010475689778104424,0.0017371739959344268,0.016651791986078024,4.4260560372,0.667352658118,0.0482134430966,0.15099522772539065,0.0038555843102632647,0.06562123455055635
117,2,gmr_30mm,randomized,distant,False,True,,0.1571749970316887,0.15980983001645654,0.17801660299301147,0.1571749970316887,3,3,0,3,3,0,3,3,0,0,4.9287e-05,0.006938985,8.093e-06,0.006572443,0.000236073,0.004302857967559248,0.007988723984453827,0.0010475689778104424,0.0017371739959344268,0.016651791986078024,9.12904622065,0.50494431253,0.0828539580744,0.16113550305070487,0.07233209472390208,0.16641441359994186
117,2,hybrid_30mm,randomized,distant,False,True,,0.20814421703107655,0.21080215700203553,0.22900892997859046,0.20814421703107655,9,4,0,9,4,0,9,8,0,4,1.154e-05,0.013346747,4.474e-06,0.013063136,0.000230121,0.004302857967559248,0.007988723984453827,0.0010475689778104424,0.0017371739959344268,0.016651791986078024,19.1956807196,1.09598125283,0.0786490019063,0.173233131140377,0.12313595653804478,0.25028378183630406
117,2,gmm,randomized,distant,False,True,,0.1943274749792181,0.19709803204750642,0.21530480502406135,0.1943274749792181,3,1,3,0,0,0,3,1,0,0,4.5874e-05,0.012029779,7.46e-06,0.011770233,0.000111785,0.004302857967559248,0.007988723984453827,0.0010475689778104424,0.0017371739959344268,0.016651791986078024,12.6210239602,0.702887174217,0.0836875561254,0.17322484038180253,0.1267091282165838,0.22271249897169354
117,3,gmm,randomized,distant,False,True,,0.026427660952322185,0.02972366602625698,0.04793043900281191,0.026427660952322185,2,1,2,0,0,0,2,1,0,0,1.1404e-05,0.008688139,2.255e-06,0.00864257,1.7877e-05,0.004302857967559248,0.007988723984453827,0.0010475689778104424,0.0017371739959344268,0.016651791986078024,3.4166251997,0.414614624118,0.0690602913118,0.1732883770603133,0.0694628158354254,0.12803324522893994
117,3,hybrid_30mm,randomized,distant,False,True,,0.08465888799401,0.08766838500741869,0.10587515798397362,0.08465888799401,4,2,0,4,2,0,4,4,0,2,5.2158e-05,0.005937523,5.028e-06,0.005804601,7.9781e-05,0.004302857967559248,0.007988723984453827,0.0010475689778104424,0.0017371739959344268,0.016651791986078024,4.27856384073,0.502232140185,0.030923020564,0.14278228965931006,0.0491971626174538,0.08883673721348473
117,3,reference_ik,randomized,distant,False,True,,0.12854739901376888,0.1320381219848059,0.15024489496136084,0.12854739901376888,0,0,0,0,0,0,0,0,0,0,0,0,0,0,0,0.004302857967559248,0.007988723984453827,0.0010475689778104424,0.0017371739959344268,0.016651791986078024,4.4260560372,0.667352658118,0.0482134430966,0.15099522772539065,0.0038555843102632647,0.06562123455055635
117,3,gmr_30mm,randomized,distant,False,True,,0.05761902703670785,0.06067225302103907,0.078879025997594,0.05761902703670785,4,1,0,4,1,0,4,2,0,1,2.7163e-05,0.023071628,5.488e-06,0.02285993,0.000147667,0.004302857967559248,0.007988723984453827,0.0010475689778104424,0.0017371739959344268,0.016651791986078024,3.30172967651,0.438188971256,0.0413532691023,0.135947586669084,0.04197162240200309,0.07501324706266041
117,4,reference_ik,randomized,distant,False,True,,0.12483051704475656,0.1279572530183941,0.14616402599494904,0.12483051704475656,0,0,0,0,0,0,0,0,0,0,0,0,0,0,0,0.004302857967559248,0.007988723984453827,0.0010475689778104424,0.0017371739959344268,0.016651791986078024,4.4260560372,0.667352658118,0.0482134430966,0.15099522772539065,0.0038555843102632647,0.06562123455055635
117,4,gmm,randomized,distant,False,True,,0.09050743898842484,0.09393906500190496,0.1121458379784599,0.09050743898842484,5,2,5,0,0,0,5,2,0,0,4.869e-05,0.02587482,4.503e-06,0.025751986,2.8107e-05,0.004302857967559248,0.007988723984453827,0.0010475689778104424,0.0017371739959344268,0.016651791986078024,6.24935889009,0.57523193398,0.0689128449744,0.16104880518680606,0.03670966626065632,0.06535221110053728
117,4,gmr_30mm,randomized,distant,False,True,,0.1573123030248098,0.17003410001052544,0.18824087298708037,0.1573123030248098,3,3,0,3,3,0,3,3,0,0,1.142e-05,0.002190898,3.344e-06,0.00209217,5.4931e-05,0.004302857967559248,0.007988723984453827,0.0010475689778104424,0.0017371739959344268,0.016651791986078024,13.4405556671,0.771472633831,0.056876456979,0.12378158780407073,0.04486861363789652,0.13131693938712394
117,4,hybrid_30mm,randomized,distant,False,True,,0.06254225596785545,0.06548730895156041,0.08369408192811534,0.06254225596785545,1,1,0,1,1,0,1,1,0,0,1.2015e-05,0.000503015,1.563e-06,0.000475583,1.3655e-05,0.004302857967559248,0.007988723984453827,0.0010475689778104424,0.0017371739959344268,0.016651791986078024,9.86133665456,0.637086490962,0.0834545720296,0.17304131788650085,0.05011523696195087,0.1305227972919443
78,0,hybrid_30mm,randomized,offset,False,True,,0.1461107130162418,0.14862781896954402,0.16677841794444248,0.1461107130162418,4,3,2,2,2,0,4,4,0,1,4.5996e-05,0.014016279,8.94e-06,0.013430394,0.000337697,0.004411337024066597,0.008147949003614485,0.0008485349826514721,0.001695270009804517,0.016705210029613227,4.62065085374,0.656057064069,0.00621289423985,0.09542647480508082,0.06700905402018344,0.13998671940717378
78,0,reference_ik,randomized,offset,False,True,,0.16580013098428026,0.16869589599082246,0.18684649496572092,0.16580013098428026,0,0,0,0,0,0,0,0,0,0,0,0,0,0,0,0.004411337024066597,0.008147949003614485,0.0008485349826514721,0.001695270009804517,0.016705210029613227,7.04612927636,0.861043107663,0.0277351477904,0.10577386832234247,0.011729457717310382,0.13940541960227829
78,0,gmm,randomized,offset,False,True,,0.197207507037092,0.1998879190068692,0.21803851798176765,0.197207507037092,19,9,19,0,0,0,19,11,0,2,2.4954e-05,0.047926569,6.938e-06,0.047563611,0.000176175,0.004411337024066597,0.008147949003614485,0.0008485349826514721,0.001695270009804517,0.016705210029613227,17.2230153024,1.09583926676,0.035382184429,0.10466897565746129,0.14943882854796842,0.2757599335754766
78,0,gmr_30mm,randomized,offset,False,True,,0.21423181000864133,0.2174411630257964,0.23559176200069487,0.21423181000864133,6,4,0,6,4,0,6,4,0,0,5.0425e-05,0.011372739,7.736e-06,0.011214171,8.2887e-05,0.004411337024066597,0.008147949003614485,0.0008485349826514721,0.001695270009804517,0.016705210029613227,16.0044680448,0.992330691529,0.0277456262699,0.1043400833522941,0.09308340674818633,0.19329542385465326
78,1,gmr_30mm,randomized,offset,False,True,,0.11298491299385205,0.11563669599127024,0.1337872949661687,0.11298491299385205,11,6,0,11,6,0,11,9,0,3,4.7887e-05,0.021744717,1.3656e-05,0.021143788,0.000397792,0.004411337024066597,0.008147949003614485,0.0008485349826514721,0.001695270009804517,0.016705210029613227,7.29630063176,0.659150606081,0.00623179380661,0.07798268031932107,0.0722297604810276,0.14007379157536967
78,1,reference_ik,randomized,offset,False,True,,0.1657748050056398,0.16875637299381196,0.18690697196871042,0.1657748050056398,0,0,0,0,0,0,0,0,0,0,0,0,0,0,0,0.004411337024066597,0.008147949003614485,0.0008485349826514721,0.001695270009804517,0.016705210029613227,7.04612927636,0.861043107663,0.0277351477904,0.10577386832234247,0.011729457717310382,0.13940541960227829
78,1,hybrid_30mm,randomized,offset,False,True,,0.18513932399218902,0.18835008202586323,0.2065006810007617,0.18513932399218902,2,2,0,2,2,0,2,2,0,0,5.1719e-05,0.007197447,7.028e-06,0.006970432,0.000132268,0.004411337024066597,0.008147949003614485,0.0008485349826514721,0.001695270009804517,0.016705210029613227,10.9336243946,0.725937171864,0.0220868534205,0.10577386832234247,0.09514177324672206,0.1635673471125484
78,1,gmm,randomized,offset,False,True,,0.08614970999769866,0.0886944429948926,0.10684504196979105,0.08614970999769866,3,1,3,0,0,0,3,1,0,0,1.4689e-05,0.01159691,2.291e-06,0.011498539,4.2826e-05,0.004411337024066597,0.008147949003614485,0.0008485349826514721,0.001695270009804517,0.016705210029613227,10.42444131,0.918028435756,0.0215418561326,0.10577386832234247,0.06554254490694862,0.13923595656094906
78,2,reference_ik,randomized,offset,False,True,,0.1640936210169457,0.1666067690239288,0.18475736799882725,0.1640936210169457,0,0,0,0,0,0,0,0,0,0,0,0,0,0,0,0.004411337024066597,0.008147949003614485,0.0008485349826514721,0.001695270009804517,0.016705210029613227,7.04612927636,0.861043107663,0.0277351477904,0.10577386832234247,0.011729457717310382,0.13940541960227829
78,2,hybrid_30mm,randomized,offset,False,True,,0.11470557301072404,0.11769160703988746,0.13584220601478592,0.11470557301072404,3,3,0,3,3,0,3,3,0,0,1.1291e-05,0.001413856,2.529e-06,0.001343483,3.9721e-05,0.004411337024066597,0.008147949003614485,0.0008485349826514721,0.001695270009804517,0.016705210029613227,14.0004081103,0.86618342729,0.035382184429,0.10577386832234247,0.1318006826330176,0.20034084865668492
78,2,gmr_30mm,randomized,offset,False,True,,0.15028448798693717,0.15276199096115306,0.17091258993605152,0.15028448798693717,5,3,0,5,3,0,5,4,0,1,4.7699e-05,0.013506475,1.1262e-05,0.013031901,0.000307267,0.004411337024066597,0.008147949003614485,0.0008485349826514721,0.001695270009804517,0.016705210029613227,9.79720385826,0.81664435109,0.035382184429,0.10577386832234247,0.12196974520258502,0.3088486212224381
78,2,gmm,randomized,offset,False,True,,0.1465429330128245,0.1491900390246883,0.16734063799958676,0.1465429330128245,8,6,8,0,0,0,8,6,0,0,3.9515e-05,0.023803402,6.432e-06,0.023445053,0.000155697,0.004411337024066597,0.008147949003614485,0.0008485349826514721,0.001695270009804517,0.016705210029613227,12.7692788119,1.24052356683,0.035382184429,0.10577386832234247,0.19768613078923078,0.3064542523305041
78,3,gmm,randomized,offset,False,True,,0.1671713920077309,0.16982480097794905,0.1879753999528475,0.1671713920077309,6,3,6,0,0,0,6,4,0,1,5.2959e-05,0.016807814,7.31e-06,0.016423062,0.000191245,0.004411337024066597,0.008147949003614485,0.0008485349826514721,0.001695270009804517,0.016705210029613227,11.8377276491,0.950169392789,0.0305590239433,0.10577386832234247,0.075360339387571,0.14026850689538936
78,3,gmr_30mm,randomized,offset,False,True,,0.13107393501559272,0.13384482299443334,0.1519954219693318,0.13107393501559272,4,2,0,4,2,0,4,4,0,2,2.6996e-05,0.015095609,1.3333e-05,0.014676157,0.000261047,0.004411337024066597,0.008147949003614485,0.0008485349826514721,0.001695270009804517,0.016705210029613227,12.411097271,0.893076572301,0.0242393193899,0.10577386832234247,0.11948538090479395,0.29198226650269254
78,3,reference_ik,randomized,offset,False,True,,0.17470883001806214,0.1773402530234307,0.19549085199832916,0.17470883001806214,0,0,0,0,0,0,0,0,0,0,0,0,0,0,0,0.004411337024066597,0.008147949003614485,0.0008485349826514721,0.001695270009804517,0.016705210029613227,7.04612927636,0.861043107663,0.0277351477904,0.10577386832234247,0.011729457717310382,0.13940541960227829
78,3,hybrid_30mm,randomized,offset,False,True,,0.037194365984760225,0.03923357301391661,0.05738417198881507,0.037194365984760225,1,1,1,0,0,0,1,1,0,0,1.0905e-05,0.000822867,1.007e-06,0.000789715,1.6012e-05,0.004411337024066597,0.008147949003614485,0.0008485349826514721,0.001695270009804517,0.016705210029613227,8.86781070065,0.651835520748,0.0352801636227,0.09994303189273072,0.17041929937490163,0.31089151739004506
78,4,hybrid_30mm,randomized,offset,False,True,,0.22782801499124616,0.23041649104561657,0.24856709002051502,0.22782801499124616,1,1,0,1,1,0,1,1,0,0,4.908e-05,0.001319585,4.246e-06,0.001197529,7.1579e-05,0.004411337024066597,0.008147949003614485,0.0008485349826514721,0.001695270009804517,0.016705210029613227,14.0002536881,0.851305159556,0.00452492255286,0.09635306177976598,0.10222960189346345,0.17008466453987853
78,4,reference_ik,randomized,offset,False,True,,0.16253133997088298,0.1657548319781199,0.18390543095301837,0.16253133997088298,0,0,0,0,0,0,0,0,0,0,0,0,0,0,0,0.004411337024066597,0.008147949003614485,0.0008485349826514721,0.001695270009804517,0.016705210029613227,7.04612927636,0.861043107663,0.0277351477904,0.10577386832234247,0.011729457717310382,0.13940541960227829
78,4,gmm,randomized,offset,False,True,,0.22854231199016795,0.23144676501397043,0.2495973639888689,0.22854231199016795,10,5,10,0,0,0,10,7,0,2,1.5128e-05,0.03149668,9.347e-06,0.030938299,0.000289872,0.004411337024066597,0.008147949003614485,0.0008485349826514721,0.001695270009804517,0.016705210029613227,15.2734136997,0.993718454155,0.00928629639455,0.10577386832234247,0.09912362017638676,0.20796204800978782
78,4,gmr_30mm,randomized,offset,False,True,,0.1364096530014649,0.13948000001255423,0.15763059898745269,0.1364096530014649,2,1,0,2,1,0,2,1,0,0,1.0438e-05,0.009479776,1.925e-06,0.009429723,3.0507e-05,0.004411337024066597,0.008147949003614485,0.0008485349826514721,0.001695270009804517,0.016705210029613227,14.0356338611,1.37664273017,0.035382184429,0.10577386832234247,0.18429281660476687,0.3022661593505508
121,0,reference_ik,randomized,distant,False,True,,0.1276858240016736,0.1300690799835138,0.14877031196374446,0.1276858240016736,0,0,0,0,0,0,0,0,0,0,0,0,0,0,0,0.004534317995421588,0.008098982973024249,0.000900170998647809,0.0017616180120967329,0.016926556010730565,4.62352239663,0.709239985729,0.0804734366991,0.1697969585423343,0.0018950414729273324,0.03688111554470207
121,0,gmr_30mm,randomized,distant,False,True,,0.08007180597633123,0.08269919897429645,0.10140043095452711,0.08007180597633123,1,1,0,1,1,0,1,1,0,0,3.3849e-05,0.001009286,3.28e-06,0.000916137,5.5214e-05,0.004534317995421588,0.008098982973024249,0.000900170998647809,0.0017616180120967329,0.016926556010730565,9.85467209216,0.587206337056,0.0785744873402,0.1697969585423343,0.026655116623735382,0.05094369393301039
121,0,hybrid_30mm,randomized,distant,False,True,,0.12867230997653678,0.13164457702077925,0.1503458090010099,0.12867230997653678,1,1,0,1,1,0,1,1,0,0,4.7083e-05,0.001546948,4.101e-06,0.001386515,0.000107631,0.004534317995421588,0.008098982973024249,0.000900170998647809,0.0017616180120967329,0.016926556010730565,12.2169529715,0.812824672382,0.0778498998295,0.1697969585423343,0.033927058201159876,0.07770898200132043
121,0,gmm,randomized,distant,False,True,,0.15652510395739228,0.15924123500008136,0.17794246698031202,0.15652510395739228,1,1,1,0,0,0,1,1,0,0,4.6781e-05,0.001239337,3.349e-06,0.001041859,0.000113267,0.004534317995421588,0.008098982973024249,0.000900170998647809,0.0017616180120967329,0.016926556010730565,12.9022111104,0.836943753734,0.080964187869,0.1697969585423343,0.07268478330433453,0.1145443613823236
121,1,hybrid_30mm,randomized,distant,False,True,,0.09906315902480856,0.10199861897854134,0.120699850958772,0.09906315902480856,1,1,0,1,1,0,1,1,0,0,4.7788e-05,0.001226889,4.445e-06,0.001059833,0.000114116,0.004534317995421588,0.008098982973024249,0.000900170998647809,0.0017616180120967329,0.016926556010730565,3.5618033447,0.348635260067,0.0246293730673,0.1327810472516458,0.05387897190786538,0.12148460083341966
121,1,gmm,randomized,distant,False,True,,0.0594538829755038,0.061973788018804044,0.0806750199990347,0.0594538829755038,1,1,1,0,0,0,1,1,0,0,3.2286e-05,0.00065518,2.525e-06,0.00055614,4.6499e-05,0.004534317995421588,0.008098982973024249,0.000900170998647809,0.0017616180120967329,0.016926556010730565,6.15417077492,0.690226952641,0.0809218916428,0.1697969585423343,0.07318278743562387,0.1679962129065185
121,1,reference_ik,randomized,distant,False,True,,0.130543124047108,0.13298928400035948,0.15169051598059013,0.130543124047108,0,0,0,0,0,0,0,0,0,0,0,0,0,0,0,0.004534317995421588,0.008098982973024249,0.000900170998647809,0.0017616180120967329,0.016926556010730565,4.62352239663,0.709239985729,0.0804734366991,0.1697969585423343,0.0018950414729273324,0.03688111554470207
121,1,gmr_30mm,randomized,distant,False,True,,0.035210782021749765,0.037492604984436184,0.05619383696466684,0.035210782021749765,1,1,0,1,1,0,1,1,0,0,1.0469e-05,0.000330334,1.989e-06,0.000266022,4.2492e-05,0.004534317995421588,0.008098982973024249,0.000900170998647809,0.0017616180120967329,0.016926556010730565,5.1118307843,0.357505104628,0.0400560179876,0.1424963675205706,0.05169684639835052,0.09529450015328861
121,2,reference_ik,randomized,distant,False,True,,0.13082148099783808,0.13337094901362434,0.152072180993855,0.13082148099783808,0,0,0,0,0,0,0,0,0,0,0,0,0,0,0,0.004534317995421588,0.008098982973024249,0.000900170998647809,0.0017616180120967329,0.016926556010730565,4.62352239663,0.709239985729,0.0804734366991,0.1697969585423343,0.0018950414729273324,0.03688111554470207
121,2,hybrid_30mm,randomized,distant,False,True,,0.1877451780019328,0.1910171439521946,0.20971837593242526,0.1877451780019328,1,1,0,1,1,0,1,1,0,0,4.6276e-05,0.000815537,3.157e-06,0.000701969,7.5521e-05,0.004534317995421588,0.008098982973024249,0.000900170998647809,0.0017616180120967329,0.016926556010730565,13.422606785,1.07516570649,0.0805874363545,0.1697969585423343,0.1076031824274602,0.1697241926040049
121,2,gmr_30mm,randomized,distant,False,True,,0.07095632399432361,0.07336136000230908,0.09206259198253974,0.07095632399432361,2,1,0,2,1,0,2,2,0,1,4.6593e-05,0.002308866,6.875e-06,0.001830089,0.000396356,0.004534317995421588,0.008098982973024249,0.000900170998647809,0.0017616180120967329,0.016926556010730565,3.07832615852,0.499573277133,0.0797703857214,0.1697969585423343,0.042776501855340626,0.07173636211541783
121,2,gmm,randomized,distant,False,True,,0.17615661898162216,0.1785294699948281,0.19723070197505876,0.17615661898162216,3,2,3,0,0,0,3,2,0,0,5.1873e-05,0.00788634,5.336e-06,0.007598327,0.000125838,0.004534317995421588,0.008098982973024249,0.000900170998647809,0.0017616180120967329,0.016926556010730565,13.3054583324,1.05052364439,0.0749679257472,0.1697969585423343,0.10080713104418888,0.1628303805882351
121,3,gmm,randomized,distant,False,True,,0.11889180599246174,0.12178528698859736,0.14048651896882802,0.11889180599246174,4,2,4,0,0,0,4,4,0,2,2.0157e-05,0.004389365,7.347e-06,0.004246978,7.0433e-05,0.004534317995421588,0.008098982973024249,0.000900170998647809,0.0017616180120967329,0.016926556010730565,5.99169785516,0.420201651313,0.0549990160812,0.16647957605456562,0.04340560435586881,0.09542869772393656
121,3,gmr_30mm,randomized,distant,False,True,,0.2222060720087029,0.2247464099782519,0.24344764195848256,0.2222060720087029,1,1,0,1,1,0,1,1,0,0,4.8567e-05,0.003542981,3.773e-06,0.003364094,0.000124978,0.004534317995421588,0.008098982973024249,0.000900170998647809,0.0017616180120967329,0.016926556010730565,12.5508135824,0.677809144664,0.0741735278369,0.1697969585423343,0.06631281381614704,0.14629251523928088
121,3,hybrid_30mm,randomized,distant,False,True,,0.1529154249583371,0.15575997397536412,0.17446120595559478,0.1529154249583371,1,1,1,0,0,0,1,1,0,0,4.7333e-05,0.003270091,3.495e-06,0.003082965,9.943e-05,0.004534317995421588,0.008098982973024249,0.000900170998647809,0.0017616180120967329,0.016926556010730565,12.9431763313,0.966173718292,0.0752284995918,0.1697969585423343,0.0651340103355162,0.11408259270841829
121,3,reference_ik,randomized,distant,False,True,,0.13299670501146466,0.13523067196365446,0.15393190394388512,0.13299670501146466,0,0,0,0,0,0,0,0,0,0,0,0,0,0,0,0.004534317995421588,0.008098982973024249,0.000900170998647809,0.0017616180120967329,0.016926556010730565,4.62352239663,0.709239985729,0.0804734366991,0.1697969585423343,0.0018950414729273324,0.03688111554470207
121,4,gmm,randomized,distant,False,True,,0.05813746899366379,0.060639764997176826,0.07934099697740749,0.05813746899366379,2,1,2,0,0,0,2,1,0,0,2.3625e-05,0.015989422,3.162e-06,0.015900018,3.1267e-05,0.004534317995421588,0.008098982973024249,0.000900170998647809,0.0017616180120967329,0.016926556010730565,7.34906734723,0.498290647469,0.0387975368046,0.15264544243001615,0.05503429385829802,0.10044012375954224
121,4,gmr_30mm,randomized,distant,False,True,,0.1573404249502346,0.15974013897357509,0.17844137095380574,0.1573404249502346,3,2,0,3,2,0,3,2,0,0,4.8609e-05,0.013544174,6.798e-06,0.013356018,9.9289e-05,0.004534317995421588,0.008098982973024249,0.000900170998647809,0.0017616180120967329,0.016926556010730565,12.5880198112,0.954883197148,0.0803584396886,0.1697969585423343,0.047515921964962425,0.08988893406096855
121,4,hybrid_30mm,randomized,distant,False,True,,0.02828582696383819,0.030478181957732886,0.049179413937963545,0.02828582696383819,1,1,1,0,0,0,1,1,0,0,1.0691e-05,0.000881517,1.108e-06,0.000843233,1.9166e-05,0.004534317995421588,0.008098982973024249,0.000900170998647809,0.0017616180120967329,0.016926556010730565,6.28149743579,0.381765412462,0.0163805182021,0.1448132325025349,0.08460370814552287,0.15174390509402566
121,4,reference_ik,randomized,distant,False,True,,0.1359798889607191,0.13896982098231092,0.15767105296254158,0.1359798889607191,0,0,0,0,0,0,0,0,0,0,0,0,0,0,0,0.004534317995421588,0.008098982973024249,0.000900170998647809,0.0017616180120967329,0.016926556010730565,4.62352239663,0.709239985729,0.0804734366991,0.1697969585423343,0.0018950414729273324,0.03688111554470207
66,0,gmr_30mm,randomized,offset,False,True,,0.20731780299684033,0.20941897697048262,0.22968067397596315,0.20731780299684033,1,1,0,1,1,0,1,1,0,0,4.7438e-05,0.004846461,4.538e-06,0.004663893,0.000125376,0.005569731001742184,0.007998193963430822,0.0010808330262079835,0.001781573984771967,0.0183565309853293,13.6769690411,1.31579426497,0.0338940337283,0.09157017205840548,0.09648048586144717,0.13658110053715433
66,0,gmm,randomized,offset,False,True,,0.11418984999181703,0.11729675799142569,0.13755845499690622,0.11418984999181703,7,2,7,0,0,0,7,4,0,2,4.7706e-05,0.021915109,5.359e-06,0.02174887,5.9766e-05,0.005569731001742184,0.007998193963430822,0.0010808330262079835,0.001781573984771967,0.0183565309853293,9.59095133262,0.629006668867,0.0336354959579,0.09157017205840548,0.04324153602757902,0.06402774337955132
66,0,hybrid_30mm,randomized,offset,False,True,,0.13013242499437183,0.13292355102021247,0.153185248025693,0.13013242499437183,13,8,6,7,4,0,13,10,0,2,5.0646e-05,0.033090025,6.903e-06,0.032792503,0.000142689,0.005569731001742184,0.007998193963430822,0.0010808330262079835,0.001781573984771967,0.0183565309853293,7.06058099523,0.704071110086,0.00649445156558,0.09033425677112035,0.03446618262777549,0.0672778363153661
66,0,reference_ik,randomized,offset,False,True,,0.13806991401361302,0.14065918599953875,0.16092088300501928,0.13806991401361302,0,0,0,0,0,0,0,0,0,0,0,0,0,0,0,0.005569731001742184,0.007998193963430822,0.0010808330262079835,0.001781573984771967,0.0183565309853293,4.92082961167,0.689111858821,0.015655351381,0.09155033792307678,0.0024519396262554323,0.04315851196706395
66,1,reference_ik,randomized,offset,False,True,,0.14347331400495023,0.14631852804450318,0.1665802250499837,0.14347331400495023,0,0,0,0,0,0,0,0,0,0,0,0,0,0,0,0.005569731001742184,0.007998193963430822,0.0010808330262079835,0.001781573984771967,0.0183565309853293,4.92082961167,0.689111858821,0.015655351381,0.09155033792307678,0.0024519396262554323,0.04315851196706395
66,1,gmm,randomized,offset,False,True,,0.1402779360068962,0.14286780200200155,0.16312949900748208,0.1402779360068962,1,1,1,0,0,0,1,1,0,0,4.175e-05,0.0046609,3.222e-06,0.004453102,0.000122327,0.005569731001742184,0.007998193963430822,0.0010808330262079835,0.001781573984771967,0.0183565309853293,14.3594214654,1.06277455524,0.0129406620406,0.09157017205840548,0.11269833120324035,0.16460960134502808
66,1,hybrid_30mm,randomized,offset,False,True,,0.143652449012734,0.14620357903186232,0.16646527603734285,0.143652449012734,7,3,3,4,2,0,7,7,0,4,1.578e-05,0.010334973,6.15e-06,0.009995039,0.000232935,0.005569731001742184,0.007998193963430822,0.0010808330262079835,0.001781573984771967,0.0183565309853293,13.1610954794,0.888245568406,0.0190297424484,0.09157017205840548,0.05601174652020676,0.12480841514214687
66,1,gmr_30mm,randomized,offset,False,True,,0.08499901799950749,0.08830047002993524,0.10856216703541577,0.08499901799950749,1,1,0,1,1,0,1,1,0,0,5.0471e-05,0.003787128,4.507e-06,0.003731933,1.6024e-05,0.005569731001742184,0.007998193963430822,0.0010808330262079835,0.001781573984771967,0.0183565309853293,3.51129888757,0.465901802944,0.00703455764702,0.0913139945102364,0.039629836233066394,0.09782079855922249
66,2,hybrid_30mm,randomized,offset,False,True,,0.19953950302442536,0.20212776999687776,0.2223894670023583,0.19953950302442536,7,4,0,7,4,0,7,4,0,0,7.2376e-05,0.027023033,1.3939e-05,0.026633327,0.000209648,0.005569731001742184,0.007998193963430822,0.0010808330262079835,0.001781573984771967,0.0183565309853293,12.7562455145,1.17328599277,0.0341561842498,0.09157017205840548,0.11602477438185885,0.17393370206177283
66,2,gmr_30mm,randomized,offset,False,True,,0.1933808290050365,0.1963064800365828,0.21656817704206333,0.1933808290050365,3,2,0,3,2,0,3,3,0,1,2.8026e-05,0.003870878,4.925e-06,0.003586678,0.000212842,0.005569731001742184,0.007998193963430822,0.0010808330262079835,0.001781573984771967,0.0183565309853293,13.3044827524,0.932063359289,0.00181598974382,0.09157017205840548,0.05340530199013925,0.14270716605825196
66,2,reference_ik,randomized,offset,False,True,,0.15168994199484587,0.15456779103260487,0.1748294880380854,0.15168994199484587,0,0,0,0,0,0,0,0,0,0,0,0,0,0,0,0.005569731001742184,0.007998193963430822,0.0010808330262079835,0.001781573984771967,0.0183565309853293,4.92082961167,0.689111858821,0.015655351381,0.09155033792307678,0.0024519396262554323,0.04315851196706395
66,2,gmm,randomized,offset,False,True,,0.1373149889986962,0.14040814695181325,0.16066984395729378,0.1373149889986962,4,3,4,0,0,0,4,3,0,0,2.8618e-05,0.009666481,4.146e-06,0.009404152,0.000110351,0.005569731001742184,0.007998193963430822,0.0010808330262079835,0.001781573984771967,0.0183565309853293,7.80414072145,0.670976732593,0.00332203030448,0.08022268952614746,0.07184800320969055,0.1354847268432682
66,3,reference_ik,randomized,offset,False,True,,0.13457397499587387,0.13756192399887368,0.1578236210043542,0.13457397499587387,0,0,0,0,0,0,0,0,0,0,0,0,0,0,0,0.005569731001742184,0.007998193963430822,0.0010808330262079835,0.001781573984771967,0.0183565309853293,4.92082961167,0.689111858821,0.015655351381,0.09155033792307678,0.0024519396262554323,0.04315851196706395
66,3,hybrid_30mm,randomized,offset,False,True,,0.1488400959642604,0.15114871400874108,0.1714104110142216,0.1488400959642604,3,3,0,3,3,0,3,3,0,0,4.8986e-05,0.010265647,6.743e-06,0.010021464,0.000142797,0.005569731001742184,0.007998193963430822,0.0010808330262079835,0.001781573984771967,0.0183565309853293,7.20597253782,0.465039824028,0.0074926873443,0.08377219982276393,0.030957802009986657,0.07666304571807168
66,3,gmr_30mm,randomized,offset,False,True,,0.13577115797670558,0.13834239996504039,0.1586040969705209,0.13577115797670558,10,7,0,10,7,0,10,9,0,2,1.1409e-05,0.015549285,4.595e-06,0.015316633,0.00015989,0.005569731001742184,0.007998193963430822,0.0010808330262079835,0.001781573984771967,0.0183565309853293,13.6781148479,1.16591126152,0.0334938077677,0.09157017205840548,0.10167712159040618,0.16709977023842926
66,3,gmm,randomized,offset,False,True,,0.19054098898777738,0.193319401005283,0.21358109801076353,0.19054098898777738,5,3,5,0,0,0,5,4,0,1,5.6417e-05,0.007648081,5.165e-06,0.007490495,6.2542e-05,0.005569731001742184,0.007998193963430822,0.0010808330262079835,0.001781573984771967,0.0183565309853293,14.9468937678,1.49866998272,0.0334802086781,0.09157017205840548,0.16435741454436667,0.30370303061658704
66,4,gmm,randomized,offset,False,True,,0.10108381696045399,0.10405555798206478,0.12431725498754531,0.10108381696045399,7,3,7,0,0,0,7,6,0,3,2.6375e-05,0.015593332,3.983e-06,0.015395806,0.00010227,0.005569731001742184,0.007998193963430822,0.0010808330262079835,0.001781573984771967,0.0183565309853293,11.6723874762,0.889884015799,0.00492742684582,0.07690898442089558,0.07087946689284468,0.11885482058316306
66,4,hybrid_30mm,randomized,offset,False,True,,0.27387324295705184,0.27670414303429425,0.2969658400397748,0.27387324295705184,17,10,3,14,9,0,17,14,0,4,5.0981e-05,0.034052323,1.1956e-05,0.033623024,0.000241406,0.005569731001742184,0.007998193963430822,0.0010808330262079835,0.001781573984771967,0.0183565309853293,17.5134106395,1.0270047264,0.0179121511826,0.09157017205840548,0.06453761087992897,0.09688040085480104
66,4,reference_ik,randomized,offset,False,True,,0.14158455102005973,0.1448378450004384,0.16509954200591892,0.14158455102005973,0,0,0,0,0,0,0,0,0,0,0,0,0,0,0,0.005569731001742184,0.007998193963430822,0.0010808330262079835,0.001781573984771967,0.0183565309853293,4.92082961167,0.689111858821,0.015655351381,0.09155033792307678,0.0024519396262554323,0.04315851196706395
66,4,gmr_30mm,randomized,offset,False,True,,0.1759308410109952,0.17844655498629436,0.1987082519917749,0.1759308410109952,3,3,0,3,3,0,3,3,0,0,5.0597e-05,0.005372964,4.89e-06,0.005245191,7.5555e-05,0.005569731001742184,0.007998193963430822,0.0010808330262079835,0.001781573984771967,0.0183565309853293,15.6365849778,1.01845987177,0.00768289238177,0.07053207741743842,0.07818670222439786,0.15402002977850607
85,0,gmm,randomized,distant,False,True,,0.104451910010539,0.1067265400197357,0.12510958698112518,0.104451910010539,1,1,1,0,0,0,1,1,0,0,4.7649e-05,0.001861141,3.433e-06,0.001701149,7.4316e-05,0.004514871048741043,0.008053982979618013,0.0008817339548841119,0.001726094982586801,0.016777942015323788,12.9548449321,0.767130618961,0.00643607212421,0.1444897350874793,0.1075543224461696,0.1700591086231201
85,0,reference_ik,randomized,distant,False,True,,0.135688430047594,0.13852681498974562,0.1569098619511351,0.135688430047594,0,0,0,0,0,0,0,0,0,0,0,0,0,0,0,0.004514871048741043,0.008053982979618013,0.0008817339548841119,0.001726094982586801,0.016777942015323788,5.81402681348,0.708509712636,0.00642331486057,0.14380185978975854,0.0038875978693421703,0.06061082410265861
85,0,hybrid_30mm,randomized,distant,False,True,,0.13189535203855485,0.13478222698904574,0.15316527395043522,0.13189535203855485,1,1,0,1,1,0,1,1,0,0,2.9309e-05,0.000856775,3.813e-06,0.000755283,6.628e-05,0.004514871048741043,0.008053982979618013,0.0008817339548841119,0.001726094982586801,0.016777942015323788,12.4983451905,0.845762124582,0.00670506574332,0.14387234258917272,0.11372588046747735,0.16870038493538161
85,0,gmr_30mm,randomized,distant,False,True,,0.09779484098544344,0.10032907302957028,0.11871211999095976,0.09779484098544344,2,2,0,2,2,0,2,2,0,0,5.0948e-05,0.002548968,6.265e-06,0.002289592,0.000155463,0.004514871048741043,0.008053982979618013,0.0008817339548841119,0.001726094982586801,0.016777942015323788,6.48710918175,0.527033840078,0.00629948883882,0.14399626096821008,0.040539957364815825,0.08790370767877347
85,1,hybrid_30mm,randomized,distant,False,True,,0.16619003302184865,0.169062921020668,0.18744596798205748,0.16619003302184865,2,1,1,1,1,0,2,1,0,0,5.089e-05,0.009548282,6.632e-06,0.009379282,7.1642e-05,0.004514871048741043,0.008053982979618013,0.0008817339548841119,0.001726094982586801,0.016777942015323788,12.9110940556,0.629908399273,0.00350411050044,0.12311258483225558,0.07305709371322158,0.13007993083937777
85,1,gmm,randomized,distant,False,True,,0.1332712399889715,0.1355808469816111,0.15396389394300058,0.1332712399889715,5,1,5,0,0,0,5,3,0,2,1.11e-05,0.016628999,2.103e-06,0.016539804,4.6919e-05,0.004514871048741043,0.008053982979618013,0.0008817339548841119,0.001726094982586801,0.016777942015323788,13.7073370321,0.838566746547,0.00640746682985,0.1431455545532849,0.07301232504593962,0.13224687515204442
85,1,gmr_30mm,randomized,distant,False,True,,0.14747840503696352,0.1500305740046315,0.16841362096602097,0.14747840503696352,1,1,0,1,1,0,1,1,0,0,3.0797e-05,0.001940758,3.053e-06,0.001838956,6.6478e-05,0.004514871048741043,0.008053982979618013,0.0008817339548841119,0.001726094982586801,0.016777942015323788,13.5184307713,1.16037473112,0.00711713123568,0.11661631046775013,0.06470518502901343,0.1682019575836417
85,1,reference_ik,randomized,distant,False,True,,0.14825677196495235,0.1510702219675295,0.169453268928919,0.14825677196495235,0,0,0,0,0,0,0,0,0,0,0,0,0,0,0,0.004514871048741043,0.008053982979618013,0.0008817339548841119,0.001726094982586801,0.016777942015323788,5.81402681348,0.708509712636,0.00642331486057,0.14380185978975854,0.0038875978693421703,0.06061082410265861
85,2,gmm,randomized,distant,False,True,,0.11448364099487662,0.11723958497168496,0.13562263193307444,0.11448364099487662,3,1,3,0,0,0,3,2,0,1,3.9092e-05,0.010140534,4.947e-06,0.00994521,9.8125e-05,0.004514871048741043,0.008053982979618013,0.0008817339548841119,0.001726094982586801,0.016777942015323788,13.7754715114,1.32305160046,0.00638785201214,0.12448802119018797,0.08806979290518098,0.16482607929285925
85,2,hybrid_30mm,randomized,distant,False,True,,0.14350679505150765,0.146814659005031,0.16519770596642047,0.14350679505150765,2,1,1,1,1,0,2,1,0,0,4.8296e-05,0.005509611,3.992e-06,0.00542701,1.7017e-05,0.004514871048741043,0.008053982979618013,0.0008817339548841119,0.001726094982586801,0.016777942015323788,7.75763871901,0.467032224905,0.00611161237804,0.14362002709580987,0.05779281965971645,0.10232222073629652
85,2,reference_ik,randomized,distant,False,True,,0.14935265498934314,0.1521978840464726,0.1705809310078621,0.14935265498934314,0,0,0,0,0,0,0,0,0,0,0,0,0,0,0,0.004514871048741043,0.008053982979618013,0.0008817339548841119,0.001726094982586801,0.016777942015323788,5.81402681348,0.708509712636,0.00642331486057,0.14380185978975854,0.0038875978693421703,0.06061082410265861
85,2,gmr_30mm,randomized,distant,False,True,,0.0654174640076235,0.06854644999839365,0.08692949695978314,0.0654174640076235,1,1,0,1,1,0,1,1,0,0,9.624e-06,0.002129733,1.58e-06,0.002093357,2.3004e-05,0.004514871048741043,0.008053982979618013,0.0008817339548841119,0.001726094982586801,0.016777942015323788,9.48730744127,0.497590088225,0.006744270736,0.13673449403726076,0.0572185941162462,0.12096733431572539
85,3,gmr_30mm,randomized,distant,False,True,,0.07314041804056615,0.07618413103045896,0.09456717799184844,0.07314041804056615,1,1,0,1,1,0,1,1,0,0,4.5116e-05,0.001076501,5.445e-06,0.000865232,0.000141238,0.004514871048741043,0.008053982979618013,0.0008817339548841119,0.001726094982586801,0.016777942015323788,3.7923422847,0.511615365292,0.00638741076112,0.1436332665393848,0.03700126631985282,0.11187983092009668
85,3,gmm,randomized,distant,False,True,,0.05868829303653911,0.062054554000496864,0.08043760096188635,0.05868829303653911,1,1,1,0,0,0,1,1,0,0,4.7404e-05,0.001154205,3.292e-06,0.000962121,0.000105148,0.004514871048741043,0.008053982979618013,0.0008817339548841119,0.001726094982586801,0.016777942015323788,5.17882851167,0.513095155077,0.00660102399124,0.14320477185297098,0.08720999594814473,0.1434567540373355
85,3,hybrid_30mm,randomized,distant,False,True,,0.056750418967567384,0.059944033971987665,0.07832708093337715,0.056750418967567384,1,1,0,1,1,0,1,1,0,0,4.4647e-05,0.001147612,4.407e-06,0.000955032,0.000138204,0.004514871048741043,0.008053982979618013,0.0008817339548841119,0.001726094982586801,0.016777942015323788,6.01438136945,0.444456378394,0.00679284603941,0.14429606208878568,0.05017329359884527,0.12334342461429942
85,3,reference_ik,randomized,distant,False,True,,0.1501692800084129,0.15351199597353116,0.17189504293492064,0.1501692800084129,0,0,0,0,0,0,0,0,0,0,0,0,0,0,0,0.004514871048741043,0.008053982979618013,0.0008817339548841119,0.001726094982586801,0.016777942015323788,5.81402681348,0.708509712636,0.00642331486057,0.14380185978975854,0.0038875978693421703,0.06061082410265861
85,4,reference_ik,randomized,distant,False,True,,0.15037689299788326,0.15326439699856564,0.17164744395995513,0.15037689299788326,0,0,0,0,0,0,0,0,0,0,0,0,0,0,0,0.004514871048741043,0.008053982979618013,0.0008817339548841119,0.001726094982586801,0.016777942015323788,5.81402681348,0.708509712636,0.00642331486057,0.14380185978975854,0.0038875978693421703,0.06061082410265861
85,4,hybrid_30mm,randomized,distant,False,True,,0.10584471398033202,0.1088529970147647,0.12723604397615418,0.10584471398033202,1,1,0,1,1,0,1,1,0,0,1.1353e-05,0.00094634,2.902e-06,0.000851115,6.2615e-05,0.004514871048741043,0.008053982979618013,0.0008817339548841119,0.001726094982586801,0.016777942015323788,12.313871474,0.531802831687,0.00659086743378,0.14432068683444307,0.06418412980804648,0.12724521215189621
85,4,gmm,randomized,distant,False,True,,0.16520634398330003,0.16766435594763607,0.18604740290902555,0.16520634398330003,10,5,10,0,0,0,10,8,0,3,3.4891e-05,0.029268695,1.007e-05,0.028738433,0.000233868,0.004514871048741043,0.008053982979618013,0.0008817339548841119,0.001726094982586801,0.016777942015323788,12.6211023721,0.93435545779,0.00645377391523,0.14301078646838242,0.11435874435493423,0.17207410614097984
85,4,gmr_30mm,randomized,distant,False,True,,0.21575075900182128,0.2183542909915559,0.23673733795294538,0.21575075900182128,4,3,0,4,3,0,4,3,0,0,4.7631e-05,0.017133496,7.685e-06,0.016940844,0.000104289,0.004514871048741043,0.008053982979618013,0.0008817339548841119,0.001726094982586801,0.016777942015323788,15.103510444,1.08507845902,0.00474117637716,0.13713607944055248,0.04650324779990583,0.12377158549437868
58,0,reference_ik,randomized,offset,False,True,,0.1256640669889748,0.12791236501652747,0.14600456599146128,0.1256640669889748,0,0,0,0,0,0,0,0,0,0,0,0,0,0,0,0.004324755049310625,0.008069825998973101,0.0008381200022995472,0.0017363890074193478,0.016567884013056755,4.69091112132,0.669107803187,0.0292506974438,0.09747421757576624,0.005064906379557401,0.06825817270224692
58,0,hybrid_30mm,randomized,offset,False,True,,0.09935647301608697,0.10198948695324361,0.12008168792817742,0.09935647301608697,21,18,2,19,16,0,21,20,0,2,2.1063e-05,0.03481631,5.768e-06,0.034434033,0.000245029,0.004324755049310625,0.008069825998973101,0.0008381200022995472,0.0017363890074193478,0.016567884013056755,3.89145823723,0.516855435124,0.00159013724186,0.08061004410857682,0.03871493419195522,0.06922846606463232
58,0,gmr_30mm,randomized,offset,False,True,,0.12921566801378503,0.1316636250121519,0.1497558259870857,0.12921566801378503,2,2,0,2,2,0,2,2,0,0,5.1821e-05,0.005103967,6.58e-06,0.004922285,9.7964e-05,0.004324755049310625,0.008069825998973101,0.0008381200022995472,0.0017363890074193478,0.016567884013056755,8.6678048799,0.619988160301,0.0445250963168,0.12918089552718465,0.05635451525148165,0.1589141683109952
58,0,gmm,randomized,offset,False,True,,0.11860537895699963,0.12108468101359904,0.13917688198853284,0.11860537895699963,6,3,6,0,0,0,6,6,0,3,4.826e-05,0.006854085,6.052e-06,0.00654881,0.000141238,0.004324755049310625,0.008069825998973101,0.0008381200022995472,0.0017363890074193478,0.016567884013056755,7.63499429062,0.553529252224,0.0105400219177,0.12416332112520378,0.11578029783806584,0.1703563792848601
58,1,hybrid_30mm,randomized,offset,False,True,,0.16324707597959787,0.16626575600821525,0.18435795698314905,0.16324707597959787,2,2,0,2,2,0,2,2,0,0,1.084e-05,0.000943982,3.535e-06,0.000808066,9.2401e-05,0.004324755049310625,0.008069825998973101,0.0008381200022995472,0.0017363890074193478,0.016567884013056755,11.129179871,0.775430855033,0.000456380787436,0.06269226383921306,0.07614129693608002,0.17107643289451938
58,1,gmm,randomized,offset,False,True,,0.14074877899838611,0.14283756300574169,0.1609297639806755,0.14074877899838611,2,1,2,0,0,0,2,1,0,0,5.1224e-05,0.005749677,3.662e-06,0.00567104,1.8281e-05,0.004324755049310625,0.008069825998973101,0.0008381200022995472,0.0017363890074193478,0.016567884013056755,12.2902515913,0.922749693663,0.0523347348086,0.13064360978188122,0.1212030685375258,0.23494951122053442
58,1,gmr_30mm,randomized,offset,False,True,,0.0985147199826315,0.1010741550126113,0.1191663559875451,0.0985147199826315,2,2,0,2,2,0,2,2,0,0,1.1152e-05,0.000621554,1.879e-06,0.000569627,3.2629e-05,0.004324755049310625,0.008069825998973101,0.0008381200022995472,0.0017363890074193478,0.016567884013056755,12.4496068826,1.02606543561,0.0519881050552,0.13064360978188122,0.12155813855969619,0.23670255163843495
58,1,reference_ik,randomized,offset,False,True,,0.12643798999488354,0.12904307601274922,0.14713527698768303,0.12643798999488354,0,0,0,0,0,0,0,0,0,0,0,0,0,0,0,0.004324755049310625,0.008069825998973101,0.0008381200022995472,0.0017363890074193478,0.016567884013056755,4.69091112132,0.669107803187,0.0292506974438,0.09747421757576624,0.005064906379557401,0.06825817270224692
58,2,gmm,randomized,offset,False,True,,0.042426639003679156,0.04475127498153597,0.06284347595646977,0.042426639003679156,1,1,1,0,0,0,1,1,0,0,1.0906e-05,0.000571796,1.236e-06,0.000512044,3.3101e-05,0.004324755049310625,0.008069825998973101,0.0008381200022995472,0.0017363890074193478,0.016567884013056755,5.53458141667,0.412670602855,0.00446963702722,0.12116919959261538,0.07267492820723817,0.1331117465673379
58,2,hybrid_30mm,randomized,offset,False,True,,0.07653632498113438,0.07921562099363655,0.09730782196857035,0.07653632498113438,9,8,2,7,7,0,9,9,0,1,5.2545e-05,0.009322053,8.591e-06,0.008904124,0.000258063,0.004324755049310625,0.008069825998973101,0.0008381200022995472,0.0017363890074193478,0.016567884013056755,5.91788035189,0.647868502851,0.0491044634135,0.09083743050168824,0.04220762441664886,0.11147095769746068
58,2,reference_ik,randomized,offset,False,True,,0.13956607697764412,0.1419645600253716,0.16005676100030541,0.13956607697764412,0,0,0,0,0,0,0,0,0,0,0,0,0,0,0,0.004324755049310625,0.008069825998973101,0.0008381200022995472,0.0017363890074193478,0.016567884013056755,4.69091112132,0.669107803187,0.0292506974438,0.09747421757576624,0.005064906379557401,0.06825817270224692
58,2,gmr_30mm,randomized,offset,False,True,,0.1836640880210325,0.18618686002446339,0.2042790609993972,0.1836640880210325,11,8,0,11,8,0,11,10,0,2,1.2051e-05,0.011741304,5.396e-06,0.011501555,0.000150886,0.004324755049310625,0.008069825998973101,0.0008381200022995472,0.0017363890074193478,0.016567884013056755,20.6724114966,1.02609618271,0.0379097807378,0.13064360978188122,0.08458310356783544,0.1679883326626284
58,3,gmm,randomized,offset,False,True,,0.09690909198252484,0.09920293197501451,0.11729513294994831,0.09690909198252484,1,1,1,0,0,0,1,1,0,0,4.7845e-05,0.001513864,3.151e-06,0.001205435,0.000217034,0.004324755049310625,0.008069825998973101,0.0008381200022995472,0.0017363890074193478,0.016567884013056755,5.81300618697,0.592424069176,0.0330933727479,0.08168058569793339,0.047067826237513155,0.08522814203605239
58,3,hybrid_30mm,randomized,offset,False,True,,0.09886271599680185,0.10139518999494612,0.11948739096987993,0.09886271599680185,1,1,0,1,1,0,1,1,0,0,4.8225e-05,0.001408976,4.006e-06,0.001289347,6.9923e-05,0.004324755049310625,0.008069825998973101,0.0008381200022995472,0.0017363890074193478,0.016567884013056755,9.36447077807,0.513029197806,0.00878508793638,0.06150710570062568,0.03049526778236319,0.06910045440653254
58,3,gmr_30mm,randomized,offset,False,True,,0.14619497198145837,0.14946019201306626,0.16755239298800007,0.14619497198145837,1,1,0,1,1,0,1,1,0,0,5.3704e-05,0.001568098,5.292e-06,0.001435124,7.2955e-05,0.004324755049310625,0.008069825998973101,0.0008381200022995472,0.0017363890074193478,0.016567884013056755,8.99038146817,0.546267340737,0.0292711621709,0.07844740393454902,0.027465437099885585,0.06851464700662872
58,3,reference_ik,randomized,offset,False,True,,0.1373962449724786,0.1404326960328035,0.1585248970077373,0.1373962449724786,0,0,0,0,0,0,0,0,0,0,0,0,0,0,0,0.004324755049310625,0.008069825998973101,0.0008381200022995472,0.0017363890074193478,0.016567884013056755,4.69091112132,0.669107803187,0.0292506974438,0.09747421757576624,0.005064906379557401,0.06825817270224692
58,4,hybrid_30mm,randomized,offset,False,True,,0.1443065739586018,0.1478216839605011,0.1659138849354349,0.1443065739586018,7,4,2,5,2,0,7,5,0,1,5.1389e-05,0.030425241,8.448e-06,0.03017358,0.000136345,0.004324755049310625,0.008069825998973101,0.0008381200022995472,0.0017363890074193478,0.016567884013056755,7.52531663668,0.554170376782,0.0160951625939,0.1246588681920814,0.0884435263801993,0.17162396137062494
58,4,gmr_30mm,randomized,offset,False,True,,0.03158744500251487,0.03451125096762553,0.05260345194255933,0.03158744500251487,2,1,0,2,1,0,2,2,0,1,1.0927e-05,0.002440055,2.125e-06,0.002379852,3.9488e-05,0.004324755049310625,0.008069825998973101,0.0008381200022995472,0.0017363890074193478,0.016567884013056755,5.43126270635,0.550212311642,0.0278130296605,0.08208355950768652,0.03857491840288976,0.07040672755741843
58,4,reference_ik,randomized,offset,False,True,,0.12760005297604948,0.1309225609875284,0.14901476196246222,0.12760005297604948,0,0,0,0,0,0,0,0,0,0,0,0,0,0,0,0.004324755049310625,0.008069825998973101,0.0008381200022995472,0.0017363890074193478,0.016567884013056755,4.69091112132,0.669107803187,0.0292506974438,0.09747421757576624,0.005064906379557401,0.06825817270224692
58,4,gmm,randomized,offset,False,True,,0.08488797501195222,0.08812875399598852,0.10622095497092232,0.08488797501195222,2,2,2,0,0,0,2,2,0,0,4.9096e-05,0.007119332,4.783e-06,0.006870436,0.000108873,0.004324755049310625,0.008069825998973101,0.0008381200022995472,0.0017363890074193478,0.016567884013056755,6.25129317043,0.620164802563,0.0334033904838,0.11596650926923764,0.030938355763995413,0.07691049619025005
34,0,hybrid_30mm,randomized,central,False,True,,0.04150939197279513,0.0439135970082134,0.06177033897256479,0.04150939197279513,1,1,0,1,1,0,1,1,0,0,1.0574e-05,0.000777533,1.595e-06,0.000751542,1.4456e-05,0.004219313967041671,0.008033156977035105,0.0008733050199225545,0.0016877680318430066,0.016415769001469016,7.39941431558,0.462327458394,0.0252671136706,0.08688564106964755,0.016286239096218534,0.03969676568425676
34,0,reference_ik,randomized,central,False,True,,0.12026551202870905,0.12267562100896612,0.1405323629733175,0.12026551202870905,0,0,0,0,0,0,0,0,0,0,0,0,0,0,0,0.004219313967041671,0.008033156977035105,0.0008733050199225545,0.0016877680318430066,0.016415769001469016,4.42002777833,0.664673747785,0.0247569534309,0.08688564106964755,0.0032202310787542996,0.03887140383990729
34,0,gmr_30mm,randomized,central,False,True,,0.18484075198648497,0.1871601259917952,0.2050168679561466,0.18484075198648497,5,3,0,5,3,0,5,4,0,1,4.8485e-05,0.008295834,5.664e-06,0.008174371,6.3789e-05,0.004219313967041671,0.008033156977035105,0.0008733050199225545,0.0016877680318430066,0.016415769001469016,11.7216043286,0.792066394984,0.00828041597262,0.08688564106964755,0.03150375584379119,0.048960687312235525
34,0,gmm,randomized,central,False,True,,0.09324402996571735,0.0962819239939563,0.11413866595830768,0.09324402996571735,2,1,2,0,0,0,2,2,0,1,4.7391e-05,0.002202848,2.932e-06,0.002051233,7.8444e-05,0.004219313967041671,0.008033156977035105,0.0008733050199225545,0.0016877680318430066,0.016415769001469016,7.69346917382,0.483120772061,0.00123717357533,0.08665428418041932,0.06105449711392415,0.1133163204329408
34,1,hybrid_30mm,randomized,central,False,True,,0.11838107201037928,0.12144503800664097,0.13930177997099236,0.11838107201037928,1,1,0,1,1,0,1,1,0,0,4.7587e-05,0.001614286,4.273e-06,0.001466746,9.6695e-05,0.004219313967041671,0.008033156977035105,0.0008733050199225545,0.0016877680318430066,0.016415769001469016,10.7800551894,0.712631212152,0.000494891947343,0.06356935597454162,0.042292522090559816,0.09959676886429247
34,1,gmr_30mm,randomized,central,False,True,,0.19320226297713816,0.19626273901667446,0.21411948098102584,0.19320226297713816,12,8,0,12,8,0,12,11,0,3,4.1552e-05,0.021859565,5.678e-06,0.021550241,0.000207696,0.004219313967041671,0.008033156977035105,0.0008733050199225545,0.0016877680318430066,0.016415769001469016,13.4416011742,0.928611914787,0.0249096832411,0.08688564106964755,0.07429479886963239,0.11333303180273697
34,1,gmm,randomized,central,False,True,,0.16409383295103908,0.16700223099905998,0.18485897296341136,0.16409383295103908,13,6,13,0,0,0,13,8,0,2,4.9129e-05,0.044363482,8.99e-06,0.043801134,0.000260914,0.004219313967041671,0.008033156977035105,0.0008733050199225545,0.0016877680318430066,0.016415769001469016,13.0098745122,1.01512991266,0.00857604987381,0.0616013587094473,0.05955132946618963,0.11480953514930588
34,1,reference_ik,randomized,central,False,True,,0.12313936004647985,0.12588484399020672,0.1437415859545581,0.12313936004647985,0,0,0,0,0,0,0,0,0,0,0,0,0,0,0,0.004219313967041671,0.008033156977035105,0.0008733050199225545,0.0016877680318430066,0.016415769001469016,4.42002777833,0.664673747785,0.0247569534309,0.08688564106964755,0.0032202310787542996,0.03887140383990729
34,2,hybrid_30mm,randomized,central,False,True,,0.03077014395967126,0.03345385199645534,0.05131059396080673,0.03077014395967126,2,2,1,1,1,0,2,2,0,0,1.1158e-05,0.001681013,1.683e-06,0.001621199,3.225e-05,0.004219313967041671,0.008033156977035105,0.0008733050199225545,0.0016877680318430066,0.016415769001469016,6.26523763386,0.464304554197,0.00195249695419,0.08688564106964755,0.04002767285006932,0.07270529243403277
34,2,gmr_30mm,randomized,central,False,True,,0.16986189899034798,0.17253425804665312,0.1903910000110045,0.16986189899034798,9,7,0,9,7,0,9,9,0,2,4.7751e-05,0.014797138,9.314e-06,0.014094462,0.000523218,0.004219313967041671,0.008033156977035105,0.0008733050199225545,0.0016877680318430066,0.016415769001469016,13.2009974179,0.752917429121,0.0243923579334,0.08688564106964755,0.048484361076327774,0.07417486651547785
34,2,reference_ik,randomized,central,False,True,,0.12283604498952627,0.1259442550363019,0.1438009970006533,0.12283604498952627,0,0,0,0,0,0,0,0,0,0,0,0,0,0,0,0.004219313967041671,0.008033156977035105,0.0008733050199225545,0.0016877680318430066,0.016415769001469016,4.42002777833,0.664673747785,0.0247569534309,0.08688564106964755,0.0032202310787542996,0.03887140383990729
34,2,gmm,randomized,central,False,True,,0.0987507289974019,0.10150327201699838,0.11936001398134977,0.0987507289974019,2,2,2,0,0,0,2,2,0,0,1.0993e-05,0.002552732,2.211e-06,0.002459203,5.4151e-05,0.004219313967041671,0.008033156977035105,0.0008733050199225545,0.0016877680318430066,0.016415769001469016,11.486205843,0.671416557639,0.0169521445645,0.08688564106964755,0.06960232825278224,0.13384919448647237
34,3,gmm,randomized,central,False,True,,0.18710656801704317,0.1904715060372837,0.20832824800163507,0.18710656801704317,4,4,4,0,0,0,4,4,0,0,4.897e-05,0.005671569,5.07e-06,0.005480866,9.3256e-05,0.004219313967041671,0.008033156977035105,0.0008733050199225545,0.0016877680318430066,0.016415769001469016,15.8177655438,1.29731228697,0.0197886267954,0.08688564106964755,0.07954613545401652,0.16481740003249779
34,3,hybrid_30mm,randomized,central,False,True,,0.17664295103168115,0.1793262559804134,0.1971829979447648,0.17664295103168115,24,14,9,15,9,0,24,22,0,8,2.3706e-05,0.031142029,1.3126e-05,0.030276958,0.000516952,0.004219313967041671,0.008033156977035105,0.0008733050199225545,0.0016877680318430066,0.016415769001469016,14.874925686,0.857329478078,0.0250832052368,0.08688564106964755,0.06737677510553687,0.1573052567648579
34,3,reference_ik,randomized,central,False,True,,0.12007797003025189,0.12306550098583102,0.1409222429501824,0.12007797003025189,0,0,0,0,0,0,0,0,0,0,0,0,0,0,0,0.004219313967041671,0.008033156977035105,0.0008733050199225545,0.0016877680318430066,0.016415769001469016,4.42002777833,0.664673747785,0.0247569534309,0.08688564106964755,0.0032202310787542996,0.03887140383990729
34,3,gmr_30mm,randomized,central,False,True,,0.20990092196734622,0.21291769901290536,0.23077444097725675,0.20990092196734622,8,7,0,8,7,0,8,8,0,1,4.8819e-05,0.011932818,5.984e-06,0.011708318,0.000140063,0.004219313967041671,0.008033156977035105,0.0008733050199225545,0.0016877680318430066,0.016415769001469016,13.921430513,0.89101096941,0.0242277138456,0.08688564106964755,0.07952968657750802,0.13221699540926513
34,4,reference_ik,randomized,central,False,True,,0.12075140501838177,0.1239315930288285,0.1417883349931799,0.12075140501838177,0,0,0,0,0,0,0,0,0,0,0,0,0,0,0,0.004219313967041671,0.008033156977035105,0.0008733050199225545,0.0016877680318430066,0.016415769001469016,4.42002777833,0.664673747785,0.0247569534309,0.08688564106964755,0.0032202310787542996,0.03887140383990729
34,4,gmm,randomized,central,False,True,,0.14957400399725884,0.15267440903699026,0.17053115100134164,0.14957400399725884,17,12,17,0,0,0,17,15,0,3,4.5487e-05,0.025872891,1.5133e-05,0.025225418,0.000358505,0.004219313967041671,0.008033156977035105,0.0008733050199225545,0.0016877680318430066,0.016415769001469016,8.49121408699,1.16212590105,0.00297473609235,0.08688564106964755,0.10254665440449409,0.24522282927079891
34,4,hybrid_30mm,randomized,central,False,True,,0.09876651898957789,0.10167836298933253,0.11953510495368391,0.09876651898957789,7,5,1,6,4,0,7,6,0,1,3.6703e-05,0.007073561,5.542e-06,0.006847817,0.000153556,0.004219313967041671,0.008033156977035105,0.0008733050199225545,0.0016877680318430066,0.016415769001469016,10.2740288436,0.560099904133,0.0244918043966,0.08688564106964755,0.03741179210755238,0.0747674105169753
34,4,gmr_30mm,randomized,central,False,True,,0.10568788496311754,0.10870286100544035,0.12655960296979174,0.10568788496311754,9,4,0,9,4,0,9,6,0,2,4.6271e-05,0.023208243,9.163e-06,0.022945571,0.000165041,0.004219313967041671,0.008033156977035105,0.0008733050199225545,0.0016877680318430066,0.016415769001469016,7.44755880781,0.502231720059,0.00454160057836,0.08688564106964755,0.03491960692788429,0.056124857421690294
93,0,hybrid_30mm,randomized,distant,False,True,,0.10580976598430425,0.1081532200332731,0.12599381804466248,0.10580976598430425,3,1,1,2,1,0,3,1,0,0,1.1048e-05,0.010368817,3.572e-06,0.010286923,3.1933e-05,0.004220681032165885,0.00797248404705897,0.0008459920063614845,0.0017119219992309809,0.01636716304346919,4.76767819208,0.466022177735,0.0231747695777,0.14907680783050964,0.05624462687519393,0.08346094840707702
93,0,gmr_30mm,randomized,distant,False,True,,0.07379482797114179,0.07632560498313978,0.09416620299452916,0.07379482797114179,1,1,0,1,1,0,1,1,0,0,1.1077e-05,0.000803676,1.385e-06,0.000778453,1.4346e-05,0.004220681032165885,0.00797248404705897,0.0008459920063614845,0.0017119219992309809,0.01636716304346919,11.3222128219,0.860346193141,0.0227491128573,0.13549764280243184,0.07325980830464537,0.14223005951378725
93,0,gmm,randomized,distant,False,True,,0.04733504098840058,0.04986056301277131,0.06770116102416068,0.04733504098840058,3,2,3,0,0,0,3,3,0,1,1.9043e-05,0.004063665,3.268e-06,0.003825587,0.000159853,0.004220681032165885,0.00797248404705897,0.0008459920063614845,0.0017119219992309809,0.01636716304346919,2.67841830085,0.407423997506,0.0225089407886,0.14891688809987816,0.05648311838830297,0.1417631832421631
93,0,reference_ik,randomized,distant,False,True,,0.18614734499715269,0.18877216096734628,0.20661275897873566,0.18614734499715269,0,0,0,0,0,0,0,0,0,0,0,0,0,0,0,0.004220681032165885,0.00797248404705897,0.0008459920063614845,0.0017119219992309809,0.01636716304346919,7.14036806511,0.764175810254,0.0229011299224,0.14897291661726633,0.004607166984990911,0.08287304845547093
93,1,hybrid_30mm,randomized,distant,False,True,,0.1870781879988499,0.1893613130087033,0.20720191102009267,0.1870781879988499,1,1,0,1,1,0,1,1,0,0,4.668e-05,0.005492127,4.399e-06,0.005334196,0.000103196,0.004220681032165885,0.00797248404705897,0.0008459920063614845,0.0017119219992309809,0.01636716304346919,12.8001904349,0.793737486729,0.0226212435519,0.14864474656915336,0.08409898073738854,0.14516165020361285
93,1,gmr_30mm,randomized,distant,False,True,,0.16411752998828888,0.16683372296392918,0.18467432097531855,0.16411752998828888,4,1,0,4,1,0,4,1,0,0,1.0767e-05,0.022870242,3.135e-06,0.022820872,2.1021e-05,0.004220681032165885,0.00797248404705897,0.0008459920063614845,0.0017119219992309809,0.01636716304346919,14.1165273376,1.32450903378,0.0129237134937,0.11893485055803961,0.08597790208939377,0.161581340915407
93,1,reference_ik,randomized,distant,False,True,,0.16435400501359254,0.16695977898780257,0.18480037699919194,0.16435400501359254,0,0,0,0,0,0,0,0,0,0,0,0,0,0,0,0.004220681032165885,0.00797248404705897,0.0008459920063614845,0.0017119219992309809,0.01636716304346919,7.14036806511,0.764175810254,0.0229011299224,0.14897291661726633,0.004607166984990911,0.08287304845547093
93,1,gmm,randomized,distant,False,True,,0.08363610302330926,0.08590455498779193,0.1037451529991813,0.08363610302330926,1,1,1,0,0,0,1,1,0,0,1.9367e-05,0.002790296,1.389e-06,0.002735359,2.6256e-05,0.004220681032165885,0.00797248404705897,0.0008459920063614845,0.0017119219992309809,0.01636716304346919,10.0153208591,0.709100252944,0.0231305725219,0.14752296684619823,0.09761490617718459,0.14790724362819385
93,2,gmm,randomized,distant,False,True,,0.1461105789639987,0.14923066698247567,0.16707126499386504,0.1461105789639987,4,2,4,0,0,0,4,3,0,1,3.4942e-05,0.008013812,2.955e-06,0.007851103,6.8407e-05,0.004220681032165885,0.00797248404705897,0.0008459920063614845,0.0017119219992309809,0.01636716304346919,9.85352532667,0.619920420526,0.0229614583672,0.14930479860516907,0.04938578799474164,0.08262802636343321
93,2,gmr_30mm,randomized,distant,False,True,,0.1053346690023318,0.10831782897002995,0.12615842698141932,0.1053346690023318,1,1,0,1,1,0,1,1,0,0,4.9096e-05,0.003714255,4.793e-06,0.003656906,2.3131e-05,0.004220681032165885,0.00797248404705897,0.0008459920063614845,0.0017119219992309809,0.01636716304346919,9.58979543287,0.649447811583,0.019131035217,0.14889478253437438,0.05183721433236792,0.14132463601862652
93,2,reference_ik,randomized,distant,False,True,,0.162138230050914,0.16530242300359532,0.1831430210149847,0.162138230050914,0,0,0,0,0,0,0,0,0,0,0,0,0,0,0,0.004220681032165885,0.00797248404705897,0.0008459920063614845,0.0017119219992309809,0.01636716304346919,7.14036806511,0.764175810254,0.0229011299224,0.14897291661726633,0.004607166984990911,0.08287304845547093
93,2,hybrid_30mm,randomized,distant,False,True,,0.06757930299500003,0.07014473399613053,0.0879853320075199,0.06757930299500003,4,1,1,3,1,0,4,1,0,0,2.4093e-05,0.017976528,3.168e-06,0.017917044,1.9078e-05,0.004220681032165885,0.00797248404705897,0.0008459920063614845,0.0017119219992309809,0.01636716304346919,5.44939880767,0.300898483324,0.0126089270369,0.12017039677099285,0.0770140627529094,0.14597603602752365
93,3,gmm,randomized,distant,False,True,,0.13408622203860432,0.13737338199280202,0.1552139800041914,0.13408622203860432,3,1,3,0,0,0,3,2,0,1,4.9177e-05,0.015293816,6.294e-06,0.014974302,0.000190043,0.004220681032165885,0.00797248404705897,0.0008459920063614845,0.0017119219992309809,0.01636716304346919,12.3809046225,0.689784510584,0.0232040002004,0.1494874738927187,0.07121617978863155,0.13437772602008258
93,3,gmr_30mm,randomized,distant,False,True,,0.13453421101439744,0.13698145799571648,0.15482205600710586,0.13453421101439744,4,2,0,4,2,0,4,4,0,2,4.6897e-05,0.005270281,8.572e-06,0.004670811,0.000479021,0.004220681032165885,0.00797248404705897,0.0008459920063614845,0.0017119219992309809,0.01636716304346919,11.9662911412,0.753115007983,0.0229577141483,0.14937796371244888,0.08045943749051462,0.14839479142966036
93,3,reference_ik,randomized,distant,False,True,,0.16090901900315657,0.16399049398023635,0.18183109199162573,0.16090901900315657,0,0,0,0,0,0,0,0,0,0,0,0,0,0,0,0.004220681032165885,0.00797248404705897,0.0008459920063614845,0.0017119219992309809,0.01636716304346919,7.14036806511,0.764175810254,0.0229011299224,0.14897291661726633,0.004607166984990911,0.08287304845547093
93,3,hybrid_30mm,randomized,distant,False,True,,0.12431009800639004,0.12657770898658782,0.1444183069979772,0.12431009800639004,2,1,0,2,1,0,2,2,0,1,1.1232e-05,0.001935437,1.948e-06,0.00187977,3.8698e-05,0.004220681032165885,0.00797248404705897,0.0008459920063614845,0.0017119219992309809,0.01636716304346919,10.3016009832,0.639982482925,0.0104893520798,0.11336428063805679,0.09425294620377941,0.16043492697024309
93,4,gmm,randomized,distant,False,True,,0.11571430700132623,0.11791649996303022,0.1357570979744196,0.11571430700132623,1,1,1,0,0,0,1,1,0,0,3.4217e-05,0.002181028,2.608e-06,0.002044368,7.902e-05,0.004220681032165885,0.00797248404705897,0.0008459920063614845,0.0017119219992309809,0.01636716304346919,10.109737762,0.458716343289,0.0227366044888,0.14868051544716165,0.08229798037418083,0.14359486360946244
93,4,reference_ik,randomized,distant,False,True,,0.16107823699712753,0.1641226020292379,0.18196320004062727,0.16107823699712753,0,0,0,0,0,0,0,0,0,0,0,0,0,0,0,0.004220681032165885,0.00797248404705897,0.0008459920063614845,0.0017119219992309809,0.01636716304346919,7.14036806511,0.764175810254,0.0229011299224,0.14897291661726633,0.004607166984990911,0.08287304845547093
93,4,hybrid_30mm,randomized,distant,False,True,,0.0875369330169633,0.08985568099888042,0.10769627901026979,0.0875369330169633,1,1,1,0,0,0,1,1,0,0,1.3728e-05,0.000627709,1.598e-06,0.000577916,2.0393e-05,0.004220681032165885,0.00797248404705897,0.0008459920063614845,0.0017119219992309809,0.01636716304346919,10.6284731661,0.723040661992,0.0231845852144,0.1487260053937826,0.07767693308645963,0.12748738681939434
93,4,gmr_30mm,randomized,distant,False,True,,0.07491114700678736,0.07741788303246722,0.09525848104385659,0.07491114700678736,2,1,0,2,1,0,2,2,0,1,1.5885e-05,0.005902945,2.088e-06,0.005853644,2.9942e-05,0.004220681032165885,0.00797248404705897,0.0008459920063614845,0.0017119219992309809,0.01636716304346919,6.4601341314,0.387330082411,0.0220523273321,0.14817532105468953,0.07109590972716893,0.12041725303319152
83,0,hybrid_30mm,randomized,distant,False,True,,0.079885896993801,0.08213614497799426,0.1000720799784176,0.079885896993801,2,1,0,2,1,0,2,1,0,0,4.6756e-05,0.007064216,7.403e-06,0.006888335,0.000106039,0.004190588952042162,0.007998518995009363,0.0008044230053201318,0.0016696209786459804,0.016276301990728825,8.37433315135,0.594352725656,0.0665689576154,0.1778776415314379,0.08054723306376309,0.17162279877668254
83,0,gmr_30mm,randomized,distant,False,True,,0.12511707696830854,0.12810146395349875,0.1460373989539221,0.12511707696830854,2,2,0,2,2,0,2,2,0,0,3.3703e-05,0.00145781,3.36e-06,0.00137771,4.3504e-05,0.004190588952042162,0.007998518995009363,0.0008044230053201318,0.0016696209786459804,0.016276301990728825,9.26666608998,0.707967142497,0.0858310772412,0.17354550985384318,0.07953970902951592,0.12917517832915998
83,0,reference_ik,randomized,distant,False,False,reference_ik,0.06450314103858545,0.06666013994254172,0.08459607494296506,6.0,0,0,0,0,0,0,0,0,0,0,0,0,0,0,0,0.004190588952042162,0.007998518995009363,0.0008044230053201318,0.0016696209786459804,0.016276301990728825,,,,,,
83,0,gmm,randomized,distant,False,True,,0.1180871719843708,0.1203170099761337,0.13825294497655705,0.1180871719843708,1,1,1,0,0,0,1,1,0,0,3.4563e-05,0.001685874,2.387e-06,0.001571149,5.4624e-05,0.004190588952042162,0.007998518995009363,0.0008044230053201318,0.0016696209786459804,0.016276301990728825,6.57808957449,0.42318364288,0.0497556547573,0.15425767692638537,0.11027241462584512,0.19460790523609794
83,1,gmr_30mm,randomized,distant,False,True,,0.14481418597279117,0.14759509003488347,0.1655310250353068,0.14481418597279117,2,2,0,2,2,0,2,2,0,0,1.3275e-05,0.002500735,2.405e-06,0.002408879,5.3382e-05,0.004190588952042162,0.007998518995009363,0.0008044230053201318,0.0016696209786459804,0.016276301990728825,12.7077742042,0.892030514011,0.0058219468587,0.12647122666891908,0.07755426888704837,0.18109493698770807
83,1,reference_ik,randomized,distant,False,False,reference_ik,0.0728092819917947,0.07463570201070979,0.09257163701113313,6.0,0,0,0,0,0,0,0,0,0,0,0,0,0,0,0,0.004190588952042162,0.007998518995009363,0.0008044230053201318,0.0016696209786459804,0.016276301990728825,,,,,,
83,1,hybrid_30mm,randomized,distant,False,True,,0.0727981340023689,0.07555649901041761,0.09349243401084095,0.0727981340023689,6,2,1,5,1,0,6,2,0,0,4.8885e-05,0.024803838,7.854e-06,0.024611343,9.8814e-05,0.004190588952042162,0.007998518995009363,0.0008044230053201318,0.0016696209786459804,0.016276301990728825,3.31956828939,0.588836774016,0.0648792141876,0.17752418665552128,0.08489552392809531,0.1644798605545481
83,1,gmm,randomized,distant,False,True,,0.0797093550208956,0.08261534897610545,0.1005512839765288,0.0797093550208956,3,2,3,0,0,0,3,3,0,1,4.661e-05,0.006591668,4.825e-06,0.00625764,0.000183166,0.004190588952042162,0.007998518995009363,0.0008044230053201318,0.0016696209786459804,0.016276301990728825,3.25106908277,0.522276245418,0.074595613956,0.1824011253720227,0.0816212228382804,0.14688971501772155
83,2,gmr_30mm,randomized,distant,False,True,,0.08310772199183702,0.08572056295815855,0.1036564979585819,0.08310772199183702,3,3,0,3,3,0,3,3,0,0,3.1543e-05,0.005570354,4.695e-06,0.005323717,0.000170578,0.004190588952042162,0.007998518995009363,0.0008044230053201318,0.0016696209786459804,0.016276301990728825,6.55001033382,0.534551944913,0.0530858653886,0.16447895181018532,0.06533889436782252,0.14129974293687592
83,2,reference_ik,randomized,distant,False,False,reference_ik,0.0671542760101147,0.06913474603788927,0.08707068103831261,6.0,0,0,0,0,0,0,0,0,0,0,0,0,0,0,0,0.004190588952042162,0.007998518995009363,0.0008044230053201318,0.0016696209786459804,0.016276301990728825,,,,,,
83,2,gmm,randomized,distant,False,True,,0.1420739219756797,0.14428006403613836,0.1622159990365617,0.1420739219756797,2,2,2,0,0,0,2,2,0,0,4.7676e-05,0.003845902,4.435e-06,0.003554854,0.000124854,0.004190588952042162,0.007998518995009363,0.0008044230053201318,0.0016696209786459804,0.016276301990728825,12.3472888122,1.04017920091,0.0934959248531,0.19341377395819478,0.14146901291100766,0.27861556204028887
83,2,hybrid_30mm,randomized,distant,False,True,,0.08078196598216891,0.0835088649764657,0.10144479997688904,0.08078196598216891,5,2,2,3,2,0,5,4,0,2,3.1537e-05,0.009911146,4.747e-06,0.009648925,0.000167814,0.004190588952042162,0.007998518995009363,0.0008044230053201318,0.0016696209786459804,0.016276301990728825,6.11143247789,0.592363935394,0.0319570383304,0.14226168850109788,0.054734127558544024,0.10183037452743256
83,3,gmm,randomized,distant,False,True,,0.07785353000508621,0.08017340098740533,0.09810933598782867,0.07785353000508621,1,1,1,0,0,0,1,1,0,0,1.0959e-05,0.000610606,8.09e-07,0.000571317,2.0838e-05,0.004190588952042162,0.007998518995009363,0.0008044230053201318,0.0016696209786459804,0.016276301990728825,7.55091574191,0.505871671002,0.0886416140518,0.1933297878898658,0.1255556116768792,0.20900548192072566
83,3,reference_ik,randomized,distant,False,False,reference_ik,0.06755914899986237,0.069381067994982,0.08731700299540535,6.0,0,0,0,0,0,0,0,0,0,0,0,0,0,0,0,0.004190588952042162,0.007998518995009363,0.0008044230053201318,0.0016696209786459804,0.016276301990728825,,,,,,
83,3,gmr_30mm,randomized,distant,False,True,,0.18885464599588886,0.19165323296329007,0.2095891679637134,0.18885464599588886,3,3,0,3,3,0,3,3,0,0,5.6043e-05,0.005655657,4.053e-06,0.005406069,0.000175314,0.004190588952042162,0.007998518995009363,0.0008044230053201318,0.0016696209786459804,0.016276301990728825,14.4732652527,1.69029164328,0.0513554208793,0.1350810112401413,0.141907775801505,0.272132467220425
83,3,hybrid_30mm,randomized,distant,False,True,,0.0733567179995589,0.0757625270052813,0.09369846200570464,0.0733567179995589,2,1,1,1,1,0,2,1,0,0,1.1699e-05,0.009549967,3.92e-06,0.009416419,7.0271e-05,0.004190588952042162,0.007998518995009363,0.0008044230053201318,0.0016696209786459804,0.016276301990728825,9.90657240579,0.720525549778,0.0938587789832,0.19341377395819478,0.09594534705646318,0.23224310247367172
83,4,gmr_30mm,randomized,distant,False,True,,0.03134550899267197,0.03392332297516987,0.05185925797559321,0.03134550899267197,5,2,0,5,2,0,5,2,0,0,1.177e-05,0.017303125,3.327e-06,0.017213712,5.4998e-05,0.004190588952042162,0.007998518995009363,0.0008044230053201318,0.0016696209786459804,0.016276301990728825,4.98353632866,0.503829632529,0.0137594485007,0.12614305317456873,0.0501268784103849,0.13193453769844796
83,4,hybrid_30mm,randomized,distant,False,True,,0.16909159603528678,0.17255836998810992,0.19049430498853326,0.16909159603528678,2,1,1,1,1,0,2,1,0,0,1.1738e-05,0.00556389,2.356e-06,0.005511842,2.8049e-05,0.004190588952042162,0.007998518995009363,0.0008044230053201318,0.0016696209786459804,0.016276301990728825,13.0359746209,0.651027208874,0.0311973600855,0.12535809001254172,0.07196013594012363,0.1341135081885981
83,4,gmm,randomized,distant,False,True,,0.13563471799716353,0.1379596819751896,0.15589561697561294,0.13563471799716353,3,2,3,0,0,0,3,2,0,0,5.5723e-05,0.009707576,3.938e-06,0.009444027,0.000127858,0.004190588952042162,0.007998518995009363,0.0008044230053201318,0.0016696209786459804,0.016276301990728825,6.22665074147,0.580140803856,0.0281432805132,0.12709624206764614,0.04102577902482032,0.0729137285661902
83,4,reference_ik,randomized,distant,False,False,reference_ik,0.06558550300542265,0.06771303503774107,0.08564897003816441,6.0,0,0,0,0,0,0,0,0,0,0,0,0,0,0,0,0.004190588952042162,0.007998518995009363,0.0008044230053201318,0.0016696209786459804,0.016276301990728825,,,,,,
70,0,hybrid_30mm,randomized,offset,False,True,,0.06312312796944752,0.06623923795996234,0.08431865595048293,0.06312312796944752,2,2,0,2,2,0,2,2,0,0,1.069e-05,0.001933862,1.622e-06,0.001866386,4.0555e-05,0.00435335497604683,0.00798862800002098,0.0008138989796862006,0.0017311900155618787,0.016492592985741794,8.24861478046,0.606446757919,0.0035690474341,0.0467521828062596,0.06400145985256528,0.1257678776316506
70,0,gmr_30mm,randomized,offset,False,True,,0.15248413302469999,0.15508943604072556,0.17316885403124616,0.15248413302469999,1,1,0,1,1,0,1,1,0,0,1.2038e-05,0.000518777,1.774e-06,0.000492529,1.4467e-05,0.00435335497604683,0.00798862800002098,0.0008138989796862006,0.0017311900155618787,0.016492592985741794,7.88894072738,0.65701974569,0.00276596590538,0.059638460884511184,0.04597976841801832,0.09483306227493336
70,0,reference_ik,randomized,offset,False,False,reference_ik,0.07311199296964332,0.07520156999817118,0.09328098798869178,6.0,0,0,0,0,0,0,0,0,0,0,0,0,0,0,0,0.00435335497604683,0.00798862800002098,0.0008138989796862006,0.0017311900155618787,0.016492592985741794,,,,,,
70,0,gmm,randomized,offset,False,True,,0.2209595949971117,0.2237368019996211,0.2418162199901417,0.2209595949971117,17,9,17,0,0,0,17,14,0,5,1.1697e-05,0.024844624,4.247e-06,0.024499072,0.000192748,0.00435335497604683,0.00798862800002098,0.0008138989796862006,0.0017311900155618787,0.016492592985741794,14.101679453,0.855978956978,0.00286087410675,0.047857345757948665,0.09312646207859834,0.19775345978922132
70,1,gmr_30mm,randomized,offset,False,True,,0.22912715299753472,0.2318783689988777,0.2499577869893983,0.22912715299753472,1,1,0,1,1,0,1,1,0,0,1.0912e-05,0.000937715,1.375e-06,0.000908669,1.7199e-05,0.00435335497604683,0.00798862800002098,0.0008138989796862006,0.0017311900155618787,0.016492592985741794,13.4786393475,0.740004734232,0.00304059483135,0.057950071104507485,0.07362429552799857,0.1483557742476919
70,1,gmm,randomized,offset,False,True,,0.17724939103936777,0.18031704699387774,0.19839646498439834,0.17724939103936777,5,3,5,0,0,0,5,4,0,1,1.1041e-05,0.007386125,3.017e-06,0.007232378,8.1793e-05,0.00435335497604683,0.00798862800002098,0.0008138989796862006,0.0017311900155618787,0.016492592985741794,13.9312857555,0.932427292458,0.00312584839404,0.06534683208635811,0.11510027606808204,0.2226058351647171
70,1,reference_ik,randomized,offset,False,False,reference_ik,0.07652781601063907,0.07882869296008721,0.0969081109506078,6.0,0,0,0,0,0,0,0,0,0,0,0,0,0,0,0,0.00435335497604683,0.00798862800002098,0.0008138989796862006,0.0017311900155618787,0.016492592985741794,,,,,,
70,1,hybrid_30mm,randomized,offset,False,True,,0.1714986349688843,0.17432553501566872,0.19240495300618932,0.1714986349688843,1,1,0,1,1,0,1,1,0,0,1.1273e-05,0.002847949,2.356e-06,0.002785692,3.6077e-05,0.00435335497604683,0.00798862800002098,0.0008138989796862006,0.0017311900155618787,0.016492592985741794,13.678343391,0.926388670111,0.00376081238345,0.04635063554536727,0.10453616905397128,0.18161573684936588
70,2,gmr_30mm,randomized,offset,False,True,,0.20878992398502305,0.2118361089960672,0.2299155269865878,0.20878992398502305,2,1,0,2,1,0,2,2,0,1,4.6463e-05,0.00440213,5.765e-06,0.004224422,0.000105702,0.00435335497604683,0.00798862800002098,0.0008138989796862006,0.0017311900155618787,0.016492592985741794,12.9676149727,0.707628058053,0.00247263035875,0.0569296082778686,0.06589676440672887,0.12016512740932724
70,2,gmm,randomized,offset,False,True,,0.2289984300150536,0.23228403402026743,0.250363452010788,0.2289984300150536,7,5,7,0,0,0,7,7,0,2,3.2874e-05,0.008569751,9.281e-06,0.007900566,0.000361623,0.00435335497604683,0.00798862800002098,0.0008138989796862006,0.0017311900155618787,0.016492592985741794,17.1129540682,1.76255919443,0.00309191787748,0.059673035676317605,0.1449685114842866,0.2914795548924384
70,2,reference_ik,randomized,offset,False,False,reference_ik,0.07620629802113399,0.07841647299937904,0.09649589098989964,6.0,0,0,0,0,0,0,0,0,0,0,0,0,0,0,0,0.00435335497604683,0.00798862800002098,0.0008138989796862006,0.0017311900155618787,0.016492592985741794,,,,,,
70,2,hybrid_30mm,randomized,offset,False,True,,0.07222821400500834,0.07452724798349664,0.09260666597401723,0.07222821400500834,1,1,0,1,1,0,1,1,0,0,4.4752e-05,0.004744752,4.497e-06,0.004617189,7.9631e-05,0.00435335497604683,0.00798862800002098,0.0008138989796862006,0.0017311900155618787,0.016492592985741794,3.87692912208,0.511208360106,0.00361133547131,0.06355688868660245,0.045609728787020715,0.10403169304728083
70,3,reference_ik,randomized,offset,False,False,reference_ik,0.07369277800898999,0.0761791950208135,0.09425861301133409,6.0,0,0,0,0,0,0,0,0,0,0,0,0,0,0,0,0.00435335497604683,0.00798862800002098,0.0008138989796862006,0.0017311900155618787,0.016492592985741794,,,,,,
70,3,gmr_30mm,randomized,offset,False,True,,0.1821763070183806,0.18479148298501968,0.20287090097554028,0.1821763070183806,11,8,0,11,8,0,11,11,0,3,4.42e-05,0.017287721,1.0277e-05,0.016907201,0.000227118,0.00435335497604683,0.00798862800002098,0.0008138989796862006,0.0017311900155618787,0.016492592985741794,13.2768156345,0.879392888204,0.0037857006506,0.0605374804952608,0.06319457160010253,0.1567128864236133
70,3,hybrid_30mm,randomized,offset,False,True,,0.11930342495907098,0.12233186099911109,0.14041127898963168,0.11930342495907098,1,1,0,1,1,0,1,1,0,0,3.1097e-05,0.001223323,2.932e-06,0.001110653,7.7545e-05,0.00435335497604683,0.00798862800002098,0.0008138989796862006,0.0017311900155618787,0.016492592985741794,11.5561232582,0.781719811982,0.00397414373724,0.057995998022509224,0.10356268112743522,0.1852744419477425
70,3,gmm,randomized,offset,False,True,,0.08435891999397427,0.08789158996660262,0.10597100795712322,0.08435891999397427,4,4,4,0,0,0,4,4,0,0,2.1384e-05,0.00670368,7.424e-06,0.006061533,0.000381399,0.00435335497604683,0.00798862800002098,0.0008138989796862006,0.0017311900155618787,0.016492592985741794,5.45848209833,0.622621702605,0.00249422329998,0.06488761511923197,0.07155046310463418,0.14645796556485005
70,4,gmm,randomized,offset,False,True,,0.16078922402812168,0.16424268897389993,0.18232210696442053,0.16078922402812168,12,7,12,0,0,0,12,9,0,2,4.7329e-05,0.034521753,8.398e-06,0.034080674,0.000195883,0.00435335497604683,0.00798862800002098,0.0008138989796862006,0.0017311900155618787,0.016492592985741794,13.0373966779,0.776437908665,0.00306299609704,0.06557887957035277,0.07979836804258972,0.12398223493271229
70,4,hybrid_30mm,randomized,offset,False,True,,0.025818504975177348,0.02807226701406762,0.04615168500458822,0.025818504975177348,1,1,0,1,1,0,1,1,0,0,1.0715e-05,0.001412314,1.578e-06,0.001386545,1.4071e-05,0.00435335497604683,0.00798862800002098,0.0008138989796862006,0.0017311900155618787,0.016492592985741794,3.54997180204,0.539089278231,0.00325473560737,0.05911674415105073,0.04710564891750715,0.0938742549342932
70,4,reference_ik,randomized,offset,False,False,reference_ik,0.07356257899664342,0.07638195902109146,0.09446137701161206,6.0,0,0,0,0,0,0,0,0,0,0,0,0,0,0,0,0.00435335497604683,0.00798862800002098,0.0008138989796862006,0.0017311900155618787,0.016492592985741794,,,,,,
70,4,gmr_30mm,randomized,offset,False,True,,0.1010223000193946,0.10339374904287979,0.12147316703340039,0.1010223000193946,1,1,0,1,1,0,1,1,0,0,4.8673e-05,0.004770445,4.56e-06,0.004720583,1.5048e-05,0.00435335497604683,0.00798862800002098,0.0008138989796862006,0.0017311900155618787,0.016492592985741794,3.93110433287,0.550752054659,0.0033449203846,0.051141296470031856,0.047506032860941204,0.09421161381054403
41,0,hybrid_30mm,randomized,central,False,True,,0.168698945955839,0.17103230900829658,0.18928269401658326,0.168698945955839,1,1,0,1,1,0,1,1,0,0,4.8586e-05,0.001095981,5.253e-06,0.001010438,3.5062e-05,0.0043016059789806604,0.00802003697026521,0.0009384989971294999,0.0017245999770238996,0.016584981989581138,13.7658249167,1.05091139631,0.0149978233716,0.07540882786658451,0.09054348126220295,0.16355099483696015
41,0,reference_ik,randomized,central,False,True,,0.13185873499605805,0.13525231095263734,0.15350269596092403,0.13185873499605805,0,0,0,0,0,0,0,0,0,0,0,0,0,0,0,0.0043016059789806604,0.00802003697026521,0.0009384989971294999,0.0017245999770238996,0.016584981989581138,5.56095664662,0.681976048682,0.0231575470515,0.08431314955844786,0.004675874150131989,0.06110141868344188
41,0,gmm,randomized,central,False,True,,0.09226854098960757,0.09535099298227578,0.11360137799056247,0.09226854098960757,5,2,5,0,0,0,5,5,0,3,7.347e-06,0.004192914,1.888e-06,0.004084736,6.2789e-05,0.0043016059789806604,0.00802003697026521,0.0009384989971294999,0.0017245999770238996,0.016584981989581138,12.6960625451,1.13573805682,0.0233986810065,0.08431314955844786,0.1549232989660952,0.26293726806561774
41,0,gmr_30mm,randomized,central,False,True,,0.14851330197416246,0.15158693201374263,0.1698373170220293,0.14851330197416246,5,5,0,5,5,0,5,5,0,0,4.7296e-05,0.008747091,5.626e-06,0.00859769,8.5534e-05,0.0043016059789806604,0.00802003697026521,0.0009384989971294999,0.0017245999770238996,0.016584981989581138,15.3573841865,1.47346163703,0.0234774413387,0.08036582024638604,0.10245825528512452,0.19805226857755828
41,1,hybrid_30mm,randomized,central,False,True,,0.19997292599873617,0.20373115199618042,0.2219815370044671,0.19997292599873617,6,4,1,5,3,0,6,6,0,2,5.0623e-05,0.009646556,8.033e-06,0.009365356,0.000180707,0.0043016059789806604,0.00802003697026521,0.0009384989971294999,0.0017245999770238996,0.016584981989581138,14.7386545425,1.13866704372,0.023324527367,0.08431314955844786,0.10933327864645966,0.1883375538491792
41,1,gmm,randomized,central,False,True,,0.11665155098307878,0.11969103896990418,0.13794142397819087,0.11665155098307878,6,4,6,0,0,0,6,5,0,1,4.9362e-05,0.028642611,5.957e-06,0.028425323,7.3901e-05,0.0043016059789806604,0.00802003697026521,0.0009384989971294999,0.0017245999770238996,0.016584981989581138,6.53125064941,0.647531638259,0.00491885106031,0.08431314955844786,0.0656442725056859,0.1561601923703427
41,1,reference_ik,randomized,central,False,True,,0.13086686795577407,0.13320919102989137,0.15145957603817806,0.13086686795577407,0,0,0,0,0,0,0,0,0,0,0,0,0,0,0,0.0043016059789806604,0.00802003697026521,0.0009384989971294999,0.0017245999770238996,0.016584981989581138,5.56095664662,0.681976048682,0.0231575470515,0.08431314955844786,0.004675874150131989,0.06110141868344188
41,1,gmr_30mm,randomized,central,False,True,,0.22167842398630455,0.22460975497961044,0.24286013998789713,0.22167842398630455,4,1,0,4,1,0,4,2,0,1,4.5975e-05,0.021005075,5.292e-06,0.020826948,0.000108358,0.0043016059789806604,0.00802003697026521,0.0009384989971294999,0.0017245999770238996,0.016584981989581138,14.1114470548,1.57838940709,0.0231883410359,0.08431314955844786,0.1529278612711658,0.25744899629239487
41,2,gmm,randomized,central,False,True,,0.09698036999907345,0.10039446997689083,0.11864485498517752,0.09698036999907345,6,4,6,0,0,0,6,5,0,1,1.3754e-05,0.014676103,3.652e-06,0.01439487,0.00015728,0.0043016059789806604,0.00802003697026521,0.0009384989971294999,0.0017245999770238996,0.016584981989581138,12.6948657785,1.0131123793,0.0236136767078,0.08431314955844786,0.14898978285584916,0.2560082010190753
41,2,reference_ik,randomized,central,False,True,,0.14953139802673832,0.15248814702499658,0.17073853203328326,0.14953139802673832,0,0,0,0,0,0,0,0,0,0,0,0,0,0,0,0.0043016059789806604,0.00802003697026521,0.0009384989971294999,0.0017245999770238996,0.016584981989581138,5.56095664662,0.681976048682,0.0231575470515,0.08431314955844786,0.004675874150131989,0.06110141868344188
41,2,gmr_30mm,randomized,central,False,True,,0.15010888199321926,0.1529280980466865,0.17117848305497319,0.15010888199321926,3,2,0,3,2,0,3,2,0,0,4.7877e-05,0.007391533,4.841e-06,0.00730346,4.3526e-05,0.0043016059789806604,0.00802003697026521,0.0009384989971294999,0.0017245999770238996,0.016584981989581138,10.9918205683,0.717955109018,0.0239875756668,0.08431314955844786,0.05858459714494553,0.16764025680208688
41,2,hybrid_30mm,randomized,central,False,True,,0.20251021604053676,0.2051563860150054,0.2234067710232921,0.20251021604053676,2,1,0,2,1,0,2,1,0,0,0.000101062,0.007476784,7.465e-06,0.00732845,6.4339e-05,0.0043016059789806604,0.00802003697026521,0.0009384989971294999,0.0017245999770238996,0.016584981989581138,13.0042357522,0.735875295433,0.00604653735354,0.08431314955844786,0.06928028376928891,0.13006424598630834
41,3,gmr_30mm,randomized,central,False,True,,0.10130456305341795,0.10397678596200421,0.1222271709702909,0.10130456305341795,2,2,0,2,2,0,2,2,0,0,6.567e-06,0.001041442,1.842e-06,0.000961151,5.139e-05,0.0043016059789806604,0.00802003697026521,0.0009384989971294999,0.0017245999770238996,0.016584981989581138,13.0432410839,1.14249504033,0.0203401721209,0.08431314955844786,0.14013049175288234,0.22083277211200053
41,3,gmm,randomized,central,False,True,,0.07559161103563383,0.07875402900390327,0.09700441401218995,0.07559161103563383,2,1,2,0,0,0,2,1,0,0,4.3167e-05,0.010714978,4.903e-06,0.01051244,7.6851e-05,0.0043016059789806604,0.00802003697026521,0.0009384989971294999,0.0017245999770238996,0.016584981989581138,6.8457171481,0.577797617482,0.0230454338577,0.08431314955844786,0.040327143855224,0.08230156679651357
41,3,hybrid_30mm,randomized,central,False,True,,0.03733397804899141,0.03989360301056877,0.05814398801885545,0.03733397804899141,3,3,1,2,2,0,3,3,0,0,1.1037e-05,0.001414062,2.484e-06,0.001335724,4.2515e-05,0.0043016059789806604,0.00802003697026521,0.0009384989971294999,0.0017245999770238996,0.016584981989581138,6.93454139867,0.508847129181,0.00333756214733,0.08269538859262175,0.05289630838126561,0.09029589393905374
41,3,reference_ik,randomized,central,False,True,,0.1315373620018363,0.13383067003451288,0.15208105504279956,0.1315373620018363,0,0,0,0,0,0,0,0,0,0,0,0,0,0,0,0.0043016059789806604,0.00802003697026521,0.0009384989971294999,0.0017245999770238996,0.016584981989581138,5.56095664662,0.681976048682,0.0231575470515,0.08431314955844786,0.004675874150131989,0.06110141868344188
41,4,gmm,randomized,central,False,True,,0.10435092798434198,0.10679668799275532,0.125047073001042,0.10435092798434198,3,1,3,0,0,0,3,2,0,1,4.7485e-05,0.010443823,5.798e-06,0.010020685,0.000168943,0.0043016059789806604,0.00802003697026521,0.0009384989971294999,0.0017245999770238996,0.016584981989581138,5.49866285833,0.43054379035,0.00956786392792,0.07888087020359945,0.042515141818639315,0.09237769407404109
41,4,gmr_30mm,randomized,central,False,True,,0.1307009980082512,0.13406708301045,0.1523174680187367,0.1307009980082512,5,3,0,5,3,0,5,3,0,0,5.5079e-05,0.012675435,4.956e-06,0.012591692,2.9963e-05,0.0043016059789806604,0.00802003697026521,0.0009384989971294999,0.0017245999770238996,0.016584981989581138,12.2639516496,0.576823834336,0.022156336913,0.08431314955844786,0.04230330353961072,0.07311030875856579
41,4,reference_ik,randomized,central,False,True,,0.13032033998752013,0.13379898900166154,0.15204937400994822,0.13032033998752013,0,0,0,0,0,0,0,0,0,0,0,0,0,0,0,0.0043016059789806604,0.00802003697026521,0.0009384989971294999,0.0017245999770238996,0.016584981989581138,5.56095664662,0.681976048682,0.0231575470515,0.08431314955844786,0.004675874150131989,0.06110141868344188
41,4,hybrid_30mm,randomized,central,False,True,,0.1451371560106054,0.14785644999938086,0.16610683500766754,0.1451371560106054,3,3,1,2,2,0,3,3,0,0,6.753e-06,0.003009013,2.263e-06,0.002881925,7.9197e-05,0.0043016059789806604,0.00802003697026521,0.0009384989971294999,0.0017245999770238996,0.016584981989581138,15.7947294872,1.31395619482,0.0233239613103,0.08431314955844786,0.10438055123334779,0.19063331156751778
79,0,gmr_30mm,randomized,offset,False,True,,0.11361927102552727,0.11590485600754619,0.13408442999934778,0.11361927102552727,6,4,0,6,4,0,6,5,0,1,4.6006e-05,0.011449059,4.912e-06,0.011327303,6.3507e-05,0.004439762968104333,0.008006941992789507,0.0008649690425954759,0.0016696840175427496,0.01660898298723623,4.55828703674,0.603162668257,0.00500040089339,0.07800515003029802,0.03698311636146879,0.08047202670510105
79,0,reference_ik,randomized,offset,False,True,,0.16301612497773021,0.16592848201980814,0.18410805601160973,0.16301612497773021,0,0,0,0,0,0,0,0,0,0,0,0,0,0,0,0.004439762968104333,0.008006941992789507,0.0008649690425954759,0.0016696840175427496,0.01660898298723623,6.4604103879,0.792239825923,0.0136917199525,0.07932315408294997,0.001824499122828731,0.03857631742340147
79,0,gmm,randomized,offset,False,True,,0.09711784403771162,0.10056241403799504,0.11874198802979663,0.09711784403771162,5,2,5,0,0,0,5,4,0,2,5.5558e-05,0.010096909,6.166e-06,0.009866078,9.9651e-05,0.004439762968104333,0.008006941992789507,0.0008649690425954759,0.0016696840175427496,0.01660898298723623,4.70395835905,0.596037600962,0.0135905246363,0.07932315408294997,0.046521722158265416,0.09964479797784861
79,0,hybrid_30mm,randomized,offset,False,True,,0.09956515702651814,0.10190145799424499,0.12008103198604658,0.09956515702651814,8,6,2,6,5,0,8,7,0,1,4.68e-05,0.018591832,7.384e-06,0.018318035,0.000147269,0.004439762968104333,0.008006941992789507,0.0008649690425954759,0.0016696840175427496,0.01660898298723623,6.90385628353,0.534494529021,0.0124192581862,0.07932315408294997,0.05469188762822151,0.1154458577631691
79,1,gmr_30mm,randomized,offset,False,True,,0.14945224404800683,0.1519208149984479,0.17010038899024948,0.14945224404800683,1,1,0,1,1,0,1,1,0,0,5.1667e-05,0.001403641,3.731e-06,0.001266661,8.5867e-05,0.004439762968104333,0.008006941992789507,0.0008649690425954759,0.0016696840175427496,0.01660898298723623,13.8503243617,1.60344609658,0.0135970539598,0.07932315408294997,0.1197920271240573,0.19746939834433042
79,1,gmm,randomized,offset,False,True,,0.10338663798756897,0.10650292003992945,0.12468249403173104,0.10338663798756897,8,5,8,0,0,0,8,6,0,1,4.6784e-05,0.029289536,5.834e-06,0.028917246,0.000183555,0.004439762968104333,0.008006941992789507,0.0008649690425954759,0.0016696840175427496,0.01660898298723623,4.57786778928,0.700253239874,0.0137140642833,0.07849795372932118,0.11527071751009706,0.19390982460881875
79,1,hybrid_30mm,randomized,offset,False,True,,0.13169144798303023,0.13391238398617133,0.15209195797797292,0.13169144798303023,8,5,2,6,5,0,8,6,0,1,4.8654e-05,0.018728608,7.561e-06,0.018505722,0.000102878,0.004439762968104333,0.008006941992789507,0.0008649690425954759,0.0016696840175427496,0.01660898298723623,5.00069466158,0.537125200968,0.0111805244259,0.07838831591623723,0.047329563427147114,0.10245223332678215
79,1,reference_ik,randomized,offset,False,True,,0.16534140997100621,0.16818500898079947,0.18636458297260106,0.16534140997100621,0,0,0,0,0,0,0,0,0,0,0,0,0,0,0,0.004439762968104333,0.008006941992789507,0.0008649690425954759,0.0016696840175427496,0.01660898298723623,6.4604103879,0.792239825923,0.0136917199525,0.07932315408294997,0.001824499122828731,0.03857631742340147
79,2,gmr_30mm,randomized,offset,False,True,,0.1277718700002879,0.13026752101723105,0.14844709500903264,0.1277718700002879,1,1,0,1,1,0,1,1,0,0,2.6468e-05,0.000773013,2.616e-06,0.000689109,5.1864e-05,0.004439762968104333,0.008006941992789507,0.0008649690425954759,0.0016696840175427496,0.01660898298723623,13.164943897,1.08370188455,0.0137389999617,0.07932315408294997,0.10247236095611177,0.21301503031224292
79,2,gmm,randomized,offset,False,True,,0.17046414397191256,0.17290552298072726,0.19108509697252885,0.17046414397191256,1,1,1,0,0,0,1,1,0,0,1.122e-05,0.000282193,1.245e-06,0.000224792,3.1115e-05,0.004439762968104333,0.008006941992789507,0.0008649690425954759,0.0016696840175427496,0.01660898298723623,12.5616844881,0.982096084744,0.0140375719138,0.07932315408294997,0.10221187229388548,0.20753054435958013
79,2,reference_ik,randomized,offset,False,True,,0.205202555982396,0.2081075519672595,0.2262871259590611,0.205202555982396,0,0,0,0,0,0,0,0,0,0,0,0,0,0,0,0.004439762968104333,0.008006941992789507,0.0008649690425954759,0.0016696840175427496,0.01660898298723623,6.4604103879,0.792239825923,0.0136917199525,0.07932315408294997,0.001824499122828731,0.03857631742340147
79,2,hybrid_30mm,randomized,offset,False,True,,0.11635616997955367,0.11889191204681993,0.13707148603862152,0.11635616997955367,1,1,0,1,1,0,1,1,0,0,1.5047e-05,0.000378091,2.011e-06,0.000337643,2.1244e-05,0.004439762968104333,0.008006941992789507,0.0008649690425954759,0.0016696840175427496,0.01660898298723623,13.7462267584,1.27868718434,0.0141673207253,0.07932315408294997,0.13176608522662134,0.23657770567168201
79,3,gmm,randomized,offset,False,True,,0.15212226699804887,0.15490976301953197,0.17308933701133355,0.15212226699804887,10,3,10,0,0,0,10,6,0,3,1.2893e-05,0.022971378,3.139e-06,0.022801187,8.5124e-05,0.004439762968104333,0.008006941992789507,0.0008649690425954759,0.0016696840175427496,0.01660898298723623,12.1609224041,0.873440269139,0.0141429155559,0.07932315408294997,0.05943353429610363,0.16369059953036383
79,3,reference_ik,randomized,offset,False,True,,0.2032309890491888,0.206252760021016,0.2244323340128176,0.2032309890491888,0,0,0,0,0,0,0,0,0,0,0,0,0,0,0,0.004439762968104333,0.008006941992789507,0.0008649690425954759,0.0016696840175427496,0.01660898298723623,6.4604103879,0.792239825923,0.0136917199525,0.07932315408294997,0.001824499122828731,0.03857631742340147
79,3,hybrid_30mm,randomized,offset,False,True,,0.15918944496661425,0.1620104860048741,0.1801900599966757,0.15918944496661425,6,3,1,5,3,0,6,6,0,3,1.1725e-05,0.003876463,3.624e-06,0.00368646,0.000137039,0.004439762968104333,0.008006941992789507,0.0008649690425954759,0.0016696840175427496,0.01660898298723623,14.9284743952,0.857308914301,0.0135137484364,0.07932315408294997,0.06101455951660199,0.12809436981799904
79,3,gmr_30mm,randomized,offset,False,True,,0.1723466949770227,0.174698531976901,0.19287810596870258,0.1723466949770227,19,9,0,19,9,0,19,12,0,3,7.818e-06,0.054162356,4.877e-06,0.053928971,0.000157381,0.004439762968104333,0.008006941992789507,0.0008649690425954759,0.0016696840175427496,0.01660898298723623,14.1282757281,1.17217214,0.0140828703267,0.07932315408294997,0.07039812075191931,0.1519978219973906
79,4,gmr_30mm,randomized,offset,False,True,,0.12179296201793477,0.12389619601890445,0.14207577001070604,0.12179296201793477,2,2,0,2,2,0,2,2,0,0,1.2131e-05,0.003228095,2.75e-06,0.003165279,3.6494e-05,0.004439762968104333,0.008006941992789507,0.0008649690425954759,0.0016696840175427496,0.01660898298723623,11.1957710905,0.702507766959,0.0140315373926,0.07932315408294997,0.03955972372967901,0.10540680573716489
79,4,reference_ik,randomized,offset,False,True,,0.17725732899270952,0.18003857898293063,0.19821815297473222,0.17725732899270952,0,0,0,0,0,0,0,0,0,0,0,0,0,0,0,0.004439762968104333,0.008006941992789507,0.0008649690425954759,0.0016696840175427496,0.01660898298723623,6.4604103879,0.792239825923,0.0136917199525,0.07932315408294997,0.001824499122828731,0.03857631742340147
79,4,gmm,randomized,offset,False,True,,0.10234142502304167,0.105387941992376,0.12356751598417759,0.10234142502304167,12,6,12,0,0,0,12,10,0,4,1.3492e-05,0.016683172,3.589e-06,0.016464814,0.000127243,0.004439762968104333,0.008006941992789507,0.0008649690425954759,0.0016696840175427496,0.01660898298723623,12.9747570095,1.3087076744,0.0143962439905,0.07932315408294997,0.11910204696438022,0.17878084011684478
79,4,hybrid_30mm,randomized,offset,False,True,,0.05012964800698683,0.053221397974994034,0.07140097196679562,0.05012964800698683,9,3,3,6,3,0,9,5,0,2,1.0729e-05,0.035966484,3.368e-06,0.035856891,5.5493e-05,0.004439762968104333,0.008006941992789507,0.0008649690425954759,0.0016696840175427496,0.01660898298723623,4.24741411325,0.542665977056,0.00316632129112,0.07704846666731899,0.04825300623294743,0.0895414439663855
28,0,hybrid_30mm,randomized,central,False,True,,0.14115100697381422,0.1432553569902666,0.16246023098938167,0.14115100697381422,3,1,2,1,1,0,3,2,0,1,2.4659e-05,0.008042691,5.317e-06,0.007859488,0.000109668,0.00513752200640738,0.00822351296665147,0.0008683470077812672,0.0017311649862676859,0.01760228001512587,13.7319877326,1.23383459621,0.021871037247,0.09535565479851031,0.06840545741436048,0.14085769802722187
28,0,gmr_30mm,randomized,central,False,True,,0.25084890302969143,0.25354230898665264,0.2727471829857677,0.25084890302969143,1,1,0,1,1,0,1,1,0,0,3.8591e-05,0.001281756,2.823e-06,0.00118886,5.8928e-05,0.00513752200640738,0.00822351296665147,0.0008683470077812672,0.0017311649862676859,0.01760228001512587,13.4357025628,1.25369640271,0.0217524815347,0.07907611750901769,0.07687150011411921,0.1358705327871513
28,0,reference_ik,randomized,central,False,True,,0.15551749302539974,0.15868470497662202,0.1778895789757371,0.15551749302539974,0,0,0,0,0,0,0,0,0,0,0,0,0,0,0,0.00513752200640738,0.00822351296665147,0.0008683470077812672,0.0017311649862676859,0.01760228001512587,5.90630690995,0.776267265476,0.00792917293822,0.09763251636162937,0.002501166668246183,0.042072591552093516
28,0,gmm,randomized,central,False,True,,0.13244362699333578,0.13504048803588375,0.15424536203499883,0.13244362699333578,17,8,17,0,0,0,17,13,0,5,4.8385e-05,0.03285213,9.351e-06,0.032461609,0.000202385,0.00513752200640738,0.00822351296665147,0.0008683470077812672,0.0017311649862676859,0.01760228001512587,10.3456741941,0.848665601949,0.0162114822226,0.09724473106789414,0.09484335159552071,0.23458014411015338
28,1,gmm,randomized,central,False,True,,0.2890615920186974,0.29195446701487526,0.31115934101399034,0.2890615920186974,39,19,39,0,0,0,39,33,0,14,6.5957e-05,0.063471226,1.2224e-05,0.062493636,0.000602723,0.00513752200640738,0.00822351296665147,0.0008683470077812672,0.0017311649862676859,0.01760228001512587,15.2274872627,1.12909170158,0.0217762903073,0.08980126364083424,0.06690301652533262,0.15177929964352377
28,1,reference_ik,randomized,central,False,True,,0.15611433098092675,0.158677407016512,0.1778822810156271,0.15611433098092675,0,0,0,0,0,0,0,0,0,0,0,0,0,0,0,0.00513752200640738,0.00822351296665147,0.0008683470077812672,0.0017311649862676859,0.01760228001512587,5.90630690995,0.776267265476,0.00792917293822,0.09763251636162937,0.002501166668246183,0.042072591552093516
28,1,gmr_30mm,randomized,central,False,True,,0.09282950399210677,0.09530513902427629,0.11451001302339137,0.09282950399210677,5,2,0,5,2,0,5,5,0,3,1.4394e-05,0.00693983,3.716e-06,0.006745644,0.000140053,0.00513752200640738,0.00822351296665147,0.0008683470077812672,0.0017311649862676859,0.01760228001512587,11.1681410712,0.80763714272,0.0101654694145,0.08534359645055396,0.09637397046187955,0.17426493040892468
28,1,hybrid_30mm,randomized,central,False,True,,0.1285834499867633,0.13102749700192362,0.1502323710010387,0.1285834499867633,5,4,1,4,3,0,5,5,0,1,4.6587e-05,0.011721297,8.827e-06,0.011344482,0.000192561,0.00513752200640738,0.00822351296665147,0.0008683470077812672,0.0017311649862676859,0.01760228001512587,11.714386056,0.768356320512,0.0216074198721,0.0975626265984185,0.03898423757768577,0.07679336245353392
28,2,gmm,randomized,central,False,True,,0.18080246401950717,0.18398678803350776,0.20319166203262284,0.18080246401950717,6,2,6,0,0,0,6,6,0,4,5.1e-05,0.005125425,6.033e-06,0.004711282,0.00025644,0.00513752200640738,0.00822351296665147,0.0008683470077812672,0.0017311649862676859,0.01760228001512587,13.5303987555,1.2003795174,0.0213207564099,0.08121181568648964,0.09410616043341961,0.16451044620294492
28,2,reference_ik,randomized,central,False,True,,0.15721643302822486,0.16029478900600225,0.17949966300511733,0.15721643302822486,0,0,0,0,0,0,0,0,0,0,0,0,0,0,0,0.00513752200640738,0.00822351296665147,0.0008683470077812672,0.0017311649862676859,0.01760228001512587,5.90630690995,0.776267265476,0.00792917293822,0.09763251636162937,0.002501166668246183,0.042072591552093516
28,2,gmr_30mm,randomized,central,False,True,,0.1978861420066096,0.20067845395533368,0.21988332795444876,0.1978861420066096,6,3,0,6,3,0,6,6,0,3,2.6779e-05,0.009685648,5.757e-06,0.009153419,0.000415256,0.00513752200640738,0.00822351296665147,0.0008683470077812672,0.0017311649862676859,0.01760228001512587,13.4740215887,1.28993964455,0.0210529386849,0.07638627627939257,0.10445233157974392,0.17590319542643018
28,2,hybrid_30mm,randomized,central,False,True,,0.14813214604509994,0.1506008090218529,0.169805683020968,0.14813214604509994,5,2,1,4,1,0,5,4,0,2,1.2722e-05,0.018759363,5.518e-06,0.018519402,0.000162151,0.00513752200640738,0.00822351296665147,0.0008683470077812672,0.0017311649862676859,0.01760228001512587,13.0829019794,1.23835633888,0.0209740157124,0.09741055447722288,0.14245174885880355,0.23870746908816926
28,3,gmr_30mm,randomized,central,False,True,,0.20576407999033108,0.2085486879805103,0.22775356197962537,0.20576407999033108,23,16,0,23,16,0,23,23,0,7,4.693e-05,0.026317046,1.3577e-05,0.025348718,0.000755544,0.00513752200640738,0.00822351296665147,0.0008683470077812672,0.0017311649862676859,0.01760228001512587,12.1716726974,1.14115440876,0.00651771634147,0.072338488494114,0.07659765222042998,0.13330946349847045
28,3,hybrid_30mm,randomized,central,False,True,,0.13391624804353341,0.13657532102661207,0.15578019502572715,0.13391624804353341,4,2,1,3,2,0,4,4,0,2,6.727e-06,0.002189064,2.559e-06,0.002102992,5.6855e-05,0.00513752200640738,0.00822351296665147,0.0008683470077812672,0.0017311649862676859,0.01760228001512587,11.2912339342,0.73308711006,0.0148493972485,0.09694187871342225,0.1144817164306771,0.19550210854153682
28,3,reference_ik,randomized,central,False,True,,0.1637661200365983,0.16620506095932797,0.18540993495844305,0.1637661200365983,0,0,0,0,0,0,0,0,0,0,0,0,0,0,0,0.00513752200640738,0.00822351296665147,0.0008683470077812672,0.0017311649862676859,0.01760228001512587,5.90630690995,0.776267265476,0.00792917293822,0.09763251636162937,0.002501166668246183,0.042072591552093516
28,3,gmm,randomized,central,False,True,,0.16093003802234307,0.16379879997111857,0.18300367397023365,0.16093003802234307,16,6,16,0,0,0,16,11,0,5,2.1982e-05,0.039342643,7.691e-06,0.038708254,0.000417405,0.00513752200640738,0.00822351296665147,0.0008683470077812672,0.0017311649862676859,0.01760228001512587,11.470021363,0.852060433644,0.0221265427812,0.09759067083230769,0.0716161410267276,0.17508653385023223
28,4,hybrid_30mm,randomized,central,False,True,,0.18862682703183964,0.1916714319959283,0.21087630599504337,0.18862682703183964,11,4,2,9,4,0,11,9,0,5,1.1923e-05,0.015290925,4.717e-06,0.015081082,0.000145516,0.00513752200640738,0.00822351296665147,0.0008683470077812672,0.0017311649862676859,0.01760228001512587,13.3404584748,1.16006773611,0.0211598373177,0.06768974032219749,0.09102046721333967,0.14189909332444503
28,4,gmm,randomized,central,False,True,,0.16157061600824818,0.164654819003772,0.18385969300288707,0.16157061600824818,16,9,16,0,0,0,16,11,0,2,1.6469e-05,0.041569401,4.733e-06,0.041231916,0.000184717,0.00513752200640738,0.00822351296665147,0.0008683470077812672,0.0017311649862676859,0.01760228001512587,15.004801453,0.911840795728,0.0190456276341,0.07503954436143749,0.06115808425985587,0.10722890192875309
28,4,reference_ik,randomized,central,False,True,,0.15334858797723427,0.15649230597773567,0.17569717997685075,0.15334858797723427,0,0,0,0,0,0,0,0,0,0,0,0,0,0,0,0.00513752200640738,0.00822351296665147,0.0008683470077812672,0.0017311649862676859,0.01760228001512587,5.90630690995,0.776267265476,0.00792917293822,0.09763251636162937,0.002501166668246183,0.042072591552093516
28,4,gmr_30mm,randomized,central,False,True,,0.20393078500637785,0.20672349398955703,0.2259283679886721,0.20393078500637785,6,3,0,6,3,0,6,5,0,2,4.9123e-05,0.00910638,4.927e-06,0.008897093,0.000128481,0.00513752200640738,0.00822351296665147,0.0008683470077812672,0.0017311649862676859,0.01760228001512587,13.3811997528,1.12283367927,0.0214609221819,0.07987445386375189,0.0643573400076498,0.11112949633969035
53,0,gmm,randomized,offset,False,True,,0.07179785997141153,0.07377585698850453,0.09251075598876923,0.07179785997141153,6,2,6,0,0,0,6,5,0,3,3.5732e-05,0.010555247,5.351e-06,0.010317178,0.00012662,0.004519904963672161,0.008085124019999057,0.0009401259594596922,0.0017380579956807196,0.01688998198369518,5.16009540779,0.414778186565,0.0244774636346,0.09834284965581691,0.036402287495483326,0.08820843011108791
53,0,reference_ik,randomized,offset,False,True,,0.12879889295436442,0.13134212599834427,0.15007702499860898,0.12879889295436442,0,0,0,0,0,0,0,0,0,0,0,0,0,0,0,0.004519904963672161,0.008085124019999057,0.0009401259594596922,0.0017380579956807196,0.01688998198369518,4.65800552449,0.678869173422,0.0224449986869,0.09854808287487798,0.0019779106859764855,0.034373093048669257
53,0,gmr_30mm,randomized,offset,False,True,,0.03896131197689101,0.040964202024042606,0.05969910102430731,0.03896131197689101,3,2,0,3,2,0,3,2,0,0,7.021e-06,0.006192913,3.298e-06,0.006078289,7.0878e-05,0.004519904963672161,0.008085124019999057,0.0009401259594596922,0.0017380579956807196,0.01688998198369518,3.72564032787,0.466856843315,0.0199670502533,0.09733458843241949,0.04833440540613676,0.09719275247414087
53,0,hybrid_30mm,randomized,offset,False,True,,0.05381276301341131,0.05610347096808255,0.07483836996834725,0.05381276301341131,1,1,0,1,1,0,1,1,0,0,4.9298e-05,0.002378321,4.211e-06,0.002246461,7.9073e-05,0.004519904963672161,0.008085124019999057,0.0009401259594596922,0.0017380579956807196,0.01688998198369518,3.02540621348,0.439128967316,0.0245979798473,0.09826660474969034,0.029466297804665562,0.05753114773174256
53,1,hybrid_30mm,randomized,offset,False,True,,0.10030488797929138,0.10253359196940437,0.12126849096966907,0.10030488797929138,2,2,1,1,1,0,2,2,0,0,4.7072e-05,0.003695447,4.767e-06,0.0034993,9.6991e-05,0.004519904963672161,0.008085124019999057,0.0009401259594596922,0.0017380579956807196,0.01688998198369518,4.869330918,0.363737391766,0.0246008271154,0.09878229376534559,0.03947024862474012,0.08079406070878238
53,1,reference_ik,randomized,offset,False,True,,0.12625426799058914,0.12855516001582146,0.14729005901608616,0.12625426799058914,0,0,0,0,0,0,0,0,0,0,0,0,0,0,0,0.004519904963672161,0.008085124019999057,0.0009401259594596922,0.0017380579956807196,0.01688998198369518,4.65800552449,0.678869173422,0.0224449986869,0.09854808287487798,0.0019779106859764855,0.034373093048669257
53,1,gmm,randomized,offset,False,True,,0.04963942302856594,0.052506064996123314,0.07124096399638802,0.04963942302856594,5,2,5,0,0,0,5,3,0,1,2.3483e-05,0.014221494,3.905e-06,0.014087771,5.5478e-05,0.004519904963672161,0.008085124019999057,0.0009401259594596922,0.0017380579956807196,0.01688998198369518,5.51669215593,0.348152349055,0.024214199274,0.09871221443906644,0.06048135426429387,0.10533873514152989
53,1,gmr_30mm,randomized,offset,False,True,,0.10354150098282844,0.10589281498687342,0.12462771398713812,0.10354150098282844,9,7,0,9,7,0,9,8,0,1,4.9979e-05,0.012801679,1.3642e-05,0.01233818,0.000271758,0.004519904963672161,0.008085124019999057,0.0009401259594596922,0.0017380579956807196,0.01688998198369518,5.49262276297,0.39697497017,0.0247386175665,0.09875228012376772,0.042318375367337395,0.08213146244751793
53,2,gmm,randomized,offset,False,True,,0.09660535102011636,0.09889306896366179,0.1176279679639265,0.09660535102011636,3,2,3,0,0,0,3,2,0,0,3.684e-05,0.006601936,3.625e-06,0.006416062,7.0574e-05,0.004519904963672161,0.008085124019999057,0.0009401259594596922,0.0017380579956807196,0.01688998198369518,6.2032941811,0.607600280451,0.00680213284397,0.09849184835653854,0.07147660570339694,0.14929506529756165
53,2,gmr_30mm,randomized,offset,False,True,,0.13552385999355465,0.13790606503607705,0.15664096403634176,0.13552385999355465,1,1,0,1,1,0,1,1,0,0,3.3265e-05,0.002282306,3.326e-06,0.002183903,6.4785e-05,0.004519904963672161,0.008085124019999057,0.0009401259594596922,0.0017380579956807196,0.01688998198369518,13.8573523815,1.30788931299,0.0250869924606,0.09823651946422682,0.10138445691953303,0.18144543922374015
53,2,hybrid_30mm,randomized,offset,False,True,,0.09274145599920303,0.09495161095401272,0.11368650995427743,0.09274145599920303,2,1,0,2,1,0,2,1,0,0,5.2327e-05,0.005676085,4.33e-06,0.00557499,5.0025e-05,0.004519904963672161,0.008085124019999057,0.0009401259594596922,0.0017380579956807196,0.01688998198369518,4.92761640415,0.445137356655,0.025104634891,0.0980783757038082,0.03870908181412457,0.08027920508659543
53,2,reference_ik,randomized,offset,False,True,,0.1318524040398188,0.13460350799141452,0.15333840699167922,0.1318524040398188,0,0,0,0,0,0,0,0,0,0,0,0,0,0,0,0.004519904963672161,0.008085124019999057,0.0009401259594596922,0.0017380579956807196,0.01688998198369518,4.65800552449,0.678869173422,0.0224449986869,0.09854808287487798,0.0019779106859764855,0.034373093048669257
53,3,gmr_30mm,randomized,offset,False,True,,0.05030095297843218,0.053151511994656175,0.07188641099492088,0.05030095297843218,4,2,0,4,2,0,4,3,0,1,8.565e-06,0.012361132,4.992e-06,0.01211485,0.000163737,0.004519904963672161,0.008085124019999057,0.0009401259594596922,0.0017380579956807196,0.01688998198369518,4.72520581579,0.39376888772,0.024725570512,0.0979958095492916,0.04228091248654302,0.0967120233773109
53,3,hybrid_30mm,randomized,offset,False,True,,0.09632768202573061,0.0987798569840379,0.11751475598430261,0.09632768202573061,2,1,0,2,1,0,2,2,0,1,1.945e-05,0.006102266,3.008e-06,0.005913957,0.000147184,0.004519904963672161,0.008085124019999057,0.0009401259594596922,0.0017380579956807196,0.01688998198369518,4.05125814481,0.33031868507,0.0156741987501,0.09877511502121725,0.05574620309631193,0.08886134175876995
53,3,reference_ik,randomized,offset,False,True,,0.13256807101424783,0.13492790795862675,0.15366280695889145,0.13256807101424783,0,0,0,0,0,0,0,0,0,0,0,0,0,0,0,0.004519904963672161,0.008085124019999057,0.0009401259594596922,0.0017380579956807196,0.01688998198369518,4.65800552449,0.678869173422,0.0224449986869,0.09854808287487798,0.0019779106859764855,0.034373093048669257
53,3,gmm,randomized,offset,False,True,,0.13746466400334612,0.14074783900287002,0.15948273800313473,0.13746466400334612,5,4,5,0,0,0,5,5,0,1,4.57e-05,0.009279463,5.198e-06,0.008979705,0.000169105,0.004519904963672161,0.008085124019999057,0.0009401259594596922,0.0017380579956807196,0.01688998198369518,12.6902550842,1.05947558471,0.0242003595645,0.09828484727171716,0.14781877249212128,0.23644684670665575
53,4,gmm,randomized,offset,False,True,,0.1168875340372324,0.11953655601246282,0.13827145501272753,0.1168875340372324,2,2,2,0,0,0,2,2,0,0,1.1526e-05,0.006633097,2.991e-06,0.006456809,8.3091e-05,0.004519904963672161,0.008085124019999057,0.0009401259594596922,0.0017380579956807196,0.01688998198369518,5.43478246077,0.429988240427,0.0243393690312,0.09846371161649531,0.029673480417696272,0.08179059605277507
53,4,hybrid_30mm,randomized,offset,False,True,,0.0992222559871152,0.10138056799769402,0.12011546699795872,0.0992222559871152,1,1,1,0,0,0,1,1,0,0,1.1218e-05,0.001131107,1.266e-06,0.001097906,1.4708e-05,0.004519904963672161,0.008085124019999057,0.0009401259594596922,0.0017380579956807196,0.01688998198369518,3.95947040845,0.536103236762,0.0243673290635,0.09812732422175086,0.030298638459896676,0.06736765831131263
53,4,gmr_30mm,randomized,offset,False,True,,0.2011795950238593,0.20404034096281976,0.22277523996308446,0.2011795950238593,3,3,0,3,3,0,3,3,0,0,1.1474e-05,0.006241469,6.103e-06,0.006031913,0.00012388,0.004519904963672161,0.008085124019999057,0.0009401259594596922,0.0017380579956807196,0.01688998198369518,16.7288078564,1.51354208271,0.0246541914748,0.08021207969196255,0.1052438231924627,0.22012433615276056
53,4,reference_ik,randomized,offset,False,True,,0.13963275897549465,0.14173270697938278,0.1604676059796475,0.13963275897549465,0,0,0,0,0,0,0,0,0,0,0,0,0,0,0,0.004519904963672161,0.008085124019999057,0.0009401259594596922,0.0017380579956807196,0.01688998198369518,4.65800552449,0.678869173422,0.0224449986869,0.09854808287487798,0.0019779106859764855,0.034373093048669257
61,0,gmm,randomized,offset,False,True,,0.11795897601405159,0.12068576103774831,0.13930092804366723,0.11795897601405159,3,1,3,0,0,0,3,3,0,2,4.5554e-05,0.006979746,3.133e-06,0.006746279,0.000143296,0.004572778998408467,0.008011077006813139,0.0008683119667693973,0.0017336320015601814,0.016820303979329765,14.1909141597,1.08114630087,0.0013394133722,0.04266296951161997,0.09563529041445915,0.1693020799283647
61,0,reference_ik,randomized,offset,False,False,reference_ik,0.07109721703454852,0.07290424400707707,0.09151941101299599,6.0,0,0,0,0,0,0,0,0,0,0,0,0,0,0,0,0.004572778998408467,0.008011077006813139,0.0008683119667693973,0.0017336320015601814,0.016820303979329765,,,,,,
61,0,gmr_30mm,randomized,offset,False,True,,0.12313574296422303,0.12608335103141144,0.14469851803733036,0.12313574296422303,6,6,0,6,6,0,6,6,0,0,1.0686e-05,0.004337796,3.305e-06,0.00420592,8.4689e-05,0.004572778998408467,0.008011077006813139,0.0008683119667693973,0.0017336320015601814,0.016820303979329765,13.6003166144,0.823002055682,0.00901118358116,0.07985137025609795,0.03420112873375965,0.07565868620062953
61,0,hybrid_30mm,randomized,offset,False,True,,0.16385297197848558,0.16655620897654444,0.18517137598246336,0.16385297197848558,1,1,1,0,0,0,1,1,0,0,4.1263e-05,0.002571458,2.857e-06,0.002439914,7.0622e-05,0.004572778998408467,0.008011077006813139,0.0008683119667693973,0.0017336320015601814,0.016820303979329765,11.150362453,0.680720273265,0.00896398392676,0.0725361000346964,0.05562554246277212,0.11086503223519233
61,1,reference_ik,randomized,offset,False,False,reference_ik,0.07402058597654104,0.07624061102978885,0.09485577803570777,6.0,0,0,0,0,0,0,0,0,0,0,0,0,0,0,0,0.004572778998408467,0.008011077006813139,0.0008683119667693973,0.0017336320015601814,0.016820303979329765,,,,,,
61,1,hybrid_30mm,randomized,offset,False,True,,0.16224570700433105,0.16468097595497966,0.18329614296089858,0.16224570700433105,1,1,0,1,1,0,1,1,0,0,1.6917e-05,0.000671665,2.152e-06,0.000604894,4.9581e-05,0.004572778998408467,0.008011077006813139,0.0008683119667693973,0.0017336320015601814,0.016820303979329765,14.1867192377,1.12232657191,0.00264532889149,0.04709058686773582,0.08035065398142308,0.1418098220512332
61,1,gmr_30mm,randomized,offset,False,True,,0.11937576998025179,0.12162042397540063,0.14023559098131955,0.11937576998025179,4,3,0,4,3,0,4,4,0,1,4.6113e-05,0.004812522,6.878e-06,0.004569486,0.000156492,0.004572778998408467,0.008011077006813139,0.0008683119667693973,0.0017336320015601814,0.016820303979329765,9.91543282421,0.607562820894,0.00724184181265,0.08024121052019861,0.08108964801136018,0.1487664408474382
61,1,gmm,randomized,offset,False,True,,0.14696213003480807,0.14952055603498593,0.16813572304090485,0.14696213003480807,3,1,3,0,0,0,3,2,0,1,2.0856e-05,0.009179743,2.166e-06,0.009067886,5.6918e-05,0.004572778998408467,0.008011077006813139,0.0008683119667693973,0.0017336320015601814,0.016820303979329765,13.834462539,1.16967540455,0.00674115890692,0.08040937542474057,0.055854285608587136,0.11682284151598028
61,2,hybrid_30mm,randomized,offset,False,True,,0.23392250202596188,0.23656013299478218,0.2551753000007011,0.23392250202596188,8,7,0,8,7,0,8,7,0,0,4.9245e-05,0.007157289,6.587e-06,0.006947153,0.000117707,0.004572778998408467,0.008011077006813139,0.0008683119667693973,0.0017336320015601814,0.016820303979329765,14.6042627775,0.995692135635,0.00325148811831,0.04879566816708287,0.054989477052377764,0.13055688571885268
61,2,gmm,randomized,offset,False,True,,0.16393228102242574,0.16642922500614077,0.1850443920120597,0.16393228102242574,2,2,2,0,0,0,2,2,0,0,4.9503e-05,0.003520826,5.243e-06,0.00326824,0.000114119,0.004572778998408467,0.008011077006813139,0.0008683119667693973,0.0017336320015601814,0.016820303979329765,14.6829290429,0.954857540063,0.00701621781024,0.07999224586307177,0.1152069317967162,0.19267974570603824
61,2,gmr_30mm,randomized,offset,False,True,,0.10279071005061269,0.10509536898462102,0.12371053599053994,0.10279071005061269,10,9,0,10,9,0,10,9,0,0,1.1802e-05,0.014706064,3.3645e-05,0.014281727,0.000228634,0.004572778998408467,0.008011077006813139,0.0008683119667693973,0.0017336320015601814,0.016820303979329765,6.59221818046,0.503248571395,0.00848348488041,0.066723107675213,0.025202825811598276,0.04796996951985932
61,2,reference_ik,randomized,offset,False,False,reference_ik,0.07174585602479056,0.07386834995122626,0.09248351695714518,6.0,0,0,0,0,0,0,0,0,0,0,0,0,0,0,0,0.004572778998408467,0.008011077006813139,0.0008683119667693973,0.0017336320015601814,0.016820303979329765,,,,,,
61,3,gmm,randomized,offset,False,True,,0.08669091603951529,0.08876995299942791,0.10738512000534683,0.08669091603951529,2,2,2,0,0,0,2,2,0,0,1.0543e-05,0.002824072,1.629e-06,0.002762964,2.8653e-05,0.004572778998408467,0.008011077006813139,0.0008683119667693973,0.0017336320015601814,0.016820303979329765,13.1815429612,0.871104787035,0.00978151638408,0.08032081634893594,0.1211785019837318,0.1879193262465787
61,3,reference_ik,randomized,offset,False,False,reference_ik,0.0739178879885003,0.07599669200135395,0.09461185900727287,6.0,0,0,0,0,0,0,0,0,0,0,0,0,0,0,0,0.004572778998408467,0.008011077006813139,0.0008683119667693973,0.0017336320015601814,0.016820303979329765,,,,,,
61,3,gmr_30mm,randomized,offset,False,True,,0.07286836201092228,0.07528007100336254,0.09389523800928146,0.07286836201092228,7,6,0,7,6,0,7,7,0,1,3.2077e-05,0.005220951,3.884e-06,0.004944999,0.000198399,0.004572778998408467,0.008011077006813139,0.0008683119667693973,0.0017336320015601814,0.016820303979329765,5.88767589223,0.491089486032,0.00551926594422,0.07902456769080181,0.03803098594930906,0.09235768198124891
61,3,hybrid_30mm,randomized,offset,False,True,,0.1182587220100686,0.12098890799097717,0.1396040749968961,0.1182587220100686,6,4,0,6,4,0,6,6,0,2,2.7265e-05,0.005711937,5.177e-06,0.005459168,0.000176643,0.004572778998408467,0.008011077006813139,0.0008683119667693973,0.0017336320015601814,0.016820303979329765,12.9640146689,1.02156490598,0.00309366328562,0.061961234193094024,0.06909352976964458,0.1546856525847812
61,4,gmr_30mm,randomized,offset,False,True,,0.10133810102706775,0.10386520595056936,0.12248037295648828,0.10133810102706775,7,5,0,7,5,0,7,6,0,1,1.0844e-05,0.0117612,6.616e-06,0.011496872,0.000172808,0.004572778998408467,0.008011077006813139,0.0008683119667693973,0.0017336320015601814,0.016820303979329765,5.16085002357,0.441228865807,0.0015960830258,0.05049809356732535,0.03226297037230352,0.0613985971921706
61,4,reference_ik,randomized,offset,False,False,reference_ik,0.07463764399290085,0.07663535798201337,0.0952505249879323,6.0,0,0,0,0,0,0,0,0,0,0,0,0,0,0,0,0.004572778998408467,0.008011077006813139,0.0008683119667693973,0.0017336320015601814,0.016820303979329765,,,,,,
61,4,hybrid_30mm,randomized,offset,False,True,,0.11350717197638005,0.11630498099839315,0.13492014800431207,0.11350717197638005,21,17,4,17,14,0,21,18,0,1,4.6706e-05,0.043998405,1.4491e-05,0.043029574,0.000623282,0.004572778998408467,0.008011077006813139,0.0008683119667693973,0.0017336320015601814,0.016820303979329765,5.43409062396,0.552172209199,0.00936136046902,0.08021389653727862,0.04476183656974942,0.10012868053407746
61,4,gmm,randomized,offset,False,True,,0.12624097999650985,0.12922012998024002,0.14783529698615894,0.12624097999650985,2,1,2,0,0,0,2,2,0,1,1.1605e-05,0.001132056,2.229e-06,0.00100785,7.528e-05,0.004572778998408467,0.008011077006813139,0.0008683119667693973,0.0017336320015601814,0.016820303979329765,13.7795504186,0.946500770313,0.00924857300739,0.08022590024109504,0.1774752977803963,0.2752273143912341
21,0,hybrid_30mm,randomized,central,False,True,,0.16073005698854104,0.16340836096787825,0.18194795597810298,0.16073005698854104,1,1,1,0,0,0,1,1,0,0,5.2792e-05,0.004267973,3.76e-06,0.004193889,1.7219e-05,0.005015949951484799,0.00806018803268671,0.0008725280058570206,0.0017470819875597954,0.01728559995535761,13.8655251125,1.62155478957,0.0721142581681,0.15971457094267633,0.13340606368274058,0.2304884536516769
21,0,gmm,randomized,central,False,True,,0.11781452898867428,0.12048024300020188,0.1390198380104266,0.11781452898867428,2,1,2,0,0,0,2,2,0,1,3.3807e-05,0.006810637,3.544e-06,0.00666982,5.6864e-05,0.005015949951484799,0.00806018803268671,0.0008725280058570206,0.0017470819875597954,0.01728559995535761,5.12810592559,0.67734964389,0.0637455445765,0.14974479845848207,0.020588791080681942,0.04907412049841695
21,0,reference_ik,randomized,central,False,True,,0.15157092100707814,0.15476179198594764,0.17330138699617237,0.15157092100707814,0,0,0,0,0,0,0,0,0,0,0,0,0,0,0,0.005015949951484799,0.00806018803268671,0.0008725280058570206,0.0017470819875597954,0.01728559995535761,5.86680562122,0.774557718833,0.0547664966299,0.1540760698206658,0.0040645967262331086,0.04890191015202779
21,0,gmr_30mm,randomized,central,False,True,,0.03908230201341212,0.04165972105693072,0.06019931606715545,0.03908230201341212,2,2,0,2,2,0,2,2,0,0,1.2655e-05,0.002017028,2.169e-06,0.001966734,2.9183e-05,0.005015949951484799,0.00806018803268671,0.0008725280058570206,0.0017470819875597954,0.01728559995535761,4.2798293555,0.61890205372,0.0285264289558,0.14680214128597252,0.02536688834768606,0.04895834712989156
21,1,gmm,randomized,central,False,True,,0.03995813196524978,0.04274219897342846,0.06128179398365319,0.03995813196524978,6,3,6,0,0,0,6,3,0,0,1.091e-05,0.019424611,2.503e-06,0.019297447,5.2117e-05,0.005015949951484799,0.00806018803268671,0.0008725280058570206,0.0017470819875597954,0.01728559995535761,4.79556580022,0.701838503927,0.0515611922208,0.1282156417783253,0.0784342082758419,0.14591001254845418
21,1,gmr_30mm,randomized,central,False,True,,0.11025344900554046,0.11323244497179985,0.13177203998202458,0.11025344900554046,5,4,0,5,4,0,5,5,0,1,4.8756e-05,0.007244353,6.052e-06,0.00711467,6.0753e-05,0.005015949951484799,0.00806018803268671,0.0008725280058570206,0.0017470819875597954,0.01728559995535761,4.87379157876,0.604234224381,0.0274030535096,0.13804540011284241,0.036056515221987794,0.06191486311112447
21,1,hybrid_30mm,randomized,central,False,True,,0.0808508830377832,0.08369635895360261,0.10223595396382734,0.0808508830377832,3,1,1,2,0,0,3,3,0,2,3.6323e-05,0.005096522,5.895e-06,0.004720846,0.000279336,0.005015949951484799,0.00806018803268671,0.0008725280058570206,0.0017470819875597954,0.01728559995535761,4.77953847607,0.662104688936,0.021201890932,0.1391304569198102,0.060361437690644226,0.10073119214032236
21,1,reference_ik,randomized,central,False,True,,0.15270340302959085,0.15579514199635014,0.17433473700657487,0.15270340302959085,0,0,0,0,0,0,0,0,0,0,0,0,0,0,0,0.005015949951484799,0.00806018803268671,0.0008725280058570206,0.0017470819875597954,0.01728559995535761,5.86680562122,0.774557718833,0.0547664966299,0.1540760698206658,0.0040645967262331086,0.04890191015202779
21,2,reference_ik,randomized,central,False,True,,0.1580683279898949,0.1609612189931795,0.17950081400340423,0.1580683279898949,0,0,0,0,0,0,0,0,0,0,0,0,0,0,0,0.005015949951484799,0.00806018803268671,0.0008725280058570206,0.0017470819875597954,0.01728559995535761,5.86680562122,0.774557718833,0.0547664966299,0.1540760698206658,0.0040645967262331086,0.04890191015202779
21,2,hybrid_30mm,randomized,central,False,True,,0.07899573899339885,0.08175222697900608,0.10029182198923081,0.07899573899339885,6,3,3,3,1,0,6,3,0,0,3.6992e-05,0.018611231,7.329e-06,0.018463172,6.2651e-05,0.005015949951484799,0.00806018803268671,0.0008725280058570206,0.0017470819875597954,0.01728559995535761,5.61307582442,0.70272748654,0.0576443187611,0.1590900377238421,0.026193000668685035,0.05793676007813329
21,2,gmr_30mm,randomized,central,False,True,,0.12744537298567593,0.13050083199050277,0.1490404270007275,0.12744537298567593,3,2,0,3,2,0,3,2,0,0,4.7395e-05,0.012318169,5.03e-06,0.012239567,3.0861e-05,0.005015949951484799,0.00806018803268671,0.0008725280058570206,0.0017470819875597954,0.01728559995535761,10.9378712261,0.740041577669,0.00707948721607,0.10700540886817166,0.055361062614060215,0.08848157789279347
21,2,gmm,randomized,central,False,True,,0.13226866198237985,0.1353928479948081,0.15393244300503284,0.13226866198237985,1,1,1,0,0,0,1,1,0,0,5.0983e-05,0.003731027,3.744e-06,0.00355072,9.0491e-05,0.005015949951484799,0.00806018803268671,0.0008725280058570206,0.0017470819875597954,0.01728559995535761,4.17818332173,0.616459658165,0.0257135062269,0.1398416386243889,0.049151062910299026,0.08497954252968969
21,3,hybrid_30mm,randomized,central,False,True,,0.15334077598527074,0.15666402800707147,0.1752036230172962,0.15334077598527074,5,3,1,4,2,0,5,3,0,0,5.1545e-05,0.01799686,1.195e-05,0.017675964,0.000152243,0.005015949951484799,0.00806018803268671,0.0008725280058570206,0.0017470819875597954,0.01728559995535761,9.79293515349,0.751314552041,0.00746066306147,0.1282491570676181,0.04478993506878691,0.07473448191383625
21,3,reference_ik,randomized,central,False,True,,0.15246246301103383,0.15554875804809853,0.17408835305832326,0.15246246301103383,0,0,0,0,0,0,0,0,0,0,0,0,0,0,0,0.005015949951484799,0.00806018803268671,0.0008725280058570206,0.0017470819875597954,0.01728559995535761,5.86680562122,0.774557718833,0.0547664966299,0.1540760698206658,0.0040645967262331086,0.04890191015202779
21,3,gmr_30mm,randomized,central,False,True,,0.16450738901039585,0.16711735003627837,0.1856569450465031,0.16450738901039585,2,1,0,2,1,0,2,2,0,1,1.176e-05,0.002585941,2.246e-06,0.002491468,7.0693e-05,0.005015949951484799,0.00806018803268671,0.0008725280058570206,0.0017470819875597954,0.01728559995535761,9.59911142225,0.749404931601,0.0337660295833,0.15161961504087376,0.054377306859914064,0.1287599029615058
21,3,gmm,randomized,central,False,True,,0.34252452896907926,0.34568046597996727,0.364220060990192,0.34252452896907926,32,16,32,0,0,0,32,21,0,5,4.7436e-05,0.084290925,1.2788e-05,0.083458048,0.000384841,0.005015949951484799,0.00806018803268671,0.0008725280058570206,0.0017470819875597954,0.01728559995535761,18.483192012,1.2501219589,0.0685257948182,0.14794786169438243,0.06870344296031439,0.14714092495983017
21,4,gmr_30mm,randomized,central,False,True,,0.13301490299636498,0.13598399702459574,0.15452359203482047,0.13301490299636498,5,2,0,5,2,0,5,3,0,1,5.246e-05,0.016259192,1.1703e-05,0.015675052,0.000437448,0.005015949951484799,0.00806018803268671,0.0008725280058570206,0.0017470819875597954,0.01728559995535761,7.33638291628,0.673169437597,0.0361152810929,0.14978129662817952,0.05556979380958657,0.11415497684780057
21,4,hybrid_30mm,randomized,central,False,True,,0.11175554600777104,0.11475308798253536,0.1332926829927601,0.11175554600777104,2,2,0,2,2,0,2,2,0,0,4.6095e-05,0.003265815,7.456e-06,0.00300717,0.0001573,0.005015949951484799,0.00806018803268671,0.0008725280058570206,0.0017470819875597954,0.01728559995535761,7.40281030379,0.598042648608,0.00287847352761,0.10464174186941763,0.0373851635041488,0.07463335426786627
21,4,reference_ik,randomized,central,False,True,,0.1530068939900957,0.15628551394911483,0.17482510895933956,0.1530068939900957,0,0,0,0,0,0,0,0,0,0,0,0,0,0,0,0.005015949951484799,0.00806018803268671,0.0008725280058570206,0.0017470819875597954,0.01728559995535761,5.86680562122,0.774557718833,0.0547664966299,0.1540760698206658,0.0040645967262331086,0.04890191015202779
21,4,gmm,randomized,central,False,True,,0.15735837002284825,0.16001213097479194,0.17855172598501667,0.15735837002284825,7,6,7,0,0,0,7,7,0,1,4.8015e-05,0.013174537,7.347e-06,0.012516768,0.000347761,0.005015949951484799,0.00806018803268671,0.0008725280058570206,0.0017470819875597954,0.01728559995535761,8.96008158917,0.7530944736,0.0476508614538,0.12398943617307151,0.04854636049985334,0.08723020947210662
32,0,reference_ik,randomized,central,False,False,endpoint_ik,0.0,0.0,0.018695741018746048,6.0,,,,,,,,,,,,,,,,0.004705886996816844,0.007926260004751384,0.0009154219878837466,0.0017371269641444087,0.016907986951991916,,,,,,
32,0,gmm,randomized,central,False,False,endpoint_ik,0.0,0.0,0.018695741018746048,6.0,,,,,,,,,,,,,,,,0.004705886996816844,0.007926260004751384,0.0009154219878837466,0.0017371269641444087,0.016907986951991916,,,,,,
32,0,hybrid_30mm,randomized,central,False,False,endpoint_ik,0.0,0.0,0.018695741018746048,6.0,,,,,,,,,,,,,,,,0.004705886996816844,0.007926260004751384,0.0009154219878837466,0.0017371269641444087,0.016907986951991916,,,,,,
32,0,gmr_30mm,randomized,central,False,False,endpoint_ik,0.0,0.0,0.018695741018746048,6.0,,,,,,,,,,,,,,,,0.004705886996816844,0.007926260004751384,0.0009154219878837466,0.0017371269641444087,0.016907986951991916,,,,,,
32,1,gmm,randomized,central,False,False,endpoint_ik,0.0,0.0,0.018695741018746048,6.0,,,,,,,,,,,,,,,,0.004705886996816844,0.007926260004751384,0.0009154219878837466,0.0017371269641444087,0.016907986951991916,,,,,,
32,1,gmr_30mm,randomized,central,False,False,endpoint_ik,0.0,0.0,0.018695741018746048,6.0,,,,,,,,,,,,,,,,0.004705886996816844,0.007926260004751384,0.0009154219878837466,0.0017371269641444087,0.016907986951991916,,,,,,
32,1,reference_ik,randomized,central,False,False,endpoint_ik,0.0,0.0,0.018695741018746048,6.0,,,,,,,,,,,,,,,,0.004705886996816844,0.007926260004751384,0.0009154219878837466,0.0017371269641444087,0.016907986951991916,,,,,,
32,1,hybrid_30mm,randomized,central,False,False,endpoint_ik,0.0,0.0,0.018695741018746048,6.0,,,,,,,,,,,,,,,,0.004705886996816844,0.007926260004751384,0.0009154219878837466,0.0017371269641444087,0.016907986951991916,,,,,,
32,2,hybrid_30mm,randomized,central,False,False,endpoint_ik,0.0,0.0,0.018695741018746048,6.0,,,,,,,,,,,,,,,,0.004705886996816844,0.007926260004751384,0.0009154219878837466,0.0017371269641444087,0.016907986951991916,,,,,,
32,2,gmr_30mm,randomized,central,False,False,endpoint_ik,0.0,0.0,0.018695741018746048,6.0,,,,,,,,,,,,,,,,0.004705886996816844,0.007926260004751384,0.0009154219878837466,0.0017371269641444087,0.016907986951991916,,,,,,
32,2,gmm,randomized,central,False,False,endpoint_ik,0.0,0.0,0.018695741018746048,6.0,,,,,,,,,,,,,,,,0.004705886996816844,0.007926260004751384,0.0009154219878837466,0.0017371269641444087,0.016907986951991916,,,,,,
32,2,reference_ik,randomized,central,False,False,endpoint_ik,0.0,0.0,0.018695741018746048,6.0,,,,,,,,,,,,,,,,0.004705886996816844,0.007926260004751384,0.0009154219878837466,0.0017371269641444087,0.016907986951991916,,,,,,
32,3,gmm,randomized,central,False,False,endpoint_ik,0.0,0.0,0.018695741018746048,6.0,,,,,,,,,,,,,,,,0.004705886996816844,0.007926260004751384,0.0009154219878837466,0.0017371269641444087,0.016907986951991916,,,,,,
32,3,gmr_30mm,randomized,central,False,False,endpoint_ik,0.0,0.0,0.018695741018746048,6.0,,,,,,,,,,,,,,,,0.004705886996816844,0.007926260004751384,0.0009154219878837466,0.0017371269641444087,0.016907986951991916,,,,,,
32,3,hybrid_30mm,randomized,central,False,False,endpoint_ik,0.0,0.0,0.018695741018746048,6.0,,,,,,,,,,,,,,,,0.004705886996816844,0.007926260004751384,0.0009154219878837466,0.0017371269641444087,0.016907986951991916,,,,,,
32,3,reference_ik,randomized,central,False,False,endpoint_ik,0.0,0.0,0.018695741018746048,6.0,,,,,,,,,,,,,,,,0.004705886996816844,0.007926260004751384,0.0009154219878837466,0.0017371269641444087,0.016907986951991916,,,,,,
32,4,hybrid_30mm,randomized,central,False,False,endpoint_ik,0.0,0.0,0.018695741018746048,6.0,,,,,,,,,,,,,,,,0.004705886996816844,0.007926260004751384,0.0009154219878837466,0.0017371269641444087,0.016907986951991916,,,,,,
32,4,gmr_30mm,randomized,central,False,False,endpoint_ik,0.0,0.0,0.018695741018746048,6.0,,,,,,,,,,,,,,,,0.004705886996816844,0.007926260004751384,0.0009154219878837466,0.0017371269641444087,0.016907986951991916,,,,,,
32,4,reference_ik,randomized,central,False,False,endpoint_ik,0.0,0.0,0.018695741018746048,6.0,,,,,,,,,,,,,,,,0.004705886996816844,0.007926260004751384,0.0009154219878837466,0.0017371269641444087,0.016907986951991916,,,,,,
32,4,gmm,randomized,central,False,False,endpoint_ik,0.0,0.0,0.018695741018746048,6.0,,,,,,,,,,,,,,,,0.004705886996816844,0.007926260004751384,0.0009154219878837466,0.0017371269641444087,0.016907986951991916,,,,,,
45,0,gmm,randomized,offset,False,True,,0.21703541197348386,0.21950362500501797,0.23777140100719407,0.21703541197348386,2,2,2,0,0,0,2,2,0,0,4.985e-05,0.007131981,4.579e-06,0.006854805,0.000142631,0.004386534972582012,0.008026798022910953,0.0008677149889990687,0.0017064679996110499,0.016593486012425274,11.9675179243,0.829738316447,0.00498455226772,0.04561361832154312,0.06598916285857852,0.16574547621979532
45,0,reference_ik,randomized,offset,False,True,,0.1347328590345569,0.13759154098806903,0.15585931699024513,0.1347328590345569,0,0,0,0,0,0,0,0,0,0,0,0,0,0,0,0.004386534972582012,0.008026798022910953,0.0008677149889990687,0.0017064679996110499,0.016593486012425274,5.58983867748,0.683912535439,0.00548031137356,0.061082522043197494,0.005775398222270209,0.07159142306804452
45,0,gmr_30mm,randomized,offset,False,True,,0.20145522302482277,0.20438697800273076,0.22265475400490686,0.20145522302482277,2,1,0,2,1,0,2,2,0,1,4.6818e-05,0.005696834,8.364e-06,0.005285851,0.000302882,0.004386534972582012,0.008026798022910953,0.0008677149889990687,0.0017064679996110499,0.016593486012425274,12.9755323947,0.940623973251,0.00574980620707,0.053495828855111914,0.05599787684879513,0.14041880817465663
45,0,hybrid_30mm,randomized,offset,False,True,,0.14361975900828838,0.14674905099673197,0.16501682699890807,0.14361975900828838,6,5,2,4,4,0,6,5,0,0,4.8235e-05,0.009241327,9.245e-06,0.009001308,9.8601e-05,0.004386534972582012,0.008026798022910953,0.0008677149889990687,0.0017064679996110499,0.016593486012425274,12.756573718,0.660202045067,0.00480278118831,0.061203982611983725,0.062484258122151276,0.14556725806880297
45,1,reference_ik,randomized,offset,False,True,,0.13884565798798576,0.14105095498962328,0.15931873099179938,0.13884565798798576,0,0,0,0,0,0,0,0,0,0,0,0,0,0,0,0.004386534972582012,0.008026798022910953,0.0008677149889990687,0.0017064679996110499,0.016593486012425274,5.58983867748,0.683912535439,0.00548031137356,0.061082522043197494,0.005775398222270209,0.07159142306804452
45,1,gmr_30mm,randomized,offset,False,True,,0.09606952202739194,0.09908537199953571,0.11735314800171182,0.09606952202739194,1,1,0,1,1,0,1,1,0,0,2.3834e-05,0.000601247,2.584e-06,0.000538892,3.7298e-05,0.004386534972582012,0.008026798022910953,0.0008677149889990687,0.0017064679996110499,0.016593486012425274,9.78272898311,0.687093576294,0.000907843623099,0.041743769856786246,0.06561087200727007,0.14992787914684366
45,1,gmm,randomized,offset,False,True,,0.1376057740417309,0.14071541203884408,0.15898318804102018,0.1376057740417309,8,6,8,0,0,0,8,8,0,2,2.9859e-05,0.008467216,5.193e-06,0.007996134,0.000252831,0.004386534972582012,0.008026798022910953,0.0008677149889990687,0.0017064679996110499,0.016593486012425274,14.5220182441,1.06675536887,0.00381369324024,0.06105988195904532,0.09345544749686487,0.21069078365067015
45,1,hybrid_30mm,randomized,offset,False,True,,0.09501513600116596,0.0978781909798272,0.1161459669820033,0.09501513600116596,4,4,1,3,3,0,4,4,0,0,1.0742e-05,0.00171794,3.143e-06,0.001578685,9.3511e-05,0.004386534972582012,0.008026798022910953,0.0008677149889990687,0.0017064679996110499,0.016593486012425274,13.7749459853,1.13385448021,0.00481048106009,0.061125810035918056,0.18375797542539976,0.28356874219233225
45,2,gmr_30mm,randomized,offset,False,True,,0.08265278802718967,0.08616463601356372,0.10443241201573983,0.08265278802718967,11,10,0,11,10,0,11,11,0,1,1.0943e-05,0.005543288,4.553e-06,0.005354114,0.000125337,0.004386534972582012,0.008026798022910953,0.0008677149889990687,0.0017064679996110499,0.016593486012425274,12.6304180202,0.973630209254,0.00522076167935,0.04731542989425476,0.0570482174749625,0.164071137589546
45,2,hybrid_30mm,randomized,offset,False,True,,0.10760992299765348,0.1104031809954904,0.1286709569976665,0.10760992299765348,4,3,1,3,2,0,4,4,0,1,2.5258e-05,0.007064675,5.82e-06,0.006833868,0.000136834,0.004386534972582012,0.008026798022910953,0.0008677149889990687,0.0017064679996110499,0.016593486012425274,10.3177288777,0.49022631022,0.00580479020852,0.05465443136522484,0.050950849213878706,0.12340087600912093
45,2,gmm,randomized,offset,False,True,,0.29708884801948443,0.30076077801641077,0.3190285540185869,0.29708884801948443,35,11,35,0,0,0,35,23,0,12,3.103e-05,0.092545919,9.659e-06,0.091584506,0.000580769,0.004386534972582012,0.008026798022910953,0.0008677149889990687,0.0017064679996110499,0.016593486012425274,13.7903498426,0.976459989271,0.00514451290236,0.06105479921656085,0.17272788480065046,0.25583687092933743
45,2,reference_ik,randomized,offset,False,True,,0.13296869600890204,0.13568738801404834,0.15395516401622444,0.13296869600890204,0,0,0,0,0,0,0,0,0,0,0,0,0,0,0,0.004386534972582012,0.008026798022910953,0.0008677149889990687,0.0017064679996110499,0.016593486012425274,5.58983867748,0.683912535439,0.00548031137356,0.061082522043197494,0.005775398222270209,0.07159142306804452
45,3,gmm,randomized,offset,False,True,,0.14998031803406775,0.15309653501026332,0.17136431101243943,0.14998031803406775,17,7,17,0,0,0,17,12,0,5,4.8078e-05,0.043640515,8.025e-06,0.04307518,0.000363548,0.004386534972582012,0.008026798022910953,0.0008677149889990687,0.0017064679996110499,0.016593486012425274,9.39274179161,0.481097670298,0.00173102837373,0.060370223095263235,0.049478225113902645,0.11638867663146642
45,3,reference_ik,randomized,offset,False,True,,0.13945679104654118,0.14223162503913045,0.16049940104130656,0.13945679104654118,0,0,0,0,0,0,0,0,0,0,0,0,0,0,0,0.004386534972582012,0.008026798022910953,0.0008677149889990687,0.0017064679996110499,0.016593486012425274,5.58983867748,0.683912535439,0.00548031137356,0.061082522043197494,0.005775398222270209,0.07159142306804452
45,3,gmr_30mm,randomized,offset,False,True,,0.27722562197595835,0.2803763219853863,0.2986440979875624,0.27722562197595835,11,6,0,11,6,0,11,9,0,3,5.2907e-05,0.026071729,6.691e-06,0.025847202,0.000137897,0.004386534972582012,0.008026798022910953,0.0008677149889990687,0.0017064679996110499,0.016593486012425274,18.0083667328,1.02866250593,0.00511448272773,0.0610641502128735,0.09333056239287607,0.1960180737080644
45,3,hybrid_30mm,randomized,offset,False,True,,0.15027630800614133,0.15351448499131948,0.17178226099349558,0.15027630800614133,7,4,4,3,2,0,7,7,0,3,5.3396e-05,0.008009098,6.135e-06,0.007785719,9.8271e-05,0.004386534972582012,0.008026798022910953,0.0008677149889990687,0.0017064679996110499,0.016593486012425274,12.8330422434,1.19990744128,0.00498034181741,0.047426463022354745,0.18537107917269594,0.2644824697211256
45,4,gmr_30mm,randomized,offset,False,True,,0.17903986701276153,0.18222949601477012,0.20049727201694623,0.17903986701276153,2,2,0,2,2,0,2,2,0,0,5.3277e-05,0.004215639,7.25e-06,0.003956721,0.00016926,0.004386534972582012,0.008026798022910953,0.0008677149889990687,0.0017064679996110499,0.016593486012425274,11.4474644854,0.858885200012,0.00464833800632,0.04470889469701899,0.05493222464508228,0.1501450804879396
45,4,hybrid_30mm,randomized,offset,False,True,,0.14558913197834045,0.1482018519891426,0.1664696279913187,0.14558913197834045,1,1,0,1,1,0,1,1,0,0,4.7729e-05,0.002175417,5.18e-06,0.001998014,0.000108371,0.004386534972582012,0.008026798022910953,0.0008677149889990687,0.0017064679996110499,0.016593486012425274,12.9349631045,0.527634173464,0.00468441968861,0.06028496667190105,0.048943880313946586,0.10087435198311821
45,4,reference_ik,randomized,offset,False,True,,0.13497181399725378,0.13786834495840594,0.15613612096058205,0.13497181399725378,0,0,0,0,0,0,0,0,0,0,0,0,0,0,0,0.004386534972582012,0.008026798022910953,0.0008677149889990687,0.0017064679996110499,0.016593486012425274,5.58983867748,0.683912535439,0.00548031137356,0.061082522043197494,0.005775398222270209,0.07159142306804452
45,4,gmm,randomized,offset,False,True,,0.1999040319933556,0.20279342599678785,0.22106120199896395,0.1999040319933556,2,1,2,0,0,0,2,1,0,0,5.2545e-05,0.024169131,5.199e-06,0.023904314,0.000144065,0.004386534972582012,0.008026798022910953,0.0008677149889990687,0.0017064679996110499,0.016593486012425274,13.9839474123,1.20397407863,0.00515963704162,0.05100872745214934,0.14285212214490722,0.2393382151399832
50,0,gmm,randomized,offset,False,True,,0.1712925719912164,0.17421293002553284,0.19313590903766453,0.1712925719912164,17,11,17,0,0,0,17,14,0,3,5.0279e-05,0.031379502,8.53e-06,0.030792339,0.000306166,0.004808991972822696,0.008177534968126565,0.0008556420216336846,0.0017665060004219413,0.017259968968573958,13.1941292747,1.29528896734,4.41290757787e-06,0.0604172808979526,0.09890219450384782,0.25728196664316105
50,0,gmr_30mm,randomized,offset,False,True,,0.10188065399415791,0.1051696430076845,0.12409262201981619,0.10188065399415791,13,10,0,13,10,0,13,12,0,2,8.4553e-05,0.019406662,1.1332e-05,0.019085573,0.000209576,0.004808991972822696,0.008177534968126565,0.0008556420216336846,0.0017665060004219413,0.017259968968573958,10.448664883,1.00975404437,2.23291380091e-05,0.0671103399199278,0.1346159024817635,0.2808726668252182
50,0,reference_ik,randomized,offset,False,False,reference_edge_invalid,0.18703025195281953,0.18888028600485995,0.20780326501699165,6.0,0,0,0,0,0,0,0,0,0,0,0,0,0,0,0,0.004808991972822696,0.008177534968126565,0.0008556420216336846,0.0017665060004219413,0.017259968968573958,,,,,,
50,0,hybrid_30mm,randomized,offset,False,True,,0.06102006102446467,0.06333130999701098,0.08225428900914267,0.06102006102446467,3,3,0,3,3,0,3,3,0,0,6.359e-06,0.002861299,2.01e-06,0.002785984,4.7152e-05,0.004808991972822696,0.008177534968126565,0.0008556420216336846,0.0017665060004219413,0.017259968968573958,9.29195783591,1.2784169561,0.000423292540993,0.07525305290027065,0.13632961993703874,0.3369215809340534
50,1,gmr_30mm,randomized,offset,False,True,,0.12022680201334879,0.12335738399997354,0.14228036301210523,0.12022680201334879,1,1,0,1,1,0,1,1,0,0,4.9152e-05,0.002216474,4.247e-06,0.002066405,0.00010331,0.004808991972822696,0.008177534968126565,0.0008556420216336846,0.0017665060004219413,0.017259968968573958,9.28336300634,1.28038218584,0.000200749826014,0.07438976931033266,0.16536984072290462,0.3418216550492155
50,1,hybrid_30mm,randomized,offset,False,True,,0.05155435897177085,0.05480598896974698,0.07372896798187867,0.05155435897177085,6,5,2,4,4,0,6,6,0,1,1.082e-05,0.004698335,5.598e-06,0.004424328,0.000154708,0.004808991972822696,0.008177534968126565,0.0008556420216336846,0.0017665060004219413,0.017259968968573958,7.65245603887,0.724819675949,0.000723912457896,0.05730224416426938,0.09010372860643474,0.2556690226536408
50,1,reference_ik,randomized,offset,False,False,reference_edge_invalid,0.17907854705117643,0.18135733797680587,0.20028031698893756,6.0,0,0,0,0,0,0,0,0,0,0,0,0,0,0,0,0.004808991972822696,0.008177534968126565,0.0008556420216336846,0.0017665060004219413,0.017259968968573958,,,,,,
50,1,gmm,randomized,offset,False,True,,0.13140776701038703,0.13374289497733116,0.15266587398946285,0.13140776701038703,26,16,26,0,0,0,26,24,0,8,1.2314e-05,0.023543983,4.833e-06,0.023137664,0.000225783,0.004808991972822696,0.008177534968126565,0.0008556420216336846,0.0017665060004219413,0.017259968968573958,14.6993374421,1.40151099867,0.000351521980384,0.056068157055404994,0.12924676620886522,0.26863709890755666
50,2,hybrid_30mm,randomized,offset,False,True,,0.12767444999190047,0.13072843401459977,0.14965141302673146,0.12767444999190047,4,3,0,4,3,0,4,3,0,0,2.8776e-05,0.013201131,4.931e-06,0.013029815,9.5386e-05,0.004808991972822696,0.008177534968126565,0.0008556420216336846,0.0017665060004219413,0.017259968968573958,7.6049499918,0.69231164491,0.000116277117255,0.05392968729197744,0.07578827768492073,0.25022200792462723
50,2,reference_ik,randomized,offset,False,False,reference_edge_invalid,0.19188206602120772,0.1949609789880924,0.21388395800022408,6.0,0,0,0,0,0,0,0,0,0,0,0,0,0,0,0,0.004808991972822696,0.008177534968126565,0.0008556420216336846,0.0017665060004219413,0.017259968968573958,,,,,,
50,2,gmm,randomized,offset,False,True,,0.20633813901804388,0.20840967097319663,0.22733264998532832,0.20633813901804388,22,13,22,0,0,0,22,16,0,3,5.1487e-05,0.051786405,1.1591e-05,0.050946071,0.000470171,0.004808991972822696,0.008177534968126565,0.0008556420216336846,0.0017665060004219413,0.017259968968573958,9.14760500339,1.1097351864,0.000351840944493,0.07399880785240813,0.1269758766845853,0.330474687079516
50,2,gmr_30mm,randomized,offset,False,True,,0.09879942197585478,0.10158182500163093,0.12050480401376262,0.09879942197585478,2,2,0,2,2,0,2,2,0,0,8.519e-06,0.00293464,3.055e-06,0.002784784,0.000101203,0.004808991972822696,0.008177534968126565,0.0008556420216336846,0.0017665060004219413,0.017259968968573958,12.7637116841,1.21732247928,6.58524201806e-06,0.06939738717589511,0.11731712514939138,0.2906337511323668
50,3,gmm,randomized,offset,False,True,,0.09842229902278632,0.10112756898161024,0.12005054799374193,0.09842229902278632,18,9,18,0,0,0,18,15,0,6,3.956e-05,0.02852206,5.822e-06,0.028084443,0.00022595,0.004808991972822696,0.008177534968126565,0.0008556420216336846,0.0017665060004219413,0.017259968968573958,8.06554295785,0.767287743799,0.00012278617533,0.07027787722098952,0.16474658702940115,0.31470346295989643
50,3,hybrid_30mm,randomized,offset,False,True,,0.12725472199963406,0.1298333589802496,0.1487563379923813,0.12725472199963406,3,2,0,3,2,0,3,3,0,1,1.1268e-05,0.005860852,2.508e-06,0.005740114,8.8553e-05,0.004808991972822696,0.008177534968126565,0.0008556420216336846,0.0017665060004219413,0.017259968968573958,12.1813024625,1.13535199306,0.000151524667755,0.07593791937969606,0.15793959978723623,0.32791174696520053
50,3,reference_ik,randomized,offset,False,False,reference_edge_invalid,0.20308379299240187,0.20524382701842114,0.22416680603055283,6.0,0,0,0,0,0,0,0,0,0,0,0,0,0,0,0,0.004808991972822696,0.008177534968126565,0.0008556420216336846,0.0017665060004219413,0.017259968968573958,,,,,,
50,3,gmr_30mm,randomized,offset,False,True,,0.1521167770260945,0.15468633401906118,0.17360931303119287,0.1521167770260945,8,4,0,8,4,0,8,5,0,1,3.4198e-05,0.025911895,7.615e-06,0.025715196,0.000112501,0.004808991972822696,0.008177534968126565,0.0008556420216336846,0.0017665060004219413,0.017259968968573958,11.5578074979,1.2306051558,4.021053954e-06,0.07584603727327932,0.13761704593193322,0.32679993211225133
50,4,reference_ik,randomized,offset,False,False,reference_edge_invalid,0.3107946729869582,0.3130707259988412,0.3319937050109729,6.0,0,0,0,0,0,0,0,0,0,0,0,0,0,0,0,0.004808991972822696,0.008177534968126565,0.0008556420216336846,0.0017665060004219413,0.017259968968573958,,,,,,
50,4,gmr_30mm,randomized,offset,False,True,,0.1942614289582707,0.19647468900075182,0.21539766801288351,0.1942614289582707,4,4,0,4,4,0,4,4,0,0,4.6225e-05,0.007360193,9.299e-06,0.007026604,0.000198369,0.004808991972822696,0.008177534968126565,0.0008556420216336846,0.0017665060004219413,0.017259968968573958,11.1388185176,1.23248364694,0.000150481916516,0.07430126987912662,0.13984136365420186,0.316536177403756
50,4,hybrid_30mm,randomized,offset,False,True,,0.17630083800759166,0.1789332460029982,0.1978562250151299,0.17630083800759166,9,5,1,8,4,0,9,8,0,3,4.9772e-05,0.030871766,7.775e-06,0.030668689,0.000102156,0.004808991972822696,0.008177534968126565,0.0008556420216336846,0.0017665060004219413,0.017259968968573958,8.89664053684,1.25736646606,0.000293249857605,0.07275309501416882,0.13907668223503822,0.33090259547805617
50,4,gmm,randomized,offset,False,True,,0.07445181399816647,0.07736483897315338,0.09628781798528507,0.07445181399816647,15,9,15,0,0,0,15,12,0,3,7.127e-06,0.024067041,3.767e-06,0.023739291,0.000188074,0.004808991972822696,0.008177534968126565,0.0008556420216336846,0.0017665060004219413,0.017259968968573958,8.56565104263,0.972322000529,0.000295197468922,0.05760553649282699,0.11173501643841305,0.2698113803600074
116,0,hybrid_30mm,randomized,distant,False,True,,0.06871832004981115,0.0708259369712323,0.0886398009606637,0.06871832004981115,5,3,1,4,2,0,5,5,0,2,1.8372e-05,0.007255597,3.603e-06,0.007072978,0.000117271,0.004249235964380205,0.007974993030074984,0.0008184349862858653,0.001709870994091034,0.01633302099071443,3.22052517155,0.361521288469,0.0637503393871,0.16848165822600347,0.07588945650587746,0.14455488772466485
116,0,gmr_30mm,randomized,distant,False,True,,0.1393480310216546,0.14171957096550614,0.15953343495493755,0.1393480310216546,1,1,0,1,1,0,1,1,0,0,3.4194e-05,0.001074714,3.053e-06,0.00097841,5.938e-05,0.004249235964380205,0.007974993030074984,0.0008184349862858653,0.001709870994091034,0.01633302099071443,12.6110417411,1.00029738628,0.115658155099,0.20708499938665517,0.10728562317727788,0.19199270735174803
116,0,reference_ik,randomized,distant,False,True,,0.14700471697142348,0.14951960503822193,0.16733346902765334,0.14700471697142348,0,0,0,0,0,0,0,0,0,0,0,0,0,0,0,0.004249235964380205,0.007974993030074984,0.0008184349862858653,0.001709870994091034,0.01633302099071443,5.03744965233,0.756095153816,0.0300798608469,0.1300507357719018,0.0028324713937536395,0.04417857334136415
116,0,gmm,randomized,distant,False,True,,0.1553540219902061,0.15781074803089723,0.17562461202032864,0.1553540219902061,1,1,1,0,0,0,1,1,0,0,4.9818e-05,0.000977861,2.224e-06,0.00087415,5.5256e-05,0.004249235964380205,0.007974993030074984,0.0008184349862858653,0.001709870994091034,0.01633302099071443,9.54171633779,0.779027184607,0.0497763134655,0.1671464278476417,0.0642082413727217,0.13349346814315846
116,1,reference_ik,randomized,distant,False,True,,0.1470234190346673,0.1496910090208985,0.1675048730103299,0.1470234190346673,0,0,0,0,0,0,0,0,0,0,0,0,0,0,0,0.004249235964380205,0.007974993030074984,0.0008184349862858653,0.001709870994091034,0.01633302099071443,5.03744965233,0.756095153816,0.0300798608469,0.1300507357719018,0.0028324713937536395,0.04417857334136415
116,1,gmr_30mm,randomized,distant,False,True,,0.06984125799499452,0.07313440303551033,0.09094826702494174,0.06984125799499452,1,1,0,1,1,0,1,1,0,0,1.861e-05,0.001709814,1.849e-06,0.001647489,4.2148e-05,0.004249235964380205,0.007974993030074984,0.0008184349862858653,0.001709870994091034,0.01633302099071443,9.36369662048,0.704783004319,0.0677917498342,0.1535763484462829,0.0665450070153377,0.14025435077330628
116,1,hybrid_30mm,randomized,distant,False,True,,0.08463041798677295,0.0874508050037548,0.1052646689931862,0.08463041798677295,10,6,1,9,6,0,10,8,0,2,2.2373e-05,0.028576128,8.89e-06,0.028035012,0.000360576,0.004249235964380205,0.007974993030074984,0.0008184349862858653,0.001709870994091034,0.01633302099071443,3.83469026897,0.488844574175,0.0610805888145,0.1667953259593447,0.06261111537957588,0.13632358593437985
116,1,gmm,randomized,distant,False,True,,0.15979566500755027,0.16260345303453505,0.18041731702396646,0.15979566500755027,11,3,11,0,0,0,11,4,0,1,4.6053e-05,0.045659196,3.6038e-05,0.045108317,0.000204794,0.004249235964380205,0.007974993030074984,0.0008184349862858653,0.001709870994091034,0.01633302099071443,4.10837916727,0.532860445407,0.0240759668224,0.1358395255644554,0.03173696164841508,0.06962889540147625
116,2,gmm,randomized,distant,False,True,,0.12856447900412604,0.1309388430090621,0.14875270699849352,0.12856447900412604,2,1,2,0,0,0,2,2,0,1,2.8776e-05,0.003317714,2.816e-06,0.003072268,0.000161889,0.004249235964380205,0.007974993030074984,0.0008184349862858653,0.001709870994091034,0.01633302099071443,11.8813982757,0.96755510971,0.0469576644363,0.14785557974001967,0.07284653333491889,0.15364535036377222
116,2,hybrid_30mm,randomized,distant,False,True,,0.06980007799575105,0.07237413799157366,0.09018800198100507,0.06980007799575105,2,1,0,2,1,0,2,1,0,0,3.0319e-05,0.007622939,3.201e-06,0.007586817,9.397e-06,0.004249235964380205,0.007974993030074984,0.0008184349862858653,0.001709870994091034,0.01633302099071443,7.68905663276,0.535388772016,0.0294457276266,0.13947709346190001,0.03726444350357991,0.058888092428662595
116,2,gmr_30mm,randomized,distant,False,True,,0.1219445809838362,0.12502400996163487,0.14283787395106629,0.1219445809838362,5,3,0,5,3,0,5,4,0,1,3.5363e-05,0.016735819,5.285e-06,0.01643996,0.000207845,0.004249235964380205,0.007974993030074984,0.0008184349862858653,0.001709870994091034,0.01633302099071443,4.9222862516,0.56048038201,0.0797966843232,0.19225926429847268,0.04349336274413047,0.11468954868193616
116,2,reference_ik,randomized,distant,False,True,,0.14367319096345454,0.1462515059974976,0.164065369986929,0.14367319096345454,0,0,0,0,0,0,0,0,0,0,0,0,0,0,0,0.004249235964380205,0.007974993030074984,0.0008184349862858653,0.001709870994091034,0.01633302099071443,5.03744965233,0.756095153816,0.0300798608469,0.1300507357719018,0.0028324713937536395,0.04417857334136415
116,3,reference_ik,randomized,distant,False,True,,0.14258954499382526,0.1456373159890063,0.16345117997843772,0.14258954499382526,0,0,0,0,0,0,0,0,0,0,0,0,0,0,0,0.004249235964380205,0.007974993030074984,0.0008184349862858653,0.001709870994091034,0.01633302099071443,5.03744965233,0.756095153816,0.0300798608469,0.1300507357719018,0.0028324713937536395,0.04417857334136415
116,3,gmr_30mm,randomized,distant,False,True,,0.13729569897986948,0.13992808695184067,0.15774195094127208,0.13729569897986948,2,2,0,2,2,0,2,2,0,0,3.6068e-05,0.002009689,4.563e-06,0.001864881,8.6271e-05,0.004249235964380205,0.007974993030074984,0.0008184349862858653,0.001709870994091034,0.01633302099071443,7.62321678155,0.527321249856,0.116486953059,0.20765743372194645,0.06301677554931,0.15393592290017485
116,3,gmm,randomized,distant,False,True,,0.08003171102609485,0.08316939102951437,0.10098325501894578,0.08003171102609485,4,2,4,0,0,0,4,3,0,1,1.127e-05,0.007435371,1.738e-06,0.007344289,4.6172e-05,0.004249235964380205,0.007974993030074984,0.0008184349862858653,0.001709870994091034,0.01633302099071443,7.81590211148,0.606201793151,0.106231945815,0.20791086107681842,0.07888018227178929,0.14983207922417152
116,3,hybrid_30mm,randomized,distant,False,True,,0.15603834699140862,0.15861949499230832,0.17643335898173973,0.15603834699140862,2,2,1,1,1,0,2,2,0,0,4.1023e-05,0.003267766,4.119e-06,0.003072844,0.000110088,0.004249235964380205,0.007974993030074984,0.0008184349862858653,0.001709870994091034,0.01633302099071443,13.2771795739,0.732063468532,0.0127596697539,0.13149995552746782,0.04353249340192,0.0878457140979959
116,4,reference_ik,randomized,distant,False,True,,0.13685611996334046,0.13950671802740544,0.15732058201683685,0.13685611996334046,0,0,0,0,0,0,0,0,0,0,0,0,0,0,0,0.004249235964380205,0.007974993030074984,0.0008184349862858653,0.001709870994091034,0.01633302099071443,5.03744965233,0.756095153816,0.0300798608469,0.1300507357719018,0.0028324713937536395,0.04417857334136415
116,4,gmm,randomized,distant,False,True,,0.15543630404863507,0.15856662701116875,0.17638049100060016,0.15543630404863507,2,1,2,0,0,0,2,1,0,0,4.6458e-05,0.006109658,5.435e-06,0.005884849,9.2981e-05,0.004249235964380205,0.007974993030074984,0.0008184349862858653,0.001709870994091034,0.01633302099071443,12.2002539031,0.71016441552,0.0641552103677,0.20789948886278767,0.16575729770945163,0.2627098492956919
116,4,gmr_30mm,randomized,distant,False,True,,0.07903393899323419,0.08132594701601192,0.09913981100544333,0.07903393899323419,1,1,0,1,1,0,1,1,0,0,1.1294e-05,0.001396982,1.632e-06,0.00135319,3.0268e-05,0.004249235964380205,0.007974993030074984,0.0008184349862858653,0.001709870994091034,0.01633302099071443,11.7002231091,0.752427350349,0.0835379731981,0.16133641517613578,0.09675957194081304,0.20917723006613356
116,4,hybrid_30mm,randomized,distant,False,True,,0.117463233997114,0.12001107702963054,0.13782494101906195,0.117463233997114,1,1,0,1,1,0,1,1,0,0,5.2083e-05,0.001475734,5.114e-06,0.001335882,8.3714e-05,0.004249235964380205,0.007974993030074984,0.0008184349862858653,0.001709870994091034,0.01633302099071443,9.37410409118,0.646622483184,0.0681533249438,0.1863940365172384,0.04819146439440878,0.14300266625487335
23,0,reference_ik,randomized,central,False,False,endpoint_ik,0.0,0.0,0.019008973031304777,6.0,,,,,,,,,,,,,,,,0.004858749976847321,0.007841056969482452,0.0008377379854209721,0.0016708050388842821,0.016809171007480472,,,,,,
23,0,hybrid_30mm,randomized,central,False,False,endpoint_ik,0.0,0.0,0.019008973031304777,6.0,,,,,,,,,,,,,,,,0.004858749976847321,0.007841056969482452,0.0008377379854209721,0.0016708050388842821,0.016809171007480472,,,,,,
23,0,gmr_30mm,randomized,central,False,False,endpoint_ik,0.0,0.0,0.019008973031304777,6.0,,,,,,,,,,,,,,,,0.004858749976847321,0.007841056969482452,0.0008377379854209721,0.0016708050388842821,0.016809171007480472,,,,,,
23,0,gmm,randomized,central,False,False,endpoint_ik,0.0,0.0,0.019008973031304777,6.0,,,,,,,,,,,,,,,,0.004858749976847321,0.007841056969482452,0.0008377379854209721,0.0016708050388842821,0.016809171007480472,,,,,,
23,1,gmr_30mm,randomized,central,False,False,endpoint_ik,0.0,0.0,0.019008973031304777,6.0,,,,,,,,,,,,,,,,0.004858749976847321,0.007841056969482452,0.0008377379854209721,0.0016708050388842821,0.016809171007480472,,,,,,
23,1,gmm,randomized,central,False,False,endpoint_ik,0.0,0.0,0.019008973031304777,6.0,,,,,,,,,,,,,,,,0.004858749976847321,0.007841056969482452,0.0008377379854209721,0.0016708050388842821,0.016809171007480472,,,,,,
23,1,reference_ik,randomized,central,False,False,endpoint_ik,0.0,0.0,0.019008973031304777,6.0,,,,,,,,,,,,,,,,0.004858749976847321,0.007841056969482452,0.0008377379854209721,0.0016708050388842821,0.016809171007480472,,,,,,
23,1,hybrid_30mm,randomized,central,False,False,endpoint_ik,0.0,0.0,0.019008973031304777,6.0,,,,,,,,,,,,,,,,0.004858749976847321,0.007841056969482452,0.0008377379854209721,0.0016708050388842821,0.016809171007480472,,,,,,
23,2,reference_ik,randomized,central,False,False,endpoint_ik,0.0,0.0,0.019008973031304777,6.0,,,,,,,,,,,,,,,,0.004858749976847321,0.007841056969482452,0.0008377379854209721,0.0016708050388842821,0.016809171007480472,,,,,,
23,2,hybrid_30mm,randomized,central,False,False,endpoint_ik,0.0,0.0,0.019008973031304777,6.0,,,,,,,,,,,,,,,,0.004858749976847321,0.007841056969482452,0.0008377379854209721,0.0016708050388842821,0.016809171007480472,,,,,,
23,2,gmr_30mm,randomized,central,False,False,endpoint_ik,0.0,0.0,0.019008973031304777,6.0,,,,,,,,,,,,,,,,0.004858749976847321,0.007841056969482452,0.0008377379854209721,0.0016708050388842821,0.016809171007480472,,,,,,
23,2,gmm,randomized,central,False,False,endpoint_ik,0.0,0.0,0.019008973031304777,6.0,,,,,,,,,,,,,,,,0.004858749976847321,0.007841056969482452,0.0008377379854209721,0.0016708050388842821,0.016809171007480472,,,,,,
23,3,hybrid_30mm,randomized,central,False,False,endpoint_ik,0.0,0.0,0.019008973031304777,6.0,,,,,,,,,,,,,,,,0.004858749976847321,0.007841056969482452,0.0008377379854209721,0.0016708050388842821,0.016809171007480472,,,,,,
23,3,gmr_30mm,randomized,central,False,False,endpoint_ik,0.0,0.0,0.019008973031304777,6.0,,,,,,,,,,,,,,,,0.004858749976847321,0.007841056969482452,0.0008377379854209721,0.0016708050388842821,0.016809171007480472,,,,,,
23,3,reference_ik,randomized,central,False,False,endpoint_ik,0.0,0.0,0.019008973031304777,6.0,,,,,,,,,,,,,,,,0.004858749976847321,0.007841056969482452,0.0008377379854209721,0.0016708050388842821,0.016809171007480472,,,,,,
23,3,gmm,randomized,central,False,False,endpoint_ik,0.0,0.0,0.019008973031304777,6.0,,,,,,,,,,,,,,,,0.004858749976847321,0.007841056969482452,0.0008377379854209721,0.0016708050388842821,0.016809171007480472,,,,,,
23,4,gmm,randomized,central,False,False,endpoint_ik,0.0,0.0,0.019008973031304777,6.0,,,,,,,,,,,,,,,,0.004858749976847321,0.007841056969482452,0.0008377379854209721,0.0016708050388842821,0.016809171007480472,,,,,,
23,4,reference_ik,randomized,central,False,False,endpoint_ik,0.0,0.0,0.019008973031304777,6.0,,,,,,,,,,,,,,,,0.004858749976847321,0.007841056969482452,0.0008377379854209721,0.0016708050388842821,0.016809171007480472,,,,,,
23,4,hybrid_30mm,randomized,central,False,False,endpoint_ik,0.0,0.0,0.019008973031304777,6.0,,,,,,,,,,,,,,,,0.004858749976847321,0.007841056969482452,0.0008377379854209721,0.0016708050388842821,0.016809171007480472,,,,,,
23,4,gmr_30mm,randomized,central,False,False,endpoint_ik,0.0,0.0,0.019008973031304777,6.0,,,,,,,,,,,,,,,,0.004858749976847321,0.007841056969482452,0.0008377379854209721,0.0016708050388842821,0.016809171007480472,,,,,,
94,0,gmm,randomized,distant,False,True,,0.09863525500986725,0.10123312205541879,0.11921511206310242,0.09863525500986725,2,1,2,0,0,0,2,2,0,1,1.0698e-05,0.001970344,1.441e-06,0.001890442,4.6005e-05,0.0043181609944440424,0.007962238974869251,0.0009347019949927926,0.0017085580038838089,0.01650723203783855,6.44151585439,0.36419396127,0.0117759270458,0.0786229296791976,0.06589830228767586,0.14078466939844572
94,0,reference_ik,randomized,distant,False,True,,0.14677033299813047,0.14971415104810148,0.16769614105578512,0.14677033299813047,0,0,0,0,0,0,0,0,0,0,0,0,0,0,0,0.0043181609944440424,0.007962238974869251,0.0009347019949927926,0.0017085580038838089,0.01650723203783855,4.93867500197,0.777495405818,0.0173486219632,0.07871548083438351,0.0075145717332770106,0.08690064577960205
94,0,hybrid_30mm,randomized,distant,False,True,,0.07108294399222359,0.07386504497844726,0.0918470349861309,0.07108294399222359,2,2,1,1,1,0,2,2,0,0,1.1137e-05,0.003250783,3.361e-06,0.003119461,6.5398e-05,0.0043181609944440424,0.007962238974869251,0.0009347019949927926,0.0017085580038838089,0.01650723203783855,3.29885405914,0.467974744233,0.0183757851928,0.07802484726043017,0.05254370038981298,0.08892174631444136
94,0,gmr_30mm,randomized,distant,False,True,,0.0881350829731673,0.09277669398579746,0.1107586839934811,0.0881350829731673,1,1,0,1,1,0,1,1,0,0,7.395e-05,0.005019419,4.686e-06,0.004955592,2.4877e-05,0.0043181609944440424,0.007962238974869251,0.0009347019949927926,0.0017085580038838089,0.01650723203783855,2.86450848477,0.454602101636,0.01392088195,0.07871290077047169,0.04892974893600232,0.11713681609859777
94,1,gmr_30mm,randomized,distant,False,True,,0.1594283859594725,0.1622410549898632,0.18022304499754682,0.1594283859594725,3,1,0,3,1,0,3,2,0,1,5.6798e-05,0.015152593,7.39e-06,0.014954331,0.000114919,0.0043181609944440424,0.007962238974869251,0.0009347019949927926,0.0017085580038838089,0.01650723203783855,10.7281268403,0.633597237362,0.0188768476118,0.07898972628364495,0.07288393179523127,0.14434355722975095
94,1,gmm,randomized,distant,False,True,,0.1310483610141091,0.13353419699706137,0.151516187004745,0.1310483610141091,1,1,1,0,0,0,1,1,0,0,1.679e-05,0.001359661,1.437e-06,0.00130532,2.4655e-05,0.0043181609944440424,0.007962238974869251,0.0009347019949927926,0.0017085580038838089,0.01650723203783855,8.7492983752,0.639620590357,0.0160347905646,0.07950755519144025,0.05942080906417083,0.1010190567808993
94,1,hybrid_30mm,randomized,distant,False,True,,0.16433261096244678,0.16738779901061207,0.1853697890182957,0.16433261096244678,3,1,1,2,1,0,3,1,0,0,4.9617e-05,0.011242712,8.73e-06,0.01100075,0.0001239,0.0043181609944440424,0.007962238974869251,0.0009347019949927926,0.0017085580038838089,0.01650723203783855,13.7991617594,1.19138138372,0.0183039889759,0.07814110557088749,0.1326050465970881,0.2306752089977767
94,1,reference_ik,randomized,distant,False,True,,0.1460161209688522,0.14844398002605885,0.1664259700337425,0.1460161209688522,0,0,0,0,0,0,0,0,0,0,0,0,0,0,0,0.0043181609944440424,0.007962238974869251,0.0009347019949927926,0.0017085580038838089,0.01650723203783855,4.93867500197,0.777495405818,0.0173486219632,0.07871548083438351,0.0075145717332770106,0.08690064577960205
94,2,gmr_30mm,randomized,distant,False,True,,0.18162123003276065,0.1845126439584419,0.20249463396612555,0.18162123003276065,4,3,0,4,3,0,4,3,0,0,5.3616e-05,0.016419899,7.173e-06,0.016198071,0.000135395,0.0043181609944440424,0.007962238974869251,0.0009347019949927926,0.0017085580038838089,0.01650723203783855,14.7462986505,1.05776631506,0.0104742447577,0.0789922522980786,0.06491190381832274,0.1777715768986046
94,2,hybrid_30mm,randomized,distant,False,True,,0.11984981497516856,0.12233484600437805,0.14031683601206169,0.11984981497516856,5,5,2,3,3,0,5,5,0,0,1.3464e-05,0.010276974,9.082e-06,0.009853754,0.000223798,0.0043181609944440424,0.007962238974869251,0.0009347019949927926,0.0017085580038838089,0.01650723203783855,12.2426559196,0.828494959041,0.0036239881543,0.07935310638099556,0.09453362794155352,0.16646439260549153
94,2,reference_ik,randomized,distant,False,True,,0.15695210499688983,0.15947041800245643,0.17745240801014006,0.15695210499688983,0,0,0,0,0,0,0,0,0,0,0,0,0,0,0,0.0043181609944440424,0.007962238974869251,0.0009347019949927926,0.0017085580038838089,0.01650723203783855,4.93867500197,0.777495405818,0.0173486219632,0.07871548083438351,0.0075145717332770106,0.08690064577960205
94,2,gmm,randomized,distant,False,True,,0.20743634196696803,0.21094795898534358,0.2289299489930272,0.20743634196696803,3,2,3,0,0,0,3,3,0,1,4.8354e-05,0.005289688,4.238e-06,0.005127598,6.0852e-05,0.0043181609944440424,0.007962238974869251,0.0009347019949927926,0.0017085580038838089,0.01650723203783855,11.9338580728,0.476470195788,0.00849189182511,0.07798253855092056,0.07549007643900046,0.13868857957634126
94,3,hybrid_30mm,randomized,distant,False,True,,0.06613079400267452,0.06831188499927521,0.08629387500695884,0.06613079400267452,1,1,0,1,1,0,1,1,0,0,1.3218e-05,0.000708582,1.294e-06,0.000671889,2.3114e-05,0.0043181609944440424,0.007962238974869251,0.0009347019949927926,0.0017085580038838089,0.01650723203783855,9.08754576811,0.682793426304,0.0178547197377,0.07926858228740066,0.059855037156966356,0.10063656116379614
94,3,gmm,randomized,distant,False,True,,0.07570361200487241,0.07876701501663774,0.09674900502432138,0.07570361200487241,3,1,3,0,0,0,3,3,0,2,2.1256e-05,0.006263663,3.793e-06,0.005857495,0.000321816,0.0043181609944440424,0.007962238974869251,0.0009347019949927926,0.0017085580038838089,0.01650723203783855,9.77689761849,0.629199687446,0.0161605539776,0.07942378084988318,0.09109762811685891,0.14932236595121912
94,3,gmr_30mm,randomized,distant,False,True,,0.11161427904153243,0.1143613699823618,0.13234335999004543,0.11161427904153243,2,1,0,2,1,0,2,1,0,0,4.7493e-05,0.008086766,9.17e-06,0.00786594,0.000115817,0.0043181609944440424,0.007962238974869251,0.0009347019949927926,0.0017085580038838089,0.01650723203783855,3.14922741665,0.469710180093,0.0168304606035,0.07782251690547015,0.04921855968794052,0.10486185953740802
94,3,reference_ik,randomized,distant,False,True,,0.14508548699086532,0.14788976195268333,0.16587175196036696,0.14508548699086532,0,0,0,0,0,0,0,0,0,0,0,0,0,0,0,0.0043181609944440424,0.007962238974869251,0.0009347019949927926,0.0017085580038838089,0.01650723203783855,4.93867500197,0.777495405818,0.0173486219632,0.07871548083438351,0.0075145717332770106,0.08690064577960205
94,4,gmm,randomized,distant,False,True,,0.15228754398413002,0.15550170501228422,0.17348369501996785,0.15228754398413002,1,1,1,0,0,0,1,1,0,0,1.1827e-05,0.0002752,1.12e-06,0.000234195,2.3023e-05,0.0043181609944440424,0.007962238974869251,0.0009347019949927926,0.0017085580038838089,0.01650723203783855,10.9942998835,0.684393883517,0.00206572239927,0.07845977106361963,0.05397051708867769,0.11885663751203
94,4,gmr_30mm,randomized,distant,False,True,,0.11730762803927064,0.12021459097741172,0.13819658098509535,0.11730762803927064,1,1,0,1,1,0,1,1,0,0,5.1111e-05,0.001849587,4.705e-06,0.001689783,9.9678e-05,0.0043181609944440424,0.007962238974869251,0.0009347019949927926,0.0017085580038838089,0.01650723203783855,9.81995883111,0.629337066095,0.00596872251439,0.07895851375638498,0.05846169708750563,0.11773236544593436
94,4,reference_ik,randomized,distant,False,True,,0.15200388396624476,0.15521522797644138,0.17319721798412502,0.15200388396624476,0,0,0,0,0,0,0,0,0,0,0,0,0,0,0,0.0043181609944440424,0.007962238974869251,0.0009347019949927926,0.0017085580038838089,0.01650723203783855,4.93867500197,0.777495405818,0.0173486219632,0.07871548083438351,0.0075145717332770106,0.08690064577960205
94,4,hybrid_30mm,randomized,distant,False,True,,0.10828391200629994,0.11160926200682297,0.1295912520145066,0.10828391200629994,7,4,2,5,3,0,7,7,0,3,4.7826e-05,0.001852981,3.756e-06,0.001678371,0.000114104,0.0043181609944440424,0.007962238974869251,0.0009347019949927926,0.0017085580038838089,0.01650723203783855,3.62950475639,0.558261515406,0.00976255893705,0.07867926571107464,0.05003205426682454,0.10790197691566861
56,0,hybrid_30mm,randomized,offset,False,True,,0.11252230900572613,0.11517654196359217,0.13335577794350684,0.11252230900572613,1,1,1,0,0,0,1,1,0,0,2.8273e-05,0.002884457,2.687e-06,0.002738995,7.7554e-05,0.004380321013741195,0.008007927041035146,0.0008791930158622563,0.001714439014904201,0.016599479014985263,7.31424726868,0.451398607669,0.00858333650381,0.052627779600843284,0.061067095061703644,0.13936273743281344
56,0,gmm,randomized,offset,False,True,,0.1504278380307369,0.1530429040431045,0.17122214002301916,0.1504278380307369,12,5,12,0,0,0,12,12,0,7,2.8389e-05,0.009694705,6.79e-06,0.009208626,0.000260651,0.004380321013741195,0.008007927041035146,0.0008791930158622563,0.001714439014904201,0.016599479014985263,11.9425707601,0.773302548628,0.00875883715241,0.05265090343774579,0.07092844947438584,0.14366820582657622
56,0,gmr_30mm,randomized,offset,False,True,,0.2537166699767113,0.25668789801420644,0.2748671339941211,0.2537166699767113,6,5,0,6,5,0,6,6,0,1,4.8395e-05,0.009440205,6.971e-06,0.009029618,0.000283116,0.004380321013741195,0.008007927041035146,0.0008791930158622563,0.001714439014904201,0.016599479014985263,16.6823295624,0.846792101255,0.00436374760022,0.04832954353987546,0.0621912464865602,0.15218300910244476
56,0,reference_ik,randomized,offset,False,False,reference_ik,0.07199590397067368,0.0747453990043141,0.09292463498422876,6.0,0,0,0,0,0,0,0,0,0,0,0,0,0,0,0,0.004380321013741195,0.008007927041035146,0.0008791930158622563,0.001714439014904201,0.016599479014985263,,,,,,
56,1,gmr_30mm,randomized,offset,False,True,,0.14830176497343928,0.15165781800169498,0.16983705398160964,0.14830176497343928,2,1,0,2,1,0,2,1,0,0,4.9672e-05,0.019850614,5.517e-06,0.019780503,2.7547e-05,0.004380321013741195,0.008007927041035146,0.0008791930158622563,0.001714439014904201,0.016599479014985263,13.755136647,0.961018840234,0.00283956045593,0.04703272393081589,0.09165536674460281,0.14433063121900544
56,1,hybrid_30mm,randomized,offset,False,True,,0.1675467140157707,0.17083181499037892,0.18901105097029358,0.1675467140157707,5,2,2,3,1,0,5,3,0,1,4.9661e-05,0.012182873,9.389e-06,0.011993242,7.2551e-05,0.004380321013741195,0.008007927041035146,0.0008791930158622563,0.001714439014904201,0.016599479014985263,12.7432021553,0.975449043644,0.000756004939275,0.04262237195747088,0.10499894340932894,0.22255072079546256
56,1,gmm,randomized,offset,False,True,,0.13519733701832592,0.13845480501186103,0.1566340409917757,0.13519733701832592,2,2,2,0,0,0,2,2,0,0,5.4088e-05,0.006335879,5.407e-06,0.006059376,0.000128934,0.004380321013741195,0.008007927041035146,0.0008791930158622563,0.001714439014904201,0.016599479014985263,6.6531025505,0.663534441224,0.00865918524399,0.052499138364891056,0.03877567560509881,0.07979382228946988
56,1,reference_ik,randomized,offset,False,False,reference_ik,0.07459014403866604,0.07698960899142548,0.09516884497134015,6.0,0,0,0,0,0,0,0,0,0,0,0,0,0,0,0,0.004380321013741195,0.008007927041035146,0.0008791930158622563,0.001714439014904201,0.016599479014985263,,,,,,
56,2,hybrid_30mm,randomized,offset,False,True,,0.24327232397627085,0.24603421101346612,0.2642134469933808,0.24327232397627085,2,2,0,2,2,0,2,2,0,0,4.8251e-05,0.002714053,5.364e-06,0.002367909,0.000118172,0.004380321013741195,0.008007927041035146,0.0008791930158622563,0.001714439014904201,0.016599479014985263,17.9452765371,1.05633586418,0.00433390406077,0.051937284719832784,0.060495974808414094,0.12017353607766149
56,2,reference_ik,randomized,offset,False,False,reference_ik,0.07836174796102569,0.08120739198056981,0.09938662796048447,6.0,0,0,0,0,0,0,0,0,0,0,0,0,0,0,0,0.004380321013741195,0.008007927041035146,0.0008791930158622563,0.001714439014904201,0.016599479014985263,,,,,,
56,2,gmr_30mm,randomized,offset,False,True,,0.1357145810034126,0.13821240502875298,0.15639164100866765,0.1357145810034126,3,1,0,3,1,0,3,3,0,2,9.0593e-05,0.006024126,5.789e-06,0.005900264,7.3873e-05,0.004380321013741195,0.008007927041035146,0.0008791930158622563,0.001714439014904201,0.016599479014985263,4.85409055513,0.54320468039,0.00717640286996,0.051162191321515026,0.04315494669952371,0.09302500734951635
56,2,gmm,randomized,offset,False,True,,0.20748993899906054,0.209957338985987,0.22813657496590167,0.20748993899906054,3,2,3,0,0,0,3,3,0,1,4.7057e-05,0.004644823,5.971e-06,0.00439662,0.000104783,0.004380321013741195,0.008007927041035146,0.0008791930158622563,0.001714439014904201,0.016599479014985263,13.8713709934,0.816706587415,0.00631448393994,0.052193385972349925,0.07973019018140481,0.1481501773034791
56,3,gmr_30mm,randomized,offset,False,True,,0.21036520798224956,0.2134355140151456,0.23161474999506027,0.21036520798224956,4,3,0,4,3,0,4,4,0,1,2.4621e-05,0.006021047,5.738e-06,0.00567461,0.000266152,0.004380321013741195,0.008007927041035146,0.0008791930158622563,0.001714439014904201,0.016599479014985263,11.1433887986,0.640693369638,0.00607081307744,0.050384400291684416,0.07482180950511953,0.12349857811722488
56,3,gmm,randomized,offset,False,True,,0.18087492400081828,0.18420455901650712,0.20238379499642178,0.18087492400081828,4,4,4,0,0,0,4,4,0,0,4.8531e-05,0.01707917,8.299e-06,0.016232975,0.000462312,0.004380321013741195,0.008007927041035146,0.0008791930158622563,0.001714439014904201,0.016599479014985263,13.2857827714,0.934896444922,0.00846201132329,0.052314334652564444,0.0593190790441353,0.12063878735006946
56,3,reference_ik,randomized,offset,False,False,reference_ik,0.07257946697063744,0.07536502502625808,0.09354426100617275,6.0,0,0,0,0,0,0,0,0,0,0,0,0,0,0,0,0.004380321013741195,0.008007927041035146,0.0008791930158622563,0.001714439014904201,0.016599479014985263,,,,,,
56,3,hybrid_30mm,randomized,offset,False,True,,0.03800340398447588,0.040448533021844923,0.05862776900175959,0.03800340398447588,5,3,1,4,2,0,5,4,0,1,1.0937e-05,0.009113046,2.619e-06,0.009025654,4.6771e-05,0.004380321013741195,0.008007927041035146,0.0008791930158622563,0.001714439014904201,0.016599479014985263,6.21682422425,0.618187478301,0.00860479215697,0.05246211907947968,0.03861426295899537,0.08512436989423883
56,4,reference_ik,randomized,offset,False,False,reference_ik,0.07268274703528732,0.07531252800254151,0.09349176398245618,6.0,0,0,0,0,0,0,0,0,0,0,0,0,0,0,0,0.004380321013741195,0.008007927041035146,0.0008791930158622563,0.001714439014904201,0.016599479014985263,,,,,,
56,4,gmm,randomized,offset,False,True,,0.09513127600075677,0.09858923201682046,0.11676846799673513,0.09513127600075677,1,1,1,0,0,0,1,1,0,0,4.9572e-05,0.005169949,3.536e-06,0.005091133,2.5557e-05,0.004380321013741195,0.008007927041035146,0.0008791930158622563,0.001714439014904201,0.016599479014985263,3.40227920435,0.503829570086,0.00872080405395,0.05267088399759196,0.04720903254841208,0.10507818603288785
56,4,gmr_30mm,randomized,offset,False,True,,0.1643717770348303,0.16711025597760454,0.1852894919575192,0.1643717770348303,5,3,0,5,3,0,5,5,0,2,5.0079e-05,0.007195942,5.482e-06,0.006951838,0.000169691,0.004380321013741195,0.008007927041035146,0.0008791930158622563,0.001714439014904201,0.016599479014985263,13.568669228,0.851154859455,0.00529771333688,0.04991971872538244,0.05890453078428422,0.11139564990077021
56,4,hybrid_30mm,randomized,offset,False,True,,0.14758470299420878,0.14996908599277958,0.16814832197269425,0.14758470299420878,3,1,2,1,0,0,3,3,0,2,1.1578e-05,0.006239675,5.55e-06,0.005962993,0.000142359,0.004380321013741195,0.008007927041035146,0.0008791930158622563,0.001714439014904201,0.016599479014985263,12.6812955926,0.69435454604,0.00815250618159,0.05183922463699645,0.07457101611367137,0.14445825657714184
86,0,gmr_30mm,randomized,distant,False,True,,0.1662161200074479,0.16853369801538065,0.1866730820038356,0.1662161200074479,4,1,0,4,1,0,4,2,0,1,5.4363e-05,0.029815028,1.1965e-05,0.029568644,0.000124502,0.004430058994330466,0.007991950027644634,0.0008518599788658321,0.0017095080111175776,0.016572501976042986,9.83934474591,0.578140650745,0.0168116895232,0.12889531568838863,0.05620665728909696,0.11851946552925255
86,0,reference_ik,randomized,distant,False,True,,0.1467488729977049,0.1494489989709109,0.16758838295936584,0.1467488729977049,0,0,0,0,0,0,0,0,0,0,0,0,0,0,0,0.004430058994330466,0.007991950027644634,0.0008518599788658321,0.0017095080111175776,0.016572501976042986,4.81152723577,0.703973904508,0.0131303753259,0.10679993513226176,0.00433288891906511,0.06744359483947998
86,0,hybrid_30mm,randomized,distant,False,True,,0.07114440796431154,0.0734711600234732,0.09161054401192814,0.07114440796431154,1,1,0,1,1,0,1,1,0,0,4.0129e-05,0.00539612,5.36e-06,0.005174924,0.000149433,0.004430058994330466,0.007991950027644634,0.0008518599788658321,0.0017095080111175776,0.016572501976042986,3.60182068752,0.356944342339,0.0117176099912,0.12531309511422659,0.0642187844105097,0.12237209117200809
86,0,gmm,randomized,distant,False,True,,0.02729848597664386,0.03057136805728078,0.04871075204573572,0.02729848597664386,2,2,2,0,0,0,2,2,0,0,1.2676e-05,0.001419108,1.523e-06,0.001338852,4.1232e-05,0.004430058994330466,0.007991950027644634,0.0008518599788658321,0.0017095080111175776,0.016572501976042986,4.18250439055,0.502278463701,0.0579517946198,0.13733312163373187,0.08317150723760394,0.15243660474598109
86,1,reference_ik,randomized,distant,False,True,,0.14263013302115723,0.14599341596476734,0.16413279995322227,0.14263013302115723,0,0,0,0,0,0,0,0,0,0,0,0,0,0,0,0.004430058994330466,0.007991950027644634,0.0008518599788658321,0.0017095080111175776,0.016572501976042986,4.81152723577,0.703973904508,0.0131303753259,0.10679993513226176,0.00433288891906511,0.06744359483947998
86,1,gmr_30mm,randomized,distant,False,True,,0.11309617600636557,0.11537281301571056,0.1335121970041655,0.11309617600636557,3,1,0,3,1,0,3,2,0,1,3.5029e-05,0.008052733,4.383e-06,0.007949901,5.6102e-05,0.004430058994330466,0.007991950027644634,0.0008518599788658321,0.0017095080111175776,0.016572501976042986,3.95594467396,0.462059404677,0.00489813142416,0.10707475565054513,0.04001274877431773,0.08930077658802024
86,1,gmm,randomized,distant,False,True,,0.0803681660327129,0.0831093869637698,0.10124877095222473,0.0803681660327129,1,1,1,0,0,0,1,1,0,0,1.066e-05,0.000273079,1.091e-06,0.000235175,2.0498e-05,0.004430058994330466,0.007991950027644634,0.0008518599788658321,0.0017095080111175776,0.016572501976042986,12.5832032096,0.90198315902,0.0153096046815,0.1371619727446511,0.22346622235168956,0.3242006144763862
86,1,hybrid_30mm,randomized,distant,False,True,,0.1458950619562529,0.14893130195559934,0.16707068594405428,0.1458950619562529,2,2,0,2,2,0,2,2,0,0,5.0724e-05,0.003950081,6.026e-06,0.003740788,0.000124976,0.004430058994330466,0.007991950027644634,0.0008518599788658321,0.0017095080111175776,0.016572501976042986,12.8751019364,1.198616173,0.0348279269619,0.13733312163373187,0.15683213328336673,0.24622300976732797
86,2,gmm,randomized,distant,False,True,,0.10274438298074529,0.1055954719777219,0.12373485596617684,0.10274438298074529,1,1,1,0,0,0,1,1,0,0,4.9013e-05,0.002082307,4.026e-06,0.001850256,0.000127789,0.004430058994330466,0.007991950027644634,0.0008518599788658321,0.0017095080111175776,0.016572501976042986,7.03507791199,0.656130569672,0.0266635589558,0.12896326320360207,0.04999017186843045,0.09727855308759248
86,2,gmr_30mm,randomized,distant,False,True,,0.18476201297016814,0.18759070296073332,0.20573008694918826,0.18476201297016814,1,1,0,1,1,0,1,1,0,0,4.5184e-05,0.000950514,2.984e-06,0.000873835,4.5114e-05,0.004430058994330466,0.007991950027644634,0.0008518599788658321,0.0017095080111175776,0.016572501976042986,13.3799402888,0.603340226609,0.0166267716275,0.1341843949761919,0.05765222118597562,0.09782201187595697
86,2,reference_ik,randomized,distant,False,True,,0.1365932630142197,0.13881578895961866,0.1569551729480736,0.1365932630142197,0,0,0,0,0,0,0,0,0,0,0,0,0,0,0,0.004430058994330466,0.007991950027644634,0.0008518599788658321,0.0017095080111175776,0.016572501976042986,4.81152723577,0.703973904508,0.0131303753259,0.10679993513226176,0.00433288891906511,0.06744359483947998
86,2,hybrid_30mm,randomized,distant,False,True,,0.1427473869989626,0.14588351402198896,0.1640228980104439,0.1427473869989626,1,1,0,1,1,0,1,1,0,0,3.5959e-05,0.003286398,3.164e-06,0.003194805,5.6411e-05,0.004430058994330466,0.007991950027644634,0.0008518599788658321,0.0017095080111175776,0.016572501976042986,10.8498108223,0.66994079545,0.0597925133861,0.13733312163373187,0.09086666624129353,0.15459431265943813
86,3,reference_ik,randomized,distant,False,True,,0.1376883210032247,0.14033833995927125,0.1584777239477262,0.1376883210032247,0,0,0,0,0,0,0,0,0,0,0,0,0,0,0,0.004430058994330466,0.007991950027644634,0.0008518599788658321,0.0017095080111175776,0.016572501976042986,4.81152723577,0.703973904508,0.0131303753259,0.10679993513226176,0.00433288891906511,0.06744359483947998
86,3,gmm,randomized,distant,False,True,,0.09695631999056786,0.09982585598481819,0.11796523997327313,0.09695631999056786,1,1,1,0,0,0,1,1,0,0,6.784e-06,0.004638638,7.6e-07,0.004612504,1.2046e-05,0.004430058994330466,0.007991950027644634,0.0008518599788658321,0.0017095080111175776,0.016572501976042986,13.9997662795,1.30806493166,0.0492913916375,0.13733312163373187,0.0896064438025784,0.21017780468409575
86,3,hybrid_30mm,randomized,distant,False,True,,0.17948431195691228,0.18252105498686433,0.20066043897531927,0.17948431195691228,8,8,3,5,5,0,8,8,0,0,4.863e-05,0.016411382,1.4035e-05,0.015650515,0.000484432,0.004430058994330466,0.007991950027644634,0.0008518599788658321,0.0017095080111175776,0.016572501976042986,15.0229641466,1.1236872715,0.0408824236631,0.13733312163373187,0.11957929085244402,0.19466572148929867
86,3,gmr_30mm,randomized,distant,False,True,,0.11294584401184693,0.11547309200977907,0.133612475998234,0.11294584401184693,7,4,0,7,4,0,7,7,0,3,1.6108e-05,0.011046768,5.892e-06,0.010673172,0.000281648,0.004430058994330466,0.007991950027644634,0.0008518599788658321,0.0017095080111175776,0.016572501976042986,12.8763092124,1.2112229377,0.0239098941416,0.13733312163373187,0.16001251801670013,0.2565534351162999
86,4,gmr_30mm,randomized,distant,False,True,,0.09893752000061795,0.10181717498926446,0.1199565589777194,0.09893752000061795,6,6,0,6,6,0,6,6,0,0,4.6214e-05,0.015287573,1.3056e-05,0.014647606,0.00044554,0.004430058994330466,0.007991950027644634,0.0008518599788658321,0.0017095080111175776,0.016572501976042986,4.22923363187,0.538415310505,0.0355871109117,0.13356149400938536,0.03761519836392103,0.08944725411826984
86,4,reference_ik,randomized,distant,False,True,,0.13594272203044966,0.13872678799089044,0.15686617197934538,0.13594272203044966,0,0,0,0,0,0,0,0,0,0,0,0,0,0,0,0.004430058994330466,0.007991950027644634,0.0008518599788658321,0.0017095080111175776,0.016572501976042986,4.81152723577,0.703973904508,0.0131303753259,0.10679993513226176,0.00433288891906511,0.06744359483947998
86,4,hybrid_30mm,randomized,distant,False,True,,0.16311504802433774,0.16598213999532163,0.18412152398377657,0.16311504802433774,4,2,0,4,2,0,4,2,0,0,5.2723e-05,0.017743669,9.019e-06,0.017499421,0.00012235,0.004430058994330466,0.007991950027644634,0.0008518599788658321,0.0017095080111175776,0.016572501976042986,14.2311806298,0.969911051275,0.00285843358236,0.11716477265098864,0.07187453441647208,0.12312903817006247
86,4,gmm,randomized,distant,False,True,,0.08289848599815741,0.0862889809650369,0.10442836495349184,0.08289848599815741,4,2,4,0,0,0,4,3,0,1,1.6435e-05,0.013258459,2.607e-06,0.013100856,0.000106736,0.004430058994330466,0.007991950027644634,0.0008518599788658321,0.0017095080111175776,0.016572501976042986,12.4919127532,0.717826083621,0.0597925133861,0.13733312163373187,0.12611231049400998,0.21000153544998032
87,0,reference_ik,randomized,distant,False,False,reference_ik,0.06528472196077928,0.06748582399450243,0.08620692399563268,6.0,0,0,0,0,0,0,0,0,0,0,0,0,0,0,0,0.004628129012417048,0.0080638820072636,0.0010545759578235447,0.0017540630069561303,0.017109891981817782,,,,,,
87,0,gmr_30mm,randomized,distant,False,True,,0.12226809898857027,0.1248663300066255,0.14358743000775576,0.12226809898857027,3,1,0,3,1,0,3,2,0,1,4.9778e-05,0.012271339,9.672e-06,0.011968734,0.000189812,0.004628129012417048,0.0080638820072636,0.0010545759578235447,0.0017540630069561303,0.017109891981817782,8.17289369286,0.663828739129,0.0292296710815,0.11194601964132846,0.06038588083750699,0.12664627384148217
87,0,gmm,randomized,distant,False,True,,0.12990582099882886,0.13278896402334794,0.1515100640244782,0.12990582099882886,8,4,8,0,0,0,8,5,0,1,3.3946e-05,0.030568731,3.698e-06,0.030409864,6.3554e-05,0.004628129012417048,0.0080638820072636,0.0010545759578235447,0.0017540630069561303,0.017109891981817782,10.7682647205,0.77161853822,0.0323731525502,0.11194601964132846,0.11000925991736987,0.15978255579527992
87,0,hybrid_30mm,randomized,distant,False,True,,0.10333677398739383,0.10712785000214353,0.12584895000327379,0.10333677398739383,7,5,2,5,4,0,7,7,0,2,5.0631e-05,0.015757328,7.376e-06,0.015427658,0.000216182,0.004628129012417048,0.0080638820072636,0.0010545759578235447,0.0017540630069561303,0.017109891981817782,5.56390480678,0.647126271177,0.045929426997,0.11194601964132846,0.05034783710331844,0.1251257600081071
87,1,hybrid_30mm,randomized,distant,False,True,,0.17675736598903313,0.18079044698970392,0.19951154699083418,0.17675736598903313,14,4,5,9,2,0,14,5,0,1,4.8407e-05,0.068281519,1.1952e-05,0.067835725,0.000242781,0.004628129012417048,0.0080638820072636,0.0010545759578235447,0.0017540630069561303,0.017109891981817782,10.555478057,0.830239403182,0.0172435837119,0.11194601964132846,0.0562457134072546,0.0984323722175957
87,1,gmm,randomized,distant,False,True,,0.1379043529741466,0.1408871579915285,0.15960825799265876,0.1379043529741466,7,5,7,0,0,0,7,5,0,0,2.9972e-05,0.017756986,4.83e-06,0.017220907,0.000354443,0.004628129012417048,0.0080638820072636,0.0010545759578235447,0.0017540630069561303,0.017109891981817782,6.52650749774,0.7787626568,0.0495558289239,0.11194601964132846,0.06560131140226035,0.1132757776628457
87,1,reference_ik,randomized,distant,False,False,reference_ik,0.06262389203766361,0.06470916199032217,0.08343026199145243,6.0,0,0,0,0,0,0,0,0,0,0,0,0,0,0,0,0.004628129012417048,0.0080638820072636,0.0010545759578235447,0.0017540630069561303,0.017109891981817782,,,,,,
87,1,gmr_30mm,randomized,distant,False,True,,0.16368053597398102,0.16635556396795437,0.18507666396908462,0.16368053597398102,1,1,0,1,1,0,1,1,0,0,5.1263e-05,0.004949784,4.899e-06,0.004770791,0.000113335,0.004628129012417048,0.0080638820072636,0.0010545759578235447,0.0017540630069561303,0.017109891981817782,12.2928542001,0.91884851615,0.0519938999885,0.11194601964132846,0.09510875511557126,0.1584326544275981
87,2,gmm,randomized,distant,False,True,,0.12455385003704578,0.12727296800585464,0.1459940680069849,0.12455385003704578,2,1,2,0,0,0,2,1,0,0,5.3636e-05,0.008107687,4.654e-06,0.007884126,9.6182e-05,0.004628129012417048,0.0080638820072636,0.0010545759578235447,0.0017540630069561303,0.017109891981817782,5.67688665728,0.770983054426,0.0150040198371,0.11194601964132846,0.0896050812435688,0.1738049943369078
87,2,hybrid_30mm,randomized,distant,False,True,,0.17722668900387362,0.1802479060133919,0.19896900601452217,0.17722668900387362,5,1,1,4,1,0,5,1,0,0,5.8302e-05,0.02187649,6.621e-06,0.021779757,2.3274e-05,0.004628129012417048,0.0080638820072636,0.0010545759578235447,0.0017540630069561303,0.017109891981817782,14.2094760135,1.1341302352,0.0243915647115,0.11194601964132846,0.09270695041478927,0.2073761633675596
87,2,gmr_30mm,randomized,distant,False,True,,0.12448185496032238,0.12749758595600724,0.1462186859571375,0.12448185496032238,2,1,0,2,1,0,2,2,0,1,1.2166e-05,0.003113689,2.019e-06,0.003065086,3.0838e-05,0.004628129012417048,0.0080638820072636,0.0010545759578235447,0.0017540630069561303,0.017109891981817782,8.77819644955,0.65164745131,0.0254810702435,0.11194601964132846,0.07037180257048473,0.2080293664679895
87,2,reference_ik,randomized,distant,False,False,reference_ik,0.06532912299735472,0.06750988803105429,0.08623098803218454,6.0,0,0,0,0,0,0,0,0,0,0,0,0,0,0,0,0.004628129012417048,0.0080638820072636,0.0010545759578235447,0.0017540630069561303,0.017109891981817782,,,,,,
87,3,gmm,randomized,distant,False,True,,0.1487040009815246,0.151400972972624,0.17012207297375426,0.1487040009815246,3,2,3,0,0,0,3,3,0,1,5.407e-05,0.00698255,6.46e-06,0.00661227,0.000179017,0.004628129012417048,0.0080638820072636,0.0010545759578235447,0.0017540630069561303,0.017109891981817782,12.0387358977,1.1933364581,0.05469340394,0.11194601964132846,0.13517050927225238,0.2337174313193399
87,3,reference_ik,randomized,distant,False,False,reference_ik,0.060285035986453295,0.062045713944826275,0.08076681394595653,6.0,0,0,0,0,0,0,0,0,0,0,0,0,0,0,0,0.004628129012417048,0.0080638820072636,0.0010545759578235447,0.0017540630069561303,0.017109891981817782,,,,,,
87,3,hybrid_30mm,randomized,distant,False,True,,0.17372662399429828,0.17641982703935355,0.1951409270404838,0.17372662399429828,2,1,1,1,1,0,2,1,0,0,5.4617e-05,0.008999735,6.877e-06,0.008608286,0.000291651,0.004628129012417048,0.0080638820072636,0.0010545759578235447,0.0017540630069561303,0.017109891981817782,14.2095942006,1.31598067571,0.0153485714639,0.11194601964132846,0.09897855424728835,0.20648566631587112
87,3,gmr_30mm,randomized,distant,False,True,,0.14767691399902105,0.1516192450071685,0.17034034500829875,0.14767691399902105,2,2,0,2,2,0,2,2,0,0,4.6666e-05,0.005720761,6.837e-06,0.005132742,0.000455903,0.004628129012417048,0.0080638820072636,0.0010545759578235447,0.0017540630069561303,0.017109891981817782,6.69889702311,0.600440974865,0.05469340394,0.11194601964132846,0.0719237984119651,0.19694202480829207
87,4,reference_ik,randomized,distant,False,False,reference_ik,0.061737662996165454,0.06432205298915505,0.08304315299028531,6.0,0,0,0,0,0,0,0,0,0,0,0,0,0,0,0,0.004628129012417048,0.0080638820072636,0.0010545759578235447,0.0017540630069561303,0.017109891981817782,,,,,,
87,4,hybrid_30mm,randomized,distant,False,True,,0.1014787859749049,0.10445056098978966,0.12317166099091992,0.1014787859749049,11,6,5,6,5,0,11,6,0,0,2.6304e-05,0.039190872,1.1025e-05,0.038799219,0.000207874,0.004628129012417048,0.0080638820072636,0.0010545759578235447,0.0017540630069561303,0.017109891981817782,7.92871163749,0.604872727196,0.0121548702527,0.11194601964132846,0.07092326234926266,0.16870130521647922
87,4,gmr_30mm,randomized,distant,False,True,,0.17767725000157952,0.1805629239534028,0.19928402395453304,0.17767725000157952,4,1,0,4,1,0,4,1,0,0,5.5342e-05,0.01774501,9.319e-06,0.017554675,6.109e-05,0.004628129012417048,0.0080638820072636,0.0010545759578235447,0.0017540630069561303,0.017109891981817782,12.8381594837,1.00811046629,0.0516221745669,0.11194601964132846,0.09754836765667553,0.17357996031176057
87,4,gmm,randomized,distant,False,True,,0.2039920249953866,0.20723324100254104,0.2259543410036713,0.2039920249953866,4,1,4,0,0,0,4,1,0,0,4.9509e-05,0.019558362,8.152e-06,0.019297702,9.6658e-05,0.004628129012417048,0.0080638820072636,0.0010545759578235447,0.0017540630069561303,0.017109891981817782,12.9237947162,1.07062651233,0.05469340394,0.11194601964132846,0.09469211336678426,0.15620494043274924
103,0,gmr_30mm,randomized,distant,False,True,,0.10496305499691516,0.10818817303515971,0.12675347499316558,0.10496305499691516,2,1,0,2,1,0,2,2,0,1,4.6849e-05,0.00391752,9.039e-06,0.003658384,0.000155843,0.004416302021127194,0.00807352300034836,0.0008896920480765402,0.0017086160369217396,0.016738092992454767,8.94863626872,0.492079985522,0.0520847537819,0.1632941288270351,0.06097861067471067,0.12261594254958351
103,0,reference_ik,randomized,distant,False,True,,0.12790987803600729,0.1305768199963495,0.1491421219543554,0.12790987803600729,0,0,0,0,0,0,0,0,0,0,0,0,0,0,0,0.004416302021127194,0.00807352300034836,0.0008896920480765402,0.0017086160369217396,0.016738092992454767,4.90884966339,0.655094720369,0.0466223732272,0.15128730621385586,0.005502089947077514,0.07120209258369177
103,0,hybrid_30mm,randomized,distant,False,True,,0.05046706402208656,0.05340277502546087,0.07196807698346674,0.05046706402208656,1,1,0,1,1,0,1,1,0,0,1.1807e-05,0.000613687,1.569e-06,0.000579198,1.7734e-05,0.004416302021127194,0.00807352300034836,0.0008896920480765402,0.0017086160369217396,0.016738092992454767,8.83860726696,0.603005721814,0.0640328156406,0.16399111741051284,0.03664309966533089,0.07182753775178953
103,0,gmm,randomized,distant,False,True,,0.10766343801515177,0.11049470194848254,0.12906000390648842,0.10766343801515177,3,2,3,0,0,0,3,3,0,1,4.712e-05,0.008064904,6.483e-06,0.007527343,0.000350074,0.004416302021127194,0.00807352300034836,0.0008896920480765402,0.0017086160369217396,0.016738092992454767,8.13526969765,0.605417837441,0.0128341660246,0.12097828917413304,0.07405656998954066,0.14692552359399297
103,1,hybrid_30mm,randomized,distant,False,True,,0.16303791699465364,0.16535290703177452,0.1839182089897804,0.16303791699465364,2,1,1,1,0,0,2,2,0,1,5.1661e-05,0.005406315,6.43e-06,0.005005997,0.000278194,0.004416302021127194,0.00807352300034836,0.0008896920480765402,0.0017086160369217396,0.016738092992454767,12.7491876128,0.992048549474,0.0640328156406,0.16399111741051284,0.10210887150170105,0.18301804494024557
103,1,reference_ik,randomized,distant,False,True,,0.12635447597131133,0.12945325899636373,0.1480185609543696,0.12635447597131133,0,0,0,0,0,0,0,0,0,0,0,0,0,0,0,0.004416302021127194,0.00807352300034836,0.0008896920480765402,0.0017086160369217396,0.016738092992454767,4.90884966339,0.655094720369,0.0466223732272,0.15128730621385586,0.005502089947077514,0.07120209258369177
103,1,gmm,randomized,distant,False,True,,0.07221251795999706,0.07478021801216528,0.09334551997017115,0.07221251795999706,1,1,1,0,0,0,1,1,0,0,1.1126e-05,0.002110103,1.236e-06,0.002075811,1.5517e-05,0.004416302021127194,0.00807352300034836,0.0008896920480765402,0.0017086160369217396,0.016738092992454767,10.2337161012,0.479212052753,0.0259281136781,0.13992774569460936,0.052485065202145555,0.09978287849724868
103,1,gmr_30mm,randomized,distant,False,True,,0.17406667600153014,0.17744363500969484,0.19600893696770072,0.17406667600153014,3,3,0,3,3,0,3,3,0,0,4.8105e-05,0.00731685,8.269e-06,0.007048239,0.00016023,0.004416302021127194,0.00807352300034836,0.0008896920480765402,0.0017086160369217396,0.016738092992454767,14.3878567606,0.902704529644,0.0141477412701,0.1293709543063066,0.09663327163773558,0.19551427630117804
103,2,reference_ik,randomized,distant,False,True,,0.13062115403590724,0.13319232099456713,0.151757622952573,0.13062115403590724,0,0,0,0,0,0,0,0,0,0,0,0,0,0,0,0.004416302021127194,0.00807352300034836,0.0008896920480765402,0.0017086160369217396,0.016738092992454767,4.90884966339,0.655094720369,0.0466223732272,0.15128730621385586,0.005502089947077514,0.07120209258369177
103,2,gmm,randomized,distant,False,True,,0.12072947598062456,0.12352866301080212,0.142093964968808,0.12072947598062456,2,1,2,0,0,0,2,2,0,1,1.8313e-05,0.00104554,2.09e-06,0.000926766,7.5313e-05,0.004416302021127194,0.00807352300034836,0.0008896920480765402,0.0017086160369217396,0.016738092992454767,12.8595756334,0.631085810508,0.0395875516434,0.14932522476082008,0.036594369385590624,0.07983128985390181
103,2,hybrid_30mm,randomized,distant,False,True,,0.1910839769989252,0.1943630360183306,0.21292833797633648,0.1910839769989252,2,2,0,2,2,0,2,2,0,0,4.5272e-05,0.002638225,6.197e-06,0.002286171,0.000235332,0.004416302021127194,0.00807352300034836,0.0008896920480765402,0.0017086160369217396,0.016738092992454767,10.6719882534,0.66177557785,0.0640328156406,0.16399111741051284,0.050849053804996026,0.08147948669114977
103,2,gmr_30mm,randomized,distant,False,True,,0.16470851900521666,0.1675313119776547,0.18609661393566057,0.16470851900521666,2,1,0,2,1,0,2,2,0,1,4.9866e-05,0.002669438,5.963e-06,0.002254687,0.000319243,0.004416302021127194,0.00807352300034836,0.0008896920480765402,0.0017086160369217396,0.016738092992454767,10.6310250018,0.586113170435,0.0425913467115,0.14987573301744112,0.030902826031086163,0.07083813589946364
103,3,gmr_30mm,randomized,distant,False,True,,0.17540602799272165,0.1785309300175868,0.19709623197559267,0.17540602799272165,5,3,0,5,3,0,5,4,0,1,5.3207e-05,0.017253779,9.739e-06,0.016933906,0.000177777,0.004416302021127194,0.00807352300034836,0.0008896920480765402,0.0017086160369217396,0.016738092992454767,13.0020048091,0.748641073792,0.0175717909098,0.16361687406868466,0.12286566090206603,0.17621283017807954
103,3,hybrid_30mm,randomized,distant,False,True,,0.18732458003796637,0.19050242198863998,0.20906772394664586,0.18732458003796637,2,1,0,2,1,0,2,1,0,0,5.1119e-05,0.009279624,9.039e-06,0.009063067,0.000115794,0.004416302021127194,0.00807352300034836,0.0008896920480765402,0.0017086160369217396,0.016738092992454767,14.0896204366,1.28862640266,0.013150267567,0.12819121077993226,0.16016277309457674,0.2561536266331893
103,3,reference_ik,randomized,distant,False,True,,0.13502180599607527,0.1381049489718862,0.15667025092989206,0.13502180599607527,0,0,0,0,0,0,0,0,0,0,0,0,0,0,0,0.004416302021127194,0.00807352300034836,0.0008896920480765402,0.0017086160369217396,0.016738092992454767,4.90884966339,0.655094720369,0.0466223732272,0.15128730621385586,0.005502089947077514,0.07120209258369177
103,3,gmm,randomized,distant,False,True,,0.095483826007694,0.09812646603677422,0.1166917679947801,0.095483826007694,2,1,2,0,0,0,2,2,0,1,5.037e-05,0.005021735,5.572e-06,0.004684655,0.000191076,0.004416302021127194,0.00807352300034836,0.0008896920480765402,0.0017086160369217396,0.016738092992454767,7.50788038493,0.39907182282,0.0265230385071,0.14188278535689472,0.08752623854505501,0.12837517755898462
103,4,hybrid_30mm,randomized,distant,False,True,,0.11656301800394431,0.11929495300864801,0.13786025496665388,0.11656301800394431,6,4,1,5,4,0,6,5,0,1,2.2547e-05,0.011744746,3.877e-06,0.011565732,0.000121476,0.004416302021127194,0.00807352300034836,0.0008896920480765402,0.0017086160369217396,0.016738092992454767,13.085757493,0.685794822044,0.0640328156406,0.16399111741051284,0.09122905094925315,0.12758745978467545
103,4,gmm,randomized,distant,False,True,,0.11006112600443885,0.11285129399038851,0.1314165959483944,0.11006112600443885,6,4,6,0,0,0,6,5,0,1,1.2078e-05,0.015437798,2.72e-06,0.015272897,8.4197e-05,0.004416302021127194,0.00807352300034836,0.0008896920480765402,0.0017086160369217396,0.016738092992454767,12.7262180099,1.09417418739,0.0640328156406,0.16399111741051284,0.13396200169641662,0.21667739410839879
103,4,reference_ik,randomized,distant,False,True,,0.13736897899070755,0.14011160196969286,0.15867690392769873,0.13736897899070755,0,0,0,0,0,0,0,0,0,0,0,0,0,0,0,0.004416302021127194,0.00807352300034836,0.0008896920480765402,0.0017086160369217396,0.016738092992454767,4.90884966339,0.655094720369,0.0466223732272,0.15128730621385586,0.005502089947077514,0.07120209258369177
103,4,gmr_30mm,randomized,distant,False,True,,0.1790155420312658,0.181801127968356,0.2003664299263619,0.1790155420312658,9,4,0,9,4,0,9,7,0,3,1.0563e-05,0.018927383,5.087e-06,0.018566155,0.000283586,0.004416302021127194,0.00807352300034836,0.0008896920480765402,0.0017086160369217396,0.016738092992454767,16.7188702145,0.906072393394,0.0111429352791,0.15531141058883774,0.10716768833864859,0.1937424071471326
