environment,stratum,repeat,mode,seed,success,planner_success,failure_stage,error_code,action_wall_s,moveit_planning_s,par2_s,end_to_end_wall_s
43,distant_c0.2_from0.2,0,cartesian_ik,20691227,True,True,,1,0.12064112303778529,0.014394492,0.12064112303778529,0.1465000038733706
43,distant_c0.2_from0.2,0,joint_projected,20691227,True,True,,1,0.05013810400851071,0.021874853,0.05013810400851071,0.07594040594995022
43,distant_c0.2_from0.2,0,ompl_uniform,20691227,True,True,,1,0.1025303730275482,0.020314014,0.1025303730275482,0.10407661995850503
43,distant_c0.2_from0.2,1,cartesian_ik,20691328,True,True,,1,0.194118807092309,0.026933505,0.194118807092309,0.22014390293043107
43,distant_c0.2_from0.2,1,ompl_uniform,20691328,True,True,,1,0.2374420469859615,0.018727767,0.2374420469859615,0.23859935195650905
43,distant_c0.2_from0.2,1,joint_projected,20691328,True,True,,1,0.12670303310733289,0.029996571,0.12670303310733289,0.1527899740030989
43,distant_c0.2_from0.2,2,joint_projected,20691429,True,True,,1,0.16759968898259103,0.027095019,0.16759968898259103,0.1935413279570639
43,distant_c0.2_from0.2,2,ompl_uniform,20691429,True,True,,1,0.13316557696089149,0.025625776,0.13316557696089149,0.13424494897481054
43,distant_c0.2_from0.2,2,cartesian_ik,20691429,True,True,,1,0.1098489600699395,0.030720475,0.1098489600699395,0.13619564194232225
43,distant_c0.2_from0.2,3,ompl_uniform,20691530,True,True,,1,0.13598823302891105,0.016984626,0.13598823302891105,0.13752332399599254
43,distant_c0.2_from0.2,3,cartesian_ik,20691530,True,True,,1,0.0668843820458278,0.015339783,0.0668843820458278,0.0927903859410435
43,distant_c0.2_from0.2,3,joint_projected,20691530,True,True,,1,0.15498136496171355,0.026146103,0.15498136496171355,0.18183511798270047
43,distant_c0.2_from0.2,4,ompl_uniform,20691631,True,True,,1,0.14249680703505874,0.020990691,0.14249680703505874,0.1434636500198394
43,distant_c0.2_from0.2,4,cartesian_ik,20691631,True,True,,1,0.16954064310994,0.02806518,0.16954064310994,0.19716630794573575
43,distant_c0.2_from0.2,4,joint_projected,20691631,True,True,,1,0.02478463004808873,0.012831306,0.02478463004808873,0.05258592905011028
43,distant_c0.2_from0.2,5,ompl_uniform,20691732,True,True,,1,0.13804294099099934,0.034630365,0.13804294099099934,0.1390004709828645
43,distant_c0.2_from0.2,5,joint_projected,20691732,True,True,,1,0.09443762095179409,0.035650072,0.09443762095179409,0.12065315502695739
43,distant_c0.2_from0.2,5,cartesian_ik,20691732,True,True,,1,0.1502885059453547,0.059977051,0.1502885059453547,0.17633312998805195
43,distant_c0.2_from0.2,6,joint_projected,20691833,True,True,,1,0.21553347096778452,0.026828592,0.21553347096778452,0.24151306494604796
43,distant_c0.2_from0.2,6,ompl_uniform,20691833,True,True,,1,0.1612565480172634,0.014096312,0.1612565480172634,0.16245859407354146
43,distant_c0.2_from0.2,6,cartesian_ik,20691833,True,True,,1,0.07537938700988889,0.01770017,0.07537938700988889,0.1021088829729706
43,distant_c0.2_from0.2,7,cartesian_ik,20691934,True,True,,1,0.21339108503889292,0.022922879,0.21339108503889292,0.23943473387043923
43,distant_c0.2_from0.2,7,joint_projected,20691934,True,True,,1,0.04060459497850388,0.016119197,0.04060459497850388,0.06669548398349434
43,distant_c0.2_from0.2,7,ompl_uniform,20691934,True,True,,1,0.11509540898259729,0.021744048,0.11509540898259729,0.11622037691995502
43,distant_c0.2_from0.2,8,joint_projected,20692035,True,True,,1,0.14665982103906572,0.019907277,0.14665982103906572,0.1727564069442451
43,distant_c0.2_from0.2,8,ompl_uniform,20692035,True,True,,1,0.1358925470849499,0.0180962,0.1358925470849499,0.1369186140364036
43,distant_c0.2_from0.2,8,cartesian_ik,20692035,True,True,,1,0.18011918908450752,0.026456639,0.18011918908450752,0.2061765119433403
43,distant_c0.2_from0.2,9,joint_projected,20692136,True,True,,1,0.11431064095813781,0.017478109,0.11431064095813781,0.14048932795412838
43,distant_c0.2_from0.2,9,cartesian_ik,20692136,True,True,,1,0.20848067803308368,0.019873264,0.20848067803308368,0.234398023923859
43,distant_c0.2_from0.2,9,ompl_uniform,20692136,True,True,,1,0.27544467407278717,0.021477717,0.27544467407278717,0.2765254400437698
38,offset_c0.8_from0.8,0,ompl_uniform,20641192,True,True,,1,0.1791906621074304,0.0411846,0.1791906621074304,0.18015623500104994
38,offset_c0.8_from0.8,0,cartesian_ik,20641192,True,True,,1,0.07998094393406063,0.018501798,0.07998094393406063,0.10280177206732333
38,offset_c0.8_from0.8,0,joint_projected,20641192,True,True,,1,0.10042209702078253,0.022734254,0.10042209702078253,0.1344381091184914
38,offset_c0.8_from0.8,1,joint_projected,20641293,True,True,,1,0.12874174606986344,0.019056549,0.12874174606986344,0.1516749031143263
38,offset_c0.8_from0.8,1,cartesian_ik,20641293,True,True,,1,0.15552679810207337,0.030127771,0.15552679810207337,0.17836847412399948
38,offset_c0.8_from0.8,1,ompl_uniform,20641293,True,True,,1,0.13549595896620303,0.023122777,0.13549595896620303,0.13688344799447805
38,offset_c0.8_from0.8,2,ompl_uniform,20641394,True,True,,1,0.15866472304333,0.013857463,0.15866472304333,0.1598769740667194
38,offset_c0.8_from0.8,2,joint_projected,20641394,True,True,,1,0.2540748859755695,0.05040888,0.2540748859755695,0.27715557103510946
38,offset_c0.8_from0.8,2,cartesian_ik,20641394,True,True,,1,0.235859620035626,0.040980487,0.235859620035626,0.2595011410303414
38,offset_c0.8_from0.8,3,cartesian_ik,20641495,True,True,,1,0.143085389980115,0.02435082,0.143085389980115,0.16586438508238643
38,offset_c0.8_from0.8,3,joint_projected,20641495,True,True,,1,0.2690998180769384,0.032806949,0.2690998180769384,0.2921728400979191
38,offset_c0.8_from0.8,3,ompl_uniform,20641495,True,True,,1,0.13973903201986104,0.024921689,0.13973903201986104,0.14083612093236297
38,offset_c0.8_from0.8,4,joint_projected,20641596,True,True,,1,0.20316197106149048,0.022418076,0.20316197106149048,0.2270085330819711
38,offset_c0.8_from0.8,4,cartesian_ik,20641596,True,True,,1,0.0686631869757548,0.021527974,0.0686631869757548,0.09149635711219162
38,offset_c0.8_from0.8,4,ompl_uniform,20641596,True,True,,1,0.25833037798292935,0.01955279,0.25833037798292935,0.25956211902666837
38,offset_c0.8_from0.8,5,ompl_uniform,20641697,True,True,,1,0.25502203998621553,0.037484675,0.25502203998621553,0.2566244130721316
38,offset_c0.8_from0.8,5,joint_projected,20641697,True,True,,1,0.24661660206038505,0.036037032,0.24661660206038505,0.27095850405748934
38,offset_c0.8_from0.8,5,cartesian_ik,20641697,True,True,,1,0.3049859390594065,0.025683606,0.3049859390594065,0.3279248410835862
38,offset_c0.8_from0.8,6,joint_projected,20641798,True,True,,1,0.17440490401349962,0.053231618,0.17440490401349962,0.1983391250250861
38,offset_c0.8_from0.8,6,cartesian_ik,20641798,True,True,,1,0.29227953602094203,0.086894944,0.29227953602094203,0.3167619979940355
38,offset_c0.8_from0.8,6,ompl_uniform,20641798,True,True,,1,0.17823985102586448,0.039934277,0.17823985102586448,0.18374937598127872
38,offset_c0.8_from0.8,7,joint_projected,20641899,True,True,,1,0.10424830403644592,0.054037653,0.10424830403644592,0.12981034605763853
38,offset_c0.8_from0.8,7,ompl_uniform,20641899,True,True,,1,0.15158898592926562,0.021391636,0.15158898592926562,0.15291590988636017
38,offset_c0.8_from0.8,7,cartesian_ik,20641899,True,True,,1,0.21546360303182155,0.100556518,0.21546360303182155,0.23851156211458147
38,offset_c0.8_from0.8,8,joint_projected,20642000,True,True,,1,0.10653449397068471,0.03332201,0.10653449397068471,0.1303137680515647
38,offset_c0.8_from0.8,8,ompl_uniform,20642000,True,True,,1,0.14059654192533344,0.02259634,0.14059654192533344,0.14188311609905213
38,offset_c0.8_from0.8,8,cartesian_ik,20642000,True,True,,1,0.18203568109311163,0.050052107,0.18203568109311163,0.2049865530570969
38,offset_c0.8_from0.8,9,ompl_uniform,20642101,True,True,,1,0.15772587002720684,0.036548749,0.15772587002720684,0.1589053370989859
38,offset_c0.8_from0.8,9,joint_projected,20642101,True,True,,1,0.06448807497508824,0.012914046,0.06448807497508824,0.08741967496462166
38,offset_c0.8_from0.8,9,cartesian_ik,20642101,True,True,,1,0.16100394702516496,0.046910372,0.16100394702516496,0.18425918207503855
46,distant_c0.2_from0.2,0,ompl_uniform,20721248,True,True,,1,0.07787904690485448,0.015243518,0.07787904690485448,0.07927302806638181
46,distant_c0.2_from0.2,0,joint_projected,20721248,True,True,,1,0.11245762091130018,0.014792231,0.11245762091130018,0.13619801797904074
46,distant_c0.2_from0.2,0,cartesian_ik,20721248,True,True,,1,0.09549567603971809,0.01916824,0.09549567603971809,0.11925299593713135
46,distant_c0.2_from0.2,1,joint_projected,20721349,True,True,,1,0.11026378301903605,0.029366547,0.11026378301903605,0.13386972399894148
46,distant_c0.2_from0.2,1,ompl_uniform,20721349,True,True,,1,0.18705058295745403,0.023602628,0.18705058295745403,0.1881731660105288
46,distant_c0.2_from0.2,1,cartesian_ik,20721349,True,True,,1,0.12647375895176083,0.027527248,0.12647375895176083,0.15022902993950993
46,distant_c0.2_from0.2,2,joint_projected,20721450,True,True,,1,0.07697652000933886,0.021242359,0.07697652000933886,0.1006618378451094
46,distant_c0.2_from0.2,2,cartesian_ik,20721450,True,True,,1,0.1783555889269337,0.030194741,0.1783555889269337,0.20215967891272157
46,distant_c0.2_from0.2,2,ompl_uniform,20721450,True,True,,1,0.16408397699706256,0.029190757,0.16408397699706256,0.16529935598373413
46,distant_c0.2_from0.2,3,joint_projected,20721551,True,True,,1,0.21023276099003851,0.015897,0.21023276099003851,0.23477061989251524
46,distant_c0.2_from0.2,3,ompl_uniform,20721551,True,True,,1,0.1108081400161609,0.023684445,0.1108081400161609,0.1119941599899903
46,distant_c0.2_from0.2,3,cartesian_ik,20721551,True,True,,1,0.2504288679920137,0.021194605,0.2504288679920137,0.2743323609465733
46,distant_c0.2_from0.2,4,cartesian_ik,20721652,True,True,,1,0.14315299096051604,0.024059473,0.14315299096051604,0.1668959528906271
46,distant_c0.2_from0.2,4,joint_projected,20721652,True,True,,1,0.03382420900743455,0.0211322,0.03382420900743455,0.05749009898863733
46,distant_c0.2_from0.2,4,ompl_uniform,20721652,True,True,,1,0.18819562997668982,0.029926328,0.18819562997668982,0.1893167340895161
46,distant_c0.2_from0.2,5,ompl_uniform,20721753,True,True,,1,0.0936903579859063,0.017032025,0.0936903579859063,0.09508807002566755
46,distant_c0.2_from0.2,5,cartesian_ik,20721753,True,True,,1,0.15353606105782092,0.020074759,0.15353606105782092,0.1776105009485036
46,distant_c0.2_from0.2,5,joint_projected,20721753,True,True,,1,0.07349739002529532,0.014797747,0.07349739002529532,0.09714761294890195
46,distant_c0.2_from0.2,6,joint_projected,20721854,True,True,,1,0.1381780239753425,0.052388572,0.1381780239753425,0.1627733309287578
46,distant_c0.2_from0.2,6,cartesian_ik,20721854,True,True,,1,0.13306499202735722,0.017740027,0.13306499202735722,0.15763142285868526
46,distant_c0.2_from0.2,6,ompl_uniform,20721854,True,True,,1,0.19882456306368113,0.03010945,0.19882456306368113,0.20017010299488902
46,distant_c0.2_from0.2,7,ompl_uniform,20721955,True,True,,1,0.2667821180075407,0.024183459,0.2667821180075407,0.26828021102119237
46,distant_c0.2_from0.2,7,joint_projected,20721955,True,True,,1,0.08332340605556965,0.017940132,0.08332340605556965,0.10731075296644121
46,distant_c0.2_from0.2,7,cartesian_ik,20721955,True,True,,1,0.16599099501036108,0.016989698,0.16599099501036108,0.19009016489144415
46,distant_c0.2_from0.2,8,cartesian_ik,20722056,True,True,,1,0.10683756601065397,0.024216544,0.10683756601065397,0.13059242395684123
46,distant_c0.2_from0.2,8,joint_projected,20722056,True,True,,1,0.13021662400569767,0.02200183,0.13021662400569767,0.15390174195636064
46,distant_c0.2_from0.2,8,ompl_uniform,20722056,True,True,,1,0.09037395601626486,0.018562299,0.09037395601626486,0.0914198310347274
46,distant_c0.2_from0.2,9,joint_projected,20722157,True,True,,1,0.13113657699432224,0.036159611,0.13113657699432224,0.15490032394882292
46,distant_c0.2_from0.2,9,ompl_uniform,20722157,True,True,,1,0.19964806095231324,0.019782895,0.19964806095231324,0.2008820209885016
46,distant_c0.2_from0.2,9,cartesian_ik,20722157,True,True,,1,0.137583335977979,0.021146169,0.137583335977979,0.16137520398478955
36,offset_c0.8_from0.8,0,ompl_uniform,20621178,True,True,,1,0.22206606704276055,0.021380093,0.22206606704276055,0.22307326400186867
36,offset_c0.8_from0.8,0,joint_projected,20621178,True,True,,1,0.125091765075922,0.02928202,0.125091765075922,0.1501909359358251
36,offset_c0.8_from0.8,0,cartesian_ik,20621178,True,True,,1,0.3086242969147861,0.032034992,0.3086242969147861,0.34475167794153094
36,offset_c0.8_from0.8,1,cartesian_ik,20621279,True,True,,1,0.12433476094156504,0.020518542,0.12433476094156504,0.148397923912853
36,offset_c0.8_from0.8,1,joint_projected,20621279,True,True,,1,0.17444661597255617,0.037481471,0.17444661597255617,0.19866756000556052
36,offset_c0.8_from0.8,1,ompl_uniform,20621279,True,True,,1,0.18043691897764802,0.030077576,0.18043691897764802,0.18209449108690023
36,offset_c0.8_from0.8,2,cartesian_ik,20621380,True,True,,1,0.22486049705184996,0.053170189,0.22486049705184996,0.24972479790449142
36,offset_c0.8_from0.8,2,ompl_uniform,20621380,True,True,,1,0.16616864397656173,0.014849563,0.16616864397656173,0.16758571402169764
36,offset_c0.8_from0.8,2,joint_projected,20621380,True,True,,1,0.18071024701930583,0.031768427,0.18071024701930583,0.20517880702391267
36,offset_c0.8_from0.8,3,joint_projected,20621481,True,True,,1,0.23030737391673028,0.030729416,0.23030737391673028,0.2546789760235697
36,offset_c0.8_from0.8,3,ompl_uniform,20621481,True,True,,1,0.19258989405352622,0.026380196,0.19258989405352622,0.19415852497331798
36,offset_c0.8_from0.8,3,cartesian_ik,20621481,True,True,,1,0.15711430797819048,0.037062393,0.15711430797819048,0.18163546093273908
36,offset_c0.8_from0.8,4,ompl_uniform,20621582,True,True,,1,0.18045792600605637,0.027658207,0.18045792600605637,0.1817220140947029
36,offset_c0.8_from0.8,4,cartesian_ik,20621582,True,True,,1,0.16526667296420783,0.028551083,0.16526667296420783,0.18968081497587264
36,offset_c0.8_from0.8,4,joint_projected,20621582,True,True,,1,0.1889561990974471,0.042899547,0.1889561990974471,0.21339039993472397
36,offset_c0.8_from0.8,5,cartesian_ik,20621683,True,True,,1,0.09987056907266378,0.022748134,0.09987056907266378,0.12442647397983819
36,offset_c0.8_from0.8,5,ompl_uniform,20621683,True,True,,1,0.10451817407738417,0.017448645,0.10451817407738417,0.10629223694559187
36,offset_c0.8_from0.8,5,joint_projected,20621683,True,True,,1,0.04386329394765198,0.028228981,0.04386329394765198,0.06972848693840206
36,offset_c0.8_from0.8,6,joint_projected,20621784,True,True,,1,0.12138141598552465,0.016708046,0.12138141598552465,0.14537714689504355
36,offset_c0.8_from0.8,6,ompl_uniform,20621784,True,True,,1,0.19662724703084677,0.024512614,0.19662724703084677,0.197918797028251
36,offset_c0.8_from0.8,6,cartesian_ik,20621784,True,True,,1,0.17109170102048665,0.039373918,0.17109170102048665,0.1952194538898766
36,offset_c0.8_from0.8,7,cartesian_ik,20621885,True,True,,1,0.167373895063065,0.031673832,0.167373895063065,0.191720137023367
36,offset_c0.8_from0.8,7,joint_projected,20621885,True,True,,1,0.08595226495526731,0.014896433,0.08595226495526731,0.11028822895605117
36,offset_c0.8_from0.8,7,ompl_uniform,20621885,True,True,,1,0.06957199703902006,0.022408302,0.06957199703902006,0.0707915109815076
36,offset_c0.8_from0.8,8,joint_projected,20621986,True,True,,1,0.15065634401980788,0.025402386,0.15065634401980788,0.17511079099494964
36,offset_c0.8_from0.8,8,ompl_uniform,20621986,True,True,,1,0.14564749493729323,0.035496001,0.14564749493729323,0.14687439997214824
36,offset_c0.8_from0.8,8,cartesian_ik,20621986,True,True,,1,0.13461680593900383,0.044631838,0.13461680593900383,0.1587926959618926
36,offset_c0.8_from0.8,9,joint_projected,20622087,True,True,,1,0.10037825698964298,0.024309715,0.10037825698964298,0.12451604707166553
36,offset_c0.8_from0.8,9,ompl_uniform,20622087,True,True,,1,0.17336808692198247,0.024878249,0.17336808692198247,0.17464341293089092
36,offset_c0.8_from0.8,9,cartesian_ik,20622087,True,True,,1,0.12908726697787642,0.033061358,0.12908726697787642,0.15339418896473944
41,distant_c0.2_from0.2,0,cartesian_ik,20671213,True,True,,1,0.15207200008444488,0.02544673,0.15207200008444488,0.17507292598020285
41,distant_c0.2_from0.2,0,ompl_uniform,20671213,True,True,,1,0.158526583109051,0.017376343,0.158526583109051,0.1597751509398222
41,distant_c0.2_from0.2,0,joint_projected,20671213,True,True,,1,0.19846615695860237,0.018765893,0.19846615695860237,0.22196600202005357
41,distant_c0.2_from0.2,1,joint_projected,20671314,True,True,,1,0.19383888598531485,0.048349194,0.19383888598531485,0.2174735409207642
41,distant_c0.2_from0.2,1,cartesian_ik,20671314,True,True,,1,0.12095596396829933,0.014248361,0.12095596396829933,0.1446097488515079
41,distant_c0.2_from0.2,1,ompl_uniform,20671314,True,True,,1,0.16403759398963302,0.021532856,0.16403759398963302,0.16535729495808482
41,distant_c0.2_from0.2,2,cartesian_ik,20671415,True,True,,1,0.1701058220351115,0.030693378,0.1701058220351115,0.1935004679253325
41,distant_c0.2_from0.2,2,ompl_uniform,20671415,True,True,,1,0.2008061840897426,0.023075381,0.2008061840897426,0.20207908505108207
41,distant_c0.2_from0.2,2,joint_projected,20671415,True,True,,1,0.12944525899365544,0.040918612,0.12944525899365544,0.15266041387803853
41,distant_c0.2_from0.2,3,ompl_uniform,20671516,True,True,,1,0.26654764101840556,0.020365726,0.26654764101840556,0.26832086907234043
41,distant_c0.2_from0.2,3,cartesian_ik,20671516,True,True,,1,0.047993435990065336,0.016755073,0.047993435990065336,0.07141272188164294
41,distant_c0.2_from0.2,3,joint_projected,20671516,True,True,,1,0.11431906197685748,0.033572006,0.11431906197685748,0.13740644499193877
41,distant_c0.2_from0.2,4,ompl_uniform,20671617,True,True,,1,0.11965302308090031,0.017927456,0.11965302308090031,0.12125652993563563
41,distant_c0.2_from0.2,4,cartesian_ik,20671617,True,True,,1,0.1116674579679966,0.036911463,0.1116674579679966,0.13528387888800353
41,distant_c0.2_from0.2,4,joint_projected,20671617,True,True,,1,0.15234894200693816,0.03264952,0.15234894200693816,0.17579642694909126
41,distant_c0.2_from0.2,5,ompl_uniform,20671718,True,True,,1,0.1478872960433364,0.02801392,0.1478872960433364,0.14933790103532374
41,distant_c0.2_from0.2,5,joint_projected,20671718,True,True,,1,0.12035726406611502,0.020497735,0.12035726406611502,0.14377438486553729
41,distant_c0.2_from0.2,5,cartesian_ik,20671718,True,True,,1,0.22638142702635378,0.018041082,0.22638142702635378,0.24975707894191146
41,distant_c0.2_from0.2,6,cartesian_ik,20671819,True,True,,1,0.17877124901860952,0.029172924,0.17877124901860952,0.20198344893287867
41,distant_c0.2_from0.2,6,ompl_uniform,20671819,True,True,,1,0.11615342705044895,0.025226398,0.11615342705044895,0.11729784891940653
41,distant_c0.2_from0.2,6,joint_projected,20671819,True,True,,1,0.169560581096448,0.028509179,0.169560581096448,0.19338834600057453
41,distant_c0.2_from0.2,7,joint_projected,20671920,True,True,,1,0.244816115940921,0.025250038,0.244816115940921,0.26900400896556675
41,distant_c0.2_from0.2,7,ompl_uniform,20671920,True,True,,1,0.14712381502613425,0.036902094,0.14712381502613425,0.14829095697496086
41,distant_c0.2_from0.2,7,cartesian_ik,20671920,True,True,,1,0.13469238101970404,0.039530619,0.13469238101970404,0.15830859588459134
41,distant_c0.2_from0.2,8,ompl_uniform,20672021,True,True,,1,0.0900234590517357,0.016769475,0.0900234590517357,0.09177606890443712
41,distant_c0.2_from0.2,8,cartesian_ik,20672021,True,True,,1,0.19230890704784542,0.038614165,0.19230890704784542,0.2156679459149018
41,distant_c0.2_from0.2,8,joint_projected,20672021,True,True,,1,0.22427364194300026,0.031959589,0.22427364194300026,0.24748085101600736
41,distant_c0.2_from0.2,9,joint_projected,20672122,True,True,,1,0.1846242370083928,0.033303601,0.1846242370083928,0.20779545593541116
41,distant_c0.2_from0.2,9,cartesian_ik,20672122,True,True,,1,0.1597626890288666,0.053093177,0.1597626890288666,0.18296446197200567
41,distant_c0.2_from0.2,9,ompl_uniform,20672122,True,True,,1,0.16484267392661422,0.025351749,0.16484267392661422,0.16618641605600715
47,distant_c0.2_from0.2,0,cartesian_ik,20731255,True,True,,1,0.16439306002575904,0.023523426,0.16439306002575904,0.2008612989448011
47,distant_c0.2_from0.2,0,joint_projected,20731255,True,True,,1,0.18622995598707348,0.062227921,0.18622995598707348,0.2089932089438662
47,distant_c0.2_from0.2,0,ompl_uniform,20731255,True,True,,1,0.1414584401063621,0.020287643,0.1414584401063621,0.1429314569104463
47,distant_c0.2_from0.2,1,ompl_uniform,20731356,True,True,,1,0.16236352000851184,0.022140808,0.16236352000851184,0.1635005819844082
47,distant_c0.2_from0.2,1,cartesian_ik,20731356,True,True,,1,0.12950731092132628,0.022281934,0.12950731092132628,0.15270902891643345
47,distant_c0.2_from0.2,1,joint_projected,20731356,True,True,,1,0.16607956297229975,0.022695669,0.16607956297229975,0.18884578393772244
47,distant_c0.2_from0.2,2,cartesian_ik,20731457,True,True,,1,0.11971967096906155,0.031389473,0.11971967096906155,0.14236686297226697
47,distant_c0.2_from0.2,2,joint_projected,20731457,True,True,,1,0.20510823198128492,0.027143824,0.20510823198128492,0.22782181098591536
47,distant_c0.2_from0.2,2,ompl_uniform,20731457,True,True,,1,0.06284900498576462,0.014358333,0.06284900498576462,0.06407937000039965
47,distant_c0.2_from0.2,3,ompl_uniform,20731558,True,True,,1,0.13098751194775105,0.018319779,0.13098751194775105,0.1327849819790572
47,distant_c0.2_from0.2,3,joint_projected,20731558,True,True,,1,0.07730025704950094,0.018441213,0.07730025704950094,0.10024555691052228
47,distant_c0.2_from0.2,3,cartesian_ik,20731558,True,True,,1,0.10239877190906554,0.021945576,0.10239877190906554,0.12517170188948512
47,distant_c0.2_from0.2,4,cartesian_ik,20731659,True,True,,1,0.1944706739159301,0.022341418,0.1944706739159301,0.217649299884215
47,distant_c0.2_from0.2,4,joint_projected,20731659,True,True,,1,0.0406890029553324,0.01639796,0.0406890029553324,0.06361505901440978
47,distant_c0.2_from0.2,4,ompl_uniform,20731659,True,True,,1,0.16524362098425627,0.030602842,0.16524362098425627,0.1664312370121479
47,distant_c0.2_from0.2,5,joint_projected,20731760,True,True,,1,0.15716669091489166,0.040308951,0.15716669091489166,0.1801746980054304
47,distant_c0.2_from0.2,5,cartesian_ik,20731760,True,True,,1,0.10353859106544405,0.015099269,0.10353859106544405,0.1264449559384957
47,distant_c0.2_from0.2,5,ompl_uniform,20731760,True,True,,1,0.11179351503960788,0.020016674,0.11179351503960788,0.11290058901067823
47,distant_c0.2_from0.2,6,joint_projected,20731861,True,True,,1,0.21421612601261586,0.01986139,0.21421612601261586,0.23719530599191785
47,distant_c0.2_from0.2,6,cartesian_ik,20731861,True,True,,1,0.08905062300618738,0.015800328,0.08905062300618738,0.11284764192532748
47,distant_c0.2_from0.2,6,ompl_uniform,20731861,True,True,,1,0.21929826703853905,0.023858891,0.21929826703853905,0.220497224945575
47,distant_c0.2_from0.2,7,ompl_uniform,20731962,True,True,,1,0.16211776807904243,0.033575924,0.16211776807904243,0.16382640099618584
47,distant_c0.2_from0.2,7,joint_projected,20731962,True,True,,1,0.03586295002605766,0.019314638,0.03586295002605766,0.05880850099492818
47,distant_c0.2_from0.2,7,cartesian_ik,20731962,True,True,,1,0.15196948393713683,0.033896348,0.15196948393713683,0.1746111479587853
47,distant_c0.2_from0.2,8,joint_projected,20732063,True,True,,1,0.13706808595452458,0.016210101,0.13706808595452458,0.15961245086509734
47,distant_c0.2_from0.2,8,cartesian_ik,20732063,True,True,,1,0.25024178193416446,0.030063053,0.25024178193416446,0.2729469219921157
47,distant_c0.2_from0.2,8,ompl_uniform,20732063,True,True,,1,0.22469808906316757,0.022533503,0.22469808906316757,0.2258573709987104
47,distant_c0.2_from0.2,9,cartesian_ik,20732164,True,True,,1,0.16550689504947513,0.029611842,0.16550689504947513,0.1888988799182698
47,distant_c0.2_from0.2,9,ompl_uniform,20732164,True,True,,1,0.149573030997999,0.019411083,0.149573030997999,0.15074345003813505
47,distant_c0.2_from0.2,9,joint_projected,20732164,True,True,,1,0.057976163108833134,0.020429917,0.057976163108833134,0.08119359996635467
7,central_c0.2_from0.2,0,cartesian_ik,20330975,True,True,,1,0.191427021054551,0.055446176,0.191427021054551,0.21540029300376773
7,central_c0.2_from0.2,0,ompl_uniform,20330975,True,True,,1,0.1557159119984135,0.017249754,0.1557159119984135,0.1577165499329567
7,central_c0.2_from0.2,0,joint_projected,20330975,True,True,,1,0.26682153693400323,0.039886926,0.26682153693400323,0.29120420198887587
7,central_c0.2_from0.2,1,cartesian_ik,20331076,True,True,,1,0.1730392079334706,0.050956282,0.1730392079334706,0.19785449909977615
7,central_c0.2_from0.2,1,ompl_uniform,20331076,True,True,,1,0.1548672269564122,0.02994904,0.1548672269564122,0.15621003706473857
7,central_c0.2_from0.2,1,joint_projected,20331076,True,True,,1,0.30212836200371385,0.039479777,0.30212836200371385,0.32664652704261243
7,central_c0.2_from0.2,2,ompl_uniform,20331177,True,True,,1,0.23414652002975345,0.023622978,0.23414652002975345,0.23576430999673903
7,central_c0.2_from0.2,2,joint_projected,20331177,True,True,,1,0.22468039602972567,0.063072835,0.22468039602972567,0.2492843110812828
7,central_c0.2_from0.2,2,cartesian_ik,20331177,True,True,,1,0.1158854739041999,0.056089516,0.1158854739041999,0.14069998904597014
7,central_c0.2_from0.2,3,joint_projected,20331278,True,True,,1,0.19185066397767514,0.034983875,0.19185066397767514,0.21615008800290525
7,central_c0.2_from0.2,3,ompl_uniform,20331278,True,True,,1,0.6996301569743082,0.043279437,0.6996301569743082,0.7020345280179754
7,central_c0.2_from0.2,3,cartesian_ik,20331278,True,True,,1,0.16260415699798614,0.021187841,0.16260415699798614,0.1871153140673414
7,central_c0.2_from0.2,4,ompl_uniform,20331379,True,True,,1,0.24884398805443197,0.030560372,0.24884398805443197,0.2501915009925142
7,central_c0.2_from0.2,4,joint_projected,20331379,True,True,,1,0.18726139899808913,0.021767915,0.18726139899808913,0.21185478498227894
7,central_c0.2_from0.2,4,cartesian_ik,20331379,True,True,,1,0.19651054497808218,0.025030641,0.19651054497808218,0.22171354503370821
7,central_c0.2_from0.2,5,ompl_uniform,20331480,True,True,,1,0.2274559800280258,0.031326964,0.2274559800280258,0.22912953898776323
7,central_c0.2_from0.2,5,cartesian_ik,20331480,True,True,,1,0.25809164193924516,0.069925656,0.25809164193924516,0.2838516610208899
7,central_c0.2_from0.2,5,joint_projected,20331480,True,True,,1,0.5401218140032142,0.049407517,0.5401218140032142,0.5659534889273345
7,central_c0.2_from0.2,6,joint_projected,20331581,True,True,,1,0.25362919899635017,0.091712594,0.25362919899635017,0.27840863598976284
7,central_c0.2_from0.2,6,ompl_uniform,20331581,True,True,,1,0.1994719139765948,0.04120141,0.1994719139765948,0.20100418000947684
7,central_c0.2_from0.2,6,cartesian_ik,20331581,True,True,,1,0.12617025198414922,0.04053732,0.12617025198414922,0.15051479800604284
7,central_c0.2_from0.2,7,cartesian_ik,20331682,True,True,,1,0.22619458299595863,0.097308739,0.22619458299595863,0.2502037590602413
7,central_c0.2_from0.2,7,joint_projected,20331682,True,True,,1,0.3250036659883335,0.03205388,0.3250036659883335,0.3492252170108259
7,central_c0.2_from0.2,7,ompl_uniform,20331682,True,True,,1,0.21641551703214645,0.034276759,0.21641551703214645,0.21790092601440847
7,central_c0.2_from0.2,8,joint_projected,20331783,True,True,,1,0.17674040899146348,0.049742848,0.17674040899146348,0.21213918505236506
7,central_c0.2_from0.2,8,cartesian_ik,20331783,True,True,,1,0.23036499693989754,0.06230641,0.23036499693989754,0.25452637509442866
7,central_c0.2_from0.2,8,ompl_uniform,20331783,True,True,,1,0.43816813500598073,0.040724312,0.43816813500598073,0.4397692900383845
7,central_c0.2_from0.2,9,joint_projected,20331884,True,True,,1,0.21566931705456227,0.028164228,0.21566931705456227,0.24004048097413033
7,central_c0.2_from0.2,9,ompl_uniform,20331884,True,True,,1,0.2688616579398513,0.027933802,0.2688616579398513,0.27037270297296345
7,central_c0.2_from0.2,9,cartesian_ik,20331884,True,True,,1,0.11872566002421081,0.030772692,0.11872566002421081,0.14285317296162248
26,offset_c0.2_from0.2,0,ompl_uniform,20521108,True,True,,1,0.19636865600477904,0.01946533,0.19636865600477904,0.197623995016329
26,offset_c0.2_from0.2,0,cartesian_ik,20521108,True,True,,1,0.15297411405481398,0.046894633,0.15297411405481398,0.17497539496980608
26,offset_c0.2_from0.2,0,joint_projected,20521108,True,True,,1,0.3262727319961414,0.042487197,0.3262727319961414,0.34854604804422706
26,offset_c0.2_from0.2,1,ompl_uniform,20521209,True,True,,1,0.19138277403544635,0.029458186,0.19138277403544635,0.1925591209437698
26,offset_c0.2_from0.2,1,joint_projected,20521209,True,True,,1,0.12875185802113265,0.057564634,0.12875185802113265,0.15085264306981117
26,offset_c0.2_from0.2,1,cartesian_ik,20521209,True,True,,1,0.1961123829241842,0.021567575,0.1961123829241842,0.21963346400298178
26,offset_c0.2_from0.2,2,joint_projected,20521310,True,True,,1,0.10822988802101463,0.023872535,0.10822988802101463,0.13029377395287156
26,offset_c0.2_from0.2,2,ompl_uniform,20521310,True,True,,1,0.2436735889641568,0.019299316,0.2436735889641568,0.24604146310593933
26,offset_c0.2_from0.2,2,cartesian_ik,20521310,True,True,,1,0.04411943908780813,0.022460143,0.04411943908780813,0.06647392001468688
26,offset_c0.2_from0.2,3,ompl_uniform,20521411,True,True,,1,0.08401224995031953,0.015910059,0.08401224995031953,0.08523000800050795
26,offset_c0.2_from0.2,3,joint_projected,20521411,True,True,,1,0.2603088730247691,0.030351452,0.2603088730247691,0.28347804106306285
26,offset_c0.2_from0.2,3,cartesian_ik,20521411,True,True,,1,0.12496588798239827,0.028310941,0.12496588798239827,0.1470601879991591
26,offset_c0.2_from0.2,4,cartesian_ik,20521512,True,True,,1,0.25779270101338625,0.060651144,0.25779270101338625,0.280492894933559
26,offset_c0.2_from0.2,4,joint_projected,20521512,True,True,,1,0.0577171960612759,0.024039728,0.0577171960612759,0.08000239101238549
26,offset_c0.2_from0.2,4,ompl_uniform,20521512,True,True,,1,0.14483448001556098,0.026935925,0.14483448001556098,0.14620789198670536
26,offset_c0.2_from0.2,5,cartesian_ik,20521613,True,True,,1,0.24411337601486593,0.03675929,0.24411337601486593,0.26665992208290845
26,offset_c0.2_from0.2,5,ompl_uniform,20521613,True,True,,1,0.21048722905106843,0.016076478,0.21048722905106843,0.21207101794425398
26,offset_c0.2_from0.2,5,joint_projected,20521613,True,True,,1,0.10530180600471795,0.027479013,0.10530180600471795,0.12752895604353398
26,offset_c0.2_from0.2,6,joint_projected,20521714,True,True,,1,0.13946205796673894,0.026923526,0.13946205796673894,0.16165960708167404
26,offset_c0.2_from0.2,6,cartesian_ik,20521714,True,True,,1,0.07939207996241748,0.029518542,0.07939207996241748,0.10200598102528602
26,offset_c0.2_from0.2,6,ompl_uniform,20521714,True,True,,1,0.17222641699481755,0.02242176,0.17222641699481755,0.1735780459130183
26,offset_c0.2_from0.2,7,joint_projected,20521815,True,True,,1,0.12174946698360145,0.022825943,0.12174946698360145,0.14363044500350952
26,offset_c0.2_from0.2,7,cartesian_ik,20521815,True,True,,1,0.15763487794902176,0.038699638,0.15763487794902176,0.17944801691919565
26,offset_c0.2_from0.2,7,ompl_uniform,20521815,True,True,,1,0.24071343801915646,0.024892187,0.24071343801915646,0.24194001406431198
26,offset_c0.2_from0.2,8,joint_projected,20521916,True,True,,1,0.30096013098955154,0.045648153,0.30096013098955154,0.3236243820283562
26,offset_c0.2_from0.2,8,cartesian_ik,20521916,True,True,,1,0.09117342601530254,0.030189404,0.09117342601530254,0.11298066598828882
26,offset_c0.2_from0.2,8,ompl_uniform,20521916,True,True,,1,0.10769883601460606,0.027112964,0.10769883601460606,0.10880450601689517
26,offset_c0.2_from0.2,9,joint_projected,20522017,True,True,,1,0.13251632393803447,0.031241861,0.13251632393803447,0.15496664808597416
26,offset_c0.2_from0.2,9,cartesian_ik,20522017,True,True,,1,0.14108749199658632,0.022301964,0.14108749199658632,0.16319499793462455
26,offset_c0.2_from0.2,9,ompl_uniform,20522017,True,True,,1,0.19758358993567526,0.027784385,0.19758358993567526,0.1988453509984538
14,central_c0.8_from0.8,0,joint_projected,20401024,True,True,,1,0.18534183397423476,0.034738248,0.18534183397423476,0.20749053987674415
14,central_c0.8_from0.8,0,ompl_uniform,20401024,True,True,,1,0.21184946002904326,0.024234329,0.21184946002904326,0.21322907996363938
14,central_c0.8_from0.8,0,cartesian_ik,20401024,True,True,,1,0.16755005298182368,0.030755284,0.16755005298182368,0.1900681109400466
14,central_c0.8_from0.8,1,ompl_uniform,20401125,True,True,,1,0.39552614092826843,0.025166434,0.39552614092826843,0.3969218300189823
14,central_c0.8_from0.8,1,cartesian_ik,20401125,True,True,,1,0.15715165308211,0.045315273,0.15715165308211,0.1796871708938852
14,central_c0.8_from0.8,1,joint_projected,20401125,True,True,,1,0.1831359730567783,0.02574909,0.1831359730567783,0.2053896589204669
14,central_c0.8_from0.8,2,cartesian_ik,20401226,True,True,,1,0.13768695504404604,0.027788753,0.13768695504404604,0.160030449857004
14,central_c0.8_from0.8,2,ompl_uniform,20401226,True,True,,1,0.19138039194513112,0.033839751,0.19138039194513112,0.19260273699183017
14,central_c0.8_from0.8,2,joint_projected,20401226,True,True,,1,0.23383906297385693,0.044965301,0.23383906297385693,0.25642081687692553
14,central_c0.8_from0.8,3,cartesian_ik,20401327,True,True,,1,0.1284149830462411,0.027255762,0.1284149830462411,0.15058012690860778
14,central_c0.8_from0.8,3,ompl_uniform,20401327,True,True,,1,0.15112370997667313,0.029684084,0.15112370997667313,0.15244857303332537
14,central_c0.8_from0.8,3,joint_projected,20401327,True,True,,1,0.18103597103618085,0.029190739,0.18103597103618085,0.2035605648998171
14,central_c0.8_from0.8,4,ompl_uniform,20401428,True,True,,1,0.14131104003172368,0.021053419,0.14131104003172368,0.14254490903113037
14,central_c0.8_from0.8,4,joint_projected,20401428,True,True,,1,0.12137151299975812,0.033434615,0.12137151299975812,0.14376109198201448
14,central_c0.8_from0.8,4,cartesian_ik,20401428,True,True,,1,0.1654448959743604,0.066049207,0.1654448959743604,0.18906683288514614
14,central_c0.8_from0.8,5,cartesian_ik,20401529,True,True,,1,0.1928795260610059,0.099949994,0.1928795260610059,0.21514009695965797
14,central_c0.8_from0.8,5,ompl_uniform,20401529,True,True,,1,0.2219488020054996,0.030115683,0.2219488020054996,0.22315640607848763
14,central_c0.8_from0.8,5,joint_projected,20401529,True,True,,1,0.2375132810557261,0.042102435,0.2375132810557261,0.26938293885905296
14,central_c0.8_from0.8,6,ompl_uniform,20401630,True,True,,1,0.2974303269293159,0.053252093,0.2974303269293159,0.29892834299243987
14,central_c0.8_from0.8,6,cartesian_ik,20401630,True,True,,1,0.20843888400122523,0.036288416,0.20843888400122523,0.23104827792849392
14,central_c0.8_from0.8,6,joint_projected,20401630,True,True,,1,0.18104055197909474,0.028374053,0.18104055197909474,0.20422509883064777
14,central_c0.8_from0.8,7,ompl_uniform,20401731,True,True,,1,0.16639876109547913,0.039827271,0.16639876109547913,0.1675466540036723
14,central_c0.8_from0.8,7,cartesian_ik,20401731,True,True,,1,0.34612175705842674,0.083843193,0.34612175705842674,0.36840465397108346
14,central_c0.8_from0.8,7,joint_projected,20401731,True,True,,1,0.17304424999747425,0.039234023,0.17304424999747425,0.1954729069257155
14,central_c0.8_from0.8,8,joint_projected,20401832,True,True,,1,0.2090334000531584,0.021623657,0.2090334000531584,0.23128748685121536
14,central_c0.8_from0.8,8,cartesian_ik,20401832,True,True,,1,0.24292906909249723,0.104042575,0.24292906909249723,0.2655010229209438
14,central_c0.8_from0.8,8,ompl_uniform,20401832,True,True,,1,0.16820678091607988,0.032491163,0.16820678091607988,0.16941760305780917
14,central_c0.8_from0.8,9,cartesian_ik,20401933,True,True,,1,0.27745128609240055,0.128612328,0.27745128609240055,0.29982419894076884
14,central_c0.8_from0.8,9,ompl_uniform,20401933,True,True,,1,0.23811805597506464,0.038998803,0.23811805597506464,0.23954470199532807
14,central_c0.8_from0.8,9,joint_projected,20401933,True,True,,1,0.09118969598785043,0.016152072,0.09118969598785043,0.11374965182039887
12,central_c0.8_from0.8,0,joint_projected,20381010,True,True,,1,0.2924546579597518,0.107597052,0.2924546579597518,0.31580148509237915
12,central_c0.8_from0.8,0,cartesian_ik,20381010,True,True,,1,0.1594437330495566,0.045387409,0.1594437330495566,0.1824389121029526
12,central_c0.8_from0.8,0,ompl_uniform,20381010,True,True,,1,0.1871088839834556,0.02554149,0.1871088839834556,0.18817932100500911
12,central_c0.8_from0.8,1,joint_projected,20381111,True,True,,1,0.2073610790539533,0.098043437,0.2073610790539533,0.230561880976893
12,central_c0.8_from0.8,1,cartesian_ik,20381111,True,True,,1,0.23816476098727435,0.086083572,0.23816476098727435,0.26146619906648993
12,central_c0.8_from0.8,1,ompl_uniform,20381111,True,True,,1,0.12555934803094715,0.033216478,0.12555934803094715,0.12709079193882644
12,central_c0.8_from0.8,2,ompl_uniform,20381212,True,True,,1,0.17697288398630917,0.018155531,0.17697288398630917,0.17847570206504315
12,central_c0.8_from0.8,2,cartesian_ik,20381212,True,True,,1,0.171968900016509,0.038682844,0.171968900016509,0.1960728900739923
12,central_c0.8_from0.8,2,joint_projected,20381212,True,True,,1,0.27113228291273117,0.096935177,0.27113228291273117,0.29490277101285756
12,central_c0.8_from0.8,3,ompl_uniform,20381313,True,True,,1,0.22725015599280596,0.024598104,0.22725015599280596,0.22873718105256557
12,central_c0.8_from0.8,3,cartesian_ik,20381313,True,True,,1,0.18624876497779042,0.048423169,0.18624876497779042,0.21075025701429695
12,central_c0.8_from0.8,3,joint_projected,20381313,True,True,,1,0.21799489809200168,0.108331627,0.21799489809200168,0.24149092310108244
12,central_c0.8_from0.8,4,cartesian_ik,20381414,True,True,,1,0.16619135800283402,0.031256984,0.16619135800283402,0.18930896709207445
12,central_c0.8_from0.8,4,joint_projected,20381414,True,True,,1,0.28002863202709705,0.122164931,0.28002863202709705,0.3032553989905864
12,central_c0.8_from0.8,4,ompl_uniform,20381414,True,True,,1,0.1662624409655109,0.028553709,0.1662624409655109,0.16757912992034107
12,central_c0.8_from0.8,5,joint_projected,20381515,True,True,,1,0.278361213975586,0.098835269,0.278361213975586,0.3017591570969671
12,central_c0.8_from0.8,5,ompl_uniform,20381515,True,True,,1,0.13830918597523123,0.032192437,0.13830918597523123,0.1396191540407017
12,central_c0.8_from0.8,5,cartesian_ik,20381515,True,True,,1,0.09337688994128257,0.017522556,0.09337688994128257,0.11767722899094224
12,central_c0.8_from0.8,6,joint_projected,20381616,True,True,,1,0.24866974097676575,0.093660934,0.24866974097676575,0.2732012281194329
12,central_c0.8_from0.8,6,ompl_uniform,20381616,True,True,,1,0.16474819101858884,0.019870414,0.16474819101858884,0.16598479798994958
12,central_c0.8_from0.8,6,cartesian_ik,20381616,True,True,,1,0.147408970980905,0.02350749,0.147408970980905,0.17083516309503466
12,central_c0.8_from0.8,7,cartesian_ik,20381717,True,True,,1,0.25021934299729764,0.03611594,0.25021934299729764,0.27388484799303114
12,central_c0.8_from0.8,7,ompl_uniform,20381717,True,True,,1,0.20739560201764107,0.040040046,0.20739560201764107,0.20955575699917972
12,central_c0.8_from0.8,7,joint_projected,20381717,True,True,,1,0.1861586490413174,0.114280441,0.1861586490413174,0.2095217020250857
12,central_c0.8_from0.8,8,ompl_uniform,20381818,True,True,,1,0.11246182094328105,0.022151308,0.11246182094328105,0.1142974030226469
12,central_c0.8_from0.8,8,joint_projected,20381818,True,True,,1,0.2992155379615724,0.122884347,0.2992155379615724,0.32282752997707576
12,central_c0.8_from0.8,8,cartesian_ik,20381818,True,True,,1,0.209489032975398,0.035667465,0.209489032975398,0.23306477395817637
12,central_c0.8_from0.8,9,ompl_uniform,20381919,True,True,,1,0.1511574269970879,0.021091808,0.1511574269970879,0.15259831200819463
12,central_c0.8_from0.8,9,joint_projected,20381919,True,True,,1,0.1303952969610691,0.096683485,0.1303952969610691,0.15528790513053536
12,central_c0.8_from0.8,9,cartesian_ik,20381919,True,True,,1,0.16221504006534815,0.028173178,0.16221504006534815,0.18523495399858803
54,distant_c0.8_from0.8,0,ompl_uniform,20801304,True,True,,1,0.13933597295545042,0.027093372,0.13933597295545042,0.14050272200256586
54,distant_c0.8_from0.8,0,joint_projected,20801304,True,True,,1,0.12312952906358987,0.028441286,0.12312952906358987,0.1460852090967819
54,distant_c0.8_from0.8,0,cartesian_ik,20801304,True,True,,1,0.13613214006181806,0.023902073,0.13613214006181806,0.1590139230247587
54,distant_c0.8_from0.8,1,joint_projected,20801405,True,True,,1,0.0414238729281351,0.018596814,0.0414238729281351,0.06407411606051028
54,distant_c0.8_from0.8,1,cartesian_ik,20801405,True,True,,1,0.06967490294482559,0.013661364,0.06967490294482559,0.09264534304384142
54,distant_c0.8_from0.8,1,ompl_uniform,20801405,True,True,,1,0.13703713496215641,0.025220518,0.13703713496215641,0.13845968106761575
54,distant_c0.8_from0.8,2,cartesian_ik,20801506,True,True,,1,0.200117044034414,0.020427463,0.200117044034414,0.22350110206753016
54,distant_c0.8_from0.8,2,joint_projected,20801506,True,True,,1,0.04031638498418033,0.015485685,0.04031638498418033,0.06321397214196622
54,distant_c0.8_from0.8,2,ompl_uniform,20801506,True,True,,1,0.1616544040152803,0.018717007,0.1616544040152803,0.16285755392163992
54,distant_c0.8_from0.8,3,joint_projected,20801607,True,True,,1,0.15055494895204902,0.019168673,0.15055494895204902,0.1744353740941733
54,distant_c0.8_from0.8,3,cartesian_ik,20801607,True,True,,1,0.024371171952225268,0.014743998,0.024371171952225268,0.047097466071136296
54,distant_c0.8_from0.8,3,ompl_uniform,20801607,True,True,,1,0.11862702097278088,0.019270692,0.11862702097278088,0.11983533902093768
54,distant_c0.8_from0.8,4,joint_projected,20801708,True,True,,1,0.10085782699752599,0.033006387,0.10085782699752599,0.12464689102489501
54,distant_c0.8_from0.8,4,ompl_uniform,20801708,True,True,,1,0.16839052992872894,0.019430586,0.16839052992872894,0.16950180800631642
54,distant_c0.8_from0.8,4,cartesian_ik,20801708,True,True,,1,0.22545285697560757,0.035400921,0.22545285697560757,0.24844670412130654
54,distant_c0.8_from0.8,5,joint_projected,20801809,True,True,,1,0.11006542597897351,0.013516826,0.11006542597897351,0.13285729906056076
54,distant_c0.8_from0.8,5,cartesian_ik,20801809,True,True,,1,0.11671591899357736,0.017760397,0.11671591899357736,0.14024467999115586
54,distant_c0.8_from0.8,5,ompl_uniform,20801809,True,True,,1,0.2664619229035452,0.018786545,0.2664619229035452,0.26799936790484935
54,distant_c0.8_from0.8,6,cartesian_ik,20801910,True,True,,1,0.18878924497403204,0.045780312,0.18878924497403204,0.2119066771119833
54,distant_c0.8_from0.8,6,ompl_uniform,20801910,True,True,,1,0.12167941697407514,0.021154265,0.12167941697407514,0.12283342506270856
54,distant_c0.8_from0.8,6,joint_projected,20801910,True,True,,1,0.1532444399781525,0.028884023,0.1532444399781525,0.17626151896547526
54,distant_c0.8_from0.8,7,ompl_uniform,20802011,True,True,,1,0.19506582093890756,0.02598843,0.19506582093890756,0.19628323300275952
54,distant_c0.8_from0.8,7,cartesian_ik,20802011,True,True,,1,0.21084503701422364,0.019526219,0.21084503701422364,0.23399045108817518
54,distant_c0.8_from0.8,7,joint_projected,20802011,True,True,,1,0.1503686000360176,0.043455799,0.1503686000360176,0.173216441180557
54,distant_c0.8_from0.8,8,ompl_uniform,20802112,True,True,,1,0.1746515929698944,0.019299427,0.1746515929698944,0.17617626895662397
54,distant_c0.8_from0.8,8,cartesian_ik,20802112,True,True,,1,0.11421028000768274,0.02127235,0.11421028000768274,0.13716558611486107
54,distant_c0.8_from0.8,8,joint_projected,20802112,True,True,,1,0.14733092102687806,0.05315942,0.14733092102687806,0.17022408114280552
54,distant_c0.8_from0.8,9,cartesian_ik,20802213,True,True,,1,0.12203610595315695,0.03579851,0.12203610595315695,0.1448504871223122
54,distant_c0.8_from0.8,9,ompl_uniform,20802213,True,True,,1,0.17374727805145085,0.025213458,0.17374727805145085,0.17510805604979396
54,distant_c0.8_from0.8,9,joint_projected,20802213,True,True,,1,0.2415803810581565,0.042888074,0.2415803810581565,0.2647823460865766
15,central_c0.8_from0.8,0,cartesian_ik,20411031,True,True,,1,0.17224588198587298,0.050705102,0.17224588198587298,0.2032994170440361
15,central_c0.8_from0.8,0,ompl_uniform,20411031,True,True,,1,0.16384699603077024,0.020669542,0.16384699603077024,0.1650621989974752
15,central_c0.8_from0.8,0,joint_projected,20411031,True,True,,1,0.11937126098200679,0.019327277,0.11937126098200679,0.1504729950102046
15,central_c0.8_from0.8,1,ompl_uniform,20411132,True,True,,1,0.17072220297995955,0.018901594,0.17072220297995955,0.17220380902290344
15,central_c0.8_from0.8,1,joint_projected,20411132,True,True,,1,0.1497652840334922,0.026337195,0.1497652840334922,0.1821179899852723
15,central_c0.8_from0.8,1,cartesian_ik,20411132,True,True,,1,0.09847613901365548,0.021474099,0.09847613901365548,0.12934469897300005
15,central_c0.8_from0.8,2,cartesian_ik,20411233,True,True,,1,0.14919803093653172,0.021617113,0.14919803093653172,0.18014955706894398
15,central_c0.8_from0.8,2,joint_projected,20411233,True,True,,1,0.23730392998550087,0.0274159,0.23730392998550087,0.26858838996849954
15,central_c0.8_from0.8,2,ompl_uniform,20411233,True,True,,1,0.1253366789314896,0.025753463,0.1253366789314896,0.12750269996467978
15,central_c0.8_from0.8,3,joint_projected,20411334,True,True,,1,0.13387244497425854,0.022976417,0.13387244497425854,0.1649637600639835
15,central_c0.8_from0.8,3,ompl_uniform,20411334,True,True,,1,0.11006369302049279,0.014962905,0.11006369302049279,0.11128037399612367
15,central_c0.8_from0.8,3,cartesian_ik,20411334,True,True,,1,0.16913225094322115,0.02306427,0.16913225094322115,0.20001422404311597
15,central_c0.8_from0.8,4,cartesian_ik,20411435,True,True,,1,0.0772766649024561,0.020842439,0.0772766649024561,0.10812401806470007
15,central_c0.8_from0.8,4,joint_projected,20411435,True,True,,1,0.09583250898867846,0.020337671,0.09583250898867846,0.12681633897591382
15,central_c0.8_from0.8,4,ompl_uniform,20411435,True,True,,1,0.25411079602781683,0.024366305,0.25411079602781683,0.25635702710133046
15,central_c0.8_from0.8,5,ompl_uniform,20411536,True,True,,1,0.14691264205612242,0.02889728,0.14691264205612242,0.1480865590274334
15,central_c0.8_from0.8,5,joint_projected,20411536,True,True,,1,0.26208825199864805,0.037966817,0.26208825199864805,0.29355797602329403
15,central_c0.8_from0.8,5,cartesian_ik,20411536,True,True,,1,0.10647704696748406,0.034080097,0.10647704696748406,0.13753195200115442
15,central_c0.8_from0.8,6,ompl_uniform,20411637,True,True,,1,0.17223677202127874,0.017105596,0.17223677202127874,0.17358956998214126
15,central_c0.8_from0.8,6,cartesian_ik,20411637,True,True,,1,0.06765741598792374,0.015437586,0.06765741598792374,0.09866653510835022
15,central_c0.8_from0.8,6,joint_projected,20411637,True,True,,1,0.12499493802897632,0.031077953,0.12499493802897632,0.15587351494468749
15,central_c0.8_from0.8,7,joint_projected,20411738,True,True,,1,0.21184221596922725,0.048533734,0.21184221596922725,0.24356871098279953
15,central_c0.8_from0.8,7,cartesian_ik,20411738,True,True,,1,0.13430253695696592,0.024633793,0.13430253695696592,0.16509352810680866
15,central_c0.8_from0.8,7,ompl_uniform,20411738,True,True,,1,0.1642901770537719,0.021190857,0.1642901770537719,0.16642583708744496
15,central_c0.8_from0.8,8,cartesian_ik,20411839,True,True,,1,0.1649797500576824,0.031205927,0.1649797500576824,0.1967102059861645
15,central_c0.8_from0.8,8,joint_projected,20411839,True,True,,1,0.2017204350559041,0.018335801,0.2017204350559041,0.23267191892955452
15,central_c0.8_from0.8,8,ompl_uniform,20411839,True,True,,1,0.14092073997016996,0.024095255,0.14092073997016996,0.14278257498517632
15,central_c0.8_from0.8,9,cartesian_ik,20411940,True,True,,1,0.22456322505604476,0.038027414,0.22456322505604476,0.2567544730845839
15,central_c0.8_from0.8,9,ompl_uniform,20411940,True,True,,1,0.19044808205217123,0.017160535,0.19044808205217123,0.19190821598749608
15,central_c0.8_from0.8,9,joint_projected,20411940,True,True,,1,0.14448160107713193,0.015763808,0.14448160107713193,0.1769452899461612
51,distant_c0.8_from0.8,0,ompl_uniform,20771283,True,True,,1,0.17478886095341295,0.016569884,0.17478886095341295,0.17669083399232477
51,distant_c0.8_from0.8,0,joint_projected,20771283,True,True,,1,0.04903507698327303,0.025788139,0.04903507698327303,0.07250930299051106
51,distant_c0.8_from0.8,0,cartesian_ik,20771283,True,True,,1,0.13939718098845333,0.016042292,0.13939718098845333,0.16273845301475376
51,distant_c0.8_from0.8,1,ompl_uniform,20771384,True,True,,1,0.14987467299215496,0.018056621,0.14987467299215496,0.15167396003380418
51,distant_c0.8_from0.8,1,cartesian_ik,20771384,True,True,,1,0.1925301889423281,0.032427882,0.1925301889423281,0.21665057400241494
51,distant_c0.8_from0.8,1,joint_projected,20771384,True,True,,1,0.20295477495528758,0.021073566,0.20295477495528758,0.2267365170409903
51,distant_c0.8_from0.8,2,ompl_uniform,20771485,True,True,,1,0.14333265600726008,0.022013805,0.14333265600726008,0.14469740190543234
51,distant_c0.8_from0.8,2,joint_projected,20771485,True,True,,1,0.20021473802626133,0.018319721,0.20021473802626133,0.2245575450360775
51,distant_c0.8_from0.8,2,cartesian_ik,20771485,True,True,,1,0.06540110800415277,0.021822901,0.06540110800415277,0.08849092002492398
51,distant_c0.8_from0.8,3,joint_projected,20771586,True,True,,1,0.3143057640409097,0.020214258,0.3143057640409097,0.3380891779670492
51,distant_c0.8_from0.8,3,cartesian_ik,20771586,True,True,,1,0.14890867308713496,0.0423815,0.14890867308713496,0.17224326997529715
51,distant_c0.8_from0.8,3,ompl_uniform,20771586,True,True,,1,0.12965640902984887,0.024997998,0.12965640902984887,0.13109187397640198
51,distant_c0.8_from0.8,4,joint_projected,20771687,True,True,,1,0.06826428102795035,0.020609466,0.06826428102795035,0.09195914608426392
51,distant_c0.8_from0.8,4,cartesian_ik,20771687,True,True,,1,0.0690640719840303,0.024613546,0.0690640719840303,0.0926459199981764
51,distant_c0.8_from0.8,4,ompl_uniform,20771687,True,True,,1,0.11017680400982499,0.015226126,0.11017680400982499,0.11176379502285272
51,distant_c0.8_from0.8,5,ompl_uniform,20771788,True,True,,1,0.10236503707710654,0.014540791,0.10236503707710654,0.10370254598092288
51,distant_c0.8_from0.8,5,cartesian_ik,20771788,True,True,,1,0.1591977949719876,0.026850068,0.1591977949719876,0.18276112899184227
51,distant_c0.8_from0.8,5,joint_projected,20771788,True,True,,1,0.12753954296931624,0.019066497,0.12753954296931624,0.1503718439489603
51,distant_c0.8_from0.8,6,cartesian_ik,20771889,True,True,,1,0.2422660170122981,0.040180765,0.2422660170122981,0.265612656949088
51,distant_c0.8_from0.8,6,joint_projected,20771889,True,True,,1,0.11698155803605914,0.022942622,0.11698155803605914,0.14025756809860468
51,distant_c0.8_from0.8,6,ompl_uniform,20771889,True,True,,1,0.07013532298151404,0.017621624,0.07013532298151404,0.07157595595344901
51,distant_c0.8_from0.8,7,ompl_uniform,20771990,True,True,,1,0.21205501491203904,0.014728473,0.21205501491203904,0.2137169810011983
51,distant_c0.8_from0.8,7,cartesian_ik,20771990,True,True,,1,0.16016952297650278,0.037920418,0.16016952297650278,0.18441291095223278
51,distant_c0.8_from0.8,7,joint_projected,20771990,True,True,,1,0.06494910293258727,0.013326886,0.06494910293258727,0.08893763297237456
51,distant_c0.8_from0.8,8,cartesian_ik,20772091,True,True,,1,0.23677132406737655,0.030313317,0.23677132406737655,0.261116569978185
51,distant_c0.8_from0.8,8,ompl_uniform,20772091,True,True,,1,0.15160035504959524,0.028245916,0.15160035504959524,0.15353660797700286
51,distant_c0.8_from0.8,8,joint_projected,20772091,True,True,,1,0.2099975609453395,0.028197323,0.2099975609453395,0.23429584794212133
51,distant_c0.8_from0.8,9,ompl_uniform,20772192,True,True,,1,0.09996421600226313,0.01602494,0.09996421600226313,0.10138658504001796
51,distant_c0.8_from0.8,9,cartesian_ik,20772192,True,True,,1,0.06242956907954067,0.02618061,0.06242956907954067,0.08565715502481908
51,distant_c0.8_from0.8,9,joint_projected,20772192,True,True,,1,0.1167761409888044,0.043381496,0.1167761409888044,0.1398278969572857
13,central_c0.8_from0.8,0,joint_projected,20391017,True,True,,1,0.1820875940611586,0.024331426,0.1820875940611586,0.20435938297305256
13,central_c0.8_from0.8,0,ompl_uniform,20391017,True,True,,1,0.18582520296331495,0.017436428,0.18582520296331495,0.18711474305018783
13,central_c0.8_from0.8,0,cartesian_ik,20391017,True,True,,1,0.08404942497145385,0.029544844,0.08404942497145385,0.106624515959993
13,central_c0.8_from0.8,1,cartesian_ik,20391118,True,True,,1,0.1108523029834032,0.032011997,0.1108523029834032,0.1332087010378018
13,central_c0.8_from0.8,1,ompl_uniform,20391118,True,True,,1,0.07477719197049737,0.014963981,0.07477719197049737,0.07629503204952925
13,central_c0.8_from0.8,1,joint_projected,20391118,True,True,,1,0.04665925493463874,0.01979261,0.04665925493463874,0.06965097307693213
13,central_c0.8_from0.8,2,cartesian_ik,20391219,True,True,,1,0.06779410503804684,0.015388142,0.06779410503804684,0.09019939799327403
13,central_c0.8_from0.8,2,joint_projected,20391219,True,True,,1,0.23327206901740283,0.041642778,0.23327206901740283,0.25579361198469996
13,central_c0.8_from0.8,2,ompl_uniform,20391219,True,True,,1,0.1474929240066558,0.031727449,0.1474929240066558,0.14870423602405936
13,central_c0.8_from0.8,3,ompl_uniform,20391320,True,True,,1,0.1242707510245964,0.022590084,0.1242707510245964,0.1259079920127988
13,central_c0.8_from0.8,3,cartesian_ik,20391320,True,True,,1,0.12885239999741316,0.023745142,0.12885239999741316,0.15169599396176636
13,central_c0.8_from0.8,3,joint_projected,20391320,True,True,,1,0.11962365498766303,0.029217848,0.11962365498766303,0.14232600398827344
13,central_c0.8_from0.8,4,joint_projected,20391421,True,True,,1,0.2186909660231322,0.028936643,0.2186909660231322,0.24122351000551134
13,central_c0.8_from0.8,4,cartesian_ik,20391421,True,True,,1,0.07058808405417949,0.015164006,0.07058808405417949,0.0928744999691844
13,central_c0.8_from0.8,4,ompl_uniform,20391421,True,True,,1,0.19207337009720504,0.035829587,0.19207337009720504,0.19350608403328806
13,central_c0.8_from0.8,5,cartesian_ik,20391522,True,True,,1,0.1299759829416871,0.020931584,0.1299759829416871,0.15272577898576856
13,central_c0.8_from0.8,5,ompl_uniform,20391522,True,True,,1,0.1108417889336124,0.017169505,0.1108417889336124,0.11223197809886187
13,central_c0.8_from0.8,5,joint_projected,20391522,True,True,,1,0.05224270699545741,0.017876247,0.05224270699545741,0.07517177402041852
13,central_c0.8_from0.8,6,joint_projected,20391623,True,True,,1,0.07221130793914199,0.014815397,0.07221130793914199,0.09439809795003384
13,central_c0.8_from0.8,6,cartesian_ik,20391623,True,True,,1,0.2421523949597031,0.025935971,0.2421523949597031,0.26460908097214997
13,central_c0.8_from0.8,6,ompl_uniform,20391623,True,True,,1,0.09227274707518518,0.031115658,0.09227274707518518,0.09356692305300385
13,central_c0.8_from0.8,7,joint_projected,20391724,True,True,,1,0.12166241998784244,0.037676644,0.12166241998784244,0.14441683096811175
13,central_c0.8_from0.8,7,cartesian_ik,20391724,True,True,,1,0.05307689402252436,0.013637842,0.05307689402252436,0.07550465094391257
13,central_c0.8_from0.8,7,ompl_uniform,20391724,True,True,,1,0.297248239046894,0.025552418,0.297248239046894,0.2986290450207889
13,central_c0.8_from0.8,8,ompl_uniform,20391825,True,True,,1,0.11030001298058778,0.015857234,0.11030001298058778,0.11164544604253024
13,central_c0.8_from0.8,8,cartesian_ik,20391825,True,True,,1,0.20009569497779012,0.016689641,0.20009569497779012,0.22387133608572185
13,central_c0.8_from0.8,8,joint_projected,20391825,True,True,,1,0.1750387770589441,0.026617144,0.1750387770589441,0.19751770189031959
13,central_c0.8_from0.8,9,ompl_uniform,20391926,True,True,,1,0.098021375015378,0.016199695,0.098021375015378,0.09926239401102066
13,central_c0.8_from0.8,9,joint_projected,20391926,True,True,,1,0.12668865197338164,0.039423507,0.12668865197338164,0.14925076893996447
13,central_c0.8_from0.8,9,cartesian_ik,20391926,True,True,,1,0.1568687839899212,0.034531893,0.1568687839899212,0.1791588170453906
44,distant_c0.2_from0.2,0,joint_projected,20701234,True,True,,1,0.042129506007768214,0.014509615,0.042129506007768214,0.07125962385907769
44,distant_c0.2_from0.2,0,ompl_uniform,20701234,True,True,,1,0.14377894799690694,0.0207103,0.14377894799690694,0.1450497090118006
44,distant_c0.2_from0.2,0,cartesian_ik,20701234,True,True,,1,0.21213866595644504,0.038972302,0.21213866595644504,0.2418642429402098
44,distant_c0.2_from0.2,1,cartesian_ik,20701335,True,True,,1,0.1992592109600082,0.026258273,0.1992592109600082,0.22898228198755533
44,distant_c0.2_from0.2,1,ompl_uniform,20701335,True,True,,1,0.15187428903300315,0.01649027,0.15187428903300315,0.15361279796343297
44,distant_c0.2_from0.2,1,joint_projected,20701335,True,True,,1,0.11708554008509964,0.024260212,0.11708554008509964,0.14645915396977216
44,distant_c0.2_from0.2,2,joint_projected,20701436,True,True,,1,0.12383301497902721,0.021155167,0.12383301497902721,0.1531542509328574
44,distant_c0.2_from0.2,2,ompl_uniform,20701436,True,True,,1,0.21800344705116004,0.018268276,0.21800344705116004,0.2193894119700417
44,distant_c0.2_from0.2,2,cartesian_ik,20701436,True,True,,1,0.11641307489480823,0.018057266,0.11641307489480823,0.14579819899518043
44,distant_c0.2_from0.2,3,ompl_uniform,20701537,True,True,,1,0.16129406308755279,0.017529482,0.16129406308755279,0.16240826400462538
44,distant_c0.2_from0.2,3,joint_projected,20701537,True,True,,1,0.13664937997236848,0.018784414,0.13664937997236848,0.16742398287169635
44,distant_c0.2_from0.2,3,cartesian_ik,20701537,True,True,,1,0.07949907798320055,0.006497899,0.07949907798320055,0.10929341486189514
44,distant_c0.2_from0.2,4,joint_projected,20701638,True,True,,1,0.060624654055573046,0.018633932,0.060624654055573046,0.09007344290148467
44,distant_c0.2_from0.2,4,cartesian_ik,20701638,True,True,,1,0.039782491978257895,0.021720171,0.039782491978257895,0.06967894791159779
44,distant_c0.2_from0.2,4,ompl_uniform,20701638,True,True,,1,0.15731062600389123,0.0237879,0.15731062600389123,0.1587886429624632
44,distant_c0.2_from0.2,5,joint_projected,20701739,True,True,,1,0.11253682803362608,0.021161489,0.11253682803362608,0.14187558891717345
44,distant_c0.2_from0.2,5,cartesian_ik,20701739,True,True,,1,0.10165980097372085,0.017946131,0.10165980097372085,0.13091973692644387
44,distant_c0.2_from0.2,5,ompl_uniform,20701739,True,True,,1,0.13690806203521788,0.018864984,0.13690806203521788,0.13801813905593008
44,distant_c0.2_from0.2,6,joint_projected,20701840,True,True,,1,0.2625431609340012,0.030984146,0.2625431609340012,0.2922637158771977
44,distant_c0.2_from0.2,6,ompl_uniform,20701840,True,True,,1,0.18683915305882692,0.020510544,0.18683915305882692,0.18836288002785295
44,distant_c0.2_from0.2,6,cartesian_ik,20701840,True,True,,1,0.15331093897111714,0.030577587,0.15331093897111714,0.18335121986456215
44,distant_c0.2_from0.2,7,cartesian_ik,20701941,True,True,,1,0.10458138294052333,0.016450703,0.10458138294052333,0.13457616791129112
44,distant_c0.2_from0.2,7,joint_projected,20701941,True,True,,1,0.1253658439964056,0.021443699,0.1253658439964056,0.1546113669173792
44,distant_c0.2_from0.2,7,ompl_uniform,20701941,True,True,,1,0.15074666100554168,0.028184937,0.15074666100554168,0.15185934398323298
44,distant_c0.2_from0.2,8,ompl_uniform,20702042,True,True,,1,0.14520745200570673,0.021651646,0.14520745200570673,0.14642612903844565
44,distant_c0.2_from0.2,8,cartesian_ik,20702042,True,True,,1,0.21126836794428527,0.020417049,0.21126836794428527,0.24211671692319214
44,distant_c0.2_from0.2,8,joint_projected,20702042,True,True,,1,0.03464112395886332,0.01394964,0.03464112395886332,0.06392223201692104
44,distant_c0.2_from0.2,9,ompl_uniform,20702143,True,True,,1,0.17014216200914234,0.018244462,0.17014216200914234,0.17138807103037834
44,distant_c0.2_from0.2,9,cartesian_ik,20702143,True,True,,1,0.15413453499786556,0.021044035,0.15413453499786556,0.18401621200609952
44,distant_c0.2_from0.2,9,joint_projected,20702143,True,True,,1,0.1162469940027222,0.026632674,0.1162469940027222,0.14556978596374393
19,central_c0.8_from0.8,0,ompl_uniform,20451059,True,True,,1,0.1714587629539892,0.023001204,0.1714587629539892,0.1725701109971851
19,central_c0.8_from0.8,0,joint_projected,20451059,True,True,,1,0.2152297419961542,0.095395474,0.2152297419961542,0.2557807839475572
19,central_c0.8_from0.8,0,cartesian_ik,20451059,True,True,,1,0.1169364380184561,0.04364937,0.1169364380184561,0.1573009470012039
19,central_c0.8_from0.8,1,cartesian_ik,20451160,True,True,,1,0.08647006400860846,0.01614476,0.08647006400860846,0.1266918989131227
19,central_c0.8_from0.8,1,ompl_uniform,20451160,True,True,,1,0.16043604095466435,0.016795379,0.16043604095466435,0.161599584040232
19,central_c0.8_from0.8,1,joint_projected,20451160,True,True,,1,0.21501333196647465,0.108248335,0.21501333196647465,0.25559710594825447
19,central_c0.8_from0.8,2,ompl_uniform,20451261,True,True,,1,0.16840473096817732,0.026703825,0.16840473096817732,0.16971708205528557
19,central_c0.8_from0.8,2,joint_projected,20451261,True,True,,1,0.2525221329415217,0.093965182,0.2525221329415217,0.2938201689394191
19,central_c0.8_from0.8,2,cartesian_ik,20451261,True,True,,1,0.290448076906614,0.116327922,0.290448076906614,0.33114241692237556
19,central_c0.8_from0.8,3,cartesian_ik,20451362,True,True,,1,0.15223314496688545,0.052378451,0.15223314496688545,0.19267180794849992
19,central_c0.8_from0.8,3,ompl_uniform,20451362,True,True,,1,0.18528551305644214,0.024853503,0.18528551305644214,0.18695093505084515
19,central_c0.8_from0.8,3,joint_projected,20451362,True,True,,1,0.2184587171068415,0.099555086,0.2184587171068415,0.25994944805279374
19,central_c0.8_from0.8,4,cartesian_ik,20451463,True,True,,1,0.2031887680059299,0.039940679,0.2031887680059299,0.24508012493606657
19,central_c0.8_from0.8,4,joint_projected,20451463,False,True,path_audit,1,0.2759189709322527,0.123963804,6.0,0.31634907494299114
19,central_c0.8_from0.8,4,ompl_uniform,20451463,True,True,,1,0.27298053493723273,0.048039718,0.27298053493723273,0.2755038100294769
19,central_c0.8_from0.8,5,joint_projected,20451564,True,True,,1,0.2679767539957538,0.110193765,0.2679767539957538,0.30967891099862754
19,central_c0.8_from0.8,5,ompl_uniform,20451564,True,True,,1,0.3016426640097052,0.019285468,0.3016426640097052,0.3058055129367858
19,central_c0.8_from0.8,5,cartesian_ik,20451564,True,True,,1,0.1551223429851234,0.019896392,0.1551223429851234,0.19553838693536818
19,central_c0.8_from0.8,6,cartesian_ik,20451665,True,True,,1,0.0795573020586744,0.033038156,0.0795573020586744,0.11985295102931559
19,central_c0.8_from0.8,6,joint_projected,20451665,True,True,,1,0.21983479300979525,0.093810044,0.21983479300979525,0.2606160759460181
19,central_c0.8_from0.8,6,ompl_uniform,20451665,True,True,,1,0.19860638899262995,0.033840399,0.19860638899262995,0.20020007097627968
19,central_c0.8_from0.8,7,joint_projected,20451766,True,True,,1,0.24277704989071935,0.102779413,0.24277704989071935,0.28502798988483846
19,central_c0.8_from0.8,7,cartesian_ik,20451766,True,True,,1,0.25165006099268794,0.024485246,0.25165006099268794,0.2931043319404125
19,central_c0.8_from0.8,7,ompl_uniform,20451766,True,True,,1,0.1820527840172872,0.028294157,0.1820527840172872,0.18355314794462174
19,central_c0.8_from0.8,8,joint_projected,20451867,True,True,,1,0.11777651100419462,0.096449835,0.11777651100419462,0.15824254893232137
19,central_c0.8_from0.8,8,cartesian_ik,20451867,True,True,,1,0.16849258297588676,0.069251346,0.16849258297588676,0.20933196891564876
19,central_c0.8_from0.8,8,ompl_uniform,20451867,True,True,,1,0.12289015995338559,0.027699482,0.12289015995338559,0.12405654299072921
19,central_c0.8_from0.8,9,joint_projected,20451968,True,True,,1,0.22791969310492277,0.094515041,0.22791969310492277,0.26836065389215946
19,central_c0.8_from0.8,9,ompl_uniform,20451968,True,True,,1,0.2530326530104503,0.027211963,0.2530326530104503,0.2543765129521489
19,central_c0.8_from0.8,9,cartesian_ik,20451968,True,True,,1,0.24834746809210628,0.067314637,0.24834746809210628,0.2894259380409494
2,central_c0.2_from0.2,0,cartesian_ik,20280940,True,True,,1,0.1183849039953202,0.02343541,0.1183849039953202,0.16031295398715883
2,central_c0.2_from0.2,0,joint_projected,20280940,True,True,,1,0.3033646389376372,0.032726938,0.3033646389376372,0.3456547281239182
2,central_c0.2_from0.2,0,ompl_uniform,20280940,True,True,,1,0.18188125605229288,0.02042326,0.18188125605229288,0.18294412398245186
2,central_c0.2_from0.2,1,cartesian_ik,20281041,True,True,,1,0.1540833889739588,0.057524187,0.1540833889739588,0.19632900098804384
2,central_c0.2_from0.2,1,joint_projected,20281041,True,True,,1,0.08765384997241199,0.044527875,0.08765384997241199,0.1295324940001592
2,central_c0.2_from0.2,1,ompl_uniform,20281041,True,True,,1,0.15578459296375513,0.019906561,0.15578459296375513,0.15771760104689747
2,central_c0.2_from0.2,2,ompl_uniform,20281142,True,True,,1,0.12104563799221069,0.014614094,0.12104563799221069,0.12227504793554544
2,central_c0.2_from0.2,2,cartesian_ik,20281142,True,True,,1,0.18060419498942792,0.047108078,0.18060419498942792,0.22273132402915508
2,central_c0.2_from0.2,2,joint_projected,20281142,True,True,,1,0.1647966760210693,0.019559202,0.1647966760210693,0.20679236599244177
2,central_c0.2_from0.2,3,joint_projected,20281243,True,True,,1,0.1804668690310791,0.033000429,0.1804668690310791,0.22246973810251802
2,central_c0.2_from0.2,3,ompl_uniform,20281243,True,True,,1,0.10788002307526767,0.00704992,0.10788002307526767,0.10918552603106946
2,central_c0.2_from0.2,3,cartesian_ik,20281243,True,True,,1,0.18948652897961438,0.033279483,0.18948652897961438,0.23158588609658182
2,central_c0.2_from0.2,4,ompl_uniform,20281344,True,True,,1,0.217091123922728,0.018172591,0.217091123922728,0.21837058302480727
2,central_c0.2_from0.2,4,joint_projected,20281344,True,True,,1,0.10119026596657932,0.040805329,0.10119026596657932,0.14337838301435113
2,central_c0.2_from0.2,4,cartesian_ik,20281344,True,True,,1,0.16388998890761286,0.025465287,0.16388998890761286,0.20671592908911407
2,central_c0.2_from0.2,5,ompl_uniform,20281445,True,True,,1,0.1443923080805689,0.019506936,0.1443923080805689,0.14589403104037046
2,central_c0.2_from0.2,5,cartesian_ik,20281445,True,True,,1,0.17798775294795632,0.029331601,0.17798775294795632,0.22017107508145273
2,central_c0.2_from0.2,5,joint_projected,20281445,True,True,,1,0.20374799403361976,0.042819031,0.20374799403361976,0.24569927202537656
2,central_c0.2_from0.2,6,cartesian_ik,20281546,True,True,,1,0.22743634704966098,0.031173121,0.22743634704966098,0.2694253959925845
2,central_c0.2_from0.2,6,ompl_uniform,20281546,True,True,,1,0.18256367894355208,0.028528143,0.18256367894355208,0.183740689069964
2,central_c0.2_from0.2,6,joint_projected,20281546,True,True,,1,0.18507815501652658,0.03481907,0.18507815501652658,0.22694875812157989
2,central_c0.2_from0.2,7,cartesian_ik,20281647,True,True,,1,0.18981737399008125,0.040963289,0.18981737399008125,0.23179640993475914
2,central_c0.2_from0.2,7,joint_projected,20281647,True,True,,1,0.13235790701583028,0.015853829,0.13235790701583028,0.17441398103255779
2,central_c0.2_from0.2,7,ompl_uniform,20281647,True,True,,1,0.20168153999838978,0.024569964,0.20168153999838978,0.20311597094405442
2,central_c0.2_from0.2,8,joint_projected,20281748,True,True,,1,0.11582893098238856,0.052043685,0.11582893098238856,0.1579842109931633
2,central_c0.2_from0.2,8,cartesian_ik,20281748,True,True,,1,0.13048505201004446,0.017554014,0.13048505201004446,0.17263385106343776
2,central_c0.2_from0.2,8,ompl_uniform,20281748,True,True,,1,0.1987767299870029,0.021250723,0.1987767299870029,0.20013034692965448
2,central_c0.2_from0.2,9,joint_projected,20281849,True,True,,1,0.18226541299372911,0.02631131,0.18226541299372911,0.22416359896305948
2,central_c0.2_from0.2,9,ompl_uniform,20281849,True,True,,1,0.18836306710727513,0.023310041,0.18836306710727513,0.18976500898133963
2,central_c0.2_from0.2,9,cartesian_ik,20281849,True,True,,1,0.2020271789515391,0.026310561,0.2020271789515391,0.24490757600869983
22,offset_c0.2_from0.2,0,cartesian_ik,20481080,True,True,,1,0.1330956860911101,0.032200903,0.1330956860911101,0.15740179305430502
22,offset_c0.2_from0.2,0,ompl_uniform,20481080,True,True,,1,0.09935977205168456,0.019057259,0.09935977205168456,0.10084543097764254
22,offset_c0.2_from0.2,0,joint_projected,20481080,True,True,,1,0.1336010410450399,0.021768836,0.1336010410450399,0.15865997900255024
22,offset_c0.2_from0.2,1,cartesian_ik,20481181,True,True,,1,0.1972052640048787,0.038826143,0.1972052640048787,0.22240622399840504
22,offset_c0.2_from0.2,1,joint_projected,20481181,True,True,,1,0.07139612804166973,0.016984456,0.07139612804166973,0.09589773800689727
22,offset_c0.2_from0.2,1,ompl_uniform,20481181,True,True,,1,0.16218714392744005,0.042153452,0.16218714392744005,0.16335720801725984
22,offset_c0.2_from0.2,2,joint_projected,20481282,True,True,,1,0.12511723104398698,0.028177878,0.12511723104398698,0.1500381559599191
22,offset_c0.2_from0.2,2,cartesian_ik,20481282,True,True,,1,0.08036159595940262,0.037198818,0.08036159595940262,0.10529136995319277
22,offset_c0.2_from0.2,2,ompl_uniform,20481282,True,True,,1,0.11972430697642267,0.020433877,0.11972430697642267,0.12090167705900967
22,offset_c0.2_from0.2,3,joint_projected,20481383,True,True,,1,0.24831244407687336,0.043911925,0.24831244407687336,0.27329889801330864
22,offset_c0.2_from0.2,3,ompl_uniform,20481383,True,True,,1,0.1731446449412033,0.025420603,0.1731446449412033,0.17481336102355272
22,offset_c0.2_from0.2,3,cartesian_ik,20481383,True,True,,1,0.1327837510034442,0.031065088,0.1327837510034442,0.1575173339806497
22,offset_c0.2_from0.2,4,cartesian_ik,20481484,True,True,,1,0.10777204902842641,0.017559709,0.10777204902842641,0.13241784693673253
22,offset_c0.2_from0.2,4,ompl_uniform,20481484,True,True,,1,0.23956302495207638,0.024089185,0.23956302495207638,0.24182509095408022
22,offset_c0.2_from0.2,4,joint_projected,20481484,True,True,,1,0.07629266695585102,0.031564019,0.07629266695585102,0.10078597301617265
22,offset_c0.2_from0.2,5,ompl_uniform,20481585,True,True,,1,0.17496688291430473,0.019653272,0.17496688291430473,0.17629004502668977
22,offset_c0.2_from0.2,5,cartesian_ik,20481585,True,True,,1,0.127156272996217,0.032609041,0.127156272996217,0.15261631994508207
22,offset_c0.2_from0.2,5,joint_projected,20481585,True,True,,1,0.08891209005378187,0.021736575,0.08891209005378187,0.11349623196292669
22,offset_c0.2_from0.2,6,joint_projected,20481686,True,True,,1,0.09752305294387043,0.030209794,0.09752305294387043,0.12272609595675021
22,offset_c0.2_from0.2,6,ompl_uniform,20481686,True,True,,1,0.1533174329670146,0.022797772,0.1533174329670146,0.15453008795157075
22,offset_c0.2_from0.2,6,cartesian_ik,20481686,True,True,,1,0.22239699703641236,0.042999479,0.22239699703641236,0.24803066696040332
22,offset_c0.2_from0.2,7,joint_projected,20481787,True,True,,1,0.16702246200293303,0.030543858,0.16702246200293303,0.19182232802268118
22,offset_c0.2_from0.2,7,cartesian_ik,20481787,True,True,,1,0.1668417900800705,0.017343619,0.1668417900800705,0.19178603996988386
22,offset_c0.2_from0.2,7,ompl_uniform,20481787,True,True,,1,0.14155952201690525,0.021324912,0.14155952201690525,0.14290937199257314
22,offset_c0.2_from0.2,8,ompl_uniform,20481888,True,True,,1,0.1738971839658916,0.016547883,0.1738971839658916,0.17551267007365823
22,offset_c0.2_from0.2,8,joint_projected,20481888,True,True,,1,0.08268206694629043,0.034607361,0.08268206694629043,0.10732781607657671
22,offset_c0.2_from0.2,8,cartesian_ik,20481888,True,True,,1,0.11700436391402036,0.020827214,0.11700436391402036,0.14262997498735785
22,offset_c0.2_from0.2,9,cartesian_ik,20481989,True,True,,1,0.1265793670900166,0.037754687,0.1265793670900166,0.15215288707986474
22,offset_c0.2_from0.2,9,joint_projected,20481989,True,True,,1,0.1271226709941402,0.021040322,0.1271226709941402,0.15189675497822464
22,offset_c0.2_from0.2,9,ompl_uniform,20481989,True,True,,1,0.13188184099271894,0.02068422,0.13188184099271894,0.1330855239648372
9,central_c0.2_from0.2,0,cartesian_ik,20350989,True,True,,1,0.1105224589118734,0.026124701,0.1105224589118734,0.13332079199608415
9,central_c0.2_from0.2,0,ompl_uniform,20350989,True,True,,1,0.12562178203370422,0.029896531,0.12562178203370422,0.12685072503518313
9,central_c0.2_from0.2,0,joint_projected,20350989,True,True,,1,0.1642871128860861,0.044645278,0.1642871128860861,0.18667853891383857
9,central_c0.2_from0.2,1,ompl_uniform,20351090,True,True,,1,0.21296851709485054,0.030923296,0.21296851709485054,0.21416397206485271
9,central_c0.2_from0.2,1,cartesian_ik,20351090,True,True,,1,0.10216880298685282,0.026689053,0.10216880298685282,0.1247795430244878
9,central_c0.2_from0.2,1,joint_projected,20351090,True,True,,1,0.17972559400368482,0.062104933,0.17972559400368482,0.20224657794460654
9,central_c0.2_from0.2,2,cartesian_ik,20351191,True,True,,1,0.1425032999832183,0.024610396,0.1425032999832183,0.16569117188919336
9,central_c0.2_from0.2,2,joint_projected,20351191,True,True,,1,0.21343815105501562,0.027541306,0.21343815105501562,0.23580396885517985
9,central_c0.2_from0.2,2,ompl_uniform,20351191,True,True,,1,0.23896973102819175,0.022869579,0.23896973102819175,0.24022779904771596
9,central_c0.2_from0.2,3,ompl_uniform,20351292,True,True,,1,0.17894855502527207,0.019491033,0.17894855502527207,0.1805834360420704
9,central_c0.2_from0.2,3,cartesian_ik,20351292,True,True,,1,0.1501024420140311,0.042175502,0.1501024420140311,0.17236845986917615
9,central_c0.2_from0.2,3,joint_projected,20351292,True,True,,1,0.11072013003285974,0.017287115,0.11072013003285974,0.13310242595616728
9,central_c0.2_from0.2,4,joint_projected,20351393,True,True,,1,0.15478691004682332,0.01707129,0.15478691004682332,0.1770148939685896
9,central_c0.2_from0.2,4,cartesian_ik,20351393,True,True,,1,0.5939690279774368,0.099795148,0.5939690279774368,0.6170021379366517
9,central_c0.2_from0.2,4,ompl_uniform,20351393,True,True,,1,0.18589326890651137,0.017026912,0.18589326890651137,0.18738981697242707
9,central_c0.2_from0.2,5,cartesian_ik,20351494,True,True,,1,0.21126703708432615,0.036555368,0.21126703708432615,0.23363291600253433
9,central_c0.2_from0.2,5,joint_projected,20351494,True,True,,1,0.12257714802399278,0.023287625,0.12257714802399278,0.14501992100849748
9,central_c0.2_from0.2,5,ompl_uniform,20351494,True,True,,1,0.13479624292813241,0.019935494,0.13479624292813241,0.13592593790963292
9,central_c0.2_from0.2,6,ompl_uniform,20351595,True,True,,1,0.17075380706228316,0.018621367,0.17075380706228316,0.17214083496946841
9,central_c0.2_from0.2,6,joint_projected,20351595,True,True,,1,0.13530302699655294,0.024119108,0.13530302699655294,0.15757204091642052
9,central_c0.2_from0.2,6,cartesian_ik,20351595,True,True,,1,0.14967655297368765,0.014773136,0.14967655297368765,0.17244176601525396
9,central_c0.2_from0.2,7,ompl_uniform,20351696,True,True,,1,0.229989523999393,0.023637159,0.229989523999393,0.23132522695232183
9,central_c0.2_from0.2,7,joint_projected,20351696,True,True,,1,0.06665482500102371,0.025593765,0.06665482500102371,0.08916636800859123
9,central_c0.2_from0.2,7,cartesian_ik,20351696,True,True,,1,0.3448093789629638,0.026737008,0.3448093789629638,0.3686532930005342
9,central_c0.2_from0.2,8,joint_projected,20351797,True,True,,1,0.14295269397553056,0.039449456,0.14295269397553056,0.16504124796483666
9,central_c0.2_from0.2,8,ompl_uniform,20351797,True,True,,1,0.13570757396519184,0.015597366,0.13570757396519184,0.13698145397938788
9,central_c0.2_from0.2,8,cartesian_ik,20351797,True,True,,1,0.17586636904161423,0.031022662,0.17586636904161423,0.1980053948936984
9,central_c0.2_from0.2,9,joint_projected,20351898,True,True,,1,0.1230948920128867,0.034401897,0.1230948920128867,0.14519723900593817
9,central_c0.2_from0.2,9,cartesian_ik,20351898,True,True,,1,0.14631180197466165,0.024655783,0.14631180197466165,0.16850013099610806
9,central_c0.2_from0.2,9,ompl_uniform,20351898,True,True,,1,0.281558852060698,0.038760561,0.281558852060698,0.28276814392302185
23,offset_c0.2_from0.2,0,joint_projected,20491087,True,True,,1,0.08463086001574993,0.029621401,0.08463086001574993,0.10777699388563633
23,offset_c0.2_from0.2,0,cartesian_ik,20491087,True,True,,1,0.11465496802702546,0.02041181,0.11465496802702546,0.1389640390407294
23,offset_c0.2_from0.2,0,ompl_uniform,20491087,True,True,,1,0.27379768097307533,0.020360781,0.27379768097307533,0.27505464293062687
23,offset_c0.2_from0.2,1,joint_projected,20491188,True,True,,1,0.13776402501389384,0.031069141,0.13776402501389384,0.1627724589779973
23,offset_c0.2_from0.2,1,cartesian_ik,20491188,True,True,,1,0.06323393993079662,0.044545234,0.06323393993079662,0.0881732270354405
23,offset_c0.2_from0.2,1,ompl_uniform,20491188,True,True,,1,0.09482818096876144,0.024993629,0.09482818096876144,0.09601015294902027
23,offset_c0.2_from0.2,2,cartesian_ik,20491289,True,True,,1,0.1797632989473641,0.029788213,0.1797632989473641,0.2046781078679487
23,offset_c0.2_from0.2,2,joint_projected,20491289,True,True,,1,0.21161317406222224,0.032070923,0.21161317406222224,0.2361956009408459
23,offset_c0.2_from0.2,2,ompl_uniform,20491289,True,True,,1,0.19448579789604992,0.018514636,0.19448579789604992,0.19599353394005448
23,offset_c0.2_from0.2,3,cartesian_ik,20491390,True,True,,1,0.1806923159165308,0.018198189,0.1806923159165308,0.2044399749720469
23,offset_c0.2_from0.2,3,joint_projected,20491390,True,True,,1,0.10503129696007818,0.014196989,0.10503129696007818,0.12831172498408705
23,offset_c0.2_from0.2,3,ompl_uniform,20491390,True,True,,1,0.11111763305962086,0.018269735,0.11111763305962086,0.11304216005373746
23,offset_c0.2_from0.2,4,joint_projected,20491491,True,True,,1,0.14651927107479423,0.016940219,0.14651927107479423,0.16990012803580612
23,offset_c0.2_from0.2,4,ompl_uniform,20491491,True,True,,1,0.20588924596086144,0.022305781,0.20588924596086144,0.20722387393470854
23,offset_c0.2_from0.2,4,cartesian_ik,20491491,True,True,,1,0.11482287500984967,0.042318316,0.11482287500984967,0.1388864069012925
23,offset_c0.2_from0.2,5,ompl_uniform,20491592,True,True,,1,0.10593011497985572,0.016538084,0.10593011497985572,0.10733185801655054
23,offset_c0.2_from0.2,5,joint_projected,20491592,True,True,,1,0.11789866001345217,0.023123364,0.11789866001345217,0.14147629390936345
23,offset_c0.2_from0.2,5,cartesian_ik,20491592,True,True,,1,0.26843528589233756,0.046637464,0.26843528589233756,0.2920648059807718
23,offset_c0.2_from0.2,6,ompl_uniform,20491693,True,True,,1,0.29899322299752384,0.039560446,0.29899322299752384,0.30024955002591014
23,offset_c0.2_from0.2,6,joint_projected,20491693,True,True,,1,0.0980918089626357,0.023953851,0.0980918089626357,0.12272709188982844
23,offset_c0.2_from0.2,6,cartesian_ik,20491693,True,True,,1,0.09917424607556313,0.02060615,0.09917424607556313,0.12231566198170185
23,offset_c0.2_from0.2,7,ompl_uniform,20491794,True,True,,1,0.15049676201306283,0.021242447,0.15049676201306283,0.15224985603708774
23,offset_c0.2_from0.2,7,cartesian_ik,20491794,True,True,,1,0.06573239399585873,0.013249882,0.06573239399585873,0.08956200396642089
23,offset_c0.2_from0.2,7,joint_projected,20491794,True,True,,1,0.1579966340214014,0.029788398,0.1579966340214014,0.18131145695224404
23,offset_c0.2_from0.2,8,ompl_uniform,20491895,True,True,,1,0.1853274729801342,0.025346325,0.1853274729801342,0.18649398104753345
23,offset_c0.2_from0.2,8,cartesian_ik,20491895,True,True,,1,0.12294338899664581,0.028294947,0.12294338899664581,0.14682954305317253
23,offset_c0.2_from0.2,8,joint_projected,20491895,True,True,,1,0.1677382349735126,0.029192668,0.1677382349735126,0.19130023592151701
23,offset_c0.2_from0.2,9,ompl_uniform,20491996,True,True,,1,0.14569733093958348,0.02130142,0.14569733093958348,0.1468718710821122
23,offset_c0.2_from0.2,9,joint_projected,20491996,True,True,,1,0.1536378690507263,0.019567479,0.1536378690507263,0.17694485292304307
23,offset_c0.2_from0.2,9,cartesian_ik,20491996,True,True,,1,0.1056709410622716,0.03483427,0.1056709410622716,0.12879007298033684
40,distant_c0.2_from0.2,0,cartesian_ik,20661206,True,True,,1,0.1163099929690361,0.016516827,0.1163099929690361,0.13892203103750944
40,distant_c0.2_from0.2,0,joint_projected,20661206,True,True,,1,0.034931252943351865,0.021184642,0.034931252943351865,0.057722082012332976
40,distant_c0.2_from0.2,0,ompl_uniform,20661206,True,True,,1,0.17349155095871538,0.027501305,0.17349155095871538,0.17483185301534832
40,distant_c0.2_from0.2,1,cartesian_ik,20661307,True,True,,1,0.3211919571040198,0.022300208,0.3211919571040198,0.34458449308294803
40,distant_c0.2_from0.2,1,ompl_uniform,20661307,True,True,,1,0.09238364303018898,0.020279022,0.09238364303018898,0.09388764505274594
40,distant_c0.2_from0.2,1,joint_projected,20661307,True,True,,1,0.034600385930389166,0.02192942,0.034600385930389166,0.05782493611332029
40,distant_c0.2_from0.2,2,joint_projected,20661408,True,True,,1,0.09281887707766145,0.012032846,0.09281887707766145,0.11617464700248092
40,distant_c0.2_from0.2,2,ompl_uniform,20661408,True,True,,1,0.2327086339937523,0.023347429,0.2327086339937523,0.2342262810561806
40,distant_c0.2_from0.2,2,cartesian_ik,20661408,True,True,,1,0.09217036096379161,0.020777608,0.09217036096379161,0.11535842914599925
40,distant_c0.2_from0.2,3,ompl_uniform,20661509,True,True,,1,0.21018997102510184,0.020743633,0.21018997102510184,0.21140512195415795
40,distant_c0.2_from0.2,3,cartesian_ik,20661509,True,True,,1,0.1604944400023669,0.019311171,0.1604944400023669,0.18358891713432968
40,distant_c0.2_from0.2,3,joint_projected,20661509,True,True,,1,0.20227455196436495,0.026213978,0.20227455196436495,0.22565648111049086
40,distant_c0.2_from0.2,4,joint_projected,20661610,True,True,,1,0.10990428691729903,0.021805261,0.10990428691729903,0.13274622813332826
40,distant_c0.2_from0.2,4,cartesian_ik,20661610,True,True,,1,0.22134713898412883,0.044696383,0.22134713898412883,0.24561725207604468
40,distant_c0.2_from0.2,4,ompl_uniform,20661610,True,True,,1,0.09820178302470595,0.015462715,0.09820178302470595,0.09949458797927946
40,distant_c0.2_from0.2,5,ompl_uniform,20661711,True,True,,1,0.12023369292728603,0.021076267,0.12023369292728603,0.12152015906758606
40,distant_c0.2_from0.2,5,joint_projected,20661711,True,True,,1,0.12410628399811685,0.019920111,0.12410628399811685,0.14725860801991075
40,distant_c0.2_from0.2,5,cartesian_ik,20661711,True,True,,1,0.1831591739319265,0.027721366,0.1831591739319265,0.20593457610812038
40,distant_c0.2_from0.2,6,cartesian_ik,20661812,True,True,,1,0.10782875504810363,0.023960506,0.10782875504810363,0.13071864505764097
40,distant_c0.2_from0.2,6,ompl_uniform,20661812,True,True,,1,0.16811860702000558,0.018004106,0.16811860702000558,0.16976452502422035
40,distant_c0.2_from0.2,6,joint_projected,20661812,True,True,,1,0.12719842698425055,0.030860507,0.12719842698425055,0.15027692110743374
40,distant_c0.2_from0.2,7,ompl_uniform,20661913,True,True,,1,0.21082711103372276,0.024320289,0.21082711103372276,0.21253759507089853
40,distant_c0.2_from0.2,7,joint_projected,20661913,True,True,,1,0.09567968000192195,0.056423153,0.09567968000192195,0.1186647959984839
40,distant_c0.2_from0.2,7,cartesian_ik,20661913,True,True,,1,0.18206404405646026,0.033931078,0.18206404405646026,0.20546256809029728
40,distant_c0.2_from0.2,8,cartesian_ik,20662014,True,True,,1,0.08301220904104412,0.013231546,0.08301220904104412,0.10620781197212636
40,distant_c0.2_from0.2,8,joint_projected,20662014,True,True,,1,0.03044020605739206,0.018291747,0.03044020605739206,0.05338485003449023
40,distant_c0.2_from0.2,8,ompl_uniform,20662014,True,True,,1,0.21025170700158924,0.019356521,0.21025170700158924,0.2114233149914071
40,distant_c0.2_from0.2,9,joint_projected,20662115,True,True,,1,0.19507926097139716,0.065469709,0.19507926097139716,0.2181998350424692
40,distant_c0.2_from0.2,9,ompl_uniform,20662115,True,True,,1,0.1914669800316915,0.042605078,0.1914669800316915,0.19316184800118208
40,distant_c0.2_from0.2,9,cartesian_ik,20662115,True,True,,1,0.17128257604781538,0.035338266,0.17128257604781538,0.1949260700494051
33,offset_c0.8_from0.8,0,ompl_uniform,20591157,True,True,,1,0.1180769739439711,0.030804851,0.1180769739439711,0.11940538499038666
33,offset_c0.8_from0.8,0,joint_projected,20591157,True,True,,1,0.1766876799520105,0.048223528,0.1766876799520105,0.20044086198322475
33,offset_c0.8_from0.8,0,cartesian_ik,20591157,True,True,,1,0.05557551805395633,0.015384969,0.05557551805395633,0.07798231905326247
33,offset_c0.8_from0.8,1,cartesian_ik,20591258,True,True,,1,0.19007765303831547,0.029071211,0.19007765303831547,0.2127084550447762
33,offset_c0.8_from0.8,1,joint_projected,20591258,True,True,,1,0.2587442339863628,0.042869765,0.2587442339863628,0.28150093695148826
33,offset_c0.8_from0.8,1,ompl_uniform,20591258,True,True,,1,0.21610554703511298,0.026201537,0.21610554703511298,0.2175517799332738
33,offset_c0.8_from0.8,2,joint_projected,20591359,True,True,,1,0.16088742297142744,0.029041374,0.16088742297142744,0.18384165305178612
33,offset_c0.8_from0.8,2,ompl_uniform,20591359,True,True,,1,0.15170020295772702,0.035941946,0.15170020295772702,0.15293673798441887
33,offset_c0.8_from0.8,2,cartesian_ik,20591359,True,True,,1,0.15743017592467368,0.036323986,0.15743017592467368,0.18178979901131243
33,offset_c0.8_from0.8,3,ompl_uniform,20591460,True,True,,1,0.23381014307960868,0.022566434,0.23381014307960868,0.2351523860124871
33,offset_c0.8_from0.8,3,joint_projected,20591460,True,True,,1,0.0983453739900142,0.016566718,0.0983453739900142,0.12117512198165059
33,offset_c0.8_from0.8,3,cartesian_ik,20591460,True,True,,1,0.1395497639896348,0.031028234,0.1395497639896348,0.1619880610378459
33,offset_c0.8_from0.8,4,ompl_uniform,20591561,True,True,,1,0.14704975089989603,0.024434058,0.14704975089989603,0.14851745101623237
33,offset_c0.8_from0.8,4,cartesian_ik,20591561,True,True,,1,0.1312607560539618,0.024569423,0.1312607560539618,0.15401988592930138
33,offset_c0.8_from0.8,4,joint_projected,20591561,True,True,,1,0.09008178394287825,0.026809182,0.09008178394287825,0.11367373703978956
33,offset_c0.8_from0.8,5,ompl_uniform,20591662,True,True,,1,0.1668324009515345,0.022964624,0.1668324009515345,0.16848531097639352
33,offset_c0.8_from0.8,5,joint_projected,20591662,True,True,,1,0.1053428299492225,0.025286852,0.1053428299492225,0.129403131082654
33,offset_c0.8_from0.8,5,cartesian_ik,20591662,True,True,,1,0.3254158030031249,0.082058099,0.3254158030031249,0.3514304111013189
33,offset_c0.8_from0.8,6,cartesian_ik,20591763,True,True,,1,0.0829185489565134,0.0236878,0.0829185489565134,0.1067791860550642
33,offset_c0.8_from0.8,6,ompl_uniform,20591763,True,True,,1,0.17562129499856383,0.020892534,0.17562129499856383,0.1770649440586567
33,offset_c0.8_from0.8,6,joint_projected,20591763,True,True,,1,0.09499063401017338,0.025770622,0.09499063401017338,0.11850060406140983
33,offset_c0.8_from0.8,7,joint_projected,20591864,True,True,,1,0.19516644801478833,0.026784623,0.19516644801478833,0.21900326909963042
33,offset_c0.8_from0.8,7,cartesian_ik,20591864,True,True,,1,0.14975716802291572,0.040592807,0.14975716802291572,0.17338960303459316
33,offset_c0.8_from0.8,7,ompl_uniform,20591864,True,True,,1,0.17966383905149996,0.025157579,0.17966383905149996,0.18082422099541873
33,offset_c0.8_from0.8,8,ompl_uniform,20591965,True,True,,1,0.18123217590618879,0.035794397,0.18123217590618879,0.18284978391602635
33,offset_c0.8_from0.8,8,cartesian_ik,20591965,True,True,,1,0.17561558994930238,0.019023084,0.17561558994930238,0.20132323110010475
33,offset_c0.8_from0.8,8,joint_projected,20591965,True,True,,1,0.1284278710372746,0.043256502,0.1284278710372746,0.15225291799288243
33,offset_c0.8_from0.8,9,joint_projected,20592066,True,True,,1,0.13008591206744313,0.024324634,0.13008591206744313,0.15333942999131978
33,offset_c0.8_from0.8,9,cartesian_ik,20592066,True,True,,1,0.11126932804472744,0.015584111,0.11126932804472744,0.13392867799848318
33,offset_c0.8_from0.8,9,ompl_uniform,20592066,True,True,,1,0.11028615804389119,0.026938144,0.11028615804389119,0.11159538198262453
39,offset_c0.8_from0.8,0,ompl_uniform,20651199,True,True,,1,0.16528551292140037,0.018570273,0.16528551292140037,0.16631252993829548
39,offset_c0.8_from0.8,0,joint_projected,20651199,True,True,,1,0.11200377100612968,0.018327567,0.11200377100612968,0.13545947894454002
39,offset_c0.8_from0.8,0,cartesian_ik,20651199,True,True,,1,0.1948418109677732,0.017651153,0.1948418109677732,0.21830364095512778
39,offset_c0.8_from0.8,1,ompl_uniform,20651300,True,True,,1,0.1442017190856859,0.015019583,0.1442017190856859,0.14548356994055212
39,offset_c0.8_from0.8,1,cartesian_ik,20651300,True,True,,1,0.18826127401553094,0.033514908,0.18826127401553094,0.21232882095500827
39,offset_c0.8_from0.8,1,joint_projected,20651300,True,True,,1,0.08038334990851581,0.028910335,0.08038334990851581,0.10368760686833411
39,offset_c0.8_from0.8,2,ompl_uniform,20651401,True,True,,1,0.16536435496527702,0.041946041,0.16536435496527702,0.1668282370083034
39,offset_c0.8_from0.8,2,joint_projected,20651401,True,True,,1,0.12263715697918087,0.022087146,0.12263715697918087,0.14645218290388584
39,offset_c0.8_from0.8,2,cartesian_ik,20651401,True,True,,1,0.12320477899629623,0.028132858,0.12320477899629623,0.14978478092234582
39,offset_c0.8_from0.8,3,joint_projected,20651502,True,True,,1,0.19471788604278117,0.020750684,0.19471788604278117,0.21857896691653877
39,offset_c0.8_from0.8,3,cartesian_ik,20651502,True,True,,1,0.11382487905211747,0.020961427,0.11382487905211747,0.13750896393321455
39,offset_c0.8_from0.8,3,ompl_uniform,20651502,True,True,,1,0.14093567000236362,0.020535432,0.14093567000236362,0.14208541892003268
39,offset_c0.8_from0.8,4,joint_projected,20651603,True,True,,1,0.06549249996896833,0.01136666,0.06549249996896833,0.08887810201849788
39,offset_c0.8_from0.8,4,cartesian_ik,20651603,True,True,,1,0.20265575393568724,0.02533044,0.20265575393568724,0.22677800490055233
39,offset_c0.8_from0.8,4,ompl_uniform,20651603,True,True,,1,0.26560127595439553,0.023276347,0.26560127595439553,0.26709837501402944
39,offset_c0.8_from0.8,5,joint_projected,20651704,True,True,,1,0.051025621010921896,0.020839518,0.051025621010921896,0.07484134088736027
39,offset_c0.8_from0.8,5,cartesian_ik,20651704,True,True,,1,0.09337897307705134,0.036532371,0.09337897307705134,0.11688189895357937
39,offset_c0.8_from0.8,5,ompl_uniform,20651704,True,True,,1,0.1455835469532758,0.025951002,0.1455835469532758,0.14673586399294436
39,offset_c0.8_from0.8,6,ompl_uniform,20651805,True,True,,1,0.19043483096174896,0.021076653,0.19043483096174896,0.19178206496872008
39,offset_c0.8_from0.8,6,cartesian_ik,20651805,True,True,,1,0.16010628000367433,0.025186418,0.16010628000367433,0.18358071893453598
39,offset_c0.8_from0.8,6,joint_projected,20651805,True,True,,1,0.07476302201393992,0.014699147,0.07476302201393992,0.09807761094998568
39,offset_c0.8_from0.8,7,cartesian_ik,20651906,True,True,,1,0.16684396099299192,0.029332517,0.16684396099299192,0.1902439179830253
39,offset_c0.8_from0.8,7,joint_projected,20651906,True,True,,1,0.13146525295451283,0.024384366,0.13146525295451283,0.1558548278408125
39,offset_c0.8_from0.8,7,ompl_uniform,20651906,True,True,,1,0.12018860492389649,0.022724071,0.12018860492389649,0.12158102204557508
39,offset_c0.8_from0.8,8,joint_projected,20652007,True,True,,1,0.21518555807415396,0.027124957,0.21518555807415396,0.23975215898826718
39,offset_c0.8_from0.8,8,ompl_uniform,20652007,True,True,,1,0.2002317380392924,0.018033409,0.2002317380392924,0.20128846098668873
39,offset_c0.8_from0.8,8,cartesian_ik,20652007,True,True,,1,0.2166987620294094,0.038565034,0.2166987620294094,0.24012012593448162
39,offset_c0.8_from0.8,9,joint_projected,20652108,True,True,,1,0.19281356409192085,0.028622723,0.19281356409192085,0.21687043795827776
39,offset_c0.8_from0.8,9,ompl_uniform,20652108,True,True,,1,0.1289466730086133,0.027246526,0.1289466730086133,0.13013363408390433
39,offset_c0.8_from0.8,9,cartesian_ik,20652108,True,True,,1,0.22681490296963602,0.074488856,0.22681490296963602,0.250404282938689
6,central_c0.2_from0.2,0,joint_projected,20320968,True,True,,1,0.16335407306905836,0.037673038,0.16335407306905836,0.2050187560962513
6,central_c0.2_from0.2,0,cartesian_ik,20320968,True,True,,1,0.15598674898501486,0.022238145,0.15598674898501486,0.19780625205021352
6,central_c0.2_from0.2,0,ompl_uniform,20320968,True,True,,1,0.18735907692462206,0.023615548,0.18735907692462206,0.18854940007440746
6,central_c0.2_from0.2,1,cartesian_ik,20321069,True,True,,1,0.17474818299524486,0.067333108,0.17474818299524486,0.21685341896954924
6,central_c0.2_from0.2,1,ompl_uniform,20321069,True,True,,1,0.22843400901183486,0.039635388,0.22843400901183486,0.22997727000620216
6,central_c0.2_from0.2,1,joint_projected,20321069,True,True,,1,0.12262068502604961,0.029690017,0.12262068502604961,0.16539191594347358
6,central_c0.2_from0.2,2,ompl_uniform,20321170,True,True,,1,0.11519538902211934,0.029138229,0.11519538902211934,0.11643615807406604
6,central_c0.2_from0.2,2,joint_projected,20321170,True,True,,1,0.12150999205186963,0.041556709,0.12150999205186963,0.1633006010670215
6,central_c0.2_from0.2,2,cartesian_ik,20321170,True,True,,1,0.24291594396345317,0.037013688,0.24291594396345317,0.28507518209517
6,central_c0.2_from0.2,3,cartesian_ik,20321271,True,True,,1,0.11114201007876545,0.036076374,0.11114201007876545,0.15320777602028102
6,central_c0.2_from0.2,3,joint_projected,20321271,True,True,,1,0.1461113269906491,0.046442791,0.1461113269906491,0.1879240720300004
6,central_c0.2_from0.2,3,ompl_uniform,20321271,True,True,,1,0.20432174403686076,0.031423797,0.20432174403686076,0.2053735429653898
6,central_c0.2_from0.2,4,cartesian_ik,20321372,True,True,,1,0.22746521804947406,0.056333546,0.22746521804947406,0.26949492702260613
6,central_c0.2_from0.2,4,joint_projected,20321372,True,True,,1,0.19216685509309173,0.03955663,0.19216685509309173,0.23414755798876286
6,central_c0.2_from0.2,4,ompl_uniform,20321372,True,True,,1,0.14777264709118754,0.03368992,0.14777264709118754,0.14890832407400012
6,central_c0.2_from0.2,5,joint_projected,20321473,True,True,,1,0.0632334480760619,0.018248353,0.0632334480760619,0.10526043898425996
6,central_c0.2_from0.2,5,cartesian_ik,20321473,True,True,,1,0.18936015805229545,0.02097213,0.18936015805229545,0.2310340830590576
6,central_c0.2_from0.2,5,ompl_uniform,20321473,True,True,,1,0.15526694699656218,0.026650612,0.15526694699656218,0.15664853795897216
6,central_c0.2_from0.2,6,joint_projected,20321574,True,True,,1,0.09800954605452716,0.025096838,0.09800954605452716,0.13982574397232383
6,central_c0.2_from0.2,6,cartesian_ik,20321574,True,True,,1,0.09992222301661968,0.01470894,0.09992222301661968,0.142017342033796
6,central_c0.2_from0.2,6,ompl_uniform,20321574,True,True,,1,0.16302214900497347,0.020736709,0.16302214900497347,0.16449078591540456
6,central_c0.2_from0.2,7,joint_projected,20321675,True,True,,1,0.14380268298555166,0.02751925,0.14380268298555166,0.18604347808286548
6,central_c0.2_from0.2,7,cartesian_ik,20321675,True,True,,1,0.2712648449232802,0.024223393,0.2712648449232802,0.3133478460367769
6,central_c0.2_from0.2,7,ompl_uniform,20321675,True,True,,1,0.15136858099140227,0.032517676,0.15136858099140227,0.1528909259941429
6,central_c0.2_from0.2,8,ompl_uniform,20321776,True,True,,1,0.2096173190511763,0.019312501,0.2096173190511763,0.21097060199826956
6,central_c0.2_from0.2,8,joint_projected,20321776,True,True,,1,0.2173253430519253,0.047506831,0.2173253430519253,0.2596077440539375
6,central_c0.2_from0.2,8,cartesian_ik,20321776,True,True,,1,0.23316628602333367,0.032907484,0.23316628602333367,0.2750097510870546
6,central_c0.2_from0.2,9,cartesian_ik,20321877,True,True,,1,0.185184303089045,0.033168393,0.185184303089045,0.22928740899078548
6,central_c0.2_from0.2,9,joint_projected,20321877,True,True,,1,0.08297738805413246,0.030555133,0.08297738805413246,0.12476309202611446
6,central_c0.2_from0.2,9,ompl_uniform,20321877,True,True,,1,0.17192052502650768,0.02473487,0.17192052502650768,0.17314486601389945
59,distant_c0.8_from0.8,0,joint_projected,20851339,True,True,,1,0.07918954791966826,0.019941097,0.07918954791966826,0.10821049194782972
59,distant_c0.8_from0.8,0,ompl_uniform,20851339,True,True,,1,0.19444827502593398,0.018759137,0.19444827502593398,0.19573999498970807
59,distant_c0.8_from0.8,0,cartesian_ik,20851339,True,True,,1,0.11277623602654785,0.016658682,0.11277623602654785,0.1419371609808877
59,distant_c0.8_from0.8,1,joint_projected,20851440,True,True,,1,0.1314922539750114,0.030232947,0.1314922539750114,0.16053876210935414
59,distant_c0.8_from0.8,1,ompl_uniform,20851440,True,True,,1,0.17825558001641184,0.028119301,0.17825558001641184,0.1796448059612885
59,distant_c0.8_from0.8,1,cartesian_ik,20851440,True,True,,1,0.12112594989594072,0.029919725,0.12112594989594072,0.1500066890148446
59,distant_c0.8_from0.8,2,joint_projected,20851541,True,True,,1,0.2325891919899732,0.028518549,0.2325891919899732,0.2615427350392565
59,distant_c0.8_from0.8,2,ompl_uniform,20851541,True,True,,1,0.21064659708645195,0.026023082,0.21064659708645195,0.21224997995886952
59,distant_c0.8_from0.8,2,cartesian_ik,20851541,True,True,,1,0.1345947909867391,0.026748523,0.1345947909867391,0.16340898908674717
59,distant_c0.8_from0.8,3,joint_projected,20851642,True,True,,1,0.13030164991505444,0.021320558,0.13030164991505444,0.15907971805427223
59,distant_c0.8_from0.8,3,cartesian_ik,20851642,True,True,,1,0.19548386707901955,0.04305836,0.19548386707901955,0.22595578606706113
59,distant_c0.8_from0.8,3,ompl_uniform,20851642,True,True,,1,0.1558080289978534,0.017632568,0.1558080289978534,0.15718960296362638
59,distant_c0.8_from0.8,4,cartesian_ik,20851743,True,True,,1,0.0741515849949792,0.017363796,0.0741515849949792,0.10320072202011943
59,distant_c0.8_from0.8,4,ompl_uniform,20851743,True,True,,1,0.2376643830211833,0.016066718,0.2376643830211833,0.23914991703350097
59,distant_c0.8_from0.8,4,joint_projected,20851743,True,True,,1,0.1128802039893344,0.0353578,0.1128802039893344,0.1418929499341175
59,distant_c0.8_from0.8,5,ompl_uniform,20851844,True,True,,1,0.16513998992741108,0.019257148,0.16513998992741108,0.16614808596204966
59,distant_c0.8_from0.8,5,joint_projected,20851844,True,True,,1,0.17397924000397325,0.016784657,0.17397924000397325,0.20328071294352412
59,distant_c0.8_from0.8,5,cartesian_ik,20851844,True,True,,1,0.16340880608186126,0.027140078,0.16340880608186126,0.1924363060388714
59,distant_c0.8_from0.8,6,cartesian_ik,20851945,True,True,,1,0.0697544600116089,0.019037697,0.0697544600116089,0.09912580612581223
59,distant_c0.8_from0.8,6,joint_projected,20851945,True,True,,1,0.09472069097682834,0.024564922,0.09472069097682834,0.12363019096665084
59,distant_c0.8_from0.8,6,ompl_uniform,20851945,True,True,,1,0.12369091995060444,0.024568585,0.12369091995060444,0.12533399206586182
59,distant_c0.8_from0.8,7,ompl_uniform,20852046,True,True,,1,0.16073083993978798,0.017155262,0.16073083993978798,0.16240770497824997
59,distant_c0.8_from0.8,7,joint_projected,20852046,True,True,,1,0.1832139320904389,0.039334407,0.1832139320904389,0.2122967679752037
59,distant_c0.8_from0.8,7,cartesian_ik,20852046,True,True,,1,0.07288816990330815,0.029034403,0.07288816990330815,0.10171750001609325
59,distant_c0.8_from0.8,8,ompl_uniform,20852147,True,True,,1,0.1605861879652366,0.024123754,0.1605861879652366,0.1624270079191774
59,distant_c0.8_from0.8,8,cartesian_ik,20852147,True,True,,1,0.07139715901575983,0.02169534,0.07139715901575983,0.10254082304891199
59,distant_c0.8_from0.8,8,joint_projected,20852147,True,True,,1,0.19424251199234277,0.028470798,0.19424251199234277,0.22291393706109375
59,distant_c0.8_from0.8,9,cartesian_ik,20852248,True,True,,1,0.07333070109598339,0.022181765,0.07333070109598339,0.10253761301282793
59,distant_c0.8_from0.8,9,ompl_uniform,20852248,True,True,,1,0.17049180599860847,0.0278343,0.17049180599860847,0.1716951240086928
59,distant_c0.8_from0.8,9,joint_projected,20852248,True,True,,1,0.12280574499163777,0.02485641,0.12280574499163777,0.15215499501209706
30,offset_c0.8_from0.8,0,joint_projected,20561136,True,True,,1,0.04045527405105531,0.018411032,0.04045527405105531,0.06312751094810665
30,offset_c0.8_from0.8,0,ompl_uniform,20561136,True,True,,1,0.12746502098161727,0.01960455,0.12746502098161727,0.128696721047163
30,offset_c0.8_from0.8,0,cartesian_ik,20561136,True,True,,1,0.10068450402468443,0.017170916,0.10068450402468443,0.12331017304677516
30,offset_c0.8_from0.8,1,joint_projected,20561237,True,True,,1,0.22465512400958687,0.039712964,0.22465512400958687,0.24660700699314475
30,offset_c0.8_from0.8,1,cartesian_ik,20561237,True,True,,1,0.2112058800412342,0.053951097,0.2112058800412342,0.2329385249176994
30,offset_c0.8_from0.8,1,ompl_uniform,20561237,True,True,,1,0.12646093510556966,0.019128613,0.12646093510556966,0.1276826219400391
30,offset_c0.8_from0.8,2,cartesian_ik,20561338,True,True,,1,0.19542872498277575,0.031958535,0.19542872498277575,0.21742580295540392
30,offset_c0.8_from0.8,2,joint_projected,20561338,True,True,,1,0.17549006396438926,0.048149492,0.17549006396438926,0.1973889779765159
30,offset_c0.8_from0.8,2,ompl_uniform,20561338,True,True,,1,0.1316860520746559,0.033686687,0.1316860520746559,0.13277556898538023
30,offset_c0.8_from0.8,3,cartesian_ik,20561439,True,True,,1,0.09306245192419738,0.014569775,0.09306245192419738,0.11501709592994303
30,offset_c0.8_from0.8,3,joint_projected,20561439,True,True,,1,0.13273895205929875,0.026248755,0.13273895205929875,0.15453912899829447
30,offset_c0.8_from0.8,3,ompl_uniform,20561439,True,True,,1,0.12863832607399672,0.020597936,0.12863832607399672,0.12991684104781598
30,offset_c0.8_from0.8,4,cartesian_ik,20561540,True,True,,1,0.18075433000922203,0.042647892,0.18075433000922203,0.20257940387818962
30,offset_c0.8_from0.8,4,ompl_uniform,20561540,True,True,,1,0.41142907296307385,0.020995886,0.41142907296307385,0.4129071179777384
30,offset_c0.8_from0.8,4,joint_projected,20561540,True,True,,1,0.23038111999630928,0.023545826,0.23038111999630928,0.26054341497365385
30,offset_c0.8_from0.8,5,ompl_uniform,20561641,True,True,,1,0.2736623330274597,0.027463347,0.2736623330274597,0.27513802400790155
30,offset_c0.8_from0.8,5,joint_projected,20561641,True,True,,1,0.33961457503028214,0.030538659,0.33961457503028214,0.3621640648925677
30,offset_c0.8_from0.8,5,cartesian_ik,20561641,True,True,,1,0.10523491189815104,0.020874847,0.10523491189815104,0.12685453705489635
30,offset_c0.8_from0.8,6,ompl_uniform,20561742,True,True,,1,0.16282148601021618,0.024730284,0.16282148601021618,0.16398620000109076
30,offset_c0.8_from0.8,6,joint_projected,20561742,True,True,,1,0.24611800198908895,0.029887821,0.24611800198908895,0.2691058280179277
30,offset_c0.8_from0.8,6,cartesian_ik,20561742,True,True,,1,0.14370593696366996,0.02971681,0.14370593696366996,0.16524894395843148
30,offset_c0.8_from0.8,7,joint_projected,20561843,True,True,,1,0.1782313829753548,0.020172998,0.1782313829753548,0.20048799191135913
30,offset_c0.8_from0.8,7,cartesian_ik,20561843,True,True,,1,0.04538719309493899,0.01297448,0.04538719309493899,0.06829712085891515
30,offset_c0.8_from0.8,7,ompl_uniform,20561843,True,True,,1,0.11709502502344549,0.017268716,0.11709502502344549,0.11855446896515787
30,offset_c0.8_from0.8,8,cartesian_ik,20561944,True,True,,1,0.07646980998106301,0.038700254,0.07646980998106301,0.09905627986881882
30,offset_c0.8_from0.8,8,joint_projected,20561944,True,True,,1,0.11335836304351687,0.038982296,0.11335836304351687,0.13559882494155318
30,offset_c0.8_from0.8,8,ompl_uniform,20561944,True,True,,1,0.1397814789088443,0.039039279,0.1397814789088443,0.141754662967287
30,offset_c0.8_from0.8,9,joint_projected,20562045,True,True,,1,0.2049700979841873,0.050164648,0.2049700979841873,0.2280904840445146
30,offset_c0.8_from0.8,9,ompl_uniform,20562045,True,True,,1,0.16574558604042977,0.029767848,0.16574558604042977,0.1672429940663278
30,offset_c0.8_from0.8,9,cartesian_ik,20562045,True,True,,1,0.2731474299216643,0.07320361,0.2731474299216643,0.2955114359501749
28,offset_c0.2_from0.2,0,cartesian_ik,20541122,True,True,,1,0.13833754195366055,0.022736131,0.13833754195366055,0.1731524480273947
28,offset_c0.2_from0.2,0,joint_projected,20541122,True,True,,1,0.16706354601774365,0.039566733,0.16706354601774365,0.2022336198715493
28,offset_c0.2_from0.2,0,ompl_uniform,20541122,True,True,,1,0.14259778405539691,0.026752206,0.14259778405539691,0.1439816450001672
28,offset_c0.2_from0.2,1,cartesian_ik,20541223,True,True,,1,0.12429409404285252,0.016747824,0.12429409404285252,0.15926391200628132
28,offset_c0.2_from0.2,1,ompl_uniform,20541223,True,True,,1,0.1360935471020639,0.025891384,0.1360935471020639,0.13726009603124112
28,offset_c0.2_from0.2,1,joint_projected,20541223,True,True,,1,0.14120294305030257,0.040452942,0.14120294305030257,0.1760292819235474
28,offset_c0.2_from0.2,2,ompl_uniform,20541324,True,True,,1,0.16192490106914192,0.024216752,0.16192490106914192,0.16316126892343163
28,offset_c0.2_from0.2,2,cartesian_ik,20541324,True,True,,1,0.10037818399723619,0.043258333,0.10037818399723619,0.13512118894141167
28,offset_c0.2_from0.2,2,joint_projected,20541324,True,True,,1,0.09330196399241686,0.045284152,0.09330196399241686,0.1281442289473489
28,offset_c0.2_from0.2,3,cartesian_ik,20541425,True,True,,1,0.2292217540089041,0.055576738,0.2292217540089041,0.2643443458946422
28,offset_c0.2_from0.2,3,joint_projected,20541425,True,True,,1,0.144561126944609,0.054603293,0.144561126944609,0.18028876197058707
28,offset_c0.2_from0.2,3,ompl_uniform,20541425,True,True,,1,0.17945083999074996,0.01952597,0.17945083999074996,0.1805161819793284
28,offset_c0.2_from0.2,4,joint_projected,20541526,True,True,,1,0.39176299108657986,0.033430929,0.39176299108657986,0.42684873996768147
28,offset_c0.2_from0.2,4,cartesian_ik,20541526,True,True,,1,0.2607185939559713,0.025932432,0.2607185939559713,0.2955265549244359
28,offset_c0.2_from0.2,4,ompl_uniform,20541526,True,True,,1,0.10479342902544886,0.023236871,0.10479342902544886,0.105992213007994
28,offset_c0.2_from0.2,5,joint_projected,20541627,True,True,,1,0.14812571299262345,0.030780325,0.14812571299262345,0.18374212400522083
28,offset_c0.2_from0.2,5,ompl_uniform,20541627,True,True,,1,0.16911048302426934,0.01884169,0.16911048302426934,0.1708992780186236
28,offset_c0.2_from0.2,5,cartesian_ik,20541627,True,True,,1,0.08179219998419285,0.03801007,0.08179219998419285,0.11810525495093316
28,offset_c0.2_from0.2,6,ompl_uniform,20541728,True,True,,1,0.1200885510770604,0.019419788,0.1200885510770604,0.12176773604005575
28,offset_c0.2_from0.2,6,cartesian_ik,20541728,True,True,,1,0.20934971095994115,0.031444262,0.20934971095994115,0.2452186548616737
28,offset_c0.2_from0.2,6,joint_projected,20541728,True,True,,1,0.11641306208912283,0.036070668,0.11641306208912283,0.15267627697903663
28,offset_c0.2_from0.2,7,ompl_uniform,20541829,True,True,,1,0.10381877305917442,0.017095037,0.10381877305917442,0.10516862792428583
28,offset_c0.2_from0.2,7,cartesian_ik,20541829,True,True,,1,0.04915922204963863,0.028466036,0.04915922204963863,0.0848444668808952
28,offset_c0.2_from0.2,7,joint_projected,20541829,True,True,,1,0.15486969705671072,0.029396452,0.15486969705671072,0.18967804091516882
28,offset_c0.2_from0.2,8,ompl_uniform,20541930,True,True,,1,0.14050148893147707,0.027025138,0.14050148893147707,0.14199805189855397
28,offset_c0.2_from0.2,8,cartesian_ik,20541930,True,True,,1,0.18400531995575875,0.04149096,0.18400531995575875,0.21896392502821982
28,offset_c0.2_from0.2,8,joint_projected,20541930,True,True,,1,0.15636490797623992,0.027536435,0.15636490797623992,0.19208343198988587
28,offset_c0.2_from0.2,9,joint_projected,20542031,True,True,,1,0.0971732750767842,0.019508296,0.0971732750767842,0.13212577102240175
28,offset_c0.2_from0.2,9,cartesian_ik,20542031,True,True,,1,0.2742315320065245,0.049069779,0.2742315320065245,0.3094988779630512
28,offset_c0.2_from0.2,9,ompl_uniform,20542031,True,True,,1,0.1567982480628416,0.019574029,0.1567982480628416,0.15804158290848136
0,central_c0.2_from0.2,0,ompl_uniform,20260926,True,True,,1,0.1695476359454915,0.026664483,0.1695476359454915,0.1706511490046978
0,central_c0.2_from0.2,0,cartesian_ik,20260926,True,True,,1,0.18760304793249816,0.019662478,0.18760304793249816,0.31597877596504986
0,central_c0.2_from0.2,0,joint_projected,20260926,True,True,,1,0.12891690095420927,0.038831324,0.12891690095420927,0.2582168650114909
0,central_c0.2_from0.2,1,joint_projected,20261027,True,True,,1,0.03523794701322913,0.017702916,0.03523794701322913,0.16352051112335175
0,central_c0.2_from0.2,1,cartesian_ik,20261027,True,True,,1,0.08468655508477241,0.016945255,0.08468655508477241,0.2124854950234294
0,central_c0.2_from0.2,1,ompl_uniform,20261027,True,True,,1,0.1813520189607516,0.022723429,0.1813520189607516,0.1827396989101544
0,central_c0.2_from0.2,2,cartesian_ik,20261128,True,True,,1,0.14751480100676417,0.056828762,0.14751480100676417,0.27551123406738043
0,central_c0.2_from0.2,2,ompl_uniform,20261128,True,True,,1,0.13869730499573052,0.021993413,0.13869730499573052,0.1398897380568087
0,central_c0.2_from0.2,2,joint_projected,20261128,True,True,,1,0.07677590800449252,0.051153711,0.07677590800449252,0.20563019416294992
0,central_c0.2_from0.2,3,cartesian_ik,20261229,True,True,,1,0.28907552699092776,0.049785723,0.28907552699092776,0.41740807716269046
0,central_c0.2_from0.2,3,ompl_uniform,20261229,True,True,,1,0.2254722899524495,0.020604305,0.2254722899524495,0.22674660105258226
0,central_c0.2_from0.2,3,joint_projected,20261229,True,True,,1,0.27400826290249825,0.027222029,0.27400826290249825,0.40244648896623403
0,central_c0.2_from0.2,4,cartesian_ik,20261330,True,True,,1,0.18330708402208984,0.03184487,0.18330708402208984,0.31123452412430197
0,central_c0.2_from0.2,4,joint_projected,20261330,True,True,,1,0.11301211197860539,0.016942645,0.11301211197860539,0.24140607600566
0,central_c0.2_from0.2,4,ompl_uniform,20261330,True,True,,1,0.16101793001871556,0.018238569,0.16101793001871556,0.16222506493795663
0,central_c0.2_from0.2,5,ompl_uniform,20261431,True,True,,1,0.12312854710035026,0.019834615,0.12312854710035026,0.1246673190034926
0,central_c0.2_from0.2,5,cartesian_ik,20261431,True,True,,1,0.09512299904599786,0.025631299,0.09512299904599786,0.22335535008460283
0,central_c0.2_from0.2,5,joint_projected,20261431,True,True,,1,0.1295773540623486,0.024283355,0.1295773540623486,0.25845114700496197
0,central_c0.2_from0.2,6,ompl_uniform,20261532,True,True,,1,0.1987201248994097,0.025472696,0.1987201248994097,0.20012400508858263
0,central_c0.2_from0.2,6,cartesian_ik,20261532,True,True,,1,0.12123384198639542,0.036117817,0.12123384198639542,0.249152090982534
0,central_c0.2_from0.2,6,joint_projected,20261532,True,True,,1,0.06657981302123517,0.045676355,0.06657981302123517,0.19465871306601912
0,central_c0.2_from0.2,7,ompl_uniform,20261633,True,True,,1,0.14999062498100102,0.022648225,0.14999062498100102,0.15118866600096226
0,central_c0.2_from0.2,7,joint_projected,20261633,True,True,,1,0.14233373501338065,0.058075482,0.14233373501338065,0.27092953713145107
0,central_c0.2_from0.2,7,cartesian_ik,20261633,True,True,,1,0.12451494904235005,0.024287023,0.12451494904235005,0.2523890540469438
0,central_c0.2_from0.2,8,joint_projected,20261734,True,True,,1,0.19547826191410422,0.049360757,0.19547826191410422,0.32365435699466616
0,central_c0.2_from0.2,8,cartesian_ik,20261734,True,True,,1,0.09655774792190641,0.018834754,0.09655774792190641,0.22587296401616186
0,central_c0.2_from0.2,8,ompl_uniform,20261734,True,True,,1,0.15787952300161123,0.022756898,0.15787952300161123,0.15925564395729452
0,central_c0.2_from0.2,9,joint_projected,20261835,True,True,,1,0.10254719399381429,0.034500879,0.10254719399381429,0.23143804701976478
0,central_c0.2_from0.2,9,ompl_uniform,20261835,True,True,,1,0.14412341301795095,0.019887712,0.14412341301795095,0.14664993900805712
0,central_c0.2_from0.2,9,cartesian_ik,20261835,True,True,,1,0.1248073719907552,0.020960299,0.1248073719907552,0.25321508012712
24,offset_c0.2_from0.2,0,cartesian_ik,20501094,True,True,,1,0.12176605907734483,0.01566999,0.12176605907734483,0.14807469199877232
24,offset_c0.2_from0.2,0,ompl_uniform,20501094,True,True,,1,0.10431114595849067,0.025902092,0.10431114595849067,0.1056173259858042
24,offset_c0.2_from0.2,0,joint_projected,20501094,True,True,,1,0.2876477390527725,0.075183076,0.2876477390527725,0.31430764007382095
24,offset_c0.2_from0.2,1,cartesian_ik,20501195,True,True,,1,0.24403632897883654,0.067864863,0.24403632897883654,0.27120202500373125
24,offset_c0.2_from0.2,1,ompl_uniform,20501195,True,True,,1,0.11299895995762199,0.032343381,0.11299895995762199,0.11455844901502132
24,offset_c0.2_from0.2,1,joint_projected,20501195,True,True,,1,0.23631704796571285,0.043154862,0.23631704796571285,0.26328779093455523
24,offset_c0.2_from0.2,2,ompl_uniform,20501296,True,True,,1,0.2266820480581373,0.028581043,0.2266820480581373,0.2283140040235594
24,offset_c0.2_from0.2,2,cartesian_ik,20501296,True,True,,1,0.1881158179603517,0.050847139,0.1881158179603517,0.2156835589557886
24,offset_c0.2_from0.2,2,joint_projected,20501296,True,True,,1,0.2541533949552104,0.041926453,0.2541533949552104,0.2816589350113645
24,offset_c0.2_from0.2,3,joint_projected,20501397,True,True,,1,0.3018688299925998,0.056460634,0.3018688299925998,0.32906903594266623
24,offset_c0.2_from0.2,3,ompl_uniform,20501397,True,True,,1,0.15947684494312853,0.041320659,0.15947684494312853,0.16085256496444345
24,offset_c0.2_from0.2,3,cartesian_ik,20501397,True,True,,1,0.13785702106542885,0.041940541,0.13785702106542885,0.16457057697698474
24,offset_c0.2_from0.2,4,cartesian_ik,20501498,True,True,,1,0.22374897205736488,0.051941843,0.22374897205736488,0.2505220628809184
24,offset_c0.2_from0.2,4,ompl_uniform,20501498,True,True,,1,0.10629730799701065,0.037414396,0.10629730799701065,0.10751806001644582
24,offset_c0.2_from0.2,4,joint_projected,20501498,True,True,,1,0.1511282700812444,0.035580189,0.1511282700812444,0.17774437507614493
24,offset_c0.2_from0.2,5,joint_projected,20501599,True,True,,1,0.16415962995961308,0.042787038,0.16415962995961308,0.19183547096326947
24,offset_c0.2_from0.2,5,ompl_uniform,20501599,True,True,,1,0.15492537803947926,0.03724121,0.15492537803947926,0.15657930599991232
24,offset_c0.2_from0.2,5,cartesian_ik,20501599,True,True,,1,0.18460155499633402,0.043703384,0.18460155499633402,0.21122341603040695
24,offset_c0.2_from0.2,6,cartesian_ik,20501700,True,True,,1,0.1963278400944546,0.035638895,0.1963278400944546,0.22285628889221698
24,offset_c0.2_from0.2,6,joint_projected,20501700,True,True,,1,0.09767999593168497,0.023875287,0.09767999593168497,0.12420305097475648
24,offset_c0.2_from0.2,6,ompl_uniform,20501700,True,True,,1,0.13435390300583094,0.031768275,0.13435390300583094,0.13566878496203572
24,offset_c0.2_from0.2,7,ompl_uniform,20501801,True,True,,1,0.20891039504203945,0.028479245,0.20891039504203945,0.2104540680302307
24,offset_c0.2_from0.2,7,joint_projected,20501801,True,True,,1,0.0903360319789499,0.02133535,0.0903360319789499,0.11699966702144593
24,offset_c0.2_from0.2,7,cartesian_ik,20501801,True,True,,1,0.23551768297329545,0.03329099,0.23551768297329545,0.26225553487893194
24,offset_c0.2_from0.2,8,cartesian_ik,20501902,True,True,,1,0.2372205900028348,0.062251115,0.2372205900028348,0.2646502379793674
24,offset_c0.2_from0.2,8,joint_projected,20501902,True,True,,1,0.2938571469858289,0.093723677,0.2938571469858289,0.3219642529729754
24,offset_c0.2_from0.2,8,ompl_uniform,20501902,True,True,,1,0.14559069310780615,0.030824291,0.14559069310780615,0.14701964403502643
24,offset_c0.2_from0.2,9,joint_projected,20502003,True,True,,1,0.15926613996271044,0.056965608,0.15926613996271044,0.18630676588509232
24,offset_c0.2_from0.2,9,ompl_uniform,20502003,True,True,,1,0.13346759090200067,0.034211925,0.13346759090200067,0.13472189696040004
24,offset_c0.2_from0.2,9,cartesian_ik,20502003,True,True,,1,0.2183052699547261,0.035233768,0.2183052699547261,0.24518791097216308
11,central_c0.8_from0.8,0,cartesian_ik,20371003,True,True,,1,0.14034551195800304,0.02897024,0.14034551195800304,0.1621965809026733
11,central_c0.8_from0.8,0,joint_projected,20371003,True,True,,1,0.2121863110223785,0.027839838,0.2121863110223785,0.23449146002531052
11,central_c0.8_from0.8,0,ompl_uniform,20371003,True,True,,1,0.1399311430286616,0.020481531,0.1399311430286616,0.1412309770239517
11,central_c0.8_from0.8,1,joint_projected,20371104,True,True,,1,0.1341688190586865,0.022713357,0.1341688190586865,0.15675688697956502
11,central_c0.8_from0.8,1,ompl_uniform,20371104,True,True,,1,0.16090305405668914,0.01702129,0.16090305405668914,0.16206482599955052
11,central_c0.8_from0.8,1,cartesian_ik,20371104,True,True,,1,0.20789804495871067,0.026184583,0.20789804495871067,0.22998261998873204
11,central_c0.8_from0.8,2,ompl_uniform,20371205,True,True,,1,0.1356107919709757,0.026009385,0.1356107919709757,0.1376252779737115
11,central_c0.8_from0.8,2,joint_projected,20371205,True,True,,1,0.2114815639797598,0.034230242,0.2114815639797598,0.2335642579710111
11,central_c0.8_from0.8,2,cartesian_ik,20371205,True,True,,1,0.061591714969836175,0.027854809,0.061591714969836175,0.08383931394200772
11,central_c0.8_from0.8,3,ompl_uniform,20371306,True,True,,1,0.20097446395084262,0.018070989,0.20097446395084262,0.2022083030315116
11,central_c0.8_from0.8,3,joint_projected,20371306,True,True,,1,0.046449837973341346,0.034407287,0.046449837973341346,0.06954372604377568
11,central_c0.8_from0.8,3,cartesian_ik,20371306,True,True,,1,0.1972238440066576,0.04739606,0.1972238440066576,0.21944948891177773
11,central_c0.8_from0.8,4,cartesian_ik,20371407,True,True,,1,0.17688013799488544,0.030863483,0.17688013799488544,0.19915821601171046
11,central_c0.8_from0.8,4,joint_projected,20371407,True,True,,1,0.0830652320291847,0.03131941,0.0830652320291847,0.10527034592814744
11,central_c0.8_from0.8,4,ompl_uniform,20371407,True,True,,1,0.10925805405713618,0.030350658,0.10925805405713618,0.11050324700772762
11,central_c0.8_from0.8,5,ompl_uniform,20371508,True,True,,1,0.20888627308886498,0.021837362,0.20888627308886498,0.21020540304016322
11,central_c0.8_from0.8,5,cartesian_ik,20371508,True,True,,1,0.17447582294698805,0.025829724,0.17447582294698805,0.19674700894393027
11,central_c0.8_from0.8,5,joint_projected,20371508,True,True,,1,0.19477837102022022,0.03956148,0.19477837102022022,0.21677333198022097
11,central_c0.8_from0.8,6,cartesian_ik,20371609,True,True,,1,0.1175521609839052,0.035087197,0.1175521609839052,0.13959133299067616
11,central_c0.8_from0.8,6,joint_projected,20371609,True,True,,1,0.21812196902465075,0.028519495,0.21812196902465075,0.24059715901967138
11,central_c0.8_from0.8,6,ompl_uniform,20371609,True,True,,1,0.12674957397393882,0.019493586,0.12674957397393882,0.12796955998055637
11,central_c0.8_from0.8,7,ompl_uniform,20371710,True,True,,1,0.17780095303896815,0.026705113,0.17780095303896815,0.17902846401557326
11,central_c0.8_from0.8,7,joint_projected,20371710,True,True,,1,0.10648577404208481,0.020025163,0.10648577404208481,0.13022472197189927
11,central_c0.8_from0.8,7,cartesian_ik,20371710,True,True,,1,0.1382443669717759,0.018505813,0.1382443669717759,0.1603185519343242
11,central_c0.8_from0.8,8,ompl_uniform,20371811,True,True,,1,0.09817861707415432,0.015029591,0.09817861707415432,0.09955274092499167
11,central_c0.8_from0.8,8,joint_projected,20371811,True,True,,1,0.19085671508219093,0.028046816,0.19085671508219093,0.2138702649390325
11,central_c0.8_from0.8,8,cartesian_ik,20371811,True,True,,1,0.10195173602551222,0.01552579,0.10195173602551222,0.1238929609535262
11,central_c0.8_from0.8,9,joint_projected,20371912,True,True,,1,0.09704138699453324,0.051901177,0.09704138699453324,0.11920822598040104
11,central_c0.8_from0.8,9,ompl_uniform,20371912,True,True,,1,0.1584163960069418,0.023858694,0.1584163960069418,0.15967771993018687
11,central_c0.8_from0.8,9,cartesian_ik,20371912,True,True,,1,0.1539300709264353,0.02332359,0.1539300709264353,0.17662420601118356
37,offset_c0.8_from0.8,0,ompl_uniform,20631185,True,True,,1,0.13613357895519584,0.016849373,0.13613357895519584,0.1374014620669186
37,offset_c0.8_from0.8,0,joint_projected,20631185,True,True,,1,0.16002831398509443,0.097650237,0.16002831398509443,0.18825590296182781
37,offset_c0.8_from0.8,0,cartesian_ik,20631185,True,True,,1,0.2029775589471683,0.028607484,0.2029775589471683,0.23104900203179568
37,offset_c0.8_from0.8,1,ompl_uniform,20631286,True,True,,1,0.14890438597649336,0.05149038,0.14890438597649336,0.15025307703763247
37,offset_c0.8_from0.8,1,joint_projected,20631286,True,True,,1,0.2757951330859214,0.105850865,0.2757951330859214,0.30392161395866424
37,offset_c0.8_from0.8,1,cartesian_ik,20631286,True,True,,1,0.1409254149766639,0.033549724,0.1409254149766639,0.1688548909733072
37,offset_c0.8_from0.8,2,ompl_uniform,20631387,True,True,,1,0.16481186205055565,0.035974369,0.16481186205055565,0.16599934606347233
37,offset_c0.8_from0.8,2,cartesian_ik,20631387,True,True,,1,0.12828755797818303,0.042248028,0.12828755797818303,0.15633670997340232
37,offset_c0.8_from0.8,2,joint_projected,20631387,True,True,,1,0.1989413360133767,0.10194991,0.1989413360133767,0.2274508309783414
37,offset_c0.8_from0.8,3,cartesian_ik,20631488,True,True,,1,0.14922767598181963,0.027112806,0.14922767598181963,0.17736324202269316
37,offset_c0.8_from0.8,3,joint_projected,20631488,True,True,,1,0.27007556101307273,0.10736744,0.27007556101307273,0.29800390906166285
37,offset_c0.8_from0.8,3,ompl_uniform,20631488,True,True,,1,0.12864271400030702,0.017250205,0.12864271400030702,0.12999355501960963
37,offset_c0.8_from0.8,4,cartesian_ik,20631589,True,True,,1,0.1030045609222725,0.03922217,0.1030045609222725,0.13098465802613646
37,offset_c0.8_from0.8,4,joint_projected,20631589,True,True,,1,0.11969039496034384,0.093714499,0.11969039496034384,0.14764641493093222
37,offset_c0.8_from0.8,4,ompl_uniform,20631589,True,True,,1,0.17643213202245533,0.019841723,0.17643213202245533,0.17773156601469964
37,offset_c0.8_from0.8,5,ompl_uniform,20631690,True,True,,1,0.20170335192233324,0.034718516,0.20170335192233324,0.2033037090441212
37,offset_c0.8_from0.8,5,joint_projected,20631690,True,True,,1,0.27309808298014104,0.09427938,0.27309808298014104,0.3011835180222988
37,offset_c0.8_from0.8,5,cartesian_ik,20631690,True,True,,1,0.09297344600781798,0.021146265,0.09297344600781798,0.12091517297085375
37,offset_c0.8_from0.8,6,ompl_uniform,20631791,True,True,,1,0.16325123596470803,0.020937701,0.16325123596470803,0.1646923089865595
37,offset_c0.8_from0.8,6,cartesian_ik,20631791,True,True,,1,0.2457447889028117,0.080588412,0.2457447889028117,0.2740175990620628
37,offset_c0.8_from0.8,6,joint_projected,20631791,True,True,,1,0.19446237199008465,0.104131064,0.19446237199008465,0.22235806891694665
37,offset_c0.8_from0.8,7,joint_projected,20631892,True,True,,1,0.31688021100126207,0.111130926,0.31688021100126207,0.3450588749255985
37,offset_c0.8_from0.8,7,cartesian_ik,20631892,True,True,,1,0.15382899495307356,0.028984552,0.15382899495307356,0.18197223695460707
37,offset_c0.8_from0.8,7,ompl_uniform,20631892,True,True,,1,0.09803675208240747,0.018536557,0.09803675208240747,0.09921577293425798
37,offset_c0.8_from0.8,8,cartesian_ik,20631993,True,True,,1,0.1825694179860875,0.04776761,0.1825694179860875,0.21079689695034176
37,offset_c0.8_from0.8,8,joint_projected,20631993,True,True,,1,0.18083229893818498,0.10942524,0.18083229893818498,0.20878968900069594
37,offset_c0.8_from0.8,8,ompl_uniform,20631993,True,True,,1,0.2007055199937895,0.019803648,0.2007055199937895,0.20178708096500486
37,offset_c0.8_from0.8,9,joint_projected,20632094,True,True,,1,0.20228082104586065,0.132910723,0.20228082104586065,0.23062070598825812
37,offset_c0.8_from0.8,9,ompl_uniform,20632094,True,True,,1,0.19441789598204195,0.026715786,0.19441789598204195,0.19593818206340075
37,offset_c0.8_from0.8,9,cartesian_ik,20632094,True,True,,1,0.17317550408188254,0.032790387,0.17317550408188254,0.20113399799447507
31,offset_c0.8_from0.8,0,ompl_uniform,20571143,True,True,,1,0.15719175490085036,0.02322657,0.15719175490085036,0.1586491649504751
31,offset_c0.8_from0.8,0,joint_projected,20571143,True,True,,1,0.1583596960408613,0.027702731,0.1583596960408613,0.18219431198667735
31,offset_c0.8_from0.8,0,cartesian_ik,20571143,True,True,,1,0.21889694198034704,0.056044804,0.21889694198034704,0.24237736803479493
31,offset_c0.8_from0.8,1,ompl_uniform,20571244,True,True,,1,0.19853966997470707,0.031690747,0.19853966997470707,0.19968315795995295
31,offset_c0.8_from0.8,1,joint_projected,20571244,True,True,,1,0.12721976602915674,0.021639442,0.12721976602915674,0.15079409594181925
31,offset_c0.8_from0.8,1,cartesian_ik,20571244,True,True,,1,0.152602119022049,0.034275651,0.152602119022049,0.17629725695587695
31,offset_c0.8_from0.8,2,cartesian_ik,20571345,True,True,,1,0.07942286203615367,0.015383566,0.07942286203615367,0.1028291709953919
31,offset_c0.8_from0.8,2,joint_projected,20571345,True,True,,1,0.12478839396499097,0.028294654,0.12478839396499097,0.14814773492980748
31,offset_c0.8_from0.8,2,ompl_uniform,20571345,True,True,,1,0.16009608004242182,0.02523354,0.16009608004242182,0.16129678406286985
31,offset_c0.8_from0.8,3,joint_projected,20571446,True,True,,1,0.13391394598875195,0.031899653,0.13391394598875195,0.1574339489452541
31,offset_c0.8_from0.8,3,cartesian_ik,20571446,True,True,,1,0.21166452404577285,0.104233101,0.21166452404577285,0.23510641301982105
31,offset_c0.8_from0.8,3,ompl_uniform,20571446,True,True,,1,0.16101786703802645,0.037534881,0.16101786703802645,0.16214768204372376
31,offset_c0.8_from0.8,4,cartesian_ik,20571547,True,True,,1,0.21952283196151257,0.026440606,0.21952283196151257,0.24349663697648793
31,offset_c0.8_from0.8,4,ompl_uniform,20571547,True,True,,1,0.14257253799587488,0.01756689,0.14257253799587488,0.14441218599677086
31,offset_c0.8_from0.8,4,joint_projected,20571547,True,True,,1,0.1493390320101753,0.034355325,0.1493390320101753,0.1728218279313296
31,offset_c0.8_from0.8,5,ompl_uniform,20571648,True,True,,1,0.31162726401817054,0.034604817,0.31162726401817054,0.3126986159477383
31,offset_c0.8_from0.8,5,cartesian_ik,20571648,True,True,,1,0.19384254899341613,0.048535524,0.19384254899341613,0.21777419291902333
31,offset_c0.8_from0.8,5,joint_projected,20571648,True,True,,1,0.19811145099811256,0.028052388,0.19811145099811256,0.22432691894937307
31,offset_c0.8_from0.8,6,ompl_uniform,20571749,True,True,,1,0.23536779603455216,0.02370698,0.23536779603455216,0.2370786169776693
31,offset_c0.8_from0.8,6,cartesian_ik,20571749,True,True,,1,0.26726608898025006,0.039438889,0.26726608898025006,0.2907817108789459
31,offset_c0.8_from0.8,6,joint_projected,20571749,True,True,,1,0.2731333289993927,0.03948246,0.2731333289993927,0.29653679486364126
31,offset_c0.8_from0.8,7,joint_projected,20571850,True,True,,1,0.12061000498943031,0.017711113,0.12061000498943031,0.14451924990862608
31,offset_c0.8_from0.8,7,cartesian_ik,20571850,True,True,,1,0.19980021798983216,0.035430866,0.19980021798983216,0.22321351000573486
31,offset_c0.8_from0.8,7,ompl_uniform,20571850,True,True,,1,0.2707535419613123,0.025490257,0.2707535419613123,0.2728974820347503
31,offset_c0.8_from0.8,8,ompl_uniform,20571951,True,True,,1,0.2609357079491019,0.046452239,0.2609357079491019,0.26253485993947834
31,offset_c0.8_from0.8,8,joint_projected,20571951,True,True,,1,0.17040390602778643,0.04480517,0.17040390602778643,0.19425001798663288
31,offset_c0.8_from0.8,8,cartesian_ik,20571951,True,True,,1,0.14561909798067063,0.029121725,0.14561909798067063,0.16950728686060756
31,offset_c0.8_from0.8,9,cartesian_ik,20572052,True,True,,1,0.0819328660145402,0.026129018,0.0819328660145402,0.10518109705299139
31,offset_c0.8_from0.8,9,joint_projected,20572052,True,True,,1,0.14716355700511485,0.043927538,0.14716355700511485,0.1710717340465635
31,offset_c0.8_from0.8,9,ompl_uniform,20572052,True,True,,1,0.18374151398893446,0.028113865,0.18374151398893446,0.18487068195827305
53,distant_c0.8_from0.8,0,joint_projected,20791297,True,True,,1,0.08523578697349876,0.025168477,0.08523578697349876,0.10725271003320813
53,distant_c0.8_from0.8,0,cartesian_ik,20791297,True,True,,1,0.1070185040589422,0.024024679,0.1070185040589422,0.12954622705001384
53,distant_c0.8_from0.8,0,ompl_uniform,20791297,True,True,,1,0.16463269491214305,0.023676565,0.16463269491214305,0.1657585420180112
53,distant_c0.8_from0.8,1,ompl_uniform,20791398,True,True,,1,0.1516117979772389,0.018119224,0.1516117979772389,0.15360447706189007
53,distant_c0.8_from0.8,1,cartesian_ik,20791398,True,True,,1,0.0867969790706411,0.020665741,0.0867969790706411,0.10972342011518776
53,distant_c0.8_from0.8,1,joint_projected,20791398,True,True,,1,0.04680623102467507,0.018141615,0.04680623102467507,0.0692617300665006
53,distant_c0.8_from0.8,2,cartesian_ik,20791499,True,True,,1,0.105639465036802,0.039766944,0.105639465036802,0.12871458008885384
53,distant_c0.8_from0.8,2,ompl_uniform,20791499,True,True,,1,0.13731516199186444,0.020811948,0.13731516199186444,0.13905289699323475
53,distant_c0.8_from0.8,2,joint_projected,20791499,True,True,,1,0.1779248509556055,0.035844994,0.1779248509556055,0.20177679508924484
53,distant_c0.8_from0.8,3,joint_projected,20791600,True,True,,1,0.20216240698937327,0.037158394,0.20216240698937327,0.2245913641527295
53,distant_c0.8_from0.8,3,cartesian_ik,20791600,True,True,,1,0.08950683393049985,0.045318349,0.08950683393049985,0.1116306041367352
53,distant_c0.8_from0.8,3,ompl_uniform,20791600,True,True,,1,0.20211740501690656,0.037346697,0.20211740501690656,0.20333877904340625
53,distant_c0.8_from0.8,4,ompl_uniform,20791701,True,True,,1,0.11523085099179298,0.041571422,0.11523085099179298,0.11672931397333741
53,distant_c0.8_from0.8,4,cartesian_ik,20791701,True,True,,1,0.19673892203718424,0.02783994,0.19673892203718424,0.2194142109947279
53,distant_c0.8_from0.8,4,joint_projected,20791701,True,True,,1,0.06876902794465423,0.025326659,0.06876902794465423,0.09116484911646694
53,distant_c0.8_from0.8,5,joint_projected,20791802,True,True,,1,0.09085467597469687,0.016360183,0.09085467597469687,0.11323962605092674
53,distant_c0.8_from0.8,5,cartesian_ik,20791802,True,True,,1,0.09065343497786671,0.026249287,0.09065343497786671,0.11317134601995349
53,distant_c0.8_from0.8,5,ompl_uniform,20791802,True,True,,1,0.2365484939655289,0.023778403,0.2365484939655289,0.2378822829341516
53,distant_c0.8_from0.8,6,cartesian_ik,20791903,True,True,,1,0.09567745204549283,0.030385842,0.09567745204549283,0.11806885700207204
53,distant_c0.8_from0.8,6,joint_projected,20791903,True,True,,1,0.05638919095508754,0.018472779,0.05638919095508754,0.07988543005194515
53,distant_c0.8_from0.8,6,ompl_uniform,20791903,True,True,,1,0.20417167397681624,0.032207709,0.20417167397681624,0.20520801097154617
53,distant_c0.8_from0.8,7,cartesian_ik,20792004,True,True,,1,0.23535377101507038,0.021755485,0.23535377101507038,0.2577763390727341
53,distant_c0.8_from0.8,7,joint_projected,20792004,True,True,,1,0.13814250100404024,0.026687635,0.13814250100404024,0.1607215281110257
53,distant_c0.8_from0.8,7,ompl_uniform,20792004,True,True,,1,0.21568614291027188,0.033900346,0.21568614291027188,0.21716247696895152
53,distant_c0.8_from0.8,8,ompl_uniform,20792105,True,True,,1,0.224618720007129,0.019707133,0.224618720007129,0.22689206805080175
53,distant_c0.8_from0.8,8,joint_projected,20792105,True,True,,1,0.2288629449903965,0.020254309,0.2288629449903965,0.2516798040596768
53,distant_c0.8_from0.8,8,cartesian_ik,20792105,True,True,,1,0.13132386305369437,0.045698157,0.13132386305369437,0.15379331004805863
53,distant_c0.8_from0.8,9,cartesian_ik,20792206,True,True,,1,0.09089034597855061,0.035347737,0.09089034597855061,0.1138295060954988
53,distant_c0.8_from0.8,9,ompl_uniform,20792206,True,True,,1,0.15466629608999938,0.0259132,0.15466629608999938,0.15620369999669492
53,distant_c0.8_from0.8,9,joint_projected,20792206,True,True,,1,0.09186382999178022,0.032897671,0.09186382999178022,0.11434956500306726
16,central_c0.8_from0.8,0,joint_projected,20421038,True,True,,1,0.10122513805981725,0.023118308,0.10122513805981725,0.12587825604714453
16,central_c0.8_from0.8,0,ompl_uniform,20421038,True,True,,1,0.13552460994105786,0.021500081,0.13552460994105786,0.13677197706419975
16,central_c0.8_from0.8,0,cartesian_ik,20421038,True,True,,1,0.19587619591038674,0.048013912,0.19587619591038674,0.22127753111999482
16,central_c0.8_from0.8,1,cartesian_ik,20421139,True,True,,1,0.15686496801208705,0.031906449,0.15686496801208705,0.1823460120940581
16,central_c0.8_from0.8,1,joint_projected,20421139,True,True,,1,0.20019509503617883,0.028320616,0.20019509503617883,0.22514104400761425
16,central_c0.8_from0.8,1,ompl_uniform,20421139,True,True,,1,0.15282200707588345,0.021084102,0.15282200707588345,0.15400985500309616
16,central_c0.8_from0.8,2,cartesian_ik,20421240,True,True,,1,0.07452885701786727,0.026939506,0.07452885701786727,0.09950030513573438
16,central_c0.8_from0.8,2,ompl_uniform,20421240,True,True,,1,0.19375027006026357,0.017705826,0.19375027006026357,0.1948576489230618
16,central_c0.8_from0.8,2,joint_projected,20421240,True,True,,1,0.10711033397819847,0.029969847,0.10711033397819847,0.1324695710791275
16,central_c0.8_from0.8,3,ompl_uniform,20421341,True,True,,1,0.21739934594370425,0.026008451,0.21739934594370425,0.21921147999819368
16,central_c0.8_from0.8,3,cartesian_ik,20421341,True,True,,1,0.11347911495249718,0.014327607,0.11347911495249718,0.13882662809919566
16,central_c0.8_from0.8,3,joint_projected,20421341,True,True,,1,0.21379449497908354,0.03514955,0.21379449497908354,0.23871801409404725
16,central_c0.8_from0.8,4,ompl_uniform,20421442,True,True,,1,0.1250645350664854,0.022876267,0.1250645350664854,0.12685942102689296
16,central_c0.8_from0.8,4,joint_projected,20421442,True,True,,1,0.03939063299912959,0.021628013,0.03939063299912959,0.06488224910572171
16,central_c0.8_from0.8,4,cartesian_ik,20421442,True,True,,1,0.19016994605772197,0.042970761,0.19016994605772197,0.21526733809150755
16,central_c0.8_from0.8,5,ompl_uniform,20421543,True,True,,1,0.10150438698474318,0.022914041,0.10150438698474318,0.10324130998924375
16,central_c0.8_from0.8,5,joint_projected,20421543,True,True,,1,0.17524072900414467,0.0442318,0.17524072900414467,0.201166128157638
16,central_c0.8_from0.8,5,cartesian_ik,20421543,True,True,,1,0.17450282105710357,0.05822871,0.17450282105710357,0.20008404506370425
16,central_c0.8_from0.8,6,ompl_uniform,20421644,True,True,,1,0.19856552896089852,0.025890629,0.19856552896089852,0.20007976691704243
16,central_c0.8_from0.8,6,cartesian_ik,20421644,True,True,,1,0.13058610202278942,0.029926435,0.13058610202278942,0.15617500816006213
16,central_c0.8_from0.8,6,joint_projected,20421644,True,True,,1,0.24217576894443482,0.023534248,0.24217576894443482,0.26734524802304804
16,central_c0.8_from0.8,7,cartesian_ik,20421745,True,True,,1,0.11769588408060372,0.026866418,0.11769588408060372,0.143627576995641
16,central_c0.8_from0.8,7,ompl_uniform,20421745,True,True,,1,0.17058740998618305,0.030223397,0.17058740998618305,0.17198933195322752
16,central_c0.8_from0.8,7,joint_projected,20421745,True,True,,1,0.06520328402984887,0.021963,0.06520328402984887,0.0904736090451479
16,central_c0.8_from0.8,8,joint_projected,20421846,True,True,,1,0.11901765502989292,0.022257077,0.11901765502989292,0.14420491713099182
16,central_c0.8_from0.8,8,ompl_uniform,20421846,True,True,,1,0.1656581440474838,0.028435355,0.1656581440474838,0.1669853669591248
16,central_c0.8_from0.8,8,cartesian_ik,20421846,True,True,,1,0.17069410101976246,0.021429138,0.17069410101976246,0.1974572160979733
16,central_c0.8_from0.8,9,cartesian_ik,20421947,True,True,,1,0.13413406105246395,0.019593801,0.13413406105246395,0.15919373999349773
16,central_c0.8_from0.8,9,joint_projected,20421947,True,True,,1,0.14398562593851238,0.041003875,0.14398562593851238,0.17151824408210814
16,central_c0.8_from0.8,9,ompl_uniform,20421947,True,True,,1,0.14749152900185436,0.028903415,0.14749152900185436,0.14942461194004864
48,distant_c0.2_from0.2,0,cartesian_ik,20741262,True,True,,1,0.2040656239259988,0.020607355,0.2040656239259988,0.22737188695464283
48,distant_c0.2_from0.2,0,joint_projected,20741262,True,True,,1,0.11707704898435622,0.014812312,0.11707704898435622,0.1396434409543872
48,distant_c0.2_from0.2,0,ompl_uniform,20741262,True,True,,1,0.17383606708608568,0.017765609,0.17383606708608568,0.17510312399826944
48,distant_c0.2_from0.2,1,joint_projected,20741363,True,True,,1,0.07377387396991253,0.018100858,0.07377387396991253,0.09670016693416983
48,distant_c0.2_from0.2,1,cartesian_ik,20741363,True,True,,1,0.1570442719385028,0.029060462,0.1570442719385028,0.1795322559773922
48,distant_c0.2_from0.2,1,ompl_uniform,20741363,True,True,,1,0.15366457600612193,0.023555918,0.15366457600612193,0.15472815197426826
48,distant_c0.2_from0.2,2,ompl_uniform,20741464,True,True,,1,0.09620834002271295,0.01390489,0.09620834002271295,0.09772794193122536
48,distant_c0.2_from0.2,2,cartesian_ik,20741464,True,True,,1,0.15044419304467738,0.016813156,0.15044419304467738,0.17313802696298808
48,distant_c0.2_from0.2,2,joint_projected,20741464,True,True,,1,0.03432534099556506,0.018790686,0.03432534099556506,0.05714737297967076
48,distant_c0.2_from0.2,3,ompl_uniform,20741565,True,True,,1,0.11152765899896622,0.021062801,0.11152765899896622,0.11270148702897131
48,distant_c0.2_from0.2,3,joint_projected,20741565,True,True,,1,0.0685170260258019,0.021052727,0.0685170260258019,0.09126506198663265
48,distant_c0.2_from0.2,3,cartesian_ik,20741565,True,True,,1,0.13946297590155154,0.034164065,0.13946297590155154,0.16197660099714994
48,distant_c0.2_from0.2,4,cartesian_ik,20741666,True,True,,1,0.14740306395106018,0.023349792,0.14740306395106018,0.16972853289917111
48,distant_c0.2_from0.2,4,joint_projected,20741666,True,True,,1,0.10717098694294691,0.021405666,0.10717098694294691,0.12937970005441457
48,distant_c0.2_from0.2,4,ompl_uniform,20741666,True,True,,1,0.19727206695824862,0.019763028,0.19727206695824862,0.1987985000014305
48,distant_c0.2_from0.2,5,ompl_uniform,20741767,True,True,,1,0.16916022403165698,0.028137258,0.16916022403165698,0.17058979405555874
48,distant_c0.2_from0.2,5,cartesian_ik,20741767,True,True,,1,0.13454915292095393,0.044802257,0.13454915292095393,0.1569830789230764
48,distant_c0.2_from0.2,5,joint_projected,20741767,True,True,,1,0.19203522510360926,0.045947061,0.19203522510360926,0.214751505991444
48,distant_c0.2_from0.2,6,ompl_uniform,20741868,True,True,,1,0.12631693203002214,0.021529294,0.12631693203002214,0.12760139792226255
48,distant_c0.2_from0.2,6,joint_projected,20741868,True,True,,1,0.04298015404492617,0.022159119,0.04298015404492617,0.06529976893216372
48,distant_c0.2_from0.2,6,cartesian_ik,20741868,False,True,path_audit,1,0.17619438807014376,0.02475842,6.0,0.19867842399980873
48,distant_c0.2_from0.2,7,ompl_uniform,20741969,True,True,,1,0.16491646401118487,0.020984505,0.16491646401118487,0.16618764004670084
48,distant_c0.2_from0.2,7,cartesian_ik,20741969,True,True,,1,0.14542621094733477,0.039263474,0.14542621094733477,0.167918580933474
48,distant_c0.2_from0.2,7,joint_projected,20741969,True,True,,1,0.12700227601453662,0.050007348,0.12700227601453662,0.14933101797942072
48,distant_c0.2_from0.2,8,ompl_uniform,20742070,True,True,,1,0.1728381559951231,0.017437458,0.1728381559951231,0.17394896899349988
48,distant_c0.2_from0.2,8,cartesian_ik,20742070,True,True,,1,0.17776746908202767,0.038297112,0.17776746908202767,0.20078968699090183
48,distant_c0.2_from0.2,8,joint_projected,20742070,True,True,,1,0.12104474497027695,0.02552706,0.12104474497027695,0.1443096559960395
48,distant_c0.2_from0.2,9,cartesian_ik,20742171,True,True,,1,0.20820774196181446,0.03651786,0.20820774196181446,0.23053269204683602
48,distant_c0.2_from0.2,9,ompl_uniform,20742171,True,True,,1,0.20324370299931616,0.040601049,0.20324370299931616,0.20445428893435746
48,distant_c0.2_from0.2,9,joint_projected,20742171,True,True,,1,0.10328728496097028,0.048277336,0.10328728496097028,0.12668436497915536
49,distant_c0.2_from0.2,0,ompl_uniform,20751269,True,True,,1,0.2314694750821218,0.042034513,0.2314694750821218,0.2325504869222641
49,distant_c0.2_from0.2,0,cartesian_ik,20751269,True,True,,1,0.13500475708860904,0.031688666,0.13500475708860904,0.16597103490494192
49,distant_c0.2_from0.2,0,joint_projected,20751269,True,True,,1,0.0942460389342159,0.033668829,0.0942460389342159,0.12476179888471961
49,distant_c0.2_from0.2,1,joint_projected,20751370,True,True,,1,0.05469898891169578,0.016221813,0.05469898891169578,0.0852425618795678
49,distant_c0.2_from0.2,1,cartesian_ik,20751370,True,True,,1,0.10586650704499334,0.018062772,0.10586650704499334,0.13705301797017455
49,distant_c0.2_from0.2,1,ompl_uniform,20751370,True,True,,1,0.18972424103412777,0.018130771,0.18972424103412777,0.19087557401508093
49,distant_c0.2_from0.2,2,ompl_uniform,20751471,True,True,,1,0.15543856902513653,0.021290409,0.15543856902513653,0.15670230600517243
49,distant_c0.2_from0.2,2,joint_projected,20751471,True,True,,1,0.12662046100012958,0.014323454,0.12662046100012958,0.15736654901411384
49,distant_c0.2_from0.2,2,cartesian_ik,20751471,True,True,,1,0.1381435520015657,0.019137771,0.1381435520015657,0.1686408679233864
49,distant_c0.2_from0.2,3,ompl_uniform,20751572,True,True,,1,0.19250441098120064,0.031709279,0.19250441098120064,0.1936159039614722
49,distant_c0.2_from0.2,3,cartesian_ik,20751572,True,True,,1,0.13098289305344224,0.027088363,0.13098289305344224,0.16152523597702384
49,distant_c0.2_from0.2,3,joint_projected,20751572,True,True,,1,0.23108636401593685,0.034362528,0.23108636401593685,0.26215580489952117
49,distant_c0.2_from0.2,4,joint_projected,20751673,True,True,,1,0.08444865699857473,0.015779281,0.08444865699857473,0.11475424992386252
49,distant_c0.2_from0.2,4,cartesian_ik,20751673,True,True,,1,0.03877036296762526,0.016949985,0.03877036296762526,0.06936691584996879
49,distant_c0.2_from0.2,4,ompl_uniform,20751673,True,True,,1,0.19495852093677968,0.036144614,0.19495852093677968,0.19622613105457276
49,distant_c0.2_from0.2,5,ompl_uniform,20751774,True,True,,1,0.10434388101566583,0.022365047,0.10434388101566583,0.10558170604053885
49,distant_c0.2_from0.2,5,cartesian_ik,20751774,True,True,,1,0.08261819300241768,0.018767456,0.08261819300241768,0.11332558398135006
49,distant_c0.2_from0.2,5,joint_projected,20751774,True,True,,1,0.1594044379889965,0.021758996,0.1594044379889965,0.1902421189006418
49,distant_c0.2_from0.2,6,joint_projected,20751875,True,True,,1,0.06610509403981268,0.030833123,0.06610509403981268,0.09646238887216896
49,distant_c0.2_from0.2,6,cartesian_ik,20751875,True,True,,1,0.12370040803216398,0.01563851,0.12370040803216398,0.1541815649252385
49,distant_c0.2_from0.2,6,ompl_uniform,20751875,True,True,,1,0.1644741139607504,0.033594129,0.1644741139607504,0.16616477200295776
49,distant_c0.2_from0.2,7,ompl_uniform,20751976,True,True,,1,0.10997805593069643,0.028389136,0.10997805593069643,0.11143053695559502
49,distant_c0.2_from0.2,7,joint_projected,20751976,True,True,,1,0.1293764669680968,0.035098886,0.1293764669680968,0.1599692099262029
49,distant_c0.2_from0.2,7,cartesian_ik,20751976,True,True,,1,0.06295444793067873,0.018795525,0.06295444793067873,0.09354595898184925
49,distant_c0.2_from0.2,8,ompl_uniform,20752077,True,True,,1,0.23713989404495806,0.021516813,0.23713989404495806,0.23829865304287523
49,distant_c0.2_from0.2,8,joint_projected,20752077,True,True,,1,0.10761632898356766,0.025942943,0.10761632898356766,0.1385189319262281
49,distant_c0.2_from0.2,8,cartesian_ik,20752077,True,True,,1,0.09505189501214772,0.018322451,0.09505189501214772,0.12724066490773112
49,distant_c0.2_from0.2,9,joint_projected,20752178,True,True,,1,0.09364304505288601,0.021002289,0.09364304505288601,0.1241616258630529
49,distant_c0.2_from0.2,9,ompl_uniform,20752178,True,True,,1,0.17643789702560753,0.017925306,0.17643789702560753,0.17801619600504637
49,distant_c0.2_from0.2,9,cartesian_ik,20752178,True,True,,1,0.20251770596951246,0.041561311,0.20251770596951246,0.23455406597349793
42,distant_c0.2_from0.2,0,cartesian_ik,20681220,True,True,,1,0.14174656802788377,0.018982307,0.14174656802788377,0.16461323795374483
42,distant_c0.2_from0.2,0,joint_projected,20681220,True,True,,1,0.07438369409646839,0.01366351,0.07438369409646839,0.09733844199217856
42,distant_c0.2_from0.2,0,ompl_uniform,20681220,True,True,,1,0.16959628206677735,0.020881196,0.16959628206677735,0.17079519503749907
42,distant_c0.2_from0.2,1,cartesian_ik,20681321,True,True,,1,0.09675504895858467,0.016841214,0.09675504895858467,0.12017169699538499
42,distant_c0.2_from0.2,1,ompl_uniform,20681321,True,True,,1,0.15999754099175334,0.019497675,0.15999754099175334,0.1614866730524227
42,distant_c0.2_from0.2,1,joint_projected,20681321,True,True,,1,0.10391850594896823,0.02453162,0.10391850594896823,0.12729747407138348
42,distant_c0.2_from0.2,2,joint_projected,20681422,True,True,,1,0.10168614005669951,0.016490839,0.10168614005669951,0.12472574005369097
42,distant_c0.2_from0.2,2,cartesian_ik,20681422,True,True,,1,0.1646326018963009,0.031044881,0.1646326018963009,0.18842964200302958
42,distant_c0.2_from0.2,2,ompl_uniform,20681422,True,True,,1,0.08414098701905459,0.015728663,0.08414098701905459,0.08530882094055414
42,distant_c0.2_from0.2,3,ompl_uniform,20681523,True,True,,1,0.20751527592074126,0.042723075,0.20751527592074126,0.20926611206959933
42,distant_c0.2_from0.2,3,cartesian_ik,20681523,True,True,,1,0.09378889994695783,0.035762205,0.09378889994695783,0.11707536200992763
42,distant_c0.2_from0.2,3,joint_projected,20681523,True,True,,1,0.13420053396839648,0.065381642,0.13420053396839648,0.15833314508199692
42,distant_c0.2_from0.2,4,cartesian_ik,20681624,True,True,,1,0.1072366350563243,0.014524702,0.1072366350563243,0.13049190607853234
42,distant_c0.2_from0.2,4,ompl_uniform,20681624,True,True,,1,0.17060109600424767,0.026229299,0.17060109600424767,0.17171041702385992
42,distant_c0.2_from0.2,4,joint_projected,20681624,True,True,,1,0.29070577095262706,0.032631567,0.29070577095262706,0.3145054900087416
42,distant_c0.2_from0.2,5,joint_projected,20681725,True,True,,1,0.047740024980157614,0.019136593,0.047740024980157614,0.07133072905708104
42,distant_c0.2_from0.2,5,ompl_uniform,20681725,True,True,,1,0.22012251801788807,0.021831263,0.22012251801788807,0.22128359705675393
42,distant_c0.2_from0.2,5,cartesian_ik,20681725,True,True,,1,0.2539004220161587,0.028959495,0.2539004220161587,0.2774131610058248
42,distant_c0.2_from0.2,6,cartesian_ik,20681826,True,True,,1,0.13074211694765836,0.033817688,0.13074211694765836,0.1537145139882341
42,distant_c0.2_from0.2,6,ompl_uniform,20681826,True,True,,1,0.14667025906965137,0.014869913,0.14667025906965137,0.14782998897135258
42,distant_c0.2_from0.2,6,joint_projected,20681826,True,True,,1,0.05988661805167794,0.016468996,0.05988661805167794,0.08426602906547487
42,distant_c0.2_from0.2,7,joint_projected,20681927,True,True,,1,0.13510404690168798,0.018819959,0.13510404690168798,0.15803336212411523
42,distant_c0.2_from0.2,7,ompl_uniform,20681927,True,True,,1,0.21856705995742232,0.020811221,0.21856705995742232,0.21981987811159343
42,distant_c0.2_from0.2,7,cartesian_ik,20681927,True,True,,1,0.08934109099209309,0.020091992,0.08934109099209309,0.11269099300261587
42,distant_c0.2_from0.2,8,ompl_uniform,20682028,True,True,,1,0.18772395700216293,0.024761146,0.18772395700216293,0.1889214349212125
42,distant_c0.2_from0.2,8,joint_projected,20682028,True,True,,1,0.06936629698611796,0.027429156,0.06936629698611796,0.09266987908631563
42,distant_c0.2_from0.2,8,cartesian_ik,20682028,True,True,,1,0.23446459404658526,0.028997424,0.23446459404658526,0.25794258702080697
42,distant_c0.2_from0.2,9,cartesian_ik,20682129,True,True,,1,0.10090172197669744,0.019299168,0.10090172197669744,0.12561609002295882
42,distant_c0.2_from0.2,9,joint_projected,20682129,True,True,,1,0.10135840100701898,0.015618727,0.10135840100701898,0.12526960705872625
42,distant_c0.2_from0.2,9,ompl_uniform,20682129,True,True,,1,0.19585827901028097,0.031608141,0.19585827901028097,0.1975231299875304
10,central_c0.8_from0.8,0,cartesian_ik,20360996,True,True,,1,0.1458249749848619,0.027907249,0.1458249749848619,0.16849903587717563
10,central_c0.8_from0.8,0,joint_projected,20360996,True,True,,1,0.1723440719069913,0.035958056,0.1723440719069913,0.19614688190631568
10,central_c0.8_from0.8,0,ompl_uniform,20360996,True,True,,1,0.15490680106449872,0.029156409,0.15490680106449872,0.15659583592787385
10,central_c0.8_from0.8,1,joint_projected,20361097,True,True,,1,0.10230451100505888,0.024432991,0.10230451100505888,0.12537893489934504
10,central_c0.8_from0.8,1,ompl_uniform,20361097,True,True,,1,0.1771850399672985,0.019817595,0.1771850399672985,0.1784442359348759
10,central_c0.8_from0.8,1,cartesian_ik,20361097,True,True,,1,0.328352430020459,0.062558635,0.328352430020459,0.35162551095709205
10,central_c0.8_from0.8,2,joint_projected,20361198,True,True,,1,0.1447010840056464,0.029725834,0.1447010840056464,0.16761733498424292
10,central_c0.8_from0.8,2,cartesian_ik,20361198,True,True,,1,0.10478993505239487,0.017611006,0.10478993505239487,0.12781991995871067
10,central_c0.8_from0.8,2,ompl_uniform,20361198,True,True,,1,0.2149987299926579,0.020597926,0.2149987299926579,0.21624270698521286
10,central_c0.8_from0.8,3,ompl_uniform,20361299,True,True,,1,0.1505405040225014,0.019688822,0.1505405040225014,0.15198885696008801
10,central_c0.8_from0.8,3,joint_projected,20361299,True,True,,1,0.07532811095006764,0.020301311,0.07532811095006764,0.1008044988848269
10,central_c0.8_from0.8,3,cartesian_ik,20361299,True,True,,1,0.07638666906859726,0.015011256,0.07638666906859726,0.09931216191034764
10,central_c0.8_from0.8,4,cartesian_ik,20361400,True,True,,1,0.16804381902329624,0.020827561,0.16804381902329624,0.19145192089490592
10,central_c0.8_from0.8,4,joint_projected,20361400,True,True,,1,0.017259826068766415,0.012868702,0.017259826068766415,0.04100346483755857
10,central_c0.8_from0.8,4,ompl_uniform,20361400,True,True,,1,0.26588443806394935,0.035555211,0.26588443806394935,0.2670763509813696
10,central_c0.8_from0.8,5,joint_projected,20361501,True,True,,1,0.14201103802770376,0.034677068,0.14201103802770376,0.1648530289530754
10,central_c0.8_from0.8,5,cartesian_ik,20361501,True,True,,1,0.10927023703698069,0.039133151,0.10927023703698069,0.1328291199170053
10,central_c0.8_from0.8,5,ompl_uniform,20361501,True,True,,1,0.18436132709030062,0.020794172,0.18436132709030062,0.18552669999189675
10,central_c0.8_from0.8,6,cartesian_ik,20361602,True,True,,1,0.1172568219481036,0.03296185,0.1172568219481036,0.14033928490243852
10,central_c0.8_from0.8,6,joint_projected,20361602,True,True,,1,0.2294961359584704,0.048083122,0.2294961359584704,0.2528446998912841
10,central_c0.8_from0.8,6,ompl_uniform,20361602,True,True,,1,0.1846251339884475,0.023596022,0.1846251339884475,0.18573745200410485
10,central_c0.8_from0.8,7,cartesian_ik,20361703,True,True,,1,0.1078752160537988,0.027498565,0.1078752160537988,0.13114308682270348
10,central_c0.8_from0.8,7,ompl_uniform,20361703,True,True,,1,0.1568125570192933,0.017378988,0.1568125570192933,0.15821510599926114
10,central_c0.8_from0.8,7,joint_projected,20361703,True,True,,1,0.08914602303411812,0.020270225,0.08914602303411812,0.1120430309092626
10,central_c0.8_from0.8,8,joint_projected,20361804,True,True,,1,0.08677780709695071,0.032455995,0.08677780709695071,0.10966437589377165
10,central_c0.8_from0.8,8,ompl_uniform,20361804,True,True,,1,0.15371288498863578,0.018957956,0.15371288498863578,0.15481136401649565
10,central_c0.8_from0.8,8,cartesian_ik,20361804,True,True,,1,0.17920759902335703,0.026869415,0.17920759902335703,0.20252446294762194
10,central_c0.8_from0.8,9,ompl_uniform,20361905,True,True,,1,0.16523266898002476,0.022717619,0.16523266898002476,0.16632004594430327
10,central_c0.8_from0.8,9,cartesian_ik,20361905,True,True,,1,0.146992917987518,0.032095906,0.146992917987518,0.16992004681378603
10,central_c0.8_from0.8,9,joint_projected,20361905,True,True,,1,0.1651394759537652,0.021012958,0.1651394759537652,0.1883964139269665
8,central_c0.2_from0.2,0,ompl_uniform,20340982,True,True,,1,0.17118189297616482,0.016753385,0.17118189297616482,0.17246976506430656
8,central_c0.2_from0.2,0,cartesian_ik,20340982,True,True,,1,0.25552182097453624,0.044603974,0.25552182097453624,0.27807008498348296
8,central_c0.2_from0.2,0,joint_projected,20340982,True,True,,1,0.2099851150996983,0.036819137,0.2099851150996983,0.23260966199450195
8,central_c0.2_from0.2,1,cartesian_ik,20341083,True,True,,1,0.15346639405470341,0.04967111,0.15346639405470341,0.17671461787540466
8,central_c0.2_from0.2,1,ompl_uniform,20341083,True,True,,1,0.11995304806623608,0.024712999,0.11995304806623608,0.12162280303891748
8,central_c0.2_from0.2,1,joint_projected,20341083,True,True,,1,0.19452438002917916,0.033713281,0.19452438002917916,0.2174647148931399
8,central_c0.2_from0.2,2,joint_projected,20341184,True,True,,1,0.08059173892252147,0.025034501,0.08059173892252147,0.10314485302660614
8,central_c0.2_from0.2,2,cartesian_ik,20341184,True,True,,1,0.10954099497757852,0.043831499,0.10954099497757852,0.13186516298446804
8,central_c0.2_from0.2,2,ompl_uniform,20341184,True,True,,1,0.11931737896520644,0.026550064,0.11931737896520644,0.12061566300690174
8,central_c0.2_from0.2,3,joint_projected,20341285,True,True,,1,0.12625801702961326,0.026940363,0.12625801702961326,0.1494374480098486
8,central_c0.2_from0.2,3,cartesian_ik,20341285,True,True,,1,0.10592395497951657,0.038478664,0.10592395497951657,0.12850408197846264
8,central_c0.2_from0.2,3,ompl_uniform,20341285,True,True,,1,0.16756986000109464,0.031174164,0.16756986000109464,0.1688702329993248
8,central_c0.2_from0.2,4,joint_projected,20341386,True,True,,1,0.22384097299072891,0.035049169,0.22384097299072891,0.24714788689743727
8,central_c0.2_from0.2,4,ompl_uniform,20341386,True,True,,1,0.1719250730238855,0.022793441,0.1719250730238855,0.1736325139645487
8,central_c0.2_from0.2,4,cartesian_ik,20341386,True,True,,1,0.14459086395800114,0.034164773,0.14459086395800114,0.16716011299286038
8,central_c0.2_from0.2,5,cartesian_ik,20341487,True,True,,1,0.15230084501672536,0.092068285,0.15230084501672536,0.17518055497203022
8,central_c0.2_from0.2,5,ompl_uniform,20341487,True,True,,1,0.16029260901268572,0.026914593,0.16029260901268572,0.16148216906003654
8,central_c0.2_from0.2,5,joint_projected,20341487,True,True,,1,0.11413577198982239,0.031035096,0.11413577198982239,0.13666780898347497
8,central_c0.2_from0.2,6,cartesian_ik,20341588,True,True,,1,0.4202958249952644,0.092618814,0.4202958249952644,0.4429460000246763
8,central_c0.2_from0.2,6,ompl_uniform,20341588,True,True,,1,0.12400424794759601,0.023856619,0.12400424794759601,0.12519060401245952
8,central_c0.2_from0.2,6,joint_projected,20341588,True,True,,1,0.22709032392594963,0.035989586,0.22709032392594963,0.24994652101304382
8,central_c0.2_from0.2,7,ompl_uniform,20341689,True,True,,1,0.1820822700392455,0.024337139,0.1820822700392455,0.18328206101432443
8,central_c0.2_from0.2,7,cartesian_ik,20341689,True,True,,1,0.13502388098277152,0.039753087,0.13502388098277152,0.15763251797761768
8,central_c0.2_from0.2,7,joint_projected,20341689,True,True,,1,0.13890792499296367,0.028166302,0.13890792499296367,0.16371473902836442
8,central_c0.2_from0.2,8,joint_projected,20341790,True,True,,1,0.08272992703132331,0.038647829,0.08272992703132331,0.1052779279416427
8,central_c0.2_from0.2,8,ompl_uniform,20341790,True,True,,1,0.13084439397789538,0.031898538,0.13084439397789538,0.1321611920138821
8,central_c0.2_from0.2,8,cartesian_ik,20341790,True,True,,1,0.16249955992680043,0.030008265,0.16249955992680043,0.18507254996802658
8,central_c0.2_from0.2,9,cartesian_ik,20341891,True,True,,1,0.25737046101130545,0.061631073,0.25737046101130545,0.2799932210473344
8,central_c0.2_from0.2,9,ompl_uniform,20341891,True,True,,1,0.14846814097836614,0.022944987,0.14846814097836614,0.149713875958696
8,central_c0.2_from0.2,9,joint_projected,20341891,True,True,,1,0.29541792592499405,0.025829432,0.29541792592499405,0.3186696049524471
17,central_c0.8_from0.8,0,cartesian_ik,20431045,True,True,,1,0.17391791101545095,0.057146751,0.17391791101545095,0.20511909306515008
17,central_c0.8_from0.8,0,joint_projected,20431045,True,True,,1,0.12315215403214097,0.038198722,0.12315215403214097,0.1514452500268817
17,central_c0.8_from0.8,0,ompl_uniform,20431045,True,True,,1,0.1494331059511751,0.020411941,0.1494331059511751,0.15059386496432126
17,central_c0.8_from0.8,1,joint_projected,20431146,True,True,,1,0.15888197103049606,0.031183632,0.15888197103049606,0.18720907112583518
17,central_c0.8_from0.8,1,ompl_uniform,20431146,True,True,,1,0.07784406200516969,0.01939651,0.07784406200516969,0.07909885596018285
17,central_c0.8_from0.8,1,cartesian_ik,20431146,True,True,,1,0.17169919202569872,0.031070004,0.17169919202569872,0.2001688830787316
17,central_c0.8_from0.8,2,ompl_uniform,20431247,True,True,,1,0.1268464339664206,0.020769927,0.1268464339664206,0.1280949501087889
17,central_c0.8_from0.8,2,joint_projected,20431247,True,True,,1,0.29246348701417446,0.03754166,0.29246348701417446,0.32218400202691555
17,central_c0.8_from0.8,2,cartesian_ik,20431247,True,True,,1,0.247538250987418,0.092385541,0.247538250987418,0.2761335971299559
17,central_c0.8_from0.8,3,ompl_uniform,20431348,True,True,,1,0.38786307198461145,0.029023352,0.38786307198461145,0.38948691391851753
17,central_c0.8_from0.8,3,cartesian_ik,20431348,True,True,,1,0.062019208911806345,0.019634548,0.062019208911806345,0.09045067708939314
17,central_c0.8_from0.8,3,joint_projected,20431348,True,True,,1,0.11586728598922491,0.023230819,0.11586728598922491,0.1446894210530445
17,central_c0.8_from0.8,4,cartesian_ik,20431449,True,True,,1,0.16335832804907113,0.029878977,0.16335832804907113,0.19206832302734256
17,central_c0.8_from0.8,4,joint_projected,20431449,True,True,,1,0.14898547704797238,0.041563383,0.14898547704797238,0.17733822809532285
17,central_c0.8_from0.8,4,ompl_uniform,20431449,True,True,,1,0.21568203205242753,0.024554311,0.21568203205242753,0.21824124106206
17,central_c0.8_from0.8,5,cartesian_ik,20431550,True,True,,1,0.21403899905271828,0.044718807,0.21403899905271828,0.24394603702239692
17,central_c0.8_from0.8,5,ompl_uniform,20431550,True,True,,1,0.3781050159595907,0.040334615,0.3781050159595907,0.3794145140564069
17,central_c0.8_from0.8,5,joint_projected,20431550,True,True,,1,0.20327371102757752,0.040238154,0.20327371102757752,0.23428697604686022
17,central_c0.8_from0.8,6,ompl_uniform,20431651,True,True,,1,0.1696000979281962,0.026542538,0.1696000979281962,0.1711548320017755
17,central_c0.8_from0.8,6,joint_projected,20431651,True,True,,1,0.21046178007964045,0.037678728,0.21046178007964045,0.2399016871349886
17,central_c0.8_from0.8,6,cartesian_ik,20431651,True,True,,1,0.076097876066342,0.017995276,0.076097876066342,0.1044156551361084
17,central_c0.8_from0.8,7,ompl_uniform,20431752,True,True,,1,0.24350405600853264,0.026419096,0.24350405600853264,0.244947463972494
17,central_c0.8_from0.8,7,joint_projected,20431752,True,True,,1,0.10919708898290992,0.020291345,0.10919708898290992,0.13755576009862125
17,central_c0.8_from0.8,7,cartesian_ik,20431752,True,True,,1,0.12325907999183983,0.034471672,0.12325907999183983,0.1515379761112854
17,central_c0.8_from0.8,8,ompl_uniform,20431853,True,True,,1,0.1940705479355529,0.037744992,0.1940705479355529,0.19615536206401885
17,central_c0.8_from0.8,8,cartesian_ik,20431853,True,True,,1,0.1349702039733529,0.0581106,0.1349702039733529,0.16325966303702444
17,central_c0.8_from0.8,8,joint_projected,20431853,True,True,,1,0.1692969739669934,0.024229462,0.1692969739669934,0.19761374511290342
17,central_c0.8_from0.8,9,joint_projected,20431954,True,True,,1,0.13920021301601082,0.027795597,0.13920021301601082,0.1679296650690958
17,central_c0.8_from0.8,9,ompl_uniform,20431954,True,True,,1,0.17486600705888122,0.025832876,0.17486600705888122,0.1763852429576218
17,central_c0.8_from0.8,9,cartesian_ik,20431954,True,True,,1,0.10096887708641589,0.031163405,0.10096887708641589,0.13049618911463767
29,offset_c0.2_from0.2,0,cartesian_ik,20551129,True,True,,1,0.183382319053635,0.045601863,0.183382319053635,0.2060539061203599
29,offset_c0.2_from0.2,0,ompl_uniform,20551129,True,True,,1,0.3187021230114624,0.041304518,0.3187021230114624,0.3201951519586146
29,offset_c0.2_from0.2,0,joint_projected,20551129,True,True,,1,0.19569990097079426,0.024782389,0.19569990097079426,0.2192569290054962
29,offset_c0.2_from0.2,1,joint_projected,20551230,True,True,,1,0.11897185596171767,0.027858254,0.11897185596171767,0.1417509390739724
29,offset_c0.2_from0.2,1,cartesian_ik,20551230,True,True,,1,0.2984147910028696,0.075598478,0.2984147910028696,0.32231233606580645
29,offset_c0.2_from0.2,1,ompl_uniform,20551230,True,True,,1,0.20655120897572488,0.039314943,0.20655120897572488,0.20789410907309502
29,offset_c0.2_from0.2,2,cartesian_ik,20551331,True,True,,1,0.32452023297082633,0.099948454,0.32452023297082633,0.3473221230087802
29,offset_c0.2_from0.2,2,joint_projected,20551331,True,True,,1,0.17370221996679902,0.04282445,0.17370221996679902,0.19646275497507304
29,offset_c0.2_from0.2,2,ompl_uniform,20551331,True,True,,1,0.396781814051792,0.029305656,0.396781814051792,0.3985804350813851
29,offset_c0.2_from0.2,3,ompl_uniform,20551432,True,True,,1,0.2680483270669356,0.030367678,0.2680483270669356,0.27051454910542816
29,offset_c0.2_from0.2,3,joint_projected,20551432,True,True,,1,0.18083514203317463,0.016368317,0.18083514203317463,0.20384020707570016
29,offset_c0.2_from0.2,3,cartesian_ik,20551432,True,True,,1,0.20693901390768588,0.03781522,0.20693901390768588,0.23037503811065108
29,offset_c0.2_from0.2,4,cartesian_ik,20551533,True,True,,1,0.16550359793473035,0.042920407,0.16550359793473035,0.18827404209878296
29,offset_c0.2_from0.2,4,joint_projected,20551533,True,True,,1,0.24182928097434342,0.037297292,0.24182928097434342,0.2651615400100127
29,offset_c0.2_from0.2,4,ompl_uniform,20551533,True,True,,1,0.19005105004180223,0.03048238,0.19005105004180223,0.1914650769904256
29,offset_c0.2_from0.2,5,ompl_uniform,20551634,True,True,,1,0.3318062899634242,0.058869814,0.3318062899634242,0.3339883800363168
29,offset_c0.2_from0.2,5,cartesian_ik,20551634,True,True,,1,0.642794554005377,0.070020261,0.642794554005377,0.6668588240863755
29,offset_c0.2_from0.2,5,joint_projected,20551634,True,True,,1,0.15717303205747157,0.039340894,0.15717303205747157,0.1800502750556916
29,offset_c0.2_from0.2,6,ompl_uniform,20551735,True,True,,1,0.3953136559575796,0.053322963,0.3953136559575796,0.39688848599325866
29,offset_c0.2_from0.2,6,joint_projected,20551735,True,True,,1,0.1925414940342307,0.037212293,0.1925414940342307,0.21557042805943638
29,offset_c0.2_from0.2,6,cartesian_ik,20551735,True,True,,1,0.17479596694465727,0.046395938,0.17479596694465727,0.19758505804929882
29,offset_c0.2_from0.2,7,ompl_uniform,20551836,True,True,,1,0.17598389193881303,0.046546761,0.17598389193881303,0.1776640360476449
29,offset_c0.2_from0.2,7,cartesian_ik,20551836,True,True,,1,0.18122828798368573,0.041943539,0.18122828798368573,0.20590269402600825
29,offset_c0.2_from0.2,7,joint_projected,20551836,True,True,,1,0.2129171680426225,0.039271952,0.2129171680426225,0.23594489705283195
29,offset_c0.2_from0.2,8,joint_projected,20551937,True,True,,1,0.23398802895098925,0.031347612,0.23398802895098925,0.25728516606613994
29,offset_c0.2_from0.2,8,ompl_uniform,20551937,True,True,,1,0.21528526302427053,0.042439098,0.21528526302427053,0.21679740503896028
29,offset_c0.2_from0.2,8,cartesian_ik,20551937,True,True,,1,0.2196935210376978,0.03967192,0.2196935210376978,0.2426230531418696
29,offset_c0.2_from0.2,9,joint_projected,20552038,True,True,,1,0.18079471099190414,0.032301334,0.18079471099190414,0.20365846308413893
29,offset_c0.2_from0.2,9,ompl_uniform,20552038,True,True,,1,0.23063332901801914,0.040925664,0.23063332901801914,0.23199940391350538
29,offset_c0.2_from0.2,9,cartesian_ik,20552038,True,True,,1,0.14921976602636278,0.030886669,0.14921976602636278,0.17211888602469116
52,distant_c0.8_from0.8,0,ompl_uniform,20781290,True,True,,1,0.14523351297248155,0.018235038,0.14523351297248155,0.14675580896437168
52,distant_c0.8_from0.8,0,cartesian_ik,20781290,True,True,,1,0.09002572891768068,0.016004553,0.09002572891768068,0.11424696410540491
52,distant_c0.8_from0.8,0,joint_projected,20781290,True,True,,1,0.09839684702455997,0.022852976,0.09839684702455997,0.12195526401046664
52,distant_c0.8_from0.8,1,joint_projected,20781391,True,True,,1,0.11125358892604709,0.037148041,0.11125358892604709,0.1366340620443225
52,distant_c0.8_from0.8,1,cartesian_ik,20781391,True,True,,1,0.042720058001577854,0.017746421,0.042720058001577854,0.06761585606727749
52,distant_c0.8_from0.8,1,ompl_uniform,20781391,True,True,,1,0.1952486039372161,0.030360903,0.1952486039372161,0.19648470799438655
52,distant_c0.8_from0.8,2,joint_projected,20781492,True,True,,1,0.14220692205708474,0.022612024,0.14220692205708474,0.1660610999679193
52,distant_c0.8_from0.8,2,ompl_uniform,20781492,True,True,,1,0.1563635260099545,0.019599831,0.1563635260099545,0.15793583705089986
52,distant_c0.8_from0.8,2,cartesian_ik,20781492,True,True,,1,0.1505567809799686,0.019826783,0.1505567809799686,0.17489091400057077
52,distant_c0.8_from0.8,3,joint_projected,20781593,True,True,,1,0.13437772600445896,0.032254794,0.13437772600445896,0.15801991999614984
52,distant_c0.8_from0.8,3,cartesian_ik,20781593,True,True,,1,0.1303440519841388,0.029373215,0.1303440519841388,0.15408004203345627
52,distant_c0.8_from0.8,3,ompl_uniform,20781593,True,True,,1,0.14279992994852364,0.027000981,0.14279992994852364,0.14393961895257235
52,distant_c0.8_from0.8,4,cartesian_ik,20781694,True,True,,1,0.13891267497092485,0.039857501,0.13891267497092485,0.16266855306457728
52,distant_c0.8_from0.8,4,ompl_uniform,20781694,True,True,,1,0.13029819098301232,0.021629331,0.13029819098301232,0.13148793298751116
52,distant_c0.8_from0.8,4,joint_projected,20781694,True,True,,1,0.05618379998486489,0.020984759,0.05618379998486489,0.0798820829950273
52,distant_c0.8_from0.8,5,joint_projected,20781795,True,True,,1,0.09346031805034727,0.019516688,0.09346031805034727,0.11689508298877627
52,distant_c0.8_from0.8,5,ompl_uniform,20781795,True,True,,1,0.17805076600052416,0.019187974,0.17805076600052416,0.17917911906260997
52,distant_c0.8_from0.8,5,cartesian_ik,20781795,True,True,,1,0.11514023994095623,0.021573407,0.11514023994095623,0.1393762540537864
52,distant_c0.8_from0.8,6,joint_projected,20781896,True,True,,1,0.17499873996712267,0.020588622,0.17499873996712267,0.19872569292783737
52,distant_c0.8_from0.8,6,ompl_uniform,20781896,True,True,,1,0.10808650706894696,0.0161693,0.10808650706894696,0.10937486903276294
52,distant_c0.8_from0.8,6,cartesian_ik,20781896,True,True,,1,0.1138686069753021,0.016863485,0.1138686069753021,0.13801348791457713
52,distant_c0.8_from0.8,7,joint_projected,20781997,True,True,,1,0.15247069695033133,0.028582801,0.15247069695033133,0.17617027694359422
52,distant_c0.8_from0.8,7,ompl_uniform,20781997,True,True,,1,0.08833027502987534,0.014241562,0.08833027502987534,0.08960195502731949
52,distant_c0.8_from0.8,7,cartesian_ik,20781997,True,True,,1,0.11188342608511448,0.014341603,0.11188342608511448,0.13609055103734136
52,distant_c0.8_from0.8,8,cartesian_ik,20782098,True,True,,1,0.12465147697366774,0.019190139,0.12465147697366774,0.14892446098383516
52,distant_c0.8_from0.8,8,joint_projected,20782098,True,True,,1,0.16655935102608055,0.024120824,0.16655935102608055,0.19038566201925278
52,distant_c0.8_from0.8,8,ompl_uniform,20782098,True,True,,1,0.16213422699365765,0.026575057,0.16213422699365765,0.16350560705177486
52,distant_c0.8_from0.8,9,joint_projected,20782199,True,True,,1,0.051377687021158636,0.019083816,0.051377687021158636,0.07560305704828352
52,distant_c0.8_from0.8,9,ompl_uniform,20782199,True,True,,1,0.1607195030665025,0.032089929,0.1607195030665025,0.16185346397105604
52,distant_c0.8_from0.8,9,cartesian_ik,20782199,True,True,,1,0.07856825599446893,0.024591696,0.07856825599446893,0.1026482020970434
20,offset_c0.2_from0.2,0,ompl_uniform,20461066,True,True,,1,0.10436104191467166,0.015722848,0.10436104191467166,0.1054532709531486
20,offset_c0.2_from0.2,0,cartesian_ik,20461066,True,True,,1,0.13743003399576992,0.024542374,0.13743003399576992,0.184669905109331
20,offset_c0.2_from0.2,0,joint_projected,20461066,True,True,,1,0.10703227599151433,0.038991435,0.10703227599151433,0.15382840507663786
20,offset_c0.2_from0.2,1,joint_projected,20461167,True,True,,1,0.1697329729795456,0.061561229,0.1697329729795456,0.21673404204193503
20,offset_c0.2_from0.2,1,cartesian_ik,20461167,True,True,,1,0.15097038401290774,0.029749178,0.15097038401290774,0.19766463909763843
20,offset_c0.2_from0.2,1,ompl_uniform,20461167,True,True,,1,0.13562942307908088,0.022167264,0.13562942307908088,0.13670044706668705
20,offset_c0.2_from0.2,2,ompl_uniform,20461268,True,True,,1,0.20810117898508906,0.018666031,0.20810117898508906,0.20942762098275125
20,offset_c0.2_from0.2,2,joint_projected,20461268,True,True,,1,0.07864725403487682,0.042314538,0.07864725403487682,0.12865766207687557
20,offset_c0.2_from0.2,2,cartesian_ik,20461268,True,True,,1,0.11903715296648443,0.02041075,0.11903715296648443,0.16817844309844077
20,offset_c0.2_from0.2,3,cartesian_ik,20461369,True,True,,1,0.13936914200894535,0.043677546,0.13936914200894535,0.19292434700764716
20,offset_c0.2_from0.2,3,joint_projected,20461369,True,True,,1,0.026396707980893552,0.018270612,0.026396707980893552,0.07308054703753442
20,offset_c0.2_from0.2,3,ompl_uniform,20461369,True,True,,1,0.18426918506156653,0.032876022,0.18426918506156653,0.18583251698873937
20,offset_c0.2_from0.2,4,cartesian_ik,20461470,True,True,,1,0.1928153489716351,0.024405304,0.1928153489716351,0.24024353607092053
20,offset_c0.2_from0.2,4,ompl_uniform,20461470,True,True,,1,0.10636326798703521,0.019050949,0.10636326798703521,0.10775238007772714
20,offset_c0.2_from0.2,4,joint_projected,20461470,True,True,,1,0.22893805999774486,0.054126721,0.22893805999774486,0.2763517580460757
20,offset_c0.2_from0.2,5,ompl_uniform,20461571,True,True,,1,0.18604161799885333,0.019253414,0.18604161799885333,0.18729992501903325
20,offset_c0.2_from0.2,5,joint_projected,20461571,True,True,,1,0.09420878498349339,0.019714256,0.09420878498349339,0.14204459602478892
20,offset_c0.2_from0.2,5,cartesian_ik,20461571,True,True,,1,0.09100613300688565,0.025598202,0.09100613300688565,0.13791570300236344
20,offset_c0.2_from0.2,6,cartesian_ik,20461672,True,True,,1,0.10582232405431569,0.040884492,0.10582232405431569,0.15533224411774427
20,offset_c0.2_from0.2,6,joint_projected,20461672,True,True,,1,0.17994493700098246,0.045974769,0.17994493700098246,0.22676810703705996
20,offset_c0.2_from0.2,6,ompl_uniform,20461672,True,True,,1,0.2082539980765432,0.020204056,0.2082539980765432,0.20946720300707966
20,offset_c0.2_from0.2,7,joint_projected,20461773,True,True,,1,0.13086964504327625,0.044283399,0.13086964504327625,0.17794337798841298
20,offset_c0.2_from0.2,7,cartesian_ik,20461773,True,True,,1,0.20265757199376822,0.039900151,0.20265757199376822,0.2496921670390293
20,offset_c0.2_from0.2,7,ompl_uniform,20461773,True,True,,1,0.14735071593895555,0.029916799,0.14735071593895555,0.14842519396916032
20,offset_c0.2_from0.2,8,cartesian_ik,20461874,True,True,,1,0.22767119691707194,0.026167288,0.22767119691707194,0.2752131101442501
20,offset_c0.2_from0.2,8,ompl_uniform,20461874,True,True,,1,0.10799915809184313,0.019626597,0.10799915809184313,0.10940066899638623
20,offset_c0.2_from0.2,8,joint_projected,20461874,True,True,,1,0.16796757595147938,0.039267841,0.16796757595147938,0.2148456610739231
20,offset_c0.2_from0.2,9,ompl_uniform,20461975,True,True,,1,0.15076706593390554,0.021559408,0.15076706593390554,0.1523175350157544
20,offset_c0.2_from0.2,9,joint_projected,20461975,True,True,,1,0.15158931899350137,0.035536637,0.15158931899350137,0.19938750204164535
20,offset_c0.2_from0.2,9,cartesian_ik,20461975,True,True,,1,0.08419265900738537,0.017107471,0.08419265900738537,0.13093014806509018
1,central_c0.2_from0.2,0,cartesian_ik,20270933,True,True,,1,0.27023120399098843,0.044009252,0.27023120399098843,0.29741813603322953
1,central_c0.2_from0.2,0,joint_projected,20270933,True,True,,1,0.13571047398727387,0.028495358,0.13571047398727387,0.16081402206327766
1,central_c0.2_from0.2,0,ompl_uniform,20270933,True,True,,1,0.2334744279505685,0.036939225,0.2334744279505685,0.23552376707084477
1,central_c0.2_from0.2,1,joint_projected,20271034,True,True,,1,0.13291225396096706,0.025897926,0.13291225396096706,0.15759570710361004
1,central_c0.2_from0.2,1,cartesian_ik,20271034,True,True,,1,0.17247300792951137,0.018580326,0.17247300792951137,0.1971849501132965
1,central_c0.2_from0.2,1,ompl_uniform,20271034,True,True,,1,0.26967316900845617,0.020791104,0.26967316900845617,0.27113044797442853
1,central_c0.2_from0.2,2,ompl_uniform,20271135,True,True,,1,0.2056902430485934,0.029812978,0.2056902430485934,0.20711147296242416
1,central_c0.2_from0.2,2,joint_projected,20271135,True,True,,1,0.16460289095994085,0.040388562,0.16460289095994085,0.18909065704792738
1,central_c0.2_from0.2,2,cartesian_ik,20271135,True,True,,1,0.21738852094858885,0.027271996,0.21738852094858885,0.24133815011009574
1,central_c0.2_from0.2,3,ompl_uniform,20271236,True,True,,1,0.257040438009426,0.016857858,0.257040438009426,0.2586262780241668
1,central_c0.2_from0.2,3,cartesian_ik,20271236,True,True,,1,0.26437841705046594,0.031909904,0.26437841705046594,0.28834774799179286
1,central_c0.2_from0.2,3,joint_projected,20271236,True,True,,1,0.15005616191774607,0.049944915,0.15005616191774607,0.1742312670685351
1,central_c0.2_from0.2,4,ompl_uniform,20271337,True,True,,1,0.11916546593420208,0.019723263,0.11916546593420208,0.12065323605202138
1,central_c0.2_from0.2,4,joint_projected,20271337,True,True,,1,0.077207654947415,0.016226981,0.077207654947415,0.10120750009082258
1,central_c0.2_from0.2,4,cartesian_ik,20271337,True,True,,1,0.1534122150624171,0.019528634,0.1534122150624171,0.1772133450722322
1,central_c0.2_from0.2,5,ompl_uniform,20271438,True,True,,1,0.15664495795499533,0.02147162,0.15664495795499533,0.1577012960333377
1,central_c0.2_from0.2,5,joint_projected,20271438,True,True,,1,0.1696843330282718,0.015159092,0.1696843330282718,0.19367695110850036
1,central_c0.2_from0.2,5,cartesian_ik,20271438,True,True,,1,0.09689888404682279,0.029585142,0.09689888404682279,0.12065303802955896
1,central_c0.2_from0.2,6,cartesian_ik,20271539,True,True,,1,0.16029920300934464,0.020820203,0.16029920300934464,0.18419706996064633
1,central_c0.2_from0.2,6,ompl_uniform,20271539,True,True,,1,0.1709556810092181,0.024237429,0.1709556810092181,0.17230346298310906
1,central_c0.2_from0.2,6,joint_projected,20271539,True,True,,1,0.10753848508466035,0.025313866,0.10753848508466035,0.13143496203701943
1,central_c0.2_from0.2,7,ompl_uniform,20271640,True,True,,1,0.08359524398110807,0.023294061,0.08359524398110807,0.08475312904920429
1,central_c0.2_from0.2,7,cartesian_ik,20271640,True,True,,1,0.19904206111095846,0.036975861,0.19904206111095846,0.22312829305883497
1,central_c0.2_from0.2,7,joint_projected,20271640,True,True,,1,0.1281877439469099,0.01648883,0.1281877439469099,0.15209474496077746
1,central_c0.2_from0.2,8,joint_projected,20271741,True,True,,1,0.16421709896530956,0.0150421,0.16421709896530956,0.18805960414465517
1,central_c0.2_from0.2,8,cartesian_ik,20271741,True,True,,1,0.1634702649898827,0.035913648,0.1634702649898827,0.18749352311715484
1,central_c0.2_from0.2,8,ompl_uniform,20271741,True,True,,1,0.1502522099763155,0.026554926,0.1502522099763155,0.15140266506932676
1,central_c0.2_from0.2,9,cartesian_ik,20271842,True,True,,1,0.09854946692939848,0.019939931,0.09854946692939848,0.12246921297628433
1,central_c0.2_from0.2,9,ompl_uniform,20271842,True,True,,1,0.17609804903622717,0.022082357,0.17609804903622717,0.17724417301360518
1,central_c0.2_from0.2,9,joint_projected,20271842,True,True,,1,0.15972846606746316,0.036052073,0.15972846606746316,0.1836088589625433
32,offset_c0.8_from0.8,0,ompl_uniform,20581150,True,True,,1,0.14146540802903473,0.035403718,0.14146540802903473,0.14264839701354504
32,offset_c0.8_from0.8,0,joint_projected,20581150,True,True,,1,0.0419586329953745,0.011136188,0.0419586329953745,0.0695413260255009
32,offset_c0.8_from0.8,0,cartesian_ik,20581150,True,True,,1,0.15433735901024193,0.025605894,0.15433735901024193,0.182273019105196
32,offset_c0.8_from0.8,1,cartesian_ik,20581251,True,True,,1,0.09626832301728427,0.012223396,0.09626832301728427,0.1237885570153594
32,offset_c0.8_from0.8,1,ompl_uniform,20581251,True,True,,1,0.12915519997477531,0.025421341,0.12915519997477531,0.1307674979325384
32,offset_c0.8_from0.8,1,joint_projected,20581251,True,True,,1,0.24436732206959277,0.042480698,0.24436732206959277,0.27232536708470434
32,offset_c0.8_from0.8,2,cartesian_ik,20581352,True,True,,1,0.13251721998676658,0.027909763,0.13251721998676658,0.16077044897247106
32,offset_c0.8_from0.8,2,ompl_uniform,20581352,True,True,,1,0.22920305491425097,0.032517535,0.22920305491425097,0.23071672697551548
32,offset_c0.8_from0.8,2,joint_projected,20581352,True,True,,1,0.1495548370294273,0.023659079,0.1495548370294273,0.178120632073842
32,offset_c0.8_from0.8,3,ompl_uniform,20581453,True,True,,1,0.26682546304073185,0.023511452,0.26682546304073185,0.268456699908711
32,offset_c0.8_from0.8,3,joint_projected,20581453,True,True,,1,0.17020106397103518,0.036235348,0.17020106397103518,0.19785313599277288
32,offset_c0.8_from0.8,3,cartesian_ik,20581453,True,True,,1,0.09511891903821379,0.020355396,0.09511891903821379,0.12261802807915956
32,offset_c0.8_from0.8,4,joint_projected,20581554,True,True,,1,0.11718216398730874,0.017194505,0.11718216398730874,0.14473855798132718
32,offset_c0.8_from0.8,4,ompl_uniform,20581554,True,True,,1,0.16362199594732374,0.015146082,0.16362199594732374,0.16490584705024958
32,offset_c0.8_from0.8,4,cartesian_ik,20581554,True,True,,1,0.11720091197639704,0.028364716,0.11720091197639704,0.14507559197954834
32,offset_c0.8_from0.8,5,ompl_uniform,20581655,True,True,,1,0.08276274497620761,0.015173461,0.08276274497620761,0.08406477200333029
32,offset_c0.8_from0.8,5,joint_projected,20581655,True,True,,1,0.19739092595409602,0.025386227,0.19739092595409602,0.22534460795577615
32,offset_c0.8_from0.8,5,cartesian_ik,20581655,True,True,,1,0.04594912799075246,0.014365878,0.04594912799075246,0.07365911407396197
32,offset_c0.8_from0.8,6,ompl_uniform,20581756,True,True,,1,0.17176995996851474,0.034535913,0.17176995996851474,0.17300587194040418
32,offset_c0.8_from0.8,6,cartesian_ik,20581756,True,True,,1,0.06646236998494714,0.025276711,0.06646236998494714,0.09446344000753015
32,offset_c0.8_from0.8,6,joint_projected,20581756,True,True,,1,0.18651175603736192,0.018318966,0.18651175603736192,0.21443935902789235
32,offset_c0.8_from0.8,7,joint_projected,20581857,True,True,,1,0.05318464105948806,0.021199599,0.05318464105948806,0.08068276604171842
32,offset_c0.8_from0.8,7,cartesian_ik,20581857,True,True,,1,0.10305083997081965,0.030692927,0.10305083997081965,0.1304956970270723
32,offset_c0.8_from0.8,7,ompl_uniform,20581857,True,True,,1,0.15282074094284326,0.020337362,0.15282074094284326,0.15400339593179524
32,offset_c0.8_from0.8,8,joint_projected,20581958,True,True,,1,0.09660030889790505,0.040942823,0.09660030889790505,0.12436755001544952
32,offset_c0.8_from0.8,8,cartesian_ik,20581958,True,True,,1,0.151215978898108,0.017109001,0.151215978898108,0.17926668701693416
32,offset_c0.8_from0.8,8,ompl_uniform,20581958,True,True,,1,0.17559552192687988,0.026545586,0.17559552192687988,0.17714872292708606
32,offset_c0.8_from0.8,9,cartesian_ik,20582059,True,True,,1,0.17486349598038942,0.030598459,0.17486349598038942,0.20226884610019624
32,offset_c0.8_from0.8,9,joint_projected,20582059,True,True,,1,0.15151847701054066,0.01811159,0.15151847701054066,0.17971729405689985
32,offset_c0.8_from0.8,9,ompl_uniform,20582059,True,True,,1,0.1569286499870941,0.023852548,0.1569286499870941,0.15861975599545985
55,distant_c0.8_from0.8,0,joint_projected,20811311,True,True,,1,0.22982026799581945,0.145712421,0.22982026799581945,0.2560015919152647
55,distant_c0.8_from0.8,0,ompl_uniform,20811311,True,True,,1,0.20230116706807166,0.021185258,0.20230116706807166,0.20351041504181921
55,distant_c0.8_from0.8,0,cartesian_ik,20811311,True,True,,1,0.20321952004451305,0.030283737,0.20321952004451305,0.2290203698212281
55,distant_c0.8_from0.8,1,cartesian_ik,20811412,True,True,,1,0.08974187902640551,0.015974525,0.08974187902640551,0.11538640689104795
55,distant_c0.8_from0.8,1,joint_projected,20811412,True,True,,1,0.2673784550279379,0.171827589,0.2673784550279379,0.29280983190983534
55,distant_c0.8_from0.8,1,ompl_uniform,20811412,True,True,,1,0.15978754998650402,0.01787813,0.15978754998650402,0.16088818607386202
55,distant_c0.8_from0.8,2,cartesian_ik,20811513,True,True,,1,0.13167941104620695,0.022028447,0.13167941104620695,0.15740143484435976
55,distant_c0.8_from0.8,2,ompl_uniform,20811513,True,True,,1,0.13605928199831396,0.023732992,0.13605928199831396,0.1374174760421738
55,distant_c0.8_from0.8,2,joint_projected,20811513,True,True,,1,0.2613147090887651,0.153057661,0.2613147090887651,0.28702476795297116
55,distant_c0.8_from0.8,3,joint_projected,20811614,True,True,,1,0.3379766879370436,0.229105067,0.3379766879370436,0.36326588795054704
55,distant_c0.8_from0.8,3,cartesian_ik,20811614,True,True,,1,0.11870689096394926,0.040454835,0.11870689096394926,0.1450720818247646
55,distant_c0.8_from0.8,3,ompl_uniform,20811614,True,True,,1,0.16364769102074206,0.024378011,0.16364769102074206,0.16542114899493754
55,distant_c0.8_from0.8,4,ompl_uniform,20811715,True,True,,1,0.19658578489907086,0.022710082,0.19658578489907086,0.19831612089183182
55,distant_c0.8_from0.8,4,cartesian_ik,20811715,True,True,,1,0.10619479406159371,0.051547945,0.10619479406159371,0.1323487259214744
55,distant_c0.8_from0.8,4,joint_projected,20811715,True,True,,1,0.22993399295955896,0.201885575,0.22993399295955896,0.25533459486905485
55,distant_c0.8_from0.8,5,cartesian_ik,20811816,True,True,,1,0.08639683900400996,0.035423919,0.08639683900400996,0.11190348386298865
55,distant_c0.8_from0.8,5,ompl_uniform,20811816,True,True,,1,0.14068348694127053,0.025305306,0.14068348694127053,0.141857527079992
55,distant_c0.8_from0.8,5,joint_projected,20811816,True,True,,1,0.25000732508488,0.179159148,0.25000732508488,0.27596795093268156
55,distant_c0.8_from0.8,6,joint_projected,20811917,True,True,,1,0.2670135030057281,0.201995011,0.2670135030057281,0.2926099468022585
55,distant_c0.8_from0.8,6,cartesian_ik,20811917,True,True,,1,0.06932237197179347,0.036174934,0.06932237197179347,0.09468607790768147
55,distant_c0.8_from0.8,6,ompl_uniform,20811917,True,True,,1,0.13035860704258084,0.024422806,0.13035860704258084,0.131455815047957
55,distant_c0.8_from0.8,7,ompl_uniform,20812018,True,True,,1,0.09712857403792441,0.026519917,0.09712857403792441,0.09849100303836167
55,distant_c0.8_from0.8,7,joint_projected,20812018,True,True,,1,0.357072668033652,0.212646341,0.357072668033652,0.3831838568439707
55,distant_c0.8_from0.8,7,cartesian_ik,20812018,True,True,,1,0.04847524093929678,0.021691529,0.04847524093929678,0.0749810659326613
55,distant_c0.8_from0.8,8,cartesian_ik,20812119,True,True,,1,0.15063281101174653,0.024315059,0.15063281101174653,0.17626574193127453
55,distant_c0.8_from0.8,8,joint_projected,20812119,True,True,,1,0.24510751594789326,0.19250773,0.24510751594789326,0.2713977908715606
55,distant_c0.8_from0.8,8,ompl_uniform,20812119,True,True,,1,0.15514826495200396,0.017982787,0.15514826495200396,0.15630622592289
55,distant_c0.8_from0.8,9,ompl_uniform,20812220,True,True,,1,0.1270179129205644,0.019985683,0.1270179129205644,0.12874255899805576
55,distant_c0.8_from0.8,9,cartesian_ik,20812220,True,True,,1,0.1747951729921624,0.049116249,0.1747951729921624,0.20058069191873074
55,distant_c0.8_from0.8,9,joint_projected,20812220,True,True,,1,0.2091249100631103,0.186452675,0.2091249100631103,0.2345017228508368
4,central_c0.2_from0.2,0,joint_projected,20300954,True,True,,1,0.16972822998650372,0.027641501,0.16972822998650372,0.2348508459981531
4,central_c0.2_from0.2,0,ompl_uniform,20300954,True,True,,1,0.11315421899780631,0.023314322,0.11315421899780631,0.11433568398933858
4,central_c0.2_from0.2,0,cartesian_ik,20300954,True,True,,1,0.18287635105662048,0.033668258,0.18287635105662048,0.2481498789275065
4,central_c0.2_from0.2,1,joint_projected,20301055,True,True,,1,0.10646512999664992,0.018888706,0.10646512999664992,0.1717017019400373
4,central_c0.2_from0.2,1,ompl_uniform,20301055,True,True,,1,0.18276457290630788,0.030125477,0.18276457290630788,0.18397492298390716
4,central_c0.2_from0.2,1,cartesian_ik,20301055,True,True,,1,0.14124265394639224,0.035152083,0.14124265394639224,0.20663539099041373
4,central_c0.2_from0.2,2,ompl_uniform,20301156,True,True,,1,0.16288825101219118,0.014833924,0.16288825101219118,0.16426661203149706
4,central_c0.2_from0.2,2,joint_projected,20301156,True,True,,1,0.08195311692543328,0.02455145,0.08195311692543328,0.14720849401783198
4,central_c0.2_from0.2,2,cartesian_ik,20301156,True,True,,1,0.18897327792365104,0.01906604,0.18897327792365104,0.2542574560502544
4,central_c0.2_from0.2,3,ompl_uniform,20301257,True,True,,1,0.1062736629974097,0.020485679,0.1062736629974097,0.10747515794355422
4,central_c0.2_from0.2,3,cartesian_ik,20301257,True,True,,1,0.19308525999076664,0.02686739,0.19308525999076664,0.2587053469615057
4,central_c0.2_from0.2,3,joint_projected,20301257,True,True,,1,0.15200293203815818,0.023316971,0.15200293203815818,0.21757990296464413
4,central_c0.2_from0.2,4,joint_projected,20301358,True,True,,1,0.2341827629134059,0.030813711,0.2341827629134059,0.29969424894079566
4,central_c0.2_from0.2,4,ompl_uniform,20301358,True,True,,1,0.21252688707318157,0.024927799,0.21252688707318157,0.2137619530549273
4,central_c0.2_from0.2,4,cartesian_ik,20301358,True,True,,1,0.16946882102638483,0.036258265,0.16946882102638483,0.23517538094893098
4,central_c0.2_from0.2,5,ompl_uniform,20301459,True,True,,1,0.17789950710721314,0.029949247,0.17789950710721314,0.1790806680219248
4,central_c0.2_from0.2,5,cartesian_ik,20301459,True,True,,1,0.11926134198438376,0.026497473,0.11926134198438376,0.1847328939475119
4,central_c0.2_from0.2,5,joint_projected,20301459,True,True,,1,0.12469677196349949,0.020083668,0.12469677196349949,0.1904033919563517
4,central_c0.2_from0.2,6,joint_projected,20301560,True,True,,1,0.2213891070568934,0.024479782,0.2213891070568934,0.2867751349695027
4,central_c0.2_from0.2,6,ompl_uniform,20301560,True,True,,1,0.17274458892643452,0.026371898,0.17274458892643452,0.1739469360327348
4,central_c0.2_from0.2,6,cartesian_ik,20301560,True,True,,1,0.18340681004337966,0.06824913,0.18340681004337966,0.24893551995046437
4,central_c0.2_from0.2,7,joint_projected,20301661,True,True,,1,0.13482313009444624,0.032798067,0.13482313009444624,0.20002656895667315
4,central_c0.2_from0.2,7,cartesian_ik,20301661,True,True,,1,0.15653704502619803,0.030882371,0.15653704502619803,0.2217980909626931
4,central_c0.2_from0.2,7,ompl_uniform,20301661,True,True,,1,0.15152576903346926,0.017115115,0.15152576903346926,0.15293252607807517
4,central_c0.2_from0.2,8,ompl_uniform,20301762,True,True,,1,0.08432775898836553,0.018697138,0.08432775898836553,0.08564153197221458
4,central_c0.2_from0.2,8,joint_projected,20301762,True,True,,1,0.33113534608855844,0.047433493,0.33113534608855844,0.3971922630444169
4,central_c0.2_from0.2,8,cartesian_ik,20301762,True,True,,1,0.17992657504510134,0.028920659,0.17992657504510134,0.24511091294698417
4,central_c0.2_from0.2,9,joint_projected,20301863,True,True,,1,0.10179235599935055,0.026219802,0.10179235599935055,0.16704680386465043
4,central_c0.2_from0.2,9,ompl_uniform,20301863,True,True,,1,0.15849977801553905,0.019874185,0.15849977801553905,0.15975485206581652
4,central_c0.2_from0.2,9,cartesian_ik,20301863,True,True,,1,0.2523982860147953,0.082998605,0.2523982860147953,0.3180983089841902
35,offset_c0.8_from0.8,0,cartesian_ik,20611171,True,True,,1,0.18826203304342926,0.02459444,0.18826203304342926,0.2123405650490895
35,offset_c0.8_from0.8,0,joint_projected,20611171,True,True,,1,0.11876399803441018,0.037305725,0.11876399803441018,0.14379409211687744
35,offset_c0.8_from0.8,0,ompl_uniform,20611171,True,True,,1,0.21979808004107326,0.027826516,0.21979808004107326,0.22098528197966516
35,offset_c0.8_from0.8,1,joint_projected,20611272,True,True,,1,0.22820156998932362,0.039492129,0.22820156998932362,0.25320383405778557
35,offset_c0.8_from0.8,1,cartesian_ik,20611272,True,True,,1,0.17679017805494368,0.020323179,0.17679017805494368,0.2009989230427891
35,offset_c0.8_from0.8,1,ompl_uniform,20611272,True,True,,1,0.10790194803848863,0.02146617,0.10790194803848863,0.1093997519928962
35,offset_c0.8_from0.8,2,ompl_uniform,20611373,True,True,,1,0.12975088704843074,0.029862817,0.12975088704843074,0.13158535805996507
35,offset_c0.8_from0.8,2,cartesian_ik,20611373,True,True,,1,0.14061957702506334,0.023548133,0.14061957702506334,0.16565781307872385
35,offset_c0.8_from0.8,2,joint_projected,20611373,True,True,,1,0.1014308329904452,0.035817301,0.1014308329904452,0.12650588806718588
35,offset_c0.8_from0.8,3,cartesian_ik,20611474,True,True,,1,0.13112284895032644,0.026022637,0.13112284895032644,0.1556472551310435
35,offset_c0.8_from0.8,3,ompl_uniform,20611474,True,True,,1,0.20810138597153127,0.03043478,0.20810138597153127,0.20933146099559963
35,offset_c0.8_from0.8,3,joint_projected,20611474,True,True,,1,0.09364805009681731,0.021813253,0.09364805009681731,0.11777339910622686
35,offset_c0.8_from0.8,4,joint_projected,20611575,True,True,,1,0.1289910119958222,0.027883717,0.1289910119958222,0.15311133104842156
35,offset_c0.8_from0.8,4,cartesian_ik,20611575,True,True,,1,0.18902756599709392,0.026909067,0.18902756599709392,0.21323873614892364
35,offset_c0.8_from0.8,4,ompl_uniform,20611575,True,True,,1,0.11518675496336073,0.025727749,0.11518675496336073,0.11685952998232096
35,offset_c0.8_from0.8,5,joint_projected,20611676,True,True,,1,0.15173016907647252,0.024277422,0.15173016907647252,0.17661611002404243
35,offset_c0.8_from0.8,5,cartesian_ik,20611676,True,True,,1,0.15279888396617025,0.040818564,0.15279888396617025,0.17714800301473588
35,offset_c0.8_from0.8,5,ompl_uniform,20611676,True,True,,1,0.19800705590751022,0.02962717,0.19800705590751022,0.19913009100127965
35,offset_c0.8_from0.8,6,ompl_uniform,20611777,True,True,,1,0.284984647994861,0.030773477,0.284984647994861,0.28627915994729847
35,offset_c0.8_from0.8,6,joint_projected,20611777,True,True,,1,0.1497442820109427,0.031107981,0.1497442820109427,0.17415536101907492
35,offset_c0.8_from0.8,6,cartesian_ik,20611777,True,True,,1,0.18244088103529066,0.021299567,0.18244088103529066,0.20685908908490092
35,offset_c0.8_from0.8,7,ompl_uniform,20611878,True,True,,1,0.12120411999057978,0.021656745,0.12120411999057978,0.12239453301299363
35,offset_c0.8_from0.8,7,cartesian_ik,20611878,True,True,,1,0.15790408803150058,0.02497956,0.15790408803150058,0.18405432207509875
35,offset_c0.8_from0.8,7,joint_projected,20611878,True,True,,1,0.2031614719890058,0.027527213,0.2031614719890058,0.22755213710479438
35,offset_c0.8_from0.8,8,joint_projected,20611979,True,True,,1,0.1776885740691796,0.047166991,0.1776885740691796,0.20192406105343252
35,offset_c0.8_from0.8,8,ompl_uniform,20611979,True,True,,1,0.12400809000246227,0.019303046,0.12400809000246227,0.12521479302085936
35,offset_c0.8_from0.8,8,cartesian_ik,20611979,True,True,,1,0.12144214008003473,0.045396564,0.12144214008003473,0.14558594697155058
35,offset_c0.8_from0.8,9,joint_projected,20612080,True,True,,1,0.19511874695308506,0.027889071,0.19511874695308506,0.22062242415267974
35,offset_c0.8_from0.8,9,ompl_uniform,20612080,True,True,,1,0.16903795499820262,0.015606591,0.16903795499820262,0.17047782195731997
35,offset_c0.8_from0.8,9,cartesian_ik,20612080,True,True,,1,0.16636223590467125,0.022429768,0.16636223590467125,0.19122876203618944
21,offset_c0.2_from0.2,0,cartesian_ik,20471073,True,True,,1,0.19443414907436818,0.036034192,0.19443414907436818,0.2278486619470641
21,offset_c0.2_from0.2,0,joint_projected,20471073,True,True,,1,0.1448863229015842,0.038630252,0.1448863229015842,0.17869846802204847
21,offset_c0.2_from0.2,0,ompl_uniform,20471073,True,True,,1,0.3133060219697654,0.028591428,0.3133060219697654,0.31475905200932175
21,offset_c0.2_from0.2,1,cartesian_ik,20471174,True,True,,1,0.1761122769676149,0.037036823,0.1761122769676149,0.2094649759819731
21,offset_c0.2_from0.2,1,joint_projected,20471174,True,True,,1,0.26143507193773985,0.040968072,0.26143507193773985,0.29550891602411866
21,offset_c0.2_from0.2,1,ompl_uniform,20471174,True,True,,1,0.12967084406409413,0.017037946,0.12967084406409413,0.13117863493971527
21,offset_c0.2_from0.2,2,cartesian_ik,20471275,True,True,,1,0.07149752590339631,0.021200487,0.07149752590339631,0.10460187902208418
21,offset_c0.2_from0.2,2,ompl_uniform,20471275,True,True,,1,0.12966330407653004,0.027511903,0.12966330407653004,0.13076291198376566
21,offset_c0.2_from0.2,2,joint_projected,20471275,True,True,,1,0.15558821090962738,0.024056631,0.15558821090962738,0.18934955389704555
21,offset_c0.2_from0.2,3,cartesian_ik,20471376,True,True,,1,0.18266636494081467,0.023471724,0.18266636494081467,0.21581523399800062
21,offset_c0.2_from0.2,3,joint_projected,20471376,True,True,,1,0.17180245800409466,0.029924726,0.17180245800409466,0.20508401899132878
21,offset_c0.2_from0.2,3,ompl_uniform,20471376,True,True,,1,0.2269655941054225,0.042333341,0.2269655941054225,0.22837226500269026
21,offset_c0.2_from0.2,4,cartesian_ik,20471477,True,True,,1,0.15902950894087553,0.039374328,0.15902950894087553,0.19238829193636775
21,offset_c0.2_from0.2,4,ompl_uniform,20471477,True,True,,1,0.2773462539771572,0.040278191,0.2773462539771572,0.2785917869769037
21,offset_c0.2_from0.2,4,joint_projected,20471477,True,True,,1,0.33516835409682244,0.029623658,0.33516835409682244,0.3687058329815045
21,offset_c0.2_from0.2,5,ompl_uniform,20471578,True,True,,1,0.10915071400813758,0.026510868,0.10915071400813758,0.11041688709519804
21,offset_c0.2_from0.2,5,cartesian_ik,20471578,True,True,,1,0.32890017004683614,0.040848978,0.32890017004683614,0.36222231399733573
21,offset_c0.2_from0.2,5,joint_projected,20471578,True,True,,1,0.16653321194462478,0.03060829,0.16653321194462478,0.20428024197462946
21,offset_c0.2_from0.2,6,cartesian_ik,20471679,True,True,,1,0.20500142802484334,0.041227192,0.20500142802484334,0.23938899906352162
21,offset_c0.2_from0.2,6,joint_projected,20471679,True,True,,1,0.1437507140217349,0.026285576,0.1437507140217349,0.17706099897623062
21,offset_c0.2_from0.2,6,ompl_uniform,20471679,True,True,,1,0.19821383198723197,0.033249294,0.19821383198723197,0.2008703239262104
21,offset_c0.2_from0.2,7,ompl_uniform,20471780,True,True,,1,0.1766586140729487,0.040415954,0.1766586140729487,0.17805476393550634
21,offset_c0.2_from0.2,7,cartesian_ik,20471780,True,True,,1,0.10077935899607837,0.036709034,0.10077935899607837,0.1338298220653087
21,offset_c0.2_from0.2,7,joint_projected,20471780,True,True,,1,0.08464270795229822,0.017050988,0.08464270795229822,0.11851774109527469
21,offset_c0.2_from0.2,8,cartesian_ik,20471881,True,True,,1,0.14783035404980183,0.028769732,0.14783035404980183,0.1811714149080217
21,offset_c0.2_from0.2,8,joint_projected,20471881,True,True,,1,0.12299604096915573,0.048435792,0.12299604096915573,0.1572618669597432
21,offset_c0.2_from0.2,8,ompl_uniform,20471881,True,True,,1,0.17056444205809385,0.026800853,0.17056444205809385,0.17169399396516383
21,offset_c0.2_from0.2,9,joint_projected,20471982,True,True,,1,0.20280239800922573,0.044071443,0.20280239800922573,0.23649837798438966
21,offset_c0.2_from0.2,9,cartesian_ik,20471982,True,True,,1,0.13389115605968982,0.026800726,0.13389115605968982,0.16728405002504587
21,offset_c0.2_from0.2,9,ompl_uniform,20471982,True,True,,1,0.09458104998338968,0.020767014,0.09458104998338968,0.09635653404984623
56,distant_c0.8_from0.8,0,joint_projected,20821318,True,True,,1,0.22799188608769327,0.027650248,0.22799188608769327,0.2523989488836378
56,distant_c0.8_from0.8,0,cartesian_ik,20821318,True,True,,1,0.2934137820266187,0.026934134,0.2934137820266187,0.31735444790683687
56,distant_c0.8_from0.8,0,ompl_uniform,20821318,True,True,,1,0.16509035392664373,0.017253907,0.16509035392664373,0.16627227305434644
56,distant_c0.8_from0.8,1,joint_projected,20821419,True,True,,1,0.13326733594294637,0.020515661,0.13326733594294637,0.15679124381858855
56,distant_c0.8_from0.8,1,cartesian_ik,20821419,True,True,,1,0.23771248699631542,0.0433386,0.23771248699631542,0.2612561018904671
56,distant_c0.8_from0.8,1,ompl_uniform,20821419,True,True,,1,0.2142044029897079,0.029887441,0.2142044029897079,0.21594404696952552
56,distant_c0.8_from0.8,2,ompl_uniform,20821520,True,True,,1,0.16166809003334492,0.019599392,0.16166809003334492,0.1634443070506677
56,distant_c0.8_from0.8,2,cartesian_ik,20821520,True,True,,1,0.142423345008865,0.026573763,0.142423345008865,0.1654529859079048
56,distant_c0.8_from0.8,2,joint_projected,20821520,True,True,,1,0.0739616199862212,0.01458492,0.0739616199862212,0.09673038695473224
56,distant_c0.8_from0.8,3,cartesian_ik,20821621,True,True,,1,0.18067139701452106,0.033559948,0.18067139701452106,0.20351628784555942
56,distant_c0.8_from0.8,3,ompl_uniform,20821621,True,True,,1,0.1289272130234167,0.036809612,0.1289272130234167,0.13167418306693435
56,distant_c0.8_from0.8,3,joint_projected,20821621,True,True,,1,0.12312017299700528,0.020243701,0.12312017299700528,0.14584515697788447
56,distant_c0.8_from0.8,4,cartesian_ik,20821722,True,True,,1,0.10702825500629842,0.018857012,0.10702825500629842,0.12986793997697532
56,distant_c0.8_from0.8,4,ompl_uniform,20821722,True,True,,1,0.14636751904617995,0.027439925,0.14636751904617995,0.1478768619708717
56,distant_c0.8_from0.8,4,joint_projected,20821722,True,True,,1,0.14258947200141847,0.023439663,0.14258947200141847,0.16586626088246703
56,distant_c0.8_from0.8,5,joint_projected,20821823,True,True,,1,0.05232475197408348,0.022121308,0.05232475197408348,0.0756407609442249
56,distant_c0.8_from0.8,5,cartesian_ik,20821823,True,True,,1,0.10552371991798282,0.029437245,0.10552371991798282,0.12879865698050708
56,distant_c0.8_from0.8,5,ompl_uniform,20821823,True,True,,1,0.14270610199309886,0.018947606,0.14270610199309886,0.14445388596504927
56,distant_c0.8_from0.8,6,cartesian_ik,20821924,True,True,,1,0.2207018359331414,0.028381472,0.2207018359331414,0.24375016894191504
56,distant_c0.8_from0.8,6,ompl_uniform,20821924,True,True,,1,0.26700398593675345,0.029964012,0.26700398593675345,0.2685536469798535
56,distant_c0.8_from0.8,6,joint_projected,20821924,True,True,,1,0.07990856398828328,0.020996321,0.07990856398828328,0.10305548692122102
56,distant_c0.8_from0.8,7,ompl_uniform,20822025,True,True,,1,0.18460629996843636,0.024018284,0.18460629996843636,0.18590070900972933
56,distant_c0.8_from0.8,7,joint_projected,20822025,True,True,,1,0.08312319708056748,0.017614852,0.08312319708056748,0.10600879194680601
56,distant_c0.8_from0.8,7,cartesian_ik,20822025,True,True,,1,0.10889872896950692,0.024106935,0.10889872896950692,0.1317738879006356
56,distant_c0.8_from0.8,8,joint_projected,20822126,True,True,,1,0.11773428996093571,0.032480293,0.11773428996093571,0.1414345329394564
56,distant_c0.8_from0.8,8,cartesian_ik,20822126,True,True,,1,0.07861870399210602,0.017278299,0.07861870399210602,0.10149561695288867
56,distant_c0.8_from0.8,8,ompl_uniform,20822126,True,True,,1,0.19547248992603272,0.03327062,0.19547248992603272,0.1965163379209116
56,distant_c0.8_from0.8,9,ompl_uniform,20822227,True,True,,1,0.16926510003395379,0.033034974,0.16926510003395379,0.17047508992254734
56,distant_c0.8_from0.8,9,joint_projected,20822227,True,True,,1,0.12614566495176405,0.025681096,0.12614566495176405,0.14905123796779662
56,distant_c0.8_from0.8,9,cartesian_ik,20822227,True,True,,1,0.27625387988518924,0.03122833,0.27625387988518924,0.29936338192783296
5,central_c0.2_from0.2,0,cartesian_ik,20310961,True,True,,1,0.31724181899335235,0.030874201,0.31724181899335235,0.3429360429290682
5,central_c0.2_from0.2,0,ompl_uniform,20310961,True,True,,1,0.4882322120247409,0.037162426,0.4882322120247409,0.49027249100618064
5,central_c0.2_from0.2,0,joint_projected,20310961,True,True,,1,0.20135639398358762,0.019568919,0.20135639398358762,0.22729491884820163
5,central_c0.2_from0.2,1,ompl_uniform,20311062,True,True,,1,0.1895372150465846,0.048306971,0.1895372150465846,0.19067447795532644
5,central_c0.2_from0.2,1,joint_projected,20311062,True,True,,1,0.20485873997677118,0.03237687,0.20485873997677118,0.23234615894034505
5,central_c0.2_from0.2,1,cartesian_ik,20311062,True,True,,1,0.2287482499377802,0.047242873,0.2287482499377802,0.25428204284980893
5,central_c0.2_from0.2,2,joint_projected,20311163,True,True,,1,0.19176246598362923,0.028048641,0.19176246598362923,0.2174723258940503
5,central_c0.2_from0.2,2,cartesian_ik,20311163,True,True,,1,0.27769710903521627,0.106720614,0.27769710903521627,0.30344064184464514
5,central_c0.2_from0.2,2,ompl_uniform,20311163,True,True,,1,0.1847658040933311,0.033524494,0.1847658040933311,0.18660261807963252
5,central_c0.2_from0.2,3,joint_projected,20311264,True,True,,1,0.16938934393692762,0.039205934,0.16938934393692762,0.19609907502308488
5,central_c0.2_from0.2,3,ompl_uniform,20311264,True,True,,1,0.19865422090515494,0.048623112,0.19865422090515494,0.19986033893655986
5,central_c0.2_from0.2,3,cartesian_ik,20311264,True,True,,1,0.12126309901941568,0.031467278,0.12126309901941568,0.1484105009585619
5,central_c0.2_from0.2,4,joint_projected,20311365,True,True,,1,0.37405032804235816,0.049559811,0.37405032804235816,0.40007071488071233
5,central_c0.2_from0.2,4,ompl_uniform,20311365,True,True,,1,0.12070923205465078,0.043786532,0.12070923205465078,0.12196238909382373
5,central_c0.2_from0.2,4,cartesian_ik,20311365,True,True,,1,0.2066695219837129,0.049046579,0.2066695219837129,0.23239443288184702
5,central_c0.2_from0.2,5,ompl_uniform,20311466,True,True,,1,0.3323918280657381,0.044540365,0.3323918280657381,0.33387120300903916
5,central_c0.2_from0.2,5,cartesian_ik,20311466,True,True,,1,0.4350961820455268,0.104437006,0.4350961820455268,0.46131239691749215
5,central_c0.2_from0.2,5,joint_projected,20311466,True,True,,1,0.1907076049828902,0.045056299,0.1907076049828902,0.21671891794539988
5,central_c0.2_from0.2,6,cartesian_ik,20311567,True,True,,1,0.32706957100890577,0.129013188,0.32706957100890577,0.353477734955959
5,central_c0.2_from0.2,6,ompl_uniform,20311567,True,True,,1,0.4467094170395285,0.049314159,0.4467094170395285,0.4483303850283846
5,central_c0.2_from0.2,6,joint_projected,20311567,True,True,,1,0.39270908501930535,0.02754944,0.39270908501930535,0.4189293319359422
5,central_c0.2_from0.2,7,joint_projected,20311668,True,True,,1,0.1431136130122468,0.022649404,0.1431136130122468,0.16953184991143644
5,central_c0.2_from0.2,7,cartesian_ik,20311668,True,True,,1,0.4064816770842299,0.113581621,0.4064816770842299,0.4325105588650331
5,central_c0.2_from0.2,7,ompl_uniform,20311668,True,True,,1,0.13154664891771972,0.044095359,0.13154664891771972,0.13274905597791076
5,central_c0.2_from0.2,8,ompl_uniform,20311769,True,True,,1,0.27962878509424627,0.042052366,0.27962878509424627,0.2816183859249577
5,central_c0.2_from0.2,8,cartesian_ik,20311769,True,True,,1,0.12552335590589792,0.04060424,0.12552335590589792,0.1511780038708821
5,central_c0.2_from0.2,8,joint_projected,20311769,True,True,,1,0.18489408202003688,0.032533965,0.18489408202003688,0.21141975792124867
5,central_c0.2_from0.2,9,joint_projected,20311870,True,True,,1,0.126067406963557,0.028716795,0.126067406963557,0.1521995789371431
5,central_c0.2_from0.2,9,cartesian_ik,20311870,True,True,,1,0.28684335900470614,0.11324718,0.28684335900470614,0.31307588890194893
5,central_c0.2_from0.2,9,ompl_uniform,20311870,True,True,,1,0.4841642479877919,0.04114585,0.4841642479877919,0.4862199450144544
58,distant_c0.8_from0.8,0,cartesian_ik,20841332,True,True,,1,0.21114203694742173,0.030416896,0.21114203694742173,0.24434736196417361
58,distant_c0.8_from0.8,0,ompl_uniform,20841332,True,True,,1,0.20207575301174074,0.022360248,0.20207575301174074,0.20328238001093268
58,distant_c0.8_from0.8,0,joint_projected,20841332,True,True,,1,0.12674451095517725,0.03233144,0.12674451095517725,0.15928902698215097
58,distant_c0.8_from0.8,1,joint_projected,20841433,True,True,,1,0.1666972889797762,0.029266457,0.1666972889797762,0.2003805359127
58,distant_c0.8_from0.8,1,cartesian_ik,20841433,True,True,,1,0.12803867901675403,0.02602488,0.12803867901675403,0.16061971394810826
58,distant_c0.8_from0.8,1,ompl_uniform,20841433,True,True,,1,0.17359524790663272,0.02016606,0.17359524790663272,0.17490069603081793
58,distant_c0.8_from0.8,2,cartesian_ik,20841534,True,True,,1,0.09143263194710016,0.023659871,0.09143263194710016,0.12406875705346465
58,distant_c0.8_from0.8,2,joint_projected,20841534,True,True,,1,0.17019080102909356,0.0201299,0.17019080102909356,0.20285651495214552
58,distant_c0.8_from0.8,2,ompl_uniform,20841534,True,True,,1,0.20402524899691343,0.02417829,0.20402524899691343,0.20550407492555678
58,distant_c0.8_from0.8,3,joint_projected,20841635,True,True,,1,0.13468208606354892,0.026550695,0.13468208606354892,0.16713638289365917
58,distant_c0.8_from0.8,3,ompl_uniform,20841635,True,True,,1,0.12395232100971043,0.019496369,0.12395232100971043,0.12519190507009625
58,distant_c0.8_from0.8,3,cartesian_ik,20841635,True,True,,1,0.10596350592095405,0.028095393,0.10596350592095405,0.138429015991278
58,distant_c0.8_from0.8,4,joint_projected,20841736,True,True,,1,0.1099219840252772,0.020063197,0.1099219840252772,0.14214739995077252
58,distant_c0.8_from0.8,4,ompl_uniform,20841736,True,True,,1,0.14502073789481074,0.021929691,0.14502073789481074,0.14630353800021112
58,distant_c0.8_from0.8,4,cartesian_ik,20841736,True,True,,1,0.22100030607543886,0.020284447,0.22100030607543886,0.2535562049597502
58,distant_c0.8_from0.8,5,ompl_uniform,20841837,True,True,,1,0.14747870701830834,0.031266289,0.14747870701830834,0.148815545020625
58,distant_c0.8_from0.8,5,joint_projected,20841837,True,True,,1,0.14660960191395134,0.01900472,0.14660960191395134,0.17944565799552947
58,distant_c0.8_from0.8,5,cartesian_ik,20841837,True,True,,1,0.3206700449809432,0.019337855,0.3206700449809432,0.35339711396954954
58,distant_c0.8_from0.8,6,ompl_uniform,20841938,True,True,,1,0.20293601893354207,0.026656172,0.20293601893354207,0.20434287702664733
58,distant_c0.8_from0.8,6,cartesian_ik,20841938,True,True,,1,0.17533647804521024,0.026713262,0.17533647804521024,0.20820906793233007
58,distant_c0.8_from0.8,6,joint_projected,20841938,True,True,,1,0.06905616994481534,0.024902614,0.06905616994481534,0.10150522098410875
58,distant_c0.8_from0.8,7,cartesian_ik,20842039,True,True,,1,0.16780612396541983,0.020589323,0.16780612396541983,0.2003263490041718
58,distant_c0.8_from0.8,7,ompl_uniform,20842039,True,True,,1,0.19442620396148413,0.02252359,0.19442620396148413,0.1958829240174964
58,distant_c0.8_from0.8,7,joint_projected,20842039,True,True,,1,0.165046971058473,0.03459405,0.165046971058473,0.19994667393621057
58,distant_c0.8_from0.8,8,joint_projected,20842140,True,True,,1,0.131625761045143,0.025718877,0.131625761045143,0.16470797103829682
58,distant_c0.8_from0.8,8,cartesian_ik,20842140,True,True,,1,0.13286153599619865,0.019222448,0.13286153599619865,0.1656052878824994
58,distant_c0.8_from0.8,8,ompl_uniform,20842140,True,True,,1,0.1285449709976092,0.02039101,0.1285449709976092,0.12988821894396096
58,distant_c0.8_from0.8,9,joint_projected,20842241,True,True,,1,0.19311636895872653,0.02293092,0.19311636895872653,0.2260788909625262
58,distant_c0.8_from0.8,9,ompl_uniform,20842241,True,True,,1,0.087005804060027,0.020859643,0.087005804060027,0.08815242198761553
58,distant_c0.8_from0.8,9,cartesian_ik,20842241,True,True,,1,0.18445155990775675,0.02582617,0.18445155990775675,0.21704911801498383
27,offset_c0.2_from0.2,0,joint_projected,20531115,True,True,,1,0.12907998403534293,0.026172511,0.12907998403534293,0.15205909498035908
27,offset_c0.2_from0.2,0,cartesian_ik,20531115,True,True,,1,0.13372398307546973,0.0194159,0.13372398307546973,0.15593009407166392
27,offset_c0.2_from0.2,0,ompl_uniform,20531115,True,True,,1,0.16867132403422147,0.017048916,0.16867132403422147,0.17024099605623633
27,offset_c0.2_from0.2,1,cartesian_ik,20531216,True,True,,1,0.0927225990453735,0.019050568,0.0927225990453735,0.11525733408052474
27,offset_c0.2_from0.2,1,joint_projected,20531216,True,True,,1,0.17089781002141535,0.036192606,0.17089781002141535,0.1930699759395793
27,offset_c0.2_from0.2,1,ompl_uniform,20531216,True,True,,1,0.21323802694678307,0.018850337,0.21323802694678307,0.2144459580304101
27,offset_c0.2_from0.2,2,joint_projected,20531317,True,True,,1,0.21303893602453172,0.033447535,0.21303893602453172,0.2355124590685591
27,offset_c0.2_from0.2,2,cartesian_ik,20531317,True,True,,1,0.1039255850482732,0.018808617,0.1039255850482732,0.1262694800971076
27,offset_c0.2_from0.2,2,ompl_uniform,20531317,True,True,,1,0.1836678859544918,0.026301438,0.1836678859544918,0.18505898397415876
27,offset_c0.2_from0.2,3,cartesian_ik,20531418,True,True,,1,0.09282163705211133,0.034925435,0.09282163705211133,0.11502116406336427
27,offset_c0.2_from0.2,3,joint_projected,20531418,True,True,,1,0.14209639595355839,0.037072421,0.14209639595355839,0.1640836449805647
27,offset_c0.2_from0.2,3,ompl_uniform,20531418,True,True,,1,0.1097803961019963,0.020878782,0.1097803961019963,0.11125813098624349
27,offset_c0.2_from0.2,4,cartesian_ik,20531519,True,True,,1,0.11718798102810979,0.031747252,0.11718798102810979,0.14158526004757732
27,offset_c0.2_from0.2,4,joint_projected,20531519,True,True,,1,0.06393104000017047,0.023481196,0.06393104000017047,0.08576140506193042
27,offset_c0.2_from0.2,4,ompl_uniform,20531519,True,True,,1,0.1665321009932086,0.025975747,0.1665321009932086,0.16766096896026284
27,offset_c0.2_from0.2,5,cartesian_ik,20531620,True,True,,1,0.05424476496409625,0.015680905,0.05424476496409625,0.07643646700307727
27,offset_c0.2_from0.2,5,joint_projected,20531620,True,True,,1,0.10663010401185602,0.019231088,0.10663010401185602,0.12868665694259107
27,offset_c0.2_from0.2,5,ompl_uniform,20531620,True,True,,1,0.12723679596092552,0.025494486,0.12723679596092552,0.12870336894411594
27,offset_c0.2_from0.2,6,ompl_uniform,20531721,True,True,,1,0.10709295503329486,0.027715708,0.10709295503329486,0.10859256004914641
27,offset_c0.2_from0.2,6,joint_projected,20531721,True,True,,1,0.05876427295152098,0.02421154,0.05876427295152098,0.08070751908235252
27,offset_c0.2_from0.2,6,cartesian_ik,20531721,True,True,,1,0.11128279997501522,0.018973326,0.11128279997501522,0.13423367904033512
27,offset_c0.2_from0.2,7,cartesian_ik,20531822,True,True,,1,0.0827848359476775,0.02254405,0.0827848359476775,0.10483981901779771
27,offset_c0.2_from0.2,7,joint_projected,20531822,True,True,,1,0.1089836589526385,0.023357238,0.1089836589526385,0.13107283203862607
27,offset_c0.2_from0.2,7,ompl_uniform,20531822,True,True,,1,0.16332186898216605,0.02860056,0.16332186898216605,0.16446104389615357
27,offset_c0.2_from0.2,8,ompl_uniform,20531923,True,True,,1,0.19112356193363667,0.031043215,0.19112356193363667,0.19239733193535358
27,offset_c0.2_from0.2,8,cartesian_ik,20531923,True,True,,1,0.10427236999385059,0.017624367,0.10427236999385059,0.12622545706108212
27,offset_c0.2_from0.2,8,joint_projected,20531923,True,True,,1,0.14188861404545605,0.03801688,0.14188861404545605,0.1639121329644695
27,offset_c0.2_from0.2,9,joint_projected,20532024,True,True,,1,0.10713348397985101,0.036007318,0.10713348397985101,0.12920826801564544
27,offset_c0.2_from0.2,9,ompl_uniform,20532024,True,True,,1,0.329052021028474,0.026087582,0.329052021028474,0.33043012500274926
27,offset_c0.2_from0.2,9,cartesian_ik,20532024,True,True,,1,0.09108567098155618,0.019316403,0.09108567098155618,0.1131164749385789
25,offset_c0.2_from0.2,0,joint_projected,20511101,True,True,,1,0.14786480995826423,0.030718839,0.14786480995826423,0.17736187996342778
25,offset_c0.2_from0.2,0,cartesian_ik,20511101,True,True,,1,0.13363712595310062,0.028162725,0.13363712595310062,0.16544264601543546
25,offset_c0.2_from0.2,0,ompl_uniform,20511101,True,True,,1,0.17056294600479305,0.029180531,0.17056294600479305,0.17209737794473767
25,offset_c0.2_from0.2,1,ompl_uniform,20511202,True,True,,1,0.1241442640312016,0.017948061,0.1241442640312016,0.12555438291747123
25,offset_c0.2_from0.2,1,cartesian_ik,20511202,True,True,,1,0.08099968999158591,0.036710564,0.08099968999158591,0.11064757511485368
25,offset_c0.2_from0.2,1,joint_projected,20511202,True,True,,1,0.15681851794943213,0.028344863,0.15681851794943213,0.18669631716329604
25,offset_c0.2_from0.2,2,cartesian_ik,20511303,True,True,,1,0.038415323942899704,0.021975681,0.038415323942899704,0.06791970506310463
25,offset_c0.2_from0.2,2,joint_projected,20511303,True,True,,1,0.07727692893240601,0.020748884,0.07727692893240601,0.10670339898206294
25,offset_c0.2_from0.2,2,ompl_uniform,20511303,True,True,,1,0.12566023599356413,0.01622016,0.12566023599356413,0.12675779697019607
25,offset_c0.2_from0.2,3,cartesian_ik,20511404,True,True,,1,0.13290506100747734,0.017763356,0.13290506100747734,0.16277448902837932
25,offset_c0.2_from0.2,3,joint_projected,20511404,True,True,,1,0.17212480306625366,0.017504026,0.17212480306625366,0.2017505920957774
25,offset_c0.2_from0.2,3,ompl_uniform,20511404,True,True,,1,0.20520850701723248,0.028968167,0.20520850701723248,0.20648554502986372
25,offset_c0.2_from0.2,4,ompl_uniform,20511505,True,True,,1,0.18246145802550018,0.025379978,0.18246145802550018,0.18361114896833897
25,offset_c0.2_from0.2,4,joint_projected,20511505,True,True,,1,0.06590827798936516,0.038741896,0.06590827798936516,0.09522009803913534
25,offset_c0.2_from0.2,4,cartesian_ik,20511505,True,True,,1,0.23126491997390985,0.0445631,0.23126491997390985,0.2608619669917971
25,offset_c0.2_from0.2,5,ompl_uniform,20511606,True,True,,1,0.16672935895621777,0.021038391,0.16672935895621777,0.1680181510746479
25,offset_c0.2_from0.2,5,cartesian_ik,20511606,True,True,,1,0.12284575402736664,0.021247233,0.12284575402736664,0.15254077513236552
25,offset_c0.2_from0.2,5,joint_projected,20511606,True,True,,1,0.11182540305890143,0.041493243,0.11182540305890143,0.14131403504870832
25,offset_c0.2_from0.2,6,joint_projected,20511707,True,True,,1,0.06676698697265238,0.018935325,0.06676698697265238,0.09658556000795215
25,offset_c0.2_from0.2,6,cartesian_ik,20511707,True,True,,1,0.18426929390989244,0.038747925,0.18426929390989244,0.21373245201539248
25,offset_c0.2_from0.2,6,ompl_uniform,20511707,True,True,,1,0.14240923803299665,0.03818993,0.14240923803299665,0.14354706893209368
25,offset_c0.2_from0.2,7,ompl_uniform,20511808,True,True,,1,0.16249353904277086,0.027908894,0.16249353904277086,0.16380720806773752
25,offset_c0.2_from0.2,7,joint_projected,20511808,True,True,,1,0.07139797497075051,0.031676241,0.07139797497075051,0.10182813205756247
25,offset_c0.2_from0.2,7,cartesian_ik,20511808,True,True,,1,0.057120215031318367,0.022852553,0.057120215031318367,0.08645279298070818
25,offset_c0.2_from0.2,8,cartesian_ik,20511909,True,True,,1,0.18734113802202046,0.021079123,0.18734113802202046,0.21695681905839592
25,offset_c0.2_from0.2,8,ompl_uniform,20511909,True,True,,1,0.17895645508542657,0.017012442,0.17895645508542657,0.18034233595244586
25,offset_c0.2_from0.2,8,joint_projected,20511909,True,True,,1,0.04069932200945914,0.026153681,0.04069932200945914,0.07041765796020627
25,offset_c0.2_from0.2,9,joint_projected,20512010,True,True,,1,0.1626547429477796,0.067295224,0.1626547429477796,0.1930707530118525
25,offset_c0.2_from0.2,9,ompl_uniform,20512010,True,True,,1,0.1712811569450423,0.0258794,0.1712811569450423,0.17253575299400836
25,offset_c0.2_from0.2,9,cartesian_ik,20512010,True,True,,1,0.13500126905273646,0.050191977,0.13500126905273646,0.16480131004936993
57,distant_c0.8_from0.8,0,cartesian_ik,20831325,True,True,,1,0.057987684034742415,0.026948937,0.057987684034742415,0.08578852901700884
57,distant_c0.8_from0.8,0,ompl_uniform,20831325,True,True,,1,0.09034049196634442,0.014252239,0.09034049196634442,0.09147136297542602
57,distant_c0.8_from0.8,0,joint_projected,20831325,True,True,,1,0.15952048206236213,0.026769181,0.15952048206236213,0.18804879998788238
57,distant_c0.8_from0.8,1,ompl_uniform,20831426,True,True,,1,0.1792572719277814,0.018417235,0.1792572719277814,0.18050793500151485
57,distant_c0.8_from0.8,1,cartesian_ik,20831426,True,True,,1,0.11113261501304805,0.019931406,0.11113261501304805,0.1394957749871537
57,distant_c0.8_from0.8,1,joint_projected,20831426,True,True,,1,0.1576479630311951,0.02333614,0.1576479630311951,0.18614830495789647
57,distant_c0.8_from0.8,2,ompl_uniform,20831527,True,True,,1,0.17432323296088725,0.018182916,0.17432323296088725,0.17565803602337837
57,distant_c0.8_from0.8,2,joint_projected,20831527,True,True,,1,0.06789443898014724,0.033504422,0.06789443898014724,0.09700807509943843
57,distant_c0.8_from0.8,2,cartesian_ik,20831527,True,True,,1,0.10464502905961126,0.075578977,0.10464502905961126,0.13371524901594967
57,distant_c0.8_from0.8,3,ompl_uniform,20831628,True,True,,1,0.18569517193827778,0.021866429,0.18569517193827778,0.18693414598237723
57,distant_c0.8_from0.8,3,joint_projected,20831628,True,True,,1,0.18705988302826881,0.019578936,0.18705988302826881,0.21537739702034742
57,distant_c0.8_from0.8,3,cartesian_ik,20831628,True,True,,1,0.1386610249755904,0.058003135,0.1386610249755904,0.16719976102467626
57,distant_c0.8_from0.8,4,cartesian_ik,20831729,True,True,,1,0.1181787489913404,0.017367027,0.1181787489913404,0.14623608510009944
57,distant_c0.8_from0.8,4,joint_projected,20831729,True,True,,1,0.21401831205002964,0.034553616,0.21401831205002964,0.2422867730492726
57,distant_c0.8_from0.8,4,ompl_uniform,20831729,True,True,,1,0.19546540593728423,0.017120312,0.19546540593728423,0.19670834892895073
57,distant_c0.8_from0.8,5,joint_projected,20831830,True,True,,1,0.07469400903210044,0.037696429,0.07469400903210044,0.10283280606381595
57,distant_c0.8_from0.8,5,cartesian_ik,20831830,True,True,,1,0.13712106295861304,0.027544535,0.13712106295861304,0.16527917399071157
57,distant_c0.8_from0.8,5,ompl_uniform,20831830,True,True,,1,0.23449178808368742,0.02325511,0.23449178808368742,0.2356428779894486
57,distant_c0.8_from0.8,6,ompl_uniform,20831931,True,True,,1,0.2100105379940942,0.028500697,0.2100105379940942,0.21147465298417956
57,distant_c0.8_from0.8,6,joint_projected,20831931,True,True,,1,0.10300710797309875,0.025894789,0.10300710797309875,0.13198286795523018
57,distant_c0.8_from0.8,6,cartesian_ik,20831931,True,True,,1,0.15766993700526655,0.034933257,0.15766993700526655,0.18593943305313587
57,distant_c0.8_from0.8,7,cartesian_ik,20832032,True,True,,1,0.19900449202395976,0.054105182,0.19900449202395976,0.22706727706827223
57,distant_c0.8_from0.8,7,ompl_uniform,20832032,True,True,,1,0.13938524993136525,0.024613765,0.13938524993136525,0.14067840797360986
57,distant_c0.8_from0.8,7,joint_projected,20832032,True,True,,1,0.07943866890855134,0.022777983,0.07943866890855134,0.10793299996294081
57,distant_c0.8_from0.8,8,ompl_uniform,20832133,True,True,,1,0.1347590599907562,0.033243999,0.1347590599907562,0.13602014898788184
57,distant_c0.8_from0.8,8,cartesian_ik,20832133,True,True,,1,0.11793626099824905,0.025440294,0.11793626099824905,0.1464912829687819
57,distant_c0.8_from0.8,8,joint_projected,20832133,True,True,,1,0.13392189994920045,0.021039684,0.13392189994920045,0.16199592303019017
57,distant_c0.8_from0.8,9,joint_projected,20832234,True,True,,1,0.2079041349934414,0.022464939,0.2079041349934414,0.2361655730055645
57,distant_c0.8_from0.8,9,ompl_uniform,20832234,True,True,,1,0.23812633496709168,0.044807943,0.23812633496709168,0.23951049998868257
57,distant_c0.8_from0.8,9,cartesian_ik,20832234,True,True,,1,0.11660168191883713,0.022497888,0.11660168191883713,0.1447397309821099
3,central_c0.2_from0.2,0,ompl_uniform,20290947,True,True,,1,0.21740598499309272,0.023244112,0.21740598499309272,0.21839677495881915
3,central_c0.2_from0.2,0,joint_projected,20290947,True,True,,1,0.15356042806524783,0.025071969,0.15356042806524783,0.19278737099375576
3,central_c0.2_from0.2,0,cartesian_ik,20290947,True,True,,1,0.12137408903799951,0.02439044,0.12137408903799951,0.16084109095390886
3,central_c0.2_from0.2,1,joint_projected,20291048,True,True,,1,0.13074168202001601,0.034159656,0.13074168202001601,0.16991231206338853
3,central_c0.2_from0.2,1,cartesian_ik,20291048,True,True,,1,0.15306518401484936,0.017918421,0.15306518401484936,0.19227672403212637
3,central_c0.2_from0.2,1,ompl_uniform,20291048,True,True,,1,0.15225199703127146,0.021023488,0.15225199703127146,0.15356331400107592
3,central_c0.2_from0.2,2,ompl_uniform,20291149,True,True,,1,0.09441944502759725,0.016916837,0.09441944502759725,0.09564632608089596
3,central_c0.2_from0.2,2,joint_projected,20291149,True,True,,1,0.28808794205542654,0.055356037,0.28808794205542654,0.3283924249699339
3,central_c0.2_from0.2,2,cartesian_ik,20291149,True,True,,1,0.1860024849884212,0.098913134,0.1860024849884212,0.22519393998663872
3,central_c0.2_from0.2,3,joint_projected,20291250,True,True,,1,0.06140546593815088,0.026857429,0.06140546593815088,0.10042666899971664
3,central_c0.2_from0.2,3,cartesian_ik,20291250,True,True,,1,0.12091064103879035,0.029703954,0.12091064103879035,0.1600551730953157
3,central_c0.2_from0.2,3,ompl_uniform,20291250,True,True,,1,0.1308909219224006,0.017537909,0.1308909219224006,0.13215563807170838
3,central_c0.2_from0.2,4,ompl_uniform,20291351,True,True,,1,0.2250521759269759,0.030050817,0.2250521759269759,0.226456974982284
3,central_c0.2_from0.2,4,joint_projected,20291351,True,True,,1,0.30347271997015923,0.034559891,0.30347271997015923,0.3430776749737561
3,central_c0.2_from0.2,4,cartesian_ik,20291351,True,True,,1,0.06920840602833778,0.033042043,0.06920840602833778,0.1094485210487619
3,central_c0.2_from0.2,5,joint_projected,20291452,True,True,,1,0.13916662510018796,0.037873224,0.13916662510018796,0.17819927004165947
3,central_c0.2_from0.2,5,cartesian_ik,20291452,True,True,,1,0.285022143041715,0.085687564,0.285022143041715,0.32424123701639473
3,central_c0.2_from0.2,5,ompl_uniform,20291452,True,True,,1,0.26830219104886055,0.033661504,0.26830219104886055,0.2702515149721876
3,central_c0.2_from0.2,6,ompl_uniform,20291553,True,True,,1,0.25499540008604527,0.03332086,0.25499540008604527,0.25658187305089086
3,central_c0.2_from0.2,6,joint_projected,20291553,True,True,,1,0.14890789799392223,0.025546629,0.14890789799392223,0.18831149803008884
3,central_c0.2_from0.2,6,cartesian_ik,20291553,True,True,,1,0.3388609590474516,0.052892845,0.3388609590474516,0.3785585230216384
3,central_c0.2_from0.2,7,joint_projected,20291654,True,True,,1,0.12780906399711967,0.034635803,0.12780906399711967,0.16675972903613
3,central_c0.2_from0.2,7,cartesian_ik,20291654,True,True,,1,0.1890648630214855,0.110879672,0.1890648630214855,0.2280092560686171
3,central_c0.2_from0.2,7,ompl_uniform,20291654,True,True,,1,0.20723101997282356,0.032518422,0.20723101997282356,0.20861289300955832
3,central_c0.2_from0.2,8,joint_projected,20291755,True,True,,1,0.2900190269574523,0.027874035,0.2900190269574523,0.329943761928007
3,central_c0.2_from0.2,8,cartesian_ik,20291755,True,True,,1,0.3305126160848886,0.071650717,0.3305126160848886,0.37022767204325646
3,central_c0.2_from0.2,8,ompl_uniform,20291755,True,True,,1,0.23496747703757137,0.024823052,0.23496747703757137,0.23641967691946775
3,central_c0.2_from0.2,9,cartesian_ik,20291856,True,True,,1,0.23041066201403737,0.062370162,0.23041066201403737,0.269721296033822
3,central_c0.2_from0.2,9,joint_projected,20291856,True,True,,1,0.22769707010593265,0.035342519,0.22769707010593265,0.26718043093569577
3,central_c0.2_from0.2,9,ompl_uniform,20291856,True,True,,1,0.11278796894475818,0.016587773,0.11278796894475818,0.1143203149549663
50,distant_c0.8_from0.8,0,cartesian_ik,20761276,True,True,,1,0.20056545489933342,0.033273989,0.20056545489933342,0.22468714707065374
50,distant_c0.8_from0.8,0,joint_projected,20761276,True,True,,1,0.32058817497454584,0.144340615,0.32058817497454584,0.3445574811194092
50,distant_c0.8_from0.8,0,ompl_uniform,20761276,True,True,,1,0.12215993506833911,0.017879877,0.12215993506833911,0.12327065807767212
50,distant_c0.8_from0.8,1,cartesian_ik,20761377,True,True,,1,0.051257123006507754,0.015166328,0.051257123006507754,0.07706398505251855
50,distant_c0.8_from0.8,1,joint_projected,20761377,True,True,,1,0.23736870801076293,0.128063322,0.23736870801076293,0.26158471615053713
50,distant_c0.8_from0.8,1,ompl_uniform,20761377,True,True,,1,0.13429485296364874,0.020882845,0.13429485296364874,0.13534537295345217
50,distant_c0.8_from0.8,2,joint_projected,20761478,True,True,,1,0.2066109440056607,0.111545214,0.2066109440056607,0.2328941720770672
50,distant_c0.8_from0.8,2,cartesian_ik,20761478,True,True,,1,0.09434212103951722,0.014171535,0.09434212103951722,0.11909589008428156
50,distant_c0.8_from0.8,2,ompl_uniform,20761478,True,True,,1,0.12479890196118504,0.02636492,0.12479890196118504,0.12578472902532667
50,distant_c0.8_from0.8,3,ompl_uniform,20761579,True,True,,1,0.2192838069749996,0.029331193,0.2192838069749996,0.2205584270413965
50,distant_c0.8_from0.8,3,joint_projected,20761579,True,True,,1,0.20821227401029319,0.122127023,0.20821227401029319,0.23228880704846233
50,distant_c0.8_from0.8,3,cartesian_ik,20761579,True,True,,1,0.17610560299362987,0.034670762,0.17610560299362987,0.20043679315131158
50,distant_c0.8_from0.8,4,cartesian_ik,20761680,True,True,,1,0.15819354401901364,0.030505823,0.15819354401901364,0.18299179605673999
50,distant_c0.8_from0.8,4,ompl_uniform,20761680,True,True,,1,0.1894340799190104,0.029614132,0.1894340799190104,0.19053770194295794
50,distant_c0.8_from0.8,4,joint_projected,20761680,True,True,,1,0.2495184459257871,0.101290924,0.2495184459257871,0.2737399300094694
50,distant_c0.8_from0.8,5,cartesian_ik,20761781,True,True,,1,0.10941298201214522,0.021501341,0.10941298201214522,0.1345294020138681
50,distant_c0.8_from0.8,5,joint_projected,20761781,True,True,,1,0.17610090097878128,0.106933229,0.17610090097878128,0.20008870807942003
50,distant_c0.8_from0.8,5,ompl_uniform,20761781,True,True,,1,0.17016506800428033,0.030919526,0.17016506800428033,0.1712480989517644
50,distant_c0.8_from0.8,6,ompl_uniform,20761882,True,True,,1,0.22130929306149483,0.018051748,0.22130929306149483,0.2229452410247177
50,distant_c0.8_from0.8,6,joint_projected,20761882,True,True,,1,0.20755105197895318,0.122950423,0.20755105197895318,0.23185262305196375
50,distant_c0.8_from0.8,6,cartesian_ik,20761882,True,True,,1,0.15481038996949792,0.027714428,0.15481038996949792,0.17874064610805362
50,distant_c0.8_from0.8,7,cartesian_ik,20761983,True,True,,1,0.09601786406710744,0.028892521,0.09601786406710744,0.12028388003818691
50,distant_c0.8_from0.8,7,ompl_uniform,20761983,True,True,,1,0.1279197270050645,0.020613616,0.1279197270050645,0.12923276401124895
50,distant_c0.8_from0.8,7,joint_projected,20761983,True,True,,1,0.17188102600630373,0.135968264,0.17188102600630373,0.19618284713942558
50,distant_c0.8_from0.8,8,joint_projected,20762084,True,True,,1,0.2811756219016388,0.133655047,0.2811756219016388,0.30526536714751273
50,distant_c0.8_from0.8,8,cartesian_ik,20762084,True,True,,1,0.209624056937173,0.028645902,0.209624056937173,0.23374022811185569
50,distant_c0.8_from0.8,8,ompl_uniform,20762084,True,True,,1,0.21383745304774493,0.028135228,0.21383745304774493,0.21494589804206043
50,distant_c0.8_from0.8,9,cartesian_ik,20762185,True,True,,1,0.13655187899712473,0.032704599,0.13655187899712473,0.16078450914938003
50,distant_c0.8_from0.8,9,ompl_uniform,20762185,True,True,,1,0.26359290501568466,0.035927632,0.26359290501568466,0.26482683198992163
50,distant_c0.8_from0.8,9,joint_projected,20762185,True,True,,1,0.2705386389279738,0.106732025,0.2705386389279738,0.29480090108700097
18,central_c0.8_from0.8,0,ompl_uniform,20441052,True,True,,1,0.43650398903992027,0.051817781,0.43650398903992027,0.43789881898555905
18,central_c0.8_from0.8,0,cartesian_ik,20441052,True,True,,1,0.157862119958736,0.048320654,0.157862119958736,0.20171729498542845
18,central_c0.8_from0.8,0,joint_projected,20441052,True,True,,1,0.16412506299093366,0.029842494,0.16412506299093366,0.2080399941187352
18,central_c0.8_from0.8,1,ompl_uniform,20441153,True,True,,1,0.28856990195345134,0.045140654,0.28856990195345134,0.29013341199606657
18,central_c0.8_from0.8,1,cartesian_ik,20441153,True,True,,1,0.21622935705818236,0.06366562,0.21622935705818236,0.2603414610493928
18,central_c0.8_from0.8,1,joint_projected,20441153,True,True,,1,0.15773753204848617,0.030846762,0.15773753204848617,0.2014786790823564
18,central_c0.8_from0.8,2,cartesian_ik,20441254,True,True,,1,0.1511582509847358,0.082077946,0.1511582509847358,0.19580449303612113
18,central_c0.8_from0.8,2,joint_projected,20441254,True,True,,1,0.21382607705891132,0.041773481,0.21382607705891132,0.2576578389853239
18,central_c0.8_from0.8,2,ompl_uniform,20441254,True,True,,1,0.18845915200654417,0.036553238,0.18845915200654417,0.18982292001601309
18,central_c0.8_from0.8,3,cartesian_ik,20441355,True,True,,1,0.2127289860509336,0.081840292,0.2127289860509336,0.2566972359782085
18,central_c0.8_from0.8,3,joint_projected,20441355,True,True,,1,0.17965551803354174,0.025551403,0.17965551803354174,0.22345785202924162
18,central_c0.8_from0.8,3,ompl_uniform,20441355,True,True,,1,0.4813684499822557,0.042808972,0.4813684499822557,0.4835250220494345
18,central_c0.8_from0.8,4,joint_projected,20441456,True,True,,1,0.21797679900191724,0.032214353,0.21797679900191724,0.26291684503667057
18,central_c0.8_from0.8,4,cartesian_ik,20441456,True,True,,1,0.26333557500038296,0.065222703,0.26333557500038296,0.30805643706116825
18,central_c0.8_from0.8,4,ompl_uniform,20441456,True,True,,1,0.1239810970146209,0.020739512,0.1239810970146209,0.12532933102920651
18,central_c0.8_from0.8,5,joint_projected,20441557,True,True,,1,0.24951676290947944,0.03493924,0.24951676290947944,0.2934868070296943
18,central_c0.8_from0.8,5,cartesian_ik,20441557,True,True,,1,0.2635277300141752,0.093995572,0.2635277300141752,0.30837248696479946
18,central_c0.8_from0.8,5,ompl_uniform,20441557,True,True,,1,0.49422850098926574,0.036993237,0.49422850098926574,0.4958693479420617
18,central_c0.8_from0.8,6,cartesian_ik,20441658,True,True,,1,0.1163155750837177,0.063718079,0.1163155750837177,0.16149949398823082
18,central_c0.8_from0.8,6,joint_projected,20441658,True,True,,1,0.1626985139446333,0.041344934,0.1626985139446333,0.20627778896596283
18,central_c0.8_from0.8,6,ompl_uniform,20441658,True,True,,1,0.22412705095484853,0.032286902,0.22412705095484853,0.22559801710303873
18,central_c0.8_from0.8,7,ompl_uniform,20441759,True,True,,1,0.3079434030223638,0.035992522,0.3079434030223638,0.30959090893156826
18,central_c0.8_from0.8,7,joint_projected,20441759,True,True,,1,0.11230845795944333,0.021355598,0.11230845795944333,0.15631093306001276
18,central_c0.8_from0.8,7,cartesian_ik,20441759,True,True,,1,0.1738136550411582,0.032414145,0.1738136550411582,0.2179552090819925
18,central_c0.8_from0.8,8,ompl_uniform,20441860,True,True,,1,0.25560017593670636,0.037184839,0.25560017593670636,0.2570681369397789
18,central_c0.8_from0.8,8,joint_projected,20441860,True,True,,1,0.14441120997071266,0.032493637,0.14441120997071266,0.18829473899677396
18,central_c0.8_from0.8,8,cartesian_ik,20441860,True,True,,1,0.08422693202737719,0.019454799,0.08422693202737719,0.12795207707677037
18,central_c0.8_from0.8,9,ompl_uniform,20441961,True,True,,1,0.19899197900667787,0.022844939,0.19899197900667787,0.2009488269686699
18,central_c0.8_from0.8,9,cartesian_ik,20441961,True,True,,1,0.09043964301235974,0.036679265,0.09043964301235974,0.13449530501384288
18,central_c0.8_from0.8,9,joint_projected,20441961,True,True,,1,0.1584544359939173,0.030607495,0.1584544359939173,0.2023655939847231
34,offset_c0.8_from0.8,0,ompl_uniform,20601164,True,True,,1,0.13420654891524464,0.032319703,0.13420654891524464,0.13518347300123423
34,offset_c0.8_from0.8,0,cartesian_ik,20601164,True,True,,1,0.14258605299983174,0.033578133,0.14258605299983174,0.16591478988993913
34,offset_c0.8_from0.8,0,joint_projected,20601164,True,True,,1,0.06624985800590366,0.027865795,0.06624985800590366,0.08943045593332499
34,offset_c0.8_from0.8,1,joint_projected,20601265,True,True,,1,0.17906603892333806,0.034663977,0.17906603892333806,0.20131098187994212
34,offset_c0.8_from0.8,1,ompl_uniform,20601265,True,True,,1,0.10106677608564496,0.017712735,0.10106677608564496,0.10219897690694779
34,offset_c0.8_from0.8,1,cartesian_ik,20601265,True,True,,1,0.14910354104358703,0.040810103,0.14910354104358703,0.17154264403507113
34,offset_c0.8_from0.8,2,cartesian_ik,20601366,True,True,,1,0.0908439279301092,0.042267951,0.0908439279301092,0.11328916193451732
34,offset_c0.8_from0.8,2,ompl_uniform,20601366,True,True,,1,0.10736922698561102,0.016049511,0.10736922698561102,0.10872372891753912
34,offset_c0.8_from0.8,2,joint_projected,20601366,True,True,,1,0.14810649794526398,0.019652782,0.14810649794526398,0.17053812299855053
34,offset_c0.8_from0.8,3,ompl_uniform,20601467,True,True,,1,0.15625009394716471,0.031969072,0.15625009394716471,0.1574424320133403
34,offset_c0.8_from0.8,3,cartesian_ik,20601467,True,True,,1,0.07835832703858614,0.043559776,0.07835832703858614,0.10155552602373064
34,offset_c0.8_from0.8,3,joint_projected,20601467,True,True,,1,0.21511552203446627,0.029122169,0.21511552203446627,0.23943512595724314
34,offset_c0.8_from0.8,4,joint_projected,20601568,True,True,,1,0.06738445302471519,0.017765288,0.06738445302471519,0.09568155591841787
34,offset_c0.8_from0.8,4,cartesian_ik,20601568,True,True,,1,0.14927050494588912,0.029206324,0.14927050494588912,0.1731657769996673
34,offset_c0.8_from0.8,4,ompl_uniform,20601568,True,True,,1,0.1515286270296201,0.017762424,0.1515286270296201,0.15294977102894336
34,offset_c0.8_from0.8,5,cartesian_ik,20601669,True,True,,1,0.20231653295923024,0.031553248,0.20231653295923024,0.22583674697671086
34,offset_c0.8_from0.8,5,ompl_uniform,20601669,True,True,,1,0.17299574601929635,0.025117795,0.17299574601929635,0.17421727196779102
34,offset_c0.8_from0.8,5,joint_projected,20601669,True,True,,1,0.15132652001921088,0.029074261,0.15132652001921088,0.17396035592537373
34,offset_c0.8_from0.8,6,cartesian_ik,20601770,True,True,,1,0.11809577804524451,0.016492085,0.11809577804524451,0.1413713269867003
34,offset_c0.8_from0.8,6,joint_projected,20601770,True,True,,1,0.2003301220247522,0.042898994,0.2003301220247522,0.22259557794313878
34,offset_c0.8_from0.8,6,ompl_uniform,20601770,True,True,,1,0.18255358596798033,0.022251089,0.18255358596798033,0.1837791120633483
34,offset_c0.8_from0.8,7,ompl_uniform,20601871,True,True,,1,0.1558498099911958,0.028862796,0.1558498099911958,0.1570888829883188
34,offset_c0.8_from0.8,7,joint_projected,20601871,True,True,,1,0.14951274695340544,0.022188031,0.14951274695340544,0.1721745248651132
34,offset_c0.8_from0.8,7,cartesian_ik,20601871,True,True,,1,0.15779815008863807,0.020783657,0.15779815008863807,0.18043170194141567
34,offset_c0.8_from0.8,8,ompl_uniform,20601972,True,True,,1,0.14870354195591062,0.015685089,0.14870354195591062,0.15015309408772737
34,offset_c0.8_from0.8,8,cartesian_ik,20601972,True,True,,1,0.13112658902537078,0.02328005,0.13112658902537078,0.15376288397237659
34,offset_c0.8_from0.8,8,joint_projected,20601972,True,True,,1,0.1314214860321954,0.020305698,0.1314214860321954,0.15446219383738935
34,offset_c0.8_from0.8,9,joint_projected,20602073,True,True,,1,0.1881034269463271,0.02063755,0.1881034269463271,0.21061664796434343
34,offset_c0.8_from0.8,9,ompl_uniform,20602073,True,True,,1,0.21147561690304428,0.02014972,0.21147561690304428,0.2127430560067296
34,offset_c0.8_from0.8,9,cartesian_ik,20602073,True,True,,1,0.08928122592624277,0.037618591,0.08928122592624277,0.11176740995142609
45,distant_c0.2_from0.2,0,cartesian_ik,20711241,True,True,,1,0.15925103600602597,0.022757417,0.15925103600602597,0.1838050588266924
45,distant_c0.2_from0.2,0,joint_projected,20711241,True,True,,1,0.2386783470865339,0.034367732,0.2386783470865339,0.26336333889048547
45,distant_c0.2_from0.2,0,ompl_uniform,20711241,True,True,,1,0.10255046503152698,0.018277162,0.10255046503152698,0.10387019498739392
45,distant_c0.2_from0.2,1,joint_projected,20711342,True,True,,1,0.11361432797275484,0.017781533,0.11361432797275484,0.13795081491116434
45,distant_c0.2_from0.2,1,ompl_uniform,20711342,True,True,,1,0.23013564001303166,0.040240553,0.23013564001303166,0.23135494405869395
45,distant_c0.2_from0.2,1,cartesian_ik,20711342,True,True,,1,0.22847243503201753,0.026495561,0.22847243503201753,0.25317246990744025
45,distant_c0.2_from0.2,2,ompl_uniform,20711443,True,True,,1,0.22265615197829902,0.043073208,0.22265615197829902,0.2241314760176465
45,distant_c0.2_from0.2,2,cartesian_ik,20711443,True,True,,1,0.21159570303279907,0.028224552,0.21159570303279907,0.2361226629000157
45,distant_c0.2_from0.2,2,joint_projected,20711443,True,True,,1,0.1382952550193295,0.019034411,0.1382952550193295,0.16293259896337986
45,distant_c0.2_from0.2,3,joint_projected,20711544,True,True,,1,0.2082455880008638,0.035295598,0.2082455880008638,0.23253393091727048
45,distant_c0.2_from0.2,3,ompl_uniform,20711544,True,True,,1,0.16451244300697,0.03219479,0.16451244300697,0.1656459840014577
45,distant_c0.2_from0.2,3,cartesian_ik,20711544,True,True,,1,0.10637017490807921,0.033912296,0.10637017490807921,0.13061981787905097
45,distant_c0.2_from0.2,4,cartesian_ik,20711645,True,True,,1,0.12992323690559715,0.041757846,0.12992323690559715,0.1550041058799252
45,distant_c0.2_from0.2,4,joint_projected,20711645,True,True,,1,0.14025444199796766,0.021496291,0.14025444199796766,0.16439342789817601
45,distant_c0.2_from0.2,4,ompl_uniform,20711645,True,True,,1,0.20755666110198945,0.032555975,0.20755666110198945,0.20944876410067081
45,distant_c0.2_from0.2,5,ompl_uniform,20711746,True,True,,1,0.20646415499504656,0.029747312,0.20646415499504656,0.20787528296932578
45,distant_c0.2_from0.2,5,cartesian_ik,20711746,True,True,,1,0.22611317806877196,0.023334853,0.22611317806877196,0.2510647368617356
45,distant_c0.2_from0.2,5,joint_projected,20711746,True,True,,1,0.21466288703959435,0.032061576,0.21466288703959435,0.25330101686995476
45,distant_c0.2_from0.2,6,cartesian_ik,20711847,True,True,,1,0.07438338897190988,0.01350492,0.07438338897190988,0.10033407795708627
45,distant_c0.2_from0.2,6,ompl_uniform,20711847,True,True,,1,0.13495978200808167,0.030845814,0.13495978200808167,0.13610181806143373
45,distant_c0.2_from0.2,6,joint_projected,20711847,True,True,,1,0.21076348796486855,0.018830651,0.21076348796486855,0.23505505383946002
45,distant_c0.2_from0.2,7,ompl_uniform,20711948,True,True,,1,0.21690906106960028,0.024655674,0.21690906106960028,0.21837613498792052
45,distant_c0.2_from0.2,7,cartesian_ik,20711948,True,True,,1,0.17744174296967685,0.029234949,0.17744174296967685,0.2018149629002437
45,distant_c0.2_from0.2,7,joint_projected,20711948,True,True,,1,0.1669700569473207,0.020765757,0.1669700569473207,0.19119229493662715
45,distant_c0.2_from0.2,8,joint_projected,20712049,True,True,,1,0.07313182298094034,0.02362908,0.07313182298094034,0.0973192349774763
45,distant_c0.2_from0.2,8,ompl_uniform,20712049,True,True,,1,0.2054986400762573,0.025706228,0.2054986400762573,0.20681932801380754
45,distant_c0.2_from0.2,8,cartesian_ik,20712049,True,True,,1,0.08558994403574616,0.046662858,0.08558994403574616,0.1097535848384723
45,distant_c0.2_from0.2,9,joint_projected,20712150,True,True,,1,0.12431337498128414,0.030101841,0.12431337498128414,0.14827731694094837
45,distant_c0.2_from0.2,9,cartesian_ik,20712150,True,True,,1,0.15045949595514685,0.043644187,0.15045949595514685,0.1748568449402228
45,distant_c0.2_from0.2,9,ompl_uniform,20712150,True,True,,1,0.12353981600608677,0.040034661,0.12353981600608677,0.12476048502139747
