environment,stratum,repeat,mode,seed,success,planner_success,failure_stage,error_code,action_wall_s,moveit_planning_s,par2_s,end_to_end_wall_s
24,offset_c0.2,0,ompl_uniform,20501095,True,True,,1,0.21192785596940666,0.013825501,0.21192785596940666,0.2133002849877812
24,offset_c0.2,0,cartesian_ik,20501095,True,True,,1,0.2877098430180922,0.057226489,0.2877098430180922,0.30852637300267816
24,offset_c0.2,0,joint_projected,20501095,True,True,,1,0.09283859300194308,0.025011973,0.09283859300194308,0.11335506400791928
24,offset_c0.2,1,cartesian_ik,20501196,True,True,,1,0.06999970797915012,0.010729508,0.06999970797915012,0.09014373901300132
24,offset_c0.2,1,ompl_uniform,20501196,True,True,,1,0.1366277210181579,0.01313396,0.1366277210181579,0.13833678798982874
24,offset_c0.2,1,joint_projected,20501196,True,True,,1,0.15936186804901809,0.026682014,0.15936186804901809,0.17957745003513992
24,offset_c0.2,2,joint_projected,20501297,True,True,,1,0.1369310689624399,0.015250254,0.1369310689624399,0.15734462899854407
24,offset_c0.2,2,cartesian_ik,20501297,True,True,,1,0.07985214295331389,0.017517158,0.07985214295331389,0.09990041301352903
24,offset_c0.2,2,ompl_uniform,20501297,True,True,,1,0.11570797098102048,0.012954054,0.11570797098102048,0.11745825101388618
24,offset_c0.2,3,ompl_uniform,20501398,True,True,,1,0.17900460498640314,0.025832608,0.17900460498640314,0.18100705003598705
24,offset_c0.2,3,cartesian_ik,20501398,True,True,,1,0.1920974479871802,0.01161995,0.1920974479871802,0.21262256801128387
24,offset_c0.2,3,joint_projected,20501398,True,True,,1,0.12365829799091443,0.01163257,0.12365829799091443,0.14397844596533105
24,offset_c0.2,4,cartesian_ik,20501499,True,True,,1,0.13872665900271386,0.025596449,0.13872665900271386,0.15904113597935066
24,offset_c0.2,4,ompl_uniform,20501499,True,True,,1,0.17112259700661525,0.010662828,0.17112259700661525,0.1728582169744186
24,offset_c0.2,4,joint_projected,20501499,True,True,,1,0.12675890402169898,0.030646888,0.12675890402169898,0.14714409096632153
39,offset_c0.8,0,cartesian_ik,20651200,True,True,,1,0.1363824100117199,0.030290931,0.1363824100117199,0.15708635101327673
39,offset_c0.8,0,joint_projected,20651200,True,True,,1,0.09970725298626348,0.024931614,0.09970725298626348,0.12007803900633007
39,offset_c0.8,0,ompl_uniform,20651200,True,True,,1,0.15112567198229954,0.015878988,0.15112567198229954,0.1527332440018654
39,offset_c0.8,1,joint_projected,20651301,True,True,,1,0.1408851709566079,0.032554928,0.1408851709566079,0.161952766997274
39,offset_c0.8,1,cartesian_ik,20651301,True,True,,1,0.13199222699040547,0.044868204,0.13199222699040547,0.15209869795944542
39,offset_c0.8,1,ompl_uniform,20651301,True,True,,1,0.1483858409919776,0.019656734,0.1483858409919776,0.1500396000337787
39,offset_c0.8,2,cartesian_ik,20651402,True,True,,1,0.17480566998710856,0.014917092,0.17480566998710856,0.19536225096089765
39,offset_c0.8,2,ompl_uniform,20651402,True,True,,1,0.30772986001102254,0.019002653,0.30772986001102254,0.3095494040171616
39,offset_c0.8,2,joint_projected,20651402,True,True,,1,0.10951355705037713,0.023555075,0.10951355705037713,0.1300142839900218
39,offset_c0.8,3,cartesian_ik,20651503,True,True,,1,0.21651087899226695,0.038285443,0.21651087899226695,0.23685314995236695
39,offset_c0.8,3,joint_projected,20651503,True,True,,1,0.04057440801989287,0.019383351,0.04057440801989287,0.06070766597986221
39,offset_c0.8,3,ompl_uniform,20651503,True,True,,1,0.1277866960153915,0.010361572,0.1277866960153915,0.12925675901351497
39,offset_c0.8,4,joint_projected,20651604,True,True,,1,0.11532707000151277,0.019552949,0.11532707000151277,0.13553337496705353
39,offset_c0.8,4,cartesian_ik,20651604,True,True,,1,0.05338242097059265,0.04004178,0.05338242097059265,0.07329616800416261
39,offset_c0.8,4,ompl_uniform,20651604,True,True,,1,0.11287423997418955,0.008207548,0.11287423997418955,0.11439016700023785
30,offset_c0.8,0,cartesian_ik,20561137,True,True,,1,0.2111317430390045,0.023540549,0.2111317430390045,0.23100117093417794
30,offset_c0.8,0,ompl_uniform,20561137,True,True,,1,0.12410271901171654,0.022100095,0.12410271901171654,0.1256473219837062
30,offset_c0.8,0,joint_projected,20561137,True,True,,1,0.08402105898130685,0.017916088,0.08402105898130685,0.10401708696736023
30,offset_c0.8,1,ompl_uniform,20561238,True,True,,1,0.1628568260348402,0.007722257,0.1628568260348402,0.16439411201281473
30,offset_c0.8,1,joint_projected,20561238,True,True,,1,0.19785559695446864,0.018280818,0.19785559695446864,0.2182639169623144
30,offset_c0.8,1,cartesian_ik,20561238,True,True,,1,0.2872122399858199,0.043178555,0.2872122399858199,0.30757734196959063
30,offset_c0.8,2,cartesian_ik,20561339,True,True,,1,0.08124981401488185,0.03561413,0.08124981401488185,0.1012723749736324
30,offset_c0.8,2,ompl_uniform,20561339,True,True,,1,0.11502582504181191,0.018395789,0.11502582504181191,0.1165523329982534
30,offset_c0.8,2,joint_projected,20561339,True,True,,1,0.21663802600232884,0.026576967,0.21663802600232884,0.23730784497456625
30,offset_c0.8,3,ompl_uniform,20561440,True,True,,1,0.152454046998173,0.013995309,0.152454046998173,0.15409523900598288
30,offset_c0.8,3,cartesian_ik,20561440,True,True,,1,0.18143586401129141,0.027575978,0.18143586401129141,0.20221560500795022
30,offset_c0.8,3,joint_projected,20561440,True,True,,1,0.1475224289461039,0.0283091,0.1475224289461039,0.16844972094986588
30,offset_c0.8,4,ompl_uniform,20561541,True,True,,1,0.21772047400008887,0.010284479,0.21772047400008887,0.21955680998507887
30,offset_c0.8,4,joint_projected,20561541,True,True,,1,0.14001822198042646,0.020869052,0.14001822198042646,0.16093983501195908
30,offset_c0.8,4,cartesian_ik,20561541,True,True,,1,0.13862924295244738,0.021544832,0.13862924295244738,0.15902011597063392
18,central_c0.8,0,ompl_uniform,20441053,True,True,,1,0.13855515100294724,0.007498375,0.13855515100294724,0.14017705898731947
18,central_c0.8,0,joint_projected,20441053,True,True,,1,0.06909222202375531,0.031413688,0.06909222202375531,0.08903161401394755
18,central_c0.8,0,cartesian_ik,20441053,True,True,,1,0.155186612973921,0.024612252,0.155186612973921,0.17523092700866982
18,central_c0.8,1,joint_projected,20441154,True,True,,1,0.15014938300009817,0.033402802,0.15014938300009817,0.17017807898810133
18,central_c0.8,1,ompl_uniform,20441154,True,True,,1,0.1102322670049034,0.00676732,0.1102322670049034,0.11202353500993922
18,central_c0.8,1,cartesian_ik,20441154,True,True,,1,0.1038157879956998,0.019324179,0.1038157879956998,0.12370533304056153
18,central_c0.8,2,joint_projected,20441255,True,True,,1,0.2195540780085139,0.02246214,0.2195540780085139,0.23984832200221717
18,central_c0.8,2,cartesian_ik,20441255,True,True,,1,0.10041670000646263,0.024208212,0.10041670000646263,0.12038507999386638
18,central_c0.8,2,ompl_uniform,20441255,True,True,,1,0.15460601297672838,0.010885135,0.15460601297672838,0.1562311799498275
18,central_c0.8,3,cartesian_ik,20441356,True,True,,1,0.12860919599188492,0.024947371,0.12860919599188492,0.1490235449746251
18,central_c0.8,3,joint_projected,20441356,True,True,,1,0.10960043501108885,0.030464289,0.10960043501108885,0.1294737010030076
18,central_c0.8,3,ompl_uniform,20441356,True,True,,1,0.12501703400630504,0.011512371,0.12501703400630504,0.12663021497428417
18,central_c0.8,4,cartesian_ik,20441457,True,True,,1,0.15346704103285447,0.017667275,0.15346704103285447,0.1735384850180708
18,central_c0.8,4,ompl_uniform,20441457,True,True,,1,0.0784356200019829,0.01697608,0.0784356200019829,0.08022443600930274
18,central_c0.8,4,joint_projected,20441457,True,True,,1,0.2146131070330739,0.034979049,0.2146131070330739,0.23467481799889356
35,offset_c0.8,0,joint_projected,20611172,True,True,,1,0.11994049197528511,0.026906813,0.11994049197528511,0.140195420011878
35,offset_c0.8,0,cartesian_ik,20611172,True,True,,1,0.19337490299949422,0.017350621,0.19337490299949422,0.21383332001278177
35,offset_c0.8,0,ompl_uniform,20611172,True,True,,1,0.1127741559757851,0.014982103,0.1127741559757851,0.11471838201396167
35,offset_c0.8,1,cartesian_ik,20611273,True,True,,1,0.07938868901692331,0.012978722,0.07938868901692331,0.10009516298305243
35,offset_c0.8,1,joint_projected,20611273,True,True,,1,0.16117194097023457,0.015913383,0.16117194097023457,0.18183781701372936
35,offset_c0.8,1,ompl_uniform,20611273,True,True,,1,0.19623472198145464,0.00653361,0.19623472198145464,0.1978625600459054
35,offset_c0.8,2,ompl_uniform,20611374,True,True,,1,0.17211832100292668,0.010633121,0.17211832100292668,0.17398015002254397
35,offset_c0.8,2,joint_projected,20611374,True,True,,1,0.08547298196936026,0.021510717,0.08547298196936026,0.10603820299729705
35,offset_c0.8,2,cartesian_ik,20611374,True,True,,1,0.22323262999998406,0.017974276,0.22323262999998406,0.24376974999904633
35,offset_c0.8,3,ompl_uniform,20611475,True,True,,1,0.10331103700445965,0.009903766,0.10331103700445965,0.10491772997193038
35,offset_c0.8,3,cartesian_ik,20611475,True,True,,1,0.12248113000532612,0.024159257,0.12248113000532612,0.14303930598543957
35,offset_c0.8,3,joint_projected,20611475,True,True,,1,0.06775501900119707,0.01212612,0.06775501900119707,0.08808347297599539
35,offset_c0.8,4,cartesian_ik,20611576,True,True,,1,0.04182715603383258,0.033632715,0.04182715603383258,0.062051296001300216
35,offset_c0.8,4,ompl_uniform,20611576,True,True,,1,0.13795038900570944,0.017594407,0.13795038900570944,0.13939060800476
35,offset_c0.8,4,joint_projected,20611576,True,True,,1,0.12251613399712369,0.016848152,0.12251613399712369,0.14316890301415697
16,central_c0.8,0,cartesian_ik,20421039,True,True,,1,0.1356631510425359,0.011871133,0.1356631510425359,0.15789023297838867
16,central_c0.8,0,ompl_uniform,20421039,True,True,,1,0.12984102999325842,0.011808847,0.12984102999325842,0.13172496401239187
16,central_c0.8,0,joint_projected,20421039,True,True,,1,0.1210924899787642,0.012681499,0.1210924899787642,0.14332589600235224
16,central_c0.8,1,joint_projected,20421140,True,True,,1,0.035669360018800944,0.013306043,0.035669360018800944,0.0581663929624483
16,central_c0.8,1,cartesian_ik,20421140,True,True,,1,0.20544743299251422,0.032077014,0.20544743299251422,0.228329824982211
16,central_c0.8,1,ompl_uniform,20421140,True,True,,1,0.14894929999718443,0.012639962,0.14894929999718443,0.15047393401619047
16,central_c0.8,2,cartesian_ik,20421241,True,True,,1,0.04924125800607726,0.016098275,0.04924125800607726,0.07163336797384545
16,central_c0.8,2,ompl_uniform,20421241,True,True,,1,0.15005161298904568,0.009688805,0.15005161298904568,0.15163261600537226
16,central_c0.8,2,joint_projected,20421241,True,True,,1,0.14533499802928418,0.021410876,0.14533499802928418,0.16782017203513533
16,central_c0.8,3,cartesian_ik,20421342,True,True,,1,0.1089245619950816,0.006551134,0.1089245619950816,0.13126247294712812
16,central_c0.8,3,joint_projected,20421342,True,True,,1,0.0858295820071362,0.0318835,0.0858295820071362,0.1078474799869582
16,central_c0.8,3,ompl_uniform,20421342,True,True,,1,0.1293745880248025,0.009983357,0.1293745880248025,0.13090921100229025
16,central_c0.8,4,cartesian_ik,20421443,True,True,,1,0.0791513419826515,0.024828519,0.0791513419826515,0.10144655295880511
16,central_c0.8,4,joint_projected,20421443,True,True,,1,0.17188517696922645,0.030277675,0.17188517696922645,0.1941059719538316
16,central_c0.8,4,ompl_uniform,20421443,True,True,,1,0.06685077998554334,0.008819245,0.06685077998554334,0.06867361202603206
11,central_c0.8,0,cartesian_ik,20371004,True,True,,1,0.09770212398143485,0.025428553,0.09770212398143485,0.11968437198083848
11,central_c0.8,0,ompl_uniform,20371004,True,True,,1,0.14269317197613418,0.016965091,0.14269317197613418,0.14428818196756765
11,central_c0.8,0,joint_projected,20371004,True,True,,1,0.17172323499107733,0.021045049,0.17172323499107733,0.19396105693886057
11,central_c0.8,1,joint_projected,20371105,True,True,,1,0.13853628898505121,0.025670124,0.13853628898505121,0.16027530102292076
11,central_c0.8,1,ompl_uniform,20371105,True,True,,1,0.14425213995855302,0.015737253,0.14425213995855302,0.14611459098523483
11,central_c0.8,1,cartesian_ik,20371105,True,True,,1,0.05302402103552595,0.024356646,0.05302402103552595,0.07493059703847393
11,central_c0.8,2,joint_projected,20371206,True,True,,1,0.13902509002946317,0.030074962,0.13902509002946317,0.16067490895511582
11,central_c0.8,2,cartesian_ik,20371206,True,True,,1,0.18294582201633602,0.072405804,0.18294582201633602,0.204755193029996
11,central_c0.8,2,ompl_uniform,20371206,True,True,,1,0.130296561983414,0.024038022,0.130296561983414,0.13193756598047912
11,central_c0.8,3,joint_projected,20371307,True,True,,1,0.05211895296815783,0.011706591,0.05211895296815783,0.07387422898318619
11,central_c0.8,3,ompl_uniform,20371307,True,True,,1,0.1548723999876529,0.033662325,0.1548723999876529,0.1565930069773458
11,central_c0.8,3,cartesian_ik,20371307,True,True,,1,0.1732591440086253,0.062870404,0.1732591440086253,0.19513133697910234
11,central_c0.8,4,cartesian_ik,20371408,True,True,,1,0.250870488001965,0.053034002,0.250870488001965,0.27293931401800364
11,central_c0.8,4,joint_projected,20371408,True,True,,1,0.12414703099057078,0.020117145,0.12414703099057078,0.14602726098382846
11,central_c0.8,4,ompl_uniform,20371408,True,True,,1,0.13153574097668752,0.010265164,0.13153574097668752,0.13333374599460512
14,central_c0.8,0,joint_projected,20401025,True,True,,1,0.43904596602078527,0.148652746,0.43904596602078527,0.459803918027319
14,central_c0.8,0,ompl_uniform,20401025,True,True,,1,0.19657312199706212,0.01479498,0.19657312199706212,0.19840684701921418
14,central_c0.8,0,cartesian_ik,20401025,True,True,,1,0.1794283430208452,0.0493163,0.1794283430208452,0.20020322792697698
14,central_c0.8,1,ompl_uniform,20401126,True,True,,1,0.16000296495622024,0.010795981,0.16000296495622024,0.16172213898971677
14,central_c0.8,1,cartesian_ik,20401126,True,True,,1,0.12561759300297126,0.026070814,0.12561759300297126,0.14618972194148228
14,central_c0.8,1,joint_projected,20401126,True,True,,1,0.25405362097080797,0.027670115,0.25405362097080797,0.27459930296754465
14,central_c0.8,2,cartesian_ik,20401227,True,True,,1,0.15704004297731444,0.024465984,0.15704004297731444,0.17775406496366486
14,central_c0.8,2,joint_projected,20401227,True,True,,1,1.3118005319847725,1.153583432,1.3118005319847725,1.3323727709939703
14,central_c0.8,2,ompl_uniform,20401227,True,True,,1,0.1438117619836703,0.026571737,0.1438117619836703,0.14575518399942666
14,central_c0.8,3,cartesian_ik,20401328,True,True,,1,0.15970279701286927,0.014935539,0.15970279701286927,0.18058670801110566
14,central_c0.8,3,joint_projected,20401328,True,True,,1,0.05335437803296372,0.016406808,0.05335437803296372,0.07388787093805149
14,central_c0.8,3,ompl_uniform,20401328,True,True,,1,0.2171584700117819,0.03400943,0.2171584700117819,0.21925836300943047
14,central_c0.8,4,cartesian_ik,20401429,True,True,,1,0.1436863670242019,0.022463646,0.1436863670242019,0.16432114696362987
14,central_c0.8,4,joint_projected,20401429,True,True,,1,0.1812275039847009,0.038016233,0.1812275039847009,0.20214407402090728
14,central_c0.8,4,ompl_uniform,20401429,True,True,,1,0.15302141098072752,0.031531275,0.15302141098072752,0.15460014599375427
5,central_c0.2,0,joint_projected,20310962,True,True,,1,0.09458442201139405,0.017169421,0.09458442201139405,0.11549886700231582
5,central_c0.2,0,cartesian_ik,20310962,True,True,,1,0.12733172095613554,0.032103079,0.12733172095613554,0.1482040740083903
5,central_c0.2,0,ompl_uniform,20310962,True,True,,1,0.14325647801160812,0.012482009,0.14325647801160812,0.14495730196358636
5,central_c0.2,1,cartesian_ik,20311063,True,True,,1,0.09117631101980805,0.011212622,0.09117631101980805,0.11217095697065815
5,central_c0.2,1,ompl_uniform,20311063,True,True,,1,0.2083052730304189,0.022967938,0.2083052730304189,0.21010602702153847
5,central_c0.2,1,joint_projected,20311063,True,True,,1,0.12317085301037878,0.013771327,0.12317085301037878,0.14422857895260677
5,central_c0.2,2,cartesian_ik,20311164,True,True,,1,0.18089386104838923,0.035382061,0.18089386104838923,0.2020049410057254
5,central_c0.2,2,joint_projected,20311164,True,True,,1,0.0868400190374814,0.022260582,0.0868400190374814,0.10766174900345504
5,central_c0.2,2,ompl_uniform,20311164,True,True,,1,0.1938447670545429,0.02763906,0.1938447670545429,0.19551286002388224
5,central_c0.2,3,ompl_uniform,20311265,True,True,,1,0.16498604498337954,0.015791028,0.16498604498337954,0.16665552201448008
5,central_c0.2,3,joint_projected,20311265,True,True,,1,0.1522102970047854,0.014714881,0.1522102970047854,0.17351914197206497
5,central_c0.2,3,cartesian_ik,20311265,True,True,,1,0.12546554597793147,0.016857273,0.12546554597793147,0.14621359197190031
5,central_c0.2,4,ompl_uniform,20311366,True,True,,1,0.17998890299350023,0.025388109,0.17998890299350023,0.181692895013839
5,central_c0.2,4,joint_projected,20311366,True,True,,1,0.05356336903059855,0.023807317,0.05356336903059855,0.07484163396293297
5,central_c0.2,4,cartesian_ik,20311366,True,True,,1,0.07965246099047363,0.024186543,0.07965246099047363,0.10034750396152958
1,central_c0.2,0,joint_projected,20270934,True,True,,1,0.08763781399466097,0.012960652,0.08763781399466097,0.10822205699514598
1,central_c0.2,0,ompl_uniform,20270934,True,True,,1,0.15630873496411368,0.013551716,0.15630873496411368,0.15797872096300125
1,central_c0.2,0,cartesian_ik,20270934,True,True,,1,0.09707564098061994,0.00887325,0.09707564098061994,0.11804374802159145
1,central_c0.2,1,cartesian_ik,20271035,True,True,,1,0.3762261899537407,0.045292117,0.3762261899537407,0.3972665870678611
1,central_c0.2,1,ompl_uniform,20271035,True,True,,1,0.13540215499233454,0.016570486,0.13540215499233454,0.13709912303602323
1,central_c0.2,1,joint_projected,20271035,True,True,,1,0.21099744096864015,0.02769396,0.21099744096864015,0.2318856620695442
1,central_c0.2,2,ompl_uniform,20271136,True,True,,1,0.08927179704187438,0.020295598,0.08927179704187438,0.0909699669573456
1,central_c0.2,2,joint_projected,20271136,True,True,,1,0.15600428800098598,0.036013501,0.15600428800098598,0.17740632401546463
1,central_c0.2,2,cartesian_ik,20271136,True,True,,1,0.08535394602222368,0.023092753,0.08535394602222368,0.10634685907280073
1,central_c0.2,3,joint_projected,20271237,True,True,,1,0.05081062199315056,0.020939702,0.05081062199315056,0.07182884501526132
1,central_c0.2,3,cartesian_ik,20271237,True,True,,1,0.02477041498059407,0.006554596,0.02477041498059407,0.04563867801334709
1,central_c0.2,3,ompl_uniform,20271237,True,True,,1,0.10676467604935169,0.01869568,0.10676467604935169,0.10842838196549565
1,central_c0.2,4,joint_projected,20271338,True,True,,1,0.11501171998679638,0.023932414,0.11501171998679638,0.13610767107456923
1,central_c0.2,4,ompl_uniform,20271338,True,True,,1,0.14081228198483586,0.011387915,0.14081228198483586,0.14242261101026088
1,central_c0.2,4,cartesian_ik,20271338,True,True,,1,0.1033197789802216,0.012083381,0.1033197789802216,0.12423329905141145
57,distant_c0.8,0,cartesian_ik,20831326,True,True,,1,0.10019391600508243,0.016871092,0.10019391600508243,0.12094661593437195
57,distant_c0.8,0,ompl_uniform,20831326,True,True,,1,0.1801782280090265,0.010043235,0.1801782280090265,0.18174031702801585
57,distant_c0.8,0,joint_projected,20831326,True,True,,1,0.07207680004648864,0.016386751,0.07207680004648864,0.09264664596412331
57,distant_c0.8,1,cartesian_ik,20831427,True,True,,1,0.09904406097484753,0.007284443,0.09904406097484753,0.11962475499603897
57,distant_c0.8,1,joint_projected,20831427,True,True,,1,0.08792904601432383,0.01349209,0.08792904601432383,0.10820710501866415
57,distant_c0.8,1,ompl_uniform,20831427,True,True,,1,0.08657645201310515,0.011219047,0.08657645201310515,0.08794563001720235
57,distant_c0.8,2,joint_projected,20831528,True,True,,1,0.1041373879997991,0.021827997,0.1041373879997991,0.1250238769571297
57,distant_c0.8,2,cartesian_ik,20831528,True,True,,1,0.1165630699833855,0.007607393,0.1165630699833855,0.137519676994998
57,distant_c0.8,2,ompl_uniform,20831528,True,True,,1,0.17484315403271466,0.014422071,0.17484315403271466,0.1765600990038365
57,distant_c0.8,3,joint_projected,20831629,True,True,,1,0.10066040401579812,0.009317451,0.10066040401579812,0.12125301593914628
57,distant_c0.8,3,ompl_uniform,20831629,True,True,,1,0.15019405103521422,0.010866005,0.15019405103521422,0.1516356169595383
57,distant_c0.8,3,cartesian_ik,20831629,True,True,,1,0.11966448597377166,0.02333592,0.11966448597377166,0.1401961479568854
57,distant_c0.8,4,ompl_uniform,20831730,True,True,,1,0.10051156603731215,0.01950627,0.10051156603731215,0.10209387401118875
57,distant_c0.8,4,cartesian_ik,20831730,True,True,,1,0.15624206798383966,0.029657881,0.15624206798383966,0.17706316302064806
57,distant_c0.8,4,joint_projected,20831730,True,True,,1,0.10313664498971775,0.033900938,0.10313664498971775,0.12386517401318997
34,offset_c0.8,0,ompl_uniform,20601165,True,True,,1,0.060183537018019706,0.003688245,0.060183537018019706,0.06183972698636353
34,offset_c0.8,0,joint_projected,20601165,True,True,,1,0.12433676200453192,0.035372615,0.12433676200453192,0.14589314197655767
34,offset_c0.8,0,cartesian_ik,20601165,True,True,,1,0.15380481496686116,0.042302105,0.15380481496686116,0.17532101302640513
34,offset_c0.8,1,joint_projected,20601266,True,True,,1,0.07423988403752446,0.020261568,0.07423988403752446,0.09595764701953158
34,offset_c0.8,1,ompl_uniform,20601266,True,True,,1,0.11827392701525241,0.018174477,0.11827392701525241,0.119929083972238
34,offset_c0.8,1,cartesian_ik,20601266,True,True,,1,0.08523354300996289,0.022112193,0.08523354300996289,0.10659984598169103
34,offset_c0.8,2,joint_projected,20601367,True,True,,1,0.0871156090288423,0.016434703,0.0871156090288423,0.10861206101253629
34,offset_c0.8,2,cartesian_ik,20601367,True,True,,1,0.09268657205393538,0.02850845,0.09268657205393538,0.1141145849833265
34,offset_c0.8,2,ompl_uniform,20601367,True,True,,1,0.17916781996609643,0.010388838,0.17916781996609643,0.18074886698741466
34,offset_c0.8,3,joint_projected,20601468,True,True,,1,0.05929167603608221,0.014424432,0.05929167603608221,0.08089209697209299
34,offset_c0.8,3,ompl_uniform,20601468,True,True,,1,0.15369234298123047,0.027577455,0.15369234298123047,0.1551774310064502
34,offset_c0.8,3,cartesian_ik,20601468,True,True,,1,0.1354295689961873,0.023522761,0.1354295689961873,0.1567182260332629
34,offset_c0.8,4,cartesian_ik,20601569,True,True,,1,0.09899136802414432,0.022818834,0.09899136802414432,0.12018845800776035
34,offset_c0.8,4,ompl_uniform,20601569,True,True,,1,0.09477540396619588,0.021399526,0.09477540396619588,0.09655889502028003
34,offset_c0.8,4,joint_projected,20601569,True,True,,1,0.05974877398693934,0.024747024,0.05974877398693934,0.081151137012057
0,central_c0.2,0,ompl_uniform,20260927,True,True,,1,0.1648715300252661,0.008551226,0.1648715300252661,0.16654583596391603
0,central_c0.2,0,joint_projected,20260927,True,True,,1,0.24068847601301968,0.022508368,0.24068847601301968,0.27735570102231577
0,central_c0.2,0,cartesian_ik,20260927,True,True,,1,0.08051222295034677,0.016690511,0.08051222295034677,0.1172884360421449
0,central_c0.2,1,joint_projected,20261028,True,True,,1,0.08672784600639716,0.013136288,0.08672784600639716,0.12340001598931849
0,central_c0.2,1,ompl_uniform,20261028,True,True,,1,0.11235011700773612,0.024680716,0.11235011700773612,0.1143116180319339
0,central_c0.2,1,cartesian_ik,20261028,True,True,,1,0.10421784897334874,0.009257501,0.10421784897334874,0.14115722698625177
0,central_c0.2,2,ompl_uniform,20261129,True,True,,1,0.18212490697624162,0.019566759,0.18212490697624162,0.18379358999663964
0,central_c0.2,2,cartesian_ik,20261129,True,True,,1,0.12043207604438066,0.006417607,0.12043207604438066,0.15722458995878696
0,central_c0.2,2,joint_projected,20261129,True,True,,1,0.09198884398210794,0.014597011,0.09198884398210794,0.12860384600935504
0,central_c0.2,3,cartesian_ik,20261230,True,True,,1,0.1181538220262155,0.020776195,0.1181538220262155,0.15475732402410358
0,central_c0.2,3,joint_projected,20261230,True,True,,1,0.06251330295344815,0.025028876,0.06251330295344815,0.09889076504623517
0,central_c0.2,3,ompl_uniform,20261230,True,True,,1,0.13102705602068454,0.01696152,0.13102705602068454,0.13249733799602836
0,central_c0.2,4,joint_projected,20261331,True,True,,1,0.06872261699754745,0.020849398,0.06872261699754745,0.10523506603203714
0,central_c0.2,4,ompl_uniform,20261331,True,True,,1,0.13632369897095487,0.017926523,0.13632369897095487,0.13813415897311643
0,central_c0.2,4,cartesian_ik,20261331,True,True,,1,0.12317098601488397,0.033498373,0.12317098601488397,0.15949985099723563
54,distant_c0.8,0,ompl_uniform,20801305,True,True,,1,0.18979385297279805,0.010232213,0.18979385297279805,0.1915136420284398
54,distant_c0.8,0,joint_projected,20801305,True,True,,1,0.03614275099243969,0.01767532,0.03614275099243969,0.05668143095681444
54,distant_c0.8,0,cartesian_ik,20801305,True,True,,1,0.0812632649904117,0.007630453,0.0812632649904117,0.10199969197856262
54,distant_c0.8,1,ompl_uniform,20801406,True,True,,1,0.17633999703684822,0.011892729,0.17633999703684822,0.17802097299136221
54,distant_c0.8,1,cartesian_ik,20801406,True,True,,1,0.15168907103361562,0.029286162,0.15168907103361562,0.1726461099460721
54,distant_c0.8,1,joint_projected,20801406,True,True,,1,0.09834249701816589,0.01913293,0.09834249701816589,0.11915545293595642
54,distant_c0.8,2,ompl_uniform,20801507,True,True,,1,0.15574879897758365,0.008464519,0.15574879897758365,0.1573985909926705
54,distant_c0.8,2,joint_projected,20801507,True,True,,1,0.08604940102668479,0.009225355,0.08604940102668479,0.10704960697330534
54,distant_c0.8,2,cartesian_ik,20801507,True,True,,1,0.19157672597793862,0.032195292,0.19157672597793862,0.21197351295268163
54,distant_c0.8,3,cartesian_ik,20801608,True,True,,1,0.06046581902774051,0.015799832,0.06046581902774051,0.0811981309670955
54,distant_c0.8,3,joint_projected,20801608,True,True,,1,0.111028190003708,0.018716017,0.111028190003708,0.1317810009350069
54,distant_c0.8,3,ompl_uniform,20801608,True,True,,1,0.1881945669883862,0.011775484,0.1881945669883862,0.18952761101536453
54,distant_c0.8,4,cartesian_ik,20801709,True,True,,1,0.10850656096590683,0.01280761,0.10850656096590683,0.1292371879098937
54,distant_c0.8,4,ompl_uniform,20801709,True,True,,1,0.12906845298130065,0.009014655,0.12906845298130065,0.13034236000385135
54,distant_c0.8,4,joint_projected,20801709,True,True,,1,0.08012993296142668,0.01693051,0.08012993296142668,0.10060928296297789
17,central_c0.8,0,cartesian_ik,20431046,True,True,,1,0.20428817701758817,0.07092821,0.20428817701758817,0.2251083980081603
17,central_c0.8,0,joint_projected,20431046,True,True,,1,0.1502298280247487,0.114531055,0.1502298280247487,0.17177032097242773
17,central_c0.8,0,ompl_uniform,20431046,True,True,,1,0.131645307992585,0.010400136,0.131645307992585,0.1330358920386061
17,central_c0.8,1,ompl_uniform,20431147,True,True,,1,0.09962836297927424,0.012059083,0.09962836297927424,0.10148787399521098
17,central_c0.8,1,cartesian_ik,20431147,True,True,,1,0.24290579499211162,0.099687817,0.24290579499211162,0.2640791689627804
17,central_c0.8,1,joint_projected,20431147,True,True,,1,0.2465260779717937,0.113394347,0.2465260779717937,0.2678788779885508
17,central_c0.8,2,cartesian_ik,20431248,True,True,,1,0.2668285580002703,0.030113232,0.2668285580002703,0.2885405099950731
17,central_c0.8,2,joint_projected,20431248,True,True,,1,0.4224720029742457,0.171026552,0.4224720029742457,0.4441707099904306
17,central_c0.8,2,ompl_uniform,20431248,True,True,,1,0.21316624101018533,0.0093936,0.21316624101018533,0.21534847503062338
17,central_c0.8,3,cartesian_ik,20431349,True,True,,1,0.13846175494836643,0.065165873,0.13846175494836643,0.15956397500121966
17,central_c0.8,3,joint_projected,20431349,True,True,,1,0.34876406902913004,0.109271761,0.34876406902913004,0.37010941898915917
17,central_c0.8,3,ompl_uniform,20431349,True,True,,1,0.10891966096824035,0.010185782,0.10891966096824035,0.11081851401831955
17,central_c0.8,4,cartesian_ik,20431450,True,True,,1,0.09571081702597439,0.017354668,0.09571081702597439,0.11694873898522928
17,central_c0.8,4,ompl_uniform,20431450,True,True,,1,0.1581776650273241,0.029970935,0.1581776650273241,0.1601075700018555
17,central_c0.8,4,joint_projected,20431450,True,True,,1,0.1950241129961796,0.117412573,0.1950241129961796,0.21646230202168226
9,central_c0.2,0,cartesian_ik,20350990,True,True,,1,0.08405176299856976,0.01442125,0.08405176299856976,0.10469417099375278
9,central_c0.2,0,ompl_uniform,20350990,True,True,,1,0.20015897403936833,0.012913397,0.20015897403936833,0.20162730501033366
9,central_c0.2,0,joint_projected,20350990,True,True,,1,0.09678406099556014,0.028142569,0.09678406099556014,0.11788110004272312
9,central_c0.2,1,cartesian_ik,20351091,True,True,,1,0.07900634699035436,0.032100822,0.07900634699035436,0.09969283302780241
9,central_c0.2,1,joint_projected,20351091,True,True,,1,0.1866652109893039,0.047659901,0.1866652109893039,0.20769911899697036
9,central_c0.2,1,ompl_uniform,20351091,True,True,,1,0.14047772297635674,0.028805267,0.14047772297635674,0.14232518401695415
9,central_c0.2,2,joint_projected,20351192,True,True,,1,0.05678583000553772,0.015113944,0.05678583000553772,0.07731124601559713
9,central_c0.2,2,ompl_uniform,20351192,True,True,,1,0.16110557701904327,0.016937598,0.16110557701904327,0.16269625100539997
9,central_c0.2,2,cartesian_ik,20351192,True,True,,1,0.23195116396527737,0.042902429,0.23195116396527737,0.25313704303698614
9,central_c0.2,3,ompl_uniform,20351293,True,True,,1,0.09430134698050097,0.020620261,0.09430134698050097,0.095893885998521
9,central_c0.2,3,joint_projected,20351293,True,True,,1,0.18572306795977056,0.033702087,0.18572306795977056,0.2065514950081706
9,central_c0.2,3,cartesian_ik,20351293,True,True,,1,0.14841942401835695,0.013167415,0.14841942401835695,0.1690703029744327
9,central_c0.2,4,cartesian_ik,20351394,True,True,,1,0.10865573200862855,0.021365394,0.10865573200862855,0.1292326680268161
9,central_c0.2,4,ompl_uniform,20351394,True,True,,1,0.17511284200008959,0.008078485,0.17511284200008959,0.17681777098914608
9,central_c0.2,4,joint_projected,20351394,True,True,,1,0.1407956230104901,0.018721168,0.1407956230104901,0.1610763439675793
12,central_c0.8,0,ompl_uniform,20381011,True,True,,1,0.18247844104189426,0.031351773,0.18247844104189426,0.18446798803051934
12,central_c0.8,0,cartesian_ik,20381011,True,True,,1,0.13911018095677719,0.042794176,0.13911018095677719,0.16209647298092023
12,central_c0.8,0,joint_projected,20381011,True,True,,1,0.21963677502935752,0.089214195,0.21963677502935752,0.24250983499223366
12,central_c0.8,1,joint_projected,20381112,True,True,,1,0.3578967969515361,0.085800129,0.3578967969515361,0.3805631980067119
12,central_c0.8,1,ompl_uniform,20381112,True,True,,1,0.182879525993485,0.012814039,0.182879525993485,0.18465829599881545
12,central_c0.8,1,cartesian_ik,20381112,True,True,,1,0.17543294903589413,0.059586447,0.17543294903589413,0.19824827497359365
12,central_c0.8,2,joint_projected,20381213,True,True,,1,0.23625812301179394,0.059554511,0.23625812301179394,0.2583356709801592
12,central_c0.8,2,ompl_uniform,20381213,True,True,,1,0.1472055020276457,0.014013661,0.1472055020276457,0.14913885097485036
12,central_c0.8,2,cartesian_ik,20381213,True,True,,1,0.3450565540115349,0.190470936,0.3450565540115349,0.3684714010450989
12,central_c0.8,3,joint_projected,20381314,True,True,,1,0.25530150602571666,0.097040499,0.25530150602571666,0.2780755249550566
12,central_c0.8,3,cartesian_ik,20381314,True,True,,1,0.13245504396036267,0.043233333,0.13245504396036267,0.1552861899835989
12,central_c0.8,3,ompl_uniform,20381314,True,True,,1,0.28623161098221317,0.019666381,0.28623161098221317,0.2885591330123134
12,central_c0.8,4,cartesian_ik,20381415,True,True,,1,0.22475618601310998,0.121476414,0.22475618601310998,0.24796838295878842
12,central_c0.8,4,ompl_uniform,20381415,True,True,,1,0.41852908802684397,0.033767883,0.41852908802684397,0.420715956017375
12,central_c0.8,4,joint_projected,20381415,True,True,,1,0.16031228698557243,0.066860399,0.16031228698557243,0.18333394097862765
36,offset_c0.8,0,joint_projected,20621179,True,True,,1,0.3186876829713583,0.178595441,0.3186876829713583,0.34144058800302446
36,offset_c0.8,0,ompl_uniform,20621179,True,True,,1,0.10637665400281549,0.02307271,0.10637665400281549,0.10805176798021421
36,offset_c0.8,0,cartesian_ik,20621179,True,True,,1,0.21400309295859188,0.061104214,0.21400309295859188,0.2367088120081462
36,offset_c0.8,1,cartesian_ik,20621280,True,True,,1,0.11177456099539995,0.046771178,0.11177456099539995,0.1346996400388889
36,offset_c0.8,1,joint_projected,20621280,True,True,,1,0.27723803103435785,0.179416009,0.27723803103435785,0.2998376850155182
36,offset_c0.8,1,ompl_uniform,20621280,True,True,,1,0.22765123896533623,0.024957791,0.22765123896533623,0.22949106799205765
36,offset_c0.8,2,joint_projected,20621381,True,True,,1,0.2497564050136134,0.182397244,0.2497564050136134,0.27303850307362154
36,offset_c0.8,2,ompl_uniform,20621381,True,True,,1,0.1680389359826222,0.017022462,0.1680389359826222,0.16969531000358984
36,offset_c0.8,2,cartesian_ik,20621381,True,True,,1,0.3975313139962964,0.109611051,0.3975313139962964,0.42066108604194596
36,offset_c0.8,3,joint_projected,20621482,True,True,,1,0.24405260203639045,0.177981175,0.24405260203639045,0.2667588160838932
36,offset_c0.8,3,cartesian_ik,20621482,True,True,,1,0.1628093799808994,0.076274109,0.1628093799808994,0.18558983702678233
36,offset_c0.8,3,ompl_uniform,20621482,True,True,,1,0.24348144995747134,0.021420285,0.24348144995747134,0.24531537696020678
36,offset_c0.8,4,joint_projected,20621583,True,True,,1,0.28169257898116484,0.196712465,0.28169257898116484,0.30484593100845814
36,offset_c0.8,4,ompl_uniform,20621583,True,True,,1,0.12084011803381145,0.011121996,0.12084011803381145,0.12263299099868163
36,offset_c0.8,4,cartesian_ik,20621583,True,True,,1,0.30630914197536185,0.231459565,0.30630914197536185,0.3292390280403197
7,central_c0.2,0,joint_projected,20330976,True,True,,1,0.11654045199975371,0.039192478,0.11654045199975371,0.15188801800832152
7,central_c0.2,0,ompl_uniform,20330976,True,True,,1,0.12175734603079036,0.011278945,0.12175734603079036,0.12315720901824534
7,central_c0.2,0,cartesian_ik,20330976,True,True,,1,0.1301330840215087,0.015891394,0.1301330840215087,0.16607177001424134
7,central_c0.2,1,joint_projected,20331077,True,True,,1,0.10516488197026774,0.035873406,0.10516488197026774,0.14073318702867255
7,central_c0.2,1,cartesian_ik,20331077,True,True,,1,0.05600798298837617,0.018496512,0.05600798298837617,0.09104625502368435
7,central_c0.2,1,ompl_uniform,20331077,True,True,,1,0.14930709800682962,0.007658076,0.14930709800682962,0.15103229600936174
7,central_c0.2,2,joint_projected,20331178,True,True,,1,0.11564075102796778,0.01768799,0.11564075102796778,0.1510883360169828
7,central_c0.2,2,cartesian_ik,20331178,True,True,,1,0.06543951301136985,0.009206289,0.06543951301136985,0.10057507897727191
7,central_c0.2,2,ompl_uniform,20331178,True,True,,1,0.10652650700649247,0.00949568,0.10652650700649247,0.10822440899210051
7,central_c0.2,3,ompl_uniform,20331279,True,True,,1,0.13742760103195906,0.01095955,0.13742760103195906,0.13918148999800906
7,central_c0.2,3,cartesian_ik,20331279,True,True,,1,0.08173080196138471,0.003197955,0.08173080196138471,0.11706391995539889
7,central_c0.2,3,joint_projected,20331279,True,True,,1,0.19548630999634042,0.018079909,0.19548630999634042,0.23118056100793183
7,central_c0.2,4,joint_projected,20331380,True,True,,1,0.11418247100664303,0.020961828,0.11418247100664303,0.14954505197238177
7,central_c0.2,4,ompl_uniform,20331380,True,True,,1,0.11096819798694924,0.006142485,0.11096819798694924,0.11253018502611667
7,central_c0.2,4,cartesian_ik,20331380,True,True,,1,0.1074025520356372,0.019254715,0.1074025520356372,0.14282201800961047
47,distant_c0.2,0,ompl_uniform,20731256,True,True,,1,0.10300890798680484,0.023276127,0.10300890798680484,0.10456402803538367
47,distant_c0.2,0,joint_projected,20731256,True,True,,1,0.08672884595580399,0.026010003,0.08672884595580399,0.10681542498059571
47,distant_c0.2,0,cartesian_ik,20731256,True,True,,1,0.0963645710144192,0.009561318,0.0963645710144192,0.1158719839877449
47,distant_c0.2,1,joint_projected,20731357,True,True,,1,0.16036554501624778,0.023799969,0.16036554501624778,0.18037295999238268
47,distant_c0.2,1,cartesian_ik,20731357,True,True,,1,0.11219692399026826,0.013084485,0.11219692399026826,0.13232527201762423
47,distant_c0.2,1,ompl_uniform,20731357,True,True,,1,0.19462415296584368,0.010518129,0.19462415296584368,0.1961639659712091
47,distant_c0.2,2,cartesian_ik,20731458,True,True,,1,0.13011828600428998,0.014279656,0.13011828600428998,0.15093959297519177
47,distant_c0.2,2,ompl_uniform,20731458,True,True,,1,0.15703156701056287,0.010788453,0.15703156701056287,0.15848039695993066
47,distant_c0.2,2,joint_projected,20731458,True,True,,1,0.12295074900612235,0.026883698,0.12295074900612235,0.1433903930010274
47,distant_c0.2,3,joint_projected,20731559,True,True,,1,0.10825367801589891,0.017655091,0.10825367801589891,0.12803543993504718
47,distant_c0.2,3,cartesian_ik,20731559,True,True,,1,0.05747847497696057,0.006691788,0.05747847497696057,0.0775600989582017
47,distant_c0.2,3,ompl_uniform,20731559,True,True,,1,0.1527103899861686,0.009508317,0.1527103899861686,0.15412921097595245
47,distant_c0.2,4,cartesian_ik,20731660,True,True,,1,0.14847881702007726,0.01957308,0.14847881702007726,0.168401027971413
47,distant_c0.2,4,joint_projected,20731660,True,True,,1,0.06812124198768288,0.018918815,0.06812124198768288,0.08834701497107744
47,distant_c0.2,4,ompl_uniform,20731660,True,True,,1,0.185333767964039,0.00894169,0.185333767964039,0.18697778502246365
42,distant_c0.2,0,ompl_uniform,20681221,True,True,,1,0.17518503504106775,0.010149125,0.17518503504106775,0.1764948070049286
42,distant_c0.2,0,joint_projected,20681221,True,True,,1,0.04342066799290478,0.027490729,0.04342066799290478,0.06391662498936057
42,distant_c0.2,0,cartesian_ik,20681221,True,True,,1,0.10853692895034328,0.014060619,0.10853692895034328,0.12892980297328904
42,distant_c0.2,1,cartesian_ik,20681322,True,True,,1,0.06351783103309572,0.017299617,0.06351783103309572,0.084183637984097
42,distant_c0.2,1,ompl_uniform,20681322,True,True,,1,0.1088361149886623,0.008791558,0.1088361149886623,0.11015851597767323
42,distant_c0.2,1,joint_projected,20681322,True,True,,1,0.13934569503180683,0.016549019,0.13934569503180683,0.1604011330055073
42,distant_c0.2,2,joint_projected,20681423,True,True,,1,0.11850929202046245,0.022037284,0.11850929202046245,0.13903059699805453
42,distant_c0.2,2,ompl_uniform,20681423,True,True,,1,0.057321411033626646,0.0092029,0.057321411033626646,0.05880702700233087
42,distant_c0.2,2,cartesian_ik,20681423,True,True,,1,0.07842586899641901,0.018889275,0.07842586899641901,0.09873119305120781
42,distant_c0.2,3,ompl_uniform,20681524,True,True,,1,0.09714012697804719,0.023972749,0.09714012697804719,0.09850303805433214
42,distant_c0.2,3,cartesian_ik,20681524,True,True,,1,0.13170504296431318,0.02057365,0.13170504296431318,0.15229994198307395
42,distant_c0.2,3,joint_projected,20681524,True,True,,1,0.15490986104123294,0.02646763,0.15490986104123294,0.17502674501156434
42,distant_c0.2,4,cartesian_ik,20681625,True,True,,1,0.07450454100035131,0.012475557,0.07450454100035131,0.09445036097895354
42,distant_c0.2,4,ompl_uniform,20681625,True,True,,1,0.16002556297462434,0.01360785,0.16002556297462434,0.1614208550308831
42,distant_c0.2,4,joint_projected,20681625,True,True,,1,0.11029542301548645,0.026262381,0.11029542301548645,0.1307377940393053
41,distant_c0.2,0,ompl_uniform,20671214,True,True,,1,0.1604108010069467,0.012840944,0.1604108010069467,0.16192775999661535
41,distant_c0.2,0,cartesian_ik,20671214,True,True,,1,0.06413658201927319,0.01676575,0.06413658201927319,0.08460259903222322
41,distant_c0.2,0,joint_projected,20671214,True,True,,1,0.1120583179872483,0.032792066,0.1120583179872483,0.13234258606098592
41,distant_c0.2,1,cartesian_ik,20671315,True,True,,1,0.13146835495717824,0.010938417,0.13146835495717824,0.15232644201023504
41,distant_c0.2,1,ompl_uniform,20671315,True,True,,1,0.11398715700488538,0.010007229,0.11398715700488538,0.11544754699571058
41,distant_c0.2,1,joint_projected,20671315,True,True,,1,0.1150797950103879,0.02038234,0.1150797950103879,0.13572254200698808
41,distant_c0.2,2,cartesian_ik,20671416,True,True,,1,0.06436186097562313,0.007578527,0.06436186097562313,0.08510851400205866
41,distant_c0.2,2,ompl_uniform,20671416,True,True,,1,0.1050363700487651,0.010317434,0.1050363700487651,0.10661611997056752
41,distant_c0.2,2,joint_projected,20671416,True,True,,1,0.06281741900602356,0.020918132,0.06281741900602356,0.08361605601385236
41,distant_c0.2,3,ompl_uniform,20671517,True,True,,1,0.12358141300501302,0.008766848,0.12358141300501302,0.12525405798805878
41,distant_c0.2,3,joint_projected,20671517,True,True,,1,0.06707373599056154,0.015457815,0.06707373599056154,0.08797650301130489
41,distant_c0.2,3,cartesian_ik,20671517,True,True,,1,0.027232654974795878,0.012741748,0.027232654974795878,0.04783757700351998
41,distant_c0.2,4,cartesian_ik,20671618,True,True,,1,0.06962442601798102,0.027895522,0.06962442601798102,0.08965653902851045
41,distant_c0.2,4,ompl_uniform,20671618,True,True,,1,0.183435584011022,0.009243734,0.183435584011022,0.18510937999235466
41,distant_c0.2,4,joint_projected,20671618,True,True,,1,0.14245622896123677,0.026435692,0.14245622896123677,0.16329482500441372
38,offset_c0.8,0,ompl_uniform,20641193,True,True,,1,0.09783860901370645,0.009136934,0.09783860901370645,0.0994979789829813
38,offset_c0.8,0,cartesian_ik,20641193,True,True,,1,0.08197079098317772,0.034593194,0.08197079098317772,0.10223695199238136
38,offset_c0.8,0,joint_projected,20641193,True,True,,1,0.056902767973951995,0.024660888,0.056902767973951995,0.0769656149786897
38,offset_c0.8,1,joint_projected,20641294,True,True,,1,0.16285840602358803,0.042117699,0.16285840602358803,0.18308516300749034
38,offset_c0.8,1,cartesian_ik,20641294,True,True,,1,0.13000520697096363,0.037732397,0.13000520697096363,0.15029289200901985
38,offset_c0.8,1,ompl_uniform,20641294,True,True,,1,0.13317337102489546,0.023440323,0.13317337102489546,0.1343712710076943
38,offset_c0.8,2,ompl_uniform,20641395,True,True,,1,0.16422162804519758,0.023200575,0.16422162804519758,0.16596039599971846
38,offset_c0.8,2,joint_projected,20641395,True,True,,1,0.06886205601040274,0.031984949,0.06886205601040274,0.0895383590250276
38,offset_c0.8,2,cartesian_ik,20641395,True,True,,1,0.1722446649800986,0.037489131,0.1722446649800986,0.1923369980067946
38,offset_c0.8,3,ompl_uniform,20641496,True,True,,1,0.15845435700612143,0.007312142,0.15845435700612143,0.15987717197276652
38,offset_c0.8,3,cartesian_ik,20641496,True,True,,1,0.15911559399683028,0.032804307,0.15911559399683028,0.17921455897158012
38,offset_c0.8,3,joint_projected,20641496,True,True,,1,0.1361049910192378,0.037256674,0.1361049910192378,0.15638528001727536
38,offset_c0.8,4,ompl_uniform,20641597,True,True,,1,0.15510387503309175,0.009999397,0.15510387503309175,0.15653874998679385
38,offset_c0.8,4,cartesian_ik,20641597,True,True,,1,0.1459828009828925,0.035311689,0.1459828009828925,0.16627657803473994
38,offset_c0.8,4,joint_projected,20641597,True,True,,1,0.059462074015755206,0.026101174,0.059462074015755206,0.07948469597613439
46,distant_c0.2,0,joint_projected,20721249,True,True,,1,0.1274670130223967,0.015471793,0.1274670130223967,0.14769819198409095
46,distant_c0.2,0,ompl_uniform,20721249,True,True,,1,0.09089272998971865,0.017447151,0.09089272998971865,0.09235360997263342
46,distant_c0.2,0,cartesian_ik,20721249,True,True,,1,0.0821072609978728,0.007189989,0.0821072609978728,0.10224169096909463
46,distant_c0.2,1,ompl_uniform,20721350,True,True,,1,0.1457708920352161,0.009383334,0.1457708920352161,0.14718852296937257
46,distant_c0.2,1,cartesian_ik,20721350,True,True,,1,0.0611164559959434,0.006673046,0.0611164559959434,0.08155553101096302
46,distant_c0.2,1,joint_projected,20721350,True,True,,1,0.07634222198976204,0.016293515,0.07634222198976204,0.09646284097107127
46,distant_c0.2,2,joint_projected,20721451,True,True,,1,0.03221750498050824,0.011412253,0.03221750498050824,0.05233865696936846
46,distant_c0.2,2,ompl_uniform,20721451,True,True,,1,0.10854688100516796,0.012108313,0.10854688100516796,0.11028765502851456
46,distant_c0.2,2,cartesian_ik,20721451,True,True,,1,0.057770395011175424,0.01171665,0.057770395011175424,0.07777748996159062
46,distant_c0.2,3,cartesian_ik,20721552,True,True,,1,0.0408478649915196,0.00919415,0.0408478649915196,0.06130149197997525
46,distant_c0.2,3,joint_projected,20721552,True,True,,1,0.07787794596515596,0.027292827,0.07787794596515596,0.09775746602099389
46,distant_c0.2,3,ompl_uniform,20721552,True,True,,1,0.25913159700576216,0.034850771,0.25913159700576216,0.26094993902370334
46,distant_c0.2,4,cartesian_ik,20721653,True,True,,1,0.1184460690128617,0.009533215,0.1184460690128617,0.13884343398967758
46,distant_c0.2,4,ompl_uniform,20721653,True,True,,1,0.22331005899468437,0.010970721,0.22331005899468437,0.224732919014059
46,distant_c0.2,4,joint_projected,20721653,True,True,,1,0.11842632695334032,0.029589774,0.11842632695334032,0.1390849809977226
52,distant_c0.8,0,ompl_uniform,20781291,True,True,,1,0.1768926890217699,0.018549544,0.1768926890217699,0.17834733799099922
52,distant_c0.8,0,joint_projected,20781291,False,False,start_invalid_in_corridor,,0.0,0.0,6.0,0.019847919000312686
52,distant_c0.8,0,cartesian_ik,20781291,False,False,start_invalid_in_corridor,,0.0,0.0,6.0,0.01948695001192391
52,distant_c0.8,1,cartesian_ik,20781392,False,False,start_invalid_in_corridor,,0.0,0.0,6.0,0.0192049250472337
52,distant_c0.8,1,ompl_uniform,20781392,True,True,,1,0.15624070301419124,0.010573029,0.15624070301419124,0.15724306600168347
52,distant_c0.8,1,joint_projected,20781392,False,False,start_invalid_in_corridor,,0.0,0.0,6.0,0.01978669798700139
52,distant_c0.8,2,cartesian_ik,20781493,False,False,start_invalid_in_corridor,,0.0,0.0,6.0,0.019382158992812037
52,distant_c0.8,2,joint_projected,20781493,False,False,start_invalid_in_corridor,,0.0,0.0,6.0,0.019303500012028962
52,distant_c0.8,2,ompl_uniform,20781493,True,True,,1,0.11838342301780358,0.008139898,0.11838342301780358,0.1194555900292471
52,distant_c0.8,3,ompl_uniform,20781594,True,True,,1,0.18484262702986598,0.010791015,0.18484262702986598,0.18620896601350978
52,distant_c0.8,3,joint_projected,20781594,False,False,start_invalid_in_corridor,,0.0,0.0,6.0,0.02012125897454098
52,distant_c0.8,3,cartesian_ik,20781594,False,False,start_invalid_in_corridor,,0.0,0.0,6.0,0.01981927501037717
52,distant_c0.8,4,joint_projected,20781695,False,False,start_invalid_in_corridor,,0.0,0.0,6.0,0.019420387980062515
52,distant_c0.8,4,cartesian_ik,20781695,False,False,start_invalid_in_corridor,,0.0,0.0,6.0,0.019742251955904067
52,distant_c0.8,4,ompl_uniform,20781695,True,True,,1,0.1256905549671501,0.008022706,0.1256905549671501,0.12720240000635386
20,offset_c0.2,0,ompl_uniform,20461067,True,True,,1,0.16912240500096232,0.011198936,0.16912240500096232,0.17084426200017333
20,offset_c0.2,0,joint_projected,20461067,True,True,,1,0.21544715797062963,0.026161904,0.21544715797062963,0.23673798597883433
20,offset_c0.2,0,cartesian_ik,20461067,True,True,,1,0.19228698901133612,0.029527552,0.19228698901133612,0.21329447196330875
20,offset_c0.2,1,joint_projected,20461168,True,True,,1,0.22248469601618126,0.125648167,0.22248469601618126,0.24375058099394664
20,offset_c0.2,1,ompl_uniform,20461168,True,True,,1,0.1419646849972196,0.007674626,0.1419646849972196,0.14376201800769195
20,offset_c0.2,1,cartesian_ik,20461168,True,True,,1,0.07556514698080719,0.025833827,0.07556514698080719,0.0968278479995206
20,offset_c0.2,2,ompl_uniform,20461269,True,True,,1,0.11207464698236436,0.010082256,0.11207464698236436,0.11393445398425683
20,offset_c0.2,2,joint_projected,20461269,True,True,,1,0.4359116869745776,0.282734539,0.4359116869745776,0.45743141998536885
20,offset_c0.2,2,cartesian_ik,20461269,True,True,,1,0.2765231090015732,0.034028971,0.2765231090015732,0.2980456299846992
20,offset_c0.2,3,joint_projected,20461370,True,True,,1,0.08968068100512028,0.02259668,0.08968068100512028,0.11056381498929113
20,offset_c0.2,3,cartesian_ik,20461370,True,True,,1,0.1800244019832462,0.072005537,0.1800244019832462,0.2011576669756323
20,offset_c0.2,3,ompl_uniform,20461370,True,True,,1,0.13787194801261649,0.019135731,0.13787194801261649,0.13938454794697464
20,offset_c0.2,4,ompl_uniform,20461471,True,True,,1,0.1202163309790194,0.019708851,0.1202163309790194,0.12180970702320337
20,offset_c0.2,4,joint_projected,20461471,True,True,,1,0.15305910696042702,0.035690763,0.15305910696042702,0.17386945302132517
20,offset_c0.2,4,cartesian_ik,20461471,True,True,,1,0.4052581929718144,0.127627759,0.4052581929718144,0.42684337199898437
29,offset_c0.2,0,ompl_uniform,20551130,True,True,,1,0.16897165996488184,0.008563594,0.16897165996488184,0.17061903898138553
29,offset_c0.2,0,joint_projected,20551130,True,True,,1,0.18796267500147223,0.024788978,0.18796267500147223,0.20878630894003436
29,offset_c0.2,0,cartesian_ik,20551130,True,True,,1,0.07219321798766032,0.020370956,0.07219321798766032,0.09299292898504063
29,offset_c0.2,1,cartesian_ik,20551231,True,True,,1,0.20487684500403702,0.021457383,0.20487684500403702,0.22564646997489035
29,offset_c0.2,1,ompl_uniform,20551231,True,True,,1,0.14585976395756006,0.02089246,0.14585976395756006,0.14764994400320575
29,offset_c0.2,1,joint_projected,20551231,True,True,,1,0.0778571119881235,0.023656737,0.0778571119881235,0.09876037295907736
29,offset_c0.2,2,cartesian_ik,20551332,True,True,,1,0.19770913297543302,0.034137813,0.19770913297543302,0.21836511098081246
29,offset_c0.2,2,ompl_uniform,20551332,True,True,,1,0.1883346859831363,0.015259191,0.1883346859831363,0.1898527069715783
29,offset_c0.2,2,joint_projected,20551332,True,True,,1,0.14368526299949735,0.050145593,0.14368526299949735,0.16420573799405247
29,offset_c0.2,3,ompl_uniform,20551433,True,True,,1,0.2816167669952847,0.013215402,0.2816167669952847,0.28323717502644286
29,offset_c0.2,3,joint_projected,20551433,True,True,,1,0.12853905296651646,0.025870791,0.12853905296651646,0.14909645897569135
29,offset_c0.2,3,cartesian_ik,20551433,True,True,,1,0.19854161102557555,0.028877302,0.19854161102557555,0.2188755259849131
29,offset_c0.2,4,ompl_uniform,20551534,True,True,,1,0.16637566505232826,0.012683334,0.16637566505232826,0.16814992495346814
29,offset_c0.2,4,joint_projected,20551534,True,True,,1,0.31858133198693395,0.037807754,0.31858133198693395,0.3394661259953864
29,offset_c0.2,4,cartesian_ik,20551534,True,True,,1,0.15220263897208497,0.036598435,0.15220263897208497,0.17286015104036778
48,distant_c0.2,0,joint_projected,20741263,True,True,,1,0.12309070100309327,0.024138157,0.12309070100309327,0.1436543910531327
48,distant_c0.2,0,ompl_uniform,20741263,True,True,,1,0.22564453905215487,0.0284703,0.22564453905215487,0.22721560194622725
48,distant_c0.2,0,cartesian_ik,20741263,True,True,,1,0.08644677198026329,0.023029319,0.08644677198026329,0.10732414096128196
48,distant_c0.2,1,joint_projected,20741364,True,True,,1,0.08804922201670706,0.027188781,0.08804922201670706,0.10863212397089228
48,distant_c0.2,1,ompl_uniform,20741364,True,True,,1,0.08011218503816053,0.019540479,0.08011218503816053,0.08184952096780762
48,distant_c0.2,1,cartesian_ik,20741364,True,True,,1,0.07544720399891958,0.015622279,0.07544720399891958,0.09610530402278528
48,distant_c0.2,2,ompl_uniform,20741465,True,True,,1,0.14008811401436105,0.012752474,0.14008811401436105,0.1417169449850917
48,distant_c0.2,2,cartesian_ik,20741465,True,True,,1,0.03476326703093946,0.005768938,0.03476326703093946,0.055257808009628206
48,distant_c0.2,2,joint_projected,20741465,True,True,,1,0.03848032798850909,0.013655439,0.03848032798850909,0.058776045974809676
48,distant_c0.2,3,cartesian_ik,20741566,True,True,,1,0.08702398900641128,0.019231914,0.08702398900641128,0.10762772196903825
48,distant_c0.2,3,joint_projected,20741566,True,True,,1,0.07450038701063022,0.024864909,0.07450038701063022,0.09487921599065885
48,distant_c0.2,3,ompl_uniform,20741566,True,True,,1,0.2585120780277066,0.012332928,0.2585120780277066,0.2601050279918127
48,distant_c0.2,4,ompl_uniform,20741667,True,True,,1,0.11397156398743391,0.009044563,0.11397156398743391,0.11575839703436941
48,distant_c0.2,4,cartesian_ik,20741667,True,True,,1,0.12417160003678873,0.007020967,0.12417160003678873,0.145229899964761
48,distant_c0.2,4,joint_projected,20741667,True,True,,1,0.059225361968856305,0.02236858,0.059225361968856305,0.07956177101004869
22,offset_c0.2,0,cartesian_ik,20481081,False,False,start_invalid_in_corridor,,0.0,0.0,6.0,0.01943813101388514
22,offset_c0.2,0,ompl_uniform,20481081,True,True,,1,0.12353716895449907,0.008824604,0.12353716895449907,0.12509175401646644
22,offset_c0.2,0,joint_projected,20481081,False,False,start_invalid_in_corridor,,0.0,0.0,6.0,0.019576760940253735
22,offset_c0.2,1,ompl_uniform,20481182,True,True,,1,0.09446757100522518,0.019455048,0.09446757100522518,0.09602024604100734
22,offset_c0.2,1,joint_projected,20481182,False,False,start_invalid_in_corridor,,0.0,0.0,6.0,0.020044920966029167
22,offset_c0.2,1,cartesian_ik,20481182,False,False,start_invalid_in_corridor,,0.0,0.0,6.0,0.019174331973772496
22,offset_c0.2,2,ompl_uniform,20481283,True,True,,1,0.14460382098332047,0.013531232,0.14460382098332047,0.14586108800722286
22,offset_c0.2,2,joint_projected,20481283,False,False,start_invalid_in_corridor,,0.0,0.0,6.0,0.01969070400809869
22,offset_c0.2,2,cartesian_ik,20481283,False,False,start_invalid_in_corridor,,0.0,0.0,6.0,0.01926059095421806
22,offset_c0.2,3,joint_projected,20481384,False,False,start_invalid_in_corridor,,0.0,0.0,6.0,0.018822592974174768
22,offset_c0.2,3,cartesian_ik,20481384,False,False,start_invalid_in_corridor,,0.0,0.0,6.0,0.018628505000378937
22,offset_c0.2,3,ompl_uniform,20481384,True,True,,1,0.17578494199551642,0.027351668,0.17578494199551642,0.17686123098246753
22,offset_c0.2,4,ompl_uniform,20481485,True,True,,1,0.1481082469690591,0.019702335,0.1481082469690591,0.15000448399223387
22,offset_c0.2,4,joint_projected,20481485,False,False,start_invalid_in_corridor,,0.0,0.0,6.0,0.01987920596729964
22,offset_c0.2,4,cartesian_ik,20481485,False,False,start_invalid_in_corridor,,0.0,0.0,6.0,0.019630477007012814
58,distant_c0.8,0,joint_projected,20841333,True,True,,1,0.09425657201791182,0.018851672,0.09425657201791182,0.1156156969955191
58,distant_c0.8,0,cartesian_ik,20841333,True,True,,1,0.09949760197196156,0.014560608,0.09949760197196156,0.12161810300312936
58,distant_c0.8,0,ompl_uniform,20841333,True,True,,1,0.1075832310016267,0.023693464,0.1075832310016267,0.10926698002731428
58,distant_c0.8,1,cartesian_ik,20841434,True,True,,1,0.08616253500804305,0.010701488,0.08616253500804305,0.10845226602395996
58,distant_c0.8,1,joint_projected,20841434,True,True,,1,0.16695028403773904,0.033856531,0.16695028403773904,0.18909206095850095
58,distant_c0.8,1,ompl_uniform,20841434,True,True,,1,0.13123111700406298,0.009241295,0.13123111700406298,0.13299872796051204
58,distant_c0.8,2,ompl_uniform,20841535,True,True,,1,0.11333000601734966,0.00667828,0.11333000601734966,0.11514707998139784
58,distant_c0.8,2,joint_projected,20841535,True,True,,1,0.10737857699859887,0.029293529,0.10737857699859887,0.12983028299640864
58,distant_c0.8,2,cartesian_ik,20841535,True,True,,1,0.17634913796791807,0.042201304,0.17634913796791807,0.19876065000426024
58,distant_c0.8,3,cartesian_ik,20841636,True,True,,1,0.09463718300685287,0.006140818,0.09463718300685287,0.11674777703592554
58,distant_c0.8,3,ompl_uniform,20841636,True,True,,1,0.13581236300524324,0.010431047,0.13581236300524324,0.13754898397019133
58,distant_c0.8,3,joint_projected,20841636,True,True,,1,0.08886550297029316,0.018452902,0.08886550297029316,0.11115346598671749
58,distant_c0.8,4,cartesian_ik,20841737,True,True,,1,0.10666129301534966,0.019255139,0.10666129301534966,0.12870579294394702
58,distant_c0.8,4,ompl_uniform,20841737,True,True,,1,0.11328208399936557,0.013745479,0.11328208399936557,0.11493773601250723
58,distant_c0.8,4,joint_projected,20841737,True,True,,1,0.10972367797512561,0.031031373,0.10972367797512561,0.1323520970181562
19,central_c0.8,0,cartesian_ik,20451060,True,True,,1,0.18053627299377695,0.072056071,0.18053627299377695,0.20254740596283227
19,central_c0.8,0,joint_projected,20451060,True,True,,1,0.2768881149822846,0.116761756,0.2768881149822846,0.29898010997567326
19,central_c0.8,0,ompl_uniform,20451060,True,True,,1,0.16751953901257366,0.009824451,0.16751953901257366,0.16938901296816766
19,central_c0.8,1,ompl_uniform,20451161,True,True,,1,0.26663868996547535,0.035101857,0.26663868996547535,0.26870562601834536
19,central_c0.8,1,joint_projected,20451161,True,True,,1,0.21933537698350847,0.097606087,0.21933537698350847,0.24196460598614067
19,central_c0.8,1,cartesian_ik,20451161,True,True,,1,0.11910672299563885,0.043411567,0.11910672299563885,0.1417251589591615
19,central_c0.8,2,ompl_uniform,20451262,True,True,,1,0.17281707498477772,0.012832595,0.17281707498477772,0.1746760579990223
19,central_c0.8,2,joint_projected,20451262,True,True,,1,0.20030150498496369,0.097025796,0.20030150498496369,0.2228245289879851
19,central_c0.8,2,cartesian_ik,20451262,True,True,,1,0.22653102001640946,0.107278175,0.22653102001640946,0.24902899301378056
19,central_c0.8,3,cartesian_ik,20451363,True,True,,1,0.12432047596666962,0.076103628,0.12432047596666962,0.1464369210298173
19,central_c0.8,3,ompl_uniform,20451363,True,True,,1,0.13428839202970266,0.012118866,0.13428839202970266,0.1361839260207489
19,central_c0.8,3,joint_projected,20451363,True,True,,1,0.30518186202971265,0.098697239,0.30518186202971265,0.3280877600191161
19,central_c0.8,4,joint_projected,20451464,True,True,,1,0.25250099698314443,0.125677859,0.25250099698314443,0.2750003410037607
19,central_c0.8,4,cartesian_ik,20451464,True,True,,1,0.046118096041027457,0.023404007,0.046118096041027457,0.06861684797331691
19,central_c0.8,4,ompl_uniform,20451464,True,True,,1,0.06471972301369533,0.007057148,0.06471972301369533,0.06646034203004092
50,distant_c0.8,0,ompl_uniform,20761277,True,True,,1,0.15921939600957558,0.010053228,0.15921939600957558,0.16106687200954184
50,distant_c0.8,0,cartesian_ik,20761277,True,True,,1,0.06695203395793214,0.010475019,0.06695203395793214,0.08819143404252827
50,distant_c0.8,0,joint_projected,20761277,True,True,,1,0.05826069298200309,0.015154576,0.05826069298200309,0.0789187999907881
50,distant_c0.8,1,joint_projected,20761378,True,True,,1,0.10932667303131893,0.026153461,0.10932667303131893,0.1300246809842065
50,distant_c0.8,1,cartesian_ik,20761378,True,True,,1,0.11246273998403922,0.006268304,0.11246273998403922,0.1333605489344336
50,distant_c0.8,1,ompl_uniform,20761378,True,True,,1,0.15266572398832068,0.011947509,0.15266572398832068,0.1542727440246381
50,distant_c0.8,2,ompl_uniform,20761479,True,True,,1,0.21457722404738888,0.010875569,0.21457722404738888,0.21652496902970597
50,distant_c0.8,2,cartesian_ik,20761479,True,True,,1,0.10946983401663601,0.02237134,0.10946983401663601,0.13078307098476216
50,distant_c0.8,2,joint_projected,20761479,True,True,,1,0.08144654298666865,0.023362768,0.08144654298666865,0.10255925095407292
50,distant_c0.8,3,joint_projected,20761580,True,True,,1,0.15733822697075084,0.022880767,0.15733822697075084,0.17843073594849557
50,distant_c0.8,3,ompl_uniform,20761580,True,True,,1,0.10406630701618269,0.013320956,0.10406630701618269,0.1057646360131912
50,distant_c0.8,3,cartesian_ik,20761580,True,True,,1,0.0715970799792558,0.006393335,0.0715970799792558,0.09283146099187434
50,distant_c0.8,4,joint_projected,20761681,True,True,,1,0.08825034997425973,0.017741153,0.08825034997425973,0.10947962896898389
50,distant_c0.8,4,cartesian_ik,20761681,True,True,,1,0.11104496900225058,0.008575678,0.11104496900225058,0.13217193394666538
50,distant_c0.8,4,ompl_uniform,20761681,True,True,,1,0.16223773796809837,0.013405932,0.16223773796809837,0.16393256396986544
15,central_c0.8,0,cartesian_ik,20411032,True,True,,1,0.24551284202607349,0.03823415,0.24551284202607349,0.2666119240457192
15,central_c0.8,0,joint_projected,20411032,True,True,,1,0.1404749769717455,0.04493132,0.1404749769717455,0.16154071601340547
15,central_c0.8,0,ompl_uniform,20411032,True,True,,1,0.16340102400863543,0.014961601,0.16340102400863543,0.1651624360238202
15,central_c0.8,1,cartesian_ik,20411133,True,True,,1,0.5015356349758804,0.104810996,0.5015356349758804,0.5231803900096565
15,central_c0.8,1,ompl_uniform,20411133,True,True,,1,0.14135464804712683,0.007978748,0.14135464804712683,0.1431517070159316
15,central_c0.8,1,joint_projected,20411133,True,True,,1,0.13322082499507815,0.017069667,0.13322082499507815,0.1544561440241523
15,central_c0.8,2,ompl_uniform,20411234,True,True,,1,0.13306099700275809,0.014321244,0.13306099700275809,0.13459162204526365
15,central_c0.8,2,joint_projected,20411234,True,True,,1,0.18293478101259097,0.01930932,0.18293478101259097,0.20413486304460093
15,central_c0.8,2,cartesian_ik,20411234,True,True,,1,0.06048417498823255,0.029324978,0.06048417498823255,0.08115817204816267
15,central_c0.8,3,joint_projected,20411335,True,True,,1,0.11361862003104761,0.025553067,0.11361862003104761,0.13463410502299666
15,central_c0.8,3,cartesian_ik,20411335,True,True,,1,0.10165242000948638,0.008071213,0.10165242000948638,0.1225732090533711
15,central_c0.8,3,ompl_uniform,20411335,True,True,,1,0.11005376500543207,0.013530645,0.11005376500543207,0.11163380497600883
15,central_c0.8,4,cartesian_ik,20411436,True,True,,1,0.36440999299520627,0.058046747,0.36440999299520627,0.3860949329682626
15,central_c0.8,4,ompl_uniform,20411436,True,True,,1,0.2326795929693617,0.01054941,0.2326795929693617,0.23414019000483677
15,central_c0.8,4,joint_projected,20411436,True,True,,1,0.10682734998408705,0.010950288,0.10682734998408705,0.12783903401577845
55,distant_c0.8,0,ompl_uniform,20811312,True,True,,1,0.16866636800114065,0.016205013,0.16866636800114065,0.1701188510050997
55,distant_c0.8,0,joint_projected,20811312,True,True,,1,0.1744749839999713,0.090787504,0.1744749839999713,0.19500185002107173
55,distant_c0.8,0,cartesian_ik,20811312,True,True,,1,0.18984546203864738,0.030461551,0.18984546203864738,0.21061723300954327
55,distant_c0.8,1,ompl_uniform,20811413,True,True,,1,0.1647806639666669,0.0108814,0.1647806639666669,0.16655719699338078
55,distant_c0.8,1,joint_projected,20811413,True,True,,1,0.20163769298233092,0.110364315,0.20163769298233092,0.22291519801365212
55,distant_c0.8,1,cartesian_ik,20811413,True,True,,1,0.10920927301049232,0.012437096,0.10920927301049232,0.13004863006062806
55,distant_c0.8,2,joint_projected,20811514,True,True,,1,0.2279437619727105,0.121847264,0.2279437619727105,0.24840247799875215
55,distant_c0.8,2,cartesian_ik,20811514,True,True,,1,0.07091722299810499,0.017686488,0.07091722299810499,0.09166310902219266
55,distant_c0.8,2,ompl_uniform,20811514,True,True,,1,0.15500464400975034,0.008632266,0.15500464400975034,0.15662323700962588
55,distant_c0.8,3,ompl_uniform,20811615,True,True,,1,0.10461332998238504,0.009877057,0.10461332998238504,0.10629568999866024
55,distant_c0.8,3,joint_projected,20811615,True,True,,1,0.14528898400021717,0.098409333,0.14528898400021717,0.16644301603082567
55,distant_c0.8,3,cartesian_ik,20811615,True,True,,1,0.09371455002110451,0.04068471,0.09371455002110451,0.11417992104543373
55,distant_c0.8,4,joint_projected,20811716,True,True,,1,0.15941603103419766,0.106137703,0.15941603103419766,0.18057553004473448
55,distant_c0.8,4,cartesian_ik,20811716,True,True,,1,0.11537579796276987,0.020308588,0.11537579796276987,0.13640090002445504
55,distant_c0.8,4,ompl_uniform,20811716,True,True,,1,0.15955757501069456,0.008664785,0.15955757501069456,0.1612302889698185
25,offset_c0.2,0,joint_projected,20511102,True,True,,1,0.1491633530240506,0.016465456,0.1491633530240506,0.1696865779813379
25,offset_c0.2,0,ompl_uniform,20511102,True,True,,1,0.08744967600796372,0.012358427,0.08744967600796372,0.08889395999722183
25,offset_c0.2,0,cartesian_ik,20511102,True,True,,1,0.08033347997115925,0.018672387,0.08033347997115925,0.10085485101444647
25,offset_c0.2,1,joint_projected,20511203,True,True,,1,0.12176439695758745,0.037359667,0.12176439695758745,0.14266083599068224
25,offset_c0.2,1,ompl_uniform,20511203,True,True,,1,0.15873243496753275,0.010916718,0.15873243496753275,0.16012962599052116
25,offset_c0.2,1,cartesian_ik,20511203,True,True,,1,0.11031400796491653,0.018479668,0.11031400796491653,0.13104372302768752
25,offset_c0.2,2,cartesian_ik,20511304,True,True,,1,0.21093349595321342,0.02991362,0.21093349595321342,0.2318244720227085
25,offset_c0.2,2,ompl_uniform,20511304,True,True,,1,0.18180484301410615,0.010947937,0.18180484301410615,0.18376088800141588
25,offset_c0.2,2,joint_projected,20511304,True,True,,1,0.056940582988318056,0.01700298,0.056940582988318056,0.0776981950039044
25,offset_c0.2,3,ompl_uniform,20511405,True,True,,1,0.1783261790405959,0.014762001,0.1783261790405959,0.18006323103327304
25,offset_c0.2,3,cartesian_ik,20511405,True,True,,1,0.1458342769765295,0.023782835,0.1458342769765295,0.16700763598782942
25,offset_c0.2,3,joint_projected,20511405,True,True,,1,0.14487084600841627,0.018781805,0.14487084600841627,0.16584071499528363
25,offset_c0.2,4,cartesian_ik,20511506,True,True,,1,0.08964004804147407,0.00666541,0.08964004804147407,0.11022143898298964
25,offset_c0.2,4,ompl_uniform,20511506,True,True,,1,0.1219137929729186,0.018117195,0.1219137929729186,0.12386587401852012
25,offset_c0.2,4,joint_projected,20511506,True,True,,1,0.17146486701676622,0.045423406,0.17146486701676622,0.19216005102498457
2,central_c0.2,0,cartesian_ik,20280941,True,True,,1,0.15620289201615378,0.01950654,0.15620289201615378,0.17789129703305662
2,central_c0.2,0,joint_projected,20280941,True,True,,1,0.1487289050128311,0.037596209,0.1487289050128311,0.1705132060451433
2,central_c0.2,0,ompl_uniform,20280941,True,True,,1,0.17451931099640206,0.011721459,0.17451931099640206,0.17635263298870996
2,central_c0.2,1,joint_projected,20281042,True,True,,1,0.060803962987847626,0.0247528,0.060803962987847626,0.08241191506385803
2,central_c0.2,1,ompl_uniform,20281042,True,True,,1,0.13792165700579062,0.040647973,0.13792165700579062,0.13977575697936118
2,central_c0.2,1,cartesian_ik,20281042,True,True,,1,0.07357819401659071,0.029422534,0.07357819401659071,0.09501917700981721
2,central_c0.2,2,ompl_uniform,20281143,True,True,,1,0.11197115702088922,0.014362691,0.11197115702088922,0.11376010696403682
2,central_c0.2,2,joint_projected,20281143,True,True,,1,0.24247222702251747,0.053560121,0.24247222702251747,0.26481082901591435
2,central_c0.2,2,cartesian_ik,20281143,True,True,,1,0.16594466503011063,0.027989473,0.16594466503011063,0.1875399020500481
2,central_c0.2,3,joint_projected,20281244,True,True,,1,0.1658969899872318,0.028983688,0.1658969899872318,0.1872710720053874
2,central_c0.2,3,cartesian_ik,20281244,True,True,,1,0.12310211901785806,0.016062759,0.12310211901785806,0.14465768705122173
2,central_c0.2,3,ompl_uniform,20281244,True,True,,1,0.13820730900624767,0.017141777,0.13820730900624767,0.13987240003189072
2,central_c0.2,4,ompl_uniform,20281345,True,True,,1,0.11035314697073773,0.011447918,0.11035314697073773,0.11227510398020968
2,central_c0.2,4,joint_projected,20281345,True,True,,1,0.08350032300222665,0.026041636,0.08350032300222665,0.10498513304628432
2,central_c0.2,4,cartesian_ik,20281345,True,True,,1,0.11672470299527049,0.021825563,0.11672470299527049,0.13813265203498304
28,offset_c0.2,0,ompl_uniform,20541123,True,True,,1,0.21463488804874942,0.015663699,0.21463488804874942,0.21629099699202925
28,offset_c0.2,0,cartesian_ik,20541123,True,True,,1,0.05708134995074943,0.011860972,0.05708134995074943,0.07776751497294754
28,offset_c0.2,0,joint_projected,20541123,True,True,,1,0.0811784480465576,0.016430914,0.0811784480465576,0.10151697997935116
28,offset_c0.2,1,joint_projected,20541224,True,True,,1,0.12196133803809062,0.02726228,0.12196133803809062,0.14262123801745474
28,offset_c0.2,1,ompl_uniform,20541224,True,True,,1,0.2191934619913809,0.033406039,0.2191934619913809,0.2208709130063653
28,offset_c0.2,1,cartesian_ik,20541224,True,True,,1,0.08929308294318616,0.017104422,0.08929308294318616,0.11019773595035076
28,offset_c0.2,2,ompl_uniform,20541325,True,True,,1,0.2202815560158342,0.01871845,0.2202815560158342,0.22190525801852345
28,offset_c0.2,2,cartesian_ik,20541325,True,True,,1,0.04442213900620118,0.01864223,0.04442213900620118,0.06489628000417724
28,offset_c0.2,2,joint_projected,20541325,True,True,,1,0.14677050797035918,0.020754956,0.14677050797035918,0.16680317698046565
28,offset_c0.2,3,joint_projected,20541426,True,True,,1,0.14244306302862242,0.031340524,0.14244306302862242,0.16275102802319452
28,offset_c0.2,3,cartesian_ik,20541426,True,True,,1,0.19441481900867075,0.03278335,0.19441481900867075,0.21503802202641964
28,offset_c0.2,3,ompl_uniform,20541426,True,True,,1,0.14691697497619316,0.008922925,0.14691697497619316,0.1486847660271451
28,offset_c0.2,4,cartesian_ik,20541527,True,True,,1,0.03532788500888273,0.006220492,0.03532788500888273,0.05614734994014725
28,offset_c0.2,4,ompl_uniform,20541527,True,True,,1,0.1813438520184718,0.016729203,0.1813438520184718,0.18291269795736298
28,offset_c0.2,4,joint_projected,20541527,True,True,,1,0.07042650098446757,0.034933415,0.07042650098446757,0.0909147679922171
59,distant_c0.8,0,joint_projected,20851340,True,True,,1,0.27241325203794986,0.265727299,0.27241325203794986,0.29284983297111467
59,distant_c0.8,0,ompl_uniform,20851340,True,True,,1,0.09267824201378971,0.018465892,0.09267824201378971,0.09424520801985636
59,distant_c0.8,0,cartesian_ik,20851340,True,True,,1,0.5965006520273164,0.342605854,0.5965006520273164,0.6178039719816297
59,distant_c0.8,1,cartesian_ik,20851441,True,True,,1,0.16996464401017874,0.074094034,0.16996464401017874,0.19073938595829532
59,distant_c0.8,1,ompl_uniform,20851441,True,True,,1,0.13498462701682,0.007647595,0.13498462701682,0.13669644203037024
59,distant_c0.8,1,joint_projected,20851441,True,True,,1,0.28562261996557936,0.261440601,0.28562261996557936,0.30648975394433364
59,distant_c0.8,2,joint_projected,20851542,True,True,,1,0.3122592370491475,0.265990575,0.3122592370491475,0.3328750339569524
59,distant_c0.8,2,ompl_uniform,20851542,True,True,,1,0.08407203399110585,0.007057722,0.08407203399110585,0.08561928296694532
59,distant_c0.8,2,cartesian_ik,20851542,False,True,path_audit,1,0.19809015898499638,0.063353168,6.0,0.21912212000461295
59,distant_c0.8,3,cartesian_ik,20851643,True,True,,1,0.36176108504878357,0.147267097,0.36176108504878357,0.3823444860172458
59,distant_c0.8,3,ompl_uniform,20851643,True,True,,1,0.1337290849769488,0.011654932,0.1337290849769488,0.13505971798440441
59,distant_c0.8,3,joint_projected,20851643,True,True,,1,0.30197854002472013,0.266907058,0.30197854002472013,0.32266687595983967
59,distant_c0.8,4,ompl_uniform,20851744,True,True,,1,0.09625086304731667,0.014295737,0.09625086304731667,0.09753507998539135
59,distant_c0.8,4,joint_projected,20851744,True,True,,1,0.36458446795586497,0.265190824,0.36458446795586497,0.385334767983295
59,distant_c0.8,4,cartesian_ik,20851744,True,True,,1,0.11879096098709852,0.075149691,0.11879096098709852,0.13936263497453183
53,distant_c0.8,0,ompl_uniform,20791298,True,True,,1,0.14988184499088675,0.022739063,0.14988184499088675,0.1518402430228889
53,distant_c0.8,0,joint_projected,20791298,True,True,,1,0.2160997480386868,0.119600561,0.2160997480386868,0.236885387043003
53,distant_c0.8,0,cartesian_ik,20791298,True,True,,1,0.1408671120298095,0.016729936,0.1408671120298095,0.16129229398211464
53,distant_c0.8,1,joint_projected,20791399,True,True,,1,0.25040998501935974,0.110821372,0.25040998501935974,0.27111416903790087
53,distant_c0.8,1,ompl_uniform,20791399,True,True,,1,0.09166932199150324,0.012688944,0.09166932199150324,0.09322324796812609
53,distant_c0.8,1,cartesian_ik,20791399,True,True,,1,0.08522793400334194,0.03070027,0.08522793400334194,0.106431310006883
53,distant_c0.8,2,joint_projected,20791500,True,True,,1,0.21152283297851682,0.107650777,0.21152283297851682,0.23214832303347066
53,distant_c0.8,2,ompl_uniform,20791500,True,True,,1,0.1569945199880749,0.022426339,0.1569945199880749,0.15864474000409245
53,distant_c0.8,2,cartesian_ik,20791500,True,True,,1,0.08832927502226084,0.009552976,0.08832927502226084,0.10915632103569806
53,distant_c0.8,3,cartesian_ik,20791601,True,True,,1,0.2014339870074764,0.069793116,0.2014339870074764,0.2220668020308949
53,distant_c0.8,3,joint_projected,20791601,True,True,,1,0.2237520269700326,0.119350906,0.2237520269700326,0.24423141998704523
53,distant_c0.8,3,ompl_uniform,20791601,True,True,,1,0.16580776299815625,0.013256901,0.16580776299815625,0.16759061900665984
53,distant_c0.8,4,ompl_uniform,20791702,True,True,,1,0.11372543399920687,0.008409715,0.11372543399920687,0.11545923800440505
53,distant_c0.8,4,cartesian_ik,20791702,True,True,,1,0.188299041998107,0.062101424,0.188299041998107,0.20886898401658982
53,distant_c0.8,4,joint_projected,20791702,False,True,path_audit,1,0.11700259696226567,0.098706188,6.0,0.13745514099719003
26,offset_c0.2,0,ompl_uniform,20521109,True,True,,1,0.1683038379997015,0.023443111,0.1683038379997015,0.16970895801205188
26,offset_c0.2,0,cartesian_ik,20521109,True,True,,1,0.12703911698190495,0.016257803,0.12703911698190495,0.14735941699473187
26,offset_c0.2,0,joint_projected,20521109,True,True,,1,0.04241921100765467,0.008596347,0.04241921100765467,0.06292664195643738
26,offset_c0.2,1,ompl_uniform,20521210,True,True,,1,0.18937677599024028,0.012634858,0.18937677599024028,0.1906612769817002
26,offset_c0.2,1,joint_projected,20521210,True,True,,1,0.08385844400618225,0.015673312,0.08385844400618225,0.10415547102456912
26,offset_c0.2,1,cartesian_ik,20521210,True,True,,1,0.10678612702758983,0.027809131,0.10678612702758983,0.12698253797134385
26,offset_c0.2,2,ompl_uniform,20521311,True,True,,1,0.1253371539642103,0.011250711,0.1253371539642103,0.12698329699924216
26,offset_c0.2,2,joint_projected,20521311,True,True,,1,0.1744201320107095,0.023464664,0.1744201320107095,0.19464707397855818
26,offset_c0.2,2,cartesian_ik,20521311,True,True,,1,0.14862232597079128,0.010134943,0.14862232597079128,0.1684115509269759
26,offset_c0.2,3,cartesian_ik,20521412,True,True,,1,0.11289939103880897,0.007454667,0.11289939103880897,0.13349948200630024
26,offset_c0.2,3,joint_projected,20521412,True,True,,1,0.06059480895055458,0.012400207,0.06059480895055458,0.0811880329856649
26,offset_c0.2,3,ompl_uniform,20521412,True,True,,1,0.10919341997941956,0.010345963,0.10919341997941956,0.11053672299021855
26,offset_c0.2,4,joint_projected,20521513,True,True,,1,0.10822730796644464,0.021538742,0.10822730796644464,0.1282532589393668
26,offset_c0.2,4,cartesian_ik,20521513,True,True,,1,0.12100447295233607,0.009632805,0.12100447295233607,0.1408066379954107
26,offset_c0.2,4,ompl_uniform,20521513,True,True,,1,0.18325100000947714,0.017148894,0.18325100000947714,0.18502027698559687
13,central_c0.8,0,cartesian_ik,20391018,True,True,,1,0.10478718101512641,0.017931859,0.10478718101512641,0.1270224199979566
13,central_c0.8,0,ompl_uniform,20391018,True,True,,1,0.11676435801200569,0.010637596,0.11676435801200569,0.1182368079898879
13,central_c0.8,0,joint_projected,20391018,True,True,,1,0.12250752002000809,0.025879008,0.12250752002000809,0.14535267994506285
13,central_c0.8,1,joint_projected,20391119,True,True,,1,0.0785241779522039,0.014235072,0.0785241779522039,0.10155631700763479
13,central_c0.8,1,ompl_uniform,20391119,True,True,,1,0.09293784998590127,0.008858733,0.09293784998590127,0.09462370502296835
13,central_c0.8,1,cartesian_ik,20391119,True,True,,1,0.14434952300507575,0.016551002,0.14434952300507575,0.16729169199243188
13,central_c0.8,2,joint_projected,20391220,True,True,,1,0.09987823100527748,0.019436714,0.09987823100527748,0.1227723789634183
13,central_c0.8,2,ompl_uniform,20391220,True,True,,1,0.18806776398560032,0.032070749,0.18806776398560032,0.1897366869961843
13,central_c0.8,2,cartesian_ik,20391220,True,True,,1,0.11060470895608887,0.016726761,0.11060470895608887,0.13305512396618724
13,central_c0.8,3,cartesian_ik,20391321,True,True,,1,0.08793633396271616,0.013719632,0.08793633396271616,0.11066597496392205
13,central_c0.8,3,ompl_uniform,20391321,True,True,,1,0.16319312900304794,0.012956368,0.16319312900304794,0.16478873597225174
13,central_c0.8,3,joint_projected,20391321,True,True,,1,0.134531702962704,0.029493068,0.134531702962704,0.15740413597086444
13,central_c0.8,4,ompl_uniform,20391422,True,True,,1,0.12887653498910367,0.019762421,0.12887653498910367,0.1306062589865178
13,central_c0.8,4,joint_projected,20391422,True,True,,1,0.12863435095641762,0.035981484,0.12863435095641762,0.15175985696259886
13,central_c0.8,4,cartesian_ik,20391422,True,True,,1,0.1180748880142346,0.017819071,0.1180748880142346,0.14080799097428098
43,distant_c0.2,0,joint_projected,20691228,True,True,,1,0.13024382898584008,0.02721796,0.13024382898584008,0.15080537303583696
43,distant_c0.2,0,ompl_uniform,20691228,True,True,,1,0.1624355009989813,0.008012309,0.1624355009989813,0.16399934102082625
43,distant_c0.2,0,cartesian_ik,20691228,True,True,,1,0.06290874700061977,0.012599595,0.06290874700061977,0.08389166201232001
43,distant_c0.2,1,joint_projected,20691329,True,True,,1,0.07388154102955014,0.015995417,0.07388154102955014,0.09471781901083887
43,distant_c0.2,1,ompl_uniform,20691329,True,True,,1,0.10365164501126856,0.019129214,0.10365164501126856,0.10539046302437782
43,distant_c0.2,1,cartesian_ik,20691329,True,True,,1,0.15047692094231024,0.009338094,0.15047692094231024,0.1711871239822358
43,distant_c0.2,2,ompl_uniform,20691430,True,True,,1,0.11564740794710815,0.012738582,0.11564740794710815,0.11716724303551018
43,distant_c0.2,2,cartesian_ik,20691430,True,True,,1,0.19347937201382592,0.021947077,0.19347937201382592,0.21436699101468548
43,distant_c0.2,2,joint_projected,20691430,True,True,,1,0.13089667301392183,0.044453828,0.13089667301392183,0.15136419399641454
43,distant_c0.2,3,joint_projected,20691531,True,True,,1,0.10220970900263637,0.018874759,0.10220970900263637,0.12289285403676331
43,distant_c0.2,3,cartesian_ik,20691531,True,True,,1,0.0937550279777497,0.014060824,0.0937550279777497,0.11410779604921117
43,distant_c0.2,3,ompl_uniform,20691531,True,True,,1,0.14283009804785252,0.015344043,0.14283009804785252,0.14454132999526337
43,distant_c0.2,4,joint_projected,20691632,True,True,,1,0.11808343895245343,0.021824244,0.11808343895245343,0.1386461690417491
43,distant_c0.2,4,cartesian_ik,20691632,True,True,,1,0.2018773229792714,0.017120818,0.2018773229792714,0.2224336390499957
43,distant_c0.2,4,ompl_uniform,20691632,True,True,,1,0.10700231499504298,0.007900654,0.10700231499504298,0.10858108702814206
49,distant_c0.2,0,ompl_uniform,20751270,True,True,,1,0.17829197301762179,0.011077146,0.17829197301762179,0.17960727197350934
49,distant_c0.2,0,joint_projected,20751270,True,True,,1,0.08732749498449266,0.02375882,0.08732749498449266,0.10795453091850504
49,distant_c0.2,0,cartesian_ik,20751270,True,True,,1,0.08761142898583785,0.01548832,0.08761142898583785,0.1077951529296115
49,distant_c0.2,1,cartesian_ik,20751371,True,True,,1,0.08075348899001256,0.016156869,0.08075348899001256,0.10113369894679636
49,distant_c0.2,1,joint_projected,20751371,True,True,,1,0.10917948296992108,0.022509993,0.10917948296992108,0.12956461997237056
49,distant_c0.2,1,ompl_uniform,20751371,True,True,,1,0.14719328697538003,0.010545692,0.14719328697538003,0.14878412196412683
49,distant_c0.2,2,joint_projected,20751472,True,True,,1,0.04553743696305901,0.026065093,0.04553743696305901,0.06580336194019765
49,distant_c0.2,2,ompl_uniform,20751472,True,True,,1,0.10284627502551302,0.0221934,0.10284627502551302,0.10453907802002504
49,distant_c0.2,2,cartesian_ik,20751472,True,True,,1,0.10368835896952078,0.008182873,0.10368835896952078,0.12420051189837977
49,distant_c0.2,3,joint_projected,20751573,True,True,,1,0.07692436000797898,0.013346772,0.07692436000797898,0.09691546892281622
49,distant_c0.2,3,ompl_uniform,20751573,True,True,,1,0.19469848298467696,0.008166049,0.19469848298467696,0.19625023601111025
49,distant_c0.2,3,cartesian_ik,20751573,True,True,,1,0.2074730339809321,0.027287953,0.2074730339809321,0.2279342269175686
49,distant_c0.2,4,ompl_uniform,20751674,True,True,,1,0.08871040702797472,0.023324983,0.08871040702797472,0.09057942597428337
49,distant_c0.2,4,joint_projected,20751674,True,True,,1,0.025159952987451106,0.012318995,0.025159952987451106,0.045316077943425626
49,distant_c0.2,4,cartesian_ik,20751674,True,True,,1,0.12014868197729811,0.009110467,0.12014868197729811,0.14060936897294596
3,central_c0.2,0,ompl_uniform,20290948,True,True,,1,0.119723048992455,0.008768023,0.119723048992455,0.1211396679864265
3,central_c0.2,0,joint_projected,20290948,True,True,,1,0.09533848403953016,0.036284675,0.09533848403953016,0.1167715469491668
3,central_c0.2,0,cartesian_ik,20290948,True,True,,1,0.16539143602130935,0.012351879,0.16539143602130935,0.18697675492148846
3,central_c0.2,1,joint_projected,20291049,True,True,,1,0.14880384202115238,0.0287468,0.14880384202115238,0.1700597769813612
3,central_c0.2,1,cartesian_ik,20291049,True,True,,1,0.10971658898051828,0.010600728,0.10971658898051828,0.13115459098480642
3,central_c0.2,1,ompl_uniform,20291049,True,True,,1,0.15363346599042416,0.009169736,0.15363346599042416,0.15540109598077834
3,central_c0.2,2,cartesian_ik,20291150,True,True,,1,0.08632785500958562,0.017242763,0.08632785500958562,0.10801291995448992
3,central_c0.2,2,ompl_uniform,20291150,True,True,,1,0.11932287504896522,0.02384111,0.11932287504896522,0.12085582700092345
3,central_c0.2,2,joint_projected,20291150,True,True,,1,0.15061785699799657,0.021941443,0.15061785699799657,0.1723136919317767
3,central_c0.2,3,cartesian_ik,20291251,True,True,,1,0.038916758028790355,0.020744874,0.038916758028790355,0.06050025095464662
3,central_c0.2,3,ompl_uniform,20291251,True,True,,1,0.12216975801857188,0.019909926,0.12216975801857188,0.12344611500157043
3,central_c0.2,3,joint_projected,20291251,True,True,,1,0.13463471800787374,0.024755391,0.13463471800787374,0.1564228289644234
3,central_c0.2,4,ompl_uniform,20291352,True,True,,1,0.17712437402224168,0.012340483,0.17712437402224168,0.17879206797806546
3,central_c0.2,4,cartesian_ik,20291352,True,True,,1,0.15732401300920174,0.022941806,0.15732401300920174,0.1792287199641578
3,central_c0.2,4,joint_projected,20291352,True,True,,1,0.04875537200132385,0.024677606,0.04875537200132385,0.07012667594244704
32,offset_c0.8,0,joint_projected,20581151,True,True,,1,0.4866886989912018,0.292673973,0.4866886989912018,0.507125445001293
32,offset_c0.8,0,ompl_uniform,20581151,True,True,,1,0.18922602897509933,0.016537834,0.18922602897509933,0.19098381098592654
32,offset_c0.8,0,cartesian_ik,20581151,True,True,,1,0.40278016997035593,0.169739726,0.40278016997035593,0.42373092600610107
32,offset_c0.8,1,joint_projected,20581252,False,False,planning,99999,3.0377676319913007,0.0,6.0,3.058033434965182
32,offset_c0.8,1,cartesian_ik,20581252,True,True,,1,0.46653857501223683,0.266576456,0.46653857501223683,0.48647448600968346
32,offset_c0.8,1,ompl_uniform,20581252,True,True,,1,0.5526015640352853,0.03942884,0.5526015640352853,0.5546573380124755
32,offset_c0.8,2,cartesian_ik,20581353,True,True,,1,0.31011355796363205,0.182721034,0.31011355796363205,0.33045068703358993
32,offset_c0.8,2,ompl_uniform,20581353,True,True,,1,0.27193073800299317,0.040920388,0.27193073800299317,0.2736880309530534
32,offset_c0.8,2,joint_projected,20581353,True,True,,1,0.39921760704601184,0.279192709,0.39921760704601184,0.41974472999572754
32,offset_c0.8,3,cartesian_ik,20581454,True,True,,1,0.4703271189937368,0.257398229,0.4703271189937368,0.4906219849945046
32,offset_c0.8,3,joint_projected,20581454,False,False,planning,99999,3.069399375002831,0.0,6.0,3.089199633046519
32,offset_c0.8,3,ompl_uniform,20581454,True,True,,1,0.2924491179874167,0.048663261,0.2924491179874167,0.2939578660298139
32,offset_c0.8,4,cartesian_ik,20581555,True,True,,1,1.222514585009776,0.938419516,1.222514585009776,1.2433184339897707
32,offset_c0.8,4,joint_projected,20581555,True,True,,1,0.4119799329782836,0.30222339,0.4119799329782836,0.43251990602584556
32,offset_c0.8,4,ompl_uniform,20581555,True,True,,1,0.46801468200283125,0.02745702,0.46801468200283125,0.47017582098487765
23,offset_c0.2,0,ompl_uniform,20491088,True,True,,1,0.22078001900808886,0.033676445,0.22078001900808886,0.2227498859865591
23,offset_c0.2,0,joint_projected,20491088,True,True,,1,0.18695249501615763,0.025753591,0.18695249501615763,0.20781644998351112
23,offset_c0.2,0,cartesian_ik,20491088,True,True,,1,0.16175821801880375,0.087920609,0.16175821801880375,0.1825911199557595
23,offset_c0.2,1,cartesian_ik,20491189,True,True,,1,0.12025707104476169,0.033579731,0.12025707104476169,0.1408022730029188
23,offset_c0.2,1,ompl_uniform,20491189,True,True,,1,0.13559310499113053,0.01574971,0.13559310499113053,0.13741771300556138
23,offset_c0.2,1,joint_projected,20491189,True,True,,1,0.08369435701752082,0.019894019,0.08369435701752082,0.1048850700026378
23,offset_c0.2,2,ompl_uniform,20491290,True,True,,1,0.14740503195207566,0.012473706,0.14740503195207566,0.14913408795837313
23,offset_c0.2,2,cartesian_ik,20491290,True,True,,1,0.07745261501986533,0.012889448,0.07745261501986533,0.09804252203321084
23,offset_c0.2,2,joint_projected,20491290,True,True,,1,0.10437511996133253,0.017995598,0.10437511996133253,0.12479928496759385
23,offset_c0.2,3,ompl_uniform,20491391,True,True,,1,0.1694993749842979,0.014018639,0.1694993749842979,0.17132606997620314
23,offset_c0.2,3,cartesian_ik,20491391,True,True,,1,0.1345297220395878,0.027677509,0.1345297220395878,0.15546275896485895
23,offset_c0.2,3,joint_projected,20491391,True,True,,1,0.1110957859782502,0.033865452,0.1110957859782502,0.13165618292987347
23,offset_c0.2,4,cartesian_ik,20491492,True,True,,1,0.2022078459849581,0.028898633,0.2022078459849581,0.22297248296672478
23,offset_c0.2,4,ompl_uniform,20491492,True,True,,1,0.10795941000105813,0.015335932,0.10795941000105813,0.10949443298159167
23,offset_c0.2,4,joint_projected,20491492,True,True,,1,0.17892593296710402,0.028193093,0.17892593296710402,0.19976355298422277
33,offset_c0.8,0,ompl_uniform,20591158,True,True,,1,0.10051706800004467,0.022883161,0.10051706800004467,0.10209814499830827
33,offset_c0.8,0,joint_projected,20591158,True,True,,1,0.1529421050217934,0.028082189,0.1529421050217934,0.1745761720230803
33,offset_c0.8,0,cartesian_ik,20591158,True,True,,1,0.14060627203434706,0.073070297,0.14060627203434706,0.16212837403872982
33,offset_c0.8,1,ompl_uniform,20591259,True,True,,1,0.17574194603366777,0.013116649,0.17574194603366777,0.1775342479813844
33,offset_c0.8,1,cartesian_ik,20591259,True,True,,1,0.06101373804267496,0.013852075,0.06101373804267496,0.08247123099863529
33,offset_c0.8,1,joint_projected,20591259,True,True,,1,0.06102704902878031,0.016321771,0.06102704902878031,0.08242217899532989
33,offset_c0.8,2,ompl_uniform,20591360,True,True,,1,0.15046981401974335,0.014483934,0.15046981401974335,0.1521542730042711
33,offset_c0.8,2,joint_projected,20591360,True,True,,1,0.07594160496955737,0.016921185,0.07594160496955737,0.09732415003236383
33,offset_c0.8,2,cartesian_ik,20591360,True,True,,1,0.0611907480051741,0.029311472,0.0611907480051741,0.08224378799786791
33,offset_c0.8,3,cartesian_ik,20591461,True,True,,1,0.0649930369690992,0.013240134,0.0649930369690992,0.08625492505962029
33,offset_c0.8,3,ompl_uniform,20591461,True,True,,1,0.12285239901393652,0.022860022,0.12285239901393652,0.12479670596076176
33,offset_c0.8,3,joint_projected,20591461,True,True,,1,0.11233321396866813,0.037905475,0.11233321396866813,0.13372553401859477
33,offset_c0.8,4,cartesian_ik,20591562,True,True,,1,0.08974130003480241,0.025470439,0.08974130003480241,0.11083257501013577
33,offset_c0.8,4,joint_projected,20591562,True,True,,1,0.3219673950225115,0.02427875,0.3219673950225115,0.3431799560203217
33,offset_c0.8,4,ompl_uniform,20591562,True,True,,1,0.19858620403101668,0.035684153,0.19858620403101668,0.20989554200787097
51,distant_c0.8,0,cartesian_ik,20771284,True,True,,1,0.030458912020549178,0.015897356,0.030458912020549178,0.05199380300473422
51,distant_c0.8,0,ompl_uniform,20771284,True,True,,1,0.14446706202579662,0.041180089,0.14446706202579662,0.14600417704787105
51,distant_c0.8,0,joint_projected,20771284,True,True,,1,0.11309942597290501,0.029744151,0.11309942597290501,0.13446878001559526
51,distant_c0.8,1,ompl_uniform,20771385,True,True,,1,0.16146960097830743,0.029054474,0.16146960097830743,0.16327081504277885
51,distant_c0.8,1,joint_projected,20771385,True,True,,1,0.1885367360082455,0.015656572,0.1885367360082455,0.21021970501169562
51,distant_c0.8,1,cartesian_ik,20771385,True,True,,1,0.08552580798277631,0.01462601,0.08552580798277631,0.10686612606514245
51,distant_c0.8,2,joint_projected,20771486,True,True,,1,0.07851396297337487,0.023586427,0.07851396297337487,0.09994782798457891
51,distant_c0.8,2,cartesian_ik,20771486,True,True,,1,0.09349380398634821,0.033256741,0.09349380398634821,0.11494392401073128
51,distant_c0.8,2,ompl_uniform,20771486,True,True,,1,0.11582878598710522,0.022449655,0.11582878598710522,0.11759717401582748
51,distant_c0.8,3,ompl_uniform,20771587,True,True,,1,0.06478644401067868,0.025655337,0.06478644401067868,0.06645820499397814
51,distant_c0.8,3,cartesian_ik,20771587,True,True,,1,0.06263519398635253,0.021259654,0.06263519398635253,0.08386741200229153
51,distant_c0.8,3,joint_projected,20771587,True,True,,1,0.08802851400105283,0.027333032,0.08802851400105283,0.10925912298262119
51,distant_c0.8,4,joint_projected,20771688,True,True,,1,0.1053240219480358,0.030726684,0.1053240219480358,0.12648165202699602
51,distant_c0.8,4,ompl_uniform,20771688,True,True,,1,0.12230044300667942,0.019937274,0.12230044300667942,0.12397612497443333
51,distant_c0.8,4,cartesian_ik,20771688,True,True,,1,0.060684870986733586,0.047243186,0.060684870986733586,0.08207583305193111
44,distant_c0.2,0,ompl_uniform,20701235,True,True,,1,0.1737384510342963,0.015935072,0.1737384510342963,0.17585257603786886
44,distant_c0.2,0,joint_projected,20701235,True,True,,1,0.12265179899986833,0.026765933,0.12265179899986833,0.14393152593402192
44,distant_c0.2,0,cartesian_ik,20701235,True,True,,1,0.07046707300469279,0.009954141,0.07046707300469279,0.0914204009459354
44,distant_c0.2,1,ompl_uniform,20701336,True,True,,1,0.1612164219841361,0.02222667,0.1612164219841361,0.16286560602020472
44,distant_c0.2,1,joint_projected,20701336,True,True,,1,0.1073307259939611,0.019199722,0.1073307259939611,0.1285137749509886
44,distant_c0.2,1,cartesian_ik,20701336,True,True,,1,0.14307122997706756,0.006172364,0.14307122997706756,0.1635945799644105
44,distant_c0.2,2,cartesian_ik,20701437,True,True,,1,0.16613382298965007,0.018048436,0.16613382298965007,0.18738962593488395
44,distant_c0.2,2,joint_projected,20701437,True,True,,1,0.06417348701506853,0.037471951,0.06417348701506853,0.08543128398014233
44,distant_c0.2,2,ompl_uniform,20701437,True,True,,1,0.10371116298483685,0.01092114,0.10371116298483685,0.1052983240224421
44,distant_c0.2,3,cartesian_ik,20701538,True,True,,1,0.028585143969394267,0.007532465,0.028585143969394267,0.049896374985110015
44,distant_c0.2,3,ompl_uniform,20701538,True,True,,1,0.1613239009748213,0.03032857,0.1613239009748213,0.16306204296415672
44,distant_c0.2,3,joint_projected,20701538,True,True,,1,0.13703145302133635,0.033264964,0.13703145302133635,0.15852507099043578
44,distant_c0.2,4,ompl_uniform,20701639,True,True,,1,0.1394070020178333,0.012007765,0.1394070020178333,0.14123679097974673
44,distant_c0.2,4,cartesian_ik,20701639,True,True,,1,0.03709507896564901,0.016261147,0.03709507896564901,0.05833060696022585
44,distant_c0.2,4,joint_projected,20701639,True,True,,1,0.09900283702882007,0.016601257,0.09900283702882007,0.12016101594781503
4,central_c0.2,0,joint_projected,20300955,True,True,,1,0.06022041599499062,0.035171071,0.06022041599499062,0.08250399900134653
4,central_c0.2,0,cartesian_ik,20300955,True,True,,1,0.1315528690465726,0.054609758,0.1315528690465726,0.15370066394098103
4,central_c0.2,0,ompl_uniform,20300955,True,True,,1,0.14735856198240072,0.014679414,0.14735856198240072,0.14926020201528445
4,central_c0.2,1,ompl_uniform,20301056,True,True,,1,0.18616323499009013,0.031989194,0.18616323499009013,0.18805071798851714
4,central_c0.2,1,joint_projected,20301056,True,True,,1,0.083004729996901,0.03302365,0.083004729996901,0.10539111995603889
4,central_c0.2,1,cartesian_ik,20301056,True,True,,1,0.21379436802817509,0.044393171,0.21379436802817509,0.23616526200203225
4,central_c0.2,2,cartesian_ik,20301157,True,True,,1,0.11174764495808631,0.018717171,0.11174764495808631,0.13424906699219719
4,central_c0.2,2,joint_projected,20301157,True,True,,1,0.0888693900196813,0.035674693,0.0888693900196813,0.11159386002691463
4,central_c0.2,2,ompl_uniform,20301157,True,True,,1,0.16146740899421275,0.019833272,0.16146740899421275,0.16335299296770245
4,central_c0.2,3,ompl_uniform,20301258,True,True,,1,0.16288816003361717,0.023810442,0.16288816003361717,0.1645850499626249
4,central_c0.2,3,cartesian_ik,20301258,True,True,,1,0.2243353360099718,0.035687529,0.2243353360099718,0.24690951401134953
4,central_c0.2,3,joint_projected,20301258,True,True,,1,0.19517581100808457,0.032547248,0.19517581100808457,0.21783480502199382
4,central_c0.2,4,joint_projected,20301359,True,True,,1,0.1846343239885755,0.021192639,0.1846343239885755,0.2071000459836796
4,central_c0.2,4,ompl_uniform,20301359,True,True,,1,0.16704043303616345,0.010856362,0.16704043303616345,0.16867503500543535
4,central_c0.2,4,cartesian_ik,20301359,True,True,,1,0.11909581802319735,0.010632631,0.11909581802319735,0.14134192903293297
27,offset_c0.2,0,ompl_uniform,20531116,True,True,,1,0.09420522698201239,0.009554535,0.09420522698201239,0.09594987001037225
27,offset_c0.2,0,joint_projected,20531116,True,True,,1,0.07538440200733021,0.031568326,0.07538440200733021,0.09578879101900384
27,offset_c0.2,0,cartesian_ik,20531116,True,True,,1,0.11617961700540036,0.012820954,0.11617961700540036,0.13662409596145153
27,offset_c0.2,1,ompl_uniform,20531217,True,True,,1,0.12564764998387545,0.009992113,0.12564764998387545,0.12727217003703117
27,offset_c0.2,1,joint_projected,20531217,True,True,,1,0.07683227997040376,0.029546095,0.07683227997040376,0.09750696498667821
27,offset_c0.2,1,cartesian_ik,20531217,True,True,,1,0.25373259402113035,0.021892147,0.25373259402113035,0.2745090269600041
27,offset_c0.2,2,ompl_uniform,20531318,True,True,,1,0.07414554804563522,0.019468517,0.07414554804563522,0.0760289880563505
27,offset_c0.2,2,joint_projected,20531318,True,True,,1,0.12469645001692697,0.033816588,0.12469645001692697,0.1453562369570136
27,offset_c0.2,2,cartesian_ik,20531318,True,True,,1,0.0848043339792639,0.013404841,0.0848043339792639,0.10521631198935211
27,offset_c0.2,3,cartesian_ik,20531419,True,True,,1,0.12140865495894104,0.020380806,0.12140865495894104,0.14183141599642113
27,offset_c0.2,3,ompl_uniform,20531419,True,True,,1,0.0927172020310536,0.010711394,0.0927172020310536,0.09448369801975787
27,offset_c0.2,3,joint_projected,20531419,True,True,,1,0.08814617001917213,0.021149462,0.08814617001917213,0.10872093599755317
27,offset_c0.2,4,ompl_uniform,20531520,True,True,,1,0.16331049398286268,0.007394689,0.16331049398286268,0.16502871795091778
27,offset_c0.2,4,cartesian_ik,20531520,True,True,,1,0.13026838400401175,0.008618215,0.13026838400401175,0.15053886192617938
27,offset_c0.2,4,joint_projected,20531520,True,True,,1,0.12184276699554175,0.018836138,0.12184276699554175,0.14198942197253928
31,offset_c0.8,0,cartesian_ik,20571144,True,True,,1,0.22863915096968412,0.025143211,0.22863915096968412,0.2504291670047678
31,offset_c0.8,0,joint_projected,20571144,True,True,,1,0.21586466702865437,0.117336774,0.21586466702865437,0.23770557600073516
31,offset_c0.8,0,ompl_uniform,20571144,True,True,,1,0.19008185400161892,0.028816537,0.19008185400161892,0.19190972397336736
31,offset_c0.8,1,ompl_uniform,20571245,True,True,,1,0.17304314696229994,0.016028142,0.17304314696229994,0.17488341801799834
31,offset_c0.8,1,joint_projected,20571245,True,True,,1,0.32638692599721253,0.128532726,0.32638692599721253,0.35760325501905754
31,offset_c0.8,1,cartesian_ik,20571245,True,True,,1,0.14631227997597307,0.022399769,0.14631227997597307,0.1679618929629214
31,offset_c0.8,2,ompl_uniform,20571346,True,True,,1,0.16683864302467555,0.018545051,0.16683864302467555,0.16874906601151451
31,offset_c0.8,2,cartesian_ik,20571346,True,True,,1,0.191693871980533,0.012710161,0.191693871980533,0.21318102098302916
31,offset_c0.8,2,joint_projected,20571346,True,True,,1,0.27595989196561277,0.124438546,0.27595989196561277,0.2976102529792115
31,offset_c0.8,3,ompl_uniform,20571447,True,True,,1,0.12469820299884304,0.013758677,0.12469820299884304,0.126707830990199
31,offset_c0.8,3,cartesian_ik,20571447,True,True,,1,0.24537299998337403,0.077839972,0.24537299998337403,0.26738294499227777
31,offset_c0.8,3,joint_projected,20571447,True,True,,1,0.2030876720091328,0.120813651,0.2030876720091328,0.2245337039930746
31,offset_c0.8,4,joint_projected,20571548,True,True,,1,0.24839287501526996,0.126009435,0.24839287501526996,0.2697498760535382
31,offset_c0.8,4,cartesian_ik,20571548,True,True,,1,0.07255756901577115,0.015185301,0.07255756901577115,0.09403940802440047
31,offset_c0.8,4,ompl_uniform,20571548,True,True,,1,0.16524052299791947,0.012905778,0.16524052299791947,0.1670244400156662
8,central_c0.2,0,cartesian_ik,20340983,True,True,,1,0.11665166501188651,0.052114073,0.11665166501188651,0.13871460902737454
8,central_c0.2,0,joint_projected,20340983,True,True,,1,0.1637650349875912,0.032381941,0.1637650349875912,0.1860668400186114
8,central_c0.2,0,ompl_uniform,20340983,True,True,,1,0.13028930604923517,0.019467192,0.13028930604923517,0.13193140999646857
8,central_c0.2,1,joint_projected,20341084,True,True,,1,0.2679767720401287,0.022597401,0.2679767720401287,0.2912539319950156
8,central_c0.2,1,cartesian_ik,20341084,True,True,,1,0.14447225601179525,0.074303795,0.14447225601179525,0.1665881120134145
8,central_c0.2,1,ompl_uniform,20341084,True,True,,1,0.16682944598142058,0.008413498,0.16682944598142058,0.16852965898578987
8,central_c0.2,2,ompl_uniform,20341185,True,True,,1,0.1735982249956578,0.012533273,0.1735982249956578,0.17540417501004413
8,central_c0.2,2,cartesian_ik,20341185,True,True,,1,0.12165795598411933,0.039974493,0.12165795598411933,0.14403834304539487
8,central_c0.2,2,joint_projected,20341185,True,True,,1,0.23683187802089378,0.062098261,0.23683187802089378,0.25878827000269666
8,central_c0.2,3,cartesian_ik,20341286,True,True,,1,0.1136128330253996,0.060078641,0.1136128330253996,0.13559889001771808
8,central_c0.2,3,ompl_uniform,20341286,True,True,,1,0.18113818002166227,0.018719565,0.18113818002166227,0.18272988899843767
8,central_c0.2,3,joint_projected,20341286,True,True,,1,0.04266840504715219,0.014674326,0.04266840504715219,0.06467233202420175
8,central_c0.2,4,cartesian_ik,20341387,True,True,,1,0.19359313795575872,0.09529676,0.19359313795575872,0.21573204401647672
8,central_c0.2,4,ompl_uniform,20341387,True,True,,1,0.12425215600524098,0.007357585,0.12425215600524098,0.12574787001358345
8,central_c0.2,4,joint_projected,20341387,True,True,,1,0.2301096699666232,0.025715741,0.2301096699666232,0.25261862302431837
6,central_c0.2,0,ompl_uniform,20320969,True,True,,1,0.14466777903726324,0.01019634,0.14466777903726324,0.1464361270191148
6,central_c0.2,0,joint_projected,20320969,True,True,,1,0.1675222670310177,0.045977376,0.1675222670310177,0.18907992797903717
6,central_c0.2,0,cartesian_ik,20320969,True,True,,1,0.1964162850053981,0.042330691,0.1964162850053981,0.217285135993734
6,central_c0.2,1,joint_projected,20321070,True,True,,1,0.4159148329636082,0.055614259,0.4159148329636082,0.4376652889768593
6,central_c0.2,1,cartesian_ik,20321070,True,True,,1,0.09544373897369951,0.033072814,0.09544373897369951,0.11692411702824757
6,central_c0.2,1,ompl_uniform,20321070,True,True,,1,0.08837754605337977,0.020085336,0.08837754605337977,0.08994875801727176
6,central_c0.2,2,joint_projected,20321171,True,True,,1,0.17494968697428703,0.031981187,0.17494968697428703,0.19625666696811095
6,central_c0.2,2,ompl_uniform,20321171,True,True,,1,0.1771753869834356,0.0102205,0.1771753869834356,0.17871199402725324
6,central_c0.2,2,cartesian_ik,20321171,True,True,,1,0.18837098503718153,0.09504178,0.18837098503718153,0.20986265304964036
6,central_c0.2,3,joint_projected,20321272,True,True,,1,0.14830507896840572,0.030293655,0.14830507896840572,0.16950240201549605
6,central_c0.2,3,ompl_uniform,20321272,True,True,,1,0.16636048996588215,0.024617585,0.16636048996588215,0.1681584480102174
6,central_c0.2,3,cartesian_ik,20321272,True,True,,1,0.08831073698820546,0.016659979,0.08831073698820546,0.10942513099871576
6,central_c0.2,4,ompl_uniform,20321373,True,True,,1,0.12221081199822947,0.032927097,0.12221081199822947,0.12387322098948061
6,central_c0.2,4,cartesian_ik,20321373,True,True,,1,0.18177328404271975,0.041088718,0.18177328404271975,0.20306256302865222
6,central_c0.2,4,joint_projected,20321373,True,True,,1,0.1913306069909595,0.030286942,0.1913306069909595,0.2130029440158978
40,distant_c0.2,0,ompl_uniform,20661207,True,True,,1,0.1731874460238032,0.028065872,0.1731874460238032,0.1747487680404447
40,distant_c0.2,0,cartesian_ik,20661207,True,True,,1,0.1257304409518838,0.007687751,0.1257304409518838,0.1463253799593076
40,distant_c0.2,0,joint_projected,20661207,True,True,,1,0.08728584495838732,0.036764566,0.08728584495838732,0.10775500698946416
40,distant_c0.2,1,joint_projected,20661308,True,True,,1,0.12125104299047962,0.033437709,0.12125104299047962,0.1416737749823369
40,distant_c0.2,1,cartesian_ik,20661308,True,True,,1,0.08331560104852542,0.012544089,0.08331560104852542,0.1037966429721564
40,distant_c0.2,1,ompl_uniform,20661308,True,True,,1,0.0922202660003677,0.006960088,0.0922202660003677,0.09373858803883195
40,distant_c0.2,2,ompl_uniform,20661409,True,True,,1,0.12483149499166757,0.011374552,0.12483149499166757,0.12646060198312625
40,distant_c0.2,2,joint_projected,20661409,True,True,,1,0.10780056100338697,0.021350155,0.10780056100338697,0.12829447200056165
40,distant_c0.2,2,cartesian_ik,20661409,True,True,,1,0.17302223702427,0.012063705,0.17302223702427,0.19316744897514582
40,distant_c0.2,3,cartesian_ik,20661510,True,True,,1,0.09187009994639084,0.017855379,0.09187009994639084,0.11245184892322868
40,distant_c0.2,3,joint_projected,20661510,True,True,,1,0.0641334269894287,0.022452141,0.0641334269894287,0.0845567099750042
40,distant_c0.2,3,ompl_uniform,20661510,True,True,,1,0.14990097301779315,0.011576561,0.14990097301779315,0.1516087890486233
40,distant_c0.2,4,ompl_uniform,20661611,True,True,,1,0.11056734499288723,0.013958591,0.11056734499288723,0.11239098402438685
40,distant_c0.2,4,joint_projected,20661611,True,True,,1,0.06868404400302097,0.024085695,0.06868404400302097,0.08919800398871303
40,distant_c0.2,4,cartesian_ik,20661611,True,True,,1,0.09420974599197507,0.022538387,0.09420974599197507,0.1142978550051339
56,distant_c0.8,0,joint_projected,20821319,True,True,,1,0.13946621998911723,0.027417169,0.13946621998911723,0.16023006499744952
56,distant_c0.8,0,cartesian_ik,20821319,True,True,,1,0.1275626600254327,0.025899587,0.1275626600254327,0.14845959201920778
56,distant_c0.8,0,ompl_uniform,20821319,True,True,,1,0.25733522296650335,0.012916975,0.25733522296650335,0.25894241797504947
56,distant_c0.8,1,cartesian_ik,20821420,True,True,,1,0.06945569795789197,0.008717476,0.06945569795789197,0.08990922203520313
56,distant_c0.8,1,ompl_uniform,20821420,True,True,,1,0.1796884959912859,0.039891141,0.1796884959912859,0.18127212801482528
56,distant_c0.8,1,joint_projected,20821420,True,True,,1,0.13569635502062738,0.018495676,0.13569635502062738,0.15651472500758246
56,distant_c0.8,2,cartesian_ik,20821521,True,True,,1,0.16980091499863192,0.013821835,0.16980091499863192,0.190328883996699
56,distant_c0.8,2,joint_projected,20821521,True,True,,1,0.13853246299549937,0.016649805,0.13853246299549937,0.15900841302936897
56,distant_c0.8,2,ompl_uniform,20821521,True,True,,1,0.18454149598255754,0.025452786,0.18454149598255754,0.18623522599227726
56,distant_c0.8,3,ompl_uniform,20821622,True,True,,1,0.16281275200890377,0.00782425,0.16281275200890377,0.1645457809790969
56,distant_c0.8,3,cartesian_ik,20821622,True,True,,1,0.14644387498265132,0.009291428,0.14644387498265132,0.1671796509763226
56,distant_c0.8,3,joint_projected,20821622,True,True,,1,0.07998817204497755,0.019240474,0.07998817204497755,0.10043785400921479
56,distant_c0.8,4,cartesian_ik,20821723,True,True,,1,0.08633256598841399,0.006364851,0.08633256598841399,0.10670657502487302
56,distant_c0.8,4,ompl_uniform,20821723,True,True,,1,0.12238255195552483,0.015645856,0.12238255195552483,0.12393738701939583
56,distant_c0.8,4,joint_projected,20821723,True,True,,1,0.16384340595686808,0.028308275,0.16384340595686808,0.18442543403944
37,offset_c0.8,0,ompl_uniform,20631186,True,True,,1,0.1547996909939684,0.010773623,0.1547996909939684,0.15636826201807708
37,offset_c0.8,0,cartesian_ik,20631186,True,True,,1,0.1992871930124238,0.043395292,0.1992871930124238,0.2202809770242311
37,offset_c0.8,0,joint_projected,20631186,True,True,,1,0.18790469400119036,0.01938562,0.18790469400119036,0.2086661399807781
37,offset_c0.8,1,ompl_uniform,20631287,True,True,,1,0.16873532097088173,0.008445252,0.16873532097088173,0.17025495902635157
37,offset_c0.8,1,cartesian_ik,20631287,True,True,,1,0.1536615039804019,0.021331977,0.1536615039804019,0.17455763998441398
37,offset_c0.8,1,joint_projected,20631287,True,True,,1,0.08305333601310849,0.020459002,0.08305333601310849,0.10329779802123085
37,offset_c0.8,2,joint_projected,20631388,True,True,,1,0.04992224398301914,0.026396217,0.04992224398301914,0.07062403997406363
37,offset_c0.8,2,ompl_uniform,20631388,True,True,,1,0.16069259296637028,0.010063913,0.16069259296637028,0.16218055301578715
37,offset_c0.8,2,cartesian_ik,20631388,True,True,,1,0.13095208397135139,0.017184567,0.13095208397135139,0.15204225102206692
37,offset_c0.8,3,joint_projected,20631489,True,True,,1,0.11839095799950883,0.015491626,0.11839095799950883,0.13924528198549524
37,offset_c0.8,3,cartesian_ik,20631489,True,True,,1,0.11350579804275185,0.009770191,0.11350579804275185,0.13401329203043133
37,offset_c0.8,3,ompl_uniform,20631489,True,True,,1,0.09239341801730916,0.01158634,0.09239341801730916,0.09415187500417233
37,offset_c0.8,4,ompl_uniform,20631590,True,True,,1,0.07479799300199375,0.008478661,0.07479799300199375,0.07666259096004069
37,offset_c0.8,4,cartesian_ik,20631590,True,True,,1,0.2339612549985759,0.032829624,0.2339612549985759,0.25520829402375966
37,offset_c0.8,4,joint_projected,20631590,True,True,,1,0.1991237199981697,0.03525145,0.1991237199981697,0.22023434500442818
21,offset_c0.2,0,joint_projected,20471074,True,True,,1,0.04022862500278279,0.032077804,0.04022862500278279,0.06080374395241961
21,offset_c0.2,0,ompl_uniform,20471074,True,True,,1,0.09795811004005373,0.019678092,0.09795811004005373,0.09953050804324448
21,offset_c0.2,0,cartesian_ik,20471074,True,True,,1,0.13119250000454485,0.017050798,0.13119250000454485,0.1522440499975346
21,offset_c0.2,1,cartesian_ik,20471175,True,True,,1,0.14176229800796136,0.00995579,0.14176229800796136,0.16321957297623158
21,offset_c0.2,1,ompl_uniform,20471175,True,True,,1,0.16187733999686316,0.008423882,0.16187733999686316,0.1636372379725799
21,offset_c0.2,1,joint_projected,20471175,True,True,,1,0.20327618502778932,0.032180003,0.20327618502778932,0.22449878696352243
21,offset_c0.2,2,ompl_uniform,20471276,True,True,,1,0.18597361003048718,0.016974777,0.18597361003048718,0.18778455397114158
21,offset_c0.2,2,cartesian_ik,20471276,True,True,,1,0.0877404100028798,0.019271514,0.0877404100028798,0.1088344709132798
21,offset_c0.2,2,joint_projected,20471276,True,True,,1,0.03198502497980371,0.016292617,0.03198502497980371,0.053112599009182304
21,offset_c0.2,3,cartesian_ik,20471377,True,True,,1,0.14556173601886258,0.042706604,0.14556173601886258,0.166609690990299
21,offset_c0.2,3,joint_projected,20471377,True,True,,1,0.09365980100119486,0.020721789,0.09365980100119486,0.11472257896093652
21,offset_c0.2,3,ompl_uniform,20471377,True,True,,1,0.19594547600718215,0.039059815,0.19594547600718215,0.1977252250071615
21,offset_c0.2,4,cartesian_ik,20471478,True,True,,1,0.04301913804374635,0.009445766,0.04301913804374635,0.0642764899530448
21,offset_c0.2,4,ompl_uniform,20471478,True,True,,1,0.11020886700134724,0.008921447,0.11020886700134724,0.11194098700070754
21,offset_c0.2,4,joint_projected,20471478,True,True,,1,0.13293519098078832,0.012603834,0.13293519098078832,0.15442356298444793
10,central_c0.8,0,ompl_uniform,20360997,True,True,,1,0.12459205300547183,0.012990094,0.12459205300547183,0.12606218899600208
10,central_c0.8,0,cartesian_ik,20360997,False,False,start_invalid_in_corridor,,0.0,0.0,6.0,0.02035470900591463
10,central_c0.8,0,joint_projected,20360997,False,False,start_invalid_in_corridor,,0.0,0.0,6.0,0.020099163986742496
10,central_c0.8,1,cartesian_ik,20361098,False,False,start_invalid_in_corridor,,0.0,0.0,6.0,0.01945666701067239
10,central_c0.8,1,joint_projected,20361098,False,False,start_invalid_in_corridor,,0.0,0.0,6.0,0.019358025980181992
10,central_c0.8,1,ompl_uniform,20361098,True,True,,1,0.1374872179585509,0.020926701,0.1374872179585509,0.13872125704074278
10,central_c0.8,2,joint_projected,20361199,False,False,start_invalid_in_corridor,,0.0,0.0,6.0,0.0204723360366188
10,central_c0.8,2,ompl_uniform,20361199,True,True,,1,0.11279145302250981,0.010201083,0.11279145302250981,0.1144367289962247
10,central_c0.8,2,cartesian_ik,20361199,False,False,start_invalid_in_corridor,,0.0,0.0,6.0,0.02059829595964402
10,central_c0.8,3,ompl_uniform,20361300,True,True,,1,0.11582916002953425,0.010967694,0.11582916002953425,0.11712907598121092
10,central_c0.8,3,joint_projected,20361300,False,False,start_invalid_in_corridor,,0.0,0.0,6.0,0.020461623033042997
10,central_c0.8,3,cartesian_ik,20361300,False,False,start_invalid_in_corridor,,0.0,0.0,6.0,0.019935550983063877
10,central_c0.8,4,joint_projected,20361401,False,False,start_invalid_in_corridor,,0.0,0.0,6.0,0.019364935986232013
10,central_c0.8,4,cartesian_ik,20361401,False,False,start_invalid_in_corridor,,0.0,0.0,6.0,0.019185067038051784
10,central_c0.8,4,ompl_uniform,20361401,True,True,,1,0.2199092999799177,0.011458223,0.2199092999799177,0.22123944200575352
45,distant_c0.2,0,joint_projected,20711242,True,True,,1,0.11125778901623562,0.020270535,0.11125778901623562,0.1331238739658147
45,distant_c0.2,0,ompl_uniform,20711242,True,True,,1,0.09799234598176554,0.018731028,0.09799234598176554,0.09976762701990083
45,distant_c0.2,0,cartesian_ik,20711242,True,True,,1,0.14467872300883755,0.008168304,0.14467872300883755,0.1656507920124568
45,distant_c0.2,1,cartesian_ik,20711343,True,True,,1,0.14260458201169968,0.012445898,0.14260458201169968,0.1634627859457396
45,distant_c0.2,1,ompl_uniform,20711343,True,True,,1,0.09734478796599433,0.012597183,0.09734478796599433,0.09884921595221385
45,distant_c0.2,1,joint_projected,20711343,True,True,,1,0.09116477298084646,0.012322792,0.09116477298084646,0.11229380598524585
45,distant_c0.2,2,joint_projected,20711444,True,True,,1,0.16815792699344456,0.01336942,0.16815792699344456,0.18891098094172776
45,distant_c0.2,2,ompl_uniform,20711444,True,True,,1,0.14551026897970587,0.014500618,0.14551026897970587,0.14732135395752266
45,distant_c0.2,2,cartesian_ik,20711444,True,True,,1,0.07923864701297134,0.016532881,0.07923864701297134,0.10037884098710492
45,distant_c0.2,3,ompl_uniform,20711545,True,True,,1,0.12578596401726827,0.013574187,0.12578596401726827,0.12756734597496688
45,distant_c0.2,3,cartesian_ik,20711545,True,True,,1,0.06965432199649513,0.024653931,0.06965432199649513,0.090275838971138
45,distant_c0.2,3,joint_projected,20711545,True,True,,1,0.1509731329861097,0.012893174,0.1509731329861097,0.17223959398688748
45,distant_c0.2,4,joint_projected,20711646,True,True,,1,0.04389489401364699,0.029274314,0.04389489401364699,0.06478324998170137
45,distant_c0.2,4,cartesian_ik,20711646,True,True,,1,0.1278753220103681,0.029018165,0.1278753220103681,0.14858559699496254
45,distant_c0.2,4,ompl_uniform,20711646,True,True,,1,0.1655533160082996,0.009981344,0.1655533160082996,0.16752308805007488
