environment,stratum,repeat,mode,seed,success,planner_success,failure_stage,error_code,action_wall_s,moveit_planning_s,par2_s,end_to_end_wall_s
43,distant_c0.5_from0.2,0,cartesian_ik,20691227,True,True,,1,0.11159351805690676,0.018214623,0.11159351805690676,0.13133967609610409
43,distant_c0.5_from0.2,0,joint_projected,20691227,True,True,,1,0.17270441295113415,0.021836512,0.17270441295113415,0.193174508982338
43,distant_c0.5_from0.2,0,ompl_uniform,20691227,True,True,,1,0.15394508698955178,0.013279761,0.15394508698955178,0.15553690190427005
43,distant_c0.5_from0.2,1,cartesian_ik,20691328,True,True,,1,0.24951680295635015,0.031781511,0.24951680295635015,0.2702430869685486
43,distant_c0.5_from0.2,1,ompl_uniform,20691328,True,True,,1,0.09338190092239529,0.01322768,0.09338190092239529,0.09446475293952972
43,distant_c0.5_from0.2,1,joint_projected,20691328,True,True,,1,0.1222518440335989,0.019474203,0.1222518440335989,0.14241653203498572
43,distant_c0.5_from0.2,2,joint_projected,20691429,True,True,,1,0.09365926799364388,0.016550782,0.09365926799364388,0.11401955003384501
43,distant_c0.5_from0.2,2,ompl_uniform,20691429,True,True,,1,0.09871382091660053,0.012212574,0.09871382091660053,0.1002290640026331
43,distant_c0.5_from0.2,2,cartesian_ik,20691429,True,True,,1,0.1509363919030875,0.007722896,0.1509363919030875,0.17262512899469584
43,distant_c0.5_from0.2,3,ompl_uniform,20691530,True,True,,1,0.1638789540156722,0.030345029,0.1638789540156722,0.16557598405051976
43,distant_c0.5_from0.2,3,cartesian_ik,20691530,True,True,,1,0.09401284798514098,0.030020752,0.09401284798514098,0.1148966730106622
43,distant_c0.5_from0.2,3,joint_projected,20691530,True,True,,1,0.0812413269886747,0.042531667,0.0812413269886747,0.10133498208597302
43,distant_c0.5_from0.2,4,ompl_uniform,20691631,True,True,,1,0.18682596599683166,0.018779888,0.18682596599683166,0.1883598299464211
43,distant_c0.5_from0.2,4,cartesian_ik,20691631,True,True,,1,0.11143674503546208,0.017175525,0.11143674503546208,0.13176275498699397
43,distant_c0.5_from0.2,4,joint_projected,20691631,True,True,,1,0.08119957300368696,0.012159984,0.08119957300368696,0.10189276607707143
43,distant_c0.5_from0.2,5,ompl_uniform,20691732,True,True,,1,0.1682147349929437,0.033119496,0.1682147349929437,0.16974803700577468
43,distant_c0.5_from0.2,5,joint_projected,20691732,True,True,,1,0.09086833102628589,0.016811873,0.09086833102628589,0.11171273002400994
43,distant_c0.5_from0.2,5,cartesian_ik,20691732,True,True,,1,0.09101486706640571,0.013119675,0.09101486706640571,0.11139924800954759
43,distant_c0.5_from0.2,6,joint_projected,20691833,True,True,,1,0.17460217291954905,0.014049865,0.17460217291954905,0.19480118993669748
43,distant_c0.5_from0.2,6,ompl_uniform,20691833,True,True,,1,0.15071513806469738,0.014390879,0.15071513806469738,0.1519660329213366
43,distant_c0.5_from0.2,6,cartesian_ik,20691833,True,True,,1,0.12066759204026312,0.040970251,0.12066759204026312,0.14118827797938138
43,distant_c0.5_from0.2,7,cartesian_ik,20691934,True,True,,1,0.0601310069905594,0.012702308,0.0601310069905594,0.08085822605062276
43,distant_c0.5_from0.2,7,joint_projected,20691934,True,True,,1,0.15723272901959717,0.041792898,0.15723272901959717,0.17805679293815047
43,distant_c0.5_from0.2,7,ompl_uniform,20691934,True,True,,1,0.1741652589989826,0.020499699,0.1741652589989826,0.1754393499577418
43,distant_c0.5_from0.2,8,joint_projected,20692035,True,True,,1,0.07262522494420409,0.020382432,0.07262522494420409,0.09282947599422187
43,distant_c0.5_from0.2,8,ompl_uniform,20692035,True,True,,1,0.1815953820478171,0.01394014,0.1815953820478171,0.1832557760644704
43,distant_c0.5_from0.2,8,cartesian_ik,20692035,True,True,,1,0.16115622699726373,0.024600704,0.16115622699726373,0.18232709809672087
43,distant_c0.5_from0.2,9,joint_projected,20692136,True,True,,1,0.11985853093210608,0.021251935,0.11985853093210608,0.14031342195812613
43,distant_c0.5_from0.2,9,cartesian_ik,20692136,True,True,,1,0.12023044098168612,0.013640465,0.12023044098168612,0.14075883897021413
43,distant_c0.5_from0.2,9,ompl_uniform,20692136,True,True,,1,0.10220147692598403,0.013041737,0.10220147692598403,0.10373293899465352
38,offset_c0.7_from0.8,0,ompl_uniform,20641192,True,True,,1,0.10055035492405295,0.019563931,0.10055035492405295,0.10189701593481004
38,offset_c0.7_from0.8,0,cartesian_ik,20641192,True,True,,1,0.2788027520291507,0.066466122,0.2788027520291507,0.2996820668922737
38,offset_c0.7_from0.8,0,joint_projected,20641192,True,True,,1,0.1341918590478599,0.021812718,0.1341918590478599,0.15500439994502813
38,offset_c0.7_from0.8,1,joint_projected,20641293,True,True,,1,0.2769878359977156,0.037748654,0.2769878359977156,0.2979613438947126
38,offset_c0.7_from0.8,1,cartesian_ik,20641293,True,True,,1,0.16827916505280882,0.045373739,0.16827916505280882,0.18869107798673213
38,offset_c0.7_from0.8,1,ompl_uniform,20641293,True,True,,1,0.14893119502812624,0.021953229,0.14893119502812624,0.1503447180148214
38,offset_c0.7_from0.8,2,ompl_uniform,20641394,True,True,,1,0.18491770804394037,0.019430673,0.18491770804394037,0.18666777398902923
38,offset_c0.7_from0.8,2,joint_projected,20641394,True,True,,1,0.05813742196187377,0.015424594,0.05813742196187377,0.07886571600101888
38,offset_c0.7_from0.8,2,cartesian_ik,20641394,True,True,,1,0.14280075207352638,0.027805404,0.14280075207352638,0.16370592289604247
38,offset_c0.7_from0.8,3,cartesian_ik,20641495,True,True,,1,0.1282349539687857,0.023849879,0.1282349539687857,0.14921810198575258
38,offset_c0.7_from0.8,3,joint_projected,20641495,True,True,,1,0.19215748296119273,0.038193816,0.19215748296119273,0.21296989894472063
38,offset_c0.7_from0.8,3,ompl_uniform,20641495,True,True,,1,0.13312297593802214,0.030594575,0.13312297593802214,0.13482064008712769
38,offset_c0.7_from0.8,4,joint_projected,20641596,True,True,,1,0.1453969789436087,0.021997275,0.1453969789436087,0.1660557989962399
38,offset_c0.7_from0.8,4,cartesian_ik,20641596,True,True,,1,0.18246524594724178,0.054645578,0.18246524594724178,0.20284935785457492
38,offset_c0.7_from0.8,4,ompl_uniform,20641596,True,True,,1,0.11736568296328187,0.027572641,0.11736568296328187,0.1190795450238511
38,offset_c0.7_from0.8,5,ompl_uniform,20641697,True,True,,1,0.18333632592111826,0.021863921,0.18333632592111826,0.18506421195343137
38,offset_c0.7_from0.8,5,joint_projected,20641697,True,True,,1,0.22255888697691262,0.031652452,0.22255888697691262,0.24320584686938673
38,offset_c0.7_from0.8,5,cartesian_ik,20641697,True,True,,1,0.09274497802834958,0.00967579,0.09274497802834958,0.11315987899433821
38,offset_c0.7_from0.8,6,joint_projected,20641798,True,True,,1,0.2650650419527665,0.043705014,0.2650650419527665,0.28557845891918987
38,offset_c0.7_from0.8,6,cartesian_ik,20641798,True,True,,1,0.21386979997623712,0.067615172,0.21386979997623712,0.23452868591994047
38,offset_c0.7_from0.8,6,ompl_uniform,20641798,True,True,,1,0.1409261089283973,0.014443735,0.1409261089283973,0.14257453696336597
38,offset_c0.7_from0.8,7,joint_projected,20641899,True,True,,1,0.23263383097946644,0.027100887,0.23263383097946644,0.25337317294906825
38,offset_c0.7_from0.8,7,ompl_uniform,20641899,True,True,,1,0.1625644990708679,0.016391927,0.1625644990708679,0.16394994303118438
38,offset_c0.7_from0.8,7,cartesian_ik,20641899,True,True,,1,0.08771072200033814,0.027818235,0.08771072200033814,0.10854493104852736
38,offset_c0.7_from0.8,8,joint_projected,20642000,True,True,,1,0.08635952207259834,0.027749819,0.08635952207259834,0.1068459979724139
38,offset_c0.7_from0.8,8,ompl_uniform,20642000,True,True,,1,0.12165028904564679,0.021843163,0.12165028904564679,0.12321632902603596
38,offset_c0.7_from0.8,8,cartesian_ik,20642000,True,True,,1,0.2236863860161975,0.03809636,0.2236863860161975,0.25314031599555165
38,offset_c0.7_from0.8,9,ompl_uniform,20642101,True,True,,1,0.1621161390794441,0.019022869,0.1621161390794441,0.1636836869874969
38,offset_c0.7_from0.8,9,joint_projected,20642101,True,True,,1,0.07984589308034629,0.035984915,0.07984589308034629,0.10047974798362702
38,offset_c0.7_from0.8,9,cartesian_ik,20642101,True,True,,1,0.1338801080128178,0.025242875,0.1338801080128178,0.15533125901129097
46,distant_c0.5_from0.2,0,ompl_uniform,20721248,True,True,,1,0.20178863499313593,0.019843858,0.20178863499313593,0.20287136698607355
46,distant_c0.5_from0.2,0,joint_projected,20721248,True,True,,1,0.11452745902352035,0.025091282,0.11452745902352035,0.1345725819701329
46,distant_c0.5_from0.2,0,cartesian_ik,20721248,True,True,,1,0.11926463502459228,0.016992758,0.11926463502459228,0.13915293593890965
46,distant_c0.5_from0.2,1,joint_projected,20721349,True,True,,1,0.1175898090004921,0.023924154,0.1175898090004921,0.13722400995902717
46,distant_c0.5_from0.2,1,ompl_uniform,20721349,True,True,,1,0.1524021220393479,0.011458186,0.1524021220393479,0.15361502405721694
46,distant_c0.5_from0.2,1,cartesian_ik,20721349,True,True,,1,0.09643218002747744,0.015068106,0.09643218002747744,0.11697767896112055
46,distant_c0.5_from0.2,2,joint_projected,20721450,True,True,,1,0.10286689200438559,0.02117641,0.10286689200438559,0.12336118007078767
46,distant_c0.5_from0.2,2,cartesian_ik,20721450,True,True,,1,0.19151706201955676,0.013541642,0.19151706201955676,0.21147884090896696
46,distant_c0.5_from0.2,2,ompl_uniform,20721450,True,True,,1,0.11386657203547657,0.011096873,0.11386657203547657,0.11529789201449603
46,distant_c0.5_from0.2,3,joint_projected,20721551,True,True,,1,0.05596636503469199,0.020065015,0.05596636503469199,0.07578360196202993
46,distant_c0.5_from0.2,3,ompl_uniform,20721551,True,True,,1,0.15105404204223305,0.011382442,0.15105404204223305,0.15237598400563002
46,distant_c0.5_from0.2,3,cartesian_ik,20721551,True,True,,1,0.18993241398129612,0.019498501,0.18993241398129612,0.21054488595109433
46,distant_c0.5_from0.2,4,cartesian_ik,20721652,True,True,,1,0.1220391649985686,0.007267244,0.1220391649985686,0.1425457539735362
46,distant_c0.5_from0.2,4,joint_projected,20721652,True,True,,1,0.09314846096094698,0.03420516,0.09314846096094698,0.1133182019693777
46,distant_c0.5_from0.2,4,ompl_uniform,20721652,True,True,,1,0.17450945999007672,0.008875209,0.17450945999007672,0.1757718320004642
46,distant_c0.5_from0.2,5,ompl_uniform,20721753,True,True,,1,0.14954775595106184,0.009170519,0.14954775595106184,0.15108022606000304
46,distant_c0.5_from0.2,5,cartesian_ik,20721753,True,True,,1,0.04004747699946165,0.008312055,0.04004747699946165,0.06019380397628993
46,distant_c0.5_from0.2,5,joint_projected,20721753,True,True,,1,0.05209258198738098,0.019694803,0.05209258198738098,0.07246143103111535
46,distant_c0.5_from0.2,6,joint_projected,20721854,True,True,,1,0.03280447598081082,0.018292778,0.03280447598081082,0.053107435000129044
46,distant_c0.5_from0.2,6,cartesian_ik,20721854,True,True,,1,0.1791899889940396,0.012695216,0.1791899889940396,0.20907813496887684
46,distant_c0.5_from0.2,6,ompl_uniform,20721854,True,True,,1,0.1367617880459875,0.023035559,0.1367617880459875,0.13851857592817396
46,distant_c0.5_from0.2,7,ompl_uniform,20721955,True,True,,1,0.15744486497715116,0.01289594,0.15744486497715116,0.1589091579662636
46,distant_c0.5_from0.2,7,joint_projected,20721955,True,True,,1,0.08447428501676768,0.022238514,0.08447428501676768,0.10496414895169437
46,distant_c0.5_from0.2,7,cartesian_ik,20721955,True,True,,1,0.16004154307302088,0.040362266,0.16004154307302088,0.18036877398844808
46,distant_c0.5_from0.2,8,cartesian_ik,20722056,True,True,,1,0.12417384202126414,0.015203056,0.12417384202126414,0.14459694596007466
46,distant_c0.5_from0.2,8,joint_projected,20722056,True,True,,1,0.18022180697880685,0.033664349,0.18022180697880685,0.2007248179288581
46,distant_c0.5_from0.2,8,ompl_uniform,20722056,True,True,,1,0.13161278294865042,0.011960772,0.13161278294865042,0.13332785200327635
46,distant_c0.5_from0.2,9,joint_projected,20722157,True,True,,1,0.1274818079546094,0.028260954,0.1274818079546094,0.14744954404886812
46,distant_c0.5_from0.2,9,ompl_uniform,20722157,True,True,,1,0.12540633894968778,0.010344475,0.12540633894968778,0.12681911210529506
46,distant_c0.5_from0.2,9,cartesian_ik,20722157,True,True,,1,0.08839828800410032,0.006399252,0.08839828800410032,0.10926058294717222
36,offset_c0.7_from0.8,0,ompl_uniform,20621178,True,True,,1,0.10133444296661764,0.010826026,0.10133444296661764,0.1035865149460733
36,offset_c0.7_from0.8,0,joint_projected,20621178,True,True,,1,0.2291805431013927,0.021908389,0.2291805431013927,0.2507421231130138
36,offset_c0.7_from0.8,0,cartesian_ik,20621178,True,True,,1,0.2208023719722405,0.043355298,0.2208023719722405,0.24223316903226078
36,offset_c0.7_from0.8,1,cartesian_ik,20621279,True,True,,1,0.11957729200366884,0.041718548,0.11957729200366884,0.14033834310248494
36,offset_c0.7_from0.8,1,joint_projected,20621279,True,True,,1,0.08622334303800017,0.021855109,0.08622334303800017,0.10777733707800508
36,offset_c0.7_from0.8,1,ompl_uniform,20621279,True,True,,1,0.1567686019698158,0.010202494,0.1567686019698158,0.15853196196258068
36,offset_c0.7_from0.8,2,cartesian_ik,20621380,True,True,,1,0.08916227601002902,0.016613089,0.08916227601002902,0.11031570413615555
36,offset_c0.7_from0.8,2,ompl_uniform,20621380,True,True,,1,0.18199324898887426,0.011213164,0.18199324898887426,0.18384281103499234
36,offset_c0.7_from0.8,2,joint_projected,20621380,True,True,,1,0.03052360995206982,0.012082262,0.03052360995206982,0.05157682206481695
36,offset_c0.7_from0.8,3,joint_projected,20621481,True,True,,1,0.05287397594656795,0.014473235,0.05287397594656795,0.07374226511456072
36,offset_c0.7_from0.8,3,ompl_uniform,20621481,True,True,,1,0.12295147799886763,0.014072754,0.12295147799886763,0.12470202601980418
36,offset_c0.7_from0.8,3,cartesian_ik,20621481,True,True,,1,0.1284262939589098,0.022116619,0.1284262939589098,0.14986486115958542
36,offset_c0.7_from0.8,4,ompl_uniform,20621582,True,True,,1,0.13101554801687598,0.02245748,0.13101554801687598,0.13290299091022462
36,offset_c0.7_from0.8,4,cartesian_ik,20621582,True,True,,1,0.14058186498004943,0.028127791,0.14058186498004943,0.16186769015621394
36,offset_c0.7_from0.8,4,joint_projected,20621582,True,True,,1,0.11459567793644965,0.037049485,0.11459567793644965,0.13519368309061974
36,offset_c0.7_from0.8,5,cartesian_ik,20621683,True,True,,1,0.1875213070306927,0.016885711,0.1875213070306927,0.20797539118211716
36,offset_c0.7_from0.8,5,ompl_uniform,20621683,True,True,,1,0.14212788396980613,0.029472676,0.14212788396980613,0.1438572689658031
36,offset_c0.7_from0.8,5,joint_projected,20621683,True,True,,1,0.1122241080738604,0.040897703,0.1122241080738604,0.13343091506976634
36,offset_c0.7_from0.8,6,joint_projected,20621784,True,True,,1,0.037321660900488496,0.020711607,0.037321660900488496,0.05791041604243219
36,offset_c0.7_from0.8,6,ompl_uniform,20621784,True,True,,1,0.18040535994805396,0.026757097,0.18040535994805396,0.18233390792738646
36,offset_c0.7_from0.8,6,cartesian_ik,20621784,True,True,,1,0.15706800390034914,0.013866814,0.15706800390034914,0.1783626020187512
36,offset_c0.7_from0.8,7,cartesian_ik,20621885,True,True,,1,0.17187565402127802,0.032845682,0.17187565402127802,0.19273761310614645
36,offset_c0.7_from0.8,7,joint_projected,20621885,True,True,,1,0.037534734001383185,0.019121509,0.037534734001383185,0.05851389712188393
36,offset_c0.7_from0.8,7,ompl_uniform,20621885,True,True,,1,0.16175130696501583,0.03179753,0.16175130696501583,0.163615426979959
36,offset_c0.7_from0.8,8,joint_projected,20621986,True,True,,1,0.02331134502310306,0.012663596,0.02331134502310306,0.044341913191601634
36,offset_c0.7_from0.8,8,ompl_uniform,20621986,True,True,,1,0.08681514696218073,0.012851703,0.08681514696218073,0.08859935693908483
36,offset_c0.7_from0.8,8,cartesian_ik,20621986,True,True,,1,0.07495595293585211,0.01056525,0.07495595293585211,0.09636814915575087
36,offset_c0.7_from0.8,9,joint_projected,20622087,True,True,,1,0.08122304501011968,0.028607941,0.08122304501011968,0.1023472910746932
36,offset_c0.7_from0.8,9,ompl_uniform,20622087,True,True,,1,0.09478560101706535,0.011362932,0.09478560101706535,0.09625764400698245
36,offset_c0.7_from0.8,9,cartesian_ik,20622087,True,True,,1,0.1196789089590311,0.01723784,0.1196789089590311,0.14073560608085245
41,distant_c0.5_from0.2,0,cartesian_ik,20671213,True,True,,1,0.1406267168931663,0.014918766,0.1406267168931663,0.16039681807160378
41,distant_c0.5_from0.2,0,ompl_uniform,20671213,True,True,,1,0.08789970399811864,0.011084397,0.08789970399811864,0.08894635899923742
41,distant_c0.5_from0.2,0,joint_projected,20671213,True,True,,1,0.15465857100207359,0.026559845,0.15465857100207359,0.17524908808991313
41,distant_c0.5_from0.2,1,joint_projected,20671314,True,True,,1,0.11142389103770256,0.009012223,0.11142389103770256,0.13163659907877445
41,distant_c0.5_from0.2,1,cartesian_ik,20671314,True,True,,1,0.12982380902394652,0.015233059,0.12982380902394652,0.15056874102447182
41,distant_c0.5_from0.2,1,ompl_uniform,20671314,True,True,,1,0.19424389605410397,0.015803536,0.19424389605410397,0.19609199406113476
41,distant_c0.5_from0.2,2,cartesian_ik,20671415,True,True,,1,0.07178021606523544,0.009792046,0.07178021606523544,0.09286822006106377
41,distant_c0.5_from0.2,2,ompl_uniform,20671415,True,True,,1,0.2352802100358531,0.006067461,0.2352802100358531,0.2367070340551436
41,distant_c0.5_from0.2,2,joint_projected,20671415,True,True,,1,0.07338807603809983,0.016242214,0.07338807603809983,0.0952184529742226
41,distant_c0.5_from0.2,3,ompl_uniform,20671516,True,True,,1,0.19790772697888315,0.020469821,0.19790772697888315,0.19981111108791083
41,distant_c0.5_from0.2,3,cartesian_ik,20671516,True,True,,1,0.10337444301694632,0.011560029,0.10337444301694632,0.12429649312980473
41,distant_c0.5_from0.2,3,joint_projected,20671516,True,True,,1,0.0752638200065121,0.006189983,0.0752638200065121,0.09606926003471017
41,distant_c0.5_from0.2,4,ompl_uniform,20671617,True,True,,1,0.21792861202266067,0.012431935,0.21792861202266067,0.21986267901957035
41,distant_c0.5_from0.2,4,cartesian_ik,20671617,True,True,,1,0.05814664205536246,0.018483013,0.05814664205536246,0.07925231812987477
41,distant_c0.5_from0.2,4,joint_projected,20671617,True,True,,1,0.1549047069856897,0.034713646,0.1549047069856897,0.1756016711005941
41,distant_c0.5_from0.2,5,ompl_uniform,20671718,True,True,,1,0.10647491598501801,0.008322493,0.10647491598501801,0.10856138891540468
41,distant_c0.5_from0.2,5,joint_projected,20671718,True,True,,1,0.03392429696395993,0.01176932,0.03392429696395993,0.05504892114549875
41,distant_c0.5_from0.2,5,cartesian_ik,20671718,True,True,,1,0.11822016397491097,0.020767918,0.11822016397491097,0.1387527440674603
41,distant_c0.5_from0.2,6,cartesian_ik,20671819,True,True,,1,0.17220014706254005,0.020512493,0.17220014706254005,0.19299359305296093
41,distant_c0.5_from0.2,6,ompl_uniform,20671819,True,True,,1,0.15992884000297636,0.009211221,0.15992884000297636,0.1616891329176724
41,distant_c0.5_from0.2,6,joint_projected,20671819,True,True,,1,0.12599769700318575,0.022186162,0.12599769700318575,0.14724970806855708
41,distant_c0.5_from0.2,7,joint_projected,20671920,True,True,,1,0.08870933100115508,0.012516603,0.08870933100115508,0.10978980199433863
41,distant_c0.5_from0.2,7,ompl_uniform,20671920,True,True,,1,0.14599501201882958,0.009115297,0.14599501201882958,0.1478014700114727
41,distant_c0.5_from0.2,7,cartesian_ik,20671920,True,True,,1,0.19346509699244052,0.023635992,0.19346509699244052,0.2146123939892277
41,distant_c0.5_from0.2,8,ompl_uniform,20672021,True,True,,1,0.16459987999405712,0.00690602,0.16459987999405712,0.16651067498605698
41,distant_c0.5_from0.2,8,cartesian_ik,20672021,True,True,,1,0.1528507600305602,0.03088692,0.1528507600305602,0.17291334504261613
41,distant_c0.5_from0.2,8,joint_projected,20672021,True,True,,1,0.09945592598523945,0.014011936,0.09945592598523945,0.11985181900672615
41,distant_c0.5_from0.2,9,joint_projected,20672122,True,True,,1,0.073300092946738,0.027008679,0.073300092946738,0.09384744509588927
41,distant_c0.5_from0.2,9,cartesian_ik,20672122,True,True,,1,0.18626826896797866,0.02720384,0.18626826896797866,0.20683630602434278
41,distant_c0.5_from0.2,9,ompl_uniform,20672122,True,True,,1,0.11489367892500013,0.011418646,0.11489367892500013,0.1164145830553025
47,distant_c0.5_from0.2,0,cartesian_ik,20731255,True,True,,1,0.16256685892585665,0.013971438,0.16256685892585665,0.18214449903462082
47,distant_c0.5_from0.2,0,joint_projected,20731255,True,True,,1,0.04537182196509093,0.014951706,0.04537182196509093,0.0658774949843064
47,distant_c0.5_from0.2,0,ompl_uniform,20731255,True,True,,1,0.15525231696665287,0.009833538,0.15525231696665287,0.15688437805511057
47,distant_c0.5_from0.2,1,ompl_uniform,20731356,True,True,,1,0.10602212708909065,0.013415313,0.10602212708909065,0.107920938055031
47,distant_c0.5_from0.2,1,cartesian_ik,20731356,True,True,,1,0.10570848092902452,0.01902264,0.10570848092902452,0.1261791050201282
47,distant_c0.5_from0.2,1,joint_projected,20731356,True,True,,1,0.027992667048238218,0.015319458,0.027992667048238218,0.04806005803402513
47,distant_c0.5_from0.2,2,cartesian_ik,20731457,True,True,,1,0.1846980779664591,0.014860604,0.1846980779664591,0.2055013879435137
47,distant_c0.5_from0.2,2,joint_projected,20731457,True,True,,1,0.10943850909825414,0.02943489,0.10943850909825414,0.1293656110065058
47,distant_c0.5_from0.2,2,ompl_uniform,20731457,True,True,,1,0.1578453880501911,0.01643145,0.1578453880501911,0.1592665039934218
47,distant_c0.5_from0.2,3,ompl_uniform,20731558,True,True,,1,0.15448421996552497,0.032923213,0.15448421996552497,0.15630767901893705
47,distant_c0.5_from0.2,3,joint_projected,20731558,True,True,,1,0.05664569605141878,0.019332351,0.05664569605141878,0.07731258391868323
47,distant_c0.5_from0.2,3,cartesian_ik,20731558,True,True,,1,0.10341029800474644,0.008416832,0.10341029800474644,0.12380982900504023
47,distant_c0.5_from0.2,4,cartesian_ik,20731659,True,True,,1,0.04083535401150584,0.003193001,0.04083535401150584,0.06124815600924194
47,distant_c0.5_from0.2,4,joint_projected,20731659,True,True,,1,0.09149886900559068,0.023971705,0.09149886900559068,0.1115767159499228
47,distant_c0.5_from0.2,4,ompl_uniform,20731659,True,True,,1,0.1626489870250225,0.01384826,0.1626489870250225,0.16435658500995487
47,distant_c0.5_from0.2,5,joint_projected,20731760,True,True,,1,0.11682207591366023,0.010859039,0.11682207591366023,0.13714487408287823
47,distant_c0.5_from0.2,5,cartesian_ik,20731760,True,True,,1,0.20008615602273494,0.029790407,0.20008615602273494,0.22022727597504854
47,distant_c0.5_from0.2,5,ompl_uniform,20731760,True,True,,1,0.16702046699356288,0.019109917,0.16702046699356288,0.16868379793595523
47,distant_c0.5_from0.2,6,joint_projected,20731861,True,True,,1,0.09244484500959516,0.017070634,0.09244484500959516,0.11277482402510941
47,distant_c0.5_from0.2,6,cartesian_ik,20731861,True,True,,1,0.11065527400933206,0.00919703,0.11065527400933206,0.13027661805972457
47,distant_c0.5_from0.2,6,ompl_uniform,20731861,True,True,,1,0.23922682902775705,0.008940153,0.23922682902775705,0.24103475001174957
47,distant_c0.5_from0.2,7,ompl_uniform,20731962,True,True,,1,0.09911606588866562,0.011353705,0.09911606588866562,0.10059577401261777
47,distant_c0.5_from0.2,7,joint_projected,20731962,True,True,,1,0.11683763307519257,0.024515863,0.11683763307519257,0.1369762719841674
47,distant_c0.5_from0.2,7,cartesian_ik,20731962,True,True,,1,0.15146254107821733,0.012184498,0.15146254107821733,0.17182005499489605
47,distant_c0.5_from0.2,8,joint_projected,20732063,True,True,,1,0.0640124180354178,0.020578131,0.0640124180354178,0.08419542596675456
47,distant_c0.5_from0.2,8,cartesian_ik,20732063,True,True,,1,0.10621162399183959,0.008018932,0.10621162399183959,0.1265489379875362
47,distant_c0.5_from0.2,8,ompl_uniform,20732063,True,True,,1,0.14841002598404884,0.012610422,0.14841002598404884,0.15004173899069428
47,distant_c0.5_from0.2,9,cartesian_ik,20732164,True,True,,1,0.13792739808559418,0.010600554,0.13792739808559418,0.15853776095900685
47,distant_c0.5_from0.2,9,ompl_uniform,20732164,True,True,,1,0.08620652602985501,0.007506485,0.08620652602985501,0.08792138902936131
47,distant_c0.5_from0.2,9,joint_projected,20732164,True,True,,1,0.1489877129206434,0.01493383,0.1489877129206434,0.16922782501205802
7,central_c0.5_from0.2,0,cartesian_ik,20330975,True,True,,1,0.22176316508557647,0.102519529,0.22176316508557647,0.24205370992422104
7,central_c0.5_from0.2,0,ompl_uniform,20330975,True,True,,1,0.29389862599782646,0.031136853,0.29389862599782646,0.29577595193404704
7,central_c0.5_from0.2,0,joint_projected,20330975,True,True,,1,0.22865259007085115,0.028425987,0.22865259007085115,0.2495550949824974
7,central_c0.5_from0.2,1,cartesian_ik,20331076,True,True,,1,0.1846635011024773,0.051814588,0.1846635011024773,0.20523621595930308
7,central_c0.5_from0.2,1,ompl_uniform,20331076,True,True,,1,0.11590565496589988,0.012877224,0.11590565496589988,0.11792511690873653
7,central_c0.5_from0.2,1,joint_projected,20331076,True,True,,1,0.1639407619368285,0.029813669,0.1639407619368285,0.18526771501637995
7,central_c0.5_from0.2,2,ompl_uniform,20331177,True,True,,1,0.19648645108100027,0.011810656,0.19648645108100027,0.19808212597854435
7,central_c0.5_from0.2,2,joint_projected,20331177,True,True,,1,0.1364667669404298,0.038614692,0.1364667669404298,0.15746298793237656
7,central_c0.5_from0.2,2,cartesian_ik,20331177,True,True,,1,0.19947241095360368,0.055518553,0.19947241095360368,0.22009555203840137
7,central_c0.5_from0.2,3,joint_projected,20331278,True,True,,1,0.11618699901737273,0.021080314,0.11618699901737273,0.13677017006557435
7,central_c0.5_from0.2,3,ompl_uniform,20331278,True,True,,1,0.4085228469921276,0.013262317,0.4085228469921276,0.41036803706083447
7,central_c0.5_from0.2,3,cartesian_ik,20331278,True,True,,1,0.1877246639924124,0.02560124,0.1877246639924124,0.20866319094784558
7,central_c0.5_from0.2,4,ompl_uniform,20331379,True,True,,1,0.1573963980190456,0.009504444,0.1573963980190456,0.15914431505370885
7,central_c0.5_from0.2,4,joint_projected,20331379,True,True,,1,0.16829193697776645,0.022446516,0.16829193697776645,0.19004111003596336
7,central_c0.5_from0.2,4,cartesian_ik,20331379,True,True,,1,0.19805875199381262,0.044936783,0.19805875199381262,0.21934752899687737
7,central_c0.5_from0.2,5,ompl_uniform,20331480,True,True,,1,0.3819951369659975,0.015684492,0.3819951369659975,0.38418812898453325
7,central_c0.5_from0.2,5,cartesian_ik,20331480,True,True,,1,0.1304979909909889,0.013013462,0.1304979909909889,0.15202901198063046
7,central_c0.5_from0.2,5,joint_projected,20331480,True,True,,1,0.10802559601143003,0.022694383,0.10802559601143003,0.12937549804337323
7,central_c0.5_from0.2,6,joint_projected,20331581,True,True,,1,0.12139905907679349,0.034411371,0.12139905907679349,0.14217568701133132
7,central_c0.5_from0.2,6,ompl_uniform,20331581,True,True,,1,0.23838472296483815,0.01700453,0.23838472296483815,0.23999218409880996
7,central_c0.5_from0.2,6,cartesian_ik,20331581,True,True,,1,0.09060144599061459,0.043768992,0.09060144599061459,0.11086315999273211
7,central_c0.5_from0.2,7,cartesian_ik,20331682,True,True,,1,0.1267090899636969,0.015209505,0.1267090899636969,0.14722524397075176
7,central_c0.5_from0.2,7,joint_projected,20331682,True,True,,1,0.11854935600422323,0.010720083,0.11854935600422323,0.1388905190397054
7,central_c0.5_from0.2,7,ompl_uniform,20331682,True,True,,1,0.19823374203406274,0.021845777,0.19823374203406274,0.1995950589189306
7,central_c0.5_from0.2,8,joint_projected,20331783,True,True,,1,0.11464264802634716,0.033822615,0.11464264802634716,0.13472463795915246
7,central_c0.5_from0.2,8,cartesian_ik,20331783,True,True,,1,0.16695236193481833,0.057183427,0.16695236193481833,0.18689408292993903
7,central_c0.5_from0.2,8,ompl_uniform,20331783,True,True,,1,0.22064579208381474,0.027835734,0.22064579208381474,0.2227008519694209
7,central_c0.5_from0.2,9,joint_projected,20331884,True,True,,1,0.1337846510577947,0.018657109,0.1337846510577947,0.1539408869575709
7,central_c0.5_from0.2,9,ompl_uniform,20331884,True,True,,1,0.19210292003117502,0.015973335,0.19210292003117502,0.193502546986565
7,central_c0.5_from0.2,9,cartesian_ik,20331884,True,True,,1,0.19617092597763985,0.050900324,0.19617092597763985,0.2174298040335998
26,offset_c0.5_from0.2,0,ompl_uniform,20521108,True,True,,1,0.09613442397676408,0.020676439,0.09613442397676408,0.09742498304694891
26,offset_c0.5_from0.2,0,cartesian_ik,20521108,True,True,,1,0.17998279607854784,0.015309096,0.17998279607854784,0.20096228399779648
26,offset_c0.5_from0.2,0,joint_projected,20521108,True,True,,1,0.08420157595537603,0.017333251,0.08420157595537603,0.1151684500509873
26,offset_c0.5_from0.2,1,ompl_uniform,20521209,True,True,,1,0.1584518039599061,0.014235489,0.1584518039599061,0.16024411201942712
26,offset_c0.5_from0.2,1,joint_projected,20521209,True,True,,1,0.2660694180522114,0.038615383,0.2660694180522114,0.2867161800386384
26,offset_c0.5_from0.2,1,cartesian_ik,20521209,True,True,,1,0.06254487100522965,0.01215994,0.06254487100522965,0.0837515169987455
26,offset_c0.5_from0.2,2,joint_projected,20521310,True,True,,1,0.11378760600928217,0.031760843,0.11378760600928217,0.1343348240479827
26,offset_c0.5_from0.2,2,ompl_uniform,20521310,True,True,,1,0.19195499399211258,0.015086884,0.19195499399211258,0.1932578650303185
26,offset_c0.5_from0.2,2,cartesian_ik,20521310,True,True,,1,0.1341923960717395,0.02262958,0.1341923960717395,0.1543387840501964
26,offset_c0.5_from0.2,3,ompl_uniform,20521411,True,True,,1,0.16246687108650804,0.013058953,0.16246687108650804,0.16364746796898544
26,offset_c0.5_from0.2,3,joint_projected,20521411,True,True,,1,0.1384039029944688,0.031059856,0.1384039029944688,0.1585837360471487
26,offset_c0.5_from0.2,3,cartesian_ik,20521411,True,True,,1,0.07070646504871547,0.013553289,0.07070646504871547,0.09134590509347618
26,offset_c0.5_from0.2,4,cartesian_ik,20521512,True,True,,1,0.20075078692752868,0.044149477,0.20075078692752868,0.2219646010780707
26,offset_c0.5_from0.2,4,joint_projected,20521512,True,True,,1,0.3119313190691173,0.044402399,0.3119313190691173,0.3324068720685318
26,offset_c0.5_from0.2,4,ompl_uniform,20521512,True,True,,1,0.12363066908437759,0.024981375,0.12363066908437759,0.1251660370035097
26,offset_c0.5_from0.2,5,cartesian_ik,20521613,True,True,,1,0.054100604029372334,0.033101713,0.054100604029372334,0.07455633499193937
26,offset_c0.5_from0.2,5,ompl_uniform,20521613,True,True,,1,0.13169530895538628,0.008894972,0.13169530895538628,0.13331478089094162
26,offset_c0.5_from0.2,5,joint_projected,20521613,True,True,,1,0.1315631379839033,0.019767122,0.1315631379839033,0.15219530509784818
26,offset_c0.5_from0.2,6,joint_projected,20521714,True,True,,1,0.12604416301473975,0.015579615,0.12604416301473975,0.1469465980771929
26,offset_c0.5_from0.2,6,cartesian_ik,20521714,True,True,,1,0.051693703047931194,0.010953857,0.051693703047931194,0.07276172412093729
26,offset_c0.5_from0.2,6,ompl_uniform,20521714,True,True,,1,0.2109763229964301,0.02936177,0.2109763229964301,0.21265577198937535
26,offset_c0.5_from0.2,7,joint_projected,20521815,True,True,,1,0.15544009394943714,0.020872068,0.15544009394943714,0.17645554908085614
26,offset_c0.5_from0.2,7,cartesian_ik,20521815,True,True,,1,0.038344970904290676,0.012494183,0.038344970904290676,0.0590089961187914
26,offset_c0.5_from0.2,7,ompl_uniform,20521815,True,True,,1,0.16429318801965564,0.025158252,0.16429318801965564,0.16608673089649528
26,offset_c0.5_from0.2,8,joint_projected,20521916,True,True,,1,0.12819386494811624,0.022943605,0.12819386494811624,0.14893146906979382
26,offset_c0.5_from0.2,8,cartesian_ik,20521916,True,True,,1,0.11973113904241472,0.012417349,0.11973113904241472,0.14057153300382197
26,offset_c0.5_from0.2,8,ompl_uniform,20521916,True,True,,1,0.2599638160318136,0.011092206,0.2599638160318136,0.26164744491688907
26,offset_c0.5_from0.2,9,joint_projected,20522017,True,True,,1,0.2181009919149801,0.02506884,0.2181009919149801,0.23925452202092856
26,offset_c0.5_from0.2,9,cartesian_ik,20522017,True,True,,1,0.24244455201551318,0.035357404,0.24244455201551318,0.2636465730611235
26,offset_c0.5_from0.2,9,ompl_uniform,20522017,True,True,,1,0.10118276393041015,0.021165314,0.10118276393041015,0.10307999490760267
14,central_c0.7_from0.8,0,joint_projected,20401024,True,True,,1,0.18480879301205277,0.020444987,0.18480879301205277,0.20616222103126347
14,central_c0.7_from0.8,0,ompl_uniform,20401024,True,True,,1,0.10542461997829378,0.006210719,0.10542461997829378,0.10760874801781029
14,central_c0.7_from0.8,0,cartesian_ik,20401024,True,True,,1,0.10210817295592278,0.044733504,0.10210817295592278,0.12521090602967888
14,central_c0.7_from0.8,1,ompl_uniform,20401125,True,True,,1,0.10067498299758881,0.021892998,0.10067498299758881,0.10243748198263347
14,central_c0.7_from0.8,1,cartesian_ik,20401125,True,True,,1,0.14493885496631265,0.025924009,0.14493885496631265,0.16689841507468373
14,central_c0.7_from0.8,1,joint_projected,20401125,True,True,,1,0.22357869101688266,0.031272385,0.22357869101688266,0.24545572011265904
14,central_c0.7_from0.8,2,cartesian_ik,20401226,True,True,,1,0.1528741189977154,0.013593401,0.1528741189977154,0.17460321902763098
14,central_c0.7_from0.8,2,ompl_uniform,20401226,True,True,,1,0.13628937606699765,0.015601406,0.13628937606699765,0.13790742598939687
14,central_c0.7_from0.8,2,joint_projected,20401226,True,True,,1,0.13644409598782659,0.023399163,0.13644409598782659,0.15919784794095904
14,central_c0.7_from0.8,3,cartesian_ik,20401327,True,True,,1,0.17197134695015848,0.073544458,0.17197134695015848,0.19386893103364855
14,central_c0.7_from0.8,3,ompl_uniform,20401327,True,True,,1,0.11165708291810006,0.010507313,0.11165708291810006,0.11309596302453429
14,central_c0.7_from0.8,3,joint_projected,20401327,True,True,,1,0.21160974795930088,0.036151231,0.21160974795930088,0.2332852240651846
14,central_c0.7_from0.8,4,ompl_uniform,20401428,True,True,,1,0.12082489603199065,0.03539237,0.12082489603199065,0.12252214597538114
14,central_c0.7_from0.8,4,joint_projected,20401428,True,True,,1,0.18053854699246585,0.029881867,0.18053854699246585,0.2030300630722195
14,central_c0.7_from0.8,4,cartesian_ik,20401428,True,True,,1,0.12768987601157278,0.020067366,0.12768987601157278,0.1496346890926361
14,central_c0.7_from0.8,5,cartesian_ik,20401529,True,True,,1,0.15498837491031736,0.035983815,0.15498837491031736,0.17644537705928087
14,central_c0.7_from0.8,5,ompl_uniform,20401529,True,True,,1,0.08674174605403095,0.007073962,0.08674174605403095,0.0884789489209652
14,central_c0.7_from0.8,5,joint_projected,20401529,True,True,,1,0.04651756107341498,0.019363976,0.04651756107341498,0.06864643597509712
14,central_c0.7_from0.8,6,ompl_uniform,20401630,True,True,,1,0.11590597196482122,0.013941332,0.11590597196482122,0.11768209899310023
14,central_c0.7_from0.8,6,cartesian_ik,20401630,True,True,,1,0.2957535129971802,0.051426316,0.2957535129971802,0.31795596703886986
14,central_c0.7_from0.8,6,joint_projected,20401630,True,True,,1,0.1830543769756332,0.02968603,0.1830543769756332,0.2052387821022421
14,central_c0.7_from0.8,7,ompl_uniform,20401731,True,True,,1,0.17004911391995847,0.009499032,0.17004911391995847,0.17194555490277708
14,central_c0.7_from0.8,7,cartesian_ik,20401731,True,True,,1,0.1404240580741316,0.017619537,0.1404240580741316,0.1629909910261631
14,central_c0.7_from0.8,7,joint_projected,20401731,True,True,,1,0.1872878969879821,0.029490486,0.1872878969879821,0.2091354050207883
14,central_c0.7_from0.8,8,joint_projected,20401832,True,True,,1,0.08738131995778531,0.013372243,0.08738131995778531,0.10942699597217143
14,central_c0.7_from0.8,8,cartesian_ik,20401832,True,True,,1,0.169734891038388,0.02970438,0.169734891038388,0.19163772405590862
14,central_c0.7_from0.8,8,ompl_uniform,20401832,True,True,,1,0.1988532990217209,0.013945223,0.1988532990217209,0.20096022705547512
14,central_c0.7_from0.8,9,cartesian_ik,20401933,True,True,,1,0.14939679589588195,0.009553469,0.14939679589588195,0.171740023070015
14,central_c0.7_from0.8,9,ompl_uniform,20401933,True,True,,1,0.16073125205002725,0.01057408,0.16073125205002725,0.16243855201173574
14,central_c0.7_from0.8,9,joint_projected,20401933,True,True,,1,0.1478122880216688,0.026580293,0.1478122880216688,0.1701888870447874
12,central_c0.7_from0.8,0,joint_projected,20381010,True,True,,1,0.15098051505628973,0.029134875,0.15098051505628973,0.17112278402782977
12,central_c0.7_from0.8,0,cartesian_ik,20381010,True,True,,1,0.2174063230631873,0.059351403,0.2174063230631873,0.23806969309225678
12,central_c0.7_from0.8,0,ompl_uniform,20381010,True,True,,1,0.14776054699905217,0.021947337,0.14776054699905217,0.14943211595527828
12,central_c0.7_from0.8,1,joint_projected,20381111,True,True,,1,0.05062917689792812,0.011010132,0.05062917689792812,0.07144877105019987
12,central_c0.7_from0.8,1,cartesian_ik,20381111,True,True,,1,0.10216088406741619,0.039562586,0.10216088406741619,0.12301272398326546
12,central_c0.7_from0.8,1,ompl_uniform,20381111,True,True,,1,0.14183898700866848,0.014718045,0.14183898700866848,0.1435188369359821
12,central_c0.7_from0.8,2,ompl_uniform,20381212,True,True,,1,0.14933140599168837,0.010817304,0.14933140599168837,0.15052322403062135
12,central_c0.7_from0.8,2,cartesian_ik,20381212,True,True,,1,0.16568263003136963,0.031619349,0.16568263003136963,0.1862676809541881
12,central_c0.7_from0.8,2,joint_projected,20381212,True,True,,1,0.08739809296093881,0.024465763,0.08739809296093881,0.10829758900217712
12,central_c0.7_from0.8,3,ompl_uniform,20381313,True,True,,1,0.13251878996379673,0.026738578,0.13251878996379673,0.1340318899601698
12,central_c0.7_from0.8,3,cartesian_ik,20381313,True,True,,1,0.11068765900563449,0.024560884,0.11068765900563449,0.13129334500990808
12,central_c0.7_from0.8,3,joint_projected,20381313,True,True,,1,0.18711345200426877,0.025443719,0.18711345200426877,0.20782591798342764
12,central_c0.7_from0.8,4,cartesian_ik,20381414,True,True,,1,0.1560928300023079,0.025290499,0.1560928300023079,0.17658788803964853
12,central_c0.7_from0.8,4,joint_projected,20381414,True,True,,1,0.08748289896175265,0.039777089,0.08748289896175265,0.10738822992425412
12,central_c0.7_from0.8,4,ompl_uniform,20381414,True,True,,1,0.10485405602958053,0.008407425,0.10485405602958053,0.10658560902811587
12,central_c0.7_from0.8,5,joint_projected,20381515,True,True,,1,0.019946579006500542,0.00981876,0.019946579006500542,0.04051121405791491
12,central_c0.7_from0.8,5,ompl_uniform,20381515,True,True,,1,0.1024076120229438,0.009461108,0.1024076120229438,0.1036468269303441
12,central_c0.7_from0.8,5,cartesian_ik,20381515,True,True,,1,0.18675640400033444,0.043591826,0.18675640400033444,0.20657494105398655
12,central_c0.7_from0.8,6,joint_projected,20381616,True,True,,1,0.16523169609718025,0.021402314,0.16523169609718025,0.18556315591558814
12,central_c0.7_from0.8,6,ompl_uniform,20381616,True,True,,1,0.1085408580256626,0.021994969,0.1085408580256626,0.11025961395353079
12,central_c0.7_from0.8,6,cartesian_ik,20381616,True,True,,1,0.18490357208065689,0.043646453,0.18490357208065689,0.20588004705496132
12,central_c0.7_from0.8,7,cartesian_ik,20381717,True,True,,1,0.1661628739675507,0.030849468,0.1661628739675507,0.18691714096348733
12,central_c0.7_from0.8,7,ompl_uniform,20381717,True,True,,1,0.11820143507793546,0.008363164,0.11820143507793546,0.11992074106819928
12,central_c0.7_from0.8,7,joint_projected,20381717,True,True,,1,0.15498022106476128,0.025614651,0.15498022106476128,0.17520469997543842
12,central_c0.7_from0.8,8,ompl_uniform,20381818,True,True,,1,0.10187119198963046,0.013594251,0.10187119198963046,0.10358157008886337
12,central_c0.7_from0.8,8,joint_projected,20381818,True,True,,1,0.11112005996983498,0.033633589,0.11112005996983498,0.1318178049987182
12,central_c0.7_from0.8,8,cartesian_ik,20381818,True,True,,1,0.13703928305767477,0.078150199,0.13703928305767477,0.15773940505459905
12,central_c0.7_from0.8,9,ompl_uniform,20381919,True,True,,1,0.08783224399667233,0.021110112,0.08783224399667233,0.08942449698224664
12,central_c0.7_from0.8,9,joint_projected,20381919,True,True,,1,0.1934410670073703,0.018447285,0.1934410670073703,0.21423426899127662
12,central_c0.7_from0.8,9,cartesian_ik,20381919,True,True,,1,0.09636521991342306,0.041786234,0.09636521991342306,0.11684149492066354
54,distant_c0.7_from0.8,0,ompl_uniform,20801304,True,True,,1,0.20024948299396783,0.009728928,0.20024948299396783,0.20148708997294307
54,distant_c0.7_from0.8,0,joint_projected,20801304,True,True,,1,0.030147553072310984,0.013850751,0.030147553072310984,0.0508815620560199
54,distant_c0.7_from0.8,0,cartesian_ik,20801304,True,True,,1,0.15752051502931863,0.023084212,0.15752051502931863,0.17820799502078444
54,distant_c0.7_from0.8,1,joint_projected,20801405,True,True,,1,0.1244498280575499,0.030558943,0.1244498280575499,0.14496532594785094
54,distant_c0.7_from0.8,1,cartesian_ik,20801405,True,True,,1,0.1790074349846691,0.022619836,0.1790074349846691,0.19979345402680337
54,distant_c0.7_from0.8,1,ompl_uniform,20801405,True,True,,1,0.18130375095643103,0.018347944,0.18130375095643103,0.1829335050424561
54,distant_c0.7_from0.8,2,cartesian_ik,20801506,True,True,,1,0.11212563700973988,0.014402877,0.11212563700973988,0.13227461092174053
54,distant_c0.7_from0.8,2,joint_projected,20801506,True,True,,1,0.1179615689907223,0.032659598,0.1179615689907223,0.13849007291719317
54,distant_c0.7_from0.8,2,ompl_uniform,20801506,True,True,,1,0.14525323803536594,0.015021258,0.14525323803536594,0.14677214401308447
54,distant_c0.7_from0.8,3,joint_projected,20801607,True,True,,1,0.10602761700283736,0.014321407,0.10602761700283736,0.12693942396435887
54,distant_c0.7_from0.8,3,cartesian_ik,20801607,True,True,,1,0.1704353119712323,0.030724143,0.1704353119712323,0.1912397788837552
54,distant_c0.7_from0.8,3,ompl_uniform,20801607,True,True,,1,0.16605003899894655,0.011893246,0.16605003899894655,0.16792054602410644
54,distant_c0.7_from0.8,4,joint_projected,20801708,True,True,,1,0.10838612203951925,0.029822614,0.10838612203951925,0.12933992000762373
54,distant_c0.7_from0.8,4,ompl_uniform,20801708,True,True,,1,0.11517530598212034,0.008550599,0.11517530598212034,0.11687165300827473
54,distant_c0.7_from0.8,4,cartesian_ik,20801708,True,True,,1,0.1513772759353742,0.042553559,0.1513772759353742,0.17234538099728525
54,distant_c0.7_from0.8,5,joint_projected,20801809,True,True,,1,0.09613503294531256,0.031104131,0.09613503294531256,0.11605388391762972
54,distant_c0.7_from0.8,5,cartesian_ik,20801809,True,True,,1,0.09301306400448084,0.008974173,0.09301306400448084,0.11400643200613558
54,distant_c0.7_from0.8,5,ompl_uniform,20801809,True,True,,1,0.07523785706143826,0.015399221,0.07523785706143826,0.07677576399873942
54,distant_c0.7_from0.8,6,cartesian_ik,20801910,True,True,,1,0.17688478401396424,0.014741769,0.17688478401396424,0.19745951192453504
54,distant_c0.7_from0.8,6,ompl_uniform,20801910,True,True,,1,0.15656817390117794,0.011237647,0.15656817390117794,0.15856272901874036
54,distant_c0.7_from0.8,6,joint_projected,20801910,True,True,,1,0.10803137707989663,0.014827791,0.10803137707989663,0.12906633398961276
54,distant_c0.7_from0.8,7,ompl_uniform,20802011,True,True,,1,0.16461515496484935,0.014609051,0.16461515496484935,0.16596034704707563
54,distant_c0.7_from0.8,7,cartesian_ik,20802011,True,True,,1,0.12466251302976161,0.02694297,0.12466251302976161,0.1448583889286965
54,distant_c0.7_from0.8,7,joint_projected,20802011,True,True,,1,0.0642157249385491,0.02606298,0.0642157249385491,0.08517760294489563
54,distant_c0.7_from0.8,8,ompl_uniform,20802112,True,True,,1,0.16597015294246376,0.015879516,0.16597015294246376,0.16722991899587214
54,distant_c0.7_from0.8,8,cartesian_ik,20802112,True,True,,1,0.12206749198958278,0.007848823,0.12206749198958278,0.1427547059720382
54,distant_c0.7_from0.8,8,joint_projected,20802112,True,True,,1,0.0731798290507868,0.017478404,0.0731798290507868,0.09402218891773373
54,distant_c0.7_from0.8,9,cartesian_ik,20802213,True,True,,1,0.09150741796474904,0.008577452,0.09150741796474904,0.1122147049754858
54,distant_c0.7_from0.8,9,ompl_uniform,20802213,True,True,,1,0.13194706302601844,0.014116586,0.13194706302601844,0.13328343501780182
54,distant_c0.7_from0.8,9,joint_projected,20802213,True,True,,1,0.03168484894558787,0.011367427,0.03168484894558787,0.05245376692619175
15,central_c0.7_from0.8,0,cartesian_ik,20411031,True,True,,1,0.1787413030397147,0.057978116,0.1787413030397147,0.19966925401240587
15,central_c0.7_from0.8,0,ompl_uniform,20411031,True,True,,1,0.09579557995311916,0.017907445,0.09579557995311916,0.09735028503928334
15,central_c0.7_from0.8,0,joint_projected,20411031,True,True,,1,0.056037790956906974,0.017380135,0.056037790956906974,0.07708125002682209
15,central_c0.7_from0.8,1,ompl_uniform,20411132,True,True,,1,0.1863858759170398,0.023699118,0.1863858759170398,0.18757368403021246
15,central_c0.7_from0.8,1,joint_projected,20411132,True,True,,1,0.06652240792755038,0.022770617,0.06652240792755038,0.08800552692264318
15,central_c0.7_from0.8,1,cartesian_ik,20411132,True,True,,1,0.14922553696669638,0.024294404,0.14922553696669638,0.1703615119913593
15,central_c0.7_from0.8,2,cartesian_ik,20411233,True,True,,1,0.13520511204842478,0.021137111,0.13520511204842478,0.15673702594358474
15,central_c0.7_from0.8,2,joint_projected,20411233,True,True,,1,0.24725837295409292,0.040123912,0.24725837295409292,0.2691059149801731
15,central_c0.7_from0.8,2,ompl_uniform,20411233,True,True,,1,0.16885652800556272,0.010003241,0.16885652800556272,0.1705977509263903
15,central_c0.7_from0.8,3,joint_projected,20411334,True,True,,1,0.08098139998037368,0.025969859,0.08098139998037368,0.10253545502200723
15,central_c0.7_from0.8,3,ompl_uniform,20411334,True,True,,1,0.14650209189858288,0.016529913,0.14650209189858288,0.14831003302242607
15,central_c0.7_from0.8,3,cartesian_ik,20411334,True,True,,1,0.12124124297406524,0.034395994,0.12124124297406524,0.14282833796460181
15,central_c0.7_from0.8,4,cartesian_ik,20411435,True,True,,1,0.056153593002818525,0.012196332,0.056153593002818525,0.0775830380152911
15,central_c0.7_from0.8,4,joint_projected,20411435,True,True,,1,0.19884764996822923,0.028011221,0.19884764996822923,0.21998457296285778
15,central_c0.7_from0.8,4,ompl_uniform,20411435,True,True,,1,0.10571508505381644,0.020168886,0.10571508505381644,0.10739743302110583
15,central_c0.7_from0.8,5,ompl_uniform,20411536,True,True,,1,0.18409711495041847,0.01498299,0.18409711495041847,0.18563307996373624
15,central_c0.7_from0.8,5,joint_projected,20411536,True,True,,1,0.15402686991728842,0.022385325,0.15402686991728842,0.17543742596171796
15,central_c0.7_from0.8,5,cartesian_ik,20411536,True,True,,1,0.06079255696386099,0.027153236,0.06079255696386099,0.08200808195397258
15,central_c0.7_from0.8,6,ompl_uniform,20411637,True,True,,1,0.1407678839750588,0.011047783,0.1407678839750588,0.14229375100694597
15,central_c0.7_from0.8,6,cartesian_ik,20411637,True,True,,1,0.13877521001268178,0.016494929,0.13877521001268178,0.1602169789839536
15,central_c0.7_from0.8,6,joint_projected,20411637,True,True,,1,0.06562623893842101,0.013707493,0.06562623893842101,0.08700355608016253
15,central_c0.7_from0.8,7,joint_projected,20411738,True,True,,1,0.05192485195584595,0.020601842,0.05192485195584595,0.07347420393489301
15,central_c0.7_from0.8,7,cartesian_ik,20411738,True,True,,1,0.10210809693671763,0.026259684,0.10210809693671763,0.12329375802073628
15,central_c0.7_from0.8,7,ompl_uniform,20411738,True,True,,1,0.11268096300773323,0.011211818,0.11268096300773323,0.1143898880109191
15,central_c0.7_from0.8,8,cartesian_ik,20411839,True,True,,1,0.0837245350703597,0.024568404,0.0837245350703597,0.1049264520406723
15,central_c0.7_from0.8,8,joint_projected,20411839,True,True,,1,0.10380129201803356,0.020063665,0.10380129201803356,0.1251440669875592
15,central_c0.7_from0.8,8,ompl_uniform,20411839,True,True,,1,0.16363905498292297,0.015180976,0.16363905498292297,0.1654391180491075
15,central_c0.7_from0.8,9,cartesian_ik,20411940,True,True,,1,0.11338597605936229,0.027150294,0.11338597605936229,0.13509489700663835
15,central_c0.7_from0.8,9,ompl_uniform,20411940,True,True,,1,0.13018842600286007,0.02098891,0.13018842600286007,0.13126609602477401
15,central_c0.7_from0.8,9,joint_projected,20411940,True,True,,1,0.17750543204601854,0.027869253,0.17750543204601854,0.19903748505748808
51,distant_c0.7_from0.8,0,ompl_uniform,20771283,True,True,,1,0.09278285899199545,0.014205873,0.09278285899199545,0.09415599203202873
51,distant_c0.7_from0.8,0,joint_projected,20771283,True,True,,1,0.10208158497698605,0.034920846,0.10208158497698605,0.12309132004156709
51,distant_c0.7_from0.8,0,cartesian_ik,20771283,True,True,,1,0.21254844905342907,0.020607803,0.21254844905342907,0.2334003490395844
51,distant_c0.7_from0.8,1,ompl_uniform,20771384,True,True,,1,0.11870694195386022,0.023055563,0.11870694195386022,0.1201940489700064
51,distant_c0.7_from0.8,1,cartesian_ik,20771384,True,True,,1,0.09328412404283881,0.014746827,0.09328412404283881,0.11445053096394986
51,distant_c0.7_from0.8,1,joint_projected,20771384,True,True,,1,0.050793147063814104,0.036250268,0.050793147063814104,0.07113207201473415
51,distant_c0.7_from0.8,2,ompl_uniform,20771485,True,True,,1,0.09953266102820635,0.008701016,0.09953266102820635,0.10134922701399773
51,distant_c0.7_from0.8,2,joint_projected,20771485,True,True,,1,0.12087514298036695,0.016512049,0.12087514298036695,0.1416337579721585
51,distant_c0.7_from0.8,2,cartesian_ik,20771485,True,True,,1,0.09630198800005019,0.052006543,0.09630198800005019,0.11689558601938188
51,distant_c0.7_from0.8,3,joint_projected,20771586,True,True,,1,0.17383683798834682,0.027229953,0.17383683798834682,0.19466739206109196
51,distant_c0.7_from0.8,3,cartesian_ik,20771586,True,True,,1,0.13368499092757702,0.02361419,0.13368499092757702,0.1539894570596516
51,distant_c0.7_from0.8,3,ompl_uniform,20771586,True,True,,1,0.11512676498387009,0.009346026,0.11512676498387009,0.11687600007280707
51,distant_c0.7_from0.8,4,joint_projected,20771687,True,True,,1,0.12532139604445547,0.01948518,0.12532139604445547,0.14552765002008528
51,distant_c0.7_from0.8,4,cartesian_ik,20771687,True,True,,1,0.0678434909787029,0.006219311,0.0678434909787029,0.08861258905380964
51,distant_c0.7_from0.8,4,ompl_uniform,20771687,True,True,,1,0.16839362995233387,0.010211674,0.16839362995233387,0.17035958194173872
51,distant_c0.7_from0.8,5,ompl_uniform,20771788,True,True,,1,0.12270298600196838,0.02096286,0.12270298600196838,0.12445343402214348
51,distant_c0.7_from0.8,5,cartesian_ik,20771788,True,True,,1,0.08421862404793501,0.027161991,0.08421862404793501,0.10507791698910296
51,distant_c0.7_from0.8,5,joint_projected,20771788,True,True,,1,0.022687986958771944,0.015030919,0.022687986958771944,0.043477402068674564
51,distant_c0.7_from0.8,6,cartesian_ik,20771889,True,True,,1,0.11824764497578144,0.044904568,0.11824764497578144,0.13845965405926108
51,distant_c0.7_from0.8,6,joint_projected,20771889,True,True,,1,0.05715417198371142,0.012001621,0.05715417198371142,0.07794864603783935
51,distant_c0.7_from0.8,6,ompl_uniform,20771889,True,True,,1,0.08666816994082183,0.00565838,0.08666816994082183,0.08833554806187749
51,distant_c0.7_from0.8,7,ompl_uniform,20771990,True,True,,1,0.1164954110281542,0.006548084,0.1164954110281542,0.11808188108261675
51,distant_c0.7_from0.8,7,cartesian_ik,20771990,True,True,,1,0.029704596963711083,0.013038132,0.029704596963711083,0.050472964998334646
51,distant_c0.7_from0.8,7,joint_projected,20771990,True,True,,1,0.0654849880374968,0.015004606,0.0654849880374968,0.0857844389975071
51,distant_c0.7_from0.8,8,cartesian_ik,20772091,True,True,,1,0.10290880501270294,0.041588445,0.10290880501270294,0.12356779107358307
51,distant_c0.7_from0.8,8,ompl_uniform,20772091,True,True,,1,0.17537894600536674,0.011103542,0.17537894600536674,0.1770453070057556
51,distant_c0.7_from0.8,8,joint_projected,20772091,True,True,,1,0.10851075395476073,0.028232812,0.10851075395476073,0.1290127569809556
51,distant_c0.7_from0.8,9,ompl_uniform,20772192,True,True,,1,0.1544787639286369,0.028738685,0.1544787639286369,0.1563711609924212
51,distant_c0.7_from0.8,9,cartesian_ik,20772192,True,True,,1,0.26281552691943944,0.036421416,0.26281552691943944,0.28385633102152497
51,distant_c0.7_from0.8,9,joint_projected,20772192,True,True,,1,0.1617187859956175,0.02517499,0.1617187859956175,0.1829236870398745
13,central_c0.7_from0.8,0,joint_projected,20391017,True,True,,1,0.2163736259099096,0.024602458,0.2163736259099096,0.23832951008807868
13,central_c0.7_from0.8,0,ompl_uniform,20391017,True,True,,1,0.18247849598992616,0.01027855,0.18247849598992616,0.1843152140500024
13,central_c0.7_from0.8,0,cartesian_ik,20391017,True,True,,1,0.15435077098663896,0.018756862,0.15435077098663896,0.1768502340419218
13,central_c0.7_from0.8,1,cartesian_ik,20391118,True,True,,1,0.08396863099187613,0.006566714,0.08396863099187613,0.10613369708880782
13,central_c0.7_from0.8,1,ompl_uniform,20391118,True,True,,1,0.23819204198662192,0.018880132,0.23819204198662192,0.24008098093327135
13,central_c0.7_from0.8,1,joint_projected,20391118,True,True,,1,0.05974448297638446,0.020728362,0.05974448297638446,0.08227589598391205
13,central_c0.7_from0.8,2,cartesian_ik,20391219,True,True,,1,0.08514617593027651,0.029465904,0.08514617593027651,0.10730258806142956
13,central_c0.7_from0.8,2,joint_projected,20391219,True,True,,1,0.11855093610938638,0.024021703,0.11855093610938638,0.14081298699602485
13,central_c0.7_from0.8,2,ompl_uniform,20391219,True,True,,1,0.15117774403188378,0.019504655,0.15117774403188378,0.15248650789726526
13,central_c0.7_from0.8,3,ompl_uniform,20391320,True,True,,1,0.18858711095526814,0.012390147,0.18858711095526814,0.1899945930344984
13,central_c0.7_from0.8,3,cartesian_ik,20391320,True,True,,1,0.20228093105833977,0.038238004,0.20228093105833977,0.22460353502538055
13,central_c0.7_from0.8,3,joint_projected,20391320,True,True,,1,0.11218737298622727,0.019527188,0.11218737298622727,0.1345725670689717
13,central_c0.7_from0.8,4,joint_projected,20391421,True,True,,1,0.1741338149877265,0.044474285,0.1741338149877265,0.19634726003278047
13,central_c0.7_from0.8,4,cartesian_ik,20391421,True,True,,1,0.11697978596203029,0.020501297,0.11697978596203029,0.139021834009327
13,central_c0.7_from0.8,4,ompl_uniform,20391421,True,True,,1,0.2113620040472597,0.018153868,0.2113620040472597,0.21250354498624802
13,central_c0.7_from0.8,5,cartesian_ik,20391522,True,True,,1,0.14271469495724887,0.021070171,0.14271469495724887,0.16457440704107285
13,central_c0.7_from0.8,5,ompl_uniform,20391522,True,True,,1,0.1677923349197954,0.019217454,0.1677923349197954,0.16910244210157543
13,central_c0.7_from0.8,5,joint_projected,20391522,True,True,,1,0.09953703498467803,0.025410863,0.09953703498467803,0.12144704104866832
13,central_c0.7_from0.8,6,joint_projected,20391623,True,True,,1,0.026915502967312932,0.010188121,0.026915502967312932,0.048409040085971355
13,central_c0.7_from0.8,6,cartesian_ik,20391623,True,True,,1,0.08720321895089,0.016197834,0.08720321895089,0.10846189607400447
13,central_c0.7_from0.8,6,ompl_uniform,20391623,True,True,,1,0.1459237829549238,0.009705462,0.1459237829549238,0.1475204840535298
13,central_c0.7_from0.8,7,joint_projected,20391724,True,True,,1,0.15340775600634515,0.034302145,0.15340775600634515,0.17510099604260176
13,central_c0.7_from0.8,7,cartesian_ik,20391724,True,True,,1,0.1556025369791314,0.034618572,0.1556025369791314,0.1770800141384825
13,central_c0.7_from0.8,7,ompl_uniform,20391724,True,True,,1,0.14783860696479678,0.029591826,0.14783860696479678,0.14926043502055109
13,central_c0.7_from0.8,8,ompl_uniform,20391825,True,True,,1,0.13085688091814518,0.009343,0.13085688091814518,0.13258152408525348
13,central_c0.7_from0.8,8,cartesian_ik,20391825,True,True,,1,0.08042823395226151,0.030757622,0.08042823395226151,0.10236042994074523
13,central_c0.7_from0.8,8,joint_projected,20391825,True,True,,1,0.08138040197081864,0.038324476,0.08138040197081864,0.10300620796624571
13,central_c0.7_from0.8,9,ompl_uniform,20391926,True,True,,1,0.19510756595991552,0.016449413,0.19510756595991552,0.19658495299518108
13,central_c0.7_from0.8,9,joint_projected,20391926,True,True,,1,0.17067498702090234,0.025241165,0.17067498702090234,0.1929080820409581
13,central_c0.7_from0.8,9,cartesian_ik,20391926,True,True,,1,0.13538854394573718,0.013201931,0.13538854394573718,0.15754778403788805
44,distant_c0.5_from0.2,0,joint_projected,20701234,True,True,,1,0.06471658498048782,0.024865008,0.06471658498048782,0.08485563797876239
44,distant_c0.5_from0.2,0,ompl_uniform,20701234,True,True,,1,0.16718103596940637,0.013984702,0.16718103596940637,0.16883269301615655
44,distant_c0.5_from0.2,0,cartesian_ik,20701234,True,True,,1,0.11092706199269742,0.010602018,0.11092706199269742,0.13210788089782
44,distant_c0.5_from0.2,1,cartesian_ik,20701335,True,True,,1,0.11713241902180016,0.014736013,0.11713241902180016,0.1378978359280154
44,distant_c0.5_from0.2,1,ompl_uniform,20701335,True,True,,1,0.1355306109180674,0.016899181,0.1355306109180674,0.13731427898164839
44,distant_c0.5_from0.2,1,joint_projected,20701335,True,True,,1,0.06584775203373283,0.022762666,0.06584775203373283,0.08688898698892444
44,distant_c0.5_from0.2,2,joint_projected,20701436,True,True,,1,0.14676036895252764,0.015141748,0.14676036895252764,0.16755399899557233
44,distant_c0.5_from0.2,2,ompl_uniform,20701436,True,True,,1,0.15144316793885082,0.019671804,0.15144316793885082,0.1532288519665599
44,distant_c0.5_from0.2,2,cartesian_ik,20701436,True,True,,1,0.04878081090282649,0.017680644,0.04878081090282649,0.0697078239172697
44,distant_c0.5_from0.2,3,ompl_uniform,20701537,True,True,,1,0.0977839179104194,0.012519046,0.0977839179104194,0.09965390898287296
44,distant_c0.5_from0.2,3,joint_projected,20701537,True,True,,1,0.1575724589638412,0.02679176,0.1575724589638412,0.17846415599342436
44,distant_c0.5_from0.2,3,cartesian_ik,20701537,True,True,,1,0.08693047310225666,0.011013586,0.08693047310225666,0.10754178499337286
44,distant_c0.5_from0.2,4,joint_projected,20701638,True,True,,1,0.08365405001677573,0.021988972,0.08365405001677573,0.1043553379131481
44,distant_c0.5_from0.2,4,cartesian_ik,20701638,True,True,,1,0.1426388539839536,0.012442932,0.1426388539839536,0.1634317060234025
44,distant_c0.5_from0.2,4,ompl_uniform,20701638,True,True,,1,0.09372199897188693,0.020053408,0.09372199897188693,0.09510194300673902
44,distant_c0.5_from0.2,5,joint_projected,20701739,True,True,,1,0.11225898691918701,0.015949702,0.11225898691918701,0.13284380896948278
44,distant_c0.5_from0.2,5,cartesian_ik,20701739,True,True,,1,0.09738973597995937,0.006921808,0.09738973597995937,0.11741085397079587
44,distant_c0.5_from0.2,5,ompl_uniform,20701739,True,True,,1,0.1171802970347926,0.01271715,0.1171802970347926,0.11851322604343295
44,distant_c0.5_from0.2,6,joint_projected,20701840,True,True,,1,0.07836306293029338,0.00850253,0.07836306293029338,0.0992836490040645
44,distant_c0.5_from0.2,6,ompl_uniform,20701840,True,True,,1,0.1605406029848382,0.01449188,0.1605406029848382,0.16204844892490655
44,distant_c0.5_from0.2,6,cartesian_ik,20701840,True,True,,1,0.09306854393798858,0.015383444,0.09306854393798858,0.11402089498005807
44,distant_c0.5_from0.2,7,cartesian_ik,20701941,True,True,,1,0.13677056005690247,0.025962053,0.13677056005690247,0.15756430895999074
44,distant_c0.5_from0.2,7,joint_projected,20701941,True,True,,1,0.14618506899569184,0.014804691,0.14618506899569184,0.1669987669447437
44,distant_c0.5_from0.2,7,ompl_uniform,20701941,True,True,,1,0.1384254180593416,0.012158647,0.1384254180593416,0.14004295610357076
44,distant_c0.5_from0.2,8,ompl_uniform,20702042,True,True,,1,0.14685240597464144,0.013097827,0.14685240597464144,0.148709413013421
44,distant_c0.5_from0.2,8,cartesian_ik,20702042,True,True,,1,0.20485784707125276,0.010485949,0.20485784707125276,0.22553924098610878
44,distant_c0.5_from0.2,8,joint_projected,20702042,True,True,,1,0.13773360196501017,0.024168521,0.13773360196501017,0.15838886506389827
44,distant_c0.5_from0.2,9,ompl_uniform,20702143,True,True,,1,0.13090319803450257,0.020503344,0.13090319803450257,0.13256536901462823
44,distant_c0.5_from0.2,9,cartesian_ik,20702143,True,True,,1,0.18454976298380643,0.021690491,0.18454976298380643,0.20544799393974245
44,distant_c0.5_from0.2,9,joint_projected,20702143,True,True,,1,0.15176691208034754,0.021438176,0.15176691208034754,0.17244295205455273
19,central_c0.7_from0.8,0,ompl_uniform,20451059,True,True,,1,0.15915454598143697,0.021123766,0.15915454598143697,0.16036388301290572
19,central_c0.7_from0.8,0,joint_projected,20451059,True,True,,1,0.2503298999508843,0.123537237,0.2503298999508843,0.27162869996391237
19,central_c0.7_from0.8,0,cartesian_ik,20451059,True,True,,1,0.10593510593753308,0.016032432,0.10593510593753308,0.12610966805368662
19,central_c0.7_from0.8,1,cartesian_ik,20451160,True,True,,1,0.019320009043440223,0.004024808,0.019320009043440223,0.04078020004089922
19,central_c0.7_from0.8,1,ompl_uniform,20451160,True,True,,1,0.09649156697560102,0.031456141,0.09649156697560102,0.09821076598018408
19,central_c0.7_from0.8,1,joint_projected,20451160,True,True,,1,0.22999776399228722,0.119169375,0.22999776399228722,0.2506760989781469
19,central_c0.7_from0.8,2,ompl_uniform,20451261,True,True,,1,0.11624224099796265,0.014008431,0.11624224099796265,0.11736488598398864
19,central_c0.7_from0.8,2,joint_projected,20451261,True,True,,1,0.325103995972313,0.125217795,0.325103995972313,0.3463381070178002
19,central_c0.7_from0.8,2,cartesian_ik,20451261,True,True,,1,0.09695553500205278,0.028786641,0.09695553500205278,0.11780877399723977
19,central_c0.7_from0.8,3,cartesian_ik,20451362,True,True,,1,0.21183698601089418,0.034246528,0.21183698601089418,0.2331134689738974
19,central_c0.7_from0.8,3,ompl_uniform,20451362,True,True,,1,0.18865428306162357,0.018873567,0.18865428306162357,0.19021598703693599
19,central_c0.7_from0.8,3,joint_projected,20451362,True,True,,1,0.2372641279362142,0.119801335,0.2372641279362142,0.2582199549069628
19,central_c0.7_from0.8,4,cartesian_ik,20451463,True,True,,1,0.17400285997428,0.028439436,0.17400285997428,0.19525297498330474
19,central_c0.7_from0.8,4,joint_projected,20451463,True,True,,1,0.25250577297993004,0.130012361,0.25250577297993004,0.2738078290130943
19,central_c0.7_from0.8,4,ompl_uniform,20451463,True,True,,1,0.12039935204666108,0.013675388,0.12039935204666108,0.12212776800151914
19,central_c0.7_from0.8,5,joint_projected,20451564,True,True,,1,0.19243646098766476,0.132329867,0.19243646098766476,0.21347266202792525
19,central_c0.7_from0.8,5,ompl_uniform,20451564,True,True,,1,0.14974479703232646,0.028978058,0.14974479703232646,0.15152404899708927
19,central_c0.7_from0.8,5,cartesian_ik,20451564,True,True,,1,0.17000780103262514,0.016279931,0.17000780103262514,0.19209218595642596
19,central_c0.7_from0.8,6,cartesian_ik,20451665,True,True,,1,0.06946181110106409,0.023453797,0.06946181110106409,0.09038923995103687
19,central_c0.7_from0.8,6,joint_projected,20451665,True,True,,1,0.2941343750571832,0.116538544,0.2941343750571832,0.315455241012387
19,central_c0.7_from0.8,6,ompl_uniform,20451665,True,True,,1,0.09668673202395439,0.005980279,0.09668673202395439,0.09820686001330614
19,central_c0.7_from0.8,7,joint_projected,20451766,True,True,,1,0.19883607397787273,0.113291276,0.19883607397787273,0.22007633990142494
19,central_c0.7_from0.8,7,cartesian_ik,20451766,True,True,,1,0.14671061397530138,0.037301267,0.14671061397530138,0.1673124039079994
19,central_c0.7_from0.8,7,ompl_uniform,20451766,True,True,,1,0.14052769693080336,0.016690699,0.14052769693080336,0.14233055396471173
19,central_c0.7_from0.8,8,joint_projected,20451867,True,True,,1,0.1944560679839924,0.113666866,0.1944560679839924,0.21571256290189922
19,central_c0.7_from0.8,8,cartesian_ik,20451867,True,True,,1,0.13726916105952114,0.017586632,0.13726916105952114,0.15829869906883687
19,central_c0.7_from0.8,8,ompl_uniform,20451867,True,True,,1,0.18194395606406033,0.011166071,0.18194395606406033,0.1838603710057214
19,central_c0.7_from0.8,9,joint_projected,20451968,True,True,,1,0.14013548695947975,0.125928078,0.14013548695947975,0.16119577107019722
19,central_c0.7_from0.8,9,ompl_uniform,20451968,True,True,,1,0.12582632596604526,0.007814006,0.12582632596604526,0.1273337519960478
19,central_c0.7_from0.8,9,cartesian_ik,20451968,True,True,,1,0.1281523909419775,0.053362675,0.1281523909419775,0.14906725101172924
2,central_c0.5_from0.2,0,cartesian_ik,20280940,True,True,,1,0.1312596300849691,0.050346389,0.1312596300849691,0.15287669003009796
2,central_c0.5_from0.2,0,joint_projected,20280940,True,True,,1,0.12214587000198662,0.019497994,0.12214587000198662,0.1442648519296199
2,central_c0.5_from0.2,0,ompl_uniform,20280940,True,True,,1,0.14308448694646358,0.00701702,0.14308448694646358,0.14475146296899766
2,central_c0.5_from0.2,1,cartesian_ik,20281041,True,True,,1,0.12217963894363493,0.022500354,0.12217963894363493,0.1441204180009663
2,central_c0.5_from0.2,1,joint_projected,20281041,True,True,,1,0.15498822298832238,0.03215575,0.15498822298832238,0.1767322210362181
2,central_c0.5_from0.2,1,ompl_uniform,20281041,True,True,,1,0.15290842799004167,0.012962554,0.15290842799004167,0.15469359699636698
2,central_c0.5_from0.2,2,ompl_uniform,20281142,True,True,,1,0.10445279092527926,0.011380189,0.10445279092527926,0.10625394608359784
2,central_c0.5_from0.2,2,cartesian_ik,20281142,True,True,,1,0.11015498801134527,0.017292871,0.11015498801134527,0.13213125604670495
2,central_c0.5_from0.2,2,joint_projected,20281142,True,True,,1,0.19924710306804627,0.030102679,0.19924710306804627,0.221450034994632
2,central_c0.5_from0.2,3,joint_projected,20281243,True,True,,1,0.1665696279378608,0.034106288,0.1665696279378608,0.1884051060769707
2,central_c0.5_from0.2,3,ompl_uniform,20281243,True,True,,1,0.18346741097047925,0.015882185,0.18346741097047925,0.18521655700169504
2,central_c0.5_from0.2,3,cartesian_ik,20281243,True,True,,1,0.1426804499933496,0.032120757,0.1426804499933496,0.16396545094903558
2,central_c0.5_from0.2,4,ompl_uniform,20281344,True,True,,1,0.15214517794083804,0.00642015,0.15214517794083804,0.15376494301017374
2,central_c0.5_from0.2,4,joint_projected,20281344,True,True,,1,0.15821794199291617,0.02159195,0.15821794199291617,0.18053682590834796
2,central_c0.5_from0.2,4,cartesian_ik,20281344,True,True,,1,0.10422687302343547,0.014407121,0.10422687302343547,0.12605420197360218
2,central_c0.5_from0.2,5,ompl_uniform,20281445,True,True,,1,0.12489625695161521,0.00923048,0.12489625695161521,0.12667909904848784
2,central_c0.5_from0.2,5,cartesian_ik,20281445,True,True,,1,0.12842463899869472,0.055974256,0.12842463899869472,0.1505381700117141
2,central_c0.5_from0.2,5,joint_projected,20281445,True,True,,1,0.1157350679859519,0.02820138,0.1157350679859519,0.1379580800421536
2,central_c0.5_from0.2,6,cartesian_ik,20281546,True,True,,1,0.13527961203362793,0.028853352,0.13527961203362793,0.15674875502008945
2,central_c0.5_from0.2,6,ompl_uniform,20281546,True,True,,1,0.17486792197450995,0.0076308,0.17486792197450995,0.1763991939369589
2,central_c0.5_from0.2,6,joint_projected,20281546,True,True,,1,0.09254534996580333,0.030760656,0.09254534996580333,0.1143576909089461
2,central_c0.5_from0.2,7,cartesian_ik,20281647,True,True,,1,0.12828706402797252,0.050256879,0.12828706402797252,0.15012216800823808
2,central_c0.5_from0.2,7,joint_projected,20281647,True,True,,1,0.10272480291314423,0.039862631,0.10272480291314423,0.12488055997528136
2,central_c0.5_from0.2,7,ompl_uniform,20281647,True,True,,1,0.16864271694794297,0.036226759,0.16864271694794297,0.1701211390318349
2,central_c0.5_from0.2,8,joint_projected,20281748,True,True,,1,0.15889763599261642,0.037528789,0.15889763599261642,0.18127114791423082
2,central_c0.5_from0.2,8,cartesian_ik,20281748,True,True,,1,0.09171626495663077,0.036614184,0.09171626495663077,0.11365754099097103
2,central_c0.5_from0.2,8,ompl_uniform,20281748,True,True,,1,0.1565898139961064,0.017242575,0.1565898139961064,0.1581015270203352
2,central_c0.5_from0.2,9,joint_projected,20281849,True,True,,1,0.06770997599232942,0.014044776,0.06770997599232942,0.0895846129860729
2,central_c0.5_from0.2,9,ompl_uniform,20281849,True,True,,1,0.13740985793992877,0.011662199,0.13740985793992877,0.1392028839327395
2,central_c0.5_from0.2,9,cartesian_ik,20281849,True,True,,1,0.15795643301680684,0.015727134,0.15795643301680684,0.18012367188930511
22,offset_c0.5_from0.2,0,cartesian_ik,20481080,True,True,,1,0.1320506650954485,0.014311874,0.1320506650954485,0.15269255603197962
22,offset_c0.5_from0.2,0,ompl_uniform,20481080,True,True,,1,0.14967024803627282,0.007301781,0.14967024803627282,0.15148971800226718
22,offset_c0.5_from0.2,0,joint_projected,20481080,True,True,,1,0.11698396096471697,0.024597416,0.11698396096471697,0.13819510105531663
22,offset_c0.5_from0.2,1,cartesian_ik,20481181,True,True,,1,0.2056226059794426,0.055609286,0.2056226059794426,0.22677260101772845
22,offset_c0.5_from0.2,1,joint_projected,20481181,True,True,,1,0.11800689296796918,0.012094808,0.11800689296796918,0.1388990560080856
22,offset_c0.5_from0.2,1,ompl_uniform,20481181,True,True,,1,0.14806456910446286,0.015021432,0.14806456910446286,0.1498426190810278
22,offset_c0.5_from0.2,2,joint_projected,20481282,True,True,,1,0.13861552497837692,0.030224175,0.13861552497837692,0.1598932291381061
22,offset_c0.5_from0.2,2,cartesian_ik,20481282,True,True,,1,0.1262560790637508,0.035218481,0.1262560790637508,0.14714056602679193
22,offset_c0.5_from0.2,2,ompl_uniform,20481282,True,True,,1,0.08933144900947809,0.004527746,0.08933144900947809,0.09080798598006368
22,offset_c0.5_from0.2,3,joint_projected,20481383,True,True,,1,0.1793499810155481,0.028692657,0.1793499810155481,0.20022433705162257
22,offset_c0.5_from0.2,3,ompl_uniform,20481383,True,True,,1,0.14196673198603094,0.016661726,0.14196673198603094,0.1435684779426083
22,offset_c0.5_from0.2,3,cartesian_ik,20481383,True,True,,1,0.2189350549597293,0.017859492,0.2189350549597293,0.2401593461399898
22,offset_c0.5_from0.2,4,cartesian_ik,20481484,True,True,,1,0.10381619399413466,0.020651817,0.10381619399413466,0.12475181801710278
22,offset_c0.5_from0.2,4,ompl_uniform,20481484,True,True,,1,0.10708623297978193,0.02328237,0.10708623297978193,0.10873303806874901
22,offset_c0.5_from0.2,4,joint_projected,20481484,True,True,,1,0.09622858301736414,0.023995788,0.09622858301736414,0.11753329401835799
22,offset_c0.5_from0.2,5,ompl_uniform,20481585,True,True,,1,0.08810081006959081,0.018168636,0.08810081006959081,0.08975664200261235
22,offset_c0.5_from0.2,5,cartesian_ik,20481585,True,True,,1,0.04526645003352314,0.019759348,0.04526645003352314,0.06647441105451435
22,offset_c0.5_from0.2,5,joint_projected,20481585,True,True,,1,0.049032676964998245,0.025682982,0.049032676964998245,0.0699470239924267
22,offset_c0.5_from0.2,6,joint_projected,20481686,True,True,,1,0.20938045997172594,0.021797289,0.20938045997172594,0.2304832790978253
22,offset_c0.5_from0.2,6,ompl_uniform,20481686,True,True,,1,0.18692110001575202,0.021369233,0.18692110001575202,0.18850477202795446
22,offset_c0.5_from0.2,6,cartesian_ik,20481686,True,True,,1,0.15022061800118536,0.023432969,0.15022061800118536,0.17134837107732892
22,offset_c0.5_from0.2,7,joint_projected,20481787,True,True,,1,0.17880559398327023,0.022985423,0.17880559398327023,0.19983685202896595
22,offset_c0.5_from0.2,7,cartesian_ik,20481787,True,True,,1,0.16253452899400145,0.022077321,0.16253452899400145,0.18364998803008348
22,offset_c0.5_from0.2,7,ompl_uniform,20481787,True,True,,1,0.13523402099963278,0.021890516,0.13523402099963278,0.1365814791060984
22,offset_c0.5_from0.2,8,ompl_uniform,20481888,True,True,,1,0.15775830496568233,0.008761183,0.15775830496568233,0.15923519909847528
22,offset_c0.5_from0.2,8,joint_projected,20481888,True,True,,1,0.0389038739958778,0.01869959,0.0389038739958778,0.06016690912656486
22,offset_c0.5_from0.2,8,cartesian_ik,20481888,True,True,,1,0.13717082794755697,0.02554849,0.13717082794755697,0.1579028480919078
22,offset_c0.5_from0.2,9,cartesian_ik,20481989,True,True,,1,0.09335369302425534,0.027763077,0.09335369302425534,0.1139980690786615
22,offset_c0.5_from0.2,9,joint_projected,20481989,True,True,,1,0.14819742494728416,0.017393358,0.14819742494728416,0.1690669551026076
22,offset_c0.5_from0.2,9,ompl_uniform,20481989,True,True,,1,0.14701339905150235,0.028331174,0.14701339905150235,0.14857850596308708
9,central_c0.5_from0.2,0,cartesian_ik,20350989,True,True,,1,0.113076166016981,0.038581242,0.113076166016981,0.1334669899661094
9,central_c0.5_from0.2,0,ompl_uniform,20350989,True,True,,1,0.18000704399310052,0.010457468,0.18000704399310052,0.1815788809908554
9,central_c0.5_from0.2,0,joint_projected,20350989,True,True,,1,0.1485529039055109,0.026595829,0.1485529039055109,0.1695176000939682
9,central_c0.5_from0.2,1,ompl_uniform,20351090,True,True,,1,0.16049359505996108,0.015539682,0.16049359505996108,0.16184837906621397
9,central_c0.5_from0.2,1,cartesian_ik,20351090,True,True,,1,0.07068827899638563,0.019409603,0.07068827899638563,0.09196424810215831
9,central_c0.5_from0.2,1,joint_projected,20351090,True,True,,1,0.13345222803764045,0.036181655,0.13345222803764045,0.1543609470827505
9,central_c0.5_from0.2,2,cartesian_ik,20351191,True,True,,1,0.06962527998257428,0.01018644,0.06962527998257428,0.09036365302745253
9,central_c0.5_from0.2,2,joint_projected,20351191,True,True,,1,0.10159149998798966,0.024672232,0.10159149998798966,0.12218487204518169
9,central_c0.5_from0.2,2,ompl_uniform,20351191,True,True,,1,0.16260097303893417,0.010374826,0.16260097303893417,0.16441622900310904
9,central_c0.5_from0.2,3,ompl_uniform,20351292,True,True,,1,0.18812630500178784,0.026890729,0.18812630500178784,0.19000672595575452
9,central_c0.5_from0.2,3,cartesian_ik,20351292,True,True,,1,0.18368327792268246,0.021319659,0.18368327792268246,0.2049447731114924
9,central_c0.5_from0.2,3,joint_projected,20351292,True,True,,1,0.13711113994941115,0.030133485,0.13711113994941115,0.1579560689860955
9,central_c0.5_from0.2,4,joint_projected,20351393,True,True,,1,0.1492991209961474,0.040375569,0.1492991209961474,0.170519907027483
9,central_c0.5_from0.2,4,cartesian_ik,20351393,True,True,,1,0.17542982602026314,0.03884369,0.17542982602026314,0.1963346671545878
9,central_c0.5_from0.2,4,ompl_uniform,20351393,True,True,,1,0.10039877996314317,0.01132512,0.10039877996314317,0.10150114702992141
9,central_c0.5_from0.2,5,cartesian_ik,20351494,True,True,,1,0.13222804095130414,0.038437039,0.13222804095130414,0.1531204041093588
9,central_c0.5_from0.2,5,joint_projected,20351494,True,True,,1,0.09393815300427377,0.028431483,0.09393815300427377,0.11511302611324936
9,central_c0.5_from0.2,5,ompl_uniform,20351494,True,True,,1,0.14709816791582853,0.015800393,0.14709816791582853,0.14859227801207453
9,central_c0.5_from0.2,6,ompl_uniform,20351595,True,True,,1,0.14434289408382028,0.010663428,0.14434289408382028,0.14584777795244008
9,central_c0.5_from0.2,6,joint_projected,20351595,True,True,,1,0.13721686997450888,0.016505872,0.13721686997450888,0.15829615807160735
9,central_c0.5_from0.2,6,cartesian_ik,20351595,True,True,,1,0.17947477905545384,0.029890901,0.17947477905545384,0.2006803520489484
9,central_c0.5_from0.2,7,ompl_uniform,20351696,True,True,,1,0.14120516693219543,0.026326422,0.14120516693219543,0.14274395699612796
9,central_c0.5_from0.2,7,joint_projected,20351696,True,True,,1,0.15015932905953377,0.024842318,0.15015932905953377,0.17063687008339912
9,central_c0.5_from0.2,7,cartesian_ik,20351696,True,True,,1,0.23274026589933783,0.0548195,0.23274026589933783,0.2536513280356303
9,central_c0.5_from0.2,8,joint_projected,20351797,True,True,,1,0.059282036032527685,0.021719356,0.059282036032527685,0.08018116105813533
9,central_c0.5_from0.2,8,ompl_uniform,20351797,True,True,,1,0.12232604599557817,0.011471457,0.12232604599557817,0.12429851503111422
9,central_c0.5_from0.2,8,cartesian_ik,20351797,True,True,,1,0.10203133802860975,0.010170722,0.10203133802860975,0.12308784108608961
9,central_c0.5_from0.2,9,joint_projected,20351898,True,True,,1,0.20106314995791763,0.037999901,0.20106314995791763,0.22218834410887212
9,central_c0.5_from0.2,9,cartesian_ik,20351898,True,True,,1,0.18549639894627035,0.022029506,0.18549639894627035,0.20679311803542078
9,central_c0.5_from0.2,9,ompl_uniform,20351898,True,True,,1,0.22474079206585884,0.030031269,0.22474079206585884,0.2260336799081415
23,offset_c0.5_from0.2,0,joint_projected,20491087,True,True,,1,0.043281696969643235,0.014952104,0.043281696969643235,0.06331002595834434
23,offset_c0.5_from0.2,0,cartesian_ik,20491087,True,True,,1,0.11993189505301416,0.02694949,0.11993189505301416,0.14065839303657413
23,offset_c0.5_from0.2,0,ompl_uniform,20491087,True,True,,1,0.13376631995197386,0.011584787,0.13376631995197386,0.1353273820132017
23,offset_c0.5_from0.2,1,joint_projected,20491188,True,True,,1,0.13280639494769275,0.025838561,0.13280639494769275,0.153314467985183
23,offset_c0.5_from0.2,1,cartesian_ik,20491188,True,True,,1,0.11465613299515098,0.01248869,0.11465613299515098,0.13498872506897897
23,offset_c0.5_from0.2,1,ompl_uniform,20491188,True,True,,1,0.14814187202136964,0.022853718,0.14814187202136964,0.14993276307359338
23,offset_c0.5_from0.2,2,cartesian_ik,20491289,True,True,,1,0.1183851039968431,0.037843988,0.1183851039968431,0.1390143430326134
23,offset_c0.5_from0.2,2,joint_projected,20491289,True,True,,1,0.041707063908688724,0.018725057,0.041707063908688724,0.06152377591934055
23,offset_c0.5_from0.2,2,ompl_uniform,20491289,True,True,,1,0.15394503506831825,0.012323031,0.15394503506831825,0.15533946501091123
23,offset_c0.5_from0.2,3,cartesian_ik,20491390,True,True,,1,0.09767532104160637,0.031880779,0.09767532104160637,0.11738226097077131
23,offset_c0.5_from0.2,3,joint_projected,20491390,True,True,,1,0.05169600900262594,0.0141409,0.05169600900262594,0.07182530499994755
23,offset_c0.5_from0.2,3,ompl_uniform,20491390,True,True,,1,0.11645535693969578,0.009062752,0.11645535693969578,0.11808074603322893
23,offset_c0.5_from0.2,4,joint_projected,20491491,True,True,,1,0.2208212490659207,0.030840311,0.2208212490659207,0.2419893390033394
23,offset_c0.5_from0.2,4,ompl_uniform,20491491,True,True,,1,0.1957075820537284,0.022379892,0.1957075820537284,0.197175003006123
23,offset_c0.5_from0.2,4,cartesian_ik,20491491,True,True,,1,0.0837035960284993,0.00861652,0.0837035960284993,0.10472889000084251
23,offset_c0.5_from0.2,5,ompl_uniform,20491592,True,True,,1,0.1871944779995829,0.021725297,0.1871944779995829,0.18891276302747428
23,offset_c0.5_from0.2,5,joint_projected,20491592,True,True,,1,0.09643860801588744,0.015077765,0.09643860801588744,0.11679315497167408
23,offset_c0.5_from0.2,5,cartesian_ik,20491592,True,True,,1,0.1522016040980816,0.025857169,0.1522016040980816,0.17304761603008956
23,offset_c0.5_from0.2,6,ompl_uniform,20491693,True,True,,1,0.17474275408312678,0.016189927,0.17474275408312678,0.17652469302993268
23,offset_c0.5_from0.2,6,joint_projected,20491693,True,True,,1,0.07936743495520204,0.021110057,0.07936743495520204,0.09990100201684982
23,offset_c0.5_from0.2,6,cartesian_ik,20491693,True,True,,1,0.16786873096134514,0.028183685,0.16786873096134514,0.1881482140161097
23,offset_c0.5_from0.2,7,ompl_uniform,20491794,True,True,,1,0.17205715004820377,0.021005896,0.17205715004820377,0.1736467449227348
23,offset_c0.5_from0.2,7,cartesian_ik,20491794,True,True,,1,0.09535346098709852,0.010747669,0.09535346098709852,0.1167008529882878
23,offset_c0.5_from0.2,7,joint_projected,20491794,True,True,,1,0.0737404830288142,0.017376111,0.0737404830288142,0.09434224397409707
23,offset_c0.5_from0.2,8,ompl_uniform,20491895,True,True,,1,0.14063672500196844,0.011483728,0.14063672500196844,0.14253880688920617
23,offset_c0.5_from0.2,8,cartesian_ik,20491895,True,True,,1,0.07926914701238275,0.010213734,0.07926914701238275,0.10006357100792229
23,offset_c0.5_from0.2,8,joint_projected,20491895,True,True,,1,0.0925704869441688,0.029961232,0.0925704869441688,0.11300713301170617
23,offset_c0.5_from0.2,9,ompl_uniform,20491996,True,True,,1,0.20930057996883988,0.017048334,0.20930057996883988,0.21103449794463813
23,offset_c0.5_from0.2,9,joint_projected,20491996,True,True,,1,0.13931836397387087,0.033781,0.13931836397387087,0.1599351209588349
23,offset_c0.5_from0.2,9,cartesian_ik,20491996,True,True,,1,0.1136493650265038,0.02659225,0.1136493650265038,0.13413235894404352
40,distant_c0.5_from0.2,0,cartesian_ik,20661206,True,True,,1,0.1396523549919948,0.010899461,0.1396523549919948,0.16009534988552332
40,distant_c0.5_from0.2,0,joint_projected,20661206,True,True,,1,0.10085798695217818,0.014909208,0.10085798695217818,0.12145007401704788
40,distant_c0.5_from0.2,0,ompl_uniform,20661206,True,True,,1,0.10242543707136065,0.004301921,0.10242543707136065,0.10416394704952836
40,distant_c0.5_from0.2,1,cartesian_ik,20661307,True,True,,1,0.1051346380263567,0.022184347,0.1051346380263567,0.125839784857817
40,distant_c0.5_from0.2,1,ompl_uniform,20661307,True,True,,1,0.13768520404119045,0.011433562,0.13768520404119045,0.13956367003265768
40,distant_c0.5_from0.2,1,joint_projected,20661307,True,True,,1,0.12969947990495712,0.037528533,0.12969947990495712,0.1505118738859892
40,distant_c0.5_from0.2,2,joint_projected,20661408,True,True,,1,0.045665226061828434,0.021621411,0.045665226061828434,0.06639135396108031
40,distant_c0.5_from0.2,2,ompl_uniform,20661408,True,True,,1,0.09612446196842939,0.011446794,0.09612446196842939,0.09753133496269584
40,distant_c0.5_from0.2,2,cartesian_ik,20661408,True,True,,1,0.1087535519618541,0.022274369,0.1087535519618541,0.12963114399462938
40,distant_c0.5_from0.2,3,ompl_uniform,20661509,True,True,,1,0.15378939895890653,0.009765291,0.15378939895890653,0.15516686101909727
40,distant_c0.5_from0.2,3,cartesian_ik,20661509,True,True,,1,0.02105588896665722,0.003967178,0.02105588896665722,0.04201822797767818
40,distant_c0.5_from0.2,3,joint_projected,20661509,True,True,,1,0.19272487796843052,0.024564298,0.19272487796843052,0.21387358696665615
40,distant_c0.5_from0.2,4,joint_projected,20661610,True,True,,1,0.10870230803266168,0.019559251,0.10870230803266168,0.1295469239121303
40,distant_c0.5_from0.2,4,cartesian_ik,20661610,True,True,,1,0.14072601299267262,0.034442864,0.14072601299267262,0.16143089288379997
40,distant_c0.5_from0.2,4,ompl_uniform,20661610,True,True,,1,0.1938227160135284,0.01338495,0.1938227160135284,0.1952236300567165
40,distant_c0.5_from0.2,5,ompl_uniform,20661711,True,True,,1,0.1704971039434895,0.009803474,0.1704971039434895,0.17199308495037258
40,distant_c0.5_from0.2,5,joint_projected,20661711,True,True,,1,0.0948483960237354,0.022571101,0.0948483960237354,0.11560401890892535
40,distant_c0.5_from0.2,5,cartesian_ik,20661711,True,True,,1,0.13538819702807814,0.009177025,0.13538819702807814,0.15576599398627877
40,distant_c0.5_from0.2,6,cartesian_ik,20661812,True,True,,1,0.12762451206799597,0.010035063,0.12762451206799597,0.14855106198228896
40,distant_c0.5_from0.2,6,ompl_uniform,20661812,True,True,,1,0.2479325080057606,0.012791641,0.2479325080057606,0.2491064389469102
40,distant_c0.5_from0.2,6,joint_projected,20661812,True,True,,1,0.12698933691717684,0.028602749,0.12698933691717684,0.1479689390398562
40,distant_c0.5_from0.2,7,ompl_uniform,20661913,True,True,,1,0.22739134193398058,0.014163753,0.22739134193398058,0.22869297000579536
40,distant_c0.5_from0.2,7,joint_projected,20661913,True,True,,1,0.15877186798024923,0.01732146,0.15877186798024923,0.1823964169016108
40,distant_c0.5_from0.2,7,cartesian_ik,20661913,True,True,,1,0.11486666603013873,0.014117196,0.11486666603013873,0.1364321659784764
40,distant_c0.5_from0.2,8,cartesian_ik,20662014,True,True,,1,0.016556174959987402,0.002809077,0.016556174959987402,0.03727109788451344
40,distant_c0.5_from0.2,8,joint_projected,20662014,True,True,,1,0.06408502906560898,0.010892861,0.06408502906560898,0.08500773296691477
40,distant_c0.5_from0.2,8,ompl_uniform,20662014,True,True,,1,0.19263597496319562,0.013711263,0.19263597496319562,0.19409636897034943
40,distant_c0.5_from0.2,9,joint_projected,20662115,True,True,,1,0.11989679501857609,0.039540936,0.11989679501857609,0.14022207690868527
40,distant_c0.5_from0.2,9,ompl_uniform,20662115,True,True,,1,0.1430645219516009,0.019190335,0.1430645219516009,0.1442939139669761
40,distant_c0.5_from0.2,9,cartesian_ik,20662115,True,True,,1,0.08237040904350579,0.005234159,0.08237040904350579,0.1030564458342269
33,offset_c0.7_from0.8,0,ompl_uniform,20591157,True,True,,1,0.1430048409383744,0.008664634,0.1430048409383744,0.14426920202095062
33,offset_c0.7_from0.8,0,joint_projected,20591157,True,True,,1,0.17387334199156612,0.024459092,0.17387334199156612,0.19519345997832716
33,offset_c0.7_from0.8,0,cartesian_ik,20591157,True,True,,1,0.1624820560682565,0.012520333,0.1624820560682565,0.1838817009702325
33,offset_c0.7_from0.8,1,cartesian_ik,20591258,True,True,,1,0.10492496006190777,0.051471473,0.10492496006190777,0.12582721596118063
33,offset_c0.7_from0.8,1,joint_projected,20591258,True,True,,1,0.25270209601148963,0.039629013,0.25270209601148963,0.28204038296826184
33,offset_c0.7_from0.8,1,ompl_uniform,20591258,True,True,,1,0.09411846101284027,0.01088435,0.09411846101284027,0.09522162599023432
33,offset_c0.7_from0.8,2,joint_projected,20591359,True,True,,1,0.13224016199819744,0.034426899,0.13224016199819744,0.153436093009077
33,offset_c0.7_from0.8,2,ompl_uniform,20591359,True,True,,1,0.1014156760647893,0.015512299,0.1014156760647893,0.10279389296192676
33,offset_c0.7_from0.8,2,cartesian_ik,20591359,True,True,,1,0.12071844202000648,0.026281788,0.12071844202000648,0.1420535029610619
33,offset_c0.7_from0.8,3,ompl_uniform,20591460,True,True,,1,0.16278488899115473,0.028854848,0.16278488899115473,0.16390076105017215
33,offset_c0.7_from0.8,3,joint_projected,20591460,True,True,,1,0.038317869999445975,0.021722178,0.038317869999445975,0.05956874892581254
33,offset_c0.7_from0.8,3,cartesian_ik,20591460,True,True,,1,0.1536265379982069,0.053155963,0.1536265379982069,0.17397774395067245
33,offset_c0.7_from0.8,4,ompl_uniform,20591561,True,True,,1,0.09646992804482579,0.012904531,0.09646992804482579,0.09838246600702405
33,offset_c0.7_from0.8,4,cartesian_ik,20591561,True,True,,1,0.029870545957237482,0.015012166,0.029870545957237482,0.05171611695550382
33,offset_c0.7_from0.8,4,joint_projected,20591561,True,True,,1,0.0658798220101744,0.012381745,0.0658798220101744,0.08649578795302659
33,offset_c0.7_from0.8,5,ompl_uniform,20591662,True,True,,1,0.13282057701144367,0.01906096,0.13282057701144367,0.1342936659930274
33,offset_c0.7_from0.8,5,joint_projected,20591662,True,True,,1,0.09112716699019074,0.01922009,0.09112716699019074,0.1117530899355188
33,offset_c0.7_from0.8,5,cartesian_ik,20591662,True,True,,1,0.11676796001847833,0.019896665,0.11676796001847833,0.1376794200623408
33,offset_c0.7_from0.8,6,cartesian_ik,20591763,True,True,,1,0.06813457596581429,0.015119202,0.06813457596581429,0.08936615288257599
33,offset_c0.7_from0.8,6,ompl_uniform,20591763,True,True,,1,0.10666155302897096,0.009912418,0.10666155302897096,0.10790653608273715
33,offset_c0.7_from0.8,6,joint_projected,20591763,True,True,,1,0.016408710973337293,0.007937569,0.016408710973337293,0.0376169920200482
33,offset_c0.7_from0.8,7,joint_projected,20591864,True,True,,1,0.13262758706696332,0.023867589,0.13262758706696332,0.15353986900299788
33,offset_c0.7_from0.8,7,cartesian_ik,20591864,True,True,,1,0.0978129890281707,0.01698755,0.0978129890281707,0.11910905293188989
33,offset_c0.7_from0.8,7,ompl_uniform,20591864,True,True,,1,0.09572470607236028,0.024583693,0.09572470607236028,0.09772129403427243
33,offset_c0.7_from0.8,8,ompl_uniform,20591965,True,True,,1,0.1610031690215692,0.021000648,0.1610031690215692,0.16274773492477834
33,offset_c0.7_from0.8,8,cartesian_ik,20591965,True,True,,1,0.10420084604993463,0.016266199,0.10420084604993463,0.12543825106695294
33,offset_c0.7_from0.8,8,joint_projected,20591965,True,True,,1,0.07445538497995585,0.015090366,0.07445538497995585,0.09552451397757977
33,offset_c0.7_from0.8,9,joint_projected,20592066,True,True,,1,0.26934399700257927,0.019961606,0.26934399700257927,0.2900832099840045
33,offset_c0.7_from0.8,9,cartesian_ik,20592066,True,True,,1,0.10984544490929693,0.017607121,0.10984544490929693,0.13066899706609547
33,offset_c0.7_from0.8,9,ompl_uniform,20592066,True,True,,1,0.18215954303741455,0.01300048,0.18215954303741455,0.18377784290350974
39,offset_c0.7_from0.8,0,ompl_uniform,20651199,True,True,,1,0.05732440704014152,0.018391684,0.05732440704014152,0.05858734901994467
39,offset_c0.7_from0.8,0,joint_projected,20651199,True,True,,1,0.155675002024509,0.034206339,0.155675002024509,0.1770573890535161
39,offset_c0.7_from0.8,0,cartesian_ik,20651199,True,True,,1,0.11650560307316482,0.023852372,0.11650560307316482,0.1374152370262891
39,offset_c0.7_from0.8,1,ompl_uniform,20651300,True,True,,1,0.15431896806694567,0.019504762,0.15431896806694567,0.15599081304389983
39,offset_c0.7_from0.8,1,cartesian_ik,20651300,True,True,,1,0.11451774393208325,0.034149355,0.11451774393208325,0.13513269601389766
39,offset_c0.7_from0.8,1,joint_projected,20651300,True,True,,1,0.2007725490257144,0.01942763,0.2007725490257144,0.22202601307071745
39,offset_c0.7_from0.8,2,ompl_uniform,20651401,True,True,,1,0.10596892505418509,0.00807126,0.10596892505418509,0.1075237060431391
39,offset_c0.7_from0.8,2,joint_projected,20651401,True,True,,1,0.13984955102205276,0.037158672,0.13984955102205276,0.16121116699650884
39,offset_c0.7_from0.8,2,cartesian_ik,20651401,True,True,,1,0.13936892000492662,0.041438689,0.13936892000492662,0.16062264295760542
39,offset_c0.7_from0.8,3,joint_projected,20651502,True,True,,1,0.24068991909734905,0.029580811,0.24068991909734905,0.2621314040152356
39,offset_c0.7_from0.8,3,cartesian_ik,20651502,True,True,,1,0.15298204496502876,0.007823852,0.15298204496502876,0.17369341396261007
39,offset_c0.7_from0.8,3,ompl_uniform,20651502,True,True,,1,0.18572398193646222,0.010624647,0.18572398193646222,0.18739640107378364
39,offset_c0.7_from0.8,4,joint_projected,20651603,True,True,,1,0.2426839559338987,0.027820821,0.2426839559338987,0.2637494569644332
39,offset_c0.7_from0.8,4,cartesian_ik,20651603,True,True,,1,0.08980346005409956,0.015516754,0.08980346005409956,0.11089285998605192
39,offset_c0.7_from0.8,4,ompl_uniform,20651603,True,True,,1,0.14482912397943437,0.008030693,0.14482912397943437,0.14603055303450674
39,offset_c0.7_from0.8,5,joint_projected,20651704,True,True,,1,0.14980695594567806,0.028755572,0.14980695594567806,0.1711549370083958
39,offset_c0.7_from0.8,5,cartesian_ik,20651704,True,True,,1,0.1615359450224787,0.029208618,0.1615359450224787,0.182600685977377
39,offset_c0.7_from0.8,5,ompl_uniform,20651704,True,True,,1,0.1749483059393242,0.010581516,0.1749483059393242,0.17672200000379235
39,offset_c0.7_from0.8,6,ompl_uniform,20651805,True,True,,1,0.19999199302401394,0.021919483,0.19999199302401394,0.20145581709221005
39,offset_c0.7_from0.8,6,cartesian_ik,20651805,True,True,,1,0.0931242749793455,0.00960667,0.0931242749793455,0.1143926529912278
39,offset_c0.7_from0.8,6,joint_projected,20651805,True,True,,1,0.03972411004360765,0.012309648,0.03972411004360765,0.060512810945510864
39,offset_c0.7_from0.8,7,cartesian_ik,20651906,True,True,,1,0.11126235709525645,0.026722416,0.11126235709525645,0.13245009607635438
39,offset_c0.7_from0.8,7,joint_projected,20651906,True,True,,1,0.16472404706291854,0.037943333,0.16472404706291854,0.18610804108902812
39,offset_c0.7_from0.8,7,ompl_uniform,20651906,True,True,,1,0.16713772399816662,0.018506505,0.16713772399816662,0.16888172295875847
39,offset_c0.7_from0.8,8,joint_projected,20652007,True,True,,1,0.05536628991831094,0.023867774,0.05536628991831094,0.07651369797531515
39,offset_c0.7_from0.8,8,ompl_uniform,20652007,True,True,,1,0.16624934691935778,0.024998466,0.16624934691935778,0.16792140307370573
39,offset_c0.7_from0.8,8,cartesian_ik,20652007,True,True,,1,0.10073932504747063,0.027252296,0.10073932504747063,0.12167711195070297
39,offset_c0.7_from0.8,9,joint_projected,20652108,True,True,,1,0.08037452900316566,0.010868606,0.08037452900316566,0.1013817279599607
39,offset_c0.7_from0.8,9,ompl_uniform,20652108,True,True,,1,0.1070412319386378,0.009206474,0.1070412319386378,0.10879385191947222
39,offset_c0.7_from0.8,9,cartesian_ik,20652108,True,True,,1,0.15743871801532805,0.029102631,0.15743871801532805,0.1777183209778741
6,central_c0.5_from0.2,0,joint_projected,20320968,True,True,,1,0.13519292301498353,0.031651733,0.13519292301498353,0.15536843799054623
6,central_c0.5_from0.2,0,cartesian_ik,20320968,True,True,,1,0.04095723305363208,0.012295464,0.04095723305363208,0.061657781014218926
6,central_c0.5_from0.2,0,ompl_uniform,20320968,True,True,,1,0.13797695992980152,0.010273334,0.13797695992980152,0.1396324010565877
6,central_c0.5_from0.2,1,cartesian_ik,20321069,True,True,,1,0.11774533393327147,0.00968555,0.11774533393327147,0.13834887894336134
6,central_c0.5_from0.2,1,ompl_uniform,20321069,True,True,,1,0.1396137869451195,0.012095971,0.1396137869451195,0.14125747699290514
6,central_c0.5_from0.2,1,joint_projected,20321069,True,True,,1,0.08028172107879072,0.018761792,0.08028172107879072,0.10146788600832224
6,central_c0.5_from0.2,2,ompl_uniform,20321170,True,True,,1,0.18753485300112516,0.024323322,0.18753485300112516,0.18939087202306837
6,central_c0.5_from0.2,2,joint_projected,20321170,True,True,,1,0.09879676706623286,0.022977249,0.09879676706623286,0.12002753699198365
6,central_c0.5_from0.2,2,cartesian_ik,20321170,True,True,,1,0.09891790500842035,0.03908779,0.09891790500842035,0.11954658408649266
6,central_c0.5_from0.2,3,cartesian_ik,20321271,True,True,,1,0.13819635205436498,0.020483317,0.13819635205436498,0.1590134750586003
6,central_c0.5_from0.2,3,joint_projected,20321271,True,True,,1,0.06959973508492112,0.023297589,0.06959973508492112,0.0904994800221175
6,central_c0.5_from0.2,3,ompl_uniform,20321271,True,True,,1,0.1030276840319857,0.021275009,0.1030276840319857,0.10479566501453519
6,central_c0.5_from0.2,4,cartesian_ik,20321372,True,True,,1,0.16176025394815952,0.014849641,0.16176025394815952,0.18230626406148076
6,central_c0.5_from0.2,4,joint_projected,20321372,True,True,,1,0.10421689506620169,0.02189031,0.10421689506620169,0.12513452500570565
6,central_c0.5_from0.2,4,ompl_uniform,20321372,True,True,,1,0.11358863092027605,0.008483395,0.11358863092027605,0.11537509807385504
6,central_c0.5_from0.2,5,joint_projected,20321473,True,True,,1,0.02888622193131596,0.021812832,0.02888622193131596,0.04996476601809263
6,central_c0.5_from0.2,5,cartesian_ik,20321473,True,True,,1,0.0936545830918476,0.032901181,0.0936545830918476,0.11444790905807167
6,central_c0.5_from0.2,5,ompl_uniform,20321473,True,True,,1,0.10384328209329396,0.024280589,0.10384328209329396,0.10556086001452059
6,central_c0.5_from0.2,6,joint_projected,20321574,True,True,,1,0.06681480596307665,0.021508741,0.06681480596307665,0.08771057694684714
6,central_c0.5_from0.2,6,cartesian_ik,20321574,True,True,,1,0.07341948302928358,0.009525569,0.07341948302928358,0.09420734806917608
6,central_c0.5_from0.2,6,ompl_uniform,20321574,True,True,,1,0.16883369907736778,0.011005182,0.16883369907736778,0.17081962793599814
6,central_c0.5_from0.2,7,joint_projected,20321675,True,True,,1,0.14181655901484191,0.021303328,0.14181655901484191,0.16280635201837867
6,central_c0.5_from0.2,7,cartesian_ik,20321675,True,True,,1,0.19917818903923035,0.029750505,0.19917818903923035,0.22018092696089298
6,central_c0.5_from0.2,7,ompl_uniform,20321675,True,True,,1,0.11449624004308134,0.013801817,0.11449624004308134,0.11624288698658347
6,central_c0.5_from0.2,8,ompl_uniform,20321776,True,True,,1,0.15250514703802764,0.033873962,0.15250514703802764,0.1549138369737193
6,central_c0.5_from0.2,8,joint_projected,20321776,True,True,,1,0.0593743440695107,0.017046047,0.0593743440695107,0.08021823805756867
6,central_c0.5_from0.2,8,cartesian_ik,20321776,True,True,,1,0.13177404599264264,0.03219357,0.13177404599264264,0.15202231297735125
6,central_c0.5_from0.2,9,cartesian_ik,20321877,True,True,,1,0.08289379102643579,0.007258904,0.08289379102643579,0.10347991797607392
6,central_c0.5_from0.2,9,joint_projected,20321877,True,True,,1,0.11248467396944761,0.028973701,0.11248467396944761,0.13289882009848952
6,central_c0.5_from0.2,9,ompl_uniform,20321877,True,True,,1,0.14178416901268065,0.032353805,0.14178416901268065,0.14349023799877614
59,distant_c0.7_from0.8,0,joint_projected,20851339,True,True,,1,0.10451673797797412,0.010213456,0.10451673797797412,0.12494126497767866
59,distant_c0.7_from0.8,0,ompl_uniform,20851339,True,True,,1,0.18518834398128092,0.010131312,0.18518834398128092,0.18687512597534806
59,distant_c0.7_from0.8,0,cartesian_ik,20851339,True,True,,1,0.04462610208429396,0.017644617,0.04462610208429396,0.06527953897602856
59,distant_c0.7_from0.8,1,joint_projected,20851440,True,True,,1,0.06537963391747326,0.02248384,0.06537963391747326,0.08620311599224806
59,distant_c0.7_from0.8,1,ompl_uniform,20851440,True,True,,1,0.12556704797316343,0.00977119,0.12556704797316343,0.1273267539218068
59,distant_c0.7_from0.8,1,cartesian_ik,20851440,True,True,,1,0.09662834194023162,0.007101897,0.09662834194023162,0.11768926098011434
59,distant_c0.7_from0.8,2,joint_projected,20851541,True,True,,1,0.13031703501474112,0.029133643,0.13031703501474112,0.15109077095985413
59,distant_c0.7_from0.8,2,ompl_uniform,20851541,True,True,,1,0.21242751402314752,0.010623045,0.21242751402314752,0.21427534404210746
59,distant_c0.7_from0.8,2,cartesian_ik,20851541,True,True,,1,0.14477371296379715,0.017576811,0.14477371296379715,0.1658068390097469
59,distant_c0.7_from0.8,3,joint_projected,20851642,True,True,,1,0.08778689696919173,0.017194093,0.08778689696919173,0.10886943701189011
59,distant_c0.7_from0.8,3,cartesian_ik,20851642,True,True,,1,0.13485043903347105,0.03240461,0.13485043903347105,0.15611852693837136
59,distant_c0.7_from0.8,3,ompl_uniform,20851642,True,True,,1,0.0898100920021534,0.01060743,0.0898100920021534,0.09147211106028408
59,distant_c0.7_from0.8,4,cartesian_ik,20851743,True,True,,1,0.05497135897167027,0.00916481,0.05497135897167027,0.07600775198079646
59,distant_c0.7_from0.8,4,ompl_uniform,20851743,True,True,,1,0.0783570259809494,0.019013739,0.0783570259809494,0.07992201403249055
59,distant_c0.7_from0.8,4,joint_projected,20851743,True,True,,1,0.06970004492904991,0.017986001,0.06970004492904991,0.09070534002967179
59,distant_c0.7_from0.8,5,ompl_uniform,20851844,True,True,,1,0.1329010269837454,0.021481348,0.1329010269837454,0.13452525006141514
59,distant_c0.7_from0.8,5,joint_projected,20851844,True,True,,1,0.11408726801164448,0.014523191,0.11408726801164448,0.13466610095929354
59,distant_c0.7_from0.8,5,cartesian_ik,20851844,True,True,,1,0.06537220999598503,0.010869789,0.06537220999598503,0.08573934808373451
59,distant_c0.7_from0.8,6,cartesian_ik,20851945,True,True,,1,0.1416693099308759,0.023647924,0.1416693099308759,0.1623841350665316
59,distant_c0.7_from0.8,6,joint_projected,20851945,True,True,,1,0.10864814301021397,0.01412668,0.10864814301021397,0.1293441739398986
59,distant_c0.7_from0.8,6,ompl_uniform,20851945,True,True,,1,0.15423819806892425,0.009670786,0.15423819806892425,0.15603056002873927
59,distant_c0.7_from0.8,7,ompl_uniform,20852046,True,True,,1,0.1486973880091682,0.013846985,0.1486973880091682,0.15035003900993615
59,distant_c0.7_from0.8,7,joint_projected,20852046,True,True,,1,0.11392232892103493,0.016771508,0.11392232892103493,0.135014584986493
59,distant_c0.7_from0.8,7,cartesian_ik,20852046,True,True,,1,0.12365199101623148,0.048046394,0.12365199101623148,0.14460132899694145
59,distant_c0.7_from0.8,8,ompl_uniform,20852147,True,True,,1,0.19469300901982933,0.008899345,0.19469300901982933,0.19641806406434625
59,distant_c0.7_from0.8,8,cartesian_ik,20852147,True,True,,1,0.19884578103665262,0.031450323,0.19884578103665262,0.21973008790519089
59,distant_c0.7_from0.8,8,joint_projected,20852147,True,True,,1,0.13051920593716204,0.022898993,0.13051920593716204,0.1508492879802361
59,distant_c0.7_from0.8,9,cartesian_ik,20852248,True,True,,1,0.10437570000067353,0.030043767,0.10437570000067353,0.1255454340716824
59,distant_c0.7_from0.8,9,ompl_uniform,20852248,True,True,,1,0.05638624797575176,0.0088478,0.05638624797575176,0.05815814598463476
59,distant_c0.7_from0.8,9,joint_projected,20852248,True,True,,1,0.16020873503293842,0.01985429,0.16020873503293842,0.18109132803510875
30,offset_c0.7_from0.8,0,joint_projected,20561136,True,True,,1,0.12232945300638676,0.016968014,0.12232945300638676,0.14339464309159666
30,offset_c0.7_from0.8,0,ompl_uniform,20561136,True,True,,1,0.09463661094196141,0.010404062,0.09463661094196141,0.09638061502482742
30,offset_c0.7_from0.8,0,cartesian_ik,20561136,True,True,,1,0.053086612024344504,0.0130256,0.053086612024344504,0.07414462498854846
30,offset_c0.7_from0.8,1,joint_projected,20561237,True,True,,1,0.10717450303491205,0.020423766,0.10717450303491205,0.12767876498401165
30,offset_c0.7_from0.8,1,cartesian_ik,20561237,True,True,,1,0.2386689499253407,0.039052785,0.2386689499253407,0.2596862739883363
30,offset_c0.7_from0.8,1,ompl_uniform,20561237,True,True,,1,0.19217323407065123,0.020013336,0.19217323407065123,0.19400132598821074
30,offset_c0.7_from0.8,2,cartesian_ik,20561338,True,True,,1,0.07075434795115143,0.015151624,0.07075434795115143,0.09143152111209929
30,offset_c0.7_from0.8,2,joint_projected,20561338,True,True,,1,0.11377450299914926,0.024020159,0.11377450299914926,0.13482807204127312
30,offset_c0.7_from0.8,2,ompl_uniform,20561338,True,True,,1,0.14953427901491523,0.006812734,0.14953427901491523,0.1510714190080762
30,offset_c0.7_from0.8,3,cartesian_ik,20561439,True,True,,1,0.18413633306045085,0.042784953,0.18413633306045085,0.20545695209875703
30,offset_c0.7_from0.8,3,joint_projected,20561439,True,True,,1,0.08746878104284406,0.023360171,0.08746878104284406,0.10785028501413763
30,offset_c0.7_from0.8,3,ompl_uniform,20561439,True,True,,1,0.08052636007778347,0.020362719,0.08052636007778347,0.0822306830668822
30,offset_c0.7_from0.8,4,cartesian_ik,20561540,True,True,,1,0.3278517769649625,0.093415247,0.3278517769649625,0.34959231701213866
30,offset_c0.7_from0.8,4,ompl_uniform,20561540,True,True,,1,0.1185321070952341,0.011900435,0.1185321070952341,0.12034085893537849
30,offset_c0.7_from0.8,4,joint_projected,20561540,True,True,,1,0.10149076406378299,0.029408034,0.10149076406378299,0.12296629301272333
30,offset_c0.7_from0.8,5,ompl_uniform,20561641,True,True,,1,0.11295891995541751,0.016031792,0.11295891995541751,0.11469457403291017
30,offset_c0.7_from0.8,5,joint_projected,20561641,True,True,,1,0.1556507560890168,0.024499282,0.1556507560890168,0.1770959469722584
30,offset_c0.7_from0.8,5,cartesian_ik,20561641,True,True,,1,0.14656193903647363,0.022773224,0.14656193903647363,0.16783427610062063
30,offset_c0.7_from0.8,6,ompl_uniform,20561742,True,True,,1,0.16383603704161942,0.01225744,0.16383603704161942,0.16532124404329807
30,offset_c0.7_from0.8,6,joint_projected,20561742,True,True,,1,0.12187757296487689,0.023825827,0.12187757296487689,0.14318869612179697
30,offset_c0.7_from0.8,6,cartesian_ik,20561742,True,True,,1,0.15317006898112595,0.024077966,0.15317006898112595,0.1744125239783898
30,offset_c0.7_from0.8,7,joint_projected,20561843,True,True,,1,0.055945111089386046,0.011495381,0.055945111089386046,0.07702313200570643
30,offset_c0.7_from0.8,7,cartesian_ik,20561843,True,True,,1,0.18769244803115726,0.034435791,0.18769244803115726,0.2083843001164496
30,offset_c0.7_from0.8,7,ompl_uniform,20561843,True,True,,1,0.16082997398916632,0.014586537,0.16082997398916632,0.16234549193177372
30,offset_c0.7_from0.8,8,cartesian_ik,20561944,True,True,,1,0.07017955905757844,0.01319976,0.07017955905757844,0.0913366130553186
30,offset_c0.7_from0.8,8,joint_projected,20561944,True,True,,1,0.16651490307413042,0.023520745,0.16651490307413042,0.18788525997661054
30,offset_c0.7_from0.8,8,ompl_uniform,20561944,True,True,,1,0.19168858393095434,0.018899667,0.19168858393095434,0.1931599760428071
30,offset_c0.7_from0.8,9,joint_projected,20562045,True,True,,1,0.1376999500207603,0.033259035,0.1376999500207603,0.15849082602653652
30,offset_c0.7_from0.8,9,ompl_uniform,20562045,True,True,,1,0.09551898797508329,0.02351496,0.09551898797508329,0.09688561700750142
30,offset_c0.7_from0.8,9,cartesian_ik,20562045,True,True,,1,0.0989955929107964,0.018469647,0.0989955929107964,0.11973150703124702
28,offset_c0.5_from0.2,0,cartesian_ik,20541122,True,True,,1,0.10640580498147756,0.067396629,0.10640580498147756,0.12647286197170615
28,offset_c0.5_from0.2,0,joint_projected,20541122,True,True,,1,0.21493592206388712,0.028886452,0.21493592206388712,0.23585739091504365
28,offset_c0.5_from0.2,0,ompl_uniform,20541122,True,True,,1,0.12413527397438884,0.010727871,0.12413527397438884,0.12561675999313593
28,offset_c0.5_from0.2,1,cartesian_ik,20541223,True,True,,1,0.03629891702439636,0.007313623,0.03629891702439636,0.05677513498812914
28,offset_c0.5_from0.2,1,ompl_uniform,20541223,True,True,,1,0.0959717279765755,0.011639157,0.0959717279765755,0.09748389897868037
28,offset_c0.5_from0.2,1,joint_projected,20541223,True,True,,1,0.2643193210242316,0.035207996,0.2643193210242316,0.28546136792283505
28,offset_c0.5_from0.2,2,ompl_uniform,20541324,True,True,,1,0.13131433504167944,0.020306763,0.13131433504167944,0.13332914398051798
28,offset_c0.5_from0.2,2,cartesian_ik,20541324,True,True,,1,0.08226303302217275,0.016830772,0.08226303302217275,0.10360972199123353
28,offset_c0.5_from0.2,2,joint_projected,20541324,True,True,,1,0.053031765040941536,0.017338717,0.053031765040941536,0.07398812286555767
28,offset_c0.5_from0.2,3,cartesian_ik,20541425,True,True,,1,0.0922169879777357,0.007468173,0.0922169879777357,0.11288075591437519
28,offset_c0.5_from0.2,3,joint_projected,20541425,True,True,,1,0.14464621304068714,0.017594407,0.14464621304068714,0.1659131080377847
28,offset_c0.5_from0.2,3,ompl_uniform,20541425,True,True,,1,0.1441935410257429,0.009568172,0.1441935410257429,0.14595856494270265
28,offset_c0.5_from0.2,4,joint_projected,20541526,True,True,,1,0.059559282031841576,0.022753328,0.059559282031841576,0.07980967895127833
28,offset_c0.5_from0.2,4,cartesian_ik,20541526,True,True,,1,0.11340379109606147,0.013114568,0.11340379109606147,0.13365699688438326
28,offset_c0.5_from0.2,4,ompl_uniform,20541526,True,True,,1,0.09748143597971648,0.017846704,0.09748143597971648,0.09940107597503811
28,offset_c0.5_from0.2,5,joint_projected,20541627,True,True,,1,0.06250306195579469,0.030260838,0.06250306195579469,0.0835495749488473
28,offset_c0.5_from0.2,5,ompl_uniform,20541627,True,True,,1,0.08800372295081615,0.031476787,0.08800372295081615,0.08972019504290074
28,offset_c0.5_from0.2,5,cartesian_ik,20541627,True,True,,1,0.06297710095532238,0.03574006,0.06297710095532238,0.08379189495462924
28,offset_c0.5_from0.2,6,ompl_uniform,20541728,True,True,,1,0.1196592979831621,0.01590135,0.1196592979831621,0.12146614398807287
28,offset_c0.5_from0.2,6,cartesian_ik,20541728,True,True,,1,0.08654841303359717,0.011112092,0.08654841303359717,0.1073973149759695
28,offset_c0.5_from0.2,6,joint_projected,20541728,True,True,,1,0.13009252899792045,0.020022608,0.13009252899792045,0.15088740596547723
28,offset_c0.5_from0.2,7,ompl_uniform,20541829,True,True,,1,0.09361631702631712,0.013381439,0.09361631702631712,0.09523055702447891
28,offset_c0.5_from0.2,7,cartesian_ik,20541829,True,True,,1,0.1549254059791565,0.031363784,0.1549254059791565,0.1761607009684667
28,offset_c0.5_from0.2,7,joint_projected,20541829,True,True,,1,0.05649967899080366,0.029651857,0.05649967899080366,0.07716606697067618
28,offset_c0.5_from0.2,8,ompl_uniform,20541930,True,True,,1,0.12646160600706935,0.011463154,0.12646160600706935,0.12782048399094492
28,offset_c0.5_from0.2,8,cartesian_ik,20541930,True,True,,1,0.23384424205869436,0.110321995,0.23384424205869436,0.2543531198753044
28,offset_c0.5_from0.2,8,joint_projected,20541930,True,True,,1,0.07395168906077743,0.019152525,0.07395168906077743,0.09448588290251791
28,offset_c0.5_from0.2,9,joint_projected,20542031,True,True,,1,0.13331519800703973,0.017247825,0.13331519800703973,0.15452210989315063
28,offset_c0.5_from0.2,9,cartesian_ik,20542031,True,True,,1,0.1503895049681887,0.03042422,0.1503895049681887,0.17111441597808152
28,offset_c0.5_from0.2,9,ompl_uniform,20542031,True,True,,1,0.08731081406585872,0.010403969,0.08731081406585872,0.08899234689306468
0,central_c0.5_from0.2,0,ompl_uniform,20260926,True,True,,1,0.18035303300712258,0.013403286,0.18035303300712258,0.1814800560241565
0,central_c0.5_from0.2,0,cartesian_ik,20260926,True,True,,1,0.027760745957493782,0.007458064,0.027760745957493782,0.1563760240096599
0,central_c0.5_from0.2,0,joint_projected,20260926,True,True,,1,0.07815367204602808,0.015520739,0.07815367204602808,0.20689884200692177
0,central_c0.5_from0.2,1,joint_projected,20261027,True,True,,1,0.15573700598906726,0.026618642,0.15573700598906726,0.28457847295794636
0,central_c0.5_from0.2,1,cartesian_ik,20261027,True,True,,1,0.1593461560551077,0.033127269,0.1593461560551077,0.28867472300771624
0,central_c0.5_from0.2,1,ompl_uniform,20261027,True,True,,1,0.18190716998651624,0.014014473,0.18190716998651624,0.1837087390013039
0,central_c0.5_from0.2,2,cartesian_ik,20261128,True,True,,1,0.14341373299248517,0.024385095,0.14341373299248517,0.27303461800329387
0,central_c0.5_from0.2,2,ompl_uniform,20261128,True,True,,1,0.1444617819506675,0.021934557,0.1444617819506675,0.14603119797538966
0,central_c0.5_from0.2,2,joint_projected,20261128,True,True,,1,0.09446348808705807,0.025622928,0.09446348808705807,0.2239634869620204
0,central_c0.5_from0.2,3,cartesian_ik,20261229,True,True,,1,0.1765324219595641,0.039407091,0.1765324219595641,0.30535248201340437
0,central_c0.5_from0.2,3,ompl_uniform,20261229,True,True,,1,0.09661901905201375,0.007890004,0.09661901905201375,0.09825768694281578
0,central_c0.5_from0.2,3,joint_projected,20261229,True,True,,1,0.2257754079764709,0.038061992,0.2257754079764709,0.35519321204628795
0,central_c0.5_from0.2,4,cartesian_ik,20261330,True,True,,1,0.1213039580034092,0.05751427,0.1213039580034092,0.2501591899199411
0,central_c0.5_from0.2,4,joint_projected,20261330,True,True,,1,0.1393163310131058,0.027453029,0.1393163310131058,0.2687182140070945
0,central_c0.5_from0.2,4,ompl_uniform,20261330,True,True,,1,0.11284798104315996,0.0111665,0.11284798104315996,0.11463631200604141
0,central_c0.5_from0.2,5,ompl_uniform,20261431,True,True,,1,0.16745912900660187,0.014473067,0.16745912900660187,0.1691467920318246
0,central_c0.5_from0.2,5,cartesian_ik,20261431,True,True,,1,0.06469050201121718,0.036098133,0.06469050201121718,0.1940817809663713
0,central_c0.5_from0.2,5,joint_projected,20261431,True,True,,1,0.08813546493183821,0.021160217,0.08813546493183821,0.2174150738865137
0,central_c0.5_from0.2,6,ompl_uniform,20261532,True,True,,1,0.12081549398135394,0.0110172,0.12081549398135394,0.12259465095121413
0,central_c0.5_from0.2,6,cartesian_ik,20261532,True,True,,1,0.2191584639949724,0.033172845,0.2191584639949724,0.348425394971855
0,central_c0.5_from0.2,6,joint_projected,20261532,True,True,,1,0.2530106349149719,0.032071663,0.2530106349149719,0.3819714719429612
0,central_c0.5_from0.2,7,ompl_uniform,20261633,True,True,,1,0.1874711400596425,0.010699402,0.1874711400596425,0.1891272000502795
0,central_c0.5_from0.2,7,joint_projected,20261633,True,True,,1,0.10530903900507838,0.026940755,0.10530903900507838,0.23433352599386126
0,central_c0.5_from0.2,7,cartesian_ik,20261633,True,True,,1,0.07030760706402361,0.01320237,0.07030760706402361,0.1993786689126864
0,central_c0.5_from0.2,8,joint_projected,20261734,True,True,,1,0.029737163917161524,0.012688952,0.029737163917161524,0.158823475940153
0,central_c0.5_from0.2,8,cartesian_ik,20261734,True,True,,1,0.09945611108560115,0.016801226,0.09945611108560115,0.22806766792200506
0,central_c0.5_from0.2,8,ompl_uniform,20261734,True,True,,1,0.12133845000062138,0.008469127,0.12133845000062138,0.12290204595774412
0,central_c0.5_from0.2,9,joint_projected,20261835,True,True,,1,0.1721786049893126,0.031785768,0.1721786049893126,0.3014932320220396
0,central_c0.5_from0.2,9,ompl_uniform,20261835,True,True,,1,0.10155859403312206,0.020371962,0.10155859403312206,0.10326069791335613
0,central_c0.5_from0.2,9,cartesian_ik,20261835,True,True,,1,0.037962847971357405,0.018513615,0.037962847971357405,0.16713674494531006
24,offset_c0.5_from0.2,0,cartesian_ik,20501094,True,True,,1,0.145815511001274,0.019067045,0.145815511001274,0.16579446801915765
24,offset_c0.5_from0.2,0,ompl_uniform,20501094,True,True,,1,0.16373267001472414,0.03190051,0.16373267001472414,0.16554634703788906
24,offset_c0.5_from0.2,0,joint_projected,20501094,True,True,,1,0.32290313101839274,0.096503722,0.32290313101839274,0.3434442051220685
24,offset_c0.5_from0.2,1,cartesian_ik,20501195,True,True,,1,0.10491345403715968,0.05678994,0.10491345403715968,0.1252432509791106
24,offset_c0.5_from0.2,1,ompl_uniform,20501195,True,True,,1,0.14597501105163246,0.038761684,0.14597501105163246,0.14767739491071552
24,offset_c0.5_from0.2,1,joint_projected,20501195,True,True,,1,0.34983536100480705,0.038996803,0.34983536100480705,0.370992872165516
24,offset_c0.5_from0.2,2,ompl_uniform,20501296,True,True,,1,0.26334039599169046,0.019404512,0.26334039599169046,0.2654464850202203
24,offset_c0.5_from0.2,2,cartesian_ik,20501296,True,True,,1,0.20398772996850312,0.052820747,0.20398772996850312,0.22447664302308112
24,offset_c0.5_from0.2,2,joint_projected,20501296,True,True,,1,0.14412517205346376,0.020644764,0.14412517205346376,0.1644042331026867
24,offset_c0.5_from0.2,3,joint_projected,20501397,True,True,,1,0.1296373619697988,0.024070612,0.1296373619697988,0.1500654520932585
24,offset_c0.5_from0.2,3,ompl_uniform,20501397,True,True,,1,0.22897247597575188,0.035226219,0.22897247597575188,0.23092348605860025
24,offset_c0.5_from0.2,3,cartesian_ik,20501397,True,True,,1,0.20434252102859318,0.088666239,0.20434252102859318,0.22516351996455342
24,offset_c0.5_from0.2,4,cartesian_ik,20501498,True,True,,1,0.11590391700156033,0.019776313,0.11590391700156033,0.13648604205809534
24,offset_c0.5_from0.2,4,ompl_uniform,20501498,True,True,,1,0.25449901598040015,0.035993028,0.25449901598040015,0.256357686012052
24,offset_c0.5_from0.2,4,joint_projected,20501498,True,True,,1,0.18128720205277205,0.036572488,0.18128720205277205,0.20239649701397866
24,offset_c0.5_from0.2,5,joint_projected,20501599,True,True,,1,0.12235803192015737,0.026968582,0.12235803192015737,0.14271496806759387
24,offset_c0.5_from0.2,5,ompl_uniform,20501599,True,True,,1,0.18381841003429145,0.030669577,0.18381841003429145,0.1851921429624781
24,offset_c0.5_from0.2,5,cartesian_ik,20501599,True,True,,1,0.18937946402002126,0.065666265,0.18937946402002126,0.20963458705227822
24,offset_c0.5_from0.2,6,cartesian_ik,20501700,True,True,,1,0.23914859304204583,0.052043442,0.23914859304204583,0.26091878407169133
24,offset_c0.5_from0.2,6,joint_projected,20501700,True,True,,1,0.18709135800600052,0.035022031,0.18709135800600052,0.20789723400957882
24,offset_c0.5_from0.2,6,ompl_uniform,20501700,True,True,,1,0.20542200398631394,0.031454556,0.20542200398631394,0.20709247107151896
24,offset_c0.5_from0.2,7,ompl_uniform,20501801,True,True,,1,0.10138634906616062,0.005579916,0.10138634906616062,0.10319775994867086
24,offset_c0.5_from0.2,7,joint_projected,20501801,True,True,,1,0.2030261430190876,0.029838969,0.2030261430190876,0.2238876880146563
24,offset_c0.5_from0.2,7,cartesian_ik,20501801,True,True,,1,0.14126501698046923,0.022090658,0.14126501698046923,0.1621076080482453
24,offset_c0.5_from0.2,8,cartesian_ik,20501902,True,True,,1,0.03248346399050206,0.014752698,0.03248346399050206,0.05301039305049926
24,offset_c0.5_from0.2,8,joint_projected,20501902,True,True,,1,0.1414070719620213,0.01629459,0.1414070719620213,0.16148212214466184
24,offset_c0.5_from0.2,8,ompl_uniform,20501902,True,True,,1,0.183429065044038,0.016290017,0.183429065044038,0.18492899101693183
24,offset_c0.5_from0.2,9,joint_projected,20502003,True,True,,1,0.16517205710988492,0.033836593,0.16517205710988492,0.1859323070384562
24,offset_c0.5_from0.2,9,ompl_uniform,20502003,True,True,,1,0.117085205973126,0.030018336,0.117085205973126,0.11883537494577467
24,offset_c0.5_from0.2,9,cartesian_ik,20502003,True,True,,1,0.21949689090251923,0.041951772,0.21949689090251923,0.24067457404453307
11,central_c0.7_from0.8,0,cartesian_ik,20371003,True,True,,1,0.13954786700196564,0.010228313,0.13954786700196564,0.1600304269231856
11,central_c0.7_from0.8,0,joint_projected,20371003,True,True,,1,0.17977534199599177,0.029692071,0.17977534199599177,0.20049260591622442
11,central_c0.7_from0.8,0,ompl_uniform,20371003,True,True,,1,0.1287593700690195,0.029820079,0.1287593700690195,0.13025101996026933
11,central_c0.7_from0.8,1,joint_projected,20371104,True,True,,1,0.2324787100078538,0.040004933,0.2324787100078538,0.2541880270000547
11,central_c0.7_from0.8,1,ompl_uniform,20371104,True,True,,1,0.18626708909869194,0.012426008,0.18626708909869194,0.1880767730763182
11,central_c0.7_from0.8,1,cartesian_ik,20371104,True,True,,1,0.2058112679515034,0.027525183,0.2058112679515034,0.22697391593828797
11,central_c0.7_from0.8,2,ompl_uniform,20371205,True,True,,1,0.15041125006973743,0.00875904,0.15041125006973743,0.15209881600458175
11,central_c0.7_from0.8,2,joint_projected,20371205,True,True,,1,0.0992314430186525,0.015891666,0.0992314430186525,0.12059396097902209
11,central_c0.7_from0.8,2,cartesian_ik,20371205,True,True,,1,0.15056923602242023,0.016662016,0.15056923602242023,0.1722767069004476
11,central_c0.7_from0.8,3,ompl_uniform,20371306,True,True,,1,0.113436718005687,0.011883282,0.113436718005687,0.11491753999143839
11,central_c0.7_from0.8,3,joint_projected,20371306,True,True,,1,0.032423414988443255,0.020928531,0.032423414988443255,0.05353175103664398
11,central_c0.7_from0.8,3,cartesian_ik,20371306,True,True,,1,0.10753883607685566,0.026532306,0.10753883607685566,0.12879887490998954
11,central_c0.7_from0.8,4,cartesian_ik,20371407,True,True,,1,0.08550834201741964,0.027643805,0.08550834201741964,0.10725690901745111
11,central_c0.7_from0.8,4,joint_projected,20371407,True,True,,1,0.06534921296406537,0.017931618,0.06534921296406537,0.0867204109672457
11,central_c0.7_from0.8,4,ompl_uniform,20371407,True,True,,1,0.10144964593928307,0.013353945,0.10144964593928307,0.10314989101607352
11,central_c0.7_from0.8,5,ompl_uniform,20371508,True,True,,1,0.10210187698248774,0.011000253,0.10210187698248774,0.10380255500786006
11,central_c0.7_from0.8,5,cartesian_ik,20371508,True,True,,1,0.05182599800173193,0.007057373,0.05182599800173193,0.07278509088791907
11,central_c0.7_from0.8,5,joint_projected,20371508,True,True,,1,0.166204032022506,0.024288428,0.166204032022506,0.18718248093500733
11,central_c0.7_from0.8,6,cartesian_ik,20371609,True,True,,1,0.14047513797413558,0.033985149,0.14047513797413558,0.16165945795364678
11,central_c0.7_from0.8,6,joint_projected,20371609,True,True,,1,0.13714629400055856,0.021398674,0.13714629400055856,0.15784711495507509
11,central_c0.7_from0.8,6,ompl_uniform,20371609,True,True,,1,0.13378829997964203,0.014443693,0.13378829997964203,0.1355412700213492
11,central_c0.7_from0.8,7,ompl_uniform,20371710,True,True,,1,0.14486053306609392,0.017352735,0.14486053306609392,0.1468872349942103
11,central_c0.7_from0.8,7,joint_projected,20371710,True,True,,1,0.12087281700223684,0.026695492,0.12087281700223684,0.14174786093644798
11,central_c0.7_from0.8,7,cartesian_ik,20371710,True,True,,1,0.03672768804244697,0.013214947,0.03672768804244697,0.05741602287162095
11,central_c0.7_from0.8,8,ompl_uniform,20371811,True,True,,1,0.15390678099356592,0.017647268,0.15390678099356592,0.15587480599060655
11,central_c0.7_from0.8,8,joint_projected,20371811,True,True,,1,0.1985417699906975,0.02812759,0.1985417699906975,0.21895382704678923
11,central_c0.7_from0.8,8,cartesian_ik,20371811,True,True,,1,0.11287977697793394,0.009261378,0.11287977697793394,0.13404404593165964
11,central_c0.7_from0.8,9,joint_projected,20371912,True,True,,1,0.08712995005771518,0.020670418,0.08712995005771518,0.1072528229560703
11,central_c0.7_from0.8,9,ompl_uniform,20371912,True,True,,1,0.08891793398652226,0.010540343,0.08891793398652226,0.0899494590703398
11,central_c0.7_from0.8,9,cartesian_ik,20371912,True,True,,1,0.14894431899301708,0.022349193,0.14894431899301708,0.1697910128859803
37,offset_c0.7_from0.8,0,ompl_uniform,20631185,True,True,,1,0.13235032209195197,0.021805324,0.13235032209195197,0.13399432506412268
37,offset_c0.7_from0.8,0,joint_projected,20631185,True,True,,1,0.20861225202679634,0.127609868,0.20861225202679634,0.22988764406181872
37,offset_c0.7_from0.8,0,cartesian_ik,20631185,True,True,,1,0.27568765194155276,0.082276685,0.27568765194155276,0.29689103295095265
37,offset_c0.7_from0.8,1,ompl_uniform,20631286,True,True,,1,0.1831202950561419,0.016681173,0.1831202950561419,0.18492380995303392
37,offset_c0.7_from0.8,1,joint_projected,20631286,True,True,,1,0.2237818450666964,0.109117207,0.2237818450666964,0.24471496301703155
37,offset_c0.7_from0.8,1,cartesian_ik,20631286,True,True,,1,0.2193878770340234,0.033784594,0.2193878770340234,0.24068427993915975
37,offset_c0.7_from0.8,2,ompl_uniform,20631387,True,True,,1,0.09834170492831618,0.019157768,0.09834170492831618,0.10002056299708784
37,offset_c0.7_from0.8,2,cartesian_ik,20631387,True,True,,1,0.1119441109476611,0.011222879,0.1119441109476611,0.13310217601247132
37,offset_c0.7_from0.8,2,joint_projected,20631387,True,True,,1,0.3679641729686409,0.113054216,0.3679641729686409,0.3892209369223565
37,offset_c0.7_from0.8,3,cartesian_ik,20631488,True,True,,1,0.11707417701836675,0.031565143,0.11707417701836675,0.13766424194909632
37,offset_c0.7_from0.8,3,joint_projected,20631488,True,True,,1,0.2318676400464028,0.101734548,0.2318676400464028,0.25279926997609437
37,offset_c0.7_from0.8,3,ompl_uniform,20631488,True,True,,1,0.1425181720405817,0.012837811,0.1425181720405817,0.1447319840081036
37,offset_c0.7_from0.8,4,cartesian_ik,20631589,True,True,,1,0.06561553303617984,0.027901116,0.06561553303617984,0.08645208005327731
37,offset_c0.7_from0.8,4,joint_projected,20631589,True,True,,1,0.2989561869762838,0.117414859,0.2989561869762838,0.31953188695479184
37,offset_c0.7_from0.8,4,ompl_uniform,20631589,True,True,,1,0.12721268995665014,0.018769003,0.12721268995665014,0.12871524202637374
37,offset_c0.7_from0.8,5,ompl_uniform,20631690,True,True,,1,0.10901511495467275,0.00923748,0.10901511495467275,0.11039467400405556
37,offset_c0.7_from0.8,5,joint_projected,20631690,True,True,,1,0.222771727014333,0.105589401,0.222771727014333,0.24326055007986724
37,offset_c0.7_from0.8,5,cartesian_ik,20631690,True,True,,1,0.1425848009530455,0.028676231,0.1425848009530455,0.16341566503979266
37,offset_c0.7_from0.8,6,ompl_uniform,20631791,True,True,,1,0.21336350194178522,0.01456743,0.21336350194178522,0.2151751429773867
37,offset_c0.7_from0.8,6,cartesian_ik,20631791,True,True,,1,0.10948614403605461,0.027355688,0.10948614403605461,0.130192902055569
37,offset_c0.7_from0.8,6,joint_projected,20631791,True,True,,1,0.2264174030860886,0.103808879,0.2264174030860886,0.24718501302413642
37,offset_c0.7_from0.8,7,joint_projected,20631892,True,True,,1,0.24510190007276833,0.104833294,0.24510190007276833,0.2658767160028219
37,offset_c0.7_from0.8,7,cartesian_ik,20631892,True,True,,1,0.19446047593373805,0.052672039,0.19446047593373805,0.21561757707968354
37,offset_c0.7_from0.8,7,ompl_uniform,20631892,True,True,,1,0.16396602394524962,0.029998101,0.16396602394524962,0.16518923302646726
37,offset_c0.7_from0.8,8,cartesian_ik,20631993,True,True,,1,0.18885372998192906,0.045739669,0.18885372998192906,0.21010680694598705
37,offset_c0.7_from0.8,8,joint_projected,20631993,True,True,,1,0.17776577803306282,0.116587665,0.17776577803306282,0.19884031696710736
37,offset_c0.7_from0.8,8,ompl_uniform,20631993,True,True,,1,0.20340794103685766,0.010977514,0.20340794103685766,0.2048528390005231
37,offset_c0.7_from0.8,9,joint_projected,20632094,True,True,,1,0.25118924397975206,0.109109009,0.25118924397975206,0.27232963393907994
37,offset_c0.7_from0.8,9,ompl_uniform,20632094,True,True,,1,0.16346773807890713,0.024955573,0.16346773807890713,0.1650222489843145
37,offset_c0.7_from0.8,9,cartesian_ik,20632094,True,True,,1,0.05685149598866701,0.019104337,0.05685149598866701,0.07807285594753921
31,offset_c0.7_from0.8,0,ompl_uniform,20571143,True,True,,1,0.11012168694287539,0.010669788,0.11012168694287539,0.1112202670192346
31,offset_c0.7_from0.8,0,joint_projected,20571143,True,True,,1,0.12719285895582289,0.015151103,0.12719285895582289,0.1482613051775843
31,offset_c0.7_from0.8,0,cartesian_ik,20571143,True,True,,1,0.2396791969658807,0.04824055,0.2396791969658807,0.2600020040990785
31,offset_c0.7_from0.8,1,ompl_uniform,20571244,True,True,,1,0.1313683509360999,0.021804654,0.1313683509360999,0.1327429380035028
31,offset_c0.7_from0.8,1,joint_projected,20571244,True,True,,1,0.08163059793878347,0.021139028,0.08163059793878347,0.10188015911262482
31,offset_c0.7_from0.8,1,cartesian_ik,20571244,True,True,,1,0.07558251300361007,0.018437322,0.07558251300361007,0.09598881716374308
31,offset_c0.7_from0.8,2,cartesian_ik,20571345,True,True,,1,0.12893532100133598,0.022417947,0.12893532100133598,0.1494198221480474
31,offset_c0.7_from0.8,2,joint_projected,20571345,True,True,,1,0.18288018694147468,0.037317918,0.18288018694147468,0.21400173811707646
31,offset_c0.7_from0.8,2,ompl_uniform,20571345,True,True,,1,0.14951138605829328,0.026638026,0.14951138605829328,0.15050096902996302
31,offset_c0.7_from0.8,3,joint_projected,20571446,True,True,,1,0.0897570219822228,0.01652631,0.0897570219822228,0.1104474071180448
31,offset_c0.7_from0.8,3,cartesian_ik,20571446,True,True,,1,0.11945175495930016,0.032672595,0.11945175495930016,0.13951358920894563
31,offset_c0.7_from0.8,3,ompl_uniform,20571446,True,True,,1,0.1429650760255754,0.013537782,0.1429650760255754,0.14425561798270792
31,offset_c0.7_from0.8,4,cartesian_ik,20571547,True,True,,1,0.0825550640001893,0.026628065,0.0825550640001893,0.10316318809054792
31,offset_c0.7_from0.8,4,ompl_uniform,20571547,True,True,,1,0.1244319659890607,0.011313724,0.1244319659890607,0.12585565901827067
31,offset_c0.7_from0.8,4,joint_projected,20571547,True,True,,1,0.14677224401384592,0.028317007,0.14677224401384592,0.16771140112541616
31,offset_c0.7_from0.8,5,ompl_uniform,20571648,True,True,,1,0.09878725709859282,0.024152584,0.09878725709859282,0.10035886196419597
31,offset_c0.7_from0.8,5,cartesian_ik,20571648,True,True,,1,0.20428228797391057,0.039203482,0.20428228797391057,0.22461087116971612
31,offset_c0.7_from0.8,5,joint_projected,20571648,True,True,,1,0.21623802604153752,0.038083228,0.21623802604153752,0.23668786115013063
31,offset_c0.7_from0.8,6,ompl_uniform,20571749,True,True,,1,0.21853049600031227,0.058519369,0.21853049600031227,0.21991087798960507
31,offset_c0.7_from0.8,6,cartesian_ik,20571749,True,True,,1,0.11649836995638907,0.032070258,0.11649836995638907,0.1374387111281976
31,offset_c0.7_from0.8,6,joint_projected,20571749,True,True,,1,0.12644650996662676,0.029902269,0.12644650996662676,0.14725750812795013
31,offset_c0.7_from0.8,7,joint_projected,20571850,True,True,,1,0.23581598710734397,0.041878913,0.23581598710734397,0.25562350009568036
31,offset_c0.7_from0.8,7,cartesian_ik,20571850,True,True,,1,0.183882339973934,0.084416614,0.183882339973934,0.20456765207927674
31,offset_c0.7_from0.8,7,ompl_uniform,20571850,True,True,,1,0.16347511706408113,0.021075654,0.16347511706408113,0.16516185295768082
31,offset_c0.7_from0.8,8,ompl_uniform,20571951,True,True,,1,0.1386709059588611,0.013374231,0.1386709059588611,0.14050320000387728
31,offset_c0.7_from0.8,8,joint_projected,20571951,True,True,,1,0.1525097700068727,0.03547368,0.1525097700068727,0.17292272311169654
31,offset_c0.7_from0.8,8,cartesian_ik,20571951,True,True,,1,0.049669392057694495,0.01140158,0.049669392057694495,0.06984898808877915
31,offset_c0.7_from0.8,9,cartesian_ik,20572052,True,True,,1,0.1478546690195799,0.026872841,0.1478546690195799,0.1688676771009341
31,offset_c0.7_from0.8,9,joint_projected,20572052,True,True,,1,0.09539965400472283,0.03508426,0.09539965400472283,0.11584079707972705
31,offset_c0.7_from0.8,9,ompl_uniform,20572052,True,True,,1,0.18806351092644036,0.009857565,0.18806351092644036,0.18979403201956302
53,distant_c0.7_from0.8,0,joint_projected,20791297,True,True,,1,0.13761628896463662,0.023866288,0.13761628896463662,0.15725399798247963
53,distant_c0.7_from0.8,0,cartesian_ik,20791297,True,True,,1,0.1263959649950266,0.023946769,0.1263959649950266,0.14619777991902083
53,distant_c0.7_from0.8,0,ompl_uniform,20791297,True,True,,1,0.13623175700195134,0.011468141,0.13623175700195134,0.1376649240264669
53,distant_c0.7_from0.8,1,ompl_uniform,20791398,True,True,,1,0.23300782300066203,0.010575187,0.23300782300066203,0.23445270501542836
53,distant_c0.7_from0.8,1,cartesian_ik,20791398,True,True,,1,0.09413509594742209,0.009518197,0.09413509594742209,0.1147203779546544
53,distant_c0.7_from0.8,1,joint_projected,20791398,True,True,,1,0.09407252096571028,0.012268576,0.09407252096571028,0.11412141902837902
53,distant_c0.7_from0.8,2,cartesian_ik,20791499,True,True,,1,0.16080035001505166,0.012111718,0.16080035001505166,0.18092618987429887
53,distant_c0.7_from0.8,2,ompl_uniform,20791499,True,True,,1,0.13283010094892234,0.010370917,0.13283010094892234,0.13438469800166786
53,distant_c0.7_from0.8,2,joint_projected,20791499,True,True,,1,0.11152339598629624,0.018884369,0.11152339598629624,0.13156859099399298
53,distant_c0.7_from0.8,3,joint_projected,20791600,True,True,,1,0.07715428993105888,0.025798857,0.07715428993105888,0.09697144594974816
53,distant_c0.7_from0.8,3,cartesian_ik,20791600,True,True,,1,0.1897780440049246,0.024772925,0.1897780440049246,0.2096694599604234
53,distant_c0.7_from0.8,3,ompl_uniform,20791600,True,True,,1,0.12845368403941393,0.00484345,0.12845368403941393,0.1298527360195294
53,distant_c0.7_from0.8,4,ompl_uniform,20791701,True,True,,1,0.1440143509535119,0.010733676,0.1440143509535119,0.14588916907086968
53,distant_c0.7_from0.8,4,cartesian_ik,20791701,True,True,,1,0.08860928402282298,0.010720868,0.08860928402282298,0.10865221498534083
53,distant_c0.7_from0.8,4,joint_projected,20791701,True,True,,1,0.043173047015443444,0.023072379,0.043173047015443444,0.06369276705663651
53,distant_c0.7_from0.8,5,joint_projected,20791802,True,True,,1,0.11512945697177202,0.012019171,0.11512945697177202,0.13492692599538714
53,distant_c0.7_from0.8,5,cartesian_ik,20791802,True,True,,1,0.07852086098864675,0.010867251,0.07852086098864675,0.09857404103968292
53,distant_c0.7_from0.8,5,ompl_uniform,20791802,True,True,,1,0.2079270330723375,0.029504646,0.2079270330723375,0.20921659003943205
53,distant_c0.7_from0.8,6,cartesian_ik,20791903,True,True,,1,0.04945510905236006,0.019832841,0.04945510905236006,0.06993264600168914
53,distant_c0.7_from0.8,6,joint_projected,20791903,True,True,,1,0.106981999007985,0.03726433,0.106981999007985,0.12681335303932428
53,distant_c0.7_from0.8,6,ompl_uniform,20791903,True,True,,1,0.132964328979142,0.013276611,0.132964328979142,0.13419534196145833
53,distant_c0.7_from0.8,7,cartesian_ik,20792004,True,True,,1,0.12018256902229041,0.01204943,0.12018256902229041,0.14032078196760267
53,distant_c0.7_from0.8,7,joint_projected,20792004,True,True,,1,0.046373334946110845,0.016298224,0.046373334946110845,0.06657979602459818
53,distant_c0.7_from0.8,7,ompl_uniform,20792004,True,True,,1,0.13014771696180105,0.011815638,0.13014771696180105,0.1317057010019198
53,distant_c0.7_from0.8,8,ompl_uniform,20792105,True,True,,1,0.16522303805686533,0.019230861,0.16522303805686533,0.16654963500332087
53,distant_c0.7_from0.8,8,joint_projected,20792105,True,True,,1,0.14416220400016755,0.040939385,0.14416220400016755,0.16440291295293719
53,distant_c0.7_from0.8,8,cartesian_ik,20792105,True,True,,1,0.05009302101098001,0.006903799,0.05009302101098001,0.07060545205604285
53,distant_c0.7_from0.8,9,cartesian_ik,20792206,True,True,,1,0.05680477595888078,0.009100928,0.05680477595888078,0.07627223792951554
53,distant_c0.7_from0.8,9,ompl_uniform,20792206,True,True,,1,0.10435988707467914,0.008415458,0.10435988707467914,0.10590433399192989
53,distant_c0.7_from0.8,9,joint_projected,20792206,True,True,,1,0.06476085295435041,0.012563294,0.06476085295435041,0.08546682691667229
16,central_c0.7_from0.8,0,joint_projected,20421038,True,True,,1,0.1346588929882273,0.027829953,0.1346588929882273,0.15911626897286624
16,central_c0.7_from0.8,0,ompl_uniform,20421038,True,True,,1,0.11617658496834338,0.01966142,0.11617658496834338,0.11785309889819473
16,central_c0.7_from0.8,0,cartesian_ik,20421038,True,True,,1,0.27988673804793507,0.040954669,0.27988673804793507,0.3046617490472272
16,central_c0.7_from0.8,1,cartesian_ik,20421139,True,True,,1,0.06276955700013787,0.031545329,0.06276955700013787,0.08787454396951944
16,central_c0.7_from0.8,1,joint_projected,20421139,True,True,,1,0.2790335710160434,0.027414963,0.2790335710160434,0.30433985707350075
16,central_c0.7_from0.8,1,ompl_uniform,20421139,True,True,,1,0.23475970490835607,0.024669974,0.23475970490835607,0.23612141201738268
16,central_c0.7_from0.8,2,cartesian_ik,20421240,True,True,,1,0.13221203302964568,0.017368797,0.13221203302964568,0.1568119809962809
16,central_c0.7_from0.8,2,ompl_uniform,20421240,True,True,,1,0.12610252504236996,0.009858132,0.12610252504236996,0.12784295703750104
16,central_c0.7_from0.8,2,joint_projected,20421240,True,True,,1,0.16486648004502058,0.017071715,0.16486648004502058,0.18974915007129312
16,central_c0.7_from0.8,3,ompl_uniform,20421341,True,True,,1,0.17976117599755526,0.010960563,0.17976117599755526,0.18100298009812832
16,central_c0.7_from0.8,3,cartesian_ik,20421341,True,True,,1,0.1352077010087669,0.011286659,0.1352077010087669,0.16007544402964413
16,central_c0.7_from0.8,3,joint_projected,20421341,True,True,,1,0.16905226197559386,0.016226377,0.16905226197559386,0.19411649403627962
16,central_c0.7_from0.8,4,ompl_uniform,20421442,True,True,,1,0.154553359025158,0.019406715,0.154553359025158,0.1561510319588706
16,central_c0.7_from0.8,4,joint_projected,20421442,True,True,,1,0.1397394669475034,0.026890575,0.1397394669475034,0.1649242730345577
16,central_c0.7_from0.8,4,cartesian_ik,20421442,True,True,,1,0.14656526397448033,0.035374502,0.14656526397448033,0.1711751560214907
16,central_c0.7_from0.8,5,ompl_uniform,20421543,True,True,,1,0.17663118394557387,0.013251656,0.17663118394557387,0.1781880269991234
16,central_c0.7_from0.8,5,joint_projected,20421543,True,True,,1,0.10465523204766214,0.040811401,0.10465523204766214,0.12941665097605437
16,central_c0.7_from0.8,5,cartesian_ik,20421543,True,True,,1,0.10924631298985332,0.051884963,0.10924631298985332,0.13383756508119404
16,central_c0.7_from0.8,6,ompl_uniform,20421644,True,True,,1,0.12989733507856727,0.027291912,0.12989733507856727,0.13123723398894072
16,central_c0.7_from0.8,6,cartesian_ik,20421644,True,True,,1,0.06859832303598523,0.031652373,0.06859832303598523,0.09386860195081681
16,central_c0.7_from0.8,6,joint_projected,20421644,True,True,,1,0.11625574890058488,0.028412991,0.11625574890058488,0.14157792297191918
16,central_c0.7_from0.8,7,cartesian_ik,20421745,False,True,path_audit,1,0.3808207910042256,0.064056246,6.0,0.40574872004799545
16,central_c0.7_from0.8,7,ompl_uniform,20421745,True,True,,1,0.10987407702486962,0.008068563,0.10987407702486962,0.11132181703578681
16,central_c0.7_from0.8,7,joint_projected,20421745,True,True,,1,0.08172342798206955,0.033497467,0.08172342798206955,0.10633850796148181
16,central_c0.7_from0.8,8,joint_projected,20421846,True,True,,1,0.12709390290547162,0.018347241,0.12709390290547162,0.15181378403212875
16,central_c0.7_from0.8,8,ompl_uniform,20421846,True,True,,1,0.18214464094489813,0.01089109,0.18214464094489813,0.183688402059488
16,central_c0.7_from0.8,8,cartesian_ik,20421846,True,True,,1,0.15413167898077518,0.033426988,0.15413167898077518,0.17844411300029606
16,central_c0.7_from0.8,9,cartesian_ik,20421947,True,True,,1,0.18917940801475197,0.025361289,0.18917940801475197,0.2143551369663328
16,central_c0.7_from0.8,9,joint_projected,20421947,True,True,,1,0.16373372601810843,0.021873245,0.16373372601810843,0.18870599602814764
16,central_c0.7_from0.8,9,ompl_uniform,20421947,True,True,,1,0.13133855001069605,0.00955383,0.13133855001069605,0.1330685269786045
48,distant_c0.5_from0.2,0,cartesian_ik,20741262,True,True,,1,0.12648510897997767,0.018248228,0.12648510897997767,0.14633999194484204
48,distant_c0.5_from0.2,0,joint_projected,20741262,True,True,,1,0.11314668005798012,0.032925297,0.11314668005798012,0.13326121401041746
48,distant_c0.5_from0.2,0,ompl_uniform,20741262,True,True,,1,0.1730225820792839,0.021404824,0.1730225820792839,0.174687449936755
48,distant_c0.5_from0.2,1,joint_projected,20741363,True,True,,1,0.06133400299586356,0.030868784,0.06133400299586356,0.08168063091579825
48,distant_c0.5_from0.2,1,cartesian_ik,20741363,True,True,,1,0.05793648399412632,0.020405845,0.05793648399412632,0.07821244397200644
48,distant_c0.5_from0.2,1,ompl_uniform,20741363,True,True,,1,0.10884941404219717,0.005719132,0.10884941404219717,0.11012977501377463
48,distant_c0.5_from0.2,2,ompl_uniform,20741464,True,True,,1,0.20300029998179525,0.021948039,0.20300029998179525,0.20469698996748775
48,distant_c0.5_from0.2,2,cartesian_ik,20741464,True,True,,1,0.16736001893877983,0.01418095,0.16736001893877983,0.18782208999618888
48,distant_c0.5_from0.2,2,joint_projected,20741464,True,True,,1,0.08640964992810041,0.025002989,0.08640964992810041,0.10643979697488248
48,distant_c0.5_from0.2,3,ompl_uniform,20741565,True,True,,1,0.11054910998791456,0.013945942,0.11054910998791456,0.11191699304617941
48,distant_c0.5_from0.2,3,joint_projected,20741565,True,True,,1,0.08182331500574946,0.033255451,0.08182331500574946,0.10196821298450232
48,distant_c0.5_from0.2,3,cartesian_ik,20741565,True,True,,1,0.07455245696473867,0.031013668,0.07455245696473867,0.09461098699830472
48,distant_c0.5_from0.2,4,cartesian_ik,20741666,True,True,,1,0.06656148994807154,0.017736535,0.06656148994807154,0.08690988796297461
48,distant_c0.5_from0.2,4,joint_projected,20741666,True,True,,1,0.09071860392577946,0.022740554,0.09071860392577946,0.11061858898028731
48,distant_c0.5_from0.2,4,ompl_uniform,20741666,True,True,,1,0.14082349906675518,0.019552606,0.14082349906675518,0.14211073203478009
48,distant_c0.5_from0.2,5,ompl_uniform,20741767,True,True,,1,0.137814947986044,0.02007984,0.137814947986044,0.13939391903113574
48,distant_c0.5_from0.2,5,cartesian_ik,20741767,True,True,,1,0.09828328900039196,0.030464715,0.09828328900039196,0.11879037192557007
48,distant_c0.5_from0.2,5,joint_projected,20741767,True,True,,1,0.18160060211084783,0.041855397,0.18160060211084783,0.2017608069581911
48,distant_c0.5_from0.2,6,ompl_uniform,20741868,True,True,,1,0.09784093999769539,0.023021772,0.09784093999769539,0.09939884394407272
48,distant_c0.5_from0.2,6,joint_projected,20741868,True,True,,1,0.13556616089772433,0.034738818,0.13556616089772433,0.1557991469744593
48,distant_c0.5_from0.2,6,cartesian_ik,20741868,True,True,,1,0.17426749400328845,0.012846836,0.17426749400328845,0.194664343027398
48,distant_c0.5_from0.2,7,ompl_uniform,20741969,True,True,,1,0.1099187780637294,0.021682637,0.1099187780637294,0.11129201401490718
48,distant_c0.5_from0.2,7,cartesian_ik,20741969,True,True,,1,0.1745075499638915,0.023889721,0.1745075499638915,0.1951997729483992
48,distant_c0.5_from0.2,7,joint_projected,20741969,True,True,,1,0.07084767299238592,0.030472177,0.07084767299238592,0.09103149396833032
48,distant_c0.5_from0.2,8,ompl_uniform,20742070,True,True,,1,0.08088450890500098,0.00667182,0.08088450890500098,0.08235893689561635
48,distant_c0.5_from0.2,8,cartesian_ik,20742070,True,True,,1,0.0487418599659577,0.012477069,0.0487418599659577,0.06902303197421134
48,distant_c0.5_from0.2,8,joint_projected,20742070,True,True,,1,0.09020909504033625,0.017994382,0.09020909504033625,0.11038993392139673
48,distant_c0.5_from0.2,9,cartesian_ik,20742171,True,True,,1,0.0694163590669632,0.009617151,0.0694163590669632,0.08976148907095194
48,distant_c0.5_from0.2,9,ompl_uniform,20742171,True,True,,1,0.15414530900307,0.015985126,0.15414530900307,0.15559168497566134
48,distant_c0.5_from0.2,9,joint_projected,20742171,True,True,,1,0.09087340394034982,0.022332747,0.09087340394034982,0.11137134896125644
49,distant_c0.5_from0.2,0,ompl_uniform,20751269,True,True,,1,0.1707030989928171,0.026900695,0.1707030989928171,0.1722710820613429
49,distant_c0.5_from0.2,0,cartesian_ik,20751269,True,True,,1,0.09027648298069835,0.037500327,0.09027648298069835,0.11160106200259179
49,distant_c0.5_from0.2,0,joint_projected,20751269,True,True,,1,0.12216055695898831,0.020747367,0.12216055695898831,0.14306852407753468
49,distant_c0.5_from0.2,1,joint_projected,20751370,True,True,,1,0.13839124899823219,0.038145577,0.13839124899823219,0.1593903109896928
49,distant_c0.5_from0.2,1,cartesian_ik,20751370,True,True,,1,0.125393409980461,0.026323853,0.125393409980461,0.1466712140245363
49,distant_c0.5_from0.2,1,ompl_uniform,20751370,True,True,,1,0.19208095502108335,0.013693576,0.19208095502108335,0.19392145099118352
49,distant_c0.5_from0.2,2,ompl_uniform,20751471,True,True,,1,0.17888008698355407,0.033395628,0.17888008698355407,0.18083865894004703
49,distant_c0.5_from0.2,2,joint_projected,20751471,True,True,,1,0.1056215810822323,0.017142032,0.1056215810822323,0.12655698310118169
49,distant_c0.5_from0.2,2,cartesian_ik,20751471,True,True,,1,0.1518414180027321,0.013930196,0.1518414180027321,0.1727544900495559
49,distant_c0.5_from0.2,3,ompl_uniform,20751572,True,True,,1,0.25198409403674304,0.008297846,0.25198409403674304,0.2537475200369954
49,distant_c0.5_from0.2,3,cartesian_ik,20751572,True,True,,1,0.10135701799299568,0.022292613,0.10135701799299568,0.12241899804212153
49,distant_c0.5_from0.2,3,joint_projected,20751572,True,True,,1,0.022537993034347892,0.013701564,0.022537993034347892,0.04295573697891086
49,distant_c0.5_from0.2,4,joint_projected,20751673,True,True,,1,0.12682250898797065,0.023466948,0.12682250898797065,0.14833868900313973
49,distant_c0.5_from0.2,4,cartesian_ik,20751673,True,True,,1,0.12185695592779666,0.020452735,0.12185695592779666,0.14257455803453922
49,distant_c0.5_from0.2,4,ompl_uniform,20751673,True,True,,1,0.13698188890703022,0.010902335,0.13698188890703022,0.138323409948498
49,distant_c0.5_from0.2,5,ompl_uniform,20751774,True,True,,1,0.1337257199920714,0.01329282,0.1337257199920714,0.13497333996929228
49,distant_c0.5_from0.2,5,cartesian_ik,20751774,True,True,,1,0.10446280101314187,0.021411925,0.10446280101314187,0.12526928505394608
49,distant_c0.5_from0.2,5,joint_projected,20751774,True,True,,1,0.0926989740692079,0.02714747,0.0926989740692079,0.11309266602620482
49,distant_c0.5_from0.2,6,joint_projected,20751875,True,True,,1,0.04179378494154662,0.025848002,0.04179378494154662,0.06235387292690575
49,distant_c0.5_from0.2,6,cartesian_ik,20751875,True,True,,1,0.0889574660686776,0.00805635,0.0889574660686776,0.10972230997867882
49,distant_c0.5_from0.2,6,ompl_uniform,20751875,True,True,,1,0.12290374294389039,0.021813645,0.12290374294389039,0.12464979896321893
49,distant_c0.5_from0.2,7,ompl_uniform,20751976,True,True,,1,0.16951995098497719,0.01128627,0.16951995098497719,0.1713183019310236
49,distant_c0.5_from0.2,7,joint_projected,20751976,True,True,,1,0.03217911999672651,0.020669646,0.03217911999672651,0.052500742953270674
49,distant_c0.5_from0.2,7,cartesian_ik,20751976,True,True,,1,0.1314597639720887,0.04425536,0.1314597639720887,0.15181506902445108
49,distant_c0.5_from0.2,8,ompl_uniform,20752077,True,True,,1,0.2029112180462107,0.011570342,0.2029112180462107,0.2042957090307027
49,distant_c0.5_from0.2,8,joint_projected,20752077,True,True,,1,0.0837580650113523,0.016458438,0.0837580650113523,0.10450845502782613
49,distant_c0.5_from0.2,8,cartesian_ik,20752077,True,True,,1,0.08314478897955269,0.021876773,0.08314478897955269,0.10429084801580757
49,distant_c0.5_from0.2,9,joint_projected,20752178,True,True,,1,0.07019871298689395,0.020821459,0.07019871298689395,0.09053215302992612
49,distant_c0.5_from0.2,9,ompl_uniform,20752178,True,True,,1,0.1793128300923854,0.025025228,0.1793128300923854,0.1804449720075354
49,distant_c0.5_from0.2,9,cartesian_ik,20752178,True,True,,1,0.055003675050102174,0.022827308,0.055003675050102174,0.07570440310519189
42,distant_c0.5_from0.2,0,cartesian_ik,20681220,True,True,,1,0.09845169202890247,0.007240015,0.09845169202890247,0.11916301492601633
42,distant_c0.5_from0.2,0,joint_projected,20681220,True,True,,1,0.08992737205699086,0.028922679,0.08992737205699086,0.11017993208952248
42,distant_c0.5_from0.2,0,ompl_uniform,20681220,True,True,,1,0.1641442709369585,0.017322109,0.1641442709369585,0.16592790803406388
42,distant_c0.5_from0.2,1,cartesian_ik,20681321,True,True,,1,0.09193738410249352,0.009396561,0.09193738410249352,0.1131198910297826
42,distant_c0.5_from0.2,1,ompl_uniform,20681321,True,True,,1,0.13705469900742173,0.010766612,0.13705469900742173,0.13838368200231344
42,distant_c0.5_from0.2,1,joint_projected,20681321,True,True,,1,0.13225931103806943,0.023527308,0.13225931103806943,0.15311434504110366
42,distant_c0.5_from0.2,2,joint_projected,20681422,True,True,,1,0.11120033299084753,0.032847273,0.11120033299084753,0.1318653530906886
42,distant_c0.5_from0.2,2,cartesian_ik,20681422,True,True,,1,0.13173024309799075,0.037523868,0.13173024309799075,0.15256356389727443
42,distant_c0.5_from0.2,2,ompl_uniform,20681422,True,True,,1,0.06893783900886774,0.006359404,0.06893783900886774,0.0705201969249174
42,distant_c0.5_from0.2,3,ompl_uniform,20681523,True,True,,1,0.10721375700086355,0.012427908,0.10721375700086355,0.10878442297689617
42,distant_c0.5_from0.2,3,cartesian_ik,20681523,True,True,,1,0.12202723696827888,0.019846309,0.12202723696827888,0.1425401559099555
42,distant_c0.5_from0.2,3,joint_projected,20681523,True,True,,1,0.10252644203137606,0.023308547,0.10252644203137606,0.12339931004680693
42,distant_c0.5_from0.2,4,cartesian_ik,20681624,True,True,,1,0.1836177499499172,0.015199672,0.1836177499499172,0.20410804997663945
42,distant_c0.5_from0.2,4,ompl_uniform,20681624,True,True,,1,0.08842987800016999,0.00675947,0.08842987800016999,0.08976259303744882
42,distant_c0.5_from0.2,4,joint_projected,20681624,True,True,,1,0.1349615299841389,0.025911166,0.1349615299841389,0.15569943003356457
42,distant_c0.5_from0.2,5,joint_projected,20681725,True,True,,1,0.13705432089045644,0.026932956,0.13705432089045644,0.1575212829047814
42,distant_c0.5_from0.2,5,ompl_uniform,20681725,True,True,,1,0.18249415804166347,0.016203309,0.18249415804166347,0.1840574840316549
42,distant_c0.5_from0.2,5,cartesian_ik,20681725,True,True,,1,0.1309336689300835,0.010839783,0.1309336689300835,0.1520062719937414
42,distant_c0.5_from0.2,6,cartesian_ik,20681826,True,True,,1,0.060079062008298934,0.006807111,0.060079062008298934,0.08056848007254303
42,distant_c0.5_from0.2,6,ompl_uniform,20681826,True,True,,1,0.1409230560529977,0.016246491,0.1409230560529977,0.14242660196032375
42,distant_c0.5_from0.2,6,joint_projected,20681826,True,True,,1,0.04253720201086253,0.016646188,0.04253720201086253,0.06353794794995338
42,distant_c0.5_from0.2,7,joint_projected,20681927,True,True,,1,0.10427121305838227,0.015480371,0.10427121305838227,0.12489826907403767
42,distant_c0.5_from0.2,7,ompl_uniform,20681927,True,True,,1,0.14192145003471524,0.018796402,0.14192145003471524,0.14349184895399958
42,distant_c0.5_from0.2,7,cartesian_ik,20681927,True,True,,1,0.08387979003600776,0.012000633,0.08387979003600776,0.10499237396288663
42,distant_c0.5_from0.2,8,ompl_uniform,20682028,True,True,,1,0.14292155602015555,0.02850239,0.14292155602015555,0.1442855359055102
42,distant_c0.5_from0.2,8,joint_projected,20682028,True,True,,1,0.052402682951651514,0.015677736,0.052402682951651514,0.07333140098489821
42,distant_c0.5_from0.2,8,cartesian_ik,20682028,True,True,,1,0.04934558004606515,0.018281103,0.04934558004606515,0.07047869893722236
42,distant_c0.5_from0.2,9,cartesian_ik,20682129,True,True,,1,0.11294651601929218,0.008810293,0.11294651601929218,0.1339043480111286
42,distant_c0.5_from0.2,9,joint_projected,20682129,True,True,,1,0.08582881395705044,0.035653206,0.08582881395705044,0.10679203493054956
42,distant_c0.5_from0.2,9,ompl_uniform,20682129,True,True,,1,0.12822809803765267,0.008766782,0.12822809803765267,0.12972505204379559
10,central_c0.7_from0.8,0,cartesian_ik,20360996,True,True,,1,0.12674933404196054,0.062652846,0.12674933404196054,0.1469616839895025
10,central_c0.7_from0.8,0,joint_projected,20360996,True,True,,1,0.03622429596725851,0.015891486,0.03622429596725851,0.05713587091304362
10,central_c0.7_from0.8,0,ompl_uniform,20360996,True,True,,1,0.12487314804457128,0.011866151,0.12487314804457128,0.1265177910681814
10,central_c0.7_from0.8,1,joint_projected,20361097,True,True,,1,0.26975150196813047,0.042610617,0.26975150196813047,0.29105629096738994
10,central_c0.7_from0.8,1,ompl_uniform,20361097,True,True,,1,0.07895618095062673,0.020068449,0.07895618095062673,0.0804594389628619
10,central_c0.7_from0.8,1,cartesian_ik,20361097,True,True,,1,0.12225724500603974,0.035536939,0.12225724500603974,0.14228934200946242
10,central_c0.7_from0.8,2,joint_projected,20361198,True,True,,1,0.19297632796224207,0.025095618,0.19297632796224207,0.2139513879083097
10,central_c0.7_from0.8,2,cartesian_ik,20361198,True,True,,1,0.25558978400658816,0.046242647,0.25558978400658816,0.2760555830318481
10,central_c0.7_from0.8,2,ompl_uniform,20361198,True,True,,1,0.10005396592896432,0.009234396,0.10005396592896432,0.10197165503632277
10,central_c0.7_from0.8,3,ompl_uniform,20361299,True,True,,1,0.1593801099807024,0.009276033,0.1593801099807024,0.16084536199923605
10,central_c0.7_from0.8,3,joint_projected,20361299,True,True,,1,0.09286145505029708,0.010535135,0.09286145505029708,0.11399890598841012
10,central_c0.7_from0.8,3,cartesian_ik,20361299,True,True,,1,0.13291630696039647,0.013402615,0.13291630696039647,0.15351701295003295
10,central_c0.7_from0.8,4,cartesian_ik,20361400,True,True,,1,0.10858328698668629,0.009723927,0.10858328698668629,0.12947019701823592
10,central_c0.7_from0.8,4,joint_projected,20361400,True,True,,1,0.08010135998483747,0.024691201,0.08010135998483747,0.10056831093970686
10,central_c0.7_from0.8,4,ompl_uniform,20361400,True,True,,1,0.18944293702952564,0.01445153,0.18944293702952564,0.1907316689612344
10,central_c0.7_from0.8,5,joint_projected,20361501,True,True,,1,0.13344687409698963,0.032164778,0.13344687409698963,0.1544041819870472
10,central_c0.7_from0.8,5,cartesian_ik,20361501,True,True,,1,0.11096398998051882,0.019874702,0.11096398998051882,0.13158538099378347
10,central_c0.7_from0.8,5,ompl_uniform,20361501,True,True,,1,0.14958302897866815,0.013621222,0.14958302897866815,0.15171528898645192
10,central_c0.7_from0.8,6,cartesian_ik,20361602,True,True,,1,0.18466494092717767,0.038307288,0.18466494092717767,0.20566294505260885
10,central_c0.7_from0.8,6,joint_projected,20361602,True,True,,1,0.14698203606531024,0.041732614,0.14698203606531024,0.16803847206756473
10,central_c0.7_from0.8,6,ompl_uniform,20361602,True,True,,1,0.13170073099900037,0.019753573,0.13170073099900037,0.13305716402828693
10,central_c0.7_from0.8,7,cartesian_ik,20361703,True,True,,1,0.15910476096905768,0.020919755,0.15910476096905768,0.17974856100045145
10,central_c0.7_from0.8,7,ompl_uniform,20361703,True,True,,1,0.14314013707917184,0.013131254,0.14314013707917184,0.14452856907155365
10,central_c0.7_from0.8,7,joint_projected,20361703,True,True,,1,0.08423415094148368,0.015013768,0.08423415094148368,0.10468893602956086
10,central_c0.7_from0.8,8,joint_projected,20361804,True,True,,1,0.05652651307173073,0.013394057,0.05652651307173073,0.07699797698296607
10,central_c0.7_from0.8,8,ompl_uniform,20361804,True,True,,1,0.24272510700393468,0.032732802,0.24272510700393468,0.2444774720352143
10,central_c0.7_from0.8,8,cartesian_ik,20361804,True,True,,1,0.08226159599144012,0.02694019,0.08226159599144012,0.10361999995075166
10,central_c0.7_from0.8,9,ompl_uniform,20361905,True,True,,1,0.22126644803211093,0.017306051,0.22126644803211093,0.22236000490374863
10,central_c0.7_from0.8,9,cartesian_ik,20361905,True,True,,1,0.1167692500166595,0.017257962,0.1167692500166595,0.13708400097675622
10,central_c0.7_from0.8,9,joint_projected,20361905,True,True,,1,0.0914824700448662,0.033223062,0.0914824700448662,0.11252420593518764
8,central_c0.5_from0.2,0,ompl_uniform,20340982,True,True,,1,0.1633816370740533,0.011033962,0.1633816370740533,0.16439855098724365
8,central_c0.5_from0.2,0,cartesian_ik,20340982,True,True,,1,0.12005835096351802,0.014718078,0.12005835096351802,0.14047255914192647
8,central_c0.5_from0.2,0,joint_projected,20340982,True,True,,1,0.050911952974274755,0.01894895,0.050911952974274755,0.07160047604702413
8,central_c0.5_from0.2,1,cartesian_ik,20341083,True,True,,1,0.13619145704433322,0.037283035,0.13619145704433322,0.15639857307542115
8,central_c0.5_from0.2,1,ompl_uniform,20341083,True,True,,1,0.10310760501306504,0.012992386,0.10310760501306504,0.10451650607865304
8,central_c0.5_from0.2,1,joint_projected,20341083,True,True,,1,0.36546659108716995,0.050913205,0.36546659108716995,0.3866657071048394
8,central_c0.5_from0.2,2,joint_projected,20341184,True,True,,1,0.12244861200451851,0.032189478,0.12244861200451851,0.14306237711571157
8,central_c0.5_from0.2,2,cartesian_ik,20341184,True,True,,1,0.19535499101039022,0.053378284,0.19535499101039022,0.21559432207141072
8,central_c0.5_from0.2,2,ompl_uniform,20341184,True,True,,1,0.16703107801731676,0.015773356,0.16703107801731676,0.16882144997362047
8,central_c0.5_from0.2,3,joint_projected,20341285,True,True,,1,0.12229571107309312,0.014807221,0.12229571107309312,0.1426999771501869
8,central_c0.5_from0.2,3,cartesian_ik,20341285,True,True,,1,0.12177270196843892,0.033417176,0.12177270196843892,0.14211861009243876
8,central_c0.5_from0.2,3,ompl_uniform,20341285,True,True,,1,0.11622312001418322,0.013786489,0.11622312001418322,0.11792763194534928
8,central_c0.5_from0.2,4,joint_projected,20341386,True,True,,1,0.05429175100289285,0.020007455,0.05429175100289285,0.0753310100408271
8,central_c0.5_from0.2,4,ompl_uniform,20341386,True,True,,1,0.10804597893729806,0.010347526,0.10804597893729806,0.10933981498237699
8,central_c0.5_from0.2,4,cartesian_ik,20341386,True,True,,1,0.08946758194360882,0.021246403,0.08946758194360882,0.10963839408941567
8,central_c0.5_from0.2,5,cartesian_ik,20341487,True,True,,1,0.15476832503918558,0.025572563,0.15476832503918558,0.17521323903929442
8,central_c0.5_from0.2,5,ompl_uniform,20341487,True,True,,1,0.11273892200551927,0.011005111,0.11273892200551927,0.1144171099876985
8,central_c0.5_from0.2,5,joint_projected,20341487,True,True,,1,0.031245308928191662,0.020595444,0.031245308928191662,0.052030660095624626
8,central_c0.5_from0.2,6,cartesian_ik,20341588,True,True,,1,0.10190308094024658,0.006462961,0.10190308094024658,0.12289681704714894
8,central_c0.5_from0.2,6,ompl_uniform,20341588,True,True,,1,0.11425654799677432,0.030248909,0.11425654799677432,0.11567943007685244
8,central_c0.5_from0.2,6,joint_projected,20341588,True,True,,1,0.02764857397414744,0.016399435,0.02764857397414744,0.04840427916496992
8,central_c0.5_from0.2,7,ompl_uniform,20341689,True,True,,1,0.10259675094857812,0.020850142,0.10259675094857812,0.10396072594448924
8,central_c0.5_from0.2,7,cartesian_ik,20341689,True,True,,1,0.2776257849764079,0.036524594,0.2776257849764079,0.29853494314011186
8,central_c0.5_from0.2,7,joint_projected,20341689,True,True,,1,0.09761094092391431,0.015628499,0.09761094092391431,0.11852647713385522
8,central_c0.5_from0.2,8,joint_projected,20341790,True,True,,1,0.12211645802017301,0.039861197,0.12211645802017301,0.14233514305669814
8,central_c0.5_from0.2,8,ompl_uniform,20341790,True,True,,1,0.1386348840314895,0.021922063,0.1386348840314895,0.14006105693988502
8,central_c0.5_from0.2,8,cartesian_ik,20341790,True,True,,1,0.07788941205944866,0.013740505,0.07788941205944866,0.0987473091809079
8,central_c0.5_from0.2,9,cartesian_ik,20341891,True,True,,1,0.13267713598906994,0.041070113,0.13267713598906994,0.15307682601269335
8,central_c0.5_from0.2,9,ompl_uniform,20341891,True,True,,1,0.15811673691496253,0.013932153,0.15811673691496253,0.159866826958023
8,central_c0.5_from0.2,9,joint_projected,20341891,True,True,,1,0.061465712962672114,0.023663045,0.061465712962672114,0.08223190903663635
17,central_c0.7_from0.8,0,cartesian_ik,20431045,True,True,,1,0.06833802594337612,0.016783046,0.06833802594337612,0.08877754502464086
17,central_c0.7_from0.8,0,joint_projected,20431045,True,True,,1,0.18567809998057783,0.030382138,0.18567809998057783,0.2068257329519838
17,central_c0.7_from0.8,0,ompl_uniform,20431045,True,True,,1,0.06868101097643375,0.005548154,0.06868101097643375,0.07010978600010276
17,central_c0.7_from0.8,1,joint_projected,20431146,True,True,,1,0.14472746197134256,0.031145161,0.14472746197134256,0.16600685194134712
17,central_c0.7_from0.8,1,ompl_uniform,20431146,True,True,,1,0.20044108608271927,0.028694196,0.20044108608271927,0.20246305700857192
17,central_c0.7_from0.8,1,cartesian_ik,20431146,True,True,,1,0.13999301195144653,0.019074542,0.13999301195144653,0.16140592901501805
17,central_c0.7_from0.8,2,ompl_uniform,20431247,True,True,,1,0.1280998099828139,0.008869647,0.1280998099828139,0.12997408804949373
17,central_c0.7_from0.8,2,joint_projected,20431247,True,True,,1,0.16841086302883923,0.023576778,0.16841086302883923,0.19984070805367082
17,central_c0.7_from0.8,2,cartesian_ik,20431247,True,True,,1,0.16943687701132149,0.038574627,0.16943687701132149,0.1906405199551955
17,central_c0.7_from0.8,3,ompl_uniform,20431348,True,True,,1,0.2657058220356703,0.016122153,0.2657058220356703,0.26757876097690314
17,central_c0.7_from0.8,3,cartesian_ik,20431348,True,True,,1,0.16839126497507095,0.043086617,0.16839126497507095,0.18955676793120801
17,central_c0.7_from0.8,3,joint_projected,20431348,True,True,,1,0.12762271298561245,0.034650821,0.12762271298561245,0.14859069196972996
17,central_c0.7_from0.8,4,cartesian_ik,20431449,True,True,,1,0.20248565799556673,0.057092395,0.20248565799556673,0.22346732998266816
17,central_c0.7_from0.8,4,joint_projected,20431449,True,True,,1,0.21236342401243746,0.030591197,0.21236342401243746,0.23354633105918765
17,central_c0.7_from0.8,4,ompl_uniform,20431449,True,True,,1,0.21503997698891908,0.037467006,0.21503997698891908,0.21655496500898153
17,central_c0.7_from0.8,5,cartesian_ik,20431550,True,True,,1,0.09637153404764831,0.028553778,0.09637153404764831,0.11729582690168172
17,central_c0.7_from0.8,5,ompl_uniform,20431550,True,True,,1,0.1272853499976918,0.015004056,0.1272853499976918,0.12868524005170912
17,central_c0.7_from0.8,5,joint_projected,20431550,True,True,,1,0.1636659560026601,0.026295185,0.1636659560026601,0.1845483749639243
17,central_c0.7_from0.8,6,ompl_uniform,20431651,True,True,,1,0.22310975997243077,0.011821357,0.22310975997243077,0.22483838303014636
17,central_c0.7_from0.8,6,joint_projected,20431651,True,True,,1,0.11239595001097769,0.018629596,0.11239595001097769,0.13360438495874405
17,central_c0.7_from0.8,6,cartesian_ik,20431651,True,True,,1,0.20554759295191616,0.070936465,0.20554759295191616,0.2261699839727953
17,central_c0.7_from0.8,7,ompl_uniform,20431752,True,True,,1,0.2487804649863392,0.011475354,0.2487804649863392,0.2507115190383047
17,central_c0.7_from0.8,7,joint_projected,20431752,True,True,,1,0.21271300199441612,0.028780227,0.21271300199441612,0.23347654100507498
17,central_c0.7_from0.8,7,cartesian_ik,20431752,True,True,,1,0.06915209093131125,0.012481825,0.06915209093131125,0.08987948496360332
17,central_c0.7_from0.8,8,ompl_uniform,20431853,True,True,,1,0.18562582100275904,0.020458846,0.18562582100275904,0.18729199992958456
17,central_c0.7_from0.8,8,cartesian_ik,20431853,True,True,,1,0.1769189239712432,0.061884332,0.1769189239712432,0.19816319388337433
17,central_c0.7_from0.8,8,joint_projected,20431853,True,True,,1,0.1696862889220938,0.021401564,0.1696862889220938,0.19038327794987708
17,central_c0.7_from0.8,9,joint_projected,20431954,True,True,,1,0.22808657796122134,0.123984505,0.22808657796122134,0.24926979502197355
17,central_c0.7_from0.8,9,ompl_uniform,20431954,True,True,,1,0.14827606594190001,0.009171991,0.14827606594190001,0.14994446805212647
17,central_c0.7_from0.8,9,cartesian_ik,20431954,True,True,,1,0.3405488859862089,0.086589135,0.3405488859862089,0.36131287401076406
29,offset_c0.5_from0.2,0,cartesian_ik,20551129,True,True,,1,0.153594249044545,0.080087131,0.153594249044545,0.1742154579842463
29,offset_c0.5_from0.2,0,ompl_uniform,20551129,True,True,,1,0.4269403510261327,0.073165119,0.4269403510261327,0.42905843700282276
29,offset_c0.5_from0.2,0,joint_projected,20551129,True,True,,1,0.23879716801457107,0.120810948,0.23879716801457107,0.25990227691363543
29,offset_c0.5_from0.2,1,joint_projected,20551230,True,True,,1,0.20607359695713967,0.124246797,0.20607359695713967,0.22710984002333134
29,offset_c0.5_from0.2,1,cartesian_ik,20551230,True,True,,1,0.44892472494393587,0.139830306,0.44892472494393587,0.4703704420244321
29,offset_c0.5_from0.2,1,ompl_uniform,20551230,True,True,,1,0.13521125994157046,0.034987716,0.13521125994157046,0.13714803894981742
29,offset_c0.5_from0.2,2,cartesian_ik,20551331,True,True,,1,0.34022381401155144,0.126990669,0.34022381401155144,0.3616206099977717
29,offset_c0.5_from0.2,2,joint_projected,20551331,True,True,,1,0.22638536198064685,0.122055246,0.22638536198064685,0.24700404098257422
29,offset_c0.5_from0.2,2,ompl_uniform,20551331,True,True,,1,0.5307439269963652,0.042211437,0.5307439269963652,0.5332576009677723
29,offset_c0.5_from0.2,3,ompl_uniform,20551432,True,True,,1,0.17745528498198837,0.03894332,0.17745528498198837,0.17944417893886566
29,offset_c0.5_from0.2,3,joint_projected,20551432,True,True,,1,0.4233242650516331,0.123075761,0.4233242650516331,0.4452824719483033
29,offset_c0.5_from0.2,3,cartesian_ik,20551432,True,True,,1,0.24343092693015933,0.066002623,0.24343092693015933,0.2643513568909839
29,offset_c0.5_from0.2,4,cartesian_ik,20551533,True,True,,1,0.15977267699781805,0.05236767,0.15977267699781805,0.18083364295307547
29,offset_c0.5_from0.2,4,joint_projected,20551533,True,True,,1,0.2386097740381956,0.119333295,0.2386097740381956,0.25945294788107276
29,offset_c0.5_from0.2,4,ompl_uniform,20551533,True,True,,1,0.2828316369559616,0.049132233,0.2828316369559616,0.2847284940071404
29,offset_c0.5_from0.2,5,ompl_uniform,20551634,True,True,,1,0.15230743598658592,0.030760571,0.15230743598658592,0.15433605096768588
29,offset_c0.5_from0.2,5,cartesian_ik,20551634,True,True,,1,0.2373853090684861,0.119630427,0.2373853090684861,0.2584922859678045
29,offset_c0.5_from0.2,5,joint_projected,20551634,True,True,,1,0.18798553303349763,0.10819617,0.18798553303349763,0.2082429068395868
29,offset_c0.5_from0.2,6,ompl_uniform,20551735,True,True,,1,0.20142228400800377,0.028360911,0.20142228400800377,0.2034014620585367
29,offset_c0.5_from0.2,6,joint_projected,20551735,True,True,,1,0.3003753609955311,0.13116135,0.3003753609955311,0.32167326693888754
29,offset_c0.5_from0.2,6,cartesian_ik,20551735,True,True,,1,0.1513813310302794,0.079477624,0.1513813310302794,0.17250180488917977
29,offset_c0.5_from0.2,7,ompl_uniform,20551836,True,True,,1,0.25850163493305445,0.050093457,0.25850163493305445,0.26023012993391603
29,offset_c0.5_from0.2,7,cartesian_ik,20551836,True,True,,1,0.15914063598029315,0.04928123,0.15914063598029315,0.18053277803119272
29,offset_c0.5_from0.2,7,joint_projected,20551836,True,True,,1,0.23653586697764695,0.119081633,0.23653586697764695,0.25721603783313185
29,offset_c0.5_from0.2,8,joint_projected,20551937,True,True,,1,0.2078023951034993,0.110144544,0.2078023951034993,0.22851962700951844
29,offset_c0.5_from0.2,8,ompl_uniform,20551937,True,True,,1,0.28905719402246177,0.009933201,0.28905719402246177,0.2908118750201538
29,offset_c0.5_from0.2,8,cartesian_ik,20551937,True,True,,1,0.14742378098890185,0.019491479,0.14742378098890185,0.16843917593359947
29,offset_c0.5_from0.2,9,joint_projected,20552038,True,True,,1,0.21793222601991147,0.119650403,0.21793222601991147,0.23910406592767686
29,offset_c0.5_from0.2,9,ompl_uniform,20552038,True,True,,1,0.2264329349854961,0.022169363,0.2264329349854961,0.22818911995273083
29,offset_c0.5_from0.2,9,cartesian_ik,20552038,True,True,,1,0.20898780995048583,0.077168804,0.20898780995048583,0.22982268093619496
52,distant_c0.7_from0.8,0,ompl_uniform,20781290,True,True,,1,0.15416920999996364,0.009958506,0.15416920999996364,0.1557756110560149
52,distant_c0.7_from0.8,0,cartesian_ik,20781290,True,True,,1,0.08066952705848962,0.005112926,0.08066952705848962,0.10172104591038078
52,distant_c0.7_from0.8,0,joint_projected,20781290,True,True,,1,0.080393424956128,0.018432813,0.080393424956128,0.10016283195000142
52,distant_c0.7_from0.8,1,joint_projected,20781391,True,True,,1,0.12149517890065908,0.029906695,0.12149517890065908,0.14212293701712042
52,distant_c0.7_from0.8,1,cartesian_ik,20781391,True,True,,1,0.10599713493138552,0.020702788,0.10599713493138552,0.12646476388908923
52,distant_c0.7_from0.8,1,ompl_uniform,20781391,True,True,,1,0.20524018397554755,0.017699636,0.20524018397554755,0.20677681895904243
52,distant_c0.7_from0.8,2,joint_projected,20781492,True,True,,1,0.07771655800752342,0.013011612,0.07771655800752342,0.09822634398005903
52,distant_c0.7_from0.8,2,ompl_uniform,20781492,True,True,,1,0.15671222703531384,0.011573452,0.15671222703531384,0.15793540596496314
52,distant_c0.7_from0.8,2,cartesian_ik,20781492,True,True,,1,0.18786019401159137,0.023145351,0.18786019401159137,0.2088950730394572
52,distant_c0.7_from0.8,3,joint_projected,20781593,True,True,,1,0.12232626101467758,0.019789822,0.12232626101467758,0.14289092796389014
52,distant_c0.7_from0.8,3,cartesian_ik,20781593,True,True,,1,0.0986093879910186,0.011134838,0.0986093879910186,0.11872881790623069
52,distant_c0.7_from0.8,3,ompl_uniform,20781593,True,True,,1,0.12253904296085238,0.010412161,0.12253904296085238,0.1239080309169367
52,distant_c0.7_from0.8,4,cartesian_ik,20781694,True,True,,1,0.15292360202874988,0.030425859,0.15292360202874988,0.17340516904368997
52,distant_c0.7_from0.8,4,ompl_uniform,20781694,True,True,,1,0.14089008106384426,0.029193715,0.14089008106384426,0.14257500495295972
52,distant_c0.7_from0.8,4,joint_projected,20781694,True,True,,1,0.11328830593265593,0.026112964,0.11328830593265593,0.1334797979798168
52,distant_c0.7_from0.8,5,joint_projected,20781795,True,True,,1,0.09059840196277946,0.025471025,0.09059840196277946,0.11041410197503865
52,distant_c0.7_from0.8,5,ompl_uniform,20781795,True,True,,1,0.12051913095638156,0.011554869,0.12051913095638156,0.12207718600984663
52,distant_c0.7_from0.8,5,cartesian_ik,20781795,True,True,,1,0.13384075602516532,0.037354,0.13384075602516532,0.15471936599351466
52,distant_c0.7_from0.8,6,joint_projected,20781896,True,True,,1,0.09843384998384863,0.042567865,0.09843384998384863,0.11860810895450413
52,distant_c0.7_from0.8,6,ompl_uniform,20781896,True,True,,1,0.10827493492979556,0.021200488,0.10827493492979556,0.10963519604410976
52,distant_c0.7_from0.8,6,cartesian_ik,20781896,True,True,,1,0.20150276797357947,0.028781767,0.20150276797357947,0.22141325392294675
52,distant_c0.7_from0.8,7,joint_projected,20781997,True,True,,1,0.15086403000168502,0.030571418,0.15086403000168502,0.17056761891581118
52,distant_c0.7_from0.8,7,ompl_uniform,20781997,True,True,,1,0.09711272397544235,0.018712466,0.09711272397544235,0.09878839203156531
52,distant_c0.7_from0.8,7,cartesian_ik,20781997,True,True,,1,0.0818330489564687,0.017627249,0.0818330489564687,0.10198082297574729
52,distant_c0.7_from0.8,8,cartesian_ik,20782098,True,True,,1,0.12382881296798587,0.007844791,0.12382881296798587,0.14397456299047917
52,distant_c0.7_from0.8,8,joint_projected,20782098,True,True,,1,0.055758388014510274,0.01726472,0.055758388014510274,0.07577593892347068
52,distant_c0.7_from0.8,8,ompl_uniform,20782098,True,True,,1,0.09406834002584219,0.022659382,0.09406834002584219,0.09581191604956985
52,distant_c0.7_from0.8,9,joint_projected,20782199,True,True,,1,0.04489690903574228,0.015977915,0.04489690903574228,0.06542764289770275
52,distant_c0.7_from0.8,9,ompl_uniform,20782199,True,True,,1,0.1956910960143432,0.02953843,0.1956910960143432,0.197013596072793
52,distant_c0.7_from0.8,9,cartesian_ik,20782199,True,True,,1,0.1661228759912774,0.033619145,0.1661228759912774,0.18698692205362022
20,offset_c0.5_from0.2,0,ompl_uniform,20461066,True,True,,1,0.12014008895494044,0.006693669,0.12014008895494044,0.12120634503662586
20,offset_c0.5_from0.2,0,cartesian_ik,20461066,True,True,,1,0.1618980960920453,0.023175435,0.1618980960920453,0.182922902982682
20,offset_c0.5_from0.2,0,joint_projected,20461066,True,True,,1,0.13449066202156246,0.026495033,0.13449066202156246,0.15543844690546393
20,offset_c0.5_from0.2,1,joint_projected,20461167,True,True,,1,0.13742933399043977,0.035245312,0.13742933399043977,0.15837104886304587
20,offset_c0.5_from0.2,1,cartesian_ik,20461167,True,True,,1,0.1276509539457038,0.02782808,0.1276509539457038,0.14807651296723634
20,offset_c0.5_from0.2,1,ompl_uniform,20461167,True,True,,1,0.1155924090417102,0.011065181,0.1155924090417102,0.11733858590014279
20,offset_c0.5_from0.2,2,ompl_uniform,20461268,True,True,,1,0.0952282469952479,0.010508945,0.0952282469952479,0.09682225703727454
20,offset_c0.5_from0.2,2,joint_projected,20461268,True,True,,1,0.11402225296478719,0.011408925,0.11402225296478719,0.1342485269997269
20,offset_c0.5_from0.2,2,cartesian_ik,20461268,True,True,,1,0.13435664598364383,0.022823706,0.13435664598364383,0.1550640909699723
20,offset_c0.5_from0.2,3,cartesian_ik,20461369,True,True,,1,0.15297074592672288,0.039264077,0.15297074592672288,0.17346663190983236
20,offset_c0.5_from0.2,3,joint_projected,20461369,True,True,,1,0.09751303202938288,0.031827986,0.09751303202938288,0.11821209790650755
20,offset_c0.5_from0.2,3,ompl_uniform,20461369,True,True,,1,0.10752863192465156,0.017329781,0.10752863192465156,0.10903271392453462
20,offset_c0.5_from0.2,4,cartesian_ik,20461470,True,True,,1,0.10672084102407098,0.006386773,0.10672084102407098,0.12788604595698416
20,offset_c0.5_from0.2,4,ompl_uniform,20461470,True,True,,1,0.15385062608402222,0.009364636,0.15385062608402222,0.15549490903504193
20,offset_c0.5_from0.2,4,joint_projected,20461470,True,True,,1,0.038860431988723576,0.020777717,0.038860431988723576,0.0601281919516623
20,offset_c0.5_from0.2,5,ompl_uniform,20461571,True,True,,1,0.1580438188975677,0.017418413,0.1580438188975677,0.15944890305399895
20,offset_c0.5_from0.2,5,joint_projected,20461571,True,True,,1,0.07547788601368666,0.019927489,0.07547788601368666,0.09647323586978018
20,offset_c0.5_from0.2,5,cartesian_ik,20461571,True,True,,1,0.1405275440774858,0.037297848,0.1405275440774858,0.1614431799389422
20,offset_c0.5_from0.2,6,cartesian_ik,20461672,True,True,,1,0.11627310002222657,0.011050312,0.11627310002222657,0.1372281569056213
20,offset_c0.5_from0.2,6,joint_projected,20461672,True,True,,1,0.12800569797400385,0.026371657,0.12800569797400385,0.14904878183733672
20,offset_c0.5_from0.2,6,ompl_uniform,20461672,True,True,,1,0.13710456306580454,0.010414541,0.13710456306580454,0.13847247301600873
20,offset_c0.5_from0.2,7,joint_projected,20461773,True,True,,1,0.13694590399973094,0.035332357,0.13694590399973094,0.15793002699501812
20,offset_c0.5_from0.2,7,cartesian_ik,20461773,True,True,,1,0.14717155101243407,0.041503535,0.14717155101243407,0.16808057390153408
20,offset_c0.5_from0.2,7,ompl_uniform,20461773,True,True,,1,0.12853984197136015,0.024124241,0.12853984197136015,0.13017606199719012
20,offset_c0.5_from0.2,8,cartesian_ik,20461874,True,True,,1,0.12815252994187176,0.023148055,0.12815252994187176,0.14953868289012462
20,offset_c0.5_from0.2,8,ompl_uniform,20461874,True,True,,1,0.14604815503116697,0.010908752,0.14604815503116697,0.14742133405525237
20,offset_c0.5_from0.2,8,joint_projected,20461874,True,True,,1,0.11987293406855315,0.019676181,0.11987293406855315,0.14083133998792619
20,offset_c0.5_from0.2,9,ompl_uniform,20461975,True,True,,1,0.13242008001543581,0.025590754,0.13242008001543581,0.1343599099200219
20,offset_c0.5_from0.2,9,joint_projected,20461975,True,True,,1,0.08788435102906078,0.024012443,0.08788435102906078,0.10857709590345621
20,offset_c0.5_from0.2,9,cartesian_ik,20461975,True,True,,1,0.14346066303551197,0.020940259,0.14346066303551197,0.16451276594307274
1,central_c0.5_from0.2,0,cartesian_ik,20270933,True,True,,1,0.11980789701920003,0.028974517,0.11980789701920003,0.1419829250080511
1,central_c0.5_from0.2,0,joint_projected,20270933,True,True,,1,0.2047006159555167,0.035403303,0.2047006159555167,0.22707394207827747
1,central_c0.5_from0.2,0,ompl_uniform,20270933,True,True,,1,0.1813256850000471,0.012885852,0.1813256850000471,0.18302107695490122
1,central_c0.5_from0.2,1,joint_projected,20271034,True,True,,1,0.1706596399890259,0.01786862,0.1706596399890259,0.19292522908654064
1,central_c0.5_from0.2,1,cartesian_ik,20271034,True,True,,1,0.18848748598247766,0.033062407,0.18848748598247766,0.21118832600768656
1,central_c0.5_from0.2,1,ompl_uniform,20271034,True,True,,1,0.1420998809626326,0.009757211,0.1420998809626326,0.1437685659620911
1,central_c0.5_from0.2,2,ompl_uniform,20271135,True,True,,1,0.20125337992794812,0.033276891,0.20125337992794812,0.20305316499434412
1,central_c0.5_from0.2,2,joint_projected,20271135,True,True,,1,0.09466908103786409,0.027511167,0.09466908103786409,0.11736352904699743
1,central_c0.5_from0.2,2,cartesian_ik,20271135,True,True,,1,0.06855366588570178,0.022919219,0.06855366588570178,0.09183131100144237
1,central_c0.5_from0.2,3,ompl_uniform,20271236,True,True,,1,0.17109174898359925,0.012213699,0.17109174898359925,0.17227838200051337
1,central_c0.5_from0.2,3,cartesian_ik,20271236,True,True,,1,0.140288713038899,0.028670882,0.140288713038899,0.16321309504564852
1,central_c0.5_from0.2,3,joint_projected,20271236,True,True,,1,0.14822803693823516,0.030507076,0.14822803693823516,0.1702661591116339
1,central_c0.5_from0.2,4,ompl_uniform,20271337,True,True,,1,0.284529687021859,0.010511263,0.284529687021859,0.28624218003824353
1,central_c0.5_from0.2,4,joint_projected,20271337,True,True,,1,0.09505383006762713,0.023397498,0.09505383006762713,0.11756944004446268
1,central_c0.5_from0.2,4,cartesian_ik,20271337,True,True,,1,0.11694132490083575,0.01117852,0.11694132490083575,0.1390341599471867
1,central_c0.5_from0.2,5,ompl_uniform,20271438,True,True,,1,0.14108731504529715,0.029337459,0.14108731504529715,0.14280318410601467
1,central_c0.5_from0.2,5,joint_projected,20271438,True,True,,1,0.22275855601765215,0.030782396,0.22275855601765215,0.24518290197011083
1,central_c0.5_from0.2,5,cartesian_ik,20271438,True,True,,1,0.12023968005087227,0.014140688,0.12023968005087227,0.14257142005953938
1,central_c0.5_from0.2,6,cartesian_ik,20271539,True,True,,1,0.1538619779748842,0.015293215,0.1538619779748842,0.17614079010672867
1,central_c0.5_from0.2,6,ompl_uniform,20271539,True,True,,1,0.16744950402062386,0.018262356,0.16744950402062386,0.16934709902852774
1,central_c0.5_from0.2,6,joint_projected,20271539,True,True,,1,0.10713711800053716,0.033506956,0.10713711800053716,0.12930410006083548
1,central_c0.5_from0.2,7,ompl_uniform,20271640,True,True,,1,0.11148380604572594,0.015907503,0.11148380604572594,0.1133380529936403
1,central_c0.5_from0.2,7,cartesian_ik,20271640,True,True,,1,0.12112687702756375,0.033634374,0.12112687702756375,0.14389477507211268
1,central_c0.5_from0.2,7,joint_projected,20271640,True,True,,1,0.1304750550771132,0.041615659,0.1304750550771132,0.152544190059416
1,central_c0.5_from0.2,8,joint_projected,20271741,True,True,,1,0.07149243296589702,0.013096944,0.07149243296589702,0.09463059611152858
1,central_c0.5_from0.2,8,cartesian_ik,20271741,True,True,,1,0.12967483699321747,0.016952219,0.12967483699321747,0.15236546809319407
1,central_c0.5_from0.2,8,ompl_uniform,20271741,True,True,,1,0.16546801396179944,0.01341601,0.16546801396179944,0.16726079408545047
1,central_c0.5_from0.2,9,cartesian_ik,20271842,True,True,,1,0.12735170195810497,0.034124199,0.12735170195810497,0.14998997002840042
1,central_c0.5_from0.2,9,ompl_uniform,20271842,True,True,,1,0.18093166290782392,0.017751336,0.18093166290782392,0.18245939898770303
1,central_c0.5_from0.2,9,joint_projected,20271842,True,True,,1,0.16456057305913419,0.037911541,0.16456057305913419,0.1872572610154748
32,offset_c0.7_from0.8,0,ompl_uniform,20581150,True,True,,1,0.15466891904361546,0.01801485,0.15466891904361546,0.1561937730293721
32,offset_c0.7_from0.8,0,joint_projected,20581150,True,True,,1,0.10015452897641808,0.017931242,0.10015452897641808,0.12275002105161548
32,offset_c0.7_from0.8,0,cartesian_ik,20581150,True,True,,1,0.13250937592238188,0.018029553,0.13250937592238188,0.15429833403322846
32,offset_c0.7_from0.8,1,cartesian_ik,20581251,True,True,,1,0.12743310898076743,0.009609808,0.12743310898076743,0.14960085996426642
32,offset_c0.7_from0.8,1,ompl_uniform,20581251,True,True,,1,0.12994075997266918,0.013817225,0.12994075997266918,0.13183173700235784
32,offset_c0.7_from0.8,1,joint_projected,20581251,True,True,,1,0.11611879605334252,0.037787946,0.11611879605334252,0.13828279392328113
32,offset_c0.7_from0.8,2,cartesian_ik,20581352,True,True,,1,0.14796851691789925,0.01218923,0.14796851691789925,0.17033929796889424
32,offset_c0.7_from0.8,2,ompl_uniform,20581352,True,True,,1,0.15260605001822114,0.021824087,0.15260605001822114,0.15422986401244998
32,offset_c0.7_from0.8,2,joint_projected,20581352,True,True,,1,0.16656803304795176,0.02457163,0.16656803304795176,0.18819131306372583
32,offset_c0.7_from0.8,3,ompl_uniform,20581453,True,True,,1,0.17001633206382394,0.009323214,0.17001633206382394,0.1718836419750005
32,offset_c0.7_from0.8,3,joint_projected,20581453,True,True,,1,0.14306330506224185,0.026456927,0.14306330506224185,0.16496919805649668
32,offset_c0.7_from0.8,3,cartesian_ik,20581453,True,True,,1,0.08666689193341881,0.01543703,0.08666689193341881,0.10856658103875816
32,offset_c0.7_from0.8,4,joint_projected,20581554,True,True,,1,0.1414640770526603,0.030165973,0.1414640770526603,0.16321981907822192
32,offset_c0.7_from0.8,4,ompl_uniform,20581554,True,True,,1,0.12444546609185636,0.012010189,0.12444546609185636,0.12617182405665517
32,offset_c0.7_from0.8,4,cartesian_ik,20581554,True,True,,1,0.16502493096049875,0.014919541,0.16502493096049875,0.18733894708566368
32,offset_c0.7_from0.8,5,ompl_uniform,20581655,True,True,,1,0.16281673195771873,0.02664482,0.16281673195771873,0.16458692704327404
32,offset_c0.7_from0.8,5,joint_projected,20581655,True,True,,1,0.11298361199442297,0.024802666,0.11298361199442297,0.13515190209727734
32,offset_c0.7_from0.8,5,cartesian_ik,20581655,True,True,,1,0.09287663095165044,0.014384839,0.09287663095165044,0.11433695303276181
32,offset_c0.7_from0.8,6,ompl_uniform,20581756,True,True,,1,0.11536670499481261,0.012231733,0.11536670499481261,0.11698833806440234
32,offset_c0.7_from0.8,6,cartesian_ik,20581756,True,True,,1,0.227847840054892,0.033334809,0.227847840054892,0.2496743950759992
32,offset_c0.7_from0.8,6,joint_projected,20581756,True,True,,1,0.13384606793988496,0.030787607,0.13384606793988496,0.1557429680833593
32,offset_c0.7_from0.8,7,joint_projected,20581857,True,True,,1,0.1564176109386608,0.017790077,0.1564176109386608,0.17841234407387674
32,offset_c0.7_from0.8,7,cartesian_ik,20581857,True,True,,1,0.15232732705771923,0.027369977,0.15232732705771923,0.17416537296958268
32,offset_c0.7_from0.8,7,ompl_uniform,20581857,True,True,,1,0.08929572999477386,0.018785254,0.08929572999477386,0.09094356303103268
32,offset_c0.7_from0.8,8,joint_projected,20581958,True,True,,1,0.12054473697207868,0.01678469,0.12054473697207868,0.1426813950529322
32,offset_c0.7_from0.8,8,cartesian_ik,20581958,True,True,,1,0.15106814808677882,0.033783761,0.15106814808677882,0.17312904901336879
32,offset_c0.7_from0.8,8,ompl_uniform,20581958,True,True,,1,0.09678402997087687,0.010691311,0.09678402997087687,0.09852851601317525
32,offset_c0.7_from0.8,9,cartesian_ik,20582059,True,True,,1,0.06395385798532516,0.014009406,0.06395385798532516,0.08579457306768745
32,offset_c0.7_from0.8,9,joint_projected,20582059,True,True,,1,0.08944228303153068,0.030883254,0.08944228303153068,0.11121308302972466
32,offset_c0.7_from0.8,9,ompl_uniform,20582059,True,True,,1,0.2957643289119005,0.023566223,0.2957643289119005,0.29774331394582987
55,distant_c0.7_from0.8,0,joint_projected,20811311,False,False,start_invalid_in_corridor,,0.0,0.0,6.0,0.019543623086065054
55,distant_c0.7_from0.8,0,ompl_uniform,20811311,True,True,,1,0.12012372200842947,0.020101413,0.12012372200842947,0.12136186996940523
55,distant_c0.7_from0.8,0,cartesian_ik,20811311,False,False,start_invalid_in_corridor,,0.0,0.0,6.0,0.01990722701884806
55,distant_c0.7_from0.8,1,cartesian_ik,20811412,False,False,start_invalid_in_corridor,,0.0,0.0,6.0,0.019541162997484207
55,distant_c0.7_from0.8,1,joint_projected,20811412,False,False,start_invalid_in_corridor,,0.0,0.0,6.0,0.01927523803897202
55,distant_c0.7_from0.8,1,ompl_uniform,20811412,True,True,,1,0.15760015894193202,0.011815059,0.15760015894193202,0.15870123507920653
55,distant_c0.7_from0.8,2,cartesian_ik,20811513,False,False,start_invalid_in_corridor,,0.0,0.0,6.0,0.020070728030987084
55,distant_c0.7_from0.8,2,ompl_uniform,20811513,True,True,,1,0.10509426996577531,0.009380878,0.10509426996577531,0.10652239806950092
55,distant_c0.7_from0.8,2,joint_projected,20811513,False,False,start_invalid_in_corridor,,0.0,0.0,6.0,0.020282992045395076
55,distant_c0.7_from0.8,3,joint_projected,20811614,False,False,start_invalid_in_corridor,,0.0,0.0,6.0,0.01954337302595377
55,distant_c0.7_from0.8,3,cartesian_ik,20811614,False,False,start_invalid_in_corridor,,0.0,0.0,6.0,0.019574656034819782
55,distant_c0.7_from0.8,3,ompl_uniform,20811614,True,True,,1,0.07181207498069853,0.00855894,0.07181207498069853,0.07285191002301872
55,distant_c0.7_from0.8,4,ompl_uniform,20811715,True,True,,1,0.10450973000843078,0.01752691,0.10450973000843078,0.10595497500617057
55,distant_c0.7_from0.8,4,cartesian_ik,20811715,False,False,start_invalid_in_corridor,,0.0,0.0,6.0,0.019660276942886412
55,distant_c0.7_from0.8,4,joint_projected,20811715,False,False,start_invalid_in_corridor,,0.0,0.0,6.0,0.019021349027752876
55,distant_c0.7_from0.8,5,cartesian_ik,20811816,False,False,start_invalid_in_corridor,,0.0,0.0,6.0,0.019151046057231724
55,distant_c0.7_from0.8,5,ompl_uniform,20811816,True,True,,1,0.16588650702033192,0.02363838,0.16588650702033192,0.1671653859084472
55,distant_c0.7_from0.8,5,joint_projected,20811816,False,False,start_invalid_in_corridor,,0.0,0.0,6.0,0.019971293048001826
55,distant_c0.7_from0.8,6,joint_projected,20811917,False,False,start_invalid_in_corridor,,0.0,0.0,6.0,0.019293605932034552
55,distant_c0.7_from0.8,6,cartesian_ik,20811917,False,False,start_invalid_in_corridor,,0.0,0.0,6.0,0.019183224998414516
55,distant_c0.7_from0.8,6,ompl_uniform,20811917,True,True,,1,0.14574911899399012,0.022201664,0.14574911899399012,0.1467792890034616
55,distant_c0.7_from0.8,7,ompl_uniform,20812018,True,True,,1,0.1127156619913876,0.011302214,0.1127156619913876,0.11412109294906259
55,distant_c0.7_from0.8,7,joint_projected,20812018,False,False,start_invalid_in_corridor,,0.0,0.0,6.0,0.01975882099941373
55,distant_c0.7_from0.8,7,cartesian_ik,20812018,False,False,start_invalid_in_corridor,,0.0,0.0,6.0,0.019269926007837057
55,distant_c0.7_from0.8,8,cartesian_ik,20812119,False,False,start_invalid_in_corridor,,0.0,0.0,6.0,0.019020561943762004
55,distant_c0.7_from0.8,8,joint_projected,20812119,False,False,start_invalid_in_corridor,,0.0,0.0,6.0,0.01905229897238314
55,distant_c0.7_from0.8,8,ompl_uniform,20812119,True,True,,1,0.2735067670000717,0.022140551,0.2735067670000717,0.27474893198814243
55,distant_c0.7_from0.8,9,ompl_uniform,20812220,True,True,,1,0.19231502898037434,0.037633587,0.19231502898037434,0.19408385804854333
55,distant_c0.7_from0.8,9,cartesian_ik,20812220,False,False,start_invalid_in_corridor,,0.0,0.0,6.0,0.01977019594050944
55,distant_c0.7_from0.8,9,joint_projected,20812220,False,False,start_invalid_in_corridor,,0.0,0.0,6.0,0.019326393958181143
4,central_c0.5_from0.2,0,joint_projected,20300954,False,False,start_invalid_in_corridor,,0.0,0.0,6.0,0.020748786046169698
4,central_c0.5_from0.2,0,ompl_uniform,20300954,True,True,,1,0.1378427700838074,0.032416157,0.1378427700838074,0.13887273601721972
4,central_c0.5_from0.2,0,cartesian_ik,20300954,False,False,start_invalid_in_corridor,,0.0,0.0,6.0,0.02112678997218609
4,central_c0.5_from0.2,1,joint_projected,20301055,False,False,start_invalid_in_corridor,,0.0,0.0,6.0,0.020536449970677495
4,central_c0.5_from0.2,1,ompl_uniform,20301055,True,True,,1,0.09022817004006356,0.0111701,0.09022817004006356,0.09120540099684149
4,central_c0.5_from0.2,1,cartesian_ik,20301055,False,False,start_invalid_in_corridor,,0.0,0.0,6.0,0.021244172006845474
4,central_c0.5_from0.2,2,ompl_uniform,20301156,True,True,,1,0.2044010970275849,0.01106035,0.2044010970275849,0.20580842101480812
4,central_c0.5_from0.2,2,joint_projected,20301156,False,False,start_invalid_in_corridor,,0.0,0.0,6.0,0.021633111988194287
4,central_c0.5_from0.2,2,cartesian_ik,20301156,False,False,start_invalid_in_corridor,,0.0,0.0,6.0,0.020878192968666553
4,central_c0.5_from0.2,3,ompl_uniform,20301257,True,True,,1,0.3440861119888723,0.031091692,0.3440861119888723,0.3455953230150044
4,central_c0.5_from0.2,3,cartesian_ik,20301257,False,False,start_invalid_in_corridor,,0.0,0.0,6.0,0.021238835994154215
4,central_c0.5_from0.2,3,joint_projected,20301257,False,False,start_invalid_in_corridor,,0.0,0.0,6.0,0.020957360975444317
4,central_c0.5_from0.2,4,joint_projected,20301358,False,False,start_invalid_in_corridor,,0.0,0.0,6.0,0.020881555043160915
4,central_c0.5_from0.2,4,ompl_uniform,20301358,True,True,,1,0.1165044360095635,0.019220505,0.1165044360095635,0.11792227905243635
4,central_c0.5_from0.2,4,cartesian_ik,20301358,False,False,start_invalid_in_corridor,,0.0,0.0,6.0,0.021817610948346555
4,central_c0.5_from0.2,5,ompl_uniform,20301459,True,True,,1,0.2163297040387988,0.010663729,0.2163297040387988,0.21754693205002695
4,central_c0.5_from0.2,5,cartesian_ik,20301459,False,False,start_invalid_in_corridor,,0.0,0.0,6.0,0.02195339393801987
4,central_c0.5_from0.2,5,joint_projected,20301459,False,False,start_invalid_in_corridor,,0.0,0.0,6.0,0.020930162048898637
4,central_c0.5_from0.2,6,joint_projected,20301560,False,False,start_invalid_in_corridor,,0.0,0.0,6.0,0.020898743998259306
4,central_c0.5_from0.2,6,ompl_uniform,20301560,True,True,,1,0.12601782905403525,0.01962922,0.12601782905403525,0.12714427092578262
4,central_c0.5_from0.2,6,cartesian_ik,20301560,False,False,start_invalid_in_corridor,,0.0,0.0,6.0,0.0212256460217759
4,central_c0.5_from0.2,7,joint_projected,20301661,False,False,start_invalid_in_corridor,,0.0,0.0,6.0,0.020676829968579113
4,central_c0.5_from0.2,7,cartesian_ik,20301661,False,False,start_invalid_in_corridor,,0.0,0.0,6.0,0.020763825974427164
4,central_c0.5_from0.2,7,ompl_uniform,20301661,True,True,,1,0.10898009198717773,0.020945175,0.10898009198717773,0.11005440598819405
4,central_c0.5_from0.2,8,ompl_uniform,20301762,True,True,,1,0.1264543259749189,0.021561364,0.1264543259749189,0.12823713198304176
4,central_c0.5_from0.2,8,joint_projected,20301762,False,False,start_invalid_in_corridor,,0.0,0.0,6.0,0.02142887096852064
4,central_c0.5_from0.2,8,cartesian_ik,20301762,False,False,start_invalid_in_corridor,,0.0,0.0,6.0,0.02047203097026795
4,central_c0.5_from0.2,9,joint_projected,20301863,False,False,start_invalid_in_corridor,,0.0,0.0,6.0,0.020442938897758722
4,central_c0.5_from0.2,9,ompl_uniform,20301863,True,True,,1,0.13198800093960017,0.009998268,0.13198800093960017,0.13301709503866732
4,central_c0.5_from0.2,9,cartesian_ik,20301863,False,False,start_invalid_in_corridor,,0.0,0.0,6.0,0.021286066970787942
35,offset_c0.7_from0.8,0,cartesian_ik,20611171,True,True,,1,0.09247630997560918,0.017109515,0.09247630997560918,0.11246515600942075
35,offset_c0.7_from0.8,0,joint_projected,20611171,True,True,,1,0.18448887602426112,0.026742692,0.18448887602426112,0.20493566803634167
35,offset_c0.7_from0.8,0,ompl_uniform,20611171,True,True,,1,0.1294265550095588,0.016254813,0.1294265550095588,0.13063253997825086
35,offset_c0.7_from0.8,1,joint_projected,20611272,True,True,,1,0.16297218401450664,0.028759996,0.16297218401450664,0.1835827101022005
35,offset_c0.7_from0.8,1,cartesian_ik,20611272,True,True,,1,0.04516226798295975,0.018225015,0.04516226798295975,0.06504706607665867
35,offset_c0.7_from0.8,1,ompl_uniform,20611272,False,True,path_audit,1,0.11200221197213978,0.015796967,6.0,0.1133089450886473
35,offset_c0.7_from0.8,2,ompl_uniform,20611373,True,True,,1,0.15749687899369746,0.010260306,0.15749687899369746,0.158908637939021
35,offset_c0.7_from0.8,2,cartesian_ik,20611373,True,True,,1,0.16147354803979397,0.010772873,0.16147354803979397,0.18183730205055326
35,offset_c0.7_from0.8,2,joint_projected,20611373,True,True,,1,0.18843993509653956,0.027852455,0.18843993509653956,0.2088489440502599
35,offset_c0.7_from0.8,3,cartesian_ik,20611474,True,True,,1,0.03163652995135635,0.00799493,0.03163652995135635,0.051750676007941365
35,offset_c0.7_from0.8,3,ompl_uniform,20611474,True,True,,1,0.15008665004279464,0.021502958,0.15008665004279464,0.15123773599043489
35,offset_c0.7_from0.8,3,joint_projected,20611474,True,True,,1,0.1243810000596568,0.028537533,0.1243810000596568,0.14509878202807158
35,offset_c0.7_from0.8,4,joint_projected,20611575,True,True,,1,0.12036657694261521,0.034440073,0.12036657694261521,0.14064128405880183
35,offset_c0.7_from0.8,4,cartesian_ik,20611575,True,True,,1,0.1096907869214192,0.011648648,0.1096907869214192,0.12992500001564622
35,offset_c0.7_from0.8,4,ompl_uniform,20611575,True,True,,1,0.10187858704011887,0.020236656,0.10187858704011887,0.10308540100231767
35,offset_c0.7_from0.8,5,joint_projected,20611676,True,True,,1,0.10823075205553323,0.014303567,0.10823075205553323,0.12853048113174736
35,offset_c0.7_from0.8,5,cartesian_ik,20611676,True,True,,1,0.1702107220189646,0.039140126,0.1702107220189646,0.1902885939925909
35,offset_c0.7_from0.8,5,ompl_uniform,20611676,True,True,,1,0.13709943101275712,0.005954463,0.13709943101275712,0.13823008304461837
35,offset_c0.7_from0.8,6,ompl_uniform,20611777,True,True,,1,0.1033927610842511,0.010320143,0.1033927610842511,0.10472049203235656
35,offset_c0.7_from0.8,6,joint_projected,20611777,True,True,,1,0.0746679320000112,0.024177645,0.0746679320000112,0.09477671107742935
35,offset_c0.7_from0.8,6,cartesian_ik,20611777,True,True,,1,0.19502437603659928,0.011074087,0.19502437603659928,0.2149503150722012
35,offset_c0.7_from0.8,7,ompl_uniform,20611878,True,True,,1,0.14809761196374893,0.010894904,0.14809761196374893,0.149300527991727
35,offset_c0.7_from0.8,7,cartesian_ik,20611878,True,True,,1,0.1675045050214976,0.020102676,0.1675045050214976,0.18785965896677226
35,offset_c0.7_from0.8,7,joint_projected,20611878,True,True,,1,0.16517743188887835,0.024209205,0.16517743188887835,0.18546572409104556
35,offset_c0.7_from0.8,8,joint_projected,20611979,True,True,,1,0.0425301119685173,0.023353225,0.0425301119685173,0.06334681808948517
35,offset_c0.7_from0.8,8,ompl_uniform,20611979,True,True,,1,0.10544535703957081,0.010033779,0.10544535703957081,0.10716270899865776
35,offset_c0.7_from0.8,8,cartesian_ik,20611979,True,True,,1,0.2207992949988693,0.048387669,0.2207992949988693,0.24129307304974645
35,offset_c0.7_from0.8,9,joint_projected,20612080,True,True,,1,0.0882795739453286,0.031594265,0.0882795739453286,0.10871903609950095
35,offset_c0.7_from0.8,9,ompl_uniform,20612080,True,True,,1,0.13020204496569932,0.010310356,0.13020204496569932,0.13160845497623086
35,offset_c0.7_from0.8,9,cartesian_ik,20612080,True,True,,1,0.05150982295162976,0.0154792,0.05150982295162976,0.072463394026272
21,offset_c0.5_from0.2,0,cartesian_ik,20471073,True,True,,1,0.27183336904272437,0.043666109,0.27183336904272437,0.2921068320283666
21,offset_c0.5_from0.2,0,joint_projected,20471073,True,True,,1,0.20721118594519794,0.024220773,0.20721118594519794,0.22804863809142262
21,offset_c0.5_from0.2,0,ompl_uniform,20471073,True,True,,1,0.18881949002388865,0.034652777,0.18881949002388865,0.19024992897175252
21,offset_c0.5_from0.2,1,cartesian_ik,20471174,True,True,,1,0.1701360970037058,0.031001869,0.1701360970037058,0.19129843404516578
21,offset_c0.5_from0.2,1,joint_projected,20471174,True,True,,1,0.1894255121005699,0.045132175,0.1894255121005699,0.21029836509842426
21,offset_c0.5_from0.2,1,ompl_uniform,20471174,True,True,,1,0.20913879689760506,0.040838452,0.20913879689760506,0.21075393201317638
21,offset_c0.5_from0.2,2,cartesian_ik,20471275,True,True,,1,0.09634064498823136,0.028296518,0.09634064498823136,0.11701049411203712
21,offset_c0.5_from0.2,2,ompl_uniform,20471275,True,True,,1,0.20669703907333314,0.042190962,0.20669703907333314,0.2082651510136202
21,offset_c0.5_from0.2,2,joint_projected,20471275,True,True,,1,0.16482258099131286,0.019363062,0.16482258099131286,0.18537950608879328
21,offset_c0.5_from0.2,3,cartesian_ik,20471376,True,True,,1,0.10607621702365577,0.051712032,0.10607621702365577,0.12615020712837577
21,offset_c0.5_from0.2,3,joint_projected,20471376,True,True,,1,0.12163291207980365,0.01974152,0.12163291207980365,0.14225539506878704
21,offset_c0.5_from0.2,3,ompl_uniform,20471376,True,True,,1,0.07167273201048374,0.011306415,0.07167273201048374,0.07346737291663885
21,offset_c0.5_from0.2,4,cartesian_ik,20471477,True,True,,1,0.033419598010368645,0.005181098,0.033419598010368645,0.05440645513590425
21,offset_c0.5_from0.2,4,ompl_uniform,20471477,True,True,,1,0.08293997403234243,0.0094096,0.08293997403234243,0.0845380270620808
21,offset_c0.5_from0.2,4,joint_projected,20471477,True,True,,1,0.09702182607725263,0.030120695,0.09702182607725263,0.11793783213943243
21,offset_c0.5_from0.2,5,ompl_uniform,20471578,True,True,,1,0.07903836900368333,0.01906841,0.07903836900368333,0.08038013405166566
21,offset_c0.5_from0.2,5,cartesian_ik,20471578,True,True,,1,0.08202204294502735,0.019544845,0.08202204294502735,0.10336058307439089
21,offset_c0.5_from0.2,5,joint_projected,20471578,True,True,,1,0.17919758206699044,0.027943063,0.17919758206699044,0.20044657308608294
21,offset_c0.5_from0.2,6,cartesian_ik,20471679,True,True,,1,0.20655130106024444,0.040341705,0.20655130106024444,0.22735273907892406
21,offset_c0.5_from0.2,6,joint_projected,20471679,True,True,,1,0.2034993669949472,0.029826443,0.2034993669949472,0.22386284009553492
21,offset_c0.5_from0.2,6,ompl_uniform,20471679,True,True,,1,0.1966962880687788,0.047873469,0.1966962880687788,0.1978373529855162
21,offset_c0.5_from0.2,7,ompl_uniform,20471780,True,True,,1,0.1590973810525611,0.034550847,0.1590973810525611,0.16094603994861245
21,offset_c0.5_from0.2,7,cartesian_ik,20471780,True,True,,1,0.22893329593352973,0.023022478,0.22893329593352973,0.24937247904017568
21,offset_c0.5_from0.2,7,joint_projected,20471780,True,True,,1,0.08095234003849328,0.017895845,0.08095234003849328,0.10165738104842603
21,offset_c0.5_from0.2,8,cartesian_ik,20471881,True,True,,1,0.26700634602457285,0.104162336,0.26700634602457285,0.28768357215449214
21,offset_c0.5_from0.2,8,joint_projected,20471881,True,True,,1,0.1298138740239665,0.053892441,0.1298138740239665,0.1504363090498373
21,offset_c0.5_from0.2,8,ompl_uniform,20471881,True,True,,1,0.27476296899840236,0.035220601,0.27476296899840236,0.2767424910562113
21,offset_c0.5_from0.2,9,joint_projected,20471982,True,True,,1,0.1336278539383784,0.031693929,0.1336278539383784,0.15493864205200225
21,offset_c0.5_from0.2,9,cartesian_ik,20471982,True,True,,1,0.10726835997775197,0.053627826,0.10726835997775197,0.12819483608473092
21,offset_c0.5_from0.2,9,ompl_uniform,20471982,True,True,,1,0.19124524504877627,0.022370698,0.19124524504877627,0.1925733460811898
56,distant_c0.7_from0.8,0,joint_projected,20821318,True,True,,1,0.08477360801771283,0.025336572,0.08477360801771283,0.10453202296048403
56,distant_c0.7_from0.8,0,cartesian_ik,20821318,True,True,,1,0.18278179306071252,0.02423262,0.18278179306071252,0.20307494699954987
56,distant_c0.7_from0.8,0,ompl_uniform,20821318,True,True,,1,0.1842574040638283,0.02866102,0.1842574040638283,0.18556885898578912
56,distant_c0.7_from0.8,1,joint_projected,20821419,True,True,,1,0.057857073028571904,0.015966695,0.057857073028571904,0.07831447699572891
56,distant_c0.7_from0.8,1,cartesian_ik,20821419,True,True,,1,0.13336285995319486,0.021396312,0.13336285995319486,0.15380763600114733
56,distant_c0.7_from0.8,1,ompl_uniform,20821419,True,True,,1,0.20452846493571997,0.015842282,0.20452846493571997,0.20627152302768081
56,distant_c0.7_from0.8,2,ompl_uniform,20821520,True,True,,1,0.10169478203170002,0.01259061,0.10169478203170002,0.10353826498612761
56,distant_c0.7_from0.8,2,cartesian_ik,20821520,True,True,,1,0.12111543002538383,0.037453947,0.12111543002538383,0.14176796399988234
56,distant_c0.7_from0.8,2,joint_projected,20821520,True,True,,1,0.05568394507281482,0.02491538,0.05568394507281482,0.07613809907343239
56,distant_c0.7_from0.8,3,cartesian_ik,20821621,True,True,,1,0.17859737505204976,0.035108945,0.17859737505204976,0.1990321520715952
56,distant_c0.7_from0.8,3,ompl_uniform,20821621,True,True,,1,0.15711398306302726,0.013937474,0.15711398306302726,0.15889414306730032
56,distant_c0.7_from0.8,3,joint_projected,20821621,True,True,,1,0.07584431697614491,0.023241553,0.07584431697614491,0.09711709595285356
56,distant_c0.7_from0.8,4,cartesian_ik,20821722,True,True,,1,0.10454545402899384,0.02433457,0.10454545402899384,0.12512171897105873
56,distant_c0.7_from0.8,4,ompl_uniform,20821722,True,True,,1,0.15340293699409813,0.010019878,0.15340293699409813,0.15524732298217714
56,distant_c0.7_from0.8,4,joint_projected,20821722,True,True,,1,0.04185104893986136,0.017931961,0.04185104893986136,0.06268444494344294
56,distant_c0.7_from0.8,5,joint_projected,20821823,True,True,,1,0.09948828793130815,0.029264092,0.09948828793130815,0.11968151095788926
56,distant_c0.7_from0.8,5,cartesian_ik,20821823,True,True,,1,0.11655215302016586,0.023843631,0.11655215302016586,0.13728917692787945
56,distant_c0.7_from0.8,5,ompl_uniform,20821823,True,True,,1,0.12290333106648177,0.032756954,0.12290333106648177,0.12455371697433293
56,distant_c0.7_from0.8,6,cartesian_ik,20821924,True,True,,1,0.11095532798208296,0.021222575,0.11095532798208296,0.13154568895697594
56,distant_c0.7_from0.8,6,ompl_uniform,20821924,True,True,,1,0.1408908860757947,0.017426705,0.1408908860757947,0.14254556689411402
56,distant_c0.7_from0.8,6,joint_projected,20821924,True,True,,1,0.08201706106774509,0.022801056,0.08201706106774509,0.10220407298766077
56,distant_c0.7_from0.8,7,ompl_uniform,20822025,True,True,,1,0.12350849097128958,0.011272044,0.12350849097128958,0.12478173896670341
56,distant_c0.7_from0.8,7,joint_projected,20822025,True,True,,1,0.08022001502104104,0.02338484,0.08022001502104104,0.1006907899864018
56,distant_c0.7_from0.8,7,cartesian_ik,20822025,True,True,,1,0.1768875669222325,0.016789189,0.1768875669222325,0.19709989707916975
56,distant_c0.7_from0.8,8,joint_projected,20822126,True,True,,1,0.19754378800280392,0.023642512,0.19754378800280392,0.21793605503626168
56,distant_c0.7_from0.8,8,cartesian_ik,20822126,True,True,,1,0.09110457194037735,0.017887075,0.09110457194037735,0.12153695407323539
56,distant_c0.7_from0.8,8,ompl_uniform,20822126,True,True,,1,0.30652384308632463,0.015798751,0.30652384308632463,0.3079950340325013
56,distant_c0.7_from0.8,9,ompl_uniform,20822227,True,True,,1,0.13866903097368777,0.012847498,0.13866903097368777,0.14009783894289285
56,distant_c0.7_from0.8,9,joint_projected,20822227,True,True,,1,0.1003327959915623,0.040684183,0.1003327959915623,0.12051251193042845
56,distant_c0.7_from0.8,9,cartesian_ik,20822227,True,True,,1,0.1810390530154109,0.026212007,0.1810390530154109,0.20119108399376273
5,central_c0.5_from0.2,0,cartesian_ik,20310961,True,True,,1,0.11495129799004644,0.033364579,0.11495129799004644,0.135232210974209
5,central_c0.5_from0.2,0,ompl_uniform,20310961,True,True,,1,0.28417729400098324,0.043658372,0.28417729400098324,0.2857530560577288
5,central_c0.5_from0.2,0,joint_projected,20310961,True,True,,1,0.1802706189919263,0.022600263,0.1802706189919263,0.20076488296035677
5,central_c0.5_from0.2,1,ompl_uniform,20311062,True,True,,1,0.16685704595874995,0.020372751,0.16685704595874995,0.1684354740427807
5,central_c0.5_from0.2,1,joint_projected,20311062,True,True,,1,0.170721631962806,0.039681587,0.170721631962806,0.19159511593170464
5,central_c0.5_from0.2,1,cartesian_ik,20311062,True,True,,1,0.31940857600420713,0.022294691,0.31940857600420713,0.3401181389344856
5,central_c0.5_from0.2,2,joint_projected,20311163,True,True,,1,0.12406958802603185,0.036628926,0.12406958802603185,0.14468881697393954
5,central_c0.5_from0.2,2,cartesian_ik,20311163,True,True,,1,0.20052407903131098,0.020683679,0.20052407903131098,0.22174956707749516
5,central_c0.5_from0.2,2,ompl_uniform,20311163,True,True,,1,0.27792288397904485,0.038209328,0.27792288397904485,0.27926550596021116
5,central_c0.5_from0.2,3,joint_projected,20311264,True,True,,1,0.23589726991485804,0.054238561,0.23589726991485804,0.25702956004533917
5,central_c0.5_from0.2,3,ompl_uniform,20311264,True,True,,1,0.41212339710909873,0.06630537,0.41212339710909873,0.41371388593688607
5,central_c0.5_from0.2,3,cartesian_ik,20311264,True,True,,1,0.19427355495281518,0.094322502,0.19427355495281518,0.21523449395317584
5,central_c0.5_from0.2,4,joint_projected,20311365,True,True,,1,0.194908416015096,0.039254158,0.194908416015096,0.2159241329645738
5,central_c0.5_from0.2,4,ompl_uniform,20311365,True,True,,1,0.5101815110538155,0.038760001,0.5101815110538155,0.5122834700159729
5,central_c0.5_from0.2,4,cartesian_ik,20311365,True,True,,1,0.25771642301697284,0.112435735,0.25771642301697284,0.2787522110156715
5,central_c0.5_from0.2,5,ompl_uniform,20311466,True,True,,1,0.30748566903639585,0.045692947,0.30748566903639585,0.308971893042326
5,central_c0.5_from0.2,5,cartesian_ik,20311466,True,True,,1,0.289932660991326,0.05948373,0.289932660991326,0.3114720450248569
5,central_c0.5_from0.2,5,joint_projected,20311466,True,True,,1,0.20256544998846948,0.030416071,0.20256544998846948,0.2234112429432571
5,central_c0.5_from0.2,6,cartesian_ik,20311567,True,True,,1,0.3960490730823949,0.090468427,0.3960490730823949,0.4163839489920065
5,central_c0.5_from0.2,6,ompl_uniform,20311567,True,True,,1,0.145652792067267,0.011477249,0.145652792067267,0.147328334976919
5,central_c0.5_from0.2,6,joint_projected,20311567,True,True,,1,0.08577436907216907,0.023036423,0.08577436907216907,0.10684687399771065
5,central_c0.5_from0.2,7,joint_projected,20311668,True,True,,1,0.10581659991294146,0.027704672,0.10581659991294146,0.12701230694074184
5,central_c0.5_from0.2,7,cartesian_ik,20311668,True,True,,1,0.20131121296435595,0.059373918,0.20131121296435595,0.22219042002689093
5,central_c0.5_from0.2,7,ompl_uniform,20311668,True,True,,1,0.46099817601498216,0.0326841,0.46099817601498216,0.4630384420743212
5,central_c0.5_from0.2,8,ompl_uniform,20311769,True,True,,1,0.2551291879499331,0.037778979,0.2551291879499331,0.2572074889903888
5,central_c0.5_from0.2,8,cartesian_ik,20311769,True,True,,1,0.19098626694176346,0.046430707,0.19098626694176346,0.21191511396318674
5,central_c0.5_from0.2,8,joint_projected,20311769,True,True,,1,0.17866119707468897,0.032069913,0.17866119707468897,0.19952863489743322
5,central_c0.5_from0.2,9,joint_projected,20311870,True,True,,1,0.18210381001699716,0.023974449,0.18210381001699716,0.2027744489023462
5,central_c0.5_from0.2,9,cartesian_ik,20311870,True,True,,1,0.2292952430434525,0.077974278,0.2292952430434525,0.24994499003514647
5,central_c0.5_from0.2,9,ompl_uniform,20311870,True,True,,1,0.4044843859737739,0.025799592,0.4044843859737739,0.40617026609834284
58,distant_c0.7_from0.8,0,cartesian_ik,20841332,True,True,,1,0.07769937091507018,0.015934297,0.07769937091507018,0.09798781701829284
58,distant_c0.7_from0.8,0,ompl_uniform,20841332,True,True,,1,0.1930244609247893,0.031160935,0.1930244609247893,0.19441296206787229
58,distant_c0.7_from0.8,0,joint_projected,20841332,True,True,,1,0.15871683706063777,0.025619688,0.15871683706063777,0.17960091400891542
58,distant_c0.7_from0.8,1,joint_projected,20841433,True,True,,1,0.11187545105349272,0.026978803,0.11187545105349272,0.13263046892825514
58,distant_c0.7_from0.8,1,cartesian_ik,20841433,True,True,,1,0.14123571501113474,0.019041056,0.14123571501113474,0.1617014470975846
58,distant_c0.7_from0.8,1,ompl_uniform,20841433,True,True,,1,0.15318260597996414,0.028883052,0.15318260597996414,0.15498687897343189
58,distant_c0.7_from0.8,2,cartesian_ik,20841534,True,True,,1,0.038695747032761574,0.016559824,0.038695747032761574,0.05980436003301293
58,distant_c0.7_from0.8,2,joint_projected,20841534,True,True,,1,0.10391258797608316,0.034447169,0.10391258797608316,0.1237052499782294
58,distant_c0.7_from0.8,2,ompl_uniform,20841534,True,True,,1,0.07191540999338031,0.014273865,0.07191540999338031,0.07369135494809598
58,distant_c0.7_from0.8,3,joint_projected,20841635,True,True,,1,0.14531605201773345,0.038206904,0.14531605201773345,0.16568837501108646
58,distant_c0.7_from0.8,3,ompl_uniform,20841635,True,True,,1,0.15151323494501412,0.014849997,0.15151323494501412,0.1528097219998017
58,distant_c0.7_from0.8,3,cartesian_ik,20841635,True,True,,1,0.1339794419473037,0.012545781,0.1339794419473037,0.15485146804712713
58,distant_c0.7_from0.8,4,joint_projected,20841736,True,True,,1,0.043169585056602955,0.020589342,0.043169585056602955,0.06341299298219383
58,distant_c0.7_from0.8,4,ompl_uniform,20841736,True,True,,1,0.17236069403588772,0.034997963,0.17236069403588772,0.17368110292591155
58,distant_c0.7_from0.8,4,cartesian_ik,20841736,True,True,,1,0.12205391400493681,0.013450573,0.12205391400493681,0.142911116941832
58,distant_c0.7_from0.8,5,ompl_uniform,20841837,True,True,,1,0.1337243359303102,0.019349367,0.1337243359303102,0.13482763804495335
58,distant_c0.7_from0.8,5,joint_projected,20841837,True,True,,1,0.07952402310911566,0.0217188,0.07952402310911566,0.0995730540016666
58,distant_c0.7_from0.8,5,cartesian_ik,20841837,True,True,,1,0.16673837590496987,0.023806317,0.16673837590496987,0.18677045800723135
58,distant_c0.7_from0.8,6,ompl_uniform,20841938,True,True,,1,0.12538981507532299,0.008501843,0.12538981507532299,0.12676593894138932
58,distant_c0.7_from0.8,6,cartesian_ik,20841938,True,True,,1,0.0735674190800637,0.031224329,0.0735674190800637,0.0942724869819358
58,distant_c0.7_from0.8,6,joint_projected,20841938,True,True,,1,0.039502508006989956,0.006957121,0.039502508006989956,0.06010064005386084
58,distant_c0.7_from0.8,7,cartesian_ik,20842039,True,True,,1,0.098892867914401,0.009237104,0.098892867914401,0.11963006004225463
58,distant_c0.7_from0.8,7,ompl_uniform,20842039,True,True,,1,0.18999550899025053,0.03698449,0.18999550899025053,0.19171201204881072
58,distant_c0.7_from0.8,7,joint_projected,20842039,True,True,,1,0.14225395501125604,0.022044691,0.14225395501125604,0.16254851699341089
58,distant_c0.7_from0.8,8,joint_projected,20842140,True,True,,1,0.11273799790069461,0.031680951,0.11273799790069461,0.13362561503890902
58,distant_c0.7_from0.8,8,cartesian_ik,20842140,True,True,,1,0.08793200203217566,0.018891801,0.08793200203217566,0.10834610799793154
58,distant_c0.7_from0.8,8,ompl_uniform,20842140,True,True,,1,0.15962576295714825,0.014414919,0.15962576295714825,0.16133711906149983
58,distant_c0.7_from0.8,9,joint_projected,20842241,True,True,,1,0.15136667201295495,0.020494967,0.15136667201295495,0.17205740802455693
58,distant_c0.7_from0.8,9,ompl_uniform,20842241,True,True,,1,0.12746172794140875,0.028148465,0.12746172794140875,0.12909559393301606
58,distant_c0.7_from0.8,9,cartesian_ik,20842241,True,True,,1,0.07699648302514106,0.007034831,0.07699648302514106,0.09792925510555506
27,offset_c0.5_from0.2,0,joint_projected,20531115,True,True,,1,0.10141419398132712,0.024864163,0.10141419398132712,0.1217101109214127
27,offset_c0.5_from0.2,0,cartesian_ik,20531115,True,True,,1,0.07966191892046481,0.021501848,0.07966191892046481,0.10071671498008072
27,offset_c0.5_from0.2,0,ompl_uniform,20531115,True,True,,1,0.11585744703188539,0.010806095,0.11585744703188539,0.11726203002035618
27,offset_c0.5_from0.2,1,cartesian_ik,20531216,True,True,,1,0.04741408594418317,0.006035847,0.04741408594418317,0.06757210800424218
27,offset_c0.5_from0.2,1,joint_projected,20531216,True,True,,1,0.07026741199661046,0.027288493,0.07026741199661046,0.09097857202868909
27,offset_c0.5_from0.2,1,ompl_uniform,20531216,True,True,,1,0.11245431401766837,0.022646742,0.11245431401766837,0.11380648997146636
27,offset_c0.5_from0.2,2,joint_projected,20531317,True,True,,1,0.13446127797942609,0.03810193,0.13446127797942609,0.15536331699695438
27,offset_c0.5_from0.2,2,cartesian_ik,20531317,True,True,,1,0.050806739018298686,0.007370493,0.050806739018298686,0.0712899009231478
27,offset_c0.5_from0.2,2,ompl_uniform,20531317,True,True,,1,0.18804957391694188,0.022556147,0.18804957391694188,0.18951142998412251
27,offset_c0.5_from0.2,3,cartesian_ik,20531418,True,True,,1,0.12234191200695932,0.009025028,0.12234191200695932,0.14247564401011914
27,offset_c0.5_from0.2,3,joint_projected,20531418,True,True,,1,0.051433915039524436,0.0194568,0.051433915039524436,0.07144155399873853
27,offset_c0.5_from0.2,3,ompl_uniform,20531418,True,True,,1,0.10317036206834018,0.015797056,0.10317036206834018,0.10458498704247177
27,offset_c0.5_from0.2,4,cartesian_ik,20531519,True,True,,1,0.16996485507115722,0.034134998,0.16996485507115722,0.19115806394256651
27,offset_c0.5_from0.2,4,joint_projected,20531519,True,True,,1,0.08514629199635237,0.024914012,0.08514629199635237,0.10615040105767548
27,offset_c0.5_from0.2,4,ompl_uniform,20531519,True,True,,1,0.11412036698311567,0.012966774,0.11412036698311567,0.1152846779441461
27,offset_c0.5_from0.2,5,cartesian_ik,20531620,True,True,,1,0.1263175819767639,0.035711409,0.1263175819767639,0.1471326689934358
27,offset_c0.5_from0.2,5,joint_projected,20531620,True,True,,1,0.035703859059140086,0.020716172,0.035703859059140086,0.05591689900029451
27,offset_c0.5_from0.2,5,ompl_uniform,20531620,True,True,,1,0.14855731197167188,0.009698542,0.14855731197167188,0.15018120408058167
27,offset_c0.5_from0.2,6,ompl_uniform,20531721,True,True,,1,0.18424441199749708,0.034832512,0.18424441199749708,0.18535828799940646
27,offset_c0.5_from0.2,6,joint_projected,20531721,True,True,,1,0.13988252100534737,0.025824359,0.13988252100534737,0.16014441999141127
27,offset_c0.5_from0.2,6,cartesian_ik,20531721,True,True,,1,0.05568786908406764,0.017857112,0.05568786908406764,0.07626603497192264
27,offset_c0.5_from0.2,7,cartesian_ik,20531822,True,True,,1,0.09222794894594699,0.013475498,0.09222794894594699,0.11303924303501844
27,offset_c0.5_from0.2,7,joint_projected,20531822,True,True,,1,0.05796462204307318,0.017236258,0.05796462204307318,0.07848100096452981
27,offset_c0.5_from0.2,7,ompl_uniform,20531822,True,True,,1,0.19379479601047933,0.0104295,0.19379479601047933,0.19525497499853373
27,offset_c0.5_from0.2,8,ompl_uniform,20531923,True,True,,1,0.17362199095077813,0.023891893,0.17362199095077813,0.17500640696380287
27,offset_c0.5_from0.2,8,cartesian_ik,20531923,True,True,,1,0.11192951793782413,0.005645997,0.11192951793782413,0.13198098808061332
27,offset_c0.5_from0.2,8,joint_projected,20531923,True,True,,1,0.09018706704955548,0.024331073,0.09018706704955548,0.11093369696754962
27,offset_c0.5_from0.2,9,joint_projected,20532024,True,True,,1,0.1673878589645028,0.016050016,0.1673878589645028,0.18739703693427145
27,offset_c0.5_from0.2,9,ompl_uniform,20532024,True,True,,1,0.0732923720497638,0.012999249,0.0732923720497638,0.07494141801726073
27,offset_c0.5_from0.2,9,cartesian_ik,20532024,True,True,,1,0.14482818299438804,0.034042282,0.14482818299438804,0.1654816409572959
25,offset_c0.5_from0.2,0,joint_projected,20511101,True,True,,1,0.12081532995216548,0.02414249,0.12081532995216548,0.1411290760152042
25,offset_c0.5_from0.2,0,cartesian_ik,20511101,True,True,,1,0.12712266203016043,0.032565765,0.12712266203016043,0.1473023269791156
25,offset_c0.5_from0.2,0,ompl_uniform,20511101,True,True,,1,0.16710914205759764,0.010234301,0.16710914205759764,0.16856149793602526
25,offset_c0.5_from0.2,1,ompl_uniform,20511202,True,True,,1,0.17207526706624776,0.009354811,0.17207526706624776,0.1736330749699846
25,offset_c0.5_from0.2,1,cartesian_ik,20511202,True,True,,1,0.23119701410178095,0.063267244,0.23119701410178095,0.2515329250600189
25,offset_c0.5_from0.2,1,joint_projected,20511202,True,True,,1,0.13147498900070786,0.033226029,0.13147498900070786,0.15200165810529143
25,offset_c0.5_from0.2,2,cartesian_ik,20511303,True,True,,1,0.09304053103551269,0.009179772,0.09304053103551269,0.11373846197966486
25,offset_c0.5_from0.2,2,joint_projected,20511303,True,True,,1,0.17369095399044454,0.030556731,0.17369095399044454,0.1942782299593091
25,offset_c0.5_from0.2,2,ompl_uniform,20511303,True,True,,1,0.22947999509051442,0.009877835,0.22947999509051442,0.23119206307455897
25,offset_c0.5_from0.2,3,cartesian_ik,20511404,True,True,,1,0.0950724259018898,0.047786498,0.0950724259018898,0.11587242502719164
25,offset_c0.5_from0.2,3,joint_projected,20511404,True,True,,1,0.1139575979905203,0.017144352,0.1139575979905203,0.1344735500169918
25,offset_c0.5_from0.2,3,ompl_uniform,20511404,True,True,,1,0.14958580408710986,0.018910603,0.14958580408710986,0.15137325099203736
25,offset_c0.5_from0.2,4,ompl_uniform,20511505,True,True,,1,0.06646141200326383,0.006192977,0.06646141200326383,0.06772347202058882
25,offset_c0.5_from0.2,4,joint_projected,20511505,True,True,,1,0.1451331350253895,0.040874313,0.1451331350253895,0.16580003593117
25,offset_c0.5_from0.2,4,cartesian_ik,20511505,True,True,,1,0.11759946297388524,0.027066812,0.11759946297388524,0.1374442829983309
25,offset_c0.5_from0.2,5,ompl_uniform,20511606,True,True,,1,0.1846204249886796,0.017482234,0.1846204249886796,0.18594722892157733
25,offset_c0.5_from0.2,5,cartesian_ik,20511606,True,True,,1,0.29594847408588976,0.053766474,0.29594847408588976,0.31701529992278665
25,offset_c0.5_from0.2,5,joint_projected,20511606,True,True,,1,0.033046904951334,0.024348278,0.033046904951334,0.053316127974539995
25,offset_c0.5_from0.2,6,joint_projected,20511707,True,True,,1,0.08869575697463006,0.013020046,0.08869575697463006,0.10928820609115064
25,offset_c0.5_from0.2,6,cartesian_ik,20511707,True,True,,1,0.13024987396784127,0.014946214,0.13024987396784127,0.15040203207172453
25,offset_c0.5_from0.2,6,ompl_uniform,20511707,True,True,,1,0.14529588306322694,0.011204979,0.14529588306322694,0.146728529012762
25,offset_c0.5_from0.2,7,ompl_uniform,20511808,True,True,,1,0.07795672002248466,0.007518908,0.07795672002248466,0.07981250190641731
25,offset_c0.5_from0.2,7,joint_projected,20511808,True,True,,1,0.1041364079574123,0.021113217,0.1041364079574123,0.12515286705456674
25,offset_c0.5_from0.2,7,cartesian_ik,20511808,True,True,,1,0.08073843200691044,0.025242504,0.08073843200691044,0.10134654201101512
25,offset_c0.5_from0.2,8,cartesian_ik,20511909,True,True,,1,0.13124068395700306,0.033754792,0.13124068395700306,0.1518587409518659
25,offset_c0.5_from0.2,8,ompl_uniform,20511909,True,True,,1,0.13962331297807395,0.009692294,0.13962331297807395,0.14092251495458186
25,offset_c0.5_from0.2,8,joint_projected,20511909,True,True,,1,0.30142622301355004,0.027768923,0.30142622301355004,0.3220232299063355
25,offset_c0.5_from0.2,9,joint_projected,20512010,True,True,,1,0.06588271097280085,0.019519129,0.06588271097280085,0.08696711505763233
25,offset_c0.5_from0.2,9,ompl_uniform,20512010,True,True,,1,0.14738563704304397,0.020248961,0.14738563704304397,0.14839370897971094
25,offset_c0.5_from0.2,9,cartesian_ik,20512010,True,True,,1,0.22202135901898146,0.026876117,0.22202135901898146,0.24242484499700367
57,distant_c0.7_from0.8,0,cartesian_ik,20831325,True,True,,1,0.12816684297285974,0.013704801,0.12816684297285974,0.148203396005556
57,distant_c0.7_from0.8,0,ompl_uniform,20831325,True,True,,1,0.07738601299934089,0.021513396,0.07738601299934089,0.07869138894602656
57,distant_c0.7_from0.8,0,joint_projected,20831325,True,True,,1,0.0738716300111264,0.024950515,0.0738716300111264,0.09469530987553298
57,distant_c0.7_from0.8,1,ompl_uniform,20831426,True,True,,1,0.08966117608360946,0.01186545,0.08966117608360946,0.09154515399131924
57,distant_c0.7_from0.8,1,cartesian_ik,20831426,True,True,,1,0.09205731400288641,0.012887854,0.09205731400288641,0.1122812689282
57,distant_c0.7_from0.8,1,joint_projected,20831426,False,True,path_audit,1,0.017652246984653175,0.007742801,6.0,0.038035737932659686
57,distant_c0.7_from0.8,2,ompl_uniform,20831527,True,True,,1,0.15089234104380012,0.019289383,0.15089234104380012,0.15215304703451693
57,distant_c0.7_from0.8,2,joint_projected,20831527,True,True,,1,0.0781372080091387,0.014293204,0.0781372080091387,0.09923850593622774
57,distant_c0.7_from0.8,2,cartesian_ik,20831527,True,True,,1,0.15694065496791154,0.040020425,0.15694065496791154,0.1771305858856067
57,distant_c0.7_from0.8,3,ompl_uniform,20831628,True,True,,1,0.10485871997661889,0.021189785,0.10485871997661889,0.1062100789276883
57,distant_c0.7_from0.8,3,joint_projected,20831628,True,True,,1,0.08499001909513026,0.028930604,0.08499001909513026,0.10553772386629134
57,distant_c0.7_from0.8,3,cartesian_ik,20831628,True,True,,1,0.0835250539239496,0.031718454,0.0835250539239496,0.10393140895757824
57,distant_c0.7_from0.8,4,cartesian_ik,20831729,True,True,,1,0.10651653702370822,0.012966037,0.10651653702370822,0.1271463199518621
57,distant_c0.7_from0.8,4,joint_projected,20831729,True,True,,1,0.031931190053001046,0.009757425,0.031931190053001046,0.05198819388169795
57,distant_c0.7_from0.8,4,ompl_uniform,20831729,True,True,,1,0.15756615810096264,0.02088154,0.15756615810096264,0.15891097905114293
57,distant_c0.7_from0.8,5,joint_projected,20831830,True,True,,1,0.17613781103864312,0.03169003,0.17613781103864312,0.19685670197941363
57,distant_c0.7_from0.8,5,cartesian_ik,20831830,True,True,,1,0.07364754402078688,0.025476681,0.07364754402078688,0.09404414496384561
57,distant_c0.7_from0.8,5,ompl_uniform,20831830,True,True,,1,0.18371724302414805,0.018983858,0.18371724302414805,0.1850527049973607
57,distant_c0.7_from0.8,6,ompl_uniform,20831931,True,True,,1,0.14257523696869612,0.012792746,0.14257523696869612,0.14426458498928696
57,distant_c0.7_from0.8,6,joint_projected,20831931,True,True,,1,0.16909668606240302,0.031886222,0.16909668606240302,0.19009183999150991
57,distant_c0.7_from0.8,6,cartesian_ik,20831931,True,True,,1,0.11270876694470644,0.032987099,0.11270876694470644,0.13369523093570024
57,distant_c0.7_from0.8,7,cartesian_ik,20832032,True,True,,1,0.03839837701525539,0.01503068,0.03839837701525539,0.05863061489071697
57,distant_c0.7_from0.8,7,ompl_uniform,20832032,True,True,,1,0.12338761694263667,0.012721317,0.12338761694263667,0.12491489900276065
57,distant_c0.7_from0.8,7,joint_projected,20832032,True,True,,1,0.061288086930289865,0.019621596,0.061288086930289865,0.08197220682632178
57,distant_c0.7_from0.8,8,ompl_uniform,20832133,True,True,,1,0.18412599700968713,0.015553089,0.18412599700968713,0.18535300600342453
57,distant_c0.7_from0.8,8,cartesian_ik,20832133,True,True,,1,0.14521793194580823,0.039965465,0.14521793194580823,0.16578233696054667
57,distant_c0.7_from0.8,8,joint_projected,20832133,True,True,,1,0.1134907549712807,0.03287138,0.1134907549712807,0.1338266929378733
57,distant_c0.7_from0.8,9,joint_projected,20832234,True,True,,1,0.02861155103892088,0.014455462,0.02861155103892088,0.048954872880131006
57,distant_c0.7_from0.8,9,ompl_uniform,20832234,True,True,,1,0.11997048207558692,0.015826244,0.11997048207558692,0.12137701699975878
57,distant_c0.7_from0.8,9,cartesian_ik,20832234,True,True,,1,0.07510456698946655,0.020173179,0.07510456698946655,0.09543174784630537
3,central_c0.5_from0.2,0,ompl_uniform,20290947,True,True,,1,0.17108196706976742,0.018857107,0.17108196706976742,0.172333471942693
3,central_c0.5_from0.2,0,joint_projected,20290947,True,True,,1,0.1356839929940179,0.02514543,0.1356839929940179,0.15751215908676386
3,central_c0.5_from0.2,0,cartesian_ik,20290947,True,True,,1,0.08777711691800505,0.01685298,0.08777711691800505,0.10962497803848237
3,central_c0.5_from0.2,1,joint_projected,20291048,True,True,,1,0.09999819099903107,0.031918014,0.09999819099903107,0.12145348510239273
3,central_c0.5_from0.2,1,cartesian_ik,20291048,True,True,,1,0.29667916207108647,0.056982102,0.29667916207108647,0.3188396400073543
3,central_c0.5_from0.2,1,ompl_uniform,20291048,True,True,,1,0.22882099403068423,0.031028959,0.22882099403068423,0.2305771210230887
3,central_c0.5_from0.2,2,ompl_uniform,20291149,True,True,,1,0.10002923500724137,0.014605704,0.10002923500724137,0.10181459900923073
3,central_c0.5_from0.2,2,joint_projected,20291149,True,True,,1,0.10241513699293137,0.028408136,0.10241513699293137,0.1240586400963366
3,central_c0.5_from0.2,2,cartesian_ik,20291149,True,True,,1,0.10274937504436821,0.020254144,0.10274937504436821,0.12458533805329353
3,central_c0.5_from0.2,3,joint_projected,20291250,True,True,,1,0.13482419191859663,0.03280017,0.13482419191859663,0.1568643971113488
3,central_c0.5_from0.2,3,cartesian_ik,20291250,True,True,,1,0.6056454230565578,0.15575346,0.6056454230565578,0.6282163460273296
3,central_c0.5_from0.2,3,ompl_uniform,20291250,True,True,,1,0.20579889602959156,0.01696106,0.20579889602959156,0.20726985402870923
3,central_c0.5_from0.2,4,ompl_uniform,20291351,True,True,,1,0.06338033697102219,0.009620249,0.06338033697102219,0.06468209403101355
3,central_c0.5_from0.2,4,joint_projected,20291351,True,True,,1,0.10024835995864123,0.027086208,0.10024835995864123,0.12253876810427755
3,central_c0.5_from0.2,4,cartesian_ik,20291351,True,True,,1,0.14635304897092283,0.024902776,0.14635304897092283,0.16790214704815298
3,central_c0.5_from0.2,5,joint_projected,20291452,True,True,,1,0.09957361104898155,0.034946629,0.09957361104898155,0.12152228504419327
3,central_c0.5_from0.2,5,cartesian_ik,20291452,True,True,,1,0.08875850006006658,0.025910305,0.08875850006006658,0.11028776201419532
3,central_c0.5_from0.2,5,ompl_uniform,20291452,True,True,,1,0.16870053892489523,0.01331436,0.16870053892489523,0.17045809503179044
3,central_c0.5_from0.2,6,ompl_uniform,20291553,True,True,,1,0.2157942719059065,0.02623608,0.2157942719059065,0.21750498993787915
3,central_c0.5_from0.2,6,joint_projected,20291553,True,True,,1,0.13140303909312934,0.018737439,0.13140303909312934,0.15323936101049185
3,central_c0.5_from0.2,6,cartesian_ik,20291553,True,True,,1,0.1781241650460288,0.052803116,0.1781241650460288,0.19978423800785094
3,central_c0.5_from0.2,7,joint_projected,20291654,True,True,,1,0.13554626889526844,0.016889288,0.13554626889526844,0.15731629100628197
3,central_c0.5_from0.2,7,cartesian_ik,20291654,True,True,,1,0.18083024595398456,0.065670877,0.18083024595398456,0.2026542950188741
3,central_c0.5_from0.2,7,ompl_uniform,20291654,True,True,,1,0.24712960899341851,0.013612754,0.24712960899341851,0.249065633979626
3,central_c0.5_from0.2,8,joint_projected,20291755,True,True,,1,0.21161654905881733,0.035819053,0.21161654905881733,0.2336305050412193
3,central_c0.5_from0.2,8,cartesian_ik,20291755,True,True,,1,0.17262249300256371,0.04041229,0.17262249300256371,0.19466420402750373
3,central_c0.5_from0.2,8,ompl_uniform,20291755,True,True,,1,0.25818451901432127,0.022640509,0.25818451901432127,0.2595575370360166
3,central_c0.5_from0.2,9,cartesian_ik,20291856,True,True,,1,0.21996096102520823,0.077335125,0.21996096102520823,0.24241356214042753
3,central_c0.5_from0.2,9,joint_projected,20291856,True,True,,1,0.31273084005806595,0.03203639,0.31273084005806595,0.3351309150457382
3,central_c0.5_from0.2,9,ompl_uniform,20291856,True,True,,1,0.18379392800852656,0.012345071,0.18379392800852656,0.1855180299608037
50,distant_c0.7_from0.8,0,cartesian_ik,20761276,True,True,,1,0.07848162797745317,0.019710405,0.07848162797745317,0.0984065339434892
50,distant_c0.7_from0.8,0,joint_projected,20761276,True,True,,1,0.07463066291529685,0.017917723,0.07463066291529685,0.09486515598837286
50,distant_c0.7_from0.8,0,ompl_uniform,20761276,True,True,,1,0.10995720489881933,0.021209501,0.10995720489881933,0.11124366498552263
50,distant_c0.7_from0.8,1,cartesian_ik,20761377,True,True,,1,0.061904703034088016,0.011161834,0.061904703034088016,0.082380429841578
50,distant_c0.7_from0.8,1,joint_projected,20761377,True,True,,1,0.12140573491342366,0.015640271,0.12140573491342366,0.1416386190103367
50,distant_c0.7_from0.8,1,ompl_uniform,20761377,True,True,,1,0.08808749401941895,0.009007041,0.08808749401941895,0.08976159803569317
50,distant_c0.7_from0.8,2,joint_projected,20761478,True,True,,1,0.028752848971635103,0.009817066,0.028752848971635103,0.04915477801114321
50,distant_c0.7_from0.8,2,cartesian_ik,20761478,True,True,,1,0.10843106999527663,0.018966923,0.10843106999527663,0.12834673293400556
50,distant_c0.7_from0.8,2,ompl_uniform,20761478,True,True,,1,0.13529673707671463,0.02475457,0.13529673707671463,0.13668822904583067
50,distant_c0.7_from0.8,3,ompl_uniform,20761579,True,True,,1,0.18473003606777638,0.015577952,0.18473003606777638,0.18631675792858005
50,distant_c0.7_from0.8,3,joint_projected,20761579,True,True,,1,0.16898711503017694,0.036139364,0.16898711503017694,0.18994452198967338
50,distant_c0.7_from0.8,3,cartesian_ik,20761579,True,True,,1,0.1293435828993097,0.01555587,0.1293435828993097,0.15010004898067564
50,distant_c0.7_from0.8,4,cartesian_ik,20761680,True,True,,1,0.12610540399327874,0.011855052,0.12610540399327874,0.1463235808769241
50,distant_c0.7_from0.8,4,ompl_uniform,20761680,True,True,,1,0.09032839606516063,0.022106951,0.09032839606516063,0.09138183505274355
50,distant_c0.7_from0.8,4,joint_projected,20761680,True,True,,1,0.07972892699763179,0.023852789,0.07972892699763179,0.10025273088831455
50,distant_c0.7_from0.8,5,cartesian_ik,20761781,True,True,,1,0.10391120193526149,0.019254083,0.10391120193526149,0.12404178490396589
50,distant_c0.7_from0.8,5,joint_projected,20761781,True,True,,1,0.06376894901040941,0.017291554,0.06376894901040941,0.08434687287081033
50,distant_c0.7_from0.8,5,ompl_uniform,20761781,True,True,,1,0.12082716193981469,0.011563715,0.12082716193981469,0.12215946090873331
50,distant_c0.7_from0.8,6,ompl_uniform,20761882,True,True,,1,0.2444398970110342,0.019416383,0.2444398970110342,0.24582275899592787
50,distant_c0.7_from0.8,6,joint_projected,20761882,True,True,,1,0.20107453898526728,0.037905773,0.20107453898526728,0.22202187799848616
50,distant_c0.7_from0.8,6,cartesian_ik,20761882,True,True,,1,0.09897567401640117,0.018562821,0.09897567401640117,0.119514214922674
50,distant_c0.7_from0.8,7,cartesian_ik,20761983,True,True,,1,0.06374739203602076,0.017420154,0.06374739203602076,0.08414399297907948
50,distant_c0.7_from0.8,7,ompl_uniform,20761983,True,True,,1,0.23190530599094927,0.026133892,0.23190530599094927,0.23335639596916735
50,distant_c0.7_from0.8,7,joint_projected,20761983,True,True,,1,0.19528735394123942,0.022595789,0.19528735394123942,0.21589338686317205
50,distant_c0.7_from0.8,8,joint_projected,20762084,True,True,,1,0.1258214389672503,0.021382882,0.1258214389672503,0.14688703091815114
50,distant_c0.7_from0.8,8,cartesian_ik,20762084,True,True,,1,0.10972346598282456,0.026228096,0.10972346598282456,0.13031415292061865
50,distant_c0.7_from0.8,8,ompl_uniform,20762084,True,True,,1,0.12908788793720305,0.011597735,0.12908788793720305,0.13073699595406651
50,distant_c0.7_from0.8,9,cartesian_ik,20762185,True,True,,1,0.1408735050354153,0.034387204,0.1408735050354153,0.16139007289893925
50,distant_c0.7_from0.8,9,ompl_uniform,20762185,True,True,,1,0.17736121104098856,0.008539639,0.17736121104098856,0.17901534296106547
50,distant_c0.7_from0.8,9,joint_projected,20762185,True,True,,1,0.140683488920331,0.027930096,0.140683488920331,0.1614224020158872
18,central_c0.7_from0.8,0,ompl_uniform,20441052,True,True,,1,0.1742643240140751,0.047536956,0.1742643240140751,0.17613743199035525
18,central_c0.7_from0.8,0,cartesian_ik,20441052,True,True,,1,0.241798680042848,0.038806643,0.241798680042848,0.2641244160477072
18,central_c0.7_from0.8,0,joint_projected,20441052,True,True,,1,0.10821242595557123,0.018054953,0.10821242595557123,0.12986934499349445
18,central_c0.7_from0.8,1,ompl_uniform,20441153,True,True,,1,0.21741130901500583,0.030430311,0.21741130901500583,0.2195913379546255
18,central_c0.7_from0.8,1,cartesian_ik,20441153,True,True,,1,0.13705046195536852,0.023704933,0.13705046195536852,0.15859485790133476
18,central_c0.7_from0.8,1,joint_projected,20441153,True,True,,1,0.2968654299620539,0.023566963,0.2968654299620539,0.3189158980967477
18,central_c0.7_from0.8,2,cartesian_ik,20441254,True,True,,1,0.0847847789991647,0.032477416,0.0847847789991647,0.10618862300179899
18,central_c0.7_from0.8,2,joint_projected,20441254,True,True,,1,0.14312339993193746,0.035999561,0.14312339993193746,0.1650343299843371
18,central_c0.7_from0.8,2,ompl_uniform,20441254,True,True,,1,0.1619267800124362,0.01296666,0.1619267800124362,0.1634797400329262
18,central_c0.7_from0.8,3,cartesian_ik,20441355,True,True,,1,0.1443281410029158,0.023971735,0.1443281410029158,0.1655300590209663
18,central_c0.7_from0.8,3,joint_projected,20441355,True,True,,1,0.09899735101498663,0.027848915,0.09899735101498663,0.1201906370697543
18,central_c0.7_from0.8,3,ompl_uniform,20441355,True,True,,1,0.09442164096981287,0.018823892,0.09442164096981287,0.09595974907279015
18,central_c0.7_from0.8,4,joint_projected,20441456,True,True,,1,0.16968327295035124,0.049830489,0.16968327295035124,0.19096986204385757
18,central_c0.7_from0.8,4,cartesian_ik,20441456,True,True,,1,0.20552426495123655,0.10426845,0.20552426495123655,0.22715905006043613
18,central_c0.7_from0.8,4,ompl_uniform,20441456,True,True,,1,0.3448884839890525,0.029705737,0.3448884839890525,0.34672490099910647
18,central_c0.7_from0.8,5,joint_projected,20441557,True,True,,1,0.15427391801495105,0.01681765,0.15427391801495105,0.17580193700268865
18,central_c0.7_from0.8,5,cartesian_ik,20441557,True,True,,1,0.22169566992670298,0.078755863,0.22169566992670298,0.24322628206573427
18,central_c0.7_from0.8,5,ompl_uniform,20441557,True,True,,1,0.13816433295141906,0.037266276,0.13816433295141906,0.1397028180072084
18,central_c0.7_from0.8,6,cartesian_ik,20441658,True,True,,1,0.14597821806091815,0.013836096,0.14597821806091815,0.1675498599652201
18,central_c0.7_from0.8,6,joint_projected,20441658,True,True,,1,0.16473547497298568,0.039711567,0.16473547497298568,0.1863710820907727
18,central_c0.7_from0.8,6,ompl_uniform,20441658,True,True,,1,0.12579570000525564,0.019157633,0.12579570000525564,0.12707949604373425
18,central_c0.7_from0.8,7,ompl_uniform,20441759,True,True,,1,0.19828431901987642,0.026375109,0.19828431901987642,0.19995988602750003
18,central_c0.7_from0.8,7,joint_projected,20441759,True,True,,1,0.23460023396182805,0.052555252,0.23460023396182805,0.25634341000113636
18,central_c0.7_from0.8,7,cartesian_ik,20441759,True,True,,1,0.32891863607801497,0.054220561,0.32891863607801497,0.3500490830047056
18,central_c0.7_from0.8,8,ompl_uniform,20441860,True,True,,1,0.19855767698027194,0.028250502,0.19855767698027194,0.20038055803161114
18,central_c0.7_from0.8,8,joint_projected,20441860,True,True,,1,0.13620410196017474,0.03241447,0.13620410196017474,0.15793552401009947
18,central_c0.7_from0.8,8,cartesian_ik,20441860,True,True,,1,0.10318483493756503,0.023651918,0.10318483493756503,0.12425218208227307
18,central_c0.7_from0.8,9,ompl_uniform,20441961,True,True,,1,0.22263386996928602,0.021377969,0.22263386996928602,0.22452815901488066
18,central_c0.7_from0.8,9,cartesian_ik,20441961,True,True,,1,0.09840205393265933,0.021823437,0.09840205393265933,0.11941677797585726
18,central_c0.7_from0.8,9,joint_projected,20441961,True,True,,1,0.13160533900372684,0.02848621,0.13160533900372684,0.15266536397393793
34,offset_c0.7_from0.8,0,ompl_uniform,20601164,True,True,,1,0.16732819797471166,0.02760732,0.16732819797471166,0.16852672398090363
34,offset_c0.7_from0.8,0,cartesian_ik,20601164,True,True,,1,0.1738854480208829,0.035003652,0.1738854480208829,0.19485613401047885
34,offset_c0.7_from0.8,0,joint_projected,20601164,True,True,,1,0.11407644592691213,0.015332066,0.11407644592691213,0.13515832310076803
34,offset_c0.7_from0.8,1,joint_projected,20601265,True,True,,1,0.1209546229802072,0.018281915,0.1209546229802072,0.14170109201222658
34,offset_c0.7_from0.8,1,ompl_uniform,20601265,True,True,,1,0.11972035595681518,0.014977771,0.11972035595681518,0.12111322698183358
34,offset_c0.7_from0.8,1,cartesian_ik,20601265,True,True,,1,0.19190838595386595,0.040322775,0.19190838595386595,0.21303315099794418
34,offset_c0.7_from0.8,2,cartesian_ik,20601366,True,True,,1,0.13283665291965008,0.011866086,0.13283665291965008,0.15364605200011283
34,offset_c0.7_from0.8,2,ompl_uniform,20601366,True,True,,1,0.12776098505128175,0.018630731,0.12776098505128175,0.12925167800858617
34,offset_c0.7_from0.8,2,joint_projected,20601366,True,True,,1,0.07186793198343366,0.015236081,0.07186793198343366,0.09313106699846685
34,offset_c0.7_from0.8,3,ompl_uniform,20601467,True,True,,1,0.14407614606898278,0.016200926,0.14407614606898278,0.14583673898596317
34,offset_c0.7_from0.8,3,cartesian_ik,20601467,True,True,,1,0.1290498221060261,0.025403186,0.1290498221060261,0.14987767511047423
34,offset_c0.7_from0.8,3,joint_projected,20601467,True,True,,1,0.10277141293045133,0.037308737,0.10277141293045133,0.12314515898469836
34,offset_c0.7_from0.8,4,joint_projected,20601568,True,True,,1,0.1705431540030986,0.043606223,0.1705431540030986,0.19170790095813572
34,offset_c0.7_from0.8,4,cartesian_ik,20601568,True,True,,1,0.20704069698695093,0.045392361,0.20704069698695093,0.2282866700552404
34,offset_c0.7_from0.8,4,ompl_uniform,20601568,True,True,,1,0.15981841797474772,0.008679304,0.15981841797474772,0.16126721096225083
34,offset_c0.7_from0.8,5,cartesian_ik,20601669,True,True,,1,0.15165345196146518,0.02133547,0.15165345196146518,0.17304444103501737
34,offset_c0.7_from0.8,5,ompl_uniform,20601669,True,True,,1,0.15425782999955118,0.008322573,0.15425782999955118,0.1556387470336631
34,offset_c0.7_from0.8,5,joint_projected,20601669,True,True,,1,0.11587404098827392,0.02122963,0.11587404098827392,0.1368566940072924
34,offset_c0.7_from0.8,6,cartesian_ik,20601770,True,True,,1,0.14671401702798903,0.02351889,0.14671401702798903,0.1670258929952979
34,offset_c0.7_from0.8,6,joint_projected,20601770,True,True,,1,0.15246132900938392,0.027496742,0.15246132900938392,0.1726852779975161
34,offset_c0.7_from0.8,6,ompl_uniform,20601770,True,True,,1,0.1047161789610982,0.027028682,0.1047161789610982,0.10581506905145943
34,offset_c0.7_from0.8,7,ompl_uniform,20601871,True,True,,1,0.14804681309033185,0.011893887,0.14804681309033185,0.14951419993303716
34,offset_c0.7_from0.8,7,joint_projected,20601871,True,True,,1,0.0930222999304533,0.02213819,0.0930222999304533,0.11396585498005152
34,offset_c0.7_from0.8,7,cartesian_ik,20601871,True,True,,1,0.1292846539290622,0.031337693,0.1292846539290622,0.14960475999396294
34,offset_c0.7_from0.8,8,ompl_uniform,20601972,True,True,,1,0.08274290198460221,0.006553975,0.08274290198460221,0.08425902598537505
34,offset_c0.7_from0.8,8,cartesian_ik,20601972,True,True,,1,0.05669323692563921,0.018308615,0.05669323692563921,0.07744973700027913
34,offset_c0.7_from0.8,8,joint_projected,20601972,True,True,,1,0.10934200102929026,0.025959316,0.10934200102929026,0.12999057699926198
34,offset_c0.7_from0.8,9,joint_projected,20602073,True,True,,1,0.12929138506297022,0.022465248,0.12929138506297022,0.14998320199083537
34,offset_c0.7_from0.8,9,ompl_uniform,20602073,True,True,,1,0.1677074630279094,0.025500486,0.1677074630279094,0.16919729206711054
34,offset_c0.7_from0.8,9,cartesian_ik,20602073,True,True,,1,0.12303750799037516,0.02527517,0.12303750799037516,0.14421601803041995
45,distant_c0.5_from0.2,0,cartesian_ik,20711241,True,True,,1,0.028065804042853415,0.005499947,0.028065804042853415,0.047886559972539544
45,distant_c0.5_from0.2,0,joint_projected,20711241,True,True,,1,0.10721500497311354,0.023950327,0.10721500497311354,0.127561850938946
45,distant_c0.5_from0.2,0,ompl_uniform,20711241,True,True,,1,0.1793025309452787,0.028670704,0.1793025309452787,0.1807541799498722
45,distant_c0.5_from0.2,1,joint_projected,20711342,True,True,,1,0.12557474698405713,0.026049273,0.12557474698405713,0.14563447888940573
45,distant_c0.5_from0.2,1,ompl_uniform,20711342,True,True,,1,0.16898335597943515,0.02124002,0.16898335597943515,0.17020818800665438
45,distant_c0.5_from0.2,1,cartesian_ik,20711342,True,True,,1,0.08493954502046108,0.019944705,0.08493954502046108,0.10551141295582056
45,distant_c0.5_from0.2,2,ompl_uniform,20711443,True,True,,1,0.09958390495739877,0.008362543,0.09958390495739877,0.10084387706592679
45,distant_c0.5_from0.2,2,cartesian_ik,20711443,True,True,,1,0.11809086799621582,0.044533895,0.11809086799621582,0.13857071101665497
45,distant_c0.5_from0.2,2,joint_projected,20711443,True,True,,1,0.18572852096986026,0.027788077,0.18572852096986026,0.20569942297879606
45,distant_c0.5_from0.2,3,joint_projected,20711544,True,True,,1,0.11204819392878562,0.023319041,0.11204819392878562,0.13258121290709823
45,distant_c0.5_from0.2,3,ompl_uniform,20711544,True,True,,1,0.16762375202961266,0.008906087,0.16762375202961266,0.16942348598968238
45,distant_c0.5_from0.2,3,cartesian_ik,20711544,True,True,,1,0.11869843094609678,0.040813035,0.11869843094609678,0.13944612198974937
45,distant_c0.5_from0.2,4,cartesian_ik,20711645,True,True,,1,0.05768111103679985,0.027212501,0.05768111103679985,0.07852102187462151
45,distant_c0.5_from0.2,4,joint_projected,20711645,True,True,,1,0.08780617208685726,0.02120789,0.08780617208685726,0.10790572501718998
45,distant_c0.5_from0.2,4,ompl_uniform,20711645,True,True,,1,0.14550511597190052,0.022129357,0.14550511597190052,0.1467530899681151
45,distant_c0.5_from0.2,5,ompl_uniform,20711746,True,True,,1,0.12789595499634743,0.014823868,0.12789595499634743,0.1292401140090078
45,distant_c0.5_from0.2,5,cartesian_ik,20711746,True,True,,1,0.10816540103405714,0.010504796,0.10816540103405714,0.1285026459954679
45,distant_c0.5_from0.2,5,joint_projected,20711746,True,True,,1,0.1260641129920259,0.01592905,0.1260641129920259,0.14683791087009013
45,distant_c0.5_from0.2,6,cartesian_ik,20711847,True,True,,1,0.10026679700240493,0.01413659,0.10026679700240493,0.12102698883973062
45,distant_c0.5_from0.2,6,ompl_uniform,20711847,True,True,,1,0.11627283797133714,0.021947205,0.11627283797133714,0.11780021304730326
45,distant_c0.5_from0.2,6,joint_projected,20711847,True,True,,1,0.042692882008850574,0.017086332,0.042692882008850574,0.0630517458776012
45,distant_c0.5_from0.2,7,ompl_uniform,20711948,True,True,,1,0.17298562300857157,0.026308126,0.17298562300857157,0.17465324501972646
45,distant_c0.5_from0.2,7,cartesian_ik,20711948,True,True,,1,0.08398410305380821,0.01104146,0.08398410305380821,0.1046642669243738
45,distant_c0.5_from0.2,7,joint_projected,20711948,True,True,,1,0.020237043034285307,0.014013509,0.020237043034285307,0.04097298486158252
45,distant_c0.5_from0.2,8,joint_projected,20712049,True,True,,1,0.12378427397925407,0.037488954,0.12378427397925407,0.14472762995865196
45,distant_c0.5_from0.2,8,ompl_uniform,20712049,True,True,,1,0.12208717805333436,0.013158363,0.12208717805333436,0.12330712901894003
45,distant_c0.5_from0.2,8,cartesian_ik,20712049,True,True,,1,0.1263638639356941,0.028826338,0.1263638639356941,0.14710832491982728
45,distant_c0.5_from0.2,9,joint_projected,20712150,True,True,,1,0.07266860990785062,0.029027622,0.07266860990785062,0.09374240995384753
45,distant_c0.5_from0.2,9,cartesian_ik,20712150,True,True,,1,0.07587040599901229,0.008388226,0.07587040599901229,0.09795531095005572
45,distant_c0.5_from0.2,9,ompl_uniform,20712150,True,True,,1,0.17271099309436977,0.018771906,0.17271099309436977,0.17433605005498976
