cohort,environment,stratum,repeat,mode,failure_stage,success,par2_s,action_wall_s,end_to_end_wall_s,audit_joint_path_length,audit_ee_path_length_m,audit_min_world_clearance_m,curve_min_clearance_m,setup_s,sampling_s,draw_s,online_ik_s,anchor_ik_s,jacobian_setup_s,fk_mapping_s,validity_s,attempts,valid_samples,uniform_attempts,missing_anchor_fallbacks,online_ik_calls,anchor_ik_calls,trust_region_rejections,projection_support_rejections,missing_anchor_rejections
cohort_1,0,central_c0.2,0,cartesian_ik,,1.0,0.18760304793249816,0.18760304793249816,0.31597877596504986,14.2279448174,1.33218713146,0.0142825300221,0.10302876775107819,2.6992e-05,0.001241741,2.874e-06,0.001015111,0,0,0,0.000157838,2,1,0,0,2,0,0,0,0
cohort_1,0,central_c0.2,1,cartesian_ik,,1.0,0.08468655508477241,0.08468655508477241,0.2124854950234294,5.61270796461,0.679666301495,0.0140281610893,0.09935722894257841,2.3145e-05,0.002301513,2.699e-06,0.002198605,0,0,0,4.5273e-05,1,1,0,0,1,0,0,0,0
cohort_1,0,central_c0.2,2,cartesian_ik,,1.0,0.14751480100676417,0.14751480100676417,0.27551123406738043,3.63339258839,0.527998819514,0.00111194875663,0.07505988965779894,4.0494e-05,0.031319024,9.441e-06,0.030756504,0,0,0,0.000283356,9,7,0,0,9,0,0,0,0
cohort_1,0,central_c0.2,3,cartesian_ik,,1.0,0.28907552699092776,0.28907552699092776,0.41740807716269046,15.4362633987,0.770134890584,0.0140295959938,0.06856013941087465,4.3972e-05,0.028031147,7.559e-06,0.027627719,0,0,0,0.000199298,12,6,0,0,12,0,0,0,0
cohort_1,0,central_c0.2,4,cartesian_ik,,1.0,0.18330708402208984,0.18330708402208984,0.31123452412430197,10.4098652534,0.741962517899,0.0145747339911,0.10139057376888502,2.3569e-05,0.017657113,6.811e-06,0.017386374,0,0,0,0.000136481,6,1,0,0,6,0,0,0,0
cohort_1,0,central_c0.2,5,cartesian_ik,,1.0,0.09512299904599786,0.09512299904599786,0.22335535008460283,4.8041403438,0.597219552639,0.0144472910415,0.11758158791059385,4.0149e-05,0.011912775,5.701e-06,0.011431959,0,0,0,0.00027774,6,4,0,0,6,0,0,0,0
cohort_1,0,central_c0.2,6,cartesian_ik,,1.0,0.12123384198639542,0.12123384198639542,0.249152090982534,5.49918759873,0.622911789076,0.00734922599608,0.1182586135700369,3.515e-05,0.017477763,8.015e-06,0.016872774,0,0,0,0.000361647,9,6,0,0,9,0,0,0,0
cohort_1,0,central_c0.2,7,cartesian_ik,,1.0,0.12451494904235005,0.12451494904235005,0.2523890540469438,7.12442177695,0.721071312934,0.0138297269656,0.10091202421974739,1.5088e-05,0.0067163,2.481e-06,0.00646517,0,0,0,0.000170175,2,1,0,0,2,0,0,0,0
cohort_1,0,central_c0.2,8,cartesian_ik,,1.0,0.09655774792190641,0.09655774792190641,0.22587296401616186,12.5849350887,1.21376454483,0.014145293021,0.10138352512108932,1.1858e-05,0.001302683,2.056e-06,0.001186819,0,0,0,6.4237e-05,2,2,0,0,2,0,0,0,0
cohort_1,0,central_c0.2,9,cartesian_ik,,1.0,0.1248073719907552,0.1248073719907552,0.25321508012712,14.2467151119,1.4894281802,0.0141329619948,0.10500193181303806,1.2642e-05,0.003140091,2.822e-06,0.003011821,0,0,0,6.3669e-05,3,3,0,0,3,0,0,0,0
cohort_1,0,central_c0.2,0,joint_projected,,1.0,0.12891690095420927,0.12891690095420927,0.2582168650114909,7.45491225347,0.531185121204,0.00192522496492,0.07366783314398624,0.029187326,0.000704656,0.000129257,0,0.029012915,9.887e-05,2.3045e-05,0.000287062,26,7,0,0,0,19,0,12,0
cohort_1,0,central_c0.2,1,joint_projected,,1.0,0.03523794701322913,0.03523794701322913,0.16352051112335175,5.00811687158,0.481911957825,0.00444060171014,0.06491548834156236,0.011241021,0.000636533,0.000156313,0,0.011150289,5.4803e-05,1.8584e-05,0.000204529,80,11,0,0,0,15,6,35,0
cohort_1,0,central_c0.2,2,joint_projected,,1.0,0.07677590800449252,0.07677590800449252,0.20563019416294992,3.42496976061,0.540707508189,0.0145747793519,0.06618953848156488,0.038590547,0.001480233,0.000302152,0,0.038465297,7.0743e-05,5.0027e-05,0.000543003,168,28,0,0,0,18,14,106,0
cohort_1,0,central_c0.2,3,joint_projected,,1.0,0.27400826290249825,0.27400826290249825,0.40244648896623403,17.579576153,1.1069229588,0.0117370977813,0.1240677591675732,0.018942441,0.000665477,0.000151289,0,0.018828452,6.2874e-05,2.4427e-05,0.000200117,72,11,0,0,0,16,4,50,0
cohort_1,0,central_c0.2,4,joint_projected,,1.0,0.11301211197860539,0.11301211197860539,0.24140607600566,7.00991460407,0.696676024267,0.00394949692078,0.07136135468441913,0.01277266,0.000474967,9.4518e-05,0,0.012698464,4.6461e-05,1.4576e-05,0.00016683,46,11,0,0,0,16,4,27,0
cohort_1,0,central_c0.2,5,joint_projected,,1.0,0.1295773540623486,0.1295773540623486,0.25845114700496197,11.6089692492,0.879164819797,0.0147339158009,0.09250125252814582,0.007786729,0.000854008,0.000217691,0,0.007613967,9.4893e-05,3.0486e-05,0.000210846,76,13,0,0,0,16,8,36,0
cohort_1,0,central_c0.2,6,joint_projected,,1.0,0.06657981302123517,0.06657981302123517,0.19465871306601912,4.55186240208,0.560819133063,0.00411064795104,0.07086578454903371,0.034270862,0.000819636,0.000201471,0,0.034095247,0.000125997,2.5425e-05,0.000232846,55,12,0,0,0,18,2,24,0
cohort_1,0,central_c0.2,7,joint_projected,,1.0,0.14233373501338065,0.14233373501338065,0.27092953713145107,12.2389747532,0.744543627478,0.0145280325514,0.07582658489749675,0.052353712,0.000526358,0.000117959,0,0.052216623,8.5685e-05,1.3355e-05,0.000199306,56,8,0,0,0,19,3,21,0
cohort_1,0,central_c0.2,8,joint_projected,,1.0,0.19547826191410422,0.19547826191410422,0.32365435699466616,11.8787248394,0.827395768744,0.00738861368399,0.07164906225272337,0.038225522,0.001012642,0.000214055,0,0.038092071,6.7422e-05,3.4987e-05,0.000328803,109,24,0,0,0,18,9,60,0
cohort_1,0,central_c0.2,9,joint_projected,,1.0,0.10254719399381429,0.10254719399381429,0.23143804701976478,12.1522806739,0.881649346756,0.0139436277989,0.07677520946905693,0.027415345,0.000261241,3.5907e-05,0,0.02729213,7.3654e-05,5.527e-06,0.000138999,11,4,0,0,0,18,0,5,0
cohort_1,0,central_c0.2,0,ompl_uniform,,1.0,0.1695476359454915,0.1695476359454915,0.1706511490046978,12.4183095883,0.928418192957,0.0141255327577,0.11095451821781274,,,,,,,,,,,,,,,,,
cohort_1,0,central_c0.2,1,ompl_uniform,,1.0,0.1813520189607516,0.1813520189607516,0.1827396989101544,14.5053331444,2.52301880291,0.0142334066414,0.13119067833275339,,,,,,,,,,,,,,,,,
cohort_1,0,central_c0.2,2,ompl_uniform,,1.0,0.13869730499573052,0.13869730499573052,0.1398897380568087,11.2176729427,1.95808065374,0.0139536123202,0.130935946398882,,,,,,,,,,,,,,,,,
cohort_1,0,central_c0.2,3,ompl_uniform,,1.0,0.2254722899524495,0.2254722899524495,0.22674660105258226,15.0281648946,3.57105561208,0.0132220306536,0.11252462063345785,,,,,,,,,,,,,,,,,
cohort_1,0,central_c0.2,4,ompl_uniform,,1.0,0.16101793001871556,0.16101793001871556,0.16222506493795663,12.976412853,1.50360416574,0.014213645923,0.12451651933951412,,,,,,,,,,,,,,,,,
cohort_1,0,central_c0.2,5,ompl_uniform,,1.0,0.12312854710035026,0.12312854710035026,0.1246673190034926,14.1674870373,3.15167527815,0.0138780690071,0.1308393640419108,,,,,,,,,,,,,,,,,
cohort_1,0,central_c0.2,6,ompl_uniform,,1.0,0.1987201248994097,0.1987201248994097,0.20012400508858263,12.1384252956,1.25744684228,0.0146191850543,0.1310761314873646,,,,,,,,,,,,,,,,,
cohort_1,0,central_c0.2,7,ompl_uniform,,1.0,0.14999062498100102,0.14999062498100102,0.15118866600096226,11.8746476738,1.7051570194,0.00264012781473,0.09254861542066184,,,,,,,,,,,,,,,,,
cohort_1,0,central_c0.2,8,ompl_uniform,,1.0,0.15787952300161123,0.15787952300161123,0.15925564395729452,15.0630512621,1.67743186349,0.00162487776898,0.07478922718079442,,,,,,,,,,,,,,,,,
cohort_1,0,central_c0.2,9,ompl_uniform,,1.0,0.14412341301795095,0.14412341301795095,0.14664993900805712,12.5578949483,3.85395029305,0.01385339183,0.12305639247684665,,,,,,,,,,,,,,,,,
cohort_1,1,central_c0.2,0,cartesian_ik,,1.0,0.27023120399098843,0.27023120399098843,0.29741813603322953,16.3679624885,1.17529951179,0.0190643526191,0.07472327254780962,3.8817e-05,0.02617032,8.475e-06,0.025425533,0,0,0,0.000444643,10,4,0,0,10,0,0,0,0
cohort_1,1,central_c0.2,1,cartesian_ik,,1.0,0.17247300792951137,0.17247300792951137,0.1971849501132965,12.0248400076,0.931078444661,0.0220687072127,0.07472327254780962,2.4477e-05,0.002888641,5.896e-06,0.002627613,0,0,0,0.000139033,3,1,0,0,3,0,0,0,0
cohort_1,1,central_c0.2,2,cartesian_ik,,1.0,0.21738852094858885,0.21738852094858885,0.24133815011009574,13.8168335972,1.04264981139,0.0220687072127,0.07472327254780962,2.4141e-05,0.008093072,4.128e-06,0.007755437,0,0,0,0.000185834,6,5,0,0,6,0,0,0,0
cohort_1,1,central_c0.2,3,cartesian_ik,,1.0,0.26437841705046594,0.26437841705046594,0.28834774799179286,18.2657254696,1.07265128228,0.0220687072127,0.07472327254780962,2.6014e-05,0.01433674,3.606e-06,0.014134004,0,0,0,9.8011e-05,5,3,0,0,5,0,0,0,0
cohort_1,1,central_c0.2,4,cartesian_ik,,1.0,0.1534122150624171,0.1534122150624171,0.1772133450722322,13.85669963,1.12444554897,0.0220687072127,0.07472327254780962,2.4377e-05,0.00165697,2.692e-06,0.001479514,0,0,0,0.000109653,3,1,0,0,3,0,0,0,0
cohort_1,1,central_c0.2,5,cartesian_ik,,1.0,0.09689888404682279,0.09689888404682279,0.12065303802955896,8.29630229546,0.527803151335,0.0128112893041,0.07472327254780962,4.0666e-05,0.004203871,4.316e-06,0.003843415,0,0,0,0.000210059,7,6,0,0,7,0,0,0,0
cohort_1,1,central_c0.2,6,cartesian_ik,,1.0,0.16029920300934464,0.16029920300934464,0.18419706996064633,13.9601141503,0.995933739371,0.0220687072127,0.07472327254780962,1.823e-05,0.002487017,1.898e-06,0.002341112,0,0,0,8.6405e-05,1,1,0,0,1,0,0,0,0
cohort_1,1,central_c0.2,7,cartesian_ik,,1.0,0.19904206111095846,0.19904206111095846,0.22312829305883497,14.1357181375,1.14229863982,0.0220687072127,0.07472327254780962,2.7687e-05,0.010982286,5.688e-06,0.010661848,0,0,0,0.000159438,6,5,0,0,6,0,0,0,0
cohort_1,1,central_c0.2,8,cartesian_ik,,1.0,0.1634702649898827,0.1634702649898827,0.18749352311715484,12.3030579395,0.825400623563,0.0220687072127,0.07472327254780962,1.9435e-05,0.017064704,5.231e-06,0.016755553,0,0,0,0.000155814,7,4,0,0,7,0,0,0,0
cohort_1,1,central_c0.2,9,cartesian_ik,,1.0,0.09854946692939848,0.09854946692939848,0.12246921297628433,5.47362542292,0.657310085529,0.0207632073262,0.07472327254780962,2.6124e-05,0.001847736,4.087e-06,0.001674619,0,0,0,8.3709e-05,1,1,0,0,1,0,0,0,0
cohort_1,1,central_c0.2,0,joint_projected,,1.0,0.13571047398727387,0.13571047398727387,0.16081402206327766,12.0379219094,0.957119337712,0.0124901152479,0.07472327254780962,0.022715919,0.000307083,9.2636e-05,0,0.022550457,7.801e-05,7.954e-06,8.7127e-05,45,3,0,0,0,17,7,15,0
cohort_1,1,central_c0.2,1,joint_projected,,1.0,0.13291225396096706,0.13291225396096706,0.15759570710361004,7.53746699783,0.450671824133,0.0220687072127,0.07472327254780962,0.01642595,0.000192373,4.656e-05,0,0.016146214,0.000175716,5.498e-06,5.5835e-05,7,2,0,0,0,15,1,4,0
cohort_1,1,central_c0.2,2,joint_projected,,1.0,0.16460289095994085,0.16460289095994085,0.18909065704792738,8.94656259462,0.46898696684,0.00821236227987,0.07472327254780962,0.019838703,0.001393898,0.000335402,0,0.019603384,0.000146204,4.5838e-05,0.000414421,47,6,0,0,0,16,8,27,0
cohort_1,1,central_c0.2,3,joint_projected,,1.0,0.15005616191774607,0.15005616191774607,0.1742312670685351,2.35848642614,0.453231179739,0.00563072452836,0.07472327254780962,0.03757194,0.001116147,0.000214001,0,0.037433298,8.1964e-05,3.2838e-05,0.000439239,63,19,0,0,0,18,8,19,0
cohort_1,1,central_c0.2,4,joint_projected,,1.0,0.077207654947415,0.077207654947415,0.10120750009082258,11.0395166815,0.793736124827,0.0220687072127,0.07472327254780962,0.010722685,0.000272165,7.5172e-05,0,0.010606566,6.9755e-05,1.0637e-05,6.254e-05,21,2,0,0,0,17,1,13,0
cohort_1,1,central_c0.2,5,joint_projected,,1.0,0.1696843330282718,0.1696843330282718,0.19367695110850036,12.7254686664,1.01400428786,0.0220687072127,0.07472327254780962,0.010421795,8.6636e-05,1.8014e-05,0,0.010343779,4.7415e-05,1.986e-06,3.3721e-05,6,2,0,0,0,16,0,2,0
cohort_1,1,central_c0.2,6,joint_projected,,1.0,0.10753848508466035,0.10753848508466035,0.13143496203701943,8.3784222323,0.505758699189,0.0220687072127,0.07472327254780962,0.018606078,0.000367385,8.9679e-05,0,0.018346807,0.000160154,1.1751e-05,0.000108188,35,6,0,0,0,16,5,17,0
cohort_1,1,central_c0.2,7,joint_projected,,1.0,0.1281877439469099,0.1281877439469099,0.15209474496077746,13.9488150538,1.32317477455,0.0220687072127,0.07472327254780962,0.011792701,4.9629e-05,6.167e-06,0,0.011604009,0.000120448,5.82e-07,2.7953e-05,1,1,0,0,0,15,0,0,0
cohort_1,1,central_c0.2,8,joint_projected,,1.0,0.16421709896530956,0.16421709896530956,0.18805960414465517,12.2317761349,0.977971670678,0.0220687072127,0.07472327254780962,0.011118012,5.7564e-05,1.5675e-05,0,0.011030211,5.2637e-05,1.277e-06,1.705e-05,5,1,0,0,0,15,2,2,0
cohort_1,1,central_c0.2,9,joint_projected,,1.0,0.15972846606746316,0.15972846606746316,0.1836088589625433,7.17165380938,0.473805965402,0.0220687072127,0.07472327254780962,0.031163817,0.000123822,1.925e-05,0,0.030957316,0.000113476,2.955e-06,6.7989e-05,4,1,0,0,0,17,0,1,0
cohort_1,1,central_c0.2,0,ompl_uniform,,1.0,0.2334744279505685,0.2334744279505685,0.23552376707084477,18.7866830577,2.51695014625,0.0127265168891,0.07472327254780962,,,,,,,,,,,,,,,,,
cohort_1,1,central_c0.2,1,ompl_uniform,,1.0,0.26967316900845617,0.26967316900845617,0.27113044797442853,13.9873447056,2.72312482857,0.0115246839262,0.07242757538702899,,,,,,,,,,,,,,,,,
cohort_1,1,central_c0.2,2,ompl_uniform,,1.0,0.2056902430485934,0.2056902430485934,0.20711147296242416,13.8420948116,1.95382889602,0.0157250162846,0.07472327254780962,,,,,,,,,,,,,,,,,
cohort_1,1,central_c0.2,3,ompl_uniform,,1.0,0.257040438009426,0.257040438009426,0.2586262780241668,14.332334219,3.34130337531,0.00616462458543,0.0720518867288668,,,,,,,,,,,,,,,,,
cohort_1,1,central_c0.2,4,ompl_uniform,,1.0,0.11916546593420208,0.11916546593420208,0.12065323605202138,14.7017891299,2.6261577883,0.013829048939,0.07472327254780962,,,,,,,,,,,,,,,,,
cohort_1,1,central_c0.2,5,ompl_uniform,,1.0,0.15664495795499533,0.15664495795499533,0.1577012960333377,12.2627954257,2.68502609937,0.00762316038798,0.07472327254780962,,,,,,,,,,,,,,,,,
cohort_1,1,central_c0.2,6,ompl_uniform,,1.0,0.1709556810092181,0.1709556810092181,0.17230346298310906,13.3566707085,2.41240630965,0.0108268916703,0.07472327254780962,,,,,,,,,,,,,,,,,
cohort_1,1,central_c0.2,7,ompl_uniform,,1.0,0.08359524398110807,0.08359524398110807,0.08475312904920429,12.6326679177,0.899197100409,0.00963734242181,0.06780932494732499,,,,,,,,,,,,,,,,,
cohort_1,1,central_c0.2,8,ompl_uniform,,1.0,0.1502522099763155,0.1502522099763155,0.15140266506932676,12.544096711,1.8760210333,0.0117005677411,0.07472327254780962,,,,,,,,,,,,,,,,,
cohort_1,1,central_c0.2,9,ompl_uniform,,1.0,0.17609804903622717,0.17609804903622717,0.17724417301360518,12.2284303917,0.565547581881,0.0220687072127,0.07436697149430356,,,,,,,,,,,,,,,,,
cohort_1,2,central_c0.2,0,cartesian_ik,,1.0,0.1183849039953202,0.1183849039953202,0.16031295398715883,8.52994868613,0.677955726015,0.0141821977193,0.13570303039460643,1.2809e-05,0.003134058,2.032e-06,0.002961797,0,0,0,9.7215e-05,3,2,0,0,3,0,0,0,0
cohort_1,2,central_c0.2,1,cartesian_ik,,1.0,0.1540833889739588,0.1540833889739588,0.19632900098804384,11.8444905106,0.774135366388,0.00352527358334,0.09006044783266237,1.0765e-05,0.035812293,4.925e-06,0.035239898,0,0,0,0.000337689,24,15,0,0,24,0,0,0,0
cohort_1,2,central_c0.2,2,cartesian_ik,,1.0,0.18060419498942792,0.18060419498942792,0.22273132402915508,16.2475583546,1.58361737233,0.00188523405089,0.09425464294640085,7.546e-06,0.029039362,5.713e-06,0.028445879,0,0,0,0.000390993,14,8,0,0,14,0,0,0,0
cohort_1,2,central_c0.2,3,cartesian_ik,,1.0,0.18948652897961438,0.18948652897961438,0.23158588609658182,13.3589502827,1.32924748115,0.0175190299065,0.10691467281600324,1.6424e-05,0.017154297,3.486e-06,0.016800856,0,0,0,0.000216791,11,9,0,0,11,0,0,0,0
cohort_1,2,central_c0.2,4,cartesian_ik,,1.0,0.16388998890761286,0.16388998890761286,0.20671592908911407,12.2275730289,1.1265311762,0.01634288499,0.0900192332767952,2.1039e-05,0.008879211,3.86e-06,0.008675781,0,0,0,0.000121693,5,2,0,0,5,0,0,0,0
cohort_1,2,central_c0.2,5,cartesian_ik,,1.0,0.17798775294795632,0.17798775294795632,0.22017107508145273,11.9091618038,1.12993908958,0.0169326079584,0.11337675616548329,1.6209e-05,0.009034663,6.218e-06,0.008619818,0,0,0,0.000240913,5,3,0,0,5,0,0,0,0
cohort_1,2,central_c0.2,6,cartesian_ik,,1.0,0.22743634704966098,0.22743634704966098,0.2694253959925845,13.6115151121,1.0905127292,0.0170108712269,0.13449921076440835,2.502e-05,0.012713279,4.647e-06,0.012484908,0,0,0,0.000104611,5,3,0,0,5,0,0,0,0
cohort_1,2,central_c0.2,7,cartesian_ik,,1.0,0.18981737399008125,0.18981737399008125,0.23179640993475914,12.7415549045,0.878848705792,0.0162944083749,0.08525550834788484,2.1809e-05,0.021448882,5.834e-06,0.020924455,0,0,0,0.000300875,14,10,0,0,14,0,0,0,0
cohort_1,2,central_c0.2,8,cartesian_ik,,1.0,0.13048505201004446,0.13048505201004446,0.17263385106343776,7.9350943583,0.619060152031,0.00427053567505,0.1052690787392886,5.0561e-05,0.001495038,2.407e-06,0.001351239,0,0,0,7.9168e-05,1,1,0,0,1,0,0,0,0
cohort_1,2,central_c0.2,9,cartesian_ik,,1.0,0.2020271789515391,0.2020271789515391,0.24490757600869983,11.9937133871,1.09660453916,0.0168521760247,0.08155005757106613,3.1557e-05,0.000990442,2.242e-06,0.000869202,0,0,0,6.181e-05,1,1,0,0,1,0,0,0,0
cohort_1,2,central_c0.2,0,joint_projected,,1.0,0.3033646389376372,0.3033646389376372,0.3456547281239182,23.5108440174,1.77650817994,0.0167558765838,0.08047494425149168,0.014645311,0.0007091,0.000138493,0,0.014550358,5.95e-05,2.0083e-05,0.00026042,42,11,0,0,0,16,4,20,0
cohort_1,2,central_c0.2,1,joint_projected,,1.0,0.08765384997241199,0.08765384997241199,0.1295324940001592,2.78137494753,0.484141176498,0.00443380346175,0.08027751581674449,0.036694938,0.000587707,0.00013118,0,0.036482878,0.000125995,1.7646e-05,0.00017858,58,12,0,0,0,18,7,31,0
cohort_1,2,central_c0.2,2,joint_projected,,1.0,0.1647966760210693,0.1647966760210693,0.20679236599244177,14.590466616,1.5418334551,0.0166624829666,0.0972323427850462,0.012104851,0.000621846,0.000127087,0,0.011939035,0.000100829,1.5364e-05,0.000262097,53,8,0,0,0,15,7,20,0
cohort_1,2,central_c0.2,3,joint_projected,,1.0,0.1804668690310791,0.1804668690310791,0.22246973810251802,11.8405932944,0.956796645274,0.0172878811144,0.11427135505482736,0.028319423,0.000189116,5.4916e-05,0,0.02818871,7.4771e-05,7.179e-06,3.706e-05,16,2,0,0,0,16,4,8,0
cohort_1,2,central_c0.2,4,joint_projected,,1.0,0.10119026596657932,0.10119026596657932,0.14337838301435113,8.59473545438,0.57547278165,0.0165028695591,0.08569046977831746,0.036012557,0.000319707,8.6391e-05,0,0.035814234,0.000133066,1.0588e-05,7.5502e-05,22,3,0,0,0,17,6,13,0
cohort_1,2,central_c0.2,5,joint_projected,,1.0,0.20374799403361976,0.20374799403361976,0.24569927202537656,11.870550882,0.822426054866,0.0167986511764,0.12230150072789352,0.038862726,8.5193e-05,1.3891e-05,0,0.038738601,7.017e-05,1.919e-06,3.6927e-05,4,2,0,0,0,19,0,2,0
cohort_1,2,central_c0.2,6,joint_projected,,1.0,0.18507815501652658,0.18507815501652658,0.22694875812157989,12.2039001323,0.978462635967,0.0167859264461,0.13192798577124293,0.023642956,0.000255238,5.987e-05,0,0.023499066,9.0917e-05,6.482e-06,9.3613e-05,9,2,0,0,0,17,2,4,0
cohort_1,2,central_c0.2,7,joint_projected,,1.0,0.13235790701583028,0.13235790701583028,0.17441398103255779,12.0876999968,0.938728348873,0.00753954294481,0.10808457989312713,0.011517587,0.000191386,4.801e-05,0,0.011400873,6.6484e-05,5.624e-06,5.3327e-05,20,4,0,0,0,16,5,10,0
cohort_1,2,central_c0.2,8,joint_projected,,1.0,0.11582893098238856,0.11582893098238856,0.1579842109931633,9.36092392458,0.595047174374,0.00817526412719,0.10807176909817595,0.047800607,7.5717e-05,1.1384e-05,0,0.047638889,9.9705e-05,1.064e-06,4.3165e-05,1,1,0,0,0,19,0,0,0
cohort_1,2,central_c0.2,9,joint_projected,,1.0,0.18226541299372911,0.18226541299372911,0.22416359896305948,11.0870839937,0.733387206536,0.00801232071038,0.08013275321385757,0.016475498,0.000325809,6.2098e-05,0,0.016259415,0.000128568,1.108e-05,0.000112951,10,3,0,0,0,15,1,6,0
cohort_1,2,central_c0.2,0,ompl_uniform,,1.0,0.18188125605229288,0.18188125605229288,0.18294412398245186,13.513086997,2.22726928772,0.0166357801384,0.13847028366334826,,,,,,,,,,,,,,,,,
cohort_1,2,central_c0.2,1,ompl_uniform,,1.0,0.15578459296375513,0.15578459296375513,0.15771760104689747,13.3188622495,0.961429796377,0.0168940026976,0.11539993870929192,,,,,,,,,,,,,,,,,
cohort_1,2,central_c0.2,2,ompl_uniform,,1.0,0.12104563799221069,0.12104563799221069,0.12227504793554544,12.1877170296,1.99451829363,0.0164933848627,0.1387892108576482,,,,,,,,,,,,,,,,,
cohort_1,2,central_c0.2,3,ompl_uniform,,1.0,0.10788002307526767,0.10788002307526767,0.10918552603106946,11.0199628736,2.48500384601,0.0156621033506,0.12575137135051337,,,,,,,,,,,,,,,,,
cohort_1,2,central_c0.2,4,ompl_uniform,,1.0,0.217091123922728,0.217091123922728,0.21837058302480727,14.4069258649,2.17413756885,0.0162251681029,0.13855603726495985,,,,,,,,,,,,,,,,,
cohort_1,2,central_c0.2,5,ompl_uniform,,1.0,0.1443923080805689,0.1443923080805689,0.14589403104037046,12.8403302065,1.68015652798,0.0170250087632,0.12209559842558544,,,,,,,,,,,,,,,,,
cohort_1,2,central_c0.2,6,ompl_uniform,,1.0,0.18256367894355208,0.18256367894355208,0.183740689069964,15.2032550321,3.14052291562,0.0167538354323,0.13869691956620434,,,,,,,,,,,,,,,,,
cohort_1,2,central_c0.2,7,ompl_uniform,,1.0,0.20168153999838978,0.20168153999838978,0.20311597094405442,14.2931307699,1.58473966652,0.0166198887756,0.1310608382918587,,,,,,,,,,,,,,,,,
cohort_1,2,central_c0.2,8,ompl_uniform,,1.0,0.1987767299870029,0.1987767299870029,0.20013034692965448,15.2539461822,0.980150974487,0.0174727928189,0.1348577901455873,,,,,,,,,,,,,,,,,
cohort_1,2,central_c0.2,9,ompl_uniform,,1.0,0.18836306710727513,0.18836306710727513,0.18976500898133963,10.8850524182,2.16381901481,0.016398714451,0.1305451579029286,,,,,,,,,,,,,,,,,
cohort_1,3,central_c0.2,0,cartesian_ik,,1.0,0.12137408903799951,0.12137408903799951,0.16084109095390886,11.497297521,0.795753645572,0.0152688120187,0.0785983242804707,2.6309e-05,0.008373698,4.687e-06,0.008154816,0,0,0,8.2897e-05,3,2,0,0,3,0,0,0,0
cohort_1,3,central_c0.2,1,cartesian_ik,,1.0,0.15306518401484936,0.15306518401484936,0.19227672403212637,11.7243641909,0.710848150196,0.00491483376832,0.0785983242804707,1.0532e-05,0.000371811,9.99e-07,0.000313404,0,0,0,3.1957e-05,1,1,0,0,1,0,0,0,0
cohort_1,3,central_c0.2,2,cartesian_ik,,1.0,0.1860024849884212,0.1860024849884212,0.22519393998663872,6.36391439078,0.657148252505,0.00260905214958,0.0785983242804707,2.7526e-05,0.073554729,1.1667e-05,0.072536514,0,0,0,0.000604523,38,17,0,0,38,0,0,0,0
cohort_1,3,central_c0.2,3,cartesian_ik,,1.0,0.12091064103879035,0.12091064103879035,0.1600551730953157,7.0361832446,0.614444205042,0.0147512195696,0.07856139033548465,3.9136e-05,0.012701871,9.361e-06,0.011731325,0,0,0,0.000674643,13,6,0,0,13,0,0,0,0
cohort_1,3,central_c0.2,4,cartesian_ik,,1.0,0.06920840602833778,0.06920840602833778,0.1094485210487619,7.13028828226,0.56117452894,0.0115184108799,0.07857027371527711,1.0223e-05,0.007429327,3.136e-06,0.007194574,0,0,0,0.000137545,5,1,0,0,5,0,0,0,0
cohort_1,3,central_c0.2,5,cartesian_ik,,1.0,0.285022143041715,0.285022143041715,0.32424123701639473,17.3400263399,1.48579764533,0.0104718780212,0.0785983242804707,2.5045e-05,0.065523445,9.298e-06,0.064787027,0,0,0,0.000410248,24,9,0,0,24,0,0,0,0
cohort_1,3,central_c0.2,6,cartesian_ik,,1.0,0.3388609590474516,0.3388609590474516,0.3785585230216384,18.2800025718,1.24188124798,0.00815767218218,0.0785983242804707,2.1354e-05,0.034220123,1.2039e-05,0.033063309,0,0,0,0.000714953,24,11,0,0,24,0,0,0,0
cohort_1,3,central_c0.2,7,cartesian_ik,,1.0,0.1890648630214855,0.1890648630214855,0.2280092560686171,7.03561192472,0.598766377306,0.00387054338923,0.0530738521988014,3.0754e-05,0.077593847,1.2037e-05,0.076625943,0,0,0,0.00052356,40,14,0,0,40,0,0,0,0
cohort_1,3,central_c0.2,8,cartesian_ik,,1.0,0.3305126160848886,0.3305126160848886,0.37022767204325646,19.2747175023,1.47415564105,0.0105896141475,0.0785983242804707,3.8389e-05,0.049905066,1.1273e-05,0.04912525,0,0,0,0.000391428,34,13,0,0,34,0,0,0,0
cohort_1,3,central_c0.2,9,cartesian_ik,,1.0,0.23041066201403737,0.23041066201403737,0.269721296033822,14.6156662915,0.865723103713,0.0116845980039,0.06352282658390042,2.7523e-05,0.037299809,5.974e-06,0.036679017,0,0,0,0.000388484,15,6,0,0,15,0,0,0,0
cohort_1,3,central_c0.2,0,joint_projected,,1.0,0.15356042806524783,0.15356042806524783,0.19278737099375576,11.5646128076,0.902532880186,0.00238770924009,0.0785983242804707,0.019795074,0.000312485,7.6292e-05,0,0.019687467,6.4288e-05,9.252e-06,0.000104963,31,4,0,0,0,16,3,12,0
cohort_1,3,central_c0.2,1,joint_projected,,1.0,0.13074168202001601,0.13074168202001601,0.16991231206338853,8.75598930939,0.65965866967,0.0147824458272,0.0785983242804707,0.028643576,0.00039688,9.7424e-05,0,0.028511878,5.7019e-05,1.428e-05,0.000133433,31,4,0,0,0,19,5,16,0
cohort_1,3,central_c0.2,2,joint_projected,,1.0,0.28808794205542654,0.28808794205542654,0.3283924249699339,20.0527708565,1.45881833721,0.014077388146,0.06815622011214888,0.038779786,0.001625574,0.000375778,0,0.038584419,0.000114086,5.2506e-05,0.000556671,200,23,0,0,0,19,25,87,0
cohort_1,3,central_c0.2,3,joint_projected,,1.0,0.06140546593815088,0.06140546593815088,0.10042666899971664,7.11014913077,0.575837919318,0.0147489567055,0.0785983242804707,0.013217249,0.0019486,0.000408369,0,0.013131716,5.1837e-05,6.5192e-05,0.000659289,121,23,0,0,0,16,12,64,0
cohort_1,3,central_c0.2,4,joint_projected,,1.0,0.30347271997015923,0.30347271997015923,0.3430776749737561,19.5729241459,1.33335045453,0.0107946833779,0.0785983242804707,0.022833595,0.001050679,0.000214186,0,0.022531208,0.000193377,3.3725e-05,0.000397334,109,18,0,0,0,15,10,57,0
cohort_1,3,central_c0.2,5,joint_projected,,1.0,0.13916662510018796,0.13916662510018796,0.17819927004165947,8.75443804526,0.659151624943,0.0120254470775,0.0785983242804707,0.032540994,0.000427142,8.5535e-05,0,0.032369482,0.000104157,1.1334e-05,0.000168054,42,10,0,0,0,17,3,13,0
cohort_1,3,central_c0.2,6,joint_projected,,1.0,0.14890789799392223,0.14890789799392223,0.18831149803008884,6.48006951187,0.648011605463,0.00617899685305,0.0785983242804707,0.018931431,0.001496709,0.000374088,0,0.018601959,0.000195922,6.7052e-05,0.00038105,94,9,0,0,0,16,8,54,0
cohort_1,3,central_c0.2,7,joint_projected,,1.0,0.12780906399711967,0.12780906399711967,0.16675972903613,6.25847512295,0.513115286873,0.001602587804,0.0785983242804707,0.018182653,0.002470376,0.000573352,0,0.017788158,0.000255271,8.4571e-05,0.00076047,150,20,0,0,0,15,20,76,0
cohort_1,3,central_c0.2,8,joint_projected,,1.0,0.2900190269574523,0.2900190269574523,0.329943761928007,17.4432426996,1.0995166014,0.00388160852175,0.07231903439401172,0.016610629,0.00109155,0.000288619,0,0.016465243,8.7496e-05,3.9926e-05,0.000298473,133,12,0,0,0,15,19,64,0
cohort_1,3,central_c0.2,9,joint_projected,,1.0,0.22769707010593265,0.22769707010593265,0.26718043093569577,15.1603165674,1.01361276579,0.0117153680269,0.0785983242804707,0.026441626,0.000826579,0.000175221,0,0.026298567,7.5033e-05,2.9307e-05,0.000301292,89,12,0,0,0,17,4,50,0
cohort_1,3,central_c0.2,0,ompl_uniform,,1.0,0.21740598499309272,0.21740598499309272,0.21839677495881915,14.809215597,1.41455640884,0.0030014866529,0.0785983242804707,,,,,,,,,,,,,,,,,
cohort_1,3,central_c0.2,1,ompl_uniform,,1.0,0.15225199703127146,0.15225199703127146,0.15356331400107592,12.5142677021,2.88440343595,0.0148164167966,0.06838072528222694,,,,,,,,,,,,,,,,,
cohort_1,3,central_c0.2,2,ompl_uniform,,1.0,0.09441944502759725,0.09441944502759725,0.09564632608089596,10.4086905442,2.86815901355,0.0154851731121,0.0785983242804707,,,,,,,,,,,,,,,,,
cohort_1,3,central_c0.2,3,ompl_uniform,,1.0,0.1308909219224006,0.1308909219224006,0.13215563807170838,14.1980187014,3.35364444551,0.0151481767218,0.0785983242804707,,,,,,,,,,,,,,,,,
cohort_1,3,central_c0.2,4,ompl_uniform,,1.0,0.2250521759269759,0.2250521759269759,0.226456974982284,15.9717699546,1.82600736773,0.0145768314654,0.0764288376336016,,,,,,,,,,,,,,,,,
cohort_1,3,central_c0.2,5,ompl_uniform,,1.0,0.26830219104886055,0.26830219104886055,0.2702515149721876,19.5216169922,2.52778490798,0.0150878051376,0.0785983242804707,,,,,,,,,,,,,,,,,
cohort_1,3,central_c0.2,6,ompl_uniform,,1.0,0.25499540008604527,0.25499540008604527,0.25658187305089086,16.9237791124,1.82758553706,0.0134756281508,0.0785983242804707,,,,,,,,,,,,,,,,,
cohort_1,3,central_c0.2,7,ompl_uniform,,1.0,0.20723101997282356,0.20723101997282356,0.20861289300955832,17.6222341264,1.644065797,0.0147033866193,0.0785983242804707,,,,,,,,,,,,,,,,,
cohort_1,3,central_c0.2,8,ompl_uniform,,1.0,0.23496747703757137,0.23496747703757137,0.23641967691946775,19.3953449649,2.58123036183,0.0151605194984,0.0785983242804707,,,,,,,,,,,,,,,,,
cohort_1,3,central_c0.2,9,ompl_uniform,,1.0,0.11278796894475818,0.11278796894475818,0.1143203149549663,10.9698403323,1.30177471114,0.00238631360928,0.07832272465707193,,,,,,,,,,,,,,,,,
cohort_1,4,central_c0.2,0,cartesian_ik,,1.0,0.18287635105662048,0.18287635105662048,0.2481498789275065,13.1119574988,1.18322095061,0.00369051999541,0.0845869814079075,3.945e-05,0.017736372,3.896e-06,0.017539636,0,0,0,0.000108733,4,2,0,0,4,0,0,0,0
cohort_1,4,central_c0.2,1,cartesian_ik,,1.0,0.14124265394639224,0.14124265394639224,0.20663539099041373,8.67049853783,0.585449729022,0.000754000824804,0.07697212429324041,2.224e-05,0.018005279,3.569e-06,0.017740037,0,0,0,0.000171016,3,2,0,0,3,0,0,0,0
cohort_1,4,central_c0.2,2,cartesian_ik,,1.0,0.18897327792365104,0.18897327792365104,0.2542574560502544,13.8862853237,1.1146809601,0.00754402307479,0.0845869814079075,1.6806e-05,0.002700819,1.463e-06,0.002642594,0,0,0,2.9942e-05,1,1,0,0,1,0,0,0,0
cohort_1,4,central_c0.2,3,cartesian_ik,,1.0,0.19308525999076664,0.19308525999076664,0.2587053469615057,12.8302097812,0.86027153949,9.35646197625e-05,0.0845869814079075,2.0602e-05,0.00387233,1.888e-06,0.00374134,0,0,0,6.9984e-05,2,2,0,0,2,0,0,0,0
cohort_1,4,central_c0.2,4,cartesian_ik,,1.0,0.16946882102638483,0.16946882102638483,0.23517538094893098,12.9572480915,0.945759480033,0.00568446875101,0.0845869814079075,1.9806e-05,0.017747265,3.688e-06,0.01750213,0,0,0,0.000120447,5,4,0,0,5,0,0,0,0
cohort_1,4,central_c0.2,5,cartesian_ik,,1.0,0.11926134198438376,0.11926134198438376,0.1847328939475119,11.4166882738,0.887981724129,0.00754402307479,0.08451668243222664,4.148e-05,0.002021646,1.963e-06,0.001926299,0,0,0,4.8386e-05,1,1,0,0,1,0,0,0,0
cohort_1,4,central_c0.2,6,cartesian_ik,,1.0,0.18340681004337966,0.18340681004337966,0.24893551995046437,12.8142762932,1.02289177125,0.000379119188076,0.0845869814079075,2.8563e-05,0.050215501,1.1239e-05,0.04975055,0,0,0,0.0001904,17,5,0,0,17,0,0,0,0
cohort_1,4,central_c0.2,7,cartesian_ik,,1.0,0.15653704502619803,0.15653704502619803,0.2217980909626931,11.8722210515,0.817744483987,0.00752431933875,0.0845869814079075,3.4945e-05,0.007404533,4.678e-06,0.007068497,0,0,0,0.000167406,6,5,0,0,6,0,0,0,0
cohort_1,4,central_c0.2,8,cartesian_ik,,1.0,0.17992657504510134,0.17992657504510134,0.24511091294698417,13.8920224693,0.970768820848,0.00754402307479,0.0845869814079075,2.0622e-05,0.008072259,3.014e-06,0.007881306,0,0,0,9.3579e-05,5,3,0,0,5,0,0,0,0
cohort_1,4,central_c0.2,9,cartesian_ik,,1.0,0.2523982860147953,0.2523982860147953,0.3180983089841902,15.0626958151,1.01153661842,0.00754402307479,0.0845869814079075,3.1516e-05,0.052665047,1.0136e-05,0.051926415,0,0,0,0.000392334,27,16,0,0,27,0,0,0,0
cohort_1,4,central_c0.2,0,joint_projected,,1.0,0.16972822998650372,0.16972822998650372,0.2348508459981531,13.101050274,1.00879634361,0.00754402307479,0.0830422243354865,0.022913093,9.4449e-05,1.8038e-05,0,0.022730953,0.000106566,1.788e-06,4.7069e-05,4,1,0,0,0,16,1,1,0
cohort_1,4,central_c0.2,1,joint_projected,,1.0,0.10646512999664992,0.10646512999664992,0.1717017019400373,13.8821334082,1.28593346235,0.00754402307479,0.0845869814079075,0.014339001,7.1661e-05,1.8946e-05,0,0.014257553,4.9629e-05,1.778e-06,2.2489e-05,6,1,0,0,0,16,1,3,0
cohort_1,4,central_c0.2,2,joint_projected,,1.0,0.08195311692543328,0.08195311692543328,0.14720849401783198,3.64219303847,0.54507755834,0.00752371107337,0.07534207233889395,0.01684537,0.000564784,0.000152627,0,0.016751658,5.7398e-05,1.9714e-05,0.000142383,78,8,0,0,0,16,14,38,0
cohort_1,4,central_c0.2,3,joint_projected,,1.0,0.15200293203815818,0.15200293203815818,0.21757990296464413,11.6380073639,0.810032408343,0.00754402307479,0.08267559657860016,0.008879346,0.000214799,5.3962e-05,0,0.008773578,6.0843e-05,7.678e-06,6.2895e-05,19,3,0,0,0,16,3,10,0
cohort_1,4,central_c0.2,4,joint_projected,,1.0,0.2341827629134059,0.2341827629134059,0.29969424894079566,13.9738892785,1.01696342018,0.00754402307479,0.08315846011675546,0.016055504,0.000255141,6.2908e-05,0,0.015941888,7.3947e-05,8.751e-06,7.4934e-05,16,3,0,0,0,16,1,9,0
cohort_1,4,central_c0.2,5,joint_projected,,1.0,0.12469677196349949,0.12469677196349949,0.1904033919563517,15.3874896994,1.90988840909,0.00754402307479,0.0845869814079075,0.012836789,0.000298169,6.0402e-05,0,0.012736108,6.2768e-05,1.0198e-05,8.4777e-05,25,9,0,0,0,16,2,14,0
cohort_1,4,central_c0.2,6,joint_projected,,1.0,0.2213891070568934,0.2213891070568934,0.2867751349695027,13.4286255818,1.35104983416,0.00754402307479,0.0845869814079075,0.013102963,0.000520002,0.000122541,0,0.012927962,0.000113345,1.6091e-05,0.000161215,36,7,0,0,0,15,2,17,0
cohort_1,4,central_c0.2,7,joint_projected,,1.0,0.13482313009444624,0.13482313009444624,0.20002656895667315,4.29142935545,0.60496637423,0.00144448739185,0.0845869814079075,0.02572108,0.00055557,0.000119841,0,0.025560066,9.7615e-05,1.5746e-05,0.000201744,31,7,0,0,0,16,3,15,0
cohort_1,4,central_c0.2,8,joint_projected,,1.0,0.33113534608855844,0.33113534608855844,0.3971922630444169,18.5318314024,1.48107402997,0.000136174308229,0.0845869814079075,0.009238788,0.001720801,0.00042884,0,0.009108688,7.8258e-05,4.7948e-05,0.000574443,75,14,0,0,0,15,17,30,0
cohort_1,4,central_c0.2,9,joint_projected,,1.0,0.10179235599935055,0.10179235599935055,0.16704680386465043,5.52003413059,0.671401269534,0.00716247656012,0.0845869814079075,0.023322063,0.000206226,4.4017e-05,0,0.023135893,0.000120169,6.074e-06,6.7372e-05,18,6,0,0,0,17,2,8,0
cohort_1,4,central_c0.2,0,ompl_uniform,,1.0,0.11315421899780631,0.11315421899780631,0.11433568398933858,11.6560717936,0.788654539138,0.00259358105277,0.07787845127599807,,,,,,,,,,,,,,,,,
cohort_1,4,central_c0.2,1,ompl_uniform,,1.0,0.18276457290630788,0.18276457290630788,0.18397492298390716,14.5191040934,2.99468658731,0.00754402307479,0.0845869814079075,,,,,,,,,,,,,,,,,
cohort_1,4,central_c0.2,2,ompl_uniform,,1.0,0.16288825101219118,0.16288825101219118,0.16426661203149706,13.8226212223,2.05731470689,0.00754402307479,0.07267477226788974,,,,,,,,,,,,,,,,,
cohort_1,4,central_c0.2,3,ompl_uniform,,1.0,0.1062736629974097,0.1062736629974097,0.10747515794355422,13.1664566623,2.0495118792,0.00519043234906,0.0845869814079075,,,,,,,,,,,,,,,,,
cohort_1,4,central_c0.2,4,ompl_uniform,,1.0,0.21252688707318157,0.21252688707318157,0.2137619530549273,12.4030966571,2.67577317692,0.00754402307479,0.0845869814079075,,,,,,,,,,,,,,,,,
cohort_1,4,central_c0.2,5,ompl_uniform,,1.0,0.17789950710721314,0.17789950710721314,0.1790806680219248,13.7922661148,1.88385279844,0.00754402307479,0.0845869814079075,,,,,,,,,,,,,,,,,
cohort_1,4,central_c0.2,6,ompl_uniform,,1.0,0.17274458892643452,0.17274458892643452,0.1739469360327348,13.2927946657,3.49132934214,0.0013638746166,0.08342365395710045,,,,,,,,,,,,,,,,,
cohort_1,4,central_c0.2,7,ompl_uniform,,1.0,0.15152576903346926,0.15152576903346926,0.15293252607807517,14.5421772146,2.9611021715,0.00693434695058,0.0845869814079075,,,,,,,,,,,,,,,,,
cohort_1,4,central_c0.2,8,ompl_uniform,,1.0,0.08432775898836553,0.08432775898836553,0.08564153197221458,14.9089968438,2.6244583572,0.00358547883969,0.0845869814079075,,,,,,,,,,,,,,,,,
cohort_1,4,central_c0.2,9,ompl_uniform,,1.0,0.15849977801553905,0.15849977801553905,0.15975485206581652,13.9489105236,2.56578198728,0.00750840240419,0.0845869814079075,,,,,,,,,,,,,,,,,
cohort_1,5,central_c0.2,0,cartesian_ik,,1.0,0.31724181899335235,0.31724181899335235,0.3429360429290682,20.4669481858,1.21467232808,0.000228737394158,0.0758903854820821,2.1431e-05,0.007102448,4.024e-06,0.006656498,0,0,0,0.000292955,3,3,0,0,3,0,0,0,0
cohort_1,5,central_c0.2,1,cartesian_ik,,1.0,0.2287482499377802,0.2287482499377802,0.25428204284980893,15.2296608298,0.950625902437,0.000468956728502,0.05134591048007019,3.0339e-05,0.022436567,3.85e-06,0.022154567,0,0,0,0.0001728,10,3,0,0,10,0,0,0,0
cohort_1,5,central_c0.2,2,cartesian_ik,,1.0,0.27769710903521627,0.27769710903521627,0.30344064184464514,13.8060540011,0.955838964387,0.000446838776874,0.1070791945996192,3.7539e-05,0.086063876,1.4033e-05,0.084581569,0,0,0,0.000896534,57,29,0,0,57,0,0,0,0
cohort_1,5,central_c0.2,3,cartesian_ik,,1.0,0.12126309901941568,0.12126309901941568,0.1484105009585619,15.2363864279,1.17182909879,0.000523077697315,0.10266767045325538,2.004e-05,0.002698419,2.494e-06,0.002486763,0,0,0,0.000137503,2,1,0,0,2,0,0,0,0
cohort_1,5,central_c0.2,4,cartesian_ik,,1.0,0.2066695219837129,0.2066695219837129,0.23239443288184702,13.8180004646,0.862423367595,0.000238888395778,0.1092989939664606,4.2663e-05,0.019750671,7.371e-06,0.019297227,0,0,0,0.0002261,16,11,0,0,16,0,0,0,0
cohort_1,5,central_c0.2,5,cartesian_ik,,1.0,0.4350961820455268,0.4350961820455268,0.46131239691749215,21.9758750351,2.0808337483,0.000122313660845,0.0613377115845269,3.8119e-05,0.082883776,1.4813e-05,0.081306863,0,0,0,0.001038057,37,16,0,0,37,0,0,0,0
cohort_1,5,central_c0.2,6,cartesian_ik,,1.0,0.32706957100890577,0.32706957100890577,0.353477734955959,16.9896349396,1.15699544292,0.000294173791675,0.06964585799194882,8.991e-06,0.095952853,1.4007e-05,0.094372203,0,0,0,0.000964655,50,29,0,0,50,0,0,0,0
cohort_1,5,central_c0.2,7,cartesian_ik,,1.0,0.4064816770842299,0.4064816770842299,0.4325105588650331,23.720573143,1.99927773838,0.0002281804384,0.08300135527648185,1.0018e-05,0.083442579,1.1879e-05,0.082306051,0,0,0,0.000711355,54,24,0,0,54,0,0,0,0
cohort_1,5,central_c0.2,8,cartesian_ik,,1.0,0.12552335590589792,0.12552335590589792,0.1511780038708821,9.86407440343,0.844311333957,4.49280853193e-05,0.11480071382946025,2.58e-05,0.02304643,3.663e-06,0.022685337,0,0,0,0.000199385,12,8,0,0,12,0,0,0,0
cohort_1,5,central_c0.2,9,cartesian_ik,,1.0,0.28684335900470614,0.28684335900470614,0.31307588890194893,19.0336225704,1.3125449094,0.00032184451948,0.09279049424672374,2.4491e-05,0.079272951,1.4711e-05,0.077903472,0,0,0,0.000789111,26,11,0,0,26,0,0,0,0
cohort_1,5,central_c0.2,0,joint_projected,,1.0,0.20135639398358762,0.20135639398358762,0.22729491884820163,18.0729249897,1.47415006168,7.56344819673e-05,0.10777188727031467,0.012706194,0.000305753,5.6153e-05,0,0.012556841,8.8674e-05,9.546e-06,0.000126031,28,5,0,0,0,15,1,19,0
cohort_1,5,central_c0.2,1,joint_projected,,1.0,0.20485873997677118,0.20485873997677118,0.23234615894034505,14.6114722675,1.20359869378,0.00033894332903,0.06193550674524065,0.023096762,0.000910198,0.000202931,0,0.022965884,7.5647e-05,2.9943e-05,0.00028908,106,20,0,0,0,17,15,58,0
cohort_1,5,central_c0.2,2,joint_projected,,1.0,0.19176246598362923,0.19176246598362923,0.2174723258940503,18.8040951297,1.22707661294,0.000359862638895,0.09195393244481721,0.01668421,0.000420522,7.229e-05,0,0.016553036,7.2429e-05,1.1974e-05,0.000184574,34,7,0,0,0,16,4,17,0
cohort_1,5,central_c0.2,3,joint_projected,,1.0,0.16938934393692762,0.16938934393692762,0.19609907502308488,13.4492127447,0.760777201715,6.28388129113e-05,0.08617152794832295,0.030440921,0.000390971,9.5033e-05,0,0.030131631,0.000203757,1.2593e-05,0.000103739,29,5,0,0,0,17,5,15,0
cohort_1,5,central_c0.2,4,joint_projected,,1.0,0.37405032804235816,0.37405032804235816,0.40007071488071233,22.1660225557,1.57228331762,0.000153057930604,0.08202844582709248,0.039127104,0.000274688,6.0694e-05,0,0.038903338,0.000126745,8.367e-06,8.5669e-05,25,5,0,0,0,17,2,13,0
cohort_1,5,central_c0.2,5,joint_projected,,1.0,0.1907076049828902,0.1907076049828902,0.21671891794539988,17.0840999536,1.34085908378,0.000151423793141,0.07193368575075865,0.016344168,0.001992538,0.000446308,0,0.016143049,0.000132524,6.2661e-05,0.00067296,106,17,0,0,0,15,7,59,0
cohort_1,5,central_c0.2,6,joint_projected,,1.0,0.39270908501930535,0.39270908501930535,0.4189293319359422,25.4478177058,1.61144305534,0.000943406577833,0.07578098813135928,0.016619932,0.000442264,0.000100916,0,0.016478894,8.7209e-05,1.6716e-05,0.000133149,45,8,0,0,0,15,4,24,0
cohort_1,5,central_c0.2,7,joint_projected,,1.0,0.1431136130122468,0.1431136130122468,0.16953184991143644,15.1638686194,1.17104647443,0.000142788416297,0.09658376399351191,0.01565266,0.000603878,0.000140714,0,0.015583365,4.4436e-05,1.8192e-05,0.000174352,69,16,0,0,0,17,8,29,0
cohort_1,5,central_c0.2,8,joint_projected,,1.0,0.18489408202003688,0.18489408202003688,0.21141975792124867,15.4541664894,1.16153239704,0.000757622676644,0.0844411111728676,0.022948817,0.001236706,0.000274315,0,0.022585207,0.000242175,3.9095e-05,0.000395145,88,19,0,0,0,15,9,42,0
cohort_1,5,central_c0.2,9,joint_projected,,1.0,0.126067406963557,0.126067406963557,0.1521995789371431,13.7425802303,1.03567494583,0.000120800307956,0.0736191422327504,0.017002774,0.000757494,0.000151861,0,0.016862025,8.5901e-05,2.3246e-05,0.000284738,56,15,0,0,0,16,5,23,0
cohort_1,5,central_c0.2,0,ompl_uniform,,1.0,0.4882322120247409,0.4882322120247409,0.49027249100618064,27.4824068263,3.68257030605,7.89797007067e-05,0.12528471301441763,,,,,,,,,,,,,,,,,
cohort_1,5,central_c0.2,1,ompl_uniform,,1.0,0.1895372150465846,0.1895372150465846,0.19067447795532644,11.2521446845,2.12190630807,7.96283976167e-05,0.12528471301441763,,,,,,,,,,,,,,,,,
cohort_1,5,central_c0.2,2,ompl_uniform,,1.0,0.1847658040933311,0.1847658040933311,0.18660261807963252,12.3695524187,2.37893930786,0.000134321960769,0.12528471301441763,,,,,,,,,,,,,,,,,
cohort_1,5,central_c0.2,3,ompl_uniform,,1.0,0.19865422090515494,0.19865422090515494,0.19986033893655986,12.8505170545,2.08751545407,0.000382391252688,0.12528471301441763,,,,,,,,,,,,,,,,,
cohort_1,5,central_c0.2,4,ompl_uniform,,1.0,0.12070923205465078,0.12070923205465078,0.12196238909382373,12.3873656783,1.16365250523,3.42779325265e-05,0.12356312875096122,,,,,,,,,,,,,,,,,
cohort_1,5,central_c0.2,5,ompl_uniform,,1.0,0.3323918280657381,0.3323918280657381,0.33387120300903916,20.9689554393,3.38835189851,7.90233714487e-05,0.12528471301441763,,,,,,,,,,,,,,,,,
cohort_1,5,central_c0.2,6,ompl_uniform,,1.0,0.4467094170395285,0.4467094170395285,0.4483303850283846,27.9126056738,4.237358593,2.10198498715e-05,0.12528471301441763,,,,,,,,,,,,,,,,,
cohort_1,5,central_c0.2,7,ompl_uniform,,1.0,0.13154664891771972,0.13154664891771972,0.13274905597791076,14.0750615523,3.03156011924,0.000319415028735,0.12528471301441763,,,,,,,,,,,,,,,,,
cohort_1,5,central_c0.2,8,ompl_uniform,,1.0,0.27962878509424627,0.27962878509424627,0.2816183859249577,23.5400730947,3.59048280131,0.000533093185613,0.12528471301441763,,,,,,,,,,,,,,,,,
cohort_1,5,central_c0.2,9,ompl_uniform,,1.0,0.4841642479877919,0.4841642479877919,0.4862199450144544,25.1765695129,4.35645307048,0.000795718103734,0.1252128692486978,,,,,,,,,,,,,,,,,
cohort_1,6,central_c0.2,0,cartesian_ik,,1.0,0.15598674898501486,0.15598674898501486,0.19780625205021352,14.0685716121,1.426378823,0.0136294417337,0.09414232161871049,1.5115e-05,0.003995249,1.868e-06,0.003826056,0,0,0,0.000112139,3,1,0,0,3,0,0,0,0
cohort_1,6,central_c0.2,1,cartesian_ik,,1.0,0.17474818299524486,0.17474818299524486,0.21685341896954924,12.0048463076,0.958490461184,0.00636941688147,0.10421408494265211,2.5061e-05,0.051187818,6.456e-06,0.050563364,0,0,0,0.000338611,24,15,0,0,24,0,0,0,0
cohort_1,6,central_c0.2,2,cartesian_ik,,1.0,0.24291594396345317,0.24291594396345317,0.28507518209517,18.7970620796,1.33881833374,0.00701198409689,0.09578882784659783,1.2313e-05,0.015624244,4.791e-06,0.015165725,0,0,0,0.000293332,13,7,0,0,13,0,0,0,0
cohort_1,6,central_c0.2,3,cartesian_ik,,1.0,0.11114201007876545,0.11114201007876545,0.15320777602028102,3.7885883897,0.616872620034,0.0128366138477,0.1044046330232633,3.249e-05,0.022223529,7.056e-06,0.021740749,0,0,0,0.00022604,10,4,0,0,10,0,0,0,0
cohort_1,6,central_c0.2,4,cartesian_ik,,1.0,0.22746521804947406,0.22746521804947406,0.26949492702260613,13.2307348879,1.17934671373,0.0134064597546,0.10182108543141423,2.7991e-05,0.025798792,9.651e-06,0.025189961,0,0,0,0.000378032,11,5,0,0,11,0,0,0,0
cohort_1,6,central_c0.2,5,cartesian_ik,,1.0,0.18936015805229545,0.18936015805229545,0.2310340830590576,13.033694576,1.13077695546,0.0136181576286,0.12374314414963927,2.4708e-05,0.001997146,1.371e-06,0.001903428,0,0,0,5.0682e-05,1,1,0,0,1,0,0,0,0
cohort_1,6,central_c0.2,6,cartesian_ik,,1.0,0.09992222301661968,0.09992222301661968,0.142017342033796,6.20421297511,0.591633273112,0.0137137495464,0.12709374824901679,1.3117e-05,0.001325371,1.176e-06,0.00126434,0,0,0,3.4292e-05,1,1,0,0,1,0,0,0,0
cohort_1,6,central_c0.2,7,cartesian_ik,,1.0,0.2712648449232802,0.2712648449232802,0.3133478460367769,15.8542857367,0.78013011334,0.0135644802137,0.09451670033204929,2.9007e-05,0.004287007,3.955e-06,0.004054493,0,0,0,0.000120672,3,2,0,0,3,0,0,0,0
cohort_1,6,central_c0.2,8,cartesian_ik,,1.0,0.23316628602333367,0.23316628602333367,0.2750097510870546,12.8080261423,0.811161350851,0.00238228041717,0.1049028250932688,2.4552e-05,0.015379555,3.256e-06,0.015220658,0,0,0,7.0148e-05,3,2,0,0,3,0,0,0,0
cohort_1,6,central_c0.2,9,cartesian_ik,,1.0,0.185184303089045,0.185184303089045,0.22928740899078548,11.700253659,0.832729399236,0.0138958858036,0.11873410225023005,2.3158e-05,0.01491448,3.337e-06,0.014721058,0,0,0,8.4856e-05,3,2,0,0,3,0,0,0,0
cohort_1,6,central_c0.2,0,joint_projected,,1.0,0.16335407306905836,0.16335407306905836,0.2050187560962513,4.46416180688,0.598633551445,0.0133869356832,0.10921511460131263,0.025254775,0.003148745,0.000831653,0,0.024924067,0.00020887,0.000136891,0.000738407,149,18,0,0,0,16,11,86,0
cohort_1,6,central_c0.2,1,joint_projected,,1.0,0.12262068502604961,0.12262068502604961,0.16539191594347358,12.1326257667,1.00506445937,0.0134817497255,0.10353406414685366,0.024891259,0.000203397,4.9984e-05,0,0.024808465,4.6933e-05,7.409e-06,6.0529e-05,17,3,0,0,0,17,3,9,0
cohort_1,6,central_c0.2,2,joint_projected,,1.0,0.12150999205186963,0.12150999205186963,0.1633006010670215,9.03361009104,0.631376507855,0.0136438229465,0.1061943832776066,0.037813308,8.9607e-05,1.7545e-05,0,0.037608803,0.000114388,2.031e-06,3.6429e-05,6,2,0,0,0,15,0,2,0
cohort_1,6,central_c0.2,3,joint_projected,,1.0,0.1461113269906491,0.1461113269906491,0.1879240720300004,7.61786310666,0.607089761663,0.0134047771193,0.07632902391960365,0.043380811,0.000189703,4.6081e-05,0,0.043131599,0.000117793,6.323e-06,4.7976e-05,20,4,0,0,0,18,1,12,0
cohort_1,6,central_c0.2,4,joint_projected,,1.0,0.19216685509309173,0.19216685509309173,0.23414755798876286,11.3285682564,0.690146999178,0.0101095787066,0.10117720849424833,0.033604451,0.000230051,5.1503e-05,0,0.0334383,0.000102493,7.913e-06,6.5521e-05,24,6,0,0,0,18,2,13,0
cohort_1,6,central_c0.2,5,joint_projected,,1.0,0.0632334480760619,0.0632334480760619,0.10526043898425996,2.97057293912,0.576927371474,0.00260726657574,0.07291861784232023,0.013172951,0.000199274,4.2229e-05,0,0.012933615,0.000156069,4.723e-06,7.5664e-05,5,2,0,0,0,15,1,1,0
cohort_1,6,central_c0.2,6,joint_projected,,1.0,0.09800954605452716,0.09800954605452716,0.13982574397232383,4.17819098542,0.518055348203,0.0132243593479,0.09027899256419587,0.023220415,0.000118208,2.5019e-05,0,0.02307617,8.7965e-05,3.2e-06,3.7897e-05,8,3,0,0,0,16,0,4,0
cohort_1,6,central_c0.2,7,joint_projected,,1.0,0.14380268298555166,0.14380268298555166,0.18604347808286548,12.0887267777,1.03652713824,0.0131416485896,0.10072744437075834,0.023032368,7.4415e-05,1.9046e-05,0,0.02283834,0.000112836,1.729e-06,2.473e-05,6,1,0,0,0,16,2,3,0
cohort_1,6,central_c0.2,8,joint_projected,,1.0,0.2173253430519253,0.2173253430519253,0.2596077440539375,11.5944313176,1.04983167172,0.0133319319762,0.127456764924928,0.039412811,0.000210875,4.3858e-05,0,0.039257274,8.7672e-05,6.024e-06,8.0144e-05,10,2,0,0,0,18,1,7,0
cohort_1,6,central_c0.2,9,joint_projected,,1.0,0.08297738805413246,0.08297738805413246,0.12476309202611446,8.66470817234,0.593055083696,0.0030367566154,0.11098166706108369,0.027252466,0.000170478,3.6793e-05,0,0.027097807,8.8132e-05,3.599e-06,6.2495e-05,12,3,0,0,0,17,4,4,0
cohort_1,6,central_c0.2,0,ompl_uniform,,1.0,0.18735907692462206,0.18735907692462206,0.18854940007440746,12.7066790473,1.05121233864,0.0133359167522,0.10207852124677658,,,,,,,,,,,,,,,,,
cohort_1,6,central_c0.2,1,ompl_uniform,,1.0,0.22843400901183486,0.22843400901183486,0.22997727000620216,14.4196022125,1.69601706267,0.0134406945736,0.08971401586843422,,,,,,,,,,,,,,,,,
cohort_1,6,central_c0.2,2,ompl_uniform,,1.0,0.11519538902211934,0.11519538902211934,0.11643615807406604,12.8710331081,3.22478592572,0.0129890130526,0.12715594066815294,,,,,,,,,,,,,,,,,
cohort_1,6,central_c0.2,3,ompl_uniform,,1.0,0.20432174403686076,0.20432174403686076,0.2053735429653898,14.4308208646,0.853774778277,0.0132866922199,0.0946240411825863,,,,,,,,,,,,,,,,,
cohort_1,6,central_c0.2,4,ompl_uniform,,1.0,0.14777264709118754,0.14777264709118754,0.14890832407400012,13.8132565438,2.32999675267,0.0139261054204,0.09912879997200405,,,,,,,,,,,,,,,,,
cohort_1,6,central_c0.2,5,ompl_uniform,,1.0,0.15526694699656218,0.15526694699656218,0.15664853795897216,12.2597259598,3.25958704126,0.0134025556865,0.12710070108944502,,,,,,,,,,,,,,,,,
cohort_1,6,central_c0.2,6,ompl_uniform,,1.0,0.16302214900497347,0.16302214900497347,0.16449078591540456,12.0501553811,1.441984695,0.0138391852631,0.12712242656277387,,,,,,,,,,,,,,,,,
cohort_1,6,central_c0.2,7,ompl_uniform,,1.0,0.15136858099140227,0.15136858099140227,0.1528909259941429,12.0427824112,1.19766061804,0.0137611992591,0.1273659942159313,,,,,,,,,,,,,,,,,
cohort_1,6,central_c0.2,8,ompl_uniform,,1.0,0.2096173190511763,0.2096173190511763,0.21097060199826956,13.2856702747,1.49116846688,0.0118020332815,0.11499271247767365,,,,,,,,,,,,,,,,,
cohort_1,6,central_c0.2,9,ompl_uniform,,1.0,0.17192052502650768,0.17192052502650768,0.17314486601389945,11.5690729176,2.70895331295,0.0135030326206,0.1270712465859677,,,,,,,,,,,,,,,,,
cohort_1,7,central_c0.2,0,cartesian_ik,,1.0,0.191427021054551,0.191427021054551,0.21540029300376773,17.0888634488,0.974409013697,0.00155783853717,0.060328429705855356,2.1724e-05,0.033911946,8.254e-06,0.033300214,0,0,0,0.000351832,26,15,0,0,26,0,0,0,0
cohort_1,7,central_c0.2,1,cartesian_ik,,1.0,0.1730392079334706,0.1730392079334706,0.19785449909977615,12.9751306863,1.07372044226,0.0204914451056,0.0900699168997312,2.5779e-05,0.031459031,7.726e-06,0.030690374,0,0,0,0.000454413,24,14,0,0,24,0,0,0,0
cohort_1,7,central_c0.2,2,cartesian_ik,,1.0,0.1158854739041999,0.1158854739041999,0.14069998904597014,9.30683888286,0.805282536195,0.0207530496066,0.08662959962594244,2.0045e-05,0.034958669,8.282e-06,0.034413948,0,0,0,0.000282016,15,7,0,0,15,0,0,0,0
cohort_1,7,central_c0.2,3,cartesian_ik,,1.0,0.16260415699798614,0.16260415699798614,0.1871153140673414,11.2039840166,0.905114004564,0.0200496692106,0.08995062455833416,2.0935e-05,0.002486972,2.516e-06,0.002345841,0,0,0,7.2877e-05,3,2,0,0,3,0,0,0,0
cohort_1,7,central_c0.2,4,cartesian_ik,,1.0,0.19651054497808218,0.19651054497808218,0.22171354503370821,14.6468880044,1.02057558942,0.0205497118979,0.0900699168997312,1.6801e-05,0.006101577,1.94e-06,0.005921636,0,0,0,9.5971e-05,4,3,0,0,4,0,0,0,0
cohort_1,7,central_c0.2,5,cartesian_ik,,1.0,0.25809164193924516,0.25809164193924516,0.2838516610208899,16.5489745397,1.87991766631,0.0204057806813,0.0900699168997312,1.6737e-05,0.030536611,1.4599e-05,0.029035705,0,0,0,0.000861934,30,23,0,0,30,0,0,0,0
cohort_1,7,central_c0.2,6,cartesian_ik,,1.0,0.12617025198414922,0.12617025198414922,0.15051479800604284,11.282105011,0.871256630018,0.00584305790725,0.07588573527667587,1.5901e-05,0.012673192,3.748e-06,0.012391869,0,0,0,0.000162215,4,2,0,0,4,0,0,0,0
cohort_1,7,central_c0.2,7,cartesian_ik,,1.0,0.22619458299595863,0.22619458299595863,0.2502037590602413,8.15221571043,0.693977062563,0.00496768502402,0.06604081896448437,1.9112e-05,0.070215355,1.7931e-05,0.068688401,0,0,0,0.000929006,43,17,0,0,43,0,0,0,0
cohort_1,7,central_c0.2,8,cartesian_ik,,1.0,0.23036499693989754,0.23036499693989754,0.25452637509442866,15.2199778647,1.18790037336,0.0204566389707,0.0900699168997312,1.982e-05,0.045045825,8.638e-06,0.044107604,0,0,0,0.000586847,41,19,0,0,41,0,0,0,0
cohort_1,7,central_c0.2,9,cartesian_ik,,1.0,0.11872566002421081,0.11872566002421081,0.14285317296162248,13.3341918144,0.698058327843,0.00382303681655,0.0900699168997312,1.3338e-05,0.010064885,6.957e-06,0.009410387,0,0,0,0.000394958,10,5,0,0,10,0,0,0,0
cohort_1,7,central_c0.2,0,joint_projected,,1.0,0.26682153693400323,0.26682153693400323,0.29120420198887587,17.6159919288,1.3939556743,0.00636214130553,0.07540688280137982,0.029250853,0.000725023,0.000162251,0,0.028883379,0.000249398,2.3969e-05,0.000226843,78,12,0,0,0,15,9,39,0
cohort_1,7,central_c0.2,1,joint_projected,,1.0,0.30212836200371385,0.30212836200371385,0.32664652704261243,22.4362606799,1.45415405262,0.00292799837794,0.04877674705040533,0.025122228,0.001332395,0.000277653,0,0.024994857,7.7812e-05,3.9296e-05,0.000517473,104,19,0,0,0,17,17,45,0
cohort_1,7,central_c0.2,2,joint_projected,,1.0,0.22468039602972567,0.22468039602972567,0.2492843110812828,15.1983138104,0.92778172966,0.00584982740343,0.055866432094139204,0.019187459,0.006062241,0.001380474,0,0.019029843,9.5117e-05,0.000217093,0.002025906,433,68,0,0,0,15,66,203,0
cohort_1,7,central_c0.2,3,joint_projected,,1.0,0.19185066397767514,0.19185066397767514,0.21615008800290525,13.0052795518,0.989974070152,0.0123336426715,0.0900699168997312,0.021709514,0.001351788,0.000322983,0,0.021497105,0.00011299,4.6474e-05,0.000395857,164,25,0,0,0,16,17,84,0
cohort_1,7,central_c0.2,4,joint_projected,,1.0,0.18726139899808913,0.18726139899808913,0.21185478498227894,16.0852156379,0.931590865869,0.00405180827169,0.0900699168997312,0.012153719,0.000923327,0.000228744,0,0.012085946,4.2925e-05,2.9189e-05,0.000312053,117,9,0,0,0,16,21,57,0
cohort_1,7,central_c0.2,5,joint_projected,,1.0,0.5401218140032142,0.5401218140032142,0.5659534889273345,26.8343860051,1.59310972741,0.00417234033136,0.08699763597713855,0.013442461,0.004076829,0.00094542,0,0.013363623,4.6249e-05,0.000146788,0.001182368,205,34,0,0,0,17,29,105,0
cohort_1,7,central_c0.2,6,joint_projected,,1.0,0.25362919899635017,0.25362919899635017,0.27840863598976284,15.577491341,0.910670491976,0.00387360355481,0.056771077520618836,0.071409137,0.002527012,0.000630834,0,0.071172247,0.000141594,8.8534e-05,0.000778584,228,25,0,0,0,19,34,112,0
cohort_1,7,central_c0.2,7,joint_projected,,1.0,0.3250036659883335,0.3250036659883335,0.3492252170108259,19.0119090692,1.53345512534,0.0102835098241,0.07909041752220174,0.023562794,0.000374924,6.9118e-05,0,0.023420294,8.567e-05,9.158e-06,0.000138198,33,12,0,0,0,16,8,10,0
cohort_1,7,central_c0.2,8,joint_projected,,1.0,0.17674040899146348,0.17674040899146348,0.21213918505236506,11.826249445,0.898413497296,0.00894247886151,0.05627767293625411,0.026207219,0.0052423,0.001118474,0,0.026034529,0.000106682,0.000174484,0.001714016,552,105,0,0,0,16,69,307,0
cohort_1,7,central_c0.2,9,joint_projected,,1.0,0.21566931705456227,0.21566931705456227,0.24004048097413033,15.9010942483,0.961886332459,0.0129685554403,0.08976117090349806,0.012493659,0.002178634,0.000472712,0,0.012342473,9.0487e-05,7.2511e-05,0.000732873,161,25,0,0,0,15,16,79,0
cohort_1,7,central_c0.2,0,ompl_uniform,,1.0,0.1557159119984135,0.1557159119984135,0.1577165499329567,13.600783395,3.06480277458,0.00128896810634,0.08635710701460732,,,,,,,,,,,,,,,,,
cohort_1,7,central_c0.2,1,ompl_uniform,,1.0,0.1548672269564122,0.1548672269564122,0.15621003706473857,13.528315127,1.76789997534,0.0204563456647,0.0900699168997312,,,,,,,,,,,,,,,,,
cohort_1,7,central_c0.2,2,ompl_uniform,,1.0,0.23414652002975345,0.23414652002975345,0.23576430999673903,20.2551498187,2.78632098998,0.0200728074072,0.07316744652528107,,,,,,,,,,,,,,,,,
cohort_1,7,central_c0.2,3,ompl_uniform,,1.0,0.6996301569743082,0.6996301569743082,0.7020345280179754,38.2344768444,4.27435475836,0.00823088429083,0.06902015374654091,,,,,,,,,,,,,,,,,
cohort_1,7,central_c0.2,4,ompl_uniform,,1.0,0.24884398805443197,0.24884398805443197,0.2501915009925142,16.9777314076,3.57361264922,0.0014308415643,0.0849272303756938,,,,,,,,,,,,,,,,,
cohort_1,7,central_c0.2,5,ompl_uniform,,1.0,0.2274559800280258,0.2274559800280258,0.22912953898776323,20.8553359837,5.52282837727,0.0197462071114,0.0900699168997312,,,,,,,,,,,,,,,,,
cohort_1,7,central_c0.2,6,ompl_uniform,,1.0,0.1994719139765948,0.1994719139765948,0.20100418000947684,13.7984806708,2.11967869486,0.00582228873174,0.0687284878817007,,,,,,,,,,,,,,,,,
cohort_1,7,central_c0.2,7,ompl_uniform,,1.0,0.21641551703214645,0.21641551703214645,0.21790092601440847,20.3476546121,1.83335901371,0.0147666524392,0.0900699168997312,,,,,,,,,,,,,,,,,
cohort_1,7,central_c0.2,8,ompl_uniform,,1.0,0.43816813500598073,0.43816813500598073,0.4397692900383845,24.1452108218,4.47180936587,0.0200444803498,0.0900699168997312,,,,,,,,,,,,,,,,,
cohort_1,7,central_c0.2,9,ompl_uniform,,1.0,0.2688616579398513,0.2688616579398513,0.27037270297296345,19.4981258583,3.29265594648,0.00142353928779,0.0900699168997312,,,,,,,,,,,,,,,,,
cohort_1,8,central_c0.2,0,cartesian_ik,,1.0,0.25552182097453624,0.25552182097453624,0.27807008498348296,17.8546631798,1.40501637388,0.0215943214077,0.07177602684466552,5.1274e-05,0.0231374,4.909e-06,0.022815288,0,0,0,0.000178329,11,3,0,0,11,0,0,0,0
cohort_1,8,central_c0.2,1,cartesian_ik,,1.0,0.15346639405470341,0.15346639405470341,0.17671461787540466,9.62192896783,0.600362654194,0.00536296963231,0.08213917613150856,1.5253e-05,0.029210483,5.581e-06,0.028800091,0,0,0,0.000223089,17,9,0,0,17,0,0,0,0
cohort_1,8,central_c0.2,2,cartesian_ik,,1.0,0.10954099497757852,0.10954099497757852,0.13186516298446804,12.6394794904,1.01791290494,0.00647660728145,0.0609559251443338,1.1923e-05,0.029312139,4.097e-06,0.029103885,0,0,0,9.9574e-05,8,2,0,0,8,0,0,0,0
cohort_1,8,central_c0.2,3,cartesian_ik,,1.0,0.10592395497951657,0.10592395497951657,0.12850408197846264,12.838103792,1.30226847089,0.00510498476955,0.06999432283998672,6.909e-06,0.003386211,3.355e-06,0.003121396,0,0,0,0.000156972,2,2,0,0,2,0,0,0,0
cohort_1,8,central_c0.2,4,cartesian_ik,,1.0,0.14459086395800114,0.14459086395800114,0.16716011299286038,12.9324171663,1.19813861663,0.0216691070231,0.06879146375639708,1.2655e-05,0.004888124,3.145e-06,0.00465819,0,0,0,0.000131826,2,2,0,0,2,0,0,0,0
cohort_1,8,central_c0.2,5,cartesian_ik,,1.0,0.15230084501672536,0.15230084501672536,0.17518055497203022,8.03454514891,0.559260599677,0.00533443616055,0.08359897335651523,9.194e-06,0.056142285,1.036e-05,0.054803494,0,0,0,0.000776027,29,18,0,0,29,0,0,0,0
cohort_1,8,central_c0.2,6,cartesian_ik,,1.0,0.4202958249952644,0.4202958249952644,0.4429460000246763,18.7570855172,0.971452200747,0.00264375724819,0.08306920836881715,1.0371e-05,0.050850098,1.1016e-05,0.050025287,0,0,0,0.000453637,19,11,0,0,19,0,0,0,0
cohort_1,8,central_c0.2,7,cartesian_ik,,1.0,0.13502388098277152,0.13502388098277152,0.15763251797761768,6.56149912895,0.591408580214,0.021797705671,0.08073273738485079,3.7598e-05,0.026466183,6.211e-06,0.026061325,0,0,0,0.00023623,10,4,0,0,10,0,0,0,0
cohort_1,8,central_c0.2,8,cartesian_ik,,1.0,0.16249955992680043,0.16249955992680043,0.18507254996802658,13.1149568246,1.05995667481,0.0219580999448,0.07619420672551208,1.3619e-05,0.015877362,2.761e-06,0.015652188,0,0,0,0.000138318,10,6,0,0,10,0,0,0,0
cohort_1,8,central_c0.2,9,cartesian_ik,,1.0,0.25737046101130545,0.25737046101130545,0.2799932210473344,16.2516601867,1.1712272034,0.0220854335112,0.07353531189737136,1.79e-05,0.037984898,7.862e-06,0.037304387,0,0,0,0.000379577,22,13,0,0,22,0,0,0,0
cohort_1,8,central_c0.2,0,joint_projected,,1.0,0.2099851150996983,0.2099851150996983,0.23260966199450195,12.4398477414,1.1444689495,0.0220958661354,0.0711356046255749,0.029636604,0.001101809,0.000230182,0,0.029445402,0.000109313,3.613e-05,0.000390407,75,14,0,0,0,17,8,38,0
cohort_1,8,central_c0.2,1,joint_projected,,1.0,0.19452438002917916,0.19452438002917916,0.2174647148931399,12.8098387113,1.01398601695,0.0130252422821,0.07550278031719415,0.020173119,0.000572005,0.000125653,0,0.019919601,0.000149765,1.9867e-05,0.000195137,14,2,0,0,0,16,4,6,0
cohort_1,8,central_c0.2,2,joint_projected,,1.0,0.08059173892252147,0.08059173892252147,0.10314485302660614,10.1521681407,0.63887176224,0.00766849693033,0.07129751938249776,0.008827028,0.000147879,3.4478e-05,0,0.008737088,6.0757e-05,6.752e-06,4.3855e-05,7,1,0,0,0,15,0,5,0
cohort_1,8,central_c0.2,3,joint_projected,,1.0,0.12625801702961326,0.12625801702961326,0.1494374480098486,11.2822877074,0.887911365693,0.0219017918517,0.07873167490031985,0.007262414,0.001002073,0.000220986,0,0.007150765,6.9736e-05,2.9896e-05,0.000334669,48,11,0,0,0,15,3,21,0
cohort_1,8,central_c0.2,4,joint_projected,,1.0,0.22384097299072891,0.22384097299072891,0.24714788689743727,13.7319907517,1.03928263431,0.00379320357935,0.05875541408984539,0.023651019,0.000902075,0.000208443,0,0.023559187,5.3262e-05,3.0895e-05,0.00025107,98,21,0,0,0,18,9,54,0
cohort_1,8,central_c0.2,5,joint_projected,,1.0,0.11413577198982239,0.11413577198982239,0.13666780898347497,4.88850553382,0.60091779267,0.0052544204098,0.0692788627870912,0.02262736,0.001322352,0.000329307,0,0.022362563,0.00015112,4.6275e-05,0.000385946,49,6,0,0,0,17,9,25,0
cohort_1,8,central_c0.2,6,joint_projected,,1.0,0.22709032392594963,0.22709032392594963,0.24994652101304382,15.1447987991,1.2000682699,0.003954308208,0.058369286957564256,0.013441155,0.003233412,0.000742863,0,0.013306393,8.3835e-05,0.000121249,0.001026085,307,46,0,0,0,15,32,157,0
cohort_1,8,central_c0.2,7,joint_projected,,1.0,0.13890792499296367,0.13890792499296367,0.16371473902836442,12.2898992239,0.826996493126,0.0223525633663,0.06691486372471901,0.021636443,0.000301182,7.199e-05,0,0.021546327,5.0263e-05,1.1016e-05,8.2437e-05,36,6,0,0,0,16,3,21,0
cohort_1,8,central_c0.2,8,joint_projected,,1.0,0.08272992703132331,0.08272992703132331,0.1052779279416427,6.51203490043,0.583931208094,0.0010744425464,0.04365895492411731,0.030987427,0.001068481,0.000216363,0,0.030877156,6.2158e-05,3.6189e-05,0.000383691,104,20,0,0,0,18,8,59,0
cohort_1,8,central_c0.2,9,joint_projected,,1.0,0.29541792592499405,0.29541792592499405,0.3186696049524471,20.0887492096,1.34222487593,0.0144323223884,0.07239050731183143,0.015034358,0.000664445,0.000137656,0,0.014884771,8.2407e-05,2.0831e-05,0.000236192,70,14,0,0,0,15,5,31,0
cohort_1,8,central_c0.2,0,ompl_uniform,,1.0,0.17118189297616482,0.17118189297616482,0.17246976506430656,12.1986090185,2.77468210952,0.0220038938997,0.08076907632587274,,,,,,,,,,,,,,,,,
cohort_1,8,central_c0.2,1,ompl_uniform,,1.0,0.11995304806623608,0.11995304806623608,0.12162280303891748,13.3523097083,3.77858639119,0.0218309936493,0.07510390570809929,,,,,,,,,,,,,,,,,
cohort_1,8,central_c0.2,2,ompl_uniform,,1.0,0.11931737896520644,0.11931737896520644,0.12061566300690174,11.9638381462,2.22487396604,0.020633409357,0.08340029225062931,,,,,,,,,,,,,,,,,
cohort_1,8,central_c0.2,3,ompl_uniform,,1.0,0.16756986000109464,0.16756986000109464,0.1688702329993248,14.6046975705,3.00030100097,0.0184424279691,0.08230955568399764,,,,,,,,,,,,,,,,,
cohort_1,8,central_c0.2,4,ompl_uniform,,1.0,0.1719250730238855,0.1719250730238855,0.1736325139645487,12.9265812671,1.76225068189,0.0227459377726,0.08333030296077512,,,,,,,,,,,,,,,,,
cohort_1,8,central_c0.2,5,ompl_uniform,,1.0,0.16029260901268572,0.16029260901268572,0.16148216906003654,15.5372993626,2.86124313308,0.0221231472815,0.07303047921794806,,,,,,,,,,,,,,,,,
cohort_1,8,central_c0.2,6,ompl_uniform,,1.0,0.12400424794759601,0.12400424794759601,0.12519060401245952,13.8487771241,2.65183454947,0.0220449502028,0.0833888857032255,,,,,,,,,,,,,,,,,
cohort_1,8,central_c0.2,7,ompl_uniform,,1.0,0.1820822700392455,0.1820822700392455,0.18328206101432443,14.0450838933,1.43303127207,0.0221672450039,0.08383531650305828,,,,,,,,,,,,,,,,,
cohort_1,8,central_c0.2,8,ompl_uniform,,1.0,0.13084439397789538,0.13084439397789538,0.1321611920138821,14.8087129018,1.87416521234,0.0222469444058,0.08333143228434409,,,,,,,,,,,,,,,,,
cohort_1,8,central_c0.2,9,ompl_uniform,,1.0,0.14846814097836614,0.14846814097836614,0.149713875958696,13.0011546704,1.5486141676,0.0226151811771,0.08360022045823126,,,,,,,,,,,,,,,,,
cohort_1,9,central_c0.2,0,cartesian_ik,,1.0,0.1105224589118734,0.1105224589118734,0.13332079199608415,10.411200689,0.706451872622,0.0176081522744,0.09438887636229565,1.9072e-05,0.011068149,2.518e-06,0.01095061,0,0,0,4.8347e-05,3,2,0,0,3,0,0,0,0
cohort_1,9,central_c0.2,1,cartesian_ik,,1.0,0.10216880298685282,0.10216880298685282,0.1247795430244878,11.5339887115,0.904564123086,0.018172045264,0.09180808570517819,1.9275e-05,0.008091,2.909e-06,0.007900885,0,0,0,9.9915e-05,4,2,0,0,4,0,0,0,0
cohort_1,9,central_c0.2,2,cartesian_ik,,1.0,0.1425032999832183,0.1425032999832183,0.16569117188919336,14.1249222152,0.963314140641,0.00238672862572,0.08128940432724602,1.3114e-05,0.006084272,3.06e-06,0.005822371,0,0,0,0.000152829,11,7,0,0,11,0,0,0,0
cohort_1,9,central_c0.2,3,cartesian_ik,,1.0,0.1501024420140311,0.1501024420140311,0.17236845986917615,12.6047559871,0.701165610627,0.0177734552318,0.09438887636229565,3.1415e-05,0.021348303,6.612e-06,0.020839595,0,0,0,0.000276375,15,10,0,0,15,0,0,0,0
cohort_1,9,central_c0.2,4,cartesian_ik,,1.0,0.5939690279774368,0.5939690279774368,0.6170021379366517,30.2707422434,1.77187071877,0.00363614104416,0.08185634635376149,2.0152e-05,0.066533543,1.4818e-05,0.065264242,0,0,0,0.00080079,35,14,0,0,35,0,0,0,0
cohort_1,9,central_c0.2,5,cartesian_ik,,1.0,0.21126703708432615,0.21126703708432615,0.23363291600253433,16.9431940264,1.24914003132,3.90110480892e-05,0.08279914251536862,1.299e-05,0.027598834,4.035e-06,0.027193647,0,0,0,0.000229116,17,8,0,0,17,0,0,0,0
cohort_1,9,central_c0.2,6,cartesian_ik,,1.0,0.14967655297368765,0.14967655297368765,0.17244176601525396,13.0262033278,0.883340769377,0.0173352763923,0.08594560604866382,1.3266e-05,0.000464746,1.608e-06,0.000394598,0,0,0,3.3539e-05,2,2,0,0,2,0,0,0,0
cohort_1,9,central_c0.2,7,cartesian_ik,,1.0,0.3448093789629638,0.3448093789629638,0.3686532930005342,19.4516236182,1.18239045004,0.00541719836337,0.09438887636229565,1.3308e-05,0.006989798,2.594e-06,0.006814609,0,0,0,9.4023e-05,5,4,0,0,5,0,0,0,0
cohort_1,9,central_c0.2,8,cartesian_ik,,1.0,0.17586636904161423,0.17586636904161423,0.1980053948936984,9.34414089451,0.724020265649,0.0177017854003,0.09110616436918977,2.1244e-05,0.013110993,3.561e-06,0.012940188,0,0,0,8.3957e-05,3,2,0,0,3,0,0,0,0
cohort_1,9,central_c0.2,9,cartesian_ik,,1.0,0.14631180197466165,0.14631180197466165,0.16850013099610806,8.78882507975,0.710190439509,0.00110282137274,0.06218922672654004,2.3499e-05,0.009654141,3.364e-06,0.009511265,0,0,0,6.0376e-05,4,3,0,0,4,0,0,0,0
cohort_1,9,central_c0.2,0,joint_projected,,1.0,0.1642871128860861,0.1642871128860861,0.18667853891383857,7.23155442611,0.491588505104,0.00923081274932,0.0836523719946207,0.041352495,0.000126573,3.5277e-05,0,0.041137407,0.000126272,4.784e-06,2.9447e-05,12,1,0,0,0,18,1,9,0
cohort_1,9,central_c0.2,1,joint_projected,,1.0,0.17972559400368482,0.17972559400368482,0.20224657794460654,9.57292972895,0.649643266028,0.017743294694,0.09438887636229565,0.047225062,0.000428303,7.4579e-05,0,0.047055457,0.000102257,1.2046e-05,0.000190374,18,4,0,0,0,18,1,10,0
cohort_1,9,central_c0.2,2,joint_projected,,1.0,0.21343815105501562,0.21343815105501562,0.23580396885517985,11.9991189524,1.10132797798,0.0103167543954,0.0943026020314318,0.006506482,0.001156588,0.00025499,0,0.006400347,6.8376e-05,3.1606e-05,0.000451972,113,17,0,0,0,15,15,43,0
cohort_1,9,central_c0.2,3,joint_projected,,1.0,0.11072013003285974,0.11072013003285974,0.13310242595616728,13.7207318037,1.05892515513,0.00372916285264,0.09339909793771414,0.011709915,0.000435876,0.000105605,0,0.011610846,6.0822e-05,1.4078e-05,0.000141858,51,5,0,0,0,17,3,23,0
cohort_1,9,central_c0.2,4,joint_projected,,1.0,0.15478691004682332,0.15478691004682332,0.1770148939685896,13.2186165537,0.723751362816,0.00824126745866,0.08154109290381431,0.01210899,0.000176639,4.487e-05,0,0.011937143,0.000113416,3.981e-06,6.1778e-05,13,2,0,0,0,15,2,5,0
cohort_1,9,central_c0.2,5,joint_projected,,1.0,0.12257714802399278,0.12257714802399278,0.14501992100849748,10.3018820121,0.688484477633,0.00766693150729,0.09438887636229565,0.007707613,0.000487219,0.000107342,0,0.007644644,3.9656e-05,1.4799e-05,0.00018057,43,7,0,0,0,16,7,18,0
cohort_1,9,central_c0.2,6,joint_projected,,1.0,0.13530302699655294,0.13530302699655294,0.15757204091642052,13.0037098048,0.698582714425,0.0166672211913,0.07097112120129458,0.012617038,0.000332168,6.7921e-05,0,0.012232839,0.000199189,9.426e-06,0.000114813,7,2,0,0,0,15,2,3,0
cohort_1,9,central_c0.2,7,joint_projected,,1.0,0.06665482500102371,0.06665482500102371,0.08916636800859123,2.95550753653,0.420917164364,0.00112901851711,0.07433402634580143,0.023044314,5.5416e-05,6.783e-06,0,0.022946097,5.5587e-05,5.88e-07,3.381e-05,1,1,0,0,0,17,0,0,0
cohort_1,9,central_c0.2,8,joint_projected,,1.0,0.14295269397553056,0.14295269397553056,0.16504124796483666,10.9970903341,0.757741504947,0.0055258226132,0.08750659906781812,0.031892418,0.000127293,2.6935e-05,0,0.031709808,0.000111317,3.663e-06,5.2068e-05,4,1,0,0,0,17,0,2,0
cohort_1,9,central_c0.2,9,joint_projected,,1.0,0.1230948920128867,0.1230948920128867,0.14519723900593817,10.7918694869,0.585351700379,0.00408222447957,0.07923766204169103,0.008942197,0.000366003,8.4058e-05,0,0.008824087,7.5237e-05,1.219e-05,0.000114134,13,3,0,0,0,15,1,4,0
cohort_1,9,central_c0.2,0,ompl_uniform,,1.0,0.12562178203370422,0.12562178203370422,0.12685072503518313,9.78368159369,1.02886916971,0.0149692036311,0.06417557985258608,,,,,,,,,,,,,,,,,
cohort_1,9,central_c0.2,1,ompl_uniform,,1.0,0.21296851709485054,0.21296851709485054,0.21416397206485271,13.9348286468,2.72134325277,0.017510813615,0.08940417254304152,,,,,,,,,,,,,,,,,
cohort_1,9,central_c0.2,2,ompl_uniform,,1.0,0.23896973102819175,0.23896973102819175,0.24022779904771596,13.4661621105,2.8527510627,0.00959587636135,0.0861713543362312,,,,,,,,,,,,,,,,,
cohort_1,9,central_c0.2,3,ompl_uniform,,1.0,0.17894855502527207,0.17894855502527207,0.1805834360420704,12.5474323372,0.946764086403,0.000158815104743,0.09391999317800333,,,,,,,,,,,,,,,,,
cohort_1,9,central_c0.2,4,ompl_uniform,,1.0,0.18589326890651137,0.18589326890651137,0.18738981697242707,13.0341821421,3.1263984521,0.0174937596383,0.0842161244059577,,,,,,,,,,,,,,,,,
cohort_1,9,central_c0.2,5,ompl_uniform,,1.0,0.13479624292813241,0.13479624292813241,0.13592593790963292,12.3824355562,1.57402729552,0.0177638076018,0.08605306231345676,,,,,,,,,,,,,,,,,
cohort_1,9,central_c0.2,6,ompl_uniform,,1.0,0.17075380706228316,0.17075380706228316,0.17214083496946841,13.4883399533,2.09157903718,0.0174384184913,0.08350618361181861,,,,,,,,,,,,,,,,,
cohort_1,9,central_c0.2,7,ompl_uniform,,1.0,0.229989523999393,0.229989523999393,0.23132522695232183,13.8227704612,3.47300660606,0.0173038885621,0.08237570733177353,,,,,,,,,,,,,,,,,
cohort_1,9,central_c0.2,8,ompl_uniform,,1.0,0.13570757396519184,0.13570757396519184,0.13698145397938788,12.3702418974,2.67310020401,0.0180387855553,0.09438887636229565,,,,,,,,,,,,,,,,,
cohort_1,9,central_c0.2,9,ompl_uniform,,1.0,0.281558852060698,0.281558852060698,0.28276814392302185,13.9502424881,2.62764524021,0.0175648500452,0.08675096787282095,,,,,,,,,,,,,,,,,
cohort_1,10,central_c0.8,0,cartesian_ik,,1.0,0.1458249749848619,0.1458249749848619,0.16849903587717563,12.3386708455,0.933084945291,0.00861264351225,0.08921288806773756,3.3121e-05,0.0124525,6.587e-06,0.012173698,0,0,0,0.000122079,4,2,0,0,4,0,0,0,0
cohort_1,10,central_c0.8,1,cartesian_ik,,1.0,0.328352430020459,0.328352430020459,0.35162551095709205,21.5091292686,1.30975091013,0.00846302372446,0.08921288806773756,2.2013e-05,0.028644323,9.708e-06,0.027467464,0,0,0,0.000665654,9,5,0,0,9,0,0,0,0
cohort_1,10,central_c0.8,2,cartesian_ik,,1.0,0.10478993505239487,0.10478993505239487,0.12781991995871067,11.8698864507,0.708602168413,0.00867389554852,0.08921288806773756,1.223e-05,0.003196027,1.458e-06,0.003111363,0,0,0,4.8452e-05,2,1,0,0,2,0,0,0,0
cohort_1,10,central_c0.8,3,cartesian_ik,,1.0,0.07638666906859726,0.07638666906859726,0.09931216191034764,12.2499046544,1.22513895692,0.00787294630694,0.08921288806773756,1.1802e-05,0.000379447,1.233e-06,0.00031609,0,0,0,3.8746e-05,1,1,0,0,1,0,0,0,0
cohort_1,10,central_c0.8,4,cartesian_ik,,1.0,0.16804381902329624,0.16804381902329624,0.19145192089490592,14.1309190359,1.09318254264,0.007891762589,0.08921288806773756,1.6956e-05,0.003431918,1.654e-06,0.003261533,0,0,0,9.8581e-05,3,3,0,0,3,0,0,0,0
cohort_1,10,central_c0.8,5,cartesian_ik,,1.0,0.10927023703698069,0.10927023703698069,0.1328291199170053,5.94613174011,0.416013787181,0.00817963435134,0.08219631906743798,1.9825e-05,0.02641367,4.699e-06,0.026099636,0,0,0,0.000185076,12,3,0,0,12,0,0,0,0
cohort_1,10,central_c0.8,6,cartesian_ik,,1.0,0.1172568219481036,0.1172568219481036,0.14033928490243852,12.8708093182,1.02350892048,0.00827635857767,0.0832232371357518,1.2578e-05,0.015369523,4.544e-06,0.015010057,0,0,0,0.000245355,6,2,0,0,6,0,0,0,0
cohort_1,10,central_c0.8,7,cartesian_ik,,1.0,0.1078752160537988,0.1078752160537988,0.13114308682270348,11.9389559725,0.819389162038,0.0085275901561,0.05588445518180561,1.2855e-05,0.008011687,3.171e-06,0.007767532,0,0,0,0.000144427,5,3,0,0,5,0,0,0,0
cohort_1,10,central_c0.8,8,cartesian_ik,,1.0,0.17920759902335703,0.17920759902335703,0.20252446294762194,10.9981836753,0.787391196491,0.00878952341239,0.08921288806773756,2.4422e-05,0.005873158,3.24e-06,0.005632038,0,0,0,0.00014755,3,2,0,0,3,0,0,0,0
cohort_1,10,central_c0.8,9,cartesian_ik,,1.0,0.146992917987518,0.146992917987518,0.16992004681378603,5.92654890058,0.582308166872,0.00830262594439,0.07980726073083899,1.0966e-05,0.003821446,2.286e-06,0.003582181,0,0,0,0.000140694,3,3,0,0,3,0,0,0,0
cohort_1,10,central_c0.8,0,joint_projected,,1.0,0.1723440719069913,0.1723440719069913,0.19614688190631568,14.2603472039,1.12577976671,0.000222035537103,0.08921288806773756,0.020078268,0.000173243,3.9415e-05,0,0.019913037,0.000104636,4.951e-06,4.9656e-05,13,3,0,0,0,16,2,6,0
cohort_1,10,central_c0.8,1,joint_projected,,1.0,0.10230451100505888,0.10230451100505888,0.12537893489934504,2.19999113602,0.519145774112,0.0076950016001,0.06972084939701295,0.023109174,9.2102e-05,1.7373e-05,0,0.022930537,0.0001096,2.629e-06,3.3222e-05,6,2,0,0,0,16,0,4,0
cohort_1,10,central_c0.8,2,joint_projected,,1.0,0.1447010840056464,0.1447010840056464,0.16761733498424292,14.1215414029,1.42265616989,0.00841745805486,0.08921288806773756,0.020375231,0.000237299,5.5655e-05,0,0.020236432,8.6393e-05,6.331e-06,9.0478e-05,11,1,0,0,0,17,2,7,0
cohort_1,10,central_c0.8,3,joint_projected,,1.0,0.07532811095006764,0.07532811095006764,0.1008044988848269,10.3997409703,0.74029087648,0.00364118278335,0.07561782998111687,0.014495775,0.000259983,5.8831e-05,0,0.014364535,8.7047e-05,6.669e-06,8.0812e-05,17,4,0,0,0,16,2,8,0
cohort_1,10,central_c0.8,4,joint_projected,,1.0,0.017259826068766415,0.017259826068766415,0.04100346483755857,2.25279978643,0.486294693895,0.0089882737517,0.07371684329120622,0.01119475,0.000205385,5.5069e-05,0,0.011118016,5.0408e-05,5.665e-06,6.5889e-05,15,1,0,0,0,15,5,7,0
cohort_1,10,central_c0.8,5,joint_projected,,1.0,0.14201103802770376,0.14201103802770376,0.1648530289530754,6.73909591803,0.618687406329,0.00889780357058,0.08921288806773756,0.031882334,0.000258325,5.8284e-05,0,0.031781876,4.6811e-05,7.497e-06,8.9597e-05,26,4,0,0,0,18,3,16,0
cohort_1,10,central_c0.8,6,joint_projected,,1.0,0.2294961359584704,0.2294961359584704,0.2528446998912841,12.6845213179,1.29436832868,0.0080399037673,0.08921288806773756,0.042517721,0.000325709,9.7726e-05,0,0.042165884,0.000213131,1.3233e-05,6.4912e-05,27,2,0,0,0,17,4,18,0
cohort_1,10,central_c0.8,7,joint_projected,,1.0,0.08914602303411812,0.08914602303411812,0.1120430309092626,2.94251930703,0.526217428321,0.00829646864126,0.0741751687132297,0.018837925,0.000129149,3.1442e-05,0,0.018700036,8.4996e-05,4.126e-06,3.8773e-05,14,3,0,0,0,16,3,6,0
cohort_1,10,central_c0.8,8,joint_projected,,1.0,0.08677780709695071,0.08677780709695071,0.10966437589377165,2.11737067246,0.485654225336,0.00856549959059,0.07308027207858837,0.031432054,4.2484e-05,5.936e-06,0,0.031345522,4.9178e-05,6.37e-07,2.3758e-05,1,1,0,0,0,17,0,0,0
cohort_1,10,central_c0.8,9,joint_projected,,1.0,0.1651394759537652,0.1651394759537652,0.1883964139269665,15.5564598739,1.26883471595,0.00867819543344,0.08921288806773756,0.012314869,0.000935143,0.000203573,0,0.01223434,5.2271e-05,2.8447e-05,0.000345087,90,13,0,0,0,15,6,50,0
cohort_1,10,central_c0.8,0,ompl_uniform,,1.0,0.15490680106449872,0.15490680106449872,0.15659583592787385,11.997004571,4.67556141755,0.00897121517368,0.08782426271250388,,,,,,,,,,,,,,,,,
cohort_1,10,central_c0.8,1,ompl_uniform,,1.0,0.1771850399672985,0.1771850399672985,0.1784442359348759,13.3195197195,0.856157912226,0.00897422626644,0.08921288806773756,,,,,,,,,,,,,,,,,
cohort_1,10,central_c0.8,2,ompl_uniform,,1.0,0.2149987299926579,0.2149987299926579,0.21624270698521286,13.5348834904,2.90048584841,0.00817462983864,0.08921288806773756,,,,,,,,,,,,,,,,,
cohort_1,10,central_c0.8,3,ompl_uniform,,1.0,0.1505405040225014,0.1505405040225014,0.15198885696008801,13.3227355246,2.1217738779,0.00874632154354,0.08921288806773756,,,,,,,,,,,,,,,,,
cohort_1,10,central_c0.8,4,ompl_uniform,,1.0,0.26588443806394935,0.26588443806394935,0.2670763509813696,13.8673873926,1.71535220998,0.00878126649558,0.08921288806773756,,,,,,,,,,,,,,,,,
cohort_1,10,central_c0.8,5,ompl_uniform,,1.0,0.18436132709030062,0.18436132709030062,0.18552669999189675,14.2245371624,2.33467089316,0.0082965578509,0.0891891925842579,,,,,,,,,,,,,,,,,
cohort_1,10,central_c0.8,6,ompl_uniform,,1.0,0.1846251339884475,0.1846251339884475,0.18573745200410485,12.4874911755,1.14243094466,0.00750190037252,0.08900539794020536,,,,,,,,,,,,,,,,,
cohort_1,10,central_c0.8,7,ompl_uniform,,1.0,0.1568125570192933,0.1568125570192933,0.15821510599926114,10.8095281905,2.1575131686,0.00846499521375,0.08921288806773756,,,,,,,,,,,,,,,,,
cohort_1,10,central_c0.8,8,ompl_uniform,,1.0,0.15371288498863578,0.15371288498863578,0.15481136401649565,13.4498194207,2.42564838146,0.00822255518976,0.08921288806773756,,,,,,,,,,,,,,,,,
cohort_1,10,central_c0.8,9,ompl_uniform,,1.0,0.16523266898002476,0.16523266898002476,0.16632004594430327,13.5254876288,1.49996613597,0.00798311831274,0.08921288806773756,,,,,,,,,,,,,,,,,
cohort_1,11,central_c0.8,0,cartesian_ik,,1.0,0.14034551195800304,0.14034551195800304,0.1621965809026733,5.17083989954,0.577262778336,0.0156875771758,0.150431731099551,2.7397e-05,0.011278885,4.365e-06,0.011120639,0,0,0,6.0917e-05,2,1,0,0,2,0,0,0,0
cohort_1,11,central_c0.8,1,cartesian_ik,,1.0,0.20789804495871067,0.20789804495871067,0.22998261998873204,14.1985842518,1.62020686116,0.0161139778952,0.12777465151431872,2.8386e-05,0.004471615,3.514e-06,0.004276152,0,0,0,0.000116336,1,1,0,0,1,0,0,0,0
cohort_1,11,central_c0.8,2,cartesian_ik,,1.0,0.061591714969836175,0.061591714969836175,0.08383931394200772,4.45473326707,0.596859785025,0.016238169217,0.11496277265193874,3.3488e-05,0.014892029,4.724e-06,0.014772174,0,0,0,2.931e-05,3,1,0,0,3,0,0,0,0
cohort_1,11,central_c0.8,3,cartesian_ik,,1.0,0.1972238440066576,0.1972238440066576,0.21944948891177773,15.4695695905,1.44580141413,0.00211366862983,0.06838073985150614,2.1559e-05,0.031848492,4.901e-06,0.031674367,0,0,0,6.2942e-05,9,3,0,0,9,0,0,0,0
cohort_1,11,central_c0.8,4,cartesian_ik,,1.0,0.17688013799488544,0.17688013799488544,0.19915821601171046,16.3925391594,1.15872863241,0.0160986187736,0.16926691130779156,1.1787e-05,0.009648832,3.629e-06,0.009398704,0,0,0,0.000131392,4,3,0,0,4,0,0,0,0
cohort_1,11,central_c0.8,5,cartesian_ik,,1.0,0.17447582294698805,0.17447582294698805,0.19674700894393027,14.2035736119,1.01556452402,0.0157229395288,0.0917424610683898,1.6552e-05,0.007419003,3.363e-06,0.007153026,0,0,0,0.000152927,6,3,0,0,6,0,0,0,0
cohort_1,11,central_c0.8,6,cartesian_ik,,1.0,0.1175521609839052,0.1175521609839052,0.13959133299067616,9.06619718688,0.693868601563,0.0161361406715,0.1472990174704595,2.4243e-05,0.013461473,5.156e-06,0.013181285,0,0,0,0.000122464,4,2,0,0,4,0,0,0,0
cohort_1,11,central_c0.8,7,cartesian_ik,,1.0,0.1382443669717759,0.1382443669717759,0.1603185519343242,4.25731370658,0.677387521786,0.0162892666668,0.10923296602888045,2.2271e-05,0.002045771,1.723e-06,0.001948019,0,0,0,4.481e-05,1,1,0,0,1,0,0,0,0
cohort_1,11,central_c0.8,8,cartesian_ik,,1.0,0.10195173602551222,0.10195173602551222,0.1238929609535262,6.6306907626,0.485655236902,0.000755679929044,0.08209606995026322,3.1786e-05,0.000455768,2.173e-06,0.000354015,0,0,0,4.6941e-05,1,1,0,0,1,0,0,0,0
cohort_1,11,central_c0.8,9,cartesian_ik,,1.0,0.1539300709264353,0.1539300709264353,0.17662420601118356,13.4770706284,0.952425963743,0.0126991299327,0.09977069560369425,2.239e-05,0.004727539,4.131e-06,0.004448504,0,0,0,0.000143794,5,4,0,0,5,0,0,0,0
cohort_1,11,central_c0.8,0,joint_projected,,1.0,0.2121863110223785,0.2121863110223785,0.23449146002531052,15.2295961305,1.25728273302,0.0155564467526,0.13661815242346728,0.021242201,0.00012195,2.6565e-05,0,0.021040965,0.000124684,3.511e-06,3.6199e-05,9,3,0,0,0,16,1,5,0
cohort_1,11,central_c0.8,1,joint_projected,,1.0,0.1341688190586865,0.1341688190586865,0.15675688697956502,14.1491148859,1.40452618948,0.0157237491328,0.14691028582924864,0.018098143,4.4775e-05,5.503e-06,0,0.018015471,5.2182e-05,6.87e-07,2.5256e-05,1,1,0,0,0,17,0,0,0
cohort_1,11,central_c0.8,2,joint_projected,,1.0,0.2114815639797598,0.2114815639797598,0.2335642579710111,13.5712881503,0.919407197062,0.0160752968774,0.10078525843283759,0.027899568,0.000740151,0.000150907,0,0.027664439,0.000138572,2.0236e-05,0.000258414,22,7,0,0,0,16,4,9,0
cohort_1,11,central_c0.8,3,joint_projected,,1.0,0.046449837973341346,0.046449837973341346,0.06954372604377568,2.90734686345,0.582456790694,0.0164612693774,0.09673137406353716,0.031983454,0.000346038,6.8697e-05,0,0.031626052,0.000240631,1.1138e-05,0.000133264,18,4,0,0,0,18,4,9,0
cohort_1,11,central_c0.8,4,joint_projected,,1.0,0.0830652320291847,0.0830652320291847,0.10527034592814744,5.03673363107,0.631341017041,0.0141408618785,0.13098856881783666,0.028207465,0.000340621,5.6342e-05,0,0.028102046,5.7479e-05,7.537e-06,0.000158277,26,8,0,0,0,19,2,11,0
cohort_1,11,central_c0.8,5,joint_projected,,1.0,0.19477837102022022,0.19477837102022022,0.21677333198022097,10.6141491881,0.817363255587,0.00367334917558,0.10771547047965231,0.035827672,4.3875e-05,5.253e-06,0,0.035680395,7.173e-05,5.46e-07,2.634e-05,1,1,0,0,0,18,0,0,0
cohort_1,11,central_c0.8,6,joint_projected,,1.0,0.21812196902465075,0.21812196902465075,0.24059715901967138,13.5709120963,1.20499386057,0.0103711550906,0.1486357883636906,0.017626486,0.000241848,5.4405e-05,0,0.017295826,0.000206994,7.167e-06,6.9831e-05,11,3,0,0,0,15,1,6,0
cohort_1,11,central_c0.8,7,joint_projected,,1.0,0.10648577404208481,0.10648577404208481,0.13022472197189927,11.4489761001,0.742169849564,0.0159196053109,0.1690059634064607,0.014552151,0.000287813,8.9208e-05,0,0.014382025,9.8275e-05,8.484e-06,5.5278e-05,22,3,0,0,0,15,7,8,0
cohort_1,11,central_c0.8,8,joint_projected,,1.0,0.19085671508219093,0.19085671508219093,0.2138702649390325,12.6743845178,1.20591434179,0.0156166877,0.16926691130779156,0.021722474,0.000194351,3.8282e-05,0,0.021516221,0.000138693,5.676e-06,6.6177e-05,8,2,0,0,0,16,1,5,0
cohort_1,11,central_c0.8,9,joint_projected,,1.0,0.09704138699453324,0.09704138699453324,0.11920822598040104,4.79822909382,0.606641553428,0.0159132122063,0.12366768655876753,0.048536512,0.000162019,3.1729e-05,0,0.048318045,0.000138714,4.064e-06,6.0968e-05,6,2,0,0,0,17,0,3,0
cohort_1,11,central_c0.8,0,ompl_uniform,,1.0,0.1399311430286616,0.1399311430286616,0.1412309770239517,12.5832033413,1.77999695364,0.0159996957807,0.1619578580333361,,,,,,,,,,,,,,,,,
cohort_1,11,central_c0.8,1,ompl_uniform,,1.0,0.16090305405668914,0.16090305405668914,0.16206482599955052,13.2889145699,1.99334481719,0.01506161853,0.12356397433373983,,,,,,,,,,,,,,,,,
cohort_1,11,central_c0.8,2,ompl_uniform,,1.0,0.1356107919709757,0.1356107919709757,0.1376252779737115,14.0736306455,2.61769937668,0.0165837869729,0.13035014732784578,,,,,,,,,,,,,,,,,
cohort_1,11,central_c0.8,3,ompl_uniform,,1.0,0.20097446395084262,0.20097446395084262,0.2022083030315116,12.6816568092,3.28055422296,0.0164920648521,0.13073871129098077,,,,,,,,,,,,,,,,,
cohort_1,11,central_c0.8,4,ompl_uniform,,1.0,0.10925805405713618,0.10925805405713618,0.11050324700772762,10.0705976554,1.83352860495,0.0161470339213,0.12606307194942223,,,,,,,,,,,,,,,,,
cohort_1,11,central_c0.8,5,ompl_uniform,,1.0,0.20888627308886498,0.20888627308886498,0.21020540304016322,12.3723970297,1.90409998695,0.0116058864398,0.1261890350853121,,,,,,,,,,,,,,,,,
cohort_1,11,central_c0.8,6,ompl_uniform,,1.0,0.12674957397393882,0.12674957397393882,0.12796955998055637,13.7620559844,2.44240701615,0.0158476890916,0.1224437245504544,,,,,,,,,,,,,,,,,
cohort_1,11,central_c0.8,7,ompl_uniform,,1.0,0.17780095303896815,0.17780095303896815,0.17902846401557326,13.615323424,1.44255879849,0.0160660421214,0.12072363178516246,,,,,,,,,,,,,,,,,
cohort_1,11,central_c0.8,8,ompl_uniform,,1.0,0.09817861707415432,0.09817861707415432,0.09955274092499167,14.2918490036,1.84176425799,0.0158679105092,0.16093073906255786,,,,,,,,,,,,,,,,,
cohort_1,11,central_c0.8,9,ompl_uniform,,1.0,0.1584163960069418,0.1584163960069418,0.15967771993018687,12.4337905517,3.86884299038,0.0157204555131,0.11683166076737092,,,,,,,,,,,,,,,,,
cohort_1,12,central_c0.8,0,cartesian_ik,,1.0,0.1594437330495566,0.1594437330495566,0.1824389121029526,12.2711940249,0.715373372077,0.0155904535021,0.05757129572196858,3.1976e-05,0.027875844,4.273e-06,0.027741496,0,0,0,5.2541e-05,2,1,0,0,2,0,0,0,0
cohort_1,12,central_c0.8,1,cartesian_ik,,1.0,0.23816476098727435,0.23816476098727435,0.26146619906648993,10.958117206,0.771466542901,0.0133675192915,0.059400059567689116,2.9678e-05,0.071507975,1.0415e-05,0.070633524,0,0,0,0.000535777,31,11,0,0,31,0,0,0,0
cohort_1,12,central_c0.8,2,cartesian_ik,,1.0,0.171968900016509,0.171968900016509,0.1960728900739923,13.0845897984,0.873942488179,0.0284497116732,0.07237260919211455,1.8338e-05,0.018936076,4.262e-06,0.018736683,0,0,0,8.5596e-05,5,2,0,0,5,0,0,0,0
cohort_1,12,central_c0.8,3,cartesian_ik,,1.0,0.18624876497779042,0.18624876497779042,0.21075025701429695,13.7834859534,1.17436098662,0.0227085791241,0.06559224060756497,2.8597e-05,0.030488956,5.298e-06,0.030078956,0,0,0,0.000251212,11,5,0,0,11,0,0,0,0
cohort_1,12,central_c0.8,4,cartesian_ik,,1.0,0.16619135800283402,0.16619135800283402,0.18930896709207445,8.49947916618,0.677073937968,0.0133808619886,0.07238218889111074,1.9986e-05,0.018071773,4.216e-06,0.017894767,0,0,0,7.5734e-05,6,2,0,0,6,0,0,0,0
cohort_1,12,central_c0.8,5,cartesian_ik,,1.0,0.09337688994128257,0.09337688994128257,0.11767722899094224,11.809968191,0.723194583139,0.0230098485924,0.06286580611215968,8.626e-06,0.000544222,1.179e-06,0.000483618,0,0,0,3.0099e-05,1,1,0,0,1,0,0,0,0
cohort_1,12,central_c0.8,6,cartesian_ik,,1.0,0.147408970980905,0.147408970980905,0.17083516309503466,12.9835609155,0.990725033498,0.027418574356,0.07200253027367706,2.5349e-05,0.004728206,3.852e-06,0.004528026,0,0,0,0.000100539,3,2,0,0,3,0,0,0,0
cohort_1,12,central_c0.8,7,cartesian_ik,,1.0,0.25021934299729764,0.25021934299729764,0.27388484799303114,17.5693586232,1.0597945982,0.0203421990006,0.06453980036439047,7.577e-06,0.006654789,2.67e-06,0.006361349,0,0,0,0.000165134,12,10,0,0,12,0,0,0,0
cohort_1,12,central_c0.8,8,cartesian_ik,,1.0,0.209489032975398,0.209489032975398,0.23306477395817637,12.7050601499,0.572902644609,0.00727832737688,0.0701821961345874,7.346e-06,0.008240869,2.325e-06,0.008094795,0,0,0,8.4128e-05,4,1,0,0,4,0,0,0,0
cohort_1,12,central_c0.8,9,cartesian_ik,,1.0,0.16221504006534815,0.16221504006534815,0.18523495399858803,13.7715976359,1.68049583524,0.0149800029055,0.06129794206521238,2.8786e-05,0.004132658,3.077e-06,0.003855568,0,0,0,0.000179794,1,1,0,0,1,0,0,0,0
cohort_1,12,central_c0.8,0,joint_projected,,1.0,0.2924546579597518,0.2924546579597518,0.31580148509237915,13.0689436109,0.679443195767,0.0135615622783,0.07204645787143732,0.103353653,7.1362e-05,1.7787e-05,0,0.10323017,6.3127e-05,1.577e-06,2.8377e-05,4,1,0,0,0,29,1,2,0
cohort_1,12,central_c0.8,1,joint_projected,,1.0,0.2073610790539533,0.2073610790539533,0.230561880976893,13.4421190622,0.776791648325,0.0229545128142,0.07221989553028932,0.093550801,8.0608e-05,1.3691e-05,0,0.093480748,4.1542e-05,1.276e-06,3.9338e-05,3,2,0,0,0,28,1,0,0
cohort_1,12,central_c0.8,2,joint_projected,,1.0,0.27113228291273117,0.27113228291273117,0.29490277101285756,13.9939160864,1.00807577354,0.00754313236744,0.06544685095967459,0.090356499,0.000236994,4.8009e-05,0,0.090251669,5.644e-05,6.696e-06,8.6918e-05,23,4,0,0,0,28,2,8,6
cohort_1,12,central_c0.8,3,joint_projected,,1.0,0.21799489809200168,0.21799489809200168,0.24149092310108244,12.8176974557,0.934310579032,0.0147227036434,0.059049266759368974,0.100807787,0.000147081,1.3895e-05,0,0.100720367,4.697e-05,1.877e-06,9.2436e-05,5,3,0,0,0,29,0,1,1
cohort_1,12,central_c0.8,4,joint_projected,,1.0,0.28002863202709705,0.28002863202709705,0.3032553989905864,12.5732568865,1.02678906698,0.0158182450681,0.07087290680134088,0.117417304,0.000142614,3.2353e-05,0,0.117268193,8.1025e-05,3.101e-06,5.8967e-05,11,2,0,0,0,31,3,5,0
cohort_1,12,central_c0.8,5,joint_projected,,1.0,0.278361213975586,0.278361213975586,0.3017591570969671,13.8395570853,0.7227225262,0.026218819933,0.06719991833047605,0.094415585,0.000109938,2.0215e-05,0,0.094271962,7.6051e-05,2.421e-06,4.6995e-05,6,2,0,0,0,28,1,3,0
cohort_1,12,central_c0.8,6,joint_projected,,1.0,0.24866974097676575,0.24866974097676575,0.2732012281194329,13.8402623803,1.18537306268,0.028031108082,0.07196294793465931,0.088775092,6.1969e-05,7.561e-06,0,0.088699232,4.3999e-05,6.94e-07,3.6813e-05,3,1,0,0,0,28,0,0,2
cohort_1,12,central_c0.8,7,joint_projected,,1.0,0.1861586490413174,0.1861586490413174,0.2095217020250857,11.6596071367,0.761567871635,0.0110736088037,0.06613579638864427,0.108278963,0.000188304,3.5321e-05,0,0.108168957,6.4979e-05,3.798e-06,7.7313e-05,17,4,0,0,0,30,2,4,5
cohort_1,12,central_c0.8,8,joint_projected,,1.0,0.2992155379615724,0.2992155379615724,0.32282752997707576,10.5785345718,0.632346710621,0.0219742798905,0.07176253645755873,0.104670654,0.000611664,0.000131827,0,0.104565229,5.9515e-05,2.2729e-05,0.000181806,39,9,0,0,0,29,3,21,2
cohort_1,12,central_c0.8,9,joint_projected,,1.0,0.1303952969610691,0.1303952969610691,0.15528790513053536,5.85318777893,0.582952926017,0.00405864032535,0.07206190979759924,0.092823944,0.000177931,2.5985e-05,0,0.092716824,6.1866e-05,4.203e-06,9.9596e-05,5,1,0,0,0,28,0,2,0
cohort_1,12,central_c0.8,0,ompl_uniform,,1.0,0.1871088839834556,0.1871088839834556,0.18817932100500911,13.5573401062,3.38433938977,0.0188604064186,0.05617867476638216,,,,,,,,,,,,,,,,,
cohort_1,12,central_c0.8,1,ompl_uniform,,1.0,0.12555934803094715,0.12555934803094715,0.12709079193882644,13.6629628731,1.65182081206,0.0272346565892,0.07177823719711876,,,,,,,,,,,,,,,,,
cohort_1,12,central_c0.8,2,ompl_uniform,,1.0,0.17697288398630917,0.17697288398630917,0.17847570206504315,13.5769543813,2.23623999147,0.0130368938502,0.06255830083863652,,,,,,,,,,,,,,,,,
cohort_1,12,central_c0.8,3,ompl_uniform,,1.0,0.22725015599280596,0.22725015599280596,0.22873718105256557,12.1781758062,1.47433175894,0.0193384764902,0.0715152531345349,,,,,,,,,,,,,,,,,
cohort_1,12,central_c0.8,4,ompl_uniform,,1.0,0.1662624409655109,0.1662624409655109,0.16757912992034107,14.7777469986,2.40319898935,0.0167725543706,0.07210559663690327,,,,,,,,,,,,,,,,,
cohort_1,12,central_c0.8,5,ompl_uniform,,1.0,0.13830918597523123,0.13830918597523123,0.1396191540407017,13.665966055,3.4233503103,0.0276912723542,0.07182710868755397,,,,,,,,,,,,,,,,,
cohort_1,12,central_c0.8,6,ompl_uniform,,1.0,0.16474819101858884,0.16474819101858884,0.16598479798994958,14.68288925,3.09098386284,0.0119548787509,0.056194539457541076,,,,,,,,,,,,,,,,,
cohort_1,12,central_c0.8,7,ompl_uniform,,1.0,0.20739560201764107,0.20739560201764107,0.20955575699917972,18.4797366196,4.07230178026,0.00987070185908,0.053836759283618,,,,,,,,,,,,,,,,,
cohort_1,12,central_c0.8,8,ompl_uniform,,1.0,0.11246182094328105,0.11246182094328105,0.1142974030226469,11.4887633813,0.749607849022,0.0090378032106,0.06375483934222959,,,,,,,,,,,,,,,,,
cohort_1,12,central_c0.8,9,ompl_uniform,,1.0,0.1511574269970879,0.1511574269970879,0.15259831200819463,14.2282680011,1.52035291777,0.000567693452541,0.0444203338672777,,,,,,,,,,,,,,,,,
cohort_1,13,central_c0.8,0,cartesian_ik,,1.0,0.08404942497145385,0.08404942497145385,0.106624515959993,4.43690131189,0.518692178925,0.0291515338766,0.09735811030705491,7.08e-06,0.005782933,1.477e-06,0.005699453,0,0,0,4.6649e-05,2,1,0,0,2,0,0,0,0
cohort_1,13,central_c0.8,1,cartesian_ik,,1.0,0.1108523029834032,0.1108523029834032,0.1332087010378018,6.58147817091,0.645792753993,0.0193338971801,0.08105136360971682,1.9854e-05,0.002610873,1.8248e-05,0.002394504,0,0,0,9.5716e-05,2,1,0,0,2,0,0,0,0
cohort_1,13,central_c0.8,2,cartesian_ik,,1.0,0.06779410503804684,0.06779410503804684,0.09019939799327403,8.05939187792,0.625908321398,0.0265245255708,0.10022706899561218,1.1862e-05,0.001963202,1.42e-06,0.00190882,0,0,0,2.8406e-05,1,1,0,0,1,0,0,0,0
cohort_1,13,central_c0.8,3,cartesian_ik,,1.0,0.12885239999741316,0.12885239999741316,0.15169599396176636,12.7541102602,1.22589132357,0.00733913641409,0.09841462944580082,1.1559e-05,0.008596004,2.754e-06,0.008400526,0,0,0,0.000111525,6,3,0,0,6,0,0,0,0
cohort_1,13,central_c0.8,4,cartesian_ik,,1.0,0.07058808405417949,0.07058808405417949,0.0928744999691844,4.69192634679,0.576509009684,0.0293760324669,0.08851297114503905,2.023e-05,0.002013401,1.457e-06,0.001950081,0,0,0,2.8053e-05,1,1,0,0,1,0,0,0,0
cohort_1,13,central_c0.8,5,cartesian_ik,,1.0,0.1299759829416871,0.1299759829416871,0.15272577898576856,13.856945884,1.02746183866,0.0292845531374,0.09013483275536753,1.7067e-05,0.001757075,1.284e-06,0.001671891,0,0,0,3.721e-05,1,1,0,0,1,0,0,0,0
cohort_1,13,central_c0.8,6,cartesian_ik,,1.0,0.2421523949597031,0.2421523949597031,0.26460908097214997,14.7305786833,1.21867570221,0.00803821211434,0.10013412677373223,1.992e-05,0.002490719,4.244e-06,0.002219758,0,0,0,0.000160796,4,2,0,0,4,0,0,0,0
cohort_1,13,central_c0.8,7,cartesian_ik,,1.0,0.05307689402252436,0.05307689402252436,0.07550465094391257,9.16662973613,0.731841135987,0.0249707548514,0.08514460105875783,1.1083e-05,0.000419167,1.018e-06,0.000374983,0,0,0,2.1334e-05,1,1,0,0,1,0,0,0,0
cohort_1,13,central_c0.8,8,cartesian_ik,,1.0,0.20009569497779012,0.20009569497779012,0.22387133608572185,12.2081971097,0.746189411508,0.0292394227516,0.08685445670753193,2.2001e-05,0.000767985,1.527e-06,0.000696673,0,0,0,3.5581e-05,1,1,0,0,1,0,0,0,0
cohort_1,13,central_c0.8,9,cartesian_ik,,1.0,0.1568687839899212,0.1568687839899212,0.1791588170453906,9.58459819119,0.818911473024,0.0289255668723,0.09064850966656504,3.1715e-05,0.002028813,2.328e-06,0.001865962,0,0,0,8.571e-05,1,1,0,0,1,0,0,0,0
cohort_1,13,central_c0.8,0,joint_projected,,1.0,0.1820875940611586,0.1820875940611586,0.20435938297305256,13.1844604536,1.24352365,0.0296365319779,0.09413968564652252,0.018177987,0.000140703,2.8877e-05,0,0.017961942,0.000125129,3.863e-06,5.5504e-05,10,2,0,0,0,16,2,5,0
cohort_1,13,central_c0.8,1,joint_projected,,1.0,0.04665925493463874,0.04665925493463874,0.06965097307693213,5.79743041448,0.565748874158,0.0294026173111,0.1000302793632171,0.017412218,9.6039e-05,2.0189e-05,0,0.017320526,5.9691e-05,1.717e-06,4.0801e-05,6,2,0,0,0,17,0,2,0
cohort_1,13,central_c0.8,2,joint_projected,,1.0,0.23327206901740283,0.23327206901740283,0.25579361198469996,12.5850955868,0.974613554311,0.0294473100168,0.09090112833705549,0.034246882,0.00018744,5.2916e-05,0,0.034036988,0.000143162,6.848e-06,4.4462e-05,18,2,0,0,0,16,4,11,0
cohort_1,13,central_c0.8,3,joint_projected,,1.0,0.11962365498766303,0.11962365498766303,0.14232600398827344,13.3518411211,1.25125255016,0.0289456409952,0.09136130234246839,0.0221851,5.2305e-05,9.859e-06,0,0.022103385,4.8575e-05,5.55e-07,2.551e-05,2,1,0,0,0,17,0,0,0
cohort_1,13,central_c0.8,4,joint_projected,,1.0,0.2186909660231322,0.2186909660231322,0.24122351000551134,13.9855228166,1.07947695875,0.0289917516916,0.0954630577450645,0.023100637,8.9561e-05,1.7711e-05,0,0.02281443,0.000169017,1.647e-06,4.3283e-05,3,1,0,0,0,17,0,1,0
cohort_1,13,central_c0.8,5,joint_projected,,1.0,0.05224270699545741,0.05224270699545741,0.07517177402041852,8.08977030679,0.682141226837,0.0125339472616,0.10048342722103565,0.012919033,9.3386e-05,1.5459e-05,0,0.012830674,5.3743e-05,1.77e-06,4.394e-05,4,2,0,0,0,16,1,1,0
cohort_1,13,central_c0.8,6,joint_projected,,1.0,0.07221130793914199,0.07221130793914199,0.09439809795003384,4.02847040968,0.672466818687,0.0294410030134,0.08901631182137142,0.012102156,7.0915e-05,1.4637e-05,0,0.011969362,8.0278e-05,9.07e-07,3.0259e-05,2,1,0,0,0,15,0,0,0
cohort_1,13,central_c0.8,7,joint_projected,,1.0,0.12166241998784244,0.12166241998784244,0.14441683096811175,6.6871032787,0.685500044341,0.0293205696594,0.08009420769465266,0.031632346,0.000178028,3.712e-05,0,0.031426977,0.000128224,4.913e-06,5.799e-05,6,2,0,0,0,16,2,2,0
cohort_1,13,central_c0.8,8,joint_projected,,1.0,0.1750387770589441,0.1750387770589441,0.19751770189031959,13.9209191706,1.30952691126,0.0288877697052,0.0860449448269526,0.017415596,0.000196056,3.9544e-05,0,0.017269187,8.8688e-05,5.024e-06,7.1049e-05,8,3,0,0,0,15,1,3,0
cohort_1,13,central_c0.8,9,joint_projected,,1.0,0.12668865197338164,0.12668865197338164,0.14925076893996447,11.1124254552,0.643769196702,0.0157357291986,0.07910211627895633,0.035485483,8.5736e-05,2.4628e-05,0,0.035392453,5.1073e-05,1.956e-06,2.7559e-05,9,1,0,0,0,19,1,3,0
cohort_1,13,central_c0.8,0,ompl_uniform,,1.0,0.18582520296331495,0.18582520296331495,0.18711474305018783,13.9657733674,1.37346979751,0.0290609795149,0.1005101077311199,,,,,,,,,,,,,,,,,
cohort_1,13,central_c0.8,1,ompl_uniform,,1.0,0.07477719197049737,0.07477719197049737,0.07629503204952925,11.9749819941,1.852266395,0.0297163636382,0.10017193344979428,,,,,,,,,,,,,,,,,
cohort_1,13,central_c0.8,2,ompl_uniform,,1.0,0.1474929240066558,0.1474929240066558,0.14870423602405936,14.9390511286,1.86633759009,0.029635274512,0.09830139274172398,,,,,,,,,,,,,,,,,
cohort_1,13,central_c0.8,3,ompl_uniform,,1.0,0.1242707510245964,0.1242707510245964,0.1259079920127988,12.0078659357,2.14673479428,0.0291749093074,0.09978052432791934,,,,,,,,,,,,,,,,,
cohort_1,13,central_c0.8,4,ompl_uniform,,1.0,0.19207337009720504,0.19207337009720504,0.19350608403328806,13.4121583531,3.2902152521,0.0292109181285,0.10026390605459334,,,,,,,,,,,,,,,,,
cohort_1,13,central_c0.8,5,ompl_uniform,,1.0,0.1108417889336124,0.1108417889336124,0.11223197809886187,14.8682496882,1.96505618634,0.0286573594767,0.08689874884264728,,,,,,,,,,,,,,,,,
cohort_1,13,central_c0.8,6,ompl_uniform,,1.0,0.09227274707518518,0.09227274707518518,0.09356692305300385,7.86454969764,0.960408710355,0.0291432941993,0.08423793672183752,,,,,,,,,,,,,,,,,
cohort_1,13,central_c0.8,7,ompl_uniform,,1.0,0.297248239046894,0.297248239046894,0.2986290450207889,20.5273177456,3.76557081472,0.0293068251341,0.0999271501835362,,,,,,,,,,,,,,,,,
cohort_1,13,central_c0.8,8,ompl_uniform,,1.0,0.11030001298058778,0.11030001298058778,0.11164544604253024,10.782371831,1.75483172854,0.0288027505813,0.10007838159243432,,,,,,,,,,,,,,,,,
cohort_1,13,central_c0.8,9,ompl_uniform,,1.0,0.098021375015378,0.098021375015378,0.09926239401102066,12.0063632438,1.09936141467,0.0291211301788,0.10004441342542883,,,,,,,,,,,,,,,,,
cohort_1,14,central_c0.8,0,cartesian_ik,,1.0,0.16755005298182368,0.16755005298182368,0.1900681109400466,14.0258966296,1.18159117797,0.00964776630824,0.07278277088954857,2.6177e-05,0.014789466,3.98e-06,0.014555984,0,0,0,0.000127528,7,3,0,0,7,0,0,0,0
cohort_1,14,central_c0.8,1,cartesian_ik,,1.0,0.15715165308211,0.15715165308211,0.1796871708938852,12.7934461573,0.906686544364,0.00957328102436,0.060328935725867505,3.2397e-05,0.028903246,6.152e-06,0.028458801,0,0,0,0.000241727,9,6,0,0,9,0,0,0,0
cohort_1,14,central_c0.8,2,cartesian_ik,,1.0,0.13768695504404604,0.13768695504404604,0.160030449857004,14.2060488852,1.11870952706,0.00941556218886,0.10694692306956319,1.2117e-05,0.013116775,3.115e-06,0.012941388,0,0,0,9.9806e-05,6,3,0,0,6,0,0,0,0
cohort_1,14,central_c0.8,3,cartesian_ik,,1.0,0.1284149830462411,0.1284149830462411,0.15058012690860778,6.87941951748,0.636049974514,0.00988401803721,0.0846563438556106,2.5915e-05,0.013513792,1.852e-06,0.013436331,0,0,0,3.2095e-05,2,1,0,0,2,0,0,0,0
cohort_1,14,central_c0.8,4,cartesian_ik,,1.0,0.1654448959743604,0.1654448959743604,0.18906683288514614,14.4949541597,1.62302666095,0.00996582991808,0.10694692306956319,1.3556e-05,0.041403811,9.314e-06,0.040769054,0,0,0,0.000354621,17,7,0,0,17,0,0,0,0
cohort_1,14,central_c0.8,5,cartesian_ik,,1.0,0.1928795260610059,0.1928795260610059,0.21514009695965797,13.0891620647,0.885621112393,0.00925276476711,0.10694692306956319,2.1177e-05,0.082074652,1.4036e-05,0.081187475,0,0,0,0.000509508,29,8,0,0,29,0,0,0,0
cohort_1,14,central_c0.8,6,cartesian_ik,,1.0,0.20843888400122523,0.20843888400122523,0.23104827792849392,16.039853954,0.967572626991,0.00880477938659,0.05131093697788767,2.3088e-05,0.012225389,5.625e-06,0.011863864,0,0,0,0.000166006,8,4,0,0,8,0,0,0,0
cohort_1,14,central_c0.8,7,cartesian_ik,,1.0,0.34612175705842674,0.34612175705842674,0.36840465397108346,17.3787385217,1.70464834556,0.00576012049967,0.0947874990831652,2.3815e-05,0.058706634,8.861e-06,0.058041652,0,0,0,0.000369088,25,12,0,0,25,0,0,0,0
cohort_1,14,central_c0.8,8,cartesian_ik,,1.0,0.24292906909249723,0.24292906909249723,0.2655010229209438,16.125631783,1.23078161114,0.00629111875507,0.10694692306956319,2.0588e-05,0.076703467,1.3639e-05,0.075692823,0,0,0,0.000544442,28,10,0,0,28,0,0,0,0
cohort_1,14,central_c0.8,9,cartesian_ik,,1.0,0.27745128609240055,0.27745128609240055,0.29982419894076884,12.3842480814,1.06506704192,0.00124583915848,0.10694692306956319,3.4027e-05,0.106856983,1.8535e-05,0.105554949,0,0,0,0.000739862,35,14,0,0,35,0,0,0,0
cohort_1,14,central_c0.8,0,joint_projected,,1.0,0.18534183397423476,0.18534183397423476,0.20749053987674415,12.3763283656,0.941770822398,0.00976359391617,0.09017837431253263,0.029269373,0.000126153,3.7845e-05,0,0.028990356,0.000157675,3.503e-06,2.7466e-05,15,2,0,0,0,19,7,6,0
cohort_1,14,central_c0.8,1,joint_projected,,1.0,0.1831359730567783,0.1831359730567783,0.2053896589204669,12.7897908949,1.19016067529,0.00520735618768,0.05114355069949425,0.020440099,0.00010612,2.4342e-05,0,0.0203529,4.9634e-05,2.401e-06,3.8917e-05,10,2,0,0,0,16,2,4,0
cohort_1,14,central_c0.8,2,joint_projected,,1.0,0.23383906297385693,0.23383906297385693,0.25642081687692553,13.9608437413,0.831844711927,0.00950336524727,0.0745451989347654,0.037148567,0.000360592,7.9945e-05,0,0.036772384,0.000200344,1.0478e-05,0.00011854,18,5,0,0,0,17,3,8,0
cohort_1,14,central_c0.8,3,joint_projected,,1.0,0.18103597103618085,0.18103597103618085,0.2035605648998171,12.4282383331,0.958967488676,0.00888755586073,0.10676350547276317,0.01895495,0.000234008,5.5118e-05,0,0.018835142,6.4386e-05,7.084e-06,7.3983e-05,18,4,0,0,0,16,4,8,0
cohort_1,14,central_c0.8,4,joint_projected,,1.0,0.12137151299975812,0.12137151299975812,0.14376109198201448,11.9081874423,0.61847210985,0.00376217635833,0.07886125250981164,0.019831459,0.00013086,3.1198e-05,0,0.019631802,0.000130219,3.514e-06,4.4435e-05,3,1,0,0,0,15,1,1,0
cohort_1,14,central_c0.8,5,joint_projected,,1.0,0.2375132810557261,0.2375132810557261,0.26938293885905296,13.6049088396,0.715620597609,0.010029873308,0.07251380767059841,0.033457398,0.000318546,7.8469e-05,0,0.03327659,0.000102937,1.1805e-05,9.0954e-05,18,3,0,0,0,19,2,10,0
cohort_1,14,central_c0.8,6,joint_projected,,1.0,0.18104055197909474,0.18104055197909474,0.20422509883064777,14.0281544224,0.925005992781,0.00907463406758,0.05225013547942771,0.022849436,0.000134331,2.9494e-05,0,0.022677949,0.000104824,4.521e-06,3.9619e-05,10,3,0,0,0,16,0,7,0
cohort_1,14,central_c0.8,7,joint_projected,,1.0,0.17304424999747425,0.17304424999747425,0.1954729069257155,14.2615943607,1.14478347258,0.00105363318039,0.09775476622931209,0.024069285,0.000911348,0.000211058,0,0.023819022,0.000149589,2.5703e-05,0.000311395,106,19,0,0,0,15,24,41,0
cohort_1,14,central_c0.8,8,joint_projected,,1.0,0.2090334000531584,0.2090334000531584,0.23128748685121536,13.3050790256,0.78562136216,0.00992610417047,0.0918505213884113,0.0145518,0.000141072,2.9044e-05,0,0.014364408,0.000118489,3.943e-06,5.077e-05,8,2,0,0,0,15,1,3,0
cohort_1,14,central_c0.8,9,joint_projected,,1.0,0.09118969598785043,0.09118969598785043,0.11374965182039887,8.03197757232,0.652700339248,0.0092902009845,0.10694692306956319,0.011591173,0.000240356,6.4357e-05,0,0.011450994,7.5905e-05,9.182e-06,5.5627e-05,30,4,0,0,0,15,4,20,0
cohort_1,14,central_c0.8,0,ompl_uniform,,1.0,0.21184946002904326,0.21184946002904326,0.21322907996363938,13.6304491833,3.70302614616,0.00321484701249,0.056744710411144816,,,,,,,,,,,,,,,,,
cohort_1,14,central_c0.8,1,ompl_uniform,,1.0,0.39552614092826843,0.39552614092826843,0.3969218300189823,21.1919147466,3.51910118669,0.0098172306155,0.10694692306956319,,,,,,,,,,,,,,,,,
cohort_1,14,central_c0.8,2,ompl_uniform,,1.0,0.19138039194513112,0.19138039194513112,0.19260273699183017,12.7055057609,0.787005610604,0.00966319904922,0.10526304785227455,,,,,,,,,,,,,,,,,
cohort_1,14,central_c0.8,3,ompl_uniform,,1.0,0.15112370997667313,0.15112370997667313,0.15244857303332537,12.5386810554,3.23955030796,0.00937661401712,0.052758182249007024,,,,,,,,,,,,,,,,,
cohort_1,14,central_c0.8,4,ompl_uniform,,1.0,0.14131104003172368,0.14131104003172368,0.14254490903113037,13.5517107247,2.69492886141,0.00974325808059,0.10694692306956319,,,,,,,,,,,,,,,,,
cohort_1,14,central_c0.8,5,ompl_uniform,,1.0,0.2219488020054996,0.2219488020054996,0.22315640607848763,12.7120762856,2.25536476681,0.0100607433898,0.10694692306956319,,,,,,,,,,,,,,,,,
cohort_1,14,central_c0.8,6,ompl_uniform,,1.0,0.2974303269293159,0.2974303269293159,0.29892834299243987,21.3813010733,2.0616901416,0.00179188066206,0.10083476126790958,,,,,,,,,,,,,,,,,
cohort_1,14,central_c0.8,7,ompl_uniform,,1.0,0.16639876109547913,0.16639876109547913,0.1675466540036723,14.1309850576,1.58798638788,0.00994736013116,0.10694692306956319,,,,,,,,,,,,,,,,,
cohort_1,14,central_c0.8,8,ompl_uniform,,1.0,0.16820678091607988,0.16820678091607988,0.16941760305780917,13.0780187154,2.15971425952,0.000671761898371,0.07316387442090794,,,,,,,,,,,,,,,,,
cohort_1,14,central_c0.8,9,ompl_uniform,,1.0,0.23811805597506464,0.23811805597506464,0.23954470199532807,18.3739926695,4.25936499775,0.00995686488006,0.1066020049881282,,,,,,,,,,,,,,,,,
cohort_1,15,central_c0.8,0,cartesian_ik,,1.0,0.17224588198587298,0.17224588198587298,0.2032994170440361,13.691663105,1.38750722046,0.0239198181787,0.12275320186537486,5.0284e-05,0.033844006,7.117e-06,0.033363578,0,0,0,0.000274172,11,3,0,0,11,0,0,0,0
cohort_1,15,central_c0.8,1,cartesian_ik,,1.0,0.09847613901365548,0.09847613901365548,0.12934469897300005,4.43318224937,0.51495136125,0.0118763824089,0.0801446673165751,2.5028e-05,0.002005522,3.078e-06,0.001868826,0,0,0,6.6042e-05,1,1,0,0,1,0,0,0,0
cohort_1,15,central_c0.8,2,cartesian_ik,,1.0,0.14919803093653172,0.14919803093653172,0.18014955706894398,12.9628298883,1.01041767975,0.0142843074619,0.07069081316394892,2.2178e-05,0.002781562,2.23e-06,0.002600865,0,0,0,0.000100058,2,2,0,0,2,0,0,0,0
cohort_1,15,central_c0.8,3,cartesian_ik,,1.0,0.16913225094322115,0.16913225094322115,0.20001422404311597,13.6343054611,0.993898959539,0.0237834088162,0.10106754926392367,2.0573e-05,0.002442448,2.643e-06,0.002285194,0,0,0,8.0089e-05,2,2,0,0,2,0,0,0,0
cohort_1,15,central_c0.8,4,cartesian_ik,,1.0,0.0772766649024561,0.0772766649024561,0.10812401806470007,8.02095109915,0.784806292126,0.0239079071201,0.12237343659026564,8.285e-06,0.002582046,1.655e-06,0.002475603,0,0,0,5.4701e-05,2,2,0,0,2,0,0,0,0
cohort_1,15,central_c0.8,5,cartesian_ik,,1.0,0.10647704696748406,0.10647704696748406,0.13753195200115442,11.2763028782,0.935938867434,0.00967662739316,0.07232098351093627,1.2659e-05,0.016247054,2.894e-06,0.016125356,0,0,0,6.1738e-05,4,1,0,0,4,0,0,0,0
cohort_1,15,central_c0.8,6,cartesian_ik,,1.0,0.06765741598792374,0.06765741598792374,0.09866653510835022,7.44222351849,0.690601170369,0.0247603090937,0.11600078283189781,1.7675e-05,0.001337382,2.359e-06,0.00119356,0,0,0,7.4234e-05,3,2,0,0,3,0,0,0,0
cohort_1,15,central_c0.8,7,cartesian_ik,,1.0,0.13430253695696592,0.13430253695696592,0.16509352810680866,8.39132306356,0.622125759065,0.0208624242698,0.10734030825696145,1.7551e-05,0.007048569,2.552e-06,0.006907979,0,0,0,7.453e-05,2,1,0,0,2,0,0,0,0
cohort_1,15,central_c0.8,8,cartesian_ik,,1.0,0.1649797500576824,0.1649797500576824,0.1967102059861645,16.3603054677,1.34643702544,0.0242516260282,0.12243394623833423,3.0846e-05,0.013948967,5.471e-06,0.013478014,0,0,0,0.000318706,5,2,0,0,5,0,0,0,0
cohort_1,15,central_c0.8,9,cartesian_ik,,1.0,0.22456322505604476,0.22456322505604476,0.2567544730845839,18.200271475,1.78876021035,0.024181037313,0.08307069204745073,2.9527e-05,0.021214356,5.394e-06,0.020845201,0,0,0,0.000225465,11,5,0,0,11,0,0,0,0
cohort_1,15,central_c0.8,0,joint_projected,,1.0,0.11937126098200679,0.11937126098200679,0.1504729950102046,12.9022310752,1.14442543306,0.0239737094449,0.12222018534567078,0.014672305,0.000124929,1.7209e-05,0,0.014580851,5.3315e-05,2.544e-06,5.9079e-05,6,4,0,0,0,17,0,2,0
cohort_1,15,central_c0.8,1,joint_projected,,1.0,0.1497652840334922,0.1497652840334922,0.1821179899852723,11.2239883738,0.72835779454,0.00242264356381,0.06890930468638737,0.022260362,4.6122e-05,6.242e-06,0,0.022096683,0.000100118,6.75e-07,2.5722e-05,1,1,0,0,0,16,0,0,0
cohort_1,15,central_c0.8,2,joint_projected,,1.0,0.23730392998550087,0.23730392998550087,0.26858838996849954,14.4883274372,0.916435968944,0.0148871428996,0.1057076658702389,0.016952065,0.000191065,3.7336e-05,0,0.016733393,0.000132998,4.986e-06,7.7818e-05,9,3,0,0,0,15,2,4,0
cohort_1,15,central_c0.8,3,joint_projected,,1.0,0.13387244497425854,0.13387244497425854,0.1649637600639835,13.1830276951,1.12668175885,0.0234416697645,0.12252042820869219,0.008346693,0.000174356,3.5718e-05,0,0.008245934,6.2816e-05,4.353e-06,7.9656e-05,13,2,0,0,0,16,3,3,0
cohort_1,15,central_c0.8,4,joint_projected,,1.0,0.09583250898867846,0.09583250898867846,0.12681633897591382,10.7377399875,0.777998394101,0.0240090836218,0.12185007235222291,0.017098153,9.1271e-05,2.23e-05,0,0.016934833,0.000102322,2.612e-06,3.0111e-05,9,1,0,0,0,15,2,4,0
cohort_1,15,central_c0.8,5,joint_projected,,1.0,0.26208825199864805,0.26208825199864805,0.29355797602329403,14.4349822597,1.22469572305,0.0233781828617,0.11752778124858,0.021540312,0.000555792,0.000125168,0,0.02135446,0.000110221,1.7312e-05,0.000176264,38,9,0,0,0,17,7,14,0
cohort_1,15,central_c0.8,6,joint_projected,,1.0,0.12499493802897632,0.12499493802897632,0.15587351494468749,13.3914121277,0.933647974068,0.0230265429169,0.12273524967362304,0.009007791,0.000467293,9.416e-05,0,0.008834985,0.000110994,1.5174e-05,0.000148357,12,4,0,0,0,16,1,6,0
cohort_1,15,central_c0.8,7,joint_projected,,1.0,0.21184221596922725,0.21184221596922725,0.24356871098279953,13.235277481,1.27285934839,0.024251754388,0.10827691054103655,0.03994177,6.7755e-05,7.071e-06,0,0.039797745,7.6111e-05,8.36e-07,4.2767e-05,1,1,0,0,0,17,0,0,0
cohort_1,15,central_c0.8,8,joint_projected,,1.0,0.2017204350559041,0.2017204350559041,0.23267191892955452,13.4113641602,1.25756024412,0.0240248728267,0.10535211091031497,0.014028632,5.7896e-05,1.2376e-05,0,0.013920096,6.5817e-05,8.9e-07,2.4855e-05,3,1,0,0,0,16,0,1,0
cohort_1,15,central_c0.8,9,joint_projected,,1.0,0.14448160107713193,0.14448160107713193,0.1769452899461612,5.94944938864,0.681200322305,0.024487901049,0.12261133916402253,0.011705695,0.000125212,2.7388e-05,0,0.011572902,8.0471e-05,5.205e-06,3.4983e-05,6,2,0,0,0,15,0,4,0
cohort_1,15,central_c0.8,0,ompl_uniform,,1.0,0.16384699603077024,0.16384699603077024,0.1650621989974752,13.0536042996,3.36408366147,0.0220022061765,0.1224229256758034,,,,,,,,,,,,,,,,,
cohort_1,15,central_c0.8,1,ompl_uniform,,1.0,0.17072220297995955,0.17072220297995955,0.17220380902290344,13.8370522319,3.1340016569,0.0240190805639,0.09793341261683822,,,,,,,,,,,,,,,,,
cohort_1,15,central_c0.8,2,ompl_uniform,,1.0,0.1253366789314896,0.1253366789314896,0.12750269996467978,11.3238983106,0.882904131959,0.0184993453081,0.11940721788409636,,,,,,,,,,,,,,,,,
cohort_1,15,central_c0.8,3,ompl_uniform,,1.0,0.11006369302049279,0.11006369302049279,0.11128037399612367,14.7530455912,2.74597324718,0.0235843894314,0.07552279404774262,,,,,,,,,,,,,,,,,
cohort_1,15,central_c0.8,4,ompl_uniform,,1.0,0.25411079602781683,0.25411079602781683,0.25635702710133046,21.6849139399,2.83497599362,0.0232457556,0.12224474751443237,,,,,,,,,,,,,,,,,
cohort_1,15,central_c0.8,5,ompl_uniform,,1.0,0.14691264205612242,0.14691264205612242,0.1480865590274334,12.8408385375,1.87400440477,0.0237844977579,0.11014220973564359,,,,,,,,,,,,,,,,,
cohort_1,15,central_c0.8,6,ompl_uniform,,1.0,0.17223677202127874,0.17223677202127874,0.17358956998214126,13.1260656914,2.16655351552,0.0133594541382,0.09318509214398468,,,,,,,,,,,,,,,,,
cohort_1,15,central_c0.8,7,ompl_uniform,,1.0,0.1642901770537719,0.1642901770537719,0.16642583708744496,13.684557959,2.7693932903,0.0239948395668,0.09503188172582505,,,,,,,,,,,,,,,,,
cohort_1,15,central_c0.8,8,ompl_uniform,,1.0,0.14092073997016996,0.14092073997016996,0.14278257498517632,9.62664994998,0.791908185419,0.0233856280857,0.12280791489315271,,,,,,,,,,,,,,,,,
cohort_1,15,central_c0.8,9,ompl_uniform,,1.0,0.19044808205217123,0.19044808205217123,0.19190821598749608,13.439844865,2.82729765944,0.0241869519569,0.12231598626519768,,,,,,,,,,,,,,,,,
cohort_1,16,central_c0.8,0,cartesian_ik,,1.0,0.19587619591038674,0.19587619591038674,0.22127753111999482,15.3916786733,0.873347652979,0.00613782661835,0.07647245916057212,1.3022e-05,0.030566802,3.804e-06,0.030305499,0,0,0,0.000127902,12,5,0,0,12,0,0,0,0
cohort_1,16,central_c0.8,1,cartesian_ik,,1.0,0.15686496801208705,0.15686496801208705,0.1823460120940581,13.5857859712,0.922012919067,0.00665640756138,0.08196640049738689,1.592e-05,0.016742017,4.432e-06,0.016506952,0,0,0,0.000123255,7,1,0,0,7,0,0,0,0
cohort_1,16,central_c0.8,2,cartesian_ik,,1.0,0.07452885701786727,0.07452885701786727,0.09950030513573438,8.18582890244,0.671106753579,0.00644764385718,0.06300903743009278,1.0656e-05,0.013629404,2.021e-06,0.013481763,0,0,0,8.0581e-05,7,2,0,0,7,0,0,0,0
cohort_1,16,central_c0.8,3,cartesian_ik,,1.0,0.11347911495249718,0.11347911495249718,0.13882662809919566,4.48492412488,0.513089129469,0.00571931536962,0.05725102275828854,1.6855e-05,0.001221006,2.213e-06,0.001089056,0,0,0,7.6828e-05,2,1,0,0,2,0,0,0,0
cohort_1,16,central_c0.8,4,cartesian_ik,,1.0,0.19016994605772197,0.19016994605772197,0.21526733809150755,12.3022618605,0.969266466295,0.00737506655427,0.09565401553696973,2.3565e-05,0.025433889,5.506e-06,0.024904618,0,0,0,0.000324753,16,8,0,0,16,0,0,0,0
cohort_1,16,central_c0.8,5,cartesian_ik,,1.0,0.17450282105710357,0.17450282105710357,0.20008404506370425,8.88365068228,0.833307152632,0.00665870913229,0.09615999673281314,5.4454e-05,0.044750613,5.016e-06,0.044461698,0,0,0,0.000154308,15,3,0,0,15,0,0,0,0
cohort_1,16,central_c0.8,6,cartesian_ik,,1.0,0.13058610202278942,0.13058610202278942,0.15617500816006213,13.028426261,1.00292312525,0.00687947195675,0.08624433636338445,1.9261e-05,0.013913054,5.808e-06,0.013650387,0,0,0,0.000122817,6,2,0,0,6,0,0,0,0
cohort_1,16,central_c0.8,7,cartesian_ik,,1.0,0.11769588408060372,0.11769588408060372,0.143627576995641,6.64685769415,0.619275911538,0.00690498393452,0.0723429449973357,2.1348e-05,0.012862519,2.128e-06,0.012770509,0,0,0,3.4149e-05,3,1,0,0,3,0,0,0,0
cohort_1,16,central_c0.8,8,cartesian_ik,,1.0,0.17069410101976246,0.17069410101976246,0.1974572160979733,10.5220414434,0.668353988842,0.00749350334746,0.06106712153420504,3.1593e-05,0.002525389,3.611e-06,0.002244401,0,0,0,0.00015619,2,2,0,0,2,0,0,0,0
cohort_1,16,central_c0.8,9,cartesian_ik,,1.0,0.13413406105246395,0.13413406105246395,0.15919373999349773,13.0659798256,0.986068387756,0.00698129185099,0.09566676236507449,1.882e-05,0.004354762,2.873e-06,0.004239596,0,0,0,5.0275e-05,2,2,0,0,2,0,0,0,0
cohort_1,16,central_c0.8,0,joint_projected,,1.0,0.10122513805981725,0.10122513805981725,0.12587825604714453,7.2111756978,0.675009108617,0.00720830425936,0.08200109343391579,0.020396894,5.3422e-05,1.0339e-05,0,0.020215611,0.000105693,1.095e-06,2.2909e-05,2,1,0,0,0,16,0,1,0
cohort_1,16,central_c0.8,1,joint_projected,,1.0,0.20019509503617883,0.20019509503617883,0.22514104400761425,13.9893607105,1.07902333601,0.00649436164104,0.07145925674832046,0.023412191,9.0276e-05,1.9074e-05,0,0.023224336,0.000110706,3.03e-06,3.5331e-05,4,1,0,0,0,17,0,3,0
cohort_1,16,central_c0.8,2,joint_projected,,1.0,0.10711033397819847,0.10711033397819847,0.1324695710791275,10.4460999662,1.05576315905,0.00654042290658,0.09611320860633907,0.021975527,0.000593669,0.000155503,0,0.02184398,6.7641e-05,1.8848e-05,0.000146122,75,15,0,0,0,18,12,31,0
cohort_1,16,central_c0.8,3,joint_projected,,1.0,0.21379449497908354,0.21379449497908354,0.23871801409404725,12.7564712673,0.665186578366,0.00647160466412,0.067985587760936,0.021784944,0.000503246,8.8729e-05,0,0.021502269,0.000180183,1.0042e-05,0.000230676,14,3,0,0,0,18,3,4,0
cohort_1,16,central_c0.8,4,joint_projected,,1.0,0.03939063299912959,0.03939063299912959,0.06488224910572171,5.55920990712,0.640729224157,0.00706582466604,0.07642189256311259,0.008832346,0.000131078,2.9422e-05,0,0.008733242,4.4497e-05,4.261e-06,4.4378e-05,9,2,0,0,0,16,2,4,0
cohort_1,16,central_c0.8,5,joint_projected,,1.0,0.17524072900414467,0.17524072900414467,0.201166128157638,12.6352819164,0.815639044646,0.0067620272142,0.09608995459544212,0.037563928,0.000407878,8.3967e-05,0,0.03743018,6.5192e-05,1.3853e-05,0.000123419,36,10,0,0,0,18,0,21,0
cohort_1,16,central_c0.8,6,joint_projected,,1.0,0.24217576894443482,0.24217576894443482,0.26734524802304804,17.0617269948,1.01776578623,0.00713402904472,0.08205111668597503,0.013261394,0.000280075,7.063e-05,0,0.01311432,8.8112e-05,1.1751e-05,6.9036e-05,20,3,0,0,0,15,1,15,0
cohort_1,16,central_c0.8,7,joint_projected,,1.0,0.06520328402984887,0.06520328402984887,0.0904736090451479,7.21270062712,0.690945432486,0.00694918005278,0.07655409285674705,0.016407824,0.000286233,6.9869e-05,0,0.016330623,4.5346e-05,9.713e-06,6.7155e-05,34,7,0,0,0,16,6,18,0
cohort_1,16,central_c0.8,8,joint_projected,,1.0,0.11901765502989292,0.11901765502989292,0.14420491713099182,9.65386216788,0.568315472457,0.00698643371331,0.06696276544427095,0.016492329,0.000156787,3.3898e-05,0,0.016216087,0.000183115,3.869e-06,5.6694e-05,6,2,0,0,0,15,0,2,0
cohort_1,16,central_c0.8,9,joint_projected,,1.0,0.14398562593851238,0.14398562593851238,0.17151824408210814,9.71112242397,0.642635428197,0.00691284427782,0.07427769987039864,0.037081169,0.000404461,0.000100248,0,0.036925205,9.3086e-05,1.5455e-05,0.000113673,49,5,0,0,0,17,5,28,0
cohort_1,16,central_c0.8,0,ompl_uniform,,1.0,0.13552460994105786,0.13552460994105786,0.13677197706419975,13.9794994798,1.37527790341,0.00663467357763,0.07021468067963539,,,,,,,,,,,,,,,,,
cohort_1,16,central_c0.8,1,ompl_uniform,,1.0,0.15282200707588345,0.15282200707588345,0.15400985500309616,12.3695925312,0.710693911191,0.00703398338675,0.09597823194037025,,,,,,,,,,,,,,,,,
cohort_1,16,central_c0.8,2,ompl_uniform,,1.0,0.19375027006026357,0.19375027006026357,0.1948576489230618,11.888925141,1.79623295862,0.00401792741213,0.09382254607767529,,,,,,,,,,,,,,,,,
cohort_1,16,central_c0.8,3,ompl_uniform,,1.0,0.21739934594370425,0.21739934594370425,0.21921147999819368,13.5246277801,2.72427104049,0.00710414927545,0.09045506069079434,,,,,,,,,,,,,,,,,
cohort_1,16,central_c0.8,4,ompl_uniform,,1.0,0.1250645350664854,0.1250645350664854,0.12685942102689296,11.9564229563,1.29634846128,0.0065511406682,0.07519013276253533,,,,,,,,,,,,,,,,,
cohort_1,16,central_c0.8,5,ompl_uniform,,1.0,0.10150438698474318,0.10150438698474318,0.10324130998924375,13.1679001893,2.24973846684,0.00177524436973,0.08393300890173594,,,,,,,,,,,,,,,,,
cohort_1,16,central_c0.8,6,ompl_uniform,,1.0,0.19856552896089852,0.19856552896089852,0.20007976691704243,11.9074923503,2.57664475899,0.00687882677517,0.0648647548803275,,,,,,,,,,,,,,,,,
cohort_1,16,central_c0.8,7,ompl_uniform,,1.0,0.17058740998618305,0.17058740998618305,0.17198933195322752,13.4667006471,1.74852853635,0.00762265283577,0.09620989064404681,,,,,,,,,,,,,,,,,
cohort_1,16,central_c0.8,8,ompl_uniform,,1.0,0.1656581440474838,0.1656581440474838,0.1669853669591248,14.8952893307,2.8358329473,0.00695328128412,0.08097788601090583,,,,,,,,,,,,,,,,,
cohort_1,16,central_c0.8,9,ompl_uniform,,1.0,0.14749152900185436,0.14749152900185436,0.14942461194004864,12.6129766715,2.21698198574,0.00726202708005,0.09052192040206067,,,,,,,,,,,,,,,,,
cohort_1,17,central_c0.8,0,cartesian_ik,,1.0,0.17391791101545095,0.17391791101545095,0.20511909306515008,11.2911459158,0.862763854222,0.0046243546037,0.0894147393563362,2.528e-05,0.03524594,8.323e-06,0.034776001,0,0,0,0.000236588,9,4,0,0,9,0,0,0,0
cohort_1,17,central_c0.8,1,cartesian_ik,,1.0,0.17169919202569872,0.17169919202569872,0.2001688830787316,8.67651262377,0.898975722104,0.00437137779419,0.09204341801570516,3.1506e-05,0.017813051,2.741e-06,0.017657832,0,0,0,7.9772e-05,5,3,0,0,5,0,0,0,0
cohort_1,17,central_c0.8,2,cartesian_ik,,1.0,0.247538250987418,0.247538250987418,0.2761335971299559,12.6449047005,0.885756100306,0.0041751007261,0.09146762025440401,2.0856e-05,0.073253474,7.515e-06,0.072612015,0,0,0,0.000320161,32,19,0,0,32,0,0,0,0
cohort_1,17,central_c0.8,3,cartesian_ik,,1.0,0.062019208911806345,0.062019208911806345,0.09045067708939314,8.55804130279,0.940554535836,0.00411334908535,0.0916550036898543,1.9122e-05,0.002075519,2.08e-06,0.001975671,0,0,0,4.7971e-05,2,2,0,0,2,0,0,0,0
cohort_1,17,central_c0.8,4,cartesian_ik,,1.0,0.16335832804907113,0.16335832804907113,0.19206832302734256,8.21558483791,0.850709914881,0.00469397841899,0.09169954860597383,4.3982e-05,0.008522432,7.685e-06,0.008071796,0,0,0,0.000235557,4,3,0,0,4,0,0,0,0
cohort_1,17,central_c0.8,5,cartesian_ik,,1.0,0.21403899905271828,0.21403899905271828,0.24394603702239692,8.24350455881,0.763883311109,0.00410834108721,0.09189163504489323,1.8031e-05,0.004103546,2.54e-06,0.00390544,0,0,0,0.000108692,2,2,0,0,2,0,0,0,0
cohort_1,17,central_c0.8,6,cartesian_ik,,1.0,0.076097876066342,0.076097876066342,0.1044156551361084,9.78907044543,0.824063768133,0.00419003899251,0.09225315569105548,1.6807e-05,0.004409167,1.357e-06,0.004341957,0,0,0,3.6474e-05,2,1,0,0,2,0,0,0,0
cohort_1,17,central_c0.8,7,cartesian_ik,,1.0,0.12325907999183983,0.12325907999183983,0.1515379761112854,9.73576685696,0.758631090264,0.00453356628351,0.09168096433200024,2.6186e-05,0.020138367,4.007e-06,0.019918385,0,0,0,0.000100844,9,5,0,0,9,0,0,0,0
cohort_1,17,central_c0.8,8,cartesian_ik,,1.0,0.1349702039733529,0.1349702039733529,0.16325966303702444,7.43217683818,0.6496294872,0.00458344481817,0.091832016556531,2.702e-05,0.035483894,6.662e-06,0.035061343,0,0,0,0.000204011,10,5,0,0,10,0,0,0,0
cohort_1,17,central_c0.8,9,cartesian_ik,,1.0,0.10096887708641589,0.10096887708641589,0.13049618911463767,10.4467348654,0.65851690454,0.00422591317055,0.08714281888119671,1.4062e-05,0.002386061,1.9e-06,0.002256562,0,0,0,8.0942e-05,1,1,0,0,1,0,0,0,0
cohort_1,17,central_c0.8,0,joint_projected,,1.0,0.12315215403214097,0.12315215403214097,0.1514452500268817,7.73764793363,0.68257877742,0.00408194955613,0.07748942850212592,0.026551884,0.00107034,0.000289144,0,0.026228149,0.000203168,3.2045e-05,0.000273916,97,15,0,0,0,16,26,37,0
cohort_1,17,central_c0.8,1,joint_projected,,1.0,0.15888197103049606,0.15888197103049606,0.18720907112583518,8.39939090324,0.722561906898,0.00462502221493,0.09110128356865636,0.028046658,0.000164991,3.3191e-05,0,0.027163557,0.000764149,4.088e-06,6.2562e-05,13,4,0,0,0,16,3,5,0
cohort_1,17,central_c0.8,2,joint_projected,,1.0,0.29246348701417446,0.29246348701417446,0.32218400202691555,18.0031472866,0.817093751278,0.00330164064453,0.09170336607139022,0.029304511,0.000450189,0.000113115,0,0.029136343,0.000109009,1.8182e-05,9.5615e-05,31,6,0,0,0,16,2,21,0
cohort_1,17,central_c0.8,3,joint_projected,,1.0,0.11586728598922491,0.11586728598922491,0.1446894210530445,12.6748792801,0.707773278085,0.00408084814582,0.09161308093149322,0.017713513,0.000389838,9.6729e-05,0,0.017627054,5.4286e-05,1.2961e-05,9.8521e-05,43,10,0,0,0,17,8,22,0
cohort_1,17,central_c0.8,4,joint_projected,,1.0,0.14898547704797238,0.14898547704797238,0.17733822809532285,12.5230965976,1.02593678003,0.00116378403392,0.08678648583482856,0.030444868,0.000427939,9.6356e-05,0,0.030297849,8.8911e-05,1.3135e-05,0.000128644,36,9,0,0,0,19,7,15,0
cohort_1,17,central_c0.8,5,joint_projected,,1.0,0.20327371102757752,0.20327371102757752,0.23428697604686022,15.1960057515,0.981510493042,0.00462572818063,0.09015210178276963,0.007260643,0.001061982,0.000215963,0,0.007170823,5.8059e-05,3.9895e-05,0.000317261,40,13,0,0,0,15,4,23,0
cohort_1,17,central_c0.8,6,joint_projected,,1.0,0.21046178007964045,0.21046178007964045,0.2399016871349886,15.2028550595,0.991251955573,0.00431349577399,0.09195512548100103,0.023522998,0.000632947,0.00014987,0,0.023333673,0.000115258,1.9208e-05,0.00021229,47,9,0,0,0,17,12,15,0
cohort_1,17,central_c0.8,7,joint_projected,,1.0,0.10919708898290992,0.10919708898290992,0.13755576009862125,9.06518904718,0.732184867272,0.00460822682081,0.05663965035938911,0.015610038,0.000170065,3.8311e-05,0,0.015528586,4.781e-05,5.467e-06,4.1993e-05,16,5,0,0,0,16,1,10,0
cohort_1,17,central_c0.8,8,joint_projected,,1.0,0.1692969739669934,0.1692969739669934,0.19761374511290342,15.8438551592,1.07477445731,0.00462316477929,0.09142318023180193,0.01357973,0.000488545,0.0001165,0,0.013476812,6.4396e-05,1.6973e-05,0.000122597,55,13,0,0,0,15,6,32,0
cohort_1,17,central_c0.8,9,joint_projected,,1.0,0.13920021301601082,0.13920021301601082,0.1679296650690958,14.5296858312,1.00511366517,0.00418311996715,0.09158733744734898,0.016765253,0.000343898,8.2107e-05,0,0.016653057,7.043e-05,8.549e-06,0.000111346,24,5,0,0,0,16,7,9,0
cohort_1,17,central_c0.8,0,ompl_uniform,,1.0,0.1494331059511751,0.1494331059511751,0.15059386496432126,14.9399224288,1.21022426397,0.0041474614657,0.0922959329829201,,,,,,,,,,,,,,,,,
cohort_1,17,central_c0.8,1,ompl_uniform,,1.0,0.07784406200516969,0.07784406200516969,0.07909885596018285,11.1862772775,1.90483321674,0.00442306647897,0.09200607739107988,,,,,,,,,,,,,,,,,
cohort_1,17,central_c0.8,2,ompl_uniform,,1.0,0.1268464339664206,0.1268464339664206,0.1280949501087889,10.1957347865,0.980159551183,0.000904645954513,0.09189438732017995,,,,,,,,,,,,,,,,,
cohort_1,17,central_c0.8,3,ompl_uniform,,1.0,0.38786307198461145,0.38786307198461145,0.38948691391851753,24.2771155469,4.16059185626,0.00450105997913,0.09205748843143177,,,,,,,,,,,,,,,,,
cohort_1,17,central_c0.8,4,ompl_uniform,,1.0,0.21568203205242753,0.21568203205242753,0.21824124106206,16.7624760115,2.71188304304,0.00431344844482,0.08500139992339222,,,,,,,,,,,,,,,,,
cohort_1,17,central_c0.8,5,ompl_uniform,,1.0,0.3781050159595907,0.3781050159595907,0.3794145140564069,18.9269355263,2.40899747634,0.00412453584199,0.07200403895703418,,,,,,,,,,,,,,,,,
cohort_1,17,central_c0.8,6,ompl_uniform,,1.0,0.1696000979281962,0.1696000979281962,0.1711548320017755,17.5045841214,1.79792840766,0.00435597480205,0.09227568296215789,,,,,,,,,,,,,,,,,
cohort_1,17,central_c0.8,7,ompl_uniform,,1.0,0.24350405600853264,0.24350405600853264,0.244947463972494,15.0906108912,4.39388787152,0.00444333307199,0.07460666568161484,,,,,,,,,,,,,,,,,
cohort_1,17,central_c0.8,8,ompl_uniform,,1.0,0.1940705479355529,0.1940705479355529,0.19615536206401885,13.2265510992,0.728753210429,0.000189579494084,0.09192545556582311,,,,,,,,,,,,,,,,,
cohort_1,17,central_c0.8,9,ompl_uniform,,1.0,0.17486600705888122,0.17486600705888122,0.1763852429576218,11.9514545622,2.05676024368,0.00466394006151,0.059811086162245494,,,,,,,,,,,,,,,,,
cohort_1,18,central_c0.8,0,cartesian_ik,,1.0,0.157862119958736,0.157862119958736,0.20171729498542845,10.9878960867,0.756273100484,0.000583661243274,0.08652710855848506,3.7007e-05,0.03256823,7.902e-06,0.032018606,0,0,0,0.000285834,14,9,0,0,14,0,0,0,0
cohort_1,18,central_c0.8,1,cartesian_ik,,1.0,0.21622935705818236,0.21622935705818236,0.2603414610493928,15.1756672755,1.04583641258,0.00106103676447,0.06571550050110701,4.0088e-05,0.044245647,9.877e-06,0.043819924,0,0,0,0.00018457,17,7,0,0,17,0,0,0,0
cohort_1,18,central_c0.8,2,cartesian_ik,,1.0,0.1511582509847358,0.1511582509847358,0.19580449303612113,11.8534703216,0.608254880446,0.000635965115042,0.07812346743824568,1.4403e-05,0.060819999,6.417e-06,0.060396293,0,0,0,0.000196825,13,4,0,0,13,0,0,0,0
cohort_1,18,central_c0.8,3,cartesian_ik,,1.0,0.2127289860509336,0.2127289860509336,0.2566972359782085,11.0622977831,0.733650195856,0.000312287681712,0.08664090733596094,1.1937e-05,0.06154032,9.977e-06,0.060771965,0,0,0,0.000455348,21,8,0,0,21,0,0,0,0
cohort_1,18,central_c0.8,4,cartesian_ik,,1.0,0.26333557500038296,0.26333557500038296,0.30805643706116825,19.280924229,1.29627063167,0.000581723542359,0.0814105090728166,2.5502e-05,0.038808754,6.686e-06,0.038206237,0,0,0,0.000353495,21,11,0,0,21,0,0,0,0
cohort_1,18,central_c0.8,5,cartesian_ik,,1.0,0.2635277300141752,0.2635277300141752,0.30837248696479946,15.0873701632,1.37507849249,0.000947369507135,0.0835831156068442,2.903e-05,0.071181424,1.1019e-05,0.070276523,0,0,0,0.000498886,43,24,0,0,43,0,0,0,0
cohort_1,18,central_c0.8,6,cartesian_ik,,1.0,0.1163155750837177,0.1163155750837177,0.16149949398823082,8.79894736559,0.561282244278,0.000208945385038,0.08616787543492754,2.9277e-05,0.049050417,5.122e-06,0.048764461,0,0,0,0.000135346,16,6,0,0,16,0,0,0,0
cohort_1,18,central_c0.8,7,cartesian_ik,,1.0,0.1738136550411582,0.1738136550411582,0.2179552090819925,12.8810323669,0.835928044232,0.000829198511421,0.08113349357506078,2.9291e-05,0.028120459,4.065e-06,0.027854639,0,0,0,0.000139594,6,2,0,0,6,0,0,0,0
cohort_1,18,central_c0.8,8,cartesian_ik,,1.0,0.08422693202737719,0.08422693202737719,0.12795207707677037,11.8755456971,0.694940839397,0.000796096179459,0.07949680225398766,1.3036e-05,0.001791121,2.057e-06,0.001692137,0,0,0,5.0968e-05,1,1,0,0,1,0,0,0,0
cohort_1,18,central_c0.8,9,cartesian_ik,,1.0,0.09043964301235974,0.09043964301235974,0.13449530501384288,8.7844462577,0.60690489135,0.00102972701573,0.07820292007740046,3.1762e-05,0.020732331,3.995e-06,0.020508372,0,0,0,0.000105471,4,3,0,0,4,0,0,0,0
cohort_1,18,central_c0.8,0,joint_projected,,1.0,0.16412506299093366,0.16412506299093366,0.2080399941187352,10.5579025221,0.598388511171,0.00109091221661,0.07593715147512325,0.025077221,0.000257236,6.2414e-05,0,0.02491526,9.7004e-05,7.498e-06,7.5341e-05,25,6,0,0,0,18,4,13,0
cohort_1,18,central_c0.8,1,joint_projected,,1.0,0.15773753204848617,0.15773753204848617,0.2014786790823564,14.130810194,0.815621442873,0.000610305010887,0.08145817449376888,0.023053162,0.000162889,3.6677e-05,0,0.02278021,0.000172786,5.307e-06,4.1849e-05,9,3,0,0,0,15,0,6,0
cohort_1,18,central_c0.8,2,joint_projected,,1.0,0.21382607705891132,0.21382607705891132,0.2576578389853239,16.5430604141,1.63767697106,0.000571699978666,0.0742518166162719,0.027412619,0.001244764,0.000297256,0,0.027320975,5.3927e-05,4.484e-05,0.000360893,137,24,0,0,0,18,24,76,0
cohort_1,18,central_c0.8,3,joint_projected,,1.0,0.17965551803354174,0.17965551803354174,0.22345785202924162,12.5434685673,0.715054065268,0.000607504086955,0.08311924826630045,0.019125962,9.4349e-05,1.7085e-05,0,0.019030494,5.9018e-05,2.331e-06,4.1692e-05,5,2,0,0,0,17,1,2,0
cohort_1,18,central_c0.8,4,joint_projected,,1.0,0.21797679900191724,0.21797679900191724,0.26291684503667057,16.4797852296,1.44166926317,0.000553826531821,0.0860602636963606,0.024865106,0.000869088,0.000180791,0,0.024772876,4.9107e-05,2.5691e-05,0.000332786,95,14,0,0,0,17,10,43,0
cohort_1,18,central_c0.8,5,joint_projected,,1.0,0.24951676290947944,0.24951676290947944,0.2934868070296943,13.7585738756,0.926119007246,0.00103023101847,0.06423559528588124,0.020312367,0.001002678,0.000266173,0,0.020096809,0.000142308,3.9269e-05,0.000200663,61,10,0,0,0,16,9,37,0
cohort_1,18,central_c0.8,6,joint_projected,,1.0,0.1626985139446333,0.1626985139446333,0.20627778896596283,12.0520120327,0.683508585652,0.000194984605483,0.08044840239326825,0.035533082,0.000146056,3.0108e-05,0,0.03531284,0.000128567,4.603e-06,4.3032e-05,12,4,0,0,0,17,0,7,0
cohort_1,18,central_c0.8,7,joint_projected,,1.0,0.11230845795944333,0.11230845795944333,0.15631093306001276,8.7452946985,0.542131168283,0.00111332263094,0.07278143465271437,0.016002151,0.000204427,4.0639e-05,0,0.015914449,4.8133e-05,5.25e-06,8.1116e-05,18,5,0,0,0,16,3,7,0
cohort_1,18,central_c0.8,8,joint_projected,,1.0,0.14441120997071266,0.14441120997071266,0.18829473899677396,9.3821890149,0.848625357704,0.00109228760422,0.08641570255760517,0.015645642,0.001431881,0.000329623,0,0.015457506,0.000120509,5.2754e-05,0.000384682,89,20,0,0,0,15,16,48,0
cohort_1,18,central_c0.8,9,joint_projected,,1.0,0.1584544359939173,0.1584544359939173,0.2023655939847231,14.8790060237,1.26674536746,0.000654497112883,0.061817024392513804,0.023816718,0.000423693,9.1738e-05,0,0.02357606,0.000154647,1.2139e-05,0.000138714,33,9,0,0,0,16,8,14,0
cohort_1,18,central_c0.8,0,ompl_uniform,,1.0,0.43650398903992027,0.43650398903992027,0.43789881898555905,23.5565698255,3.45165017241,0.000805758051711,0.08355573836878462,,,,,,,,,,,,,,,,,
cohort_1,18,central_c0.8,1,ompl_uniform,,1.0,0.28856990195345134,0.28856990195345134,0.29013341199606657,18.3380039112,3.63986894852,0.00117303761622,0.08637680318922003,,,,,,,,,,,,,,,,,
cohort_1,18,central_c0.8,2,ompl_uniform,,1.0,0.18845915200654417,0.18845915200654417,0.18982292001601309,12.0970466238,0.693707453399,0.000980931595393,0.0863357516573563,,,,,,,,,,,,,,,,,
cohort_1,18,central_c0.8,3,ompl_uniform,,1.0,0.4813684499822557,0.4813684499822557,0.4835250220494345,25.4850067418,2.82498522351,0.00139918576927,0.08625121732026297,,,,,,,,,,,,,,,,,
cohort_1,18,central_c0.8,4,ompl_uniform,,1.0,0.1239810970146209,0.1239810970146209,0.12532933102920651,12.6977597084,2.50234504038,0.000413376228151,0.0820047741256115,,,,,,,,,,,,,,,,,
cohort_1,18,central_c0.8,5,ompl_uniform,,1.0,0.49422850098926574,0.49422850098926574,0.4958693479420617,27.0988765304,5.63335235218,0.00114676028526,0.08633717447748748,,,,,,,,,,,,,,,,,
cohort_1,18,central_c0.8,6,ompl_uniform,,1.0,0.22412705095484853,0.22412705095484853,0.22559801710303873,16.1659096621,3.39655568657,0.000896808133885,0.08616913762932626,,,,,,,,,,,,,,,,,
cohort_1,18,central_c0.8,7,ompl_uniform,,1.0,0.3079434030223638,0.3079434030223638,0.30959090893156826,21.522267528,4.2704886317,0.000658741055343,0.08613017010426452,,,,,,,,,,,,,,,,,
cohort_1,18,central_c0.8,8,ompl_uniform,,1.0,0.25560017593670636,0.25560017593670636,0.2570681369397789,18.9343550384,4.2263179536,0.000840351323171,0.08651830146727998,,,,,,,,,,,,,,,,,
cohort_1,18,central_c0.8,9,ompl_uniform,,1.0,0.19899197900667787,0.19899197900667787,0.2009488269686699,12.3060462605,2.97116227223,0.00092202125856,0.08621361041406223,,,,,,,,,,,,,,,,,
cohort_1,19,central_c0.8,0,cartesian_ik,,1.0,0.1169364380184561,0.1169364380184561,0.1573009470012039,11.9212604806,0.797892273108,0.00838071832433,0.09890736280564272,2.0335e-05,0.028825734,3.829e-06,0.028556813,0,0,0,0.000148881,10,3,0,0,10,0,0,0,0
cohort_1,19,central_c0.8,1,cartesian_ik,,1.0,0.08647006400860846,0.08647006400860846,0.1266918989131227,4.26367834806,0.580741538144,0.00900391039882,0.0898454272874642,1.3189e-05,0.002443495,1.5e-06,0.002372248,0,0,0,3.1099e-05,1,1,0,0,1,0,0,0,0
cohort_1,19,central_c0.8,2,cartesian_ik,,1.0,0.290448076906614,0.290448076906614,0.33114241692237556,15.0789670909,1.59994860169,0.0018815532795,0.0898693729596577,2.4097e-05,0.096200113,1.4962e-05,0.095184322,0,0,0,0.000555322,28,9,0,0,28,0,0,0,0
cohort_1,19,central_c0.8,3,cartesian_ik,,1.0,0.15223314496688545,0.15223314496688545,0.19267180794849992,14.0347395252,0.973716466439,0.00481967581104,0.0988438573429305,8.247e-06,0.025552281,3.591e-06,0.025323283,0,0,0,0.000121245,7,4,0,0,7,0,0,0,0
cohort_1,19,central_c0.8,4,cartesian_ik,,1.0,0.2031887680059299,0.2031887680059299,0.24508012493606657,15.7940547374,1.25092088585,0.00921827765614,0.0933666130609555,3.1598e-05,0.022534906,3.479e-06,0.022313096,0,0,0,0.0001102,10,7,0,0,10,0,0,0,0
cohort_1,19,central_c0.8,5,cartesian_ik,,1.0,0.1551223429851234,0.1551223429851234,0.19553838693536818,7.79449789721,0.648827009459,0.00882654325947,0.09868953065548869,2.1406e-05,0.002651546,1.714e-06,0.002564468,0,0,0,4.8503e-05,1,1,0,0,1,0,0,0,0
cohort_1,19,central_c0.8,6,cartesian_ik,,1.0,0.0795573020586744,0.0795573020586744,0.11985295102931559,9.11770865765,0.64577039952,0.00859164386902,0.09282454067579442,1.1745e-05,0.017328011,5.034e-06,0.016870751,0,0,0,0.000278831,13,6,0,0,13,0,0,0,0
cohort_1,19,central_c0.8,7,cartesian_ik,,1.0,0.25165006099268794,0.25165006099268794,0.2931043319404125,15.7572731154,1.22919765027,0.00819898896601,0.09891721409615714,1.2518e-05,0.007193122,2.937e-06,0.006979122,0,0,0,0.000121025,5,4,0,0,5,0,0,0,0
cohort_1,19,central_c0.8,8,cartesian_ik,,1.0,0.16849258297588676,0.16849258297588676,0.20933196891564876,11.7978046822,0.786274472281,0.00856443884698,0.09883091475925679,1.2128e-05,0.052961649,6.867e-06,0.05241537,0,0,0,0.000296781,22,12,0,0,22,0,0,0,0
cohort_1,19,central_c0.8,9,cartesian_ik,,1.0,0.24834746809210628,0.24834746809210628,0.2894259380409494,14.0691134227,1.12371883607,0.00480872903896,0.09368994830897785,2.1822e-05,0.047703638,8.055e-06,0.046865668,0,0,0,0.000538632,17,5,0,0,17,0,0,0,0
cohort_1,19,central_c0.8,0,joint_projected,,1.0,0.2152297419961542,0.2152297419961542,0.2557807839475572,13.3730352908,0.865264931376,0.00841636718047,0.08727318831566178,0.091061126,9.6285e-05,1.9687e-05,0,0.09090682,7.0671e-05,2.923e-06,3.8168e-05,8,1,0,0,0,28,1,4,1
cohort_1,19,central_c0.8,1,joint_projected,,1.0,0.21501333196647465,0.21501333196647465,0.25559710594825447,11.0966197466,0.654877523394,0.00787284512284,0.0987959696677245,0.103724635,0.00021387,5.3638e-05,0,0.103543804,9.8026e-05,7.259e-06,6.1046e-05,25,4,0,0,0,28,4,14,1
cohort_1,19,central_c0.8,2,joint_projected,,1.0,0.2525221329415217,0.2525221329415217,0.2938201689394191,13.0590372993,0.793498784882,0.00853272586162,0.0990021292418968,0.089143617,0.000533424,0.000128251,0,0.089055104,5.3511e-05,1.7949e-05,0.000173586,77,8,0,0,0,28,17,34,12
cohort_1,19,central_c0.8,3,joint_projected,,1.0,0.2184587171068415,0.2184587171068415,0.25994944805279374,12.8477677024,1.40478364092,0.00884167666938,0.09114022069039285,0.093056804,0.000211131,4.7387e-05,0,0.092950575,6.0168e-05,6.959e-06,8.0713e-05,12,2,0,0,0,28,2,6,0
cohort_1,19,central_c0.8,4,joint_projected,path_audit,0.0,6.0,0.2759189709322527,0.31634907494299114,,,,,0.118846817,0.000122449,2.667e-05,0,0.118598859,0.000115394,3.64e-06,4.4127e-05,12,1,0,0,0,30,1,6,2
cohort_1,19,central_c0.8,5,joint_projected,,1.0,0.2679767539957538,0.2679767539957538,0.30967891099862754,13.4358147668,1.02126193333,0.00840365683995,0.09593747755588586,0.104320953,0.000178522,3.9351e-05,0,0.104158325,8.3198e-05,5.021e-06,6.542e-05,16,3,0,0,0,30,1,7,0
cohort_1,19,central_c0.8,6,joint_projected,,1.0,0.21983479300979525,0.21983479300979525,0.2606160759460181,10.5715194059,0.724956884078,0.00855890361136,0.09696859703110443,0.089517894,8.9857e-05,2.1062e-05,0,0.089420635,5.3211e-05,2.133e-06,3.6513e-05,4,1,0,0,0,28,0,3,0
cohort_1,19,central_c0.8,7,joint_projected,,1.0,0.24277704989071935,0.24277704989071935,0.28502798988483846,13.6624836116,1.13063392587,0.00897848278997,0.09047219959564669,0.097134052,7.2795e-05,1.1805e-05,0,0.097032683,5.824e-05,1.05e-06,3.9033e-05,3,1,0,0,0,29,0,1,0
cohort_1,19,central_c0.8,8,joint_projected,,1.0,0.11777651100419462,0.11777651100419462,0.15824254893232137,2.77690331765,0.452107765773,0.000154095504735,0.05913647994898015,0.090577536,0.000517452,0.000131231,0,0.090490362,4.8073e-05,1.6956e-05,0.00011753,74,9,0,0,0,28,13,30,17
cohort_1,19,central_c0.8,9,joint_projected,,1.0,0.22791969310492277,0.22791969310492277,0.26836065389215946,14.0797490102,0.778262278206,0.00843830962942,0.0979736532075898,0.089300187,0.000145052,1.9815e-05,0,0.089186336,6.8274e-05,2.348e-06,8.1545e-05,8,2,0,0,0,28,1,2,1
cohort_1,19,central_c0.8,0,ompl_uniform,,1.0,0.1714587629539892,0.1714587629539892,0.1725701109971851,12.2283394815,3.17944366358,0.00843828491698,0.09583362864965578,,,,,,,,,,,,,,,,,
cohort_1,19,central_c0.8,1,ompl_uniform,,1.0,0.16043604095466435,0.16043604095466435,0.161599584040232,13.3145129358,2.28358418443,0.00846408294243,0.09896825807212425,,,,,,,,,,,,,,,,,
cohort_1,19,central_c0.8,2,ompl_uniform,,1.0,0.16840473096817732,0.16840473096817732,0.16971708205528557,12.6076178423,2.66683563036,0.00285677450374,0.09697623926397153,,,,,,,,,,,,,,,,,
cohort_1,19,central_c0.8,3,ompl_uniform,,1.0,0.18528551305644214,0.18528551305644214,0.18695093505084515,10.7280792464,0.811850651371,0.00907738296161,0.09560527102028019,,,,,,,,,,,,,,,,,
cohort_1,19,central_c0.8,4,ompl_uniform,,1.0,0.27298053493723273,0.27298053493723273,0.2755038100294769,18.0273056343,2.49526867991,0.00851446085323,0.09859297590999763,,,,,,,,,,,,,,,,,
cohort_1,19,central_c0.8,5,ompl_uniform,,1.0,0.3016426640097052,0.3016426640097052,0.3058055129367858,14.6955999426,0.900460217129,0.00832585747827,0.0988749901923496,,,,,,,,,,,,,,,,,
cohort_1,19,central_c0.8,6,ompl_uniform,,1.0,0.19860638899262995,0.19860638899262995,0.20020007097627968,11.9421778986,2.79531097043,0.00816649606679,0.09879242236849428,,,,,,,,,,,,,,,,,
cohort_1,19,central_c0.8,7,ompl_uniform,,1.0,0.1820527840172872,0.1820527840172872,0.18355314794462174,14.5250356127,1.09150794554,0.00847180318759,0.0751196408115214,,,,,,,,,,,,,,,,,
cohort_1,19,central_c0.8,8,ompl_uniform,,1.0,0.12289015995338559,0.12289015995338559,0.12405654299072921,11.9781635124,0.861659597102,0.00821170382474,0.0783344437782588,,,,,,,,,,,,,,,,,
cohort_1,19,central_c0.8,9,ompl_uniform,,1.0,0.2530326530104503,0.2530326530104503,0.2543765129521489,13.5565265214,2.49121731127,0.00870386974741,0.09752827417260121,,,,,,,,,,,,,,,,,
cohort_1,20,offset_c0.2,0,cartesian_ik,,1.0,0.13743003399576992,0.13743003399576992,0.184669905109331,12.4318730391,0.956233607207,0.0713423884308,0.11532036931704166,2.7709e-05,0.003661144,2.76e-06,0.003459147,0,0,0,0.000113681,2,2,0,0,2,0,0,0,0
cohort_1,20,offset_c0.2,1,cartesian_ik,,1.0,0.15097038401290774,0.15097038401290774,0.19766463909763843,8.20024681504,0.546745331277,0.070841867,0.11532036931704166,1.4202e-05,0.010385383,3.939e-06,0.010053059,0,0,0,0.000183229,8,4,0,0,8,0,0,0,0
cohort_1,20,offset_c0.2,2,cartesian_ik,,1.0,0.11903715296648443,0.11903715296648443,0.16817844309844077,5.18966644794,0.447283807605,0.0373867655528,0.11532036931704166,1.8471e-05,0.006435373,2.713e-06,0.006281945,0,0,0,7.3941e-05,3,3,0,0,3,0,0,0,0
cohort_1,20,offset_c0.2,3,cartesian_ik,,1.0,0.13936914200894535,0.13936914200894535,0.19292434700764716,10.4247004523,0.88370454885,0.0354206878758,0.11532036931704166,3.1669e-05,0.029331236,9.568e-06,0.028714468,0,0,0,0.000317091,17,10,0,0,17,0,0,0,0
cohort_1,20,offset_c0.2,4,cartesian_ik,,1.0,0.1928153489716351,0.1928153489716351,0.24024353607092053,13.5772804582,1.05976782551,0.0321980956796,0.09850808243045768,2.7939e-05,0.000752057,1.675e-06,0.000637374,0,0,0,5.9844e-05,1,1,0,0,1,0,0,0,0
cohort_1,20,offset_c0.2,5,cartesian_ik,,1.0,0.09100613300688565,0.09100613300688565,0.13791570300236344,6.13031906694,0.572122985093,0.0713423884308,0.11532036931704166,3.0769e-05,0.007973943,3.671e-06,0.007729924,0,0,0,0.000125405,3,3,0,0,3,0,0,0,0
cohort_1,20,offset_c0.2,6,cartesian_ik,,1.0,0.10582232405431569,0.10582232405431569,0.15533224411774427,5.97989532871,0.536501045153,0.067989574473,0.11532036931704166,3.6488e-05,0.020217879,1.0416e-05,0.019441369,0,0,0,0.000442681,10,7,0,0,10,0,0,0,0
cohort_1,20,offset_c0.2,7,cartesian_ik,,1.0,0.20265757199376822,0.20265757199376822,0.2496921670390293,9.95391480996,0.58773414874,0.0170110963893,0.11347493476741223,1.7816e-05,0.019810357,6.406e-06,0.019389499,0,0,0,0.000212081,5,3,0,0,5,0,0,0,0
cohort_1,20,offset_c0.2,8,cartesian_ik,,1.0,0.22767119691707194,0.22767119691707194,0.2752131101442501,16.4348512774,0.884881376048,0.0152571140392,0.11532036931704166,2.6136e-05,0.008038151,4.939e-06,0.007651559,0,0,0,0.000198462,8,7,0,0,8,0,0,0,0
cohort_1,20,offset_c0.2,9,cartesian_ik,,1.0,0.08419265900738537,0.08419265900738537,0.13093014806509018,7.24303271283,0.692928082857,0.0145291990042,0.11169695439125438,2.2458e-05,0.000828005,2.575e-06,0.000728725,0,0,0,4.1606e-05,1,1,0,0,1,0,0,0,0
cohort_1,20,offset_c0.2,0,joint_projected,,1.0,0.10703227599151433,0.10703227599151433,0.15382840507663786,10.6491236872,0.679184047026,0.00147005249657,0.10440277594025417,0.034656088,0.000120358,1.8994e-05,0,0.034552787,6.5225e-05,2.714e-06,5.1225e-05,6,4,0,0,0,17,0,2,0
cohort_1,20,offset_c0.2,1,joint_projected,,1.0,0.1697329729795456,0.1697329729795456,0.21673404204193503,10.4920444998,0.66649471439,0.0559138589597,0.11532036931704166,0.054472745,7.664e-05,1.049e-05,0,0.054228883,0.000133501,1.306e-06,4.1032e-05,1,1,0,0,0,19,0,0,0
cohort_1,20,offset_c0.2,2,joint_projected,,1.0,0.07864725403487682,0.07864725403487682,0.12865766207687557,4.30696063505,0.573545049824,0.046226056551,0.11532036931704166,0.03771523,0.000856573,0.000180423,0,0.03729129,0.000278243,2.2732e-05,0.000292619,34,11,0,0,0,16,6,12,0
cohort_1,20,offset_c0.2,3,joint_projected,,1.0,0.026396707980893552,0.026396707980893552,0.07308054703753442,3.17560355565,0.434129258843,0.00393375376633,0.1090132274966835,0.015073331,0.00032854,7.4039e-05,0,0.014969395,6.7433e-05,1.1411e-05,9.7891e-05,37,8,0,0,0,16,2,24,0
cohort_1,20,offset_c0.2,4,joint_projected,,1.0,0.22893805999774486,0.22893805999774486,0.2763517580460757,13.1687704265,0.739299874917,0.013374740932,0.11532036931704166,0.044635782,0.000248049,4.0162e-05,0,0.044470568,8.6882e-05,6.399e-06,9.4313e-05,12,7,0,0,0,20,0,5,0
cohort_1,20,offset_c0.2,5,joint_projected,,1.0,0.09420878498349339,0.09420878498349339,0.14204459602478892,12.2313084208,0.97335792438,0.00940193136335,0.09554282758992853,0.016001962,8.4092e-05,1.7503e-05,0,0.01590577,6.4087e-05,1.839e-06,3.0196e-05,5,2,0,0,0,16,0,2,0
cohort_1,20,offset_c0.2,6,joint_projected,,1.0,0.17994493700098246,0.17994493700098246,0.22676810703705996,8.74323006257,0.496859417171,0.00915670605276,0.10947355181413475,0.033385097,0.000260481,3.8744e-05,0,0.032877324,0.000309001,3.324e-06,0.000150937,2,1,0,0,0,17,0,0,0
cohort_1,20,offset_c0.2,7,joint_projected,,1.0,0.13086964504327625,0.13086964504327625,0.17794337798841298,12.7800643769,1.02002139888,0.0109802640912,0.11483103977477399,0.040043767,0.000205519,4.1861e-05,0,0.039881763,9.9242e-05,5.6e-06,8.5184e-05,13,2,0,0,0,17,0,7,0
cohort_1,20,offset_c0.2,8,joint_projected,,1.0,0.16796757595147938,0.16796757595147938,0.2148456610739231,12.2009290216,0.810936955688,0.0298887744748,0.0933902798277359,0.034879966,0.000121132,2.4217e-05,0,0.034743982,6.6352e-05,3.73e-06,4.7058e-05,9,2,0,0,0,19,0,7,0
cohort_1,20,offset_c0.2,9,joint_projected,,1.0,0.15158931899350137,0.15158931899350137,0.19938750204164535,8.44306987506,0.599011330187,0.02985720062,0.0976142366458305,0.032115569,0.000162417,4.6558e-05,0,0.031925352,0.000101513,6.79e-06,3.127e-05,23,2,0,0,0,18,3,15,0
cohort_1,20,offset_c0.2,0,ompl_uniform,,1.0,0.10436104191467166,0.10436104191467166,0.1054532709531486,11.6869195211,3.04246181007,0.032643908858,0.11500068249075045,,,,,,,,,,,,,,,,,
cohort_1,20,offset_c0.2,1,ompl_uniform,,1.0,0.13562942307908088,0.13562942307908088,0.13670044706668705,9.85429940586,1.47354510767,0.0572035697772,0.11532036931704166,,,,,,,,,,,,,,,,,
cohort_1,20,offset_c0.2,2,ompl_uniform,,1.0,0.20810117898508906,0.20810117898508906,0.20942762098275125,13.764912539,1.05373707824,0.0713423884308,0.11532036931704166,,,,,,,,,,,,,,,,,
cohort_1,20,offset_c0.2,3,ompl_uniform,,1.0,0.18426918506156653,0.18426918506156653,0.18583251698873937,12.8772099002,2.67873673429,0.0713423884308,0.11532036931704166,,,,,,,,,,,,,,,,,
cohort_1,20,offset_c0.2,4,ompl_uniform,,1.0,0.10636326798703521,0.10636326798703521,0.10775238007772714,12.9247128766,2.87569873549,0.0713423884308,0.11532036931704166,,,,,,,,,,,,,,,,,
cohort_1,20,offset_c0.2,5,ompl_uniform,,1.0,0.18604161799885333,0.18604161799885333,0.18729992501903325,14.5789275037,2.38017654791,0.0257415012246,0.10741746555061714,,,,,,,,,,,,,,,,,
cohort_1,20,offset_c0.2,6,ompl_uniform,,1.0,0.2082539980765432,0.2082539980765432,0.20946720300707966,14.137254292,3.57393175258,0.0713423884308,0.10807570803488872,,,,,,,,,,,,,,,,,
cohort_1,20,offset_c0.2,7,ompl_uniform,,1.0,0.14735071593895555,0.14735071593895555,0.14842519396916032,12.6863553261,2.18771830857,0.0713042974946,0.11532036931704166,,,,,,,,,,,,,,,,,
cohort_1,20,offset_c0.2,8,ompl_uniform,,1.0,0.10799915809184313,0.10799915809184313,0.10940066899638623,13.1631359487,2.27779139036,0.0178287729571,0.11395610127387122,,,,,,,,,,,,,,,,,
cohort_1,20,offset_c0.2,9,ompl_uniform,,1.0,0.15076706593390554,0.15076706593390554,0.1523175350157544,13.0497734474,2.12765135997,0.0317049463117,0.11527687117908059,,,,,,,,,,,,,,,,,
cohort_1,21,offset_c0.2,0,cartesian_ik,,1.0,0.19443414907436818,0.19443414907436818,0.2278486619470641,12.3791915079,0.696986125178,0.00101373356827,0.054619920764824054,2.2851e-05,0.011867796,4.671e-06,0.011497101,0,0,0,0.000216165,7,3,0,0,7,0,0,0,0
cohort_1,21,offset_c0.2,1,cartesian_ik,,1.0,0.1761122769676149,0.1761122769676149,0.2094649759819731,10.9412766672,0.803568118841,0.000942886067404,0.05202518461854054,3.1152e-05,0.001556245,3.764e-06,0.001333675,0,0,0,8.6323e-05,2,2,0,0,2,0,0,0,0
cohort_1,21,offset_c0.2,2,cartesian_ik,,1.0,0.07149752590339631,0.07149752590339631,0.10460187902208418,3.76648535624,0.423440049985,0.000852699508365,0.055235590225014244,2.2776e-05,0.001787119,2.937e-06,0.001596893,0,0,0,9.2537e-05,3,3,0,0,3,0,0,0,0
cohort_1,21,offset_c0.2,3,cartesian_ik,,1.0,0.18266636494081467,0.18266636494081467,0.21581523399800062,11.7849928917,0.88453934221,0.000389937186367,0.05141177856530303,2.1504e-05,0.004104556,2.448e-06,0.003905376,0,0,0,0.000131564,3,2,0,0,3,0,0,0,0
cohort_1,21,offset_c0.2,4,cartesian_ik,,1.0,0.15902950894087553,0.15902950894087553,0.19238829193636775,12.341226038,0.614193705635,0.00369038421964,0.0550488260073181,2.0156e-05,0.010666441,1.984e-06,0.01047986,0,0,0,0.000126727,4,1,0,0,4,0,0,0,0
cohort_1,21,offset_c0.2,5,cartesian_ik,,1.0,0.32890017004683614,0.32890017004683614,0.36222231399733573,14.0178931399,0.864929751504,0.00682315877662,0.054612644355330975,4.8415e-05,0.025473295,5.504e-06,0.025298947,0,0,0,8.354e-05,3,1,0,0,3,0,0,0,0
cohort_1,21,offset_c0.2,6,cartesian_ik,,1.0,0.20500142802484334,0.20500142802484334,0.23938899906352162,13.5747726733,1.06579646605,0.00486804855701,0.0547271403519083,1.6181e-05,0.008345728,4.844e-06,0.008099557,0,0,0,0.000119884,3,2,0,0,3,0,0,0,0
cohort_1,21,offset_c0.2,7,cartesian_ik,,1.0,0.10077935899607837,0.10077935899607837,0.1338298220653087,5.91518345441,0.468198330227,0.00933063524892,0.05452910946154489,2.1088e-05,0.006128574,5.689e-06,0.005704568,0,0,0,0.000191876,4,3,0,0,4,0,0,0,0
cohort_1,21,offset_c0.2,8,cartesian_ik,,1.0,0.14783035404980183,0.14783035404980183,0.1811714149080217,13.5854881415,0.946320786352,0.00989581985102,0.05470740374845248,2.5267e-05,0.009344545,3.044e-06,0.009140457,0,0,0,8.876e-05,3,2,0,0,3,0,0,0,0
cohort_1,21,offset_c0.2,9,cartesian_ik,,1.0,0.13389115605968982,0.13389115605968982,0.16728405002504587,11.4888745911,0.592476461697,0.00938019782528,0.05457062217145575,1.7526e-05,0.006591476,3.544e-06,0.005725036,0,0,0,0.000134867,4,4,0,0,4,0,0,0,0
cohort_1,21,offset_c0.2,0,joint_projected,,1.0,0.1448863229015842,0.1448863229015842,0.17869846802204847,3.42187583572,0.34503789622,0.00904421694457,0.05517950832671682,0.034599614,0.000375859,9.6694e-05,0,0.034411894,0.000109434,1.2246e-05,9.0837e-05,20,4,0,0,0,17,1,11,0
cohort_1,21,offset_c0.2,1,joint_projected,,1.0,0.26143507193773985,0.26143507193773985,0.29550891602411866,18.5626711173,1.2794537105,0.00960560282885,0.054931191863274706,0.024257454,0.001515542,0.000350166,0,0.024142711,7.5511e-05,5.5855e-05,0.000395967,184,38,0,0,0,16,22,110,0
cohort_1,21,offset_c0.2,2,joint_projected,,1.0,0.15558821090962738,0.15558821090962738,0.18934955389704555,9.99568280579,0.456798867629,0.00492632741916,0.05296754008025027,0.007986033,6.0434e-05,1.0883e-05,0,0.007865695,5.5441e-05,2.818e-06,2.3408e-05,3,1,0,0,0,15,0,2,0
cohort_1,21,offset_c0.2,3,joint_projected,,1.0,0.17180245800409466,0.17180245800409466,0.20508401899132878,13.0279733388,0.514148277549,0.0101259528151,0.05494980024320048,0.015603405,0.000635968,0.000121624,0,0.015308619,0.000198583,1.6603e-05,0.000252346,22,6,0,0,0,16,2,10,0
cohort_1,21,offset_c0.2,4,joint_projected,,1.0,0.33516835409682244,0.33516835409682244,0.3687058329815045,19.32443818,0.889297028033,0.00395864451499,0.05458421489573921,0.005588953,0.000815516,0.000184787,0,0.005466921,7.9319e-05,2.8621e-05,0.000254238,55,11,0,0,0,15,6,29,0
cohort_1,21,offset_c0.2,5,joint_projected,,1.0,0.16653321194462478,0.16653321194462478,0.20428024197462946,14.5623766595,0.967488528291,0.00116004353577,0.05478339858984076,0.019934886,0.000480221,0.000117904,0,0.019716226,0.000136324,1.4019e-05,0.000133385,31,6,0,0,0,17,7,12,0
cohort_1,21,offset_c0.2,6,joint_projected,,1.0,0.1437507140217349,0.1437507140217349,0.17706099897623062,5.88245183296,0.510129319676,0.00994575085476,0.05439496311244664,0.019797287,0.000195479,4.6465e-05,0,0.019697895,4.851e-05,5.643e-06,6.4333e-05,11,4,0,0,0,16,0,5,0
cohort_1,21,offset_c0.2,7,joint_projected,,1.0,0.08464270795229822,0.08464270795229822,0.11851774109527469,4.55348573413,0.437274756647,0.000719372724216,0.04803796487976516,0.012119001,9.021e-05,2.2209e-05,0,0.011957101,0.000106601,1.743e-06,3.0911e-05,3,1,0,0,0,15,1,1,0
cohort_1,21,offset_c0.2,8,joint_projected,,1.0,0.12299604096915573,0.12299604096915573,0.1572618669597432,2.81508700028,0.406890922351,0.00341224504244,0.05491164198509692,0.043557695,0.0005792,0.000150658,0,0.043338617,0.000120257,2.1333e-05,0.000144869,22,4,0,0,0,18,2,16,0
cohort_1,21,offset_c0.2,9,joint_projected,,1.0,0.20280239800922573,0.20280239800922573,0.23649837798438966,13.4415618649,0.964899634971,0.000424430382602,0.054532694210014374,0.03085247,0.000239293,6.0846e-05,0,0.030696394,9.4256e-05,9.303e-06,5.6617e-05,16,2,0,0,0,18,1,10,0
cohort_1,21,offset_c0.2,0,ompl_uniform,,1.0,0.3133060219697654,0.3133060219697654,0.31475905200932175,21.0978217917,4.14628022811,0.00212865039954,0.04686643416323029,,,,,,,,,,,,,,,,,
cohort_1,21,offset_c0.2,1,ompl_uniform,,1.0,0.12967084406409413,0.12967084406409413,0.13117863493971527,14.0016849991,2.07311401372,0.00960023086868,0.05443538897081944,,,,,,,,,,,,,,,,,
cohort_1,21,offset_c0.2,2,ompl_uniform,,1.0,0.12966330407653004,0.12966330407653004,0.13076291198376566,12.5799783811,0.623599208176,0.00482975228812,0.05459724033613676,,,,,,,,,,,,,,,,,
cohort_1,21,offset_c0.2,3,ompl_uniform,,1.0,0.2269655941054225,0.2269655941054225,0.22837226500269026,18.4977339395,3.82234696787,0.00953191269987,0.054548281702643045,,,,,,,,,,,,,,,,,
cohort_1,21,offset_c0.2,4,ompl_uniform,,1.0,0.2773462539771572,0.2773462539771572,0.2785917869769037,12.5626667682,1.30842054744,0.00986365306011,0.05531359075652069,,,,,,,,,,,,,,,,,
cohort_1,21,offset_c0.2,5,ompl_uniform,,1.0,0.10915071400813758,0.10915071400813758,0.11041688709519804,12.610254827,1.2117892983,0.00945343449811,0.054968167345603794,,,,,,,,,,,,,,,,,
cohort_1,21,offset_c0.2,6,ompl_uniform,,1.0,0.19821383198723197,0.19821383198723197,0.2008703239262104,13.213379249,2.17834528841,0.00939621193089,0.05427101383744022,,,,,,,,,,,,,,,,,
cohort_1,21,offset_c0.2,7,ompl_uniform,,1.0,0.1766586140729487,0.1766586140729487,0.17805476393550634,13.1036003183,2.1252755001,0.0092428967631,0.054198696064491035,,,,,,,,,,,,,,,,,
cohort_1,21,offset_c0.2,8,ompl_uniform,,1.0,0.17056444205809385,0.17056444205809385,0.17169399396516383,13.6982736367,2.01072371593,0.00961908429339,0.05484260950714921,,,,,,,,,,,,,,,,,
cohort_1,21,offset_c0.2,9,ompl_uniform,,1.0,0.09458104998338968,0.09458104998338968,0.09635653404984623,12.9754543221,1.30089389006,0.00755312373136,0.055001446283587996,,,,,,,,,,,,,,,,,
cohort_1,22,offset_c0.2,0,cartesian_ik,,1.0,0.1330956860911101,0.1330956860911101,0.15740179305430502,7.46264183794,0.654017591522,0.0236794797825,0.0965927166960558,2.0565e-05,0.014995073,4.507e-06,0.014391019,0,0,0,0.000459944,8,5,0,0,8,0,0,0,0
cohort_1,22,offset_c0.2,1,cartesian_ik,,1.0,0.1972052640048787,0.1972052640048787,0.22240622399840504,12.7434400345,0.833196139671,0.0170066787189,0.07760150931641877,1.3048e-05,0.000651067,2.114e-06,0.000514797,0,0,0,7.8387e-05,1,1,0,0,1,0,0,0,0
cohort_1,22,offset_c0.2,2,cartesian_ik,,1.0,0.08036159595940262,0.08036159595940262,0.10529136995319277,6.27644855186,0.636279691154,0.0239372557038,0.08905954979036308,2.9996e-05,0.024585121,6.356e-06,0.024138685,0,0,0,0.000252986,9,4,0,0,9,0,0,0,0
cohort_1,22,offset_c0.2,3,cartesian_ik,,1.0,0.1327837510034442,0.1327837510034442,0.1575173339806497,14.072742756,1.30496627179,0.0244157929936,0.09328501204678989,1.4551e-05,0.013488684,2.614e-06,0.013351077,0,0,0,7.155e-05,4,3,0,0,4,0,0,0,0
cohort_1,22,offset_c0.2,4,cartesian_ik,,1.0,0.10777204902842641,0.10777204902842641,0.13241784693673253,7.02503855926,0.672682116911,0.0234482752693,0.10026309677380367,1.7133e-05,0.001323473,2.251e-06,0.00123199,0,0,0,3.8588e-05,1,1,0,0,1,0,0,0,0
cohort_1,22,offset_c0.2,5,cartesian_ik,,1.0,0.127156272996217,0.127156272996217,0.15261631994508207,13.2213718922,1.52871732732,0.0197196084363,0.07718408129057924,2.2851e-05,0.007338261,6.552e-06,0.006876847,0,0,0,0.000243712,5,5,0,0,5,0,0,0,0
cohort_1,22,offset_c0.2,6,cartesian_ik,,1.0,0.22239699703641236,0.22239699703641236,0.24803066696040332,14.2769039578,0.91012731133,0.0234896150803,0.08897654508163184,5.9402e-05,0.003309112,4.092e-06,0.002920611,0,0,0,0.000270684,1,1,0,0,1,0,0,0,0
cohort_1,22,offset_c0.2,7,cartesian_ik,,1.0,0.1668417900800705,0.1668417900800705,0.19178603996988386,14.1023750026,0.943680423893,0.0241453335856,0.09615587257705016,1.5956e-05,0.001986975,1.92e-06,0.001925171,0,0,0,2.6973e-05,1,1,0,0,1,0,0,0,0
cohort_1,22,offset_c0.2,8,cartesian_ik,,1.0,0.11700436391402036,0.11700436391402036,0.14262997498735785,14.06439836,1.25654321866,0.0238296813257,0.09995172722783012,1.3066e-05,0.006269593,2.316e-06,0.006167862,0,0,0,5.0598e-05,3,2,0,0,3,0,0,0,0
cohort_1,22,offset_c0.2,9,cartesian_ik,,1.0,0.1265793670900166,0.1265793670900166,0.15215288707986474,13.2076536347,0.96895992008,0.0131154817338,0.09546066968541095,1.9117e-05,0.011935501,5.557e-06,0.011366182,0,0,0,0.000330181,5,4,0,0,5,0,0,0,0
cohort_1,22,offset_c0.2,0,joint_projected,,1.0,0.1336010410450399,0.1336010410450399,0.15865997900255024,13.6554496324,0.808701495878,0.0242052682094,0.10022227357926923,0.016721625,8.116e-05,1.927e-05,0,0.016652773,4.2937e-05,2.028e-06,2.532e-05,7,2,0,0,0,18,0,2,0
cohort_1,22,offset_c0.2,1,joint_projected,,1.0,0.07139612804166973,0.07139612804166973,0.09589773800689727,2.91677595424,0.442297510873,0.0045487060392,0.06730423399326335,0.014782781,0.000218313,4.872e-05,0,0.014571397,0.000137922,6.111e-06,8.3261e-05,13,1,0,0,0,15,1,7,0
cohort_1,22,offset_c0.2,2,joint_projected,,1.0,0.12511723104398698,0.12511723104398698,0.1500381559599191,2.86389518711,0.51305821304,0.0134297846746,0.06689567825706381,0.021920844,0.000506282,0.00011547,0,0.021719944,0.000128123,1.5101e-05,0.00015432,29,6,0,0,0,16,5,13,0
cohort_1,22,offset_c0.2,3,joint_projected,,1.0,0.24831244407687336,0.24831244407687336,0.27329889801330864,12.982054146,0.729622154055,0.00891531963585,0.09561953589354916,0.020978942,0.000256766,6.7546e-05,0,0.020722205,0.00016315,6.651e-06,7.927e-05,13,2,0,0,0,16,2,5,0
cohort_1,22,offset_c0.2,4,joint_projected,,1.0,0.07629266695585102,0.07629266695585102,0.10078597301617265,6.6234957959,0.612328672962,0.0237217372283,0.10006583958471883,0.028988189,0.000160791,3.4017e-05,0,0.028778878,0.000133133,4.039e-06,6.4059e-05,13,3,0,0,0,17,2,5,0
cohort_1,22,offset_c0.2,5,joint_projected,,1.0,0.08891209005378187,0.08891209005378187,0.11349623196292669,4.95667328722,0.652461673129,0.0241488996558,0.0997809310182516,0.019972203,4.4304e-05,8.621e-06,0,0.019854266,7.0496e-05,9.35e-07,1.9157e-05,2,1,0,0,0,16,0,1,0
cohort_1,22,offset_c0.2,6,joint_projected,,1.0,0.09752305294387043,0.09752305294387043,0.12272609595675021,3.0897374745,0.511945946468,0.0147147948811,0.06610261374101453,0.028667924,5.2514e-05,1.099e-05,0,0.028509962,7.2757e-05,1.469e-06,1.9803e-05,3,1,0,0,0,18,0,2,0
cohort_1,22,offset_c0.2,7,joint_projected,,1.0,0.16702246200293303,0.16702246200293303,0.19182232802268118,10.683869956,0.68830518414,0.0242628911501,0.08802319533765264,0.027126566,4.6135e-05,9.383e-06,0,0.026987229,6.517e-05,4.35e-07,2.2019e-05,2,1,0,0,0,18,0,0,0
cohort_1,22,offset_c0.2,8,joint_projected,,1.0,0.08268206694629043,0.08268206694629043,0.10732781607657671,6.24049158387,0.609583299939,0.000821454610682,0.10018398775533947,0.029420769,0.000340585,6.5835e-05,0,0.029172546,0.00015492,9.901e-06,0.000133276,19,4,0,0,0,18,1,12,0
cohort_1,22,offset_c0.2,9,joint_projected,,1.0,0.1271226709941402,0.1271226709941402,0.15189675497822464,5.33817774627,0.584845443004,0.0241212509935,0.0970009510573601,0.01548792,0.000479628,7.1967e-05,0,0.01530558,0.000105514,1.517e-05,0.000253697,12,2,0,0,0,16,0,9,0
cohort_1,22,offset_c0.2,0,ompl_uniform,,1.0,0.09935977205168456,0.09935977205168456,0.10084543097764254,13.5039539358,1.45925714927,0.0238680037207,0.100267764899497,,,,,,,,,,,,,,,,,
cohort_1,22,offset_c0.2,1,ompl_uniform,,1.0,0.16218714392744005,0.16218714392744005,0.16335720801725984,14.5450017262,2.42075493802,0.0246656721688,0.09364291105752058,,,,,,,,,,,,,,,,,
cohort_1,22,offset_c0.2,2,ompl_uniform,,1.0,0.11972430697642267,0.11972430697642267,0.12090167705900967,12.3987121578,1.10999409223,0.0245220665335,0.10025100554552578,,,,,,,,,,,,,,,,,
cohort_1,22,offset_c0.2,3,ompl_uniform,,1.0,0.1731446449412033,0.1731446449412033,0.17481336102355272,15.336051367,2.27525802235,0.0238160827077,0.10017938835536426,,,,,,,,,,,,,,,,,
cohort_1,22,offset_c0.2,4,ompl_uniform,,1.0,0.23956302495207638,0.23956302495207638,0.24182509095408022,15.6146405642,1.69656881051,0.0241839942198,0.10019533139422344,,,,,,,,,,,,,,,,,
cohort_1,22,offset_c0.2,5,ompl_uniform,,1.0,0.17496688291430473,0.17496688291430473,0.17629004502668977,14.9988564394,2.24235861222,0.0242247981075,0.08860724589590642,,,,,,,,,,,,,,,,,
cohort_1,22,offset_c0.2,6,ompl_uniform,,1.0,0.1533174329670146,0.1533174329670146,0.15453008795157075,12.5381860456,1.52579895714,0.0218722625896,0.10026365419667195,,,,,,,,,,,,,,,,,
cohort_1,22,offset_c0.2,7,ompl_uniform,,1.0,0.14155952201690525,0.14155952201690525,0.14290937199257314,9.16858170508,1.40188541358,0.0242243903521,0.09501471860999537,,,,,,,,,,,,,,,,,
cohort_1,22,offset_c0.2,8,ompl_uniform,,1.0,0.1738971839658916,0.1738971839658916,0.17551267007365823,12.0802863365,1.97673700818,0.0201739875435,0.10023142018213814,,,,,,,,,,,,,,,,,
cohort_1,22,offset_c0.2,9,ompl_uniform,,1.0,0.13188184099271894,0.13188184099271894,0.1330855239648372,12.4035778733,2.48768071808,0.0243717243343,0.10028770734981006,,,,,,,,,,,,,,,,,
cohort_1,23,offset_c0.2,0,cartesian_ik,,1.0,0.11465496802702546,0.11465496802702546,0.1389640390407294,4.04733553659,0.450618522255,0.00350286482094,0.10086461077102944,2.9416e-05,0.01267284,4.815e-06,0.012228426,0,0,0,0.000297382,4,1,0,0,4,0,0,0,0
cohort_1,23,offset_c0.2,1,cartesian_ik,,1.0,0.06323393993079662,0.06323393993079662,0.0881732270354405,5.39381012308,0.511276700446,0.015798932782,0.1059689792744047,1.8395e-05,0.024194234,8.738e-06,0.023392971,0,0,0,0.000502526,17,11,0,0,17,0,0,0,0
cohort_1,23,offset_c0.2,2,cartesian_ik,,1.0,0.1797632989473641,0.1797632989473641,0.2046781078679487,12.8558405015,0.770324408011,0.0150145571349,0.1059689792744047,2.7542e-05,0.011786967,4.963e-06,0.011643394,0,0,0,4.3563e-05,3,1,0,0,3,0,0,0,0
cohort_1,23,offset_c0.2,3,cartesian_ik,,1.0,0.1806923159165308,0.1806923159165308,0.2044399749720469,13.8225492861,1.0650359888,0.0155749258992,0.1059689792744047,1.2682e-05,0.000638816,1.798e-06,0.000534798,0,0,0,6.1257e-05,2,1,0,0,2,0,0,0,0
cohort_1,23,offset_c0.2,4,cartesian_ik,,1.0,0.11482287500984967,0.11482287500984967,0.1388864069012925,4.27601320635,0.531283530424,0.0153877433849,0.10411774930224232,3.1192e-05,0.017485462,9.849e-06,0.016491021,0,0,0,0.000641162,8,6,0,0,8,0,0,0,0
cohort_1,23,offset_c0.2,5,cartesian_ik,,1.0,0.26843528589233756,0.26843528589233756,0.2920648059807718,15.9649845435,1.71774513696,0.015390205171,0.1059689792744047,7.761e-06,0.018470351,6.915e-06,0.017988287,0,0,0,0.000324213,9,2,0,0,9,0,0,0,0
cohort_1,23,offset_c0.2,6,cartesian_ik,,1.0,0.09917424607556313,0.09917424607556313,0.12231566198170185,5.71329738943,0.538449219324,0.010189094686,0.10256145164995593,2.3401e-05,0.006116171,4.123e-06,0.005872703,0,0,0,0.000131209,5,4,0,0,5,0,0,0,0
cohort_1,23,offset_c0.2,7,cartesian_ik,,1.0,0.06573239399585873,0.06573239399585873,0.08956200396642089,2.45732125076,0.373464227842,0.00113295322855,0.09678233124857401,1.4803e-05,0.000304833,1.969e-06,0.000224028,0,0,0,4.3671e-05,1,1,0,0,1,0,0,0,0
cohort_1,23,offset_c0.2,8,cartesian_ik,,1.0,0.12294338899664581,0.12294338899664581,0.14682954305317253,10.9991343908,0.760819562214,0.00598316294555,0.05635324747081941,2.3694e-05,0.010755678,4.73e-06,0.010314331,0,0,0,0.000247488,7,5,0,0,7,0,0,0,0
cohort_1,23,offset_c0.2,9,cartesian_ik,,1.0,0.1056709410622716,0.1056709410622716,0.12879007298033684,7.359065232,0.490893331438,0.0153902359577,0.1059689792744047,3.0909e-05,0.017245111,7.228e-06,0.016648449,0,0,0,0.000350439,7,4,0,0,7,0,0,0,0
cohort_1,23,offset_c0.2,0,joint_projected,,1.0,0.08463086001574993,0.08463086001574993,0.10777699388563633,8.42623577711,0.622057884086,0.0060161768955,0.10000233449870365,0.01767573,0.001848517,0.000484259,0,0.017449511,0.000143497,6.6249e-05,0.00044904,131,19,0,0,0,16,9,69,0
cohort_1,23,offset_c0.2,1,joint_projected,,1.0,0.13776402501389384,0.13776402501389384,0.1627724589779973,12.2871863777,0.637434747699,0.0102765495123,0.10316229859663822,0.017570487,0.000145692,2.8977e-05,0,0.0174063,0.000105586,4.606e-06,6.1978e-05,3,1,0,0,0,17,0,2,0
cohort_1,23,offset_c0.2,2,joint_projected,,1.0,0.21161317406222224,0.21161317406222224,0.2361956009408459,12.2630559044,0.846356583675,0.000644161188345,0.09246203421064672,0.023721837,7.0706e-05,9.758e-06,0,0.023550897,0.000109744,1.122e-06,3.9612e-05,1,1,0,0,0,16,0,0,0
cohort_1,23,offset_c0.2,3,joint_projected,,1.0,0.10503129696007818,0.10503129696007818,0.12831172498408705,3.19005895816,0.500981696113,0.00609105102122,0.09851875078273026,0.012604896,5.2544e-05,1.1871e-05,0,0.012527419,4.7043e-05,1.105e-06,2.0999e-05,4,1,0,0,0,16,1,2,0
cohort_1,23,offset_c0.2,4,joint_projected,,1.0,0.14651927107479423,0.14651927107479423,0.16990012803580612,14.051545116,1.07290352429,0.00396746642349,0.1059689792744047,0.012325936,5.6574e-05,1.16e-05,0,0.012231826,5.8973e-05,1.173e-06,2.4144e-05,3,1,0,0,0,16,0,2,0
cohort_1,23,offset_c0.2,5,joint_projected,,1.0,0.11789866001345217,0.11789866001345217,0.14147629390936345,7.60601715426,0.888548891719,0.00129836277283,0.07427745989531412,0.013160078,0.001321968,0.000294776,0,0.013085616,4.4378e-05,3.8897e-05,0.000504238,140,16,0,0,0,16,16,61,0
cohort_1,23,offset_c0.2,6,joint_projected,,1.0,0.0980918089626357,0.0980918089626357,0.12272709188982844,5.69505544969,0.556346766533,0.00465658972774,0.09797081151646542,0.017459656,0.000107897,1.1883e-05,0,0.017260137,0.000124637,1.655e-06,5.3488e-05,2,2,0,0,0,15,0,0,0
cohort_1,23,offset_c0.2,7,joint_projected,,1.0,0.1579966340214014,0.1579966340214014,0.18131145695224404,13.3779497824,1.06448425088,0.0118822259501,0.09312024443871822,0.022192479,0.000128254,1.3817e-05,0,0.022012629,0.000113364,1.799e-06,7.4324e-05,2,2,0,0,0,16,0,0,0
cohort_1,23,offset_c0.2,8,joint_projected,,1.0,0.1677382349735126,0.1677382349735126,0.19130023592151701,12.8453845986,0.937695150945,0.00686137066216,0.08550388832126597,0.023108671,0.000475904,0.000112931,0,0.022976498,8.0005e-05,1.6502e-05,0.000136447,36,5,0,0,0,16,4,25,0
cohort_1,23,offset_c0.2,9,joint_projected,,1.0,0.1536378690507263,0.1536378690507263,0.17694485292304307,12.2886951555,1.1257171318,0.0154318054629,0.1059689792744047,0.015845698,4.6827e-05,1.0795e-05,0,0.01574098,5.6959e-05,4.23e-07,2.1069e-05,3,1,0,0,0,17,1,0,0
cohort_1,23,offset_c0.2,0,ompl_uniform,,1.0,0.27379768097307533,0.27379768097307533,0.27505464293062687,14.1087652932,1.58678540776,0.0138637699191,0.10423901945646996,,,,,,,,,,,,,,,,,
cohort_1,23,offset_c0.2,1,ompl_uniform,,1.0,0.09482818096876144,0.09482818096876144,0.09601015294902027,11.6580837473,1.29364492816,0.00357610885029,0.10272516745203322,,,,,,,,,,,,,,,,,
cohort_1,23,offset_c0.2,2,ompl_uniform,,1.0,0.19448579789604992,0.19448579789604992,0.19599353394005448,13.5326386139,0.647525327055,0.00674143566785,0.1059689792744047,,,,,,,,,,,,,,,,,
cohort_1,23,offset_c0.2,3,ompl_uniform,,1.0,0.11111763305962086,0.11111763305962086,0.11304216005373746,11.8281344583,0.563687379049,0.0151607924496,0.1059689792744047,,,,,,,,,,,,,,,,,
cohort_1,23,offset_c0.2,4,ompl_uniform,,1.0,0.20588924596086144,0.20588924596086144,0.20722387393470854,14.3560845009,2.80207731289,0.0142095772506,0.086534176637324,,,,,,,,,,,,,,,,,
cohort_1,23,offset_c0.2,5,ompl_uniform,,1.0,0.10593011497985572,0.10593011497985572,0.10733185801655054,13.3606079213,2.58635583492,0.0150297304754,0.1059689792744047,,,,,,,,,,,,,,,,,
cohort_1,23,offset_c0.2,6,ompl_uniform,,1.0,0.29899322299752384,0.29899322299752384,0.30024955002591014,14.0594071035,0.73465323812,0.0152661246352,0.1059689792744047,,,,,,,,,,,,,,,,,
cohort_1,23,offset_c0.2,7,ompl_uniform,,1.0,0.15049676201306283,0.15049676201306283,0.15224985603708774,12.2968380079,1.64343124985,0.0151172709566,0.1059689792744047,,,,,,,,,,,,,,,,,
cohort_1,23,offset_c0.2,8,ompl_uniform,,1.0,0.1853274729801342,0.1853274729801342,0.18649398104753345,12.8884018065,0.674115810497,0.0133813260588,0.1059689792744047,,,,,,,,,,,,,,,,,
cohort_1,23,offset_c0.2,9,ompl_uniform,,1.0,0.14569733093958348,0.14569733093958348,0.1468718710821122,12.0109951849,1.40399103945,0.0152116116421,0.1059689792744047,,,,,,,,,,,,,,,,,
cohort_1,24,offset_c0.2,0,cartesian_ik,,1.0,0.12176605907734483,0.12176605907734483,0.14807469199877232,9.0194293675,0.489747994948,0.00848155256061,0.09605169185184084,1.305e-05,0.000208164,8.95e-07,0.000150838,0,0,0,3.282e-05,1,1,0,0,1,0,0,0,0
cohort_1,24,offset_c0.2,1,cartesian_ik,,1.0,0.24403632897883654,0.24403632897883654,0.27120202500373125,11.4978002156,0.602740132393,0.0105871621916,0.09525786085881774,4.6948e-05,0.018238236,1.0828e-05,0.017474973,0,0,0,0.000390264,8,4,0,0,8,0,0,0,0
cohort_1,24,offset_c0.2,2,cartesian_ik,,1.0,0.1881158179603517,0.1881158179603517,0.2156835589557886,11.3112606762,0.730706902126,0.0108706115558,0.06985846040322484,2.5705e-05,0.025684995,5.229e-06,0.025126856,0,0,0,0.000343905,17,9,0,0,17,0,0,0,0
cohort_1,24,offset_c0.2,3,cartesian_ik,,1.0,0.13785702106542885,0.13785702106542885,0.16457057697698474,6.51443056895,0.538770805021,0.00521965668241,0.09578500660593411,1.75e-05,0.015426332,8.166e-06,0.015004414,0,0,0,0.000193206,5,2,0,0,5,0,0,0,0
cohort_1,24,offset_c0.2,4,cartesian_ik,,1.0,0.22374897205736488,0.22374897205736488,0.2505220628809184,13.6926252942,1.049280974,0.0112915984426,0.09632129834096079,4.0987e-05,0.031638575,9.302e-06,0.030690943,0,0,0,0.000659453,20,11,0,0,20,0,0,0,0
cohort_1,24,offset_c0.2,5,cartesian_ik,,1.0,0.18460155499633402,0.18460155499633402,0.21122341603040695,14.5239398429,1.12740198481,0.00266093912403,0.07981585877635745,1.9732e-05,0.024148123,8.824e-06,0.023236917,0,0,0,0.000589785,18,9,0,0,18,0,0,0,0
cohort_1,24,offset_c0.2,6,cartesian_ik,,1.0,0.1963278400944546,0.1963278400944546,0.22285628889221698,11.5149316571,0.591277828407,0.00361520945638,0.09529056503769061,9.758e-06,0.00102903,2.027e-06,0.000922492,0,0,0,6.0766e-05,1,1,0,0,1,0,0,0,0
cohort_1,24,offset_c0.2,7,cartesian_ik,,1.0,0.23551768297329545,0.23551768297329545,0.26225553487893194,15.1860130932,0.911254898846,0.00208056070609,0.09592857543695499,1.4417e-05,0.012201651,3.828e-06,0.011894433,0,0,0,0.000190252,11,6,0,0,11,0,0,0,0
cohort_1,24,offset_c0.2,8,cartesian_ik,,1.0,0.2372205900028348,0.2372205900028348,0.2646502379793674,14.3018595322,1.12708029768,0.0084809463138,0.09663515609262777,1.411e-05,0.030348366,6.831e-06,0.029745521,0,0,0,0.000365294,23,9,0,0,23,0,0,0,0
cohort_1,24,offset_c0.2,9,cartesian_ik,,1.0,0.2183052699547261,0.2183052699547261,0.24518791097216308,16.1292798649,0.90196330486,0.00211570673774,0.07270255516351234,1.2321e-05,0.010833324,3.738e-06,0.010579055,0,0,0,0.000130133,7,6,0,0,7,0,0,0,0
cohort_1,24,offset_c0.2,0,joint_projected,,1.0,0.2876477390527725,0.2876477390527725,0.31430764007382095,16.495605998,0.934458091858,0.0028785741889,0.08030337033940432,0.054070566,0.00147889,0.000304641,0,0.053801448,0.000159477,5.1801e-05,0.000486236,151,35,0,0,0,20,8,84,0
cohort_1,24,offset_c0.2,1,joint_projected,,1.0,0.23631704796571285,0.23631704796571285,0.26328779093455523,17.1529987371,1.09947987974,0.00965425615983,0.09585263507982403,0.009019985,0.002907243,0.000722128,0,0.008937258,5.1536e-05,9.8316e-05,0.000853211,296,45,0,0,0,15,41,140,0
cohort_1,24,offset_c0.2,2,joint_projected,,1.0,0.2541533949552104,0.2541533949552104,0.2816589350113645,14.0858522136,0.6779369208,0.00461734190168,0.09594724878041436,0.023098372,0.002523158,0.000598076,0,0.022879905,0.000132312,8.316e-05,0.000808853,314,45,0,0,0,17,40,160,0
cohort_1,24,offset_c0.2,3,joint_projected,,1.0,0.3018688299925998,0.3018688299925998,0.32906903594266623,17.8810391461,1.10303928466,0.00238906687118,0.08685700691227143,0.032307777,0.00169931,0.000354237,0,0.031888165,0.000278632,5.2834e-05,0.000616405,62,11,0,0,0,16,8,35,0
cohort_1,24,offset_c0.2,4,joint_projected,,1.0,0.1511282700812444,0.1511282700812444,0.17774437507614493,5.35646381228,0.396102134884,0.0110560609207,0.09594172226080774,0.020094062,0.00093191,0.000230321,0,0.019982938,6.5466e-05,3.4793e-05,0.000242047,52,6,0,0,0,16,4,32,0
cohort_1,24,offset_c0.2,5,joint_projected,,1.0,0.16415962995961308,0.16415962995961308,0.19183547096326947,11.196385457,0.899445212195,0.0110271552096,0.08258982153257272,0.021869121,0.001590534,0.000324558,0,0.021463708,0.000261921,5.2215e-05,0.000537193,122,26,0,0,0,16,12,62,0
cohort_1,24,offset_c0.2,6,joint_projected,,1.0,0.09767999593168497,0.09767999593168497,0.12420305097475648,12.8808143938,0.879070852429,0.010851820841,0.09614832883872337,0.00669335,0.000480952,9.6942e-05,0,0.006627435,4.2713e-05,1.9712e-05,0.000165744,42,8,0,0,0,15,1,27,0
cohort_1,24,offset_c0.2,7,joint_projected,,1.0,0.0903360319789499,0.0903360319789499,0.11699966702144593,6.57141053864,0.573493603257,0.0112504626915,0.0961914811234621,0.016709544,0.000669034,0.000154528,0,0.016616328,5.9572e-05,2.1043e-05,0.000220074,57,10,0,0,0,15,5,27,0
cohort_1,24,offset_c0.2,8,joint_projected,,1.0,0.2938571469858289,0.2938571469858289,0.3219642529729754,16.6570259528,1.44597030224,0.00434948305776,0.06298326057903311,0.038172355,0.009818425,0.00216061,0,0.037943521,0.000136989,0.000340862,0.003303237,1017,185,0,0,0,16,81,529,0
cohort_1,24,offset_c0.2,9,joint_projected,,1.0,0.15926613996271044,0.15926613996271044,0.18630676588509232,13.5164109557,0.894896478544,0.00178641656139,0.0767952017839478,0.026332998,0.003799144,0.000812884,0,0.026166819,0.00011032,0.000122123,0.00128071,409,87,0,0,0,16,57,201,0
cohort_1,24,offset_c0.2,0,ompl_uniform,,1.0,0.10431114595849067,0.10431114595849067,0.1056173259858042,11.5438834504,2.35784432762,0.0111183043248,0.09605727583044155,,,,,,,,,,,,,,,,,
cohort_1,24,offset_c0.2,1,ompl_uniform,,1.0,0.11299895995762199,0.11299895995762199,0.11455844901502132,15.0510560986,1.40061995945,0.0112221206997,0.09624733391008292,,,,,,,,,,,,,,,,,
cohort_1,24,offset_c0.2,2,ompl_uniform,,1.0,0.2266820480581373,0.2266820480581373,0.2283140040235594,12.3862079409,1.25904932094,0.0107230539427,0.09563461346231816,,,,,,,,,,,,,,,,,
cohort_1,24,offset_c0.2,3,ompl_uniform,,1.0,0.15947684494312853,0.15947684494312853,0.16085256496444345,12.2523613546,1.53494648567,0.0106227920155,0.07901129018320854,,,,,,,,,,,,,,,,,
cohort_1,24,offset_c0.2,4,ompl_uniform,,1.0,0.10629730799701065,0.10629730799701065,0.10751806001644582,13.6847528119,3.19855234026,0.011579959853,0.09664182648714126,,,,,,,,,,,,,,,,,
cohort_1,24,offset_c0.2,5,ompl_uniform,,1.0,0.15492537803947926,0.15492537803947926,0.15657930599991232,13.5103634191,2.39091422967,0.0109466171451,0.09578352468345327,,,,,,,,,,,,,,,,,
cohort_1,24,offset_c0.2,6,ompl_uniform,,1.0,0.13435390300583094,0.13435390300583094,0.13566878496203572,12.1763446305,2.11788512808,0.0106431488917,0.09552999684873256,,,,,,,,,,,,,,,,,
cohort_1,24,offset_c0.2,7,ompl_uniform,,1.0,0.20891039504203945,0.20891039504203945,0.2104540680302307,14.6877294952,1.69119485621,0.0110718474481,0.09601403964342103,,,,,,,,,,,,,,,,,
cohort_1,24,offset_c0.2,8,ompl_uniform,,1.0,0.14559069310780615,0.14559069310780615,0.14701964403502643,13.9436193742,3.65928558055,0.00303108042041,0.057680831521387026,,,,,,,,,,,,,,,,,
cohort_1,24,offset_c0.2,9,ompl_uniform,,1.0,0.13346759090200067,0.13346759090200067,0.13472189696040004,13.4460009397,2.565461161,0.0111115941775,0.09596059353470054,,,,,,,,,,,,,,,,,
cohort_1,25,offset_c0.2,0,cartesian_ik,,1.0,0.13363712595310062,0.13363712595310062,0.16544264601543546,10.4573380823,0.784077126627,0.0200918916489,0.11314335783057139,2.2076e-05,0.010221713,3.288e-06,0.010066574,0,0,0,8.1205e-05,3,1,0,0,3,0,0,0,0
cohort_1,25,offset_c0.2,1,cartesian_ik,,1.0,0.08099968999158591,0.08099968999158591,0.11064757511485368,9.74071888232,0.516025929417,0.00270667196467,0.09135865186009201,8.022e-06,0.022326639,1.788e-06,0.022205388,0,0,0,6.1498e-05,7,2,0,0,7,0,0,0,0
cohort_1,25,offset_c0.2,2,cartesian_ik,,1.0,0.038415323942899704,0.038415323942899704,0.06791970506310463,4.90302991916,0.440516858732,0.0192654655785,0.11560017934478813,1.1335e-05,0.00603487,3.304e-06,0.005802521,0,0,0,0.000121271,6,5,0,0,6,0,0,0,0
cohort_1,25,offset_c0.2,3,cartesian_ik,,1.0,0.13290506100747734,0.13290506100747734,0.16277448902837932,8.80850421788,0.610194305566,0.0100838921868,0.09778908398824218,1.0051e-05,0.003150702,1.501e-06,0.003026461,0,0,0,7.0378e-05,2,2,0,0,2,0,0,0,0
cohort_1,25,offset_c0.2,4,cartesian_ik,,1.0,0.23126491997390985,0.23126491997390985,0.2608619669917971,15.8754706122,1.38339271503,0.0199553549961,0.11606077303231584,4.1641e-05,0.02159763,8.025e-06,0.021064984,0,0,0,0.000267319,9,5,0,0,9,0,0,0,0
cohort_1,25,offset_c0.2,5,cartesian_ik,,1.0,0.12284575402736664,0.12284575402736664,0.15254077513236552,10.4013795061,0.598924414074,0.00983587438885,0.11606072175842864,1.3124e-05,0.004364841,3.376e-06,0.00414439,0,0,0,0.00012984,6,4,0,0,6,0,0,0,0
cohort_1,25,offset_c0.2,6,cartesian_ik,,1.0,0.18426929390989244,0.18426929390989244,0.21373245201539248,12.1534666963,0.937195510364,0.0144930191444,0.07031681448192874,2.6521e-05,0.022851776,4.455e-06,0.022629132,0,0,0,0.000109817,9,6,0,0,9,0,0,0,0
cohort_1,25,offset_c0.2,7,cartesian_ik,,1.0,0.057120215031318367,0.057120215031318367,0.08645279298070818,4.83097699616,0.57189312599,0.0196260232865,0.11578803318469778,9.771e-06,0.010934097,1.705e-06,0.010867771,0,0,0,2.9593e-05,3,1,0,0,3,0,0,0,0
cohort_1,25,offset_c0.2,8,cartesian_ik,,1.0,0.18734113802202046,0.18734113802202046,0.21695681905839592,13.8450798383,1.37461820278,0.0197490056423,0.08174337494414902,2.8968e-05,0.001669053,2.074e-06,0.001534088,0,0,0,8.9382e-05,1,1,0,0,1,0,0,0,0
cohort_1,25,offset_c0.2,9,cartesian_ik,,1.0,0.13500126905273646,0.13500126905273646,0.16480131004936993,10.8608143059,0.755993732624,0.0193656643961,0.11266455034066718,1.4829e-05,0.032603219,5.072e-06,0.03199673,0,0,0,0.000393272,23,12,0,0,23,0,0,0,0
cohort_1,25,offset_c0.2,0,joint_projected,,1.0,0.14786480995826423,0.14786480995826423,0.17736187996342778,10.6774690446,0.880125727941,0.0173179129796,0.10796253589833024,0.008803873,0.000467703,0.000102869,0,0.008670814,8.1103e-05,1.6858e-05,0.000141635,21,4,0,0,0,15,3,13,0
cohort_1,25,offset_c0.2,1,joint_projected,,1.0,0.15681851794943213,0.15681851794943213,0.18669631716329604,12.6271652442,1.09434928184,0.0197723082913,0.11536079388499908,0.022857148,0.000241139,4.6238e-05,0,0.022728727,7.387e-05,7.245e-06,8.9438e-05,19,6,0,0,0,17,1,11,0
cohort_1,25,offset_c0.2,2,joint_projected,,1.0,0.07727692893240601,0.07727692893240601,0.10670339898206294,4.69579204417,0.346870972288,0.00267953170541,0.0902352196472582,0.017554491,0.000278023,6.2915e-05,0,0.017326718,0.000131671,9.658e-06,0.000102409,18,1,0,0,0,16,2,13,0
cohort_1,25,offset_c0.2,3,joint_projected,,1.0,0.17212480306625366,0.17212480306625366,0.2017505920957774,14.0149720027,1.44929271957,0.0192873162645,0.07521895851977314,0.011163929,0.000256657,4.4833e-05,0,0.011048428,6.6466e-05,6.712e-06,0.000112443,11,3,0,0,0,15,2,4,0
cohort_1,25,offset_c0.2,4,joint_projected,,1.0,0.06590827798936516,0.06590827798936516,0.09522009803913534,2.27375339508,0.478139812817,0.0191946198459,0.09749824329991756,0.029133798,0.001058301,0.000266629,0,0.028942253,0.00012496,3.3169e-05,0.000277983,106,21,0,0,0,17,16,47,0
cohort_1,25,offset_c0.2,5,joint_projected,,1.0,0.11182540305890143,0.11182540305890143,0.14131403504870832,9.08835354225,0.567262786965,0.0201320310932,0.10508937907956603,0.036387078,0.000233035,4.9955e-05,0,0.036290893,5.8632e-05,8.832e-06,7.8357e-05,19,3,0,0,0,20,1,14,0
cohort_1,25,offset_c0.2,6,joint_projected,,1.0,0.06676698697265238,0.06676698697265238,0.09658556000795215,10.2695193105,0.62021328575,0.0189880280621,0.10650692749078644,0.01547049,3.681e-05,5.128e-06,0,0.015410662,3.7645e-05,5.02e-07,1.8691e-05,1,1,0,0,0,17,0,0,0
cohort_1,25,offset_c0.2,7,joint_projected,,1.0,0.07139797497075051,0.07139797497075051,0.10182813205756247,4.84285514964,0.381436672322,0.0170994003077,0.11182727584664287,0.029474974,9.4969e-05,1.7222e-05,0,0.029383214,4.8399e-05,1.563e-06,3.9671e-05,5,2,0,0,0,18,0,1,0
cohort_1,25,offset_c0.2,8,joint_projected,,1.0,0.04069932200945914,0.04069932200945914,0.07041765796020627,2.77669678935,0.468063630533,0.0172633618761,0.09305861799691982,0.009985604,0.00146025,0.000354768,0,0.009903081,4.8239e-05,4.8467e-05,0.000411889,156,33,0,0,0,16,17,69,0
cohort_1,25,offset_c0.2,9,joint_projected,,1.0,0.1626547429477796,0.1626547429477796,0.1930707530118525,11.6198626314,1.13068823659,0.0198628605335,0.11413540590672434,0.06318344,9.7556e-05,9.564e-06,0,0.06305744,6.9735e-05,9.84e-07,6.3434e-05,2,2,0,0,0,18,0,0,0
cohort_1,25,offset_c0.2,0,ompl_uniform,,1.0,0.17056294600479305,0.17056294600479305,0.17209737794473767,15.3294955599,1.48698141133,0.0196145518601,0.11577002756901507,,,,,,,,,,,,,,,,,
cohort_1,25,offset_c0.2,1,ompl_uniform,,1.0,0.1241442640312016,0.1241442640312016,0.12555438291747123,14.1631940144,2.25725925871,0.0195979774302,0.1164036538361901,,,,,,,,,,,,,,,,,
cohort_1,25,offset_c0.2,2,ompl_uniform,,1.0,0.12566023599356413,0.12566023599356413,0.12675779697019607,11.5080652987,1.7837090123,0.00698565913101,0.11593453246109327,,,,,,,,,,,,,,,,,
cohort_1,25,offset_c0.2,3,ompl_uniform,,1.0,0.20520850701723248,0.20520850701723248,0.20648554502986372,13.2188166088,3.14304606873,0.0193110443324,0.11591973191383491,,,,,,,,,,,,,,,,,
cohort_1,25,offset_c0.2,4,ompl_uniform,,1.0,0.18246145802550018,0.18246145802550018,0.18361114896833897,11.6078394948,1.96996363998,0.0198666360477,0.1160422311325184,,,,,,,,,,,,,,,,,
cohort_1,25,offset_c0.2,5,ompl_uniform,,1.0,0.16672935895621777,0.16672935895621777,0.1680181510746479,11.943761558,1.63528798107,0.0158305837911,0.11564821972184698,,,,,,,,,,,,,,,,,
cohort_1,25,offset_c0.2,6,ompl_uniform,,1.0,0.14240923803299665,0.14240923803299665,0.14354706893209368,12.4109666865,2.54407874946,0.0133825793679,0.09505386830261318,,,,,,,,,,,,,,,,,
cohort_1,25,offset_c0.2,7,ompl_uniform,,1.0,0.16249353904277086,0.16249353904277086,0.16380720806773752,12.6196335307,1.86513674497,0.0195420286147,0.09196961783068573,,,,,,,,,,,,,,,,,
cohort_1,25,offset_c0.2,8,ompl_uniform,,1.0,0.17895645508542657,0.17895645508542657,0.18034233595244586,11.1420776073,1.86832948747,0.0197896359157,0.09398470488387757,,,,,,,,,,,,,,,,,
cohort_1,25,offset_c0.2,9,ompl_uniform,,1.0,0.1712811569450423,0.1712811569450423,0.17253575299400836,12.4243578159,2.24915694554,0.0192459154549,0.1157536997345444,,,,,,,,,,,,,,,,,
cohort_1,26,offset_c0.2,0,cartesian_ik,,1.0,0.15297411405481398,0.15297411405481398,0.17497539496980608,9.10167294345,0.674456472993,0.018329743399,0.1229398051460153,2.8326e-05,0.027327026,8.26e-06,0.026573597,0,0,0,0.000498711,11,7,0,0,11,0,0,0,0
cohort_1,26,offset_c0.2,1,cartesian_ik,,1.0,0.1961123829241842,0.1961123829241842,0.21963346400298178,13.1774327216,1.12376462278,0.018965413577,0.096916078063931,2.3438e-05,0.004447436,2.848e-06,0.004244803,0,0,0,0.000136563,4,2,0,0,4,0,0,0,0
cohort_1,26,offset_c0.2,2,cartesian_ik,,1.0,0.04411943908780813,0.04411943908780813,0.06647392001468688,5.75459012264,0.583311745338,0.0186173571467,0.10453924018017319,1.2532e-05,0.007568473,3.651e-06,0.007252551,0,0,0,0.000198112,9,5,0,0,9,0,0,0,0
cohort_1,26,offset_c0.2,3,cartesian_ik,,1.0,0.12496588798239827,0.12496588798239827,0.1470601879991591,13.0260440671,1.08161083557,0.0191966927594,0.12436635928814697,1.0966e-05,0.013047659,3.768e-06,0.012617605,0,0,0,0.000256642,12,8,0,0,12,0,0,0,0
cohort_1,26,offset_c0.2,4,cartesian_ik,,1.0,0.25779270101338625,0.25779270101338625,0.280492894933559,16.5637985772,1.44366865262,0.0190452348712,0.11343650071793504,2.1545e-05,0.035053704,6.634e-06,0.034486823,0,0,0,0.000329938,21,15,0,0,21,0,0,0,0
cohort_1,26,offset_c0.2,5,cartesian_ik,,1.0,0.24411337601486593,0.24411337601486593,0.26665992208290845,14.6819298215,1.25998699029,0.00240264689397,0.12129143212096923,1.2559e-05,0.010821439,7.391e-06,0.009868867,0,0,0,0.000726134,7,4,0,0,7,0,0,0,0
cohort_1,26,offset_c0.2,6,cartesian_ik,,1.0,0.07939207996241748,0.07939207996241748,0.10200598102528602,6.09378639014,0.635421829789,0.00763986116855,0.09335551412954227,2.7031e-05,0.016932266,6.376e-06,0.016512284,0,0,0,0.000256325,7,3,0,0,7,0,0,0,0
cohort_1,26,offset_c0.2,7,cartesian_ik,,1.0,0.15763487794902176,0.15763487794902176,0.17944801691919565,6.13290800527,0.588768471069,0.0183633380862,0.1457204540443845,2.3005e-05,0.025715494,4.282e-06,0.025493108,0,0,0,0.000116431,7,1,0,0,7,0,0,0,0
cohort_1,26,offset_c0.2,8,cartesian_ik,,1.0,0.09117342601530254,0.09117342601530254,0.11298066598828882,7.13077842902,0.583948190058,0.0187794261842,0.13584923878719493,4.6789e-05,0.015378367,5.92e-06,0.015048999,0,0,0,0.000175397,6,2,0,0,6,0,0,0,0
cohort_1,26,offset_c0.2,9,cartesian_ik,,1.0,0.14108749199658632,0.14108749199658632,0.16319499793462455,12.7181600555,1.16989218171,0.0190232686762,0.1023290552266978,3.8727e-05,0.004793378,1.717e-06,0.004720393,0,0,0,3.1258e-05,1,1,0,0,1,0,0,0,0
cohort_1,26,offset_c0.2,0,joint_projected,,1.0,0.3262727319961414,0.3262727319961414,0.34854604804422706,16.656736078,0.937784102627,0.0112401488812,0.09230131009316692,0.025673747,0.000954649,0.000189406,0,0.025507365,0.000105504,2.5924e-05,0.000405969,93,12,0,0,0,17,11,44,0
cohort_1,26,offset_c0.2,1,joint_projected,,1.0,0.12875185802113265,0.12875185802113265,0.15085264306981117,7.87331161047,0.638329594037,0.0168803209925,0.12736978077348216,0.049577969,0.000150294,2.0689e-05,0,0.04942617,8.2554e-05,3.115e-06,6.9748e-05,8,6,0,0,0,19,0,2,0
cohort_1,26,offset_c0.2,2,joint_projected,,1.0,0.10822988802101463,0.10822988802101463,0.13029377395287156,5.3506676187,0.513069982334,0.00861988820192,0.12221409554174643,0.018635838,0.000269436,6.4389e-05,0,0.018441569,0.000125933,7.758e-06,7.9623e-05,21,5,0,0,0,15,4,10,0
cohort_1,26,offset_c0.2,3,joint_projected,,1.0,0.2603088730247691,0.2603088730247691,0.28347804106306285,15.7554133877,1.09196608479,0.00833174175672,0.11745303589235274,0.016171065,0.00153111,0.000326541,0,0.016081899,5.4015e-05,4.9278e-05,0.00052084,164,33,0,0,0,16,14,81,0
cohort_1,26,offset_c0.2,4,joint_projected,,1.0,0.0577171960612759,0.0577171960612759,0.08000239101238549,7.64340567414,0.667881008401,0.0187123623456,0.14075643151304026,0.018148652,0.000791025,0.000192367,0,0.018059417,5.4254e-05,2.6563e-05,0.000239788,95,13,0,0,0,16,15,51,0
cohort_1,26,offset_c0.2,5,joint_projected,,1.0,0.10530180600471795,0.10530180600471795,0.12752895604353398,6.78019700884,0.57289939607,0.0169356081005,0.1322174727623261,0.025013391,5.1404e-05,8.734e-06,0,0.024879801,7.5036e-05,1.05e-06,2.4872e-05,2,1,0,0,0,17,0,1,0
cohort_1,26,offset_c0.2,6,joint_projected,,1.0,0.13946205796673894,0.13946205796673894,0.16165960708167404,10.9357804029,0.946772231021,0.0190294843983,0.1185976365705164,0.022778923,0.000402822,0.000109784,0,0.022571645,0.000133429,1.3596e-05,0.000103287,49,7,0,0,0,15,4,24,0
cohort_1,26,offset_c0.2,7,joint_projected,,1.0,0.12174946698360145,0.12174946698360145,0.14363044500350952,7.04902743163,0.55572228681,0.00261064859519,0.1056841808716128,0.019845938,0.000167209,3.8047e-05,0,0.019754231,4.6441e-05,4.958e-06,6.2192e-05,13,2,0,0,0,17,1,9,0
cohort_1,26,offset_c0.2,8,joint_projected,,1.0,0.30096013098955154,0.30096013098955154,0.3236243820283562,19.4925937903,1.35183885133,0.00862145313423,0.10001022489864046,0.017738732,0.004108963,0.000837276,0,0.017583023,9.1476e-05,0.000137304,0.001469486,449,104,0,0,0,16,50,240,0
cohort_1,26,offset_c0.2,9,joint_projected,,1.0,0.13251632393803447,0.13251632393803447,0.15496664808597416,12.4579836106,1.04606891169,0.00939091531411,0.06358704431190784,0.024090989,0.000540121,0.000126262,0,0.023909067,0.000106519,1.7841e-05,0.000175706,36,5,0,0,0,16,7,18,0
cohort_1,26,offset_c0.2,0,ompl_uniform,,1.0,0.19636865600477904,0.19636865600477904,0.197623995016329,14.2174851712,1.58840296662,0.0193201451769,0.13099564353068227,,,,,,,,,,,,,,,,,
cohort_1,26,offset_c0.2,1,ompl_uniform,,1.0,0.19138277403544635,0.19138277403544635,0.1925591209437698,12.1027010064,1.89483840857,0.0191956271537,0.1570113045296501,,,,,,,,,,,,,,,,,
cohort_1,26,offset_c0.2,2,ompl_uniform,,1.0,0.2436735889641568,0.2436735889641568,0.24604146310593933,20.7169612637,2.74189698335,0.0133463854741,0.1284642755195788,,,,,,,,,,,,,,,,,
cohort_1,26,offset_c0.2,3,ompl_uniform,,1.0,0.08401224995031953,0.08401224995031953,0.08523000800050795,13.4033215139,2.22405921396,0.0183801217442,0.15701150328677368,,,,,,,,,,,,,,,,,
cohort_1,26,offset_c0.2,4,ompl_uniform,,1.0,0.14483448001556098,0.14483448001556098,0.14620789198670536,14.9668648608,1.64500873707,0.0188206735223,0.14216678278756456,,,,,,,,,,,,,,,,,
cohort_1,26,offset_c0.2,5,ompl_uniform,,1.0,0.21048722905106843,0.21048722905106843,0.21207101794425398,14.0764968656,3.88909263595,0.0191098854437,0.15580734502586177,,,,,,,,,,,,,,,,,
cohort_1,26,offset_c0.2,6,ompl_uniform,,1.0,0.17222641699481755,0.17222641699481755,0.1735780459130183,12.9687693957,1.40452205554,0.0187003931876,0.1508495972283669,,,,,,,,,,,,,,,,,
cohort_1,26,offset_c0.2,7,ompl_uniform,,1.0,0.24071343801915646,0.24071343801915646,0.24194001406431198,13.6384273488,1.95165267605,0.0189032512463,0.1380269218585453,,,,,,,,,,,,,,,,,
cohort_1,26,offset_c0.2,8,ompl_uniform,,1.0,0.10769883601460606,0.10769883601460606,0.10880450601689517,11.3607611241,0.937935359014,0.0191433084623,0.14368830673897967,,,,,,,,,,,,,,,,,
cohort_1,26,offset_c0.2,9,ompl_uniform,,1.0,0.19758358993567526,0.19758358993567526,0.1988453509984538,14.6698789979,2.67968134879,0.018887479452,0.09457532066867393,,,,,,,,,,,,,,,,,
cohort_1,27,offset_c0.2,0,cartesian_ik,,1.0,0.13372398307546973,0.13372398307546973,0.15593009407166392,8.29088641423,0.630091824028,0.0530535500581,0.11040965900785588,2.1625e-05,0.000417616,1.573e-06,0.000345273,0,0,0,3.3013e-05,1,1,0,0,1,0,0,0,0
cohort_1,27,offset_c0.2,1,cartesian_ik,,1.0,0.0927225990453735,0.0927225990453735,0.11525733408052474,7.44262842801,0.446198780658,0.0196418979393,0.11040965900785588,3.2181e-05,0.00107425,2.996e-06,0.000867487,0,0,0,0.000116669,2,2,0,0,2,0,0,0,0
cohort_1,27,offset_c0.2,2,cartesian_ik,,1.0,0.1039255850482732,0.1039255850482732,0.1262694800971076,5.17348212308,0.4571989677,0.0180263775076,0.10511269933149991,2.4306e-05,0.004901404,2.331e-06,0.00476645,0,0,0,6.944e-05,2,2,0,0,2,0,0,0,0
cohort_1,27,offset_c0.2,3,cartesian_ik,,1.0,0.09282163705211133,0.09282163705211133,0.11502116406336427,8.58604101109,0.621688337951,0.0408607579713,0.11040965900785588,2.6542e-05,0.019264614,3.884e-06,0.018983927,0,0,0,0.000149368,11,4,0,0,11,0,0,0,0
cohort_1,27,offset_c0.2,4,cartesian_ik,,1.0,0.11718798102810979,0.11718798102810979,0.14158526004757732,5.69908413859,0.500143097427,0.0228612026643,0.11040965900785588,2.5973e-05,0.017729673,4.384e-06,0.017355591,0,0,0,0.000191381,9,5,0,0,9,0,0,0,0
cohort_1,27,offset_c0.2,5,cartesian_ik,,1.0,0.05424476496409625,0.05424476496409625,0.07643646700307727,4.08257679255,0.52153289428,0.0380563721987,0.11035770768439707,1.2143e-05,0.003576869,1.894e-06,0.003396309,0,0,0,0.000112919,4,2,0,0,4,0,0,0,0
cohort_1,27,offset_c0.2,6,cartesian_ik,,1.0,0.11128279997501522,0.11128279997501522,0.13423367904033512,4.48873220358,0.499284353855,0.0325496974187,0.11040965900785588,2.4806e-05,0.000669781,2.453e-06,0.000552146,0,0,0,6.403e-05,1,1,0,0,1,0,0,0,0
cohort_1,27,offset_c0.2,7,cartesian_ik,,1.0,0.0827848359476775,0.0827848359476775,0.10483981901779771,4.38997464605,0.705358432735,0.0480322127584,0.11040965900785588,3.3303e-05,0.007825122,5.422e-06,0.0074762,0,0,0,0.000212405,4,2,0,0,4,0,0,0,0
cohort_1,27,offset_c0.2,8,cartesian_ik,,1.0,0.10427236999385059,0.10427236999385059,0.12622545706108212,4.34535336972,0.397685081752,0.0208250398353,0.11040965900785588,2.5041e-05,0.003338669,2.076e-06,0.00323337,0,0,0,5.2184e-05,1,1,0,0,1,0,0,0,0
cohort_1,27,offset_c0.2,9,cartesian_ik,,1.0,0.09108567098155618,0.09108567098155618,0.1131164749385789,8.5153044459,0.576700557745,0.00330745748692,0.11040965900785588,1.9477e-05,0.002320649,2.229e-06,0.00214776,0,0,0,0.00011528,1,1,0,0,1,0,0,0,0
cohort_1,27,offset_c0.2,0,joint_projected,,1.0,0.12907998403534293,0.12907998403534293,0.15205909498035908,12.7553537727,0.945303545345,0.0146637618928,0.09708772702561787,0.020710423,0.000231014,3.0175e-05,0,0.020620428,5.6026e-05,4.763e-06,0.000122745,12,6,0,0,0,16,1,4,0
cohort_1,27,offset_c0.2,1,joint_projected,,1.0,0.17089781002141535,0.17089781002141535,0.1930699759395793,11.4678400838,0.808545033634,0.0560591932485,0.11040965900785588,0.026711168,0.000118908,3.3332e-05,0,0.026579825,7.0771e-05,5.278e-06,2.7692e-05,8,1,0,0,0,17,0,6,0
cohort_1,27,offset_c0.2,2,joint_projected,,1.0,0.21303893602453172,0.21303893602453172,0.2355124590685591,15.1461043529,1.24161910396,0.0232743030211,0.11040965900785588,0.022433978,0.000581662,0.000142697,0,0.02212814,0.000189323,1.9923e-05,0.000138038,36,7,0,0,0,17,7,21,0
cohort_1,27,offset_c0.2,3,joint_projected,,1.0,0.14209639595355839,0.14209639595355839,0.1640836449805647,8.95398360408,0.571876488527,0.0325146991168,0.07230274160135079,0.033212246,0.000148091,2.9914e-05,0,0.03307452,7.6521e-05,3.282e-06,5.9539e-05,12,3,0,0,0,17,3,6,0
cohort_1,27,offset_c0.2,4,joint_projected,,1.0,0.06393104000017047,0.06393104000017047,0.08576140506193042,4.66144711239,0.438850045632,0.0151869842213,0.11040965900785588,0.02119309,0.000146426,3.2823e-05,0,0.021053637,8.8651e-05,3.745e-06,4.7745e-05,7,2,0,0,0,17,1,2,0
cohort_1,27,offset_c0.2,5,joint_projected,,1.0,0.10663010401185602,0.10663010401185602,0.12868665694259107,7.2275725039,0.492825644292,0.00444355072692,0.10895394961283865,0.016671794,0.000135395,3.411e-05,0,0.016509009,9.6262e-05,4.838e-06,4.0214e-05,13,1,0,0,0,16,2,8,0
cohort_1,27,offset_c0.2,6,joint_projected,,1.0,0.05876427295152098,0.05876427295152098,0.08070751908235252,2.75638547081,0.470412151691,0.014642803185,0.11032564428050744,0.021870433,0.000408964,0.000106383,0,0.021752463,7.4925e-05,1.2257e-05,0.000106017,56,9,0,0,0,16,7,24,0
cohort_1,27,offset_c0.2,7,joint_projected,,1.0,0.1089836589526385,0.1089836589526385,0.13107283203862607,5.21221502714,0.499757389406,0.00177055857925,0.1083383283242681,0.018754131,0.000107782,2.4152e-05,0,0.018589542,0.000102292,2.475e-06,3.9814e-05,8,2,0,0,0,16,2,3,0
cohort_1,27,offset_c0.2,8,joint_projected,,1.0,0.14188861404545605,0.14188861404545605,0.1639121329644695,9.62573567891,0.574479156031,0.0316812078147,0.11040965900785588,0.031240506,0.000399411,8.7645e-05,0,0.031031352,0.000134504,1.2262e-05,0.000111421,27,10,0,0,0,17,4,13,0
cohort_1,27,offset_c0.2,9,joint_projected,,1.0,0.10713348397985101,0.10713348397985101,0.12920826801564544,3.7674339499,0.506809206882,0.00225079607542,0.08271562643781336,0.028861113,0.000840423,0.000180645,0,0.028637921,0.000138933,2.7439e-05,0.000271957,41,10,0,0,0,17,5,22,0
cohort_1,27,offset_c0.2,0,ompl_uniform,,1.0,0.16867132403422147,0.16867132403422147,0.17024099605623633,12.8914163944,1.43423462459,0.0304157305223,0.10232393162248757,,,,,,,,,,,,,,,,,
cohort_1,27,offset_c0.2,1,ompl_uniform,,1.0,0.21323802694678307,0.21323802694678307,0.2144459580304101,14.5781308048,2.14205207411,0.0110821612407,0.10498712907308132,,,,,,,,,,,,,,,,,
cohort_1,27,offset_c0.2,2,ompl_uniform,,1.0,0.1836678859544918,0.1836678859544918,0.18505898397415876,13.0840142559,3.11803087053,0.0508213298389,0.11040965900785588,,,,,,,,,,,,,,,,,
cohort_1,27,offset_c0.2,3,ompl_uniform,,1.0,0.1097803961019963,0.1097803961019963,0.11125813098624349,12.8148182293,0.929547854104,0.00889137752303,0.11040965900785588,,,,,,,,,,,,,,,,,
cohort_1,27,offset_c0.2,4,ompl_uniform,,1.0,0.1665321009932086,0.1665321009932086,0.16766096896026284,13.6430256732,3.38318213927,0.00950959967849,0.10197335065474411,,,,,,,,,,,,,,,,,
cohort_1,27,offset_c0.2,5,ompl_uniform,,1.0,0.12723679596092552,0.12723679596092552,0.12870336894411594,11.9782336989,3.45302243701,0.0155551224995,0.1082651056888819,,,,,,,,,,,,,,,,,
cohort_1,27,offset_c0.2,6,ompl_uniform,,1.0,0.10709295503329486,0.10709295503329486,0.10859256004914641,12.34659512,1.215651219,0.0359555611464,0.11040965900785588,,,,,,,,,,,,,,,,,
cohort_1,27,offset_c0.2,7,ompl_uniform,,1.0,0.16332186898216605,0.16332186898216605,0.16446104389615357,15.2273252468,1.27332532421,0.0175674890775,0.11040965900785588,,,,,,,,,,,,,,,,,
cohort_1,27,offset_c0.2,8,ompl_uniform,,1.0,0.19112356193363667,0.19112356193363667,0.19239733193535358,12.6090829594,1.7603794772,0.0412743450317,0.11040965900785588,,,,,,,,,,,,,,,,,
cohort_1,27,offset_c0.2,9,ompl_uniform,,1.0,0.329052021028474,0.329052021028474,0.33043012500274926,18.4140760407,3.86605388954,0.00525455234118,0.09553148481838156,,,,,,,,,,,,,,,,,
cohort_1,28,offset_c0.2,0,cartesian_ik,,1.0,0.13833754195366055,0.13833754195366055,0.1731524480273947,12.4962635235,1.27911820241,0.0264824463846,0.08869105553424364,4.9414e-05,0.001121863,2.573e-06,0.000988527,0,0,0,7.0796e-05,1,1,0,0,1,0,0,0,0
cohort_1,28,offset_c0.2,1,cartesian_ik,,1.0,0.12429409404285252,0.12429409404285252,0.15926391200628132,4.82897304294,0.515057471503,0.016682791534,0.10973435624899656,2.7052e-05,0.00300553,2.449e-06,0.002851411,0,0,0,8.8196e-05,2,2,0,0,2,0,0,0,0
cohort_1,28,offset_c0.2,2,cartesian_ik,,1.0,0.10037818399723619,0.10037818399723619,0.13512118894141167,4.3620134501,0.482328602954,0.00894769783576,0.09398637664185044,2.5821e-05,0.023335006,6.519e-06,0.022949722,0,0,0,0.000211583,10,5,0,0,10,0,0,0,0
cohort_1,28,offset_c0.2,3,cartesian_ik,,1.0,0.2292217540089041,0.2292217540089041,0.2643443458946422,13.7435478693,1.01296030465,0.00381873312539,0.09829213227025047,4.5058e-05,0.026795532,8.033e-06,0.026246454,0,0,0,0.000291145,8,4,0,0,8,0,0,0,0
cohort_1,28,offset_c0.2,4,cartesian_ik,,1.0,0.2607185939559713,0.2607185939559713,0.2955265549244359,13.7360782833,1.3511663341,0.0315003044244,0.12255007091896397,2.5132e-05,0.005133318,2.294e-06,0.005018477,0,0,0,6.3112e-05,1,1,0,0,1,0,0,0,0
cohort_1,28,offset_c0.2,5,cartesian_ik,,1.0,0.08179219998419285,0.08179219998419285,0.11810525495093316,6.88786857415,0.713348558429,0.0153009343036,0.09280674457955776,1.2338e-05,0.017709273,4.288e-06,0.017257597,0,0,0,0.000285608,11,8,0,0,11,0,0,0,0
cohort_1,28,offset_c0.2,6,cartesian_ik,,1.0,0.20934971095994115,0.20934971095994115,0.2452186548616737,14.5075706241,1.42379679199,0.0319479681883,0.10903369255231773,5.3979e-05,0.014159565,7.427e-06,0.013680215,0,0,0,0.000262102,9,7,0,0,9,0,0,0,0
cohort_1,28,offset_c0.2,7,cartesian_ik,,1.0,0.04915922204963863,0.04915922204963863,0.0848444668808952,5.05507867091,0.532142481041,0.0208630806108,0.12376575404400361,1.3301e-05,0.014262371,2.414e-06,0.014131229,0,0,0,6.6562e-05,6,3,0,0,6,0,0,0,0
cohort_1,28,offset_c0.2,8,cartesian_ik,,1.0,0.18400531995575875,0.18400531995575875,0.21896392502821982,14.2257621092,0.846849904249,0.00599410649097,0.08305994756212948,1.3487e-05,0.019970883,3.759e-06,0.019607885,0,0,0,0.000205922,12,8,0,0,12,0,0,0,0
cohort_1,28,offset_c0.2,9,cartesian_ik,,1.0,0.2742315320065245,0.2742315320065245,0.3094988779630512,14.8765633609,0.936194139248,0.0146156226337,0.10307271478398755,1.315e-05,0.025758602,7.261e-06,0.025097456,0,0,0,0.000400446,17,13,0,0,17,0,0,0,0
cohort_1,28,offset_c0.2,0,joint_projected,,1.0,0.16706354601774365,0.16706354601774365,0.2022336198715493,13.6627431193,1.04626829377,0.00750152009683,0.08664250994442983,0.034886142,0.000269456,6.8762e-05,0,0.034687204,0.0001126,9.553e-06,6.5889e-05,29,5,0,0,0,17,2,19,0
cohort_1,28,offset_c0.2,1,joint_projected,,1.0,0.14120294305030257,0.14120294305030257,0.1760292819235474,5.04103170042,0.572423900247,0.0109150597906,0.08448640084241277,0.032824314,0.000665875,0.000138379,0,0.032715805,5.8345e-05,2.1779e-05,0.000230577,70,15,0,0,0,17,3,39,0
cohort_1,28,offset_c0.2,2,joint_projected,,1.0,0.09330196399241686,0.09330196399241686,0.1281442289473489,4.15279434649,0.593153272971,0.0157327165421,0.10917131939971886,0.035903203,0.00083893,0.000189862,0,0.035592824,0.000199853,3.0952e-05,0.000218822,50,15,0,0,0,18,5,28,0
cohort_1,28,offset_c0.2,3,joint_projected,,1.0,0.144561126944609,0.144561126944609,0.18028876197058707,9.30174677701,0.735613133534,0.018705291106,0.12268548092250854,0.04295094,0.001010088,0.000251041,0,0.042643097,0.000192304,3.1417e-05,0.000279671,26,5,0,0,0,17,6,11,0
cohort_1,28,offset_c0.2,4,joint_projected,,1.0,0.39176299108657986,0.39176299108657986,0.42684873996768147,21.9776341449,1.2995947854,0.0139535556487,0.11669055829718043,0.020585974,0.000616732,0.000122725,0,0.020460894,7.5939e-05,1.7894e-05,0.000227217,59,11,0,0,0,16,7,32,0
cohort_1,28,offset_c0.2,5,joint_projected,,1.0,0.14812571299262345,0.14812571299262345,0.18374212400522083,13.091969666,1.30889047976,0.0318554166604,0.10348117920121612,0.007323729,0.000549158,0.000145377,0,0.007236305,5.6806e-05,1.8832e-05,0.000145913,34,4,0,0,0,15,4,18,0
cohort_1,28,offset_c0.2,6,joint_projected,,1.0,0.11641306208912283,0.11641306208912283,0.15267627697903663,10.4891813532,0.992670196568,0.00258983677456,0.0779844730939655,0.020113244,0.001091981,0.000216396,0,0.019903821,0.000131572,2.8361e-05,0.0004415,105,22,0,0,0,16,9,43,0
cohort_1,28,offset_c0.2,7,joint_projected,,1.0,0.15486969705671072,0.15486969705671072,0.18967804091516882,6.90760744793,0.560979028937,0.00866400581119,0.0855355559534517,0.02416947,0.000337558,6.9795e-05,0,0.023934376,0.000136996,1.1318e-05,0.000121787,19,5,0,0,0,16,2,10,0
cohort_1,28,offset_c0.2,8,joint_projected,,1.0,0.15636490797623992,0.15636490797623992,0.19208343198988587,10.7669716095,1.06423374342,0.00843916639955,0.058959719079220034,0.017169301,0.00067591,0.000136722,0,0.017021741,8.892e-05,1.8605e-05,0.000245261,45,12,0,0,0,16,6,19,0
cohort_1,28,offset_c0.2,9,joint_projected,,1.0,0.0971732750767842,0.0971732750767842,0.13212577102240175,11.3847566094,0.66034230465,0.024118422566,0.11581325286345193,0.011632708,0.000268674,5.1889e-05,0,0.011542667,5.3148e-05,7.788e-06,8.7659e-05,21,8,0,0,0,16,3,10,0
cohort_1,28,offset_c0.2,0,ompl_uniform,,1.0,0.14259778405539691,0.14259778405539691,0.1439816450001672,12.7732440697,2.43449396104,0.0319776255288,0.14051220298579375,,,,,,,,,,,,,,,,,
cohort_1,28,offset_c0.2,1,ompl_uniform,,1.0,0.1360935471020639,0.1360935471020639,0.13726009603124112,13.6265680605,0.960539528071,0.0248792155616,0.1029334228759091,,,,,,,,,,,,,,,,,
cohort_1,28,offset_c0.2,2,ompl_uniform,,1.0,0.16192490106914192,0.16192490106914192,0.16316126892343163,13.5487443597,0.744699311749,0.0175452557926,0.09889996281045688,,,,,,,,,,,,,,,,,
cohort_1,28,offset_c0.2,3,ompl_uniform,,1.0,0.17945083999074996,0.17945083999074996,0.1805161819793284,12.9925770008,2.0805761314,0.0319698230938,0.14673169552530585,,,,,,,,,,,,,,,,,
cohort_1,28,offset_c0.2,4,ompl_uniform,,1.0,0.10479342902544886,0.10479342902544886,0.105992213007994,11.7634458349,0.732225902053,0.00831476782317,0.11510349056271639,,,,,,,,,,,,,,,,,
cohort_1,28,offset_c0.2,5,ompl_uniform,,1.0,0.16911048302426934,0.16911048302426934,0.1708992780186236,13.0200697588,1.04154955933,0.0236861966776,0.11148500860164882,,,,,,,,,,,,,,,,,
cohort_1,28,offset_c0.2,6,ompl_uniform,,1.0,0.1200885510770604,0.1200885510770604,0.12176773604005575,15.5064649419,3.15408210498,0.0320937223434,0.10013949342486209,,,,,,,,,,,,,,,,,
cohort_1,28,offset_c0.2,7,ompl_uniform,,1.0,0.10381877305917442,0.10381877305917442,0.10516862792428583,13.1054377291,1.66288980621,0.031952841211,0.1416937996934033,,,,,,,,,,,,,,,,,
cohort_1,28,offset_c0.2,8,ompl_uniform,,1.0,0.14050148893147707,0.14050148893147707,0.14199805189855397,13.5098073925,3.36198303485,0.0321255330384,0.14601427873605918,,,,,,,,,,,,,,,,,
cohort_1,28,offset_c0.2,9,ompl_uniform,,1.0,0.1567982480628416,0.1567982480628416,0.15804158290848136,13.721722858,1.47793856861,0.0314023422246,0.15045667746332755,,,,,,,,,,,,,,,,,
cohort_1,29,offset_c0.2,0,cartesian_ik,,1.0,0.183382319053635,0.183382319053635,0.2060539061203599,12.8278451106,0.862890890371,0.000103255847525,0.07128537131259964,1.1227e-05,0.018239201,3.831e-06,0.017868804,0,0,0,0.000204994,15,9,0,0,15,0,0,0,0
cohort_1,29,offset_c0.2,1,cartesian_ik,,1.0,0.2984147910028696,0.2984147910028696,0.32231233606580645,16.0788520909,1.51653734716,0.000328308065556,0.09770484069323293,3.0908e-05,0.056188521,7.718e-06,0.055600964,0,0,0,0.00029383,18,10,0,0,18,0,0,0,0
cohort_1,29,offset_c0.2,2,cartesian_ik,,1.0,0.32452023297082633,0.32452023297082633,0.3473221230087802,18.0172904396,1.46633147295,0.000168055920794,0.09015787152042777,4.2579e-05,0.070199923,1.4899e-05,0.069383731,0,0,0,0.000392405,17,9,0,0,17,0,0,0,0
cohort_1,29,offset_c0.2,3,cartesian_ik,,1.0,0.20693901390768588,0.20693901390768588,0.23037503811065108,13.4268896569,0.912932601128,0.000239121628225,0.07552437332706603,2.1373e-05,0.001507943,2.696e-06,0.001343477,0,0,0,7.977e-05,1,1,0,0,1,0,0,0,0
cohort_1,29,offset_c0.2,4,cartesian_ik,,1.0,0.16550359793473035,0.16550359793473035,0.18827404209878296,14.4749466635,0.835729778255,0.000207769842191,0.07499995723300504,1.3497e-05,0.026055998,2.574e-06,0.025851117,0,0,0,0.000104992,9,5,0,0,9,0,0,0,0
cohort_1,29,offset_c0.2,5,cartesian_ik,,1.0,0.642794554005377,0.642794554005377,0.6668588240863755,27.9248902475,2.08610476501,0.00012974277832,0.08084612369729319,4.9936e-05,0.045458333,8.013e-06,0.044896049,0,0,0,0.000324773,18,9,0,0,18,0,0,0,0
cohort_1,29,offset_c0.2,6,cartesian_ik,,1.0,0.17479596694465727,0.17479596694465727,0.19758505804929882,12.9359654558,0.890155512531,3.48474367759e-05,0.07916100928271708,2.5648e-05,0.015480305,6.27e-06,0.015011778,0,0,0,0.00025348,7,5,0,0,7,0,0,0,0
cohort_1,29,offset_c0.2,7,cartesian_ik,,1.0,0.18122828798368573,0.18122828798368573,0.20590269402600825,14.1104925513,0.966432250809,9.70138461172e-05,0.08084857403649215,2.674e-05,0.024970754,5.595e-06,0.024583314,0,0,0,0.000208612,9,6,0,0,9,0,0,0,0
cohort_1,29,offset_c0.2,8,cartesian_ik,,1.0,0.2196935210376978,0.2196935210376978,0.2426230531418696,17.8271171858,1.48113577694,0.000201202533114,0.07730733061566321,2.6992e-05,0.013722201,5.638e-06,0.013319565,0,0,0,0.000199375,12,9,0,0,12,0,0,0,0
cohort_1,29,offset_c0.2,9,cartesian_ik,,1.0,0.14921976602636278,0.14921976602636278,0.17211888602469116,13.4684324193,0.873604901291,0.000201807327411,0.07368439063630616,1.5553e-05,0.001033796,2.08e-06,0.000947681,0,0,0,4.5316e-05,2,1,0,0,2,0,0,0,0
cohort_1,29,offset_c0.2,0,joint_projected,,1.0,0.19569990097079426,0.19569990097079426,0.2192569290054962,17.1553468277,1.42336867186,2.33441275769e-07,0.07664116885378067,0.015917439,0.000550243,0.000134054,0,0.01582448,5.769e-05,1.8188e-05,0.000122951,64,18,0,0,0,16,7,31,0
cohort_1,29,offset_c0.2,1,joint_projected,,1.0,0.11897185596171767,0.11897185596171767,0.1417509390739724,13.6396825217,0.840622145017,1.47562152247e-05,0.0853295024553502,0.018392788,0.000689228,0.000143838,0,0.018258267,7.8259e-05,2.1605e-05,0.000219986,72,20,0,0,0,16,5,37,0
cohort_1,29,offset_c0.2,2,joint_projected,,1.0,0.17370221996679902,0.17370221996679902,0.19646275497507304,10.4971533862,0.863901874799,0.000194635175388,0.10545452955629747,0.034548636,0.000145597,3.8145e-05,0,0.034377842,8.8922e-05,4.435e-06,4.3323e-05,9,2,0,0,0,18,2,4,0
cohort_1,29,offset_c0.2,3,joint_projected,,1.0,0.18083514203317463,0.18083514203317463,0.20384020707570016,15.8640737297,1.09162893395,4.17127132207e-06,0.08798181737540788,0.010545326,0.000166034,3.9647e-05,0,0.01040635,9.0955e-05,6.05e-06,4.3749e-05,13,2,0,0,0,15,2,8,0
cohort_1,29,offset_c0.2,4,joint_projected,,1.0,0.24182928097434342,0.24182928097434342,0.2651615400100127,19.0994425607,1.37797619928,0.000230002643973,0.07698850432836482,0.024900695,0.000541057,0.00012707,0,0.024762307,7.7798e-05,1.6905e-05,0.000161657,62,13,0,0,0,16,12,30,0
cohort_1,29,offset_c0.2,5,joint_projected,,1.0,0.15717303205747157,0.15717303205747157,0.1800502750556916,12.5814807974,0.641268523207,0.000229970127191,0.07491524914084427,0.027326134,0.000745025,0.000165825,0,0.027116541,0.00011836,2.6125e-05,0.00020386,90,24,0,0,0,16,11,50,0
cohort_1,29,offset_c0.2,6,joint_projected,,1.0,0.1925414940342307,0.1925414940342307,0.21557042805943638,14.5338116638,1.10129016643,0.000143977667257,0.06689118898850811,0.027436811,0.000478839,9.5746e-05,0,0.027330029,6.4994e-05,1.4807e-05,0.00014992,33,12,0,0,0,17,3,17,0
cohort_1,29,offset_c0.2,7,joint_projected,,1.0,0.2129171680426225,0.2129171680426225,0.23594489705283195,15.3778543975,1.36902613452,0.000215928864376,0.07873697232972098,0.028325899,0.000567567,0.000157644,0,0.028042357,0.000185567,2.1233e-05,0.000139568,43,4,0,0,0,17,4,25,0
cohort_1,29,offset_c0.2,8,joint_projected,,1.0,0.23398802895098925,0.23398802895098925,0.25728516606613994,14.6407167324,0.991911573631,0.000141807453895,0.09415943910719853,0.008832242,0.000423141,0.000105275,0,0.00870177,7.5096e-05,1.4848e-05,0.000123677,17,2,0,0,0,15,4,7,0
cohort_1,29,offset_c0.2,9,joint_projected,,1.0,0.18079471099190414,0.18079471099190414,0.20365846308413893,14.1389368847,0.832766586839,7.76312257039e-06,0.06974559826779878,0.013440464,0.001870585,0.000479731,0,0.01328445,0.000100638,6.3748e-05,0.00046356,180,33,0,0,0,15,26,86,0
cohort_1,29,offset_c0.2,0,ompl_uniform,,1.0,0.3187021230114624,0.3187021230114624,0.3201951519586146,23.1210324338,5.15799412908,9.1872633567e-05,0.11635782399795472,,,,,,,,,,,,,,,,,
cohort_1,29,offset_c0.2,1,ompl_uniform,,1.0,0.20655120897572488,0.20655120897572488,0.20789410907309502,14.0173588685,0.821229412472,0.00028524493695,0.11015581154035811,,,,,,,,,,,,,,,,,
cohort_1,29,offset_c0.2,2,ompl_uniform,,1.0,0.396781814051792,0.396781814051792,0.3985804350813851,20.6100169388,3.11020142001,0.000137019700331,0.11636015138971603,,,,,,,,,,,,,,,,,
cohort_1,29,offset_c0.2,3,ompl_uniform,,1.0,0.2680483270669356,0.2680483270669356,0.27051454910542816,14.9345875784,2.27212148829,0.00014415506628,0.10299129153345316,,,,,,,,,,,,,,,,,
cohort_1,29,offset_c0.2,4,ompl_uniform,,1.0,0.19005105004180223,0.19005105004180223,0.1914650769904256,15.2044575258,1.43929752127,2.43071983542e-05,0.10225081006034756,,,,,,,,,,,,,,,,,
cohort_1,29,offset_c0.2,5,ompl_uniform,,1.0,0.3318062899634242,0.3318062899634242,0.3339883800363168,23.5594712951,3.42125480756,0.000231909395213,0.10633553420300626,,,,,,,,,,,,,,,,,
cohort_1,29,offset_c0.2,6,ompl_uniform,,1.0,0.3953136559575796,0.3953136559575796,0.39688848599325866,27.0341800442,2.73082503509,0.000128425414345,0.1035386849977035,,,,,,,,,,,,,,,,,
cohort_1,29,offset_c0.2,7,ompl_uniform,,1.0,0.17598389193881303,0.17598389193881303,0.1776640360476449,10.5840498426,1.00388055659,3.96270153263e-05,0.11659268912744306,,,,,,,,,,,,,,,,,
cohort_1,29,offset_c0.2,8,ompl_uniform,,1.0,0.21528526302427053,0.21528526302427053,0.21679740503896028,15.1447492695,2.3437829555,1.67216799612e-05,0.11611499541835771,,,,,,,,,,,,,,,,,
cohort_1,29,offset_c0.2,9,ompl_uniform,,1.0,0.23063332901801914,0.23063332901801914,0.23199940391350538,18.6233906392,2.70248726719,0.000244836281443,0.08536156873911856,,,,,,,,,,,,,,,,,
cohort_1,30,offset_c0.8,0,cartesian_ik,,1.0,0.10068450402468443,0.10068450402468443,0.12331017304677516,12.0035139568,0.938281841243,0.044136229039,0.07875997958591968,1.8252e-05,0.001514337,2.539e-06,0.001401785,0,0,0,5.2606e-05,2,2,0,0,2,0,0,0,0
cohort_1,30,offset_c0.8,1,cartesian_ik,,1.0,0.2112058800412342,0.2112058800412342,0.2329385249176994,10.4017598369,0.640472480336,0.00787715278773,0.07875997958591968,3.9986e-05,0.033047783,7.406e-06,0.032713977,0,0,0,0.000157551,8,3,0,0,8,0,0,0,0
cohort_1,30,offset_c0.8,2,cartesian_ik,,1.0,0.19542872498277575,0.19542872498277575,0.21742580295540392,13.0118353409,0.842859161742,0.00269190476628,0.07226421489059447,2.3074e-05,0.01583313,4.486e-06,0.015501819,0,0,0,0.000189453,9,6,0,0,9,0,0,0,0
cohort_1,30,offset_c0.8,3,cartesian_ik,,1.0,0.09306245192419738,0.09306245192419738,0.11501709592994303,4.21841215793,0.548294619698,0.0143394390906,0.07875997958591968,2.1833e-05,0.001145773,1.859e-06,0.001065208,0,0,0,3.6797e-05,1,1,0,0,1,0,0,0,0
cohort_1,30,offset_c0.8,4,cartesian_ik,,1.0,0.18075433000922203,0.18075433000922203,0.20257940387818962,11.22978892,0.958460758764,0.0251081114812,0.07875997958591968,1.905e-05,0.025723503,5.117e-06,0.025285892,0,0,0,0.000241251,12,6,0,0,12,0,0,0,0
cohort_1,30,offset_c0.8,5,cartesian_ik,,1.0,0.10523491189815104,0.10523491189815104,0.12685453705489635,13.6439235037,1.77665238558,0.0126509059354,0.07875997958591968,1.9791e-05,0.002219863,1.736e-06,0.002131465,0,0,0,4.7533e-05,1,1,0,0,1,0,0,0,0
cohort_1,30,offset_c0.8,6,cartesian_ik,,1.0,0.14370593696366996,0.14370593696366996,0.16524894395843148,9.29664469414,0.596509328812,0.0233415440135,0.07413348953847464,3.6069e-05,0.015521149,5.625e-06,0.015297827,0,0,0,0.000100678,5,2,0,0,5,0,0,0,0
cohort_1,30,offset_c0.8,7,cartesian_ik,,1.0,0.04538719309493899,0.04538719309493899,0.06829712085891515,4.85963773816,0.589981610696,0.0205261836745,0.07841577144903282,1.0697e-05,0.00107334,1.298e-06,0.000999452,0,0,0,4.3757e-05,2,1,0,0,2,0,0,0,0
cohort_1,30,offset_c0.8,8,cartesian_ik,,1.0,0.07646980998106301,0.07646980998106301,0.09905627986881882,4.58878031684,0.5625559541,0.0268841061228,0.07632677472105427,1.3519e-05,0.025588398,2.818e-06,0.025447816,0,0,0,6.4605e-05,5,2,0,0,5,0,0,0,0
cohort_1,30,offset_c0.8,9,cartesian_ik,,1.0,0.2731474299216643,0.2731474299216643,0.2955114359501749,16.2596919012,0.935464079629,0.0348940165355,0.07875997958591968,2.3675e-05,0.044189199,9.75e-06,0.043321037,0,0,0,0.000501558,17,11,0,0,17,0,0,0,0
cohort_1,30,offset_c0.8,0,joint_projected,,1.0,0.04045527405105531,0.04045527405105531,0.06312751094810665,2.86478470803,0.508683742141,0.00378172573229,0.07816399567142918,0.006913189,8.3144e-05,2.0268e-05,0,0.00679256,7.8963e-05,3.86e-06,2.4898e-05,6,1,0,0,0,15,1,2,0
cohort_1,30,offset_c0.8,1,joint_projected,,1.0,0.22465512400958687,0.22465512400958687,0.24660700699314475,16.532293197,1.28460996781,0.0329852293741,0.07875997958591968,0.033602761,0.000245212,4.6828e-05,0,0.033468346,8.1552e-05,6.029e-06,8.8146e-05,16,6,0,0,0,17,2,7,0
cohort_1,30,offset_c0.8,2,joint_projected,,1.0,0.17549006396438926,0.17549006396438926,0.1973889779765159,13.1421152321,0.932686703993,0.029224285292,0.07875997958591968,0.009461487,0.001852514,0.000502524,0,0.009340811,7.8919e-05,5.8985e-05,0.000523591,32,6,0,0,0,15,5,15,0
cohort_1,30,offset_c0.8,3,joint_projected,,1.0,0.13273895205929875,0.13273895205929875,0.15453912899829447,8.40547390991,0.644915648595,0.0300913250458,0.07875997958591968,0.020206226,0.000289713,7.0214e-05,0,0.020025817,0.000104212,1.0744e-05,7.5705e-05,28,5,0,0,0,16,4,17,0
cohort_1,30,offset_c0.8,4,joint_projected,,1.0,0.23038111999630928,0.23038111999630928,0.26054341497365385,13.2573986471,1.1008604214,0.00538549604373,0.07875997958591968,0.01138698,0.000612165,0.000135176,0,0.011274916,6.8822e-05,1.6753e-05,0.000207811,55,11,0,0,0,16,11,22,0
cohort_1,30,offset_c0.8,5,joint_projected,,1.0,0.33961457503028214,0.33961457503028214,0.3621640648925677,20.4224360893,1.20833298155,0.00772027649109,0.07875997958591968,0.009963366,0.000309875,7.3954e-05,0,0.009901771,3.8936e-05,1.2532e-05,7.6853e-05,30,7,0,0,0,16,5,16,0
cohort_1,30,offset_c0.8,6,joint_projected,,1.0,0.24611800198908895,0.24611800198908895,0.2691058280179277,20.5510079516,1.75768479873,0.0442421404681,0.07875997958591968,0.009191538,0.000485214,0.00011,0,0.009055954,7.6682e-05,1.6787e-05,0.000136311,25,6,0,0,0,15,2,12,0
cohort_1,30,offset_c0.8,7,joint_projected,,1.0,0.1782313829753548,0.1782313829753548,0.20048799191135913,13.642162578,0.82421109788,0.0126791886522,0.07875997958591968,0.01552448,0.000190259,5.0565e-05,0,0.015422604,6.4221e-05,5.675e-06,5.306e-05,22,3,0,0,0,16,7,9,0
cohort_1,30,offset_c0.8,8,joint_projected,,1.0,0.11335836304351687,0.11335836304351687,0.13559882494155318,8.97642763848,0.646719474016,0.0183509583928,0.07875997958591968,0.032967442,0.000529316,9.8469e-05,0,0.032774159,0.000117114,1.5119e-05,0.000203348,41,13,0,0,0,18,5,18,0
cohort_1,30,offset_c0.8,9,joint_projected,,1.0,0.2049700979841873,0.2049700979841873,0.2280904840445146,13.0090198295,1.17860189453,0.0442421404681,0.07875997958591968,0.042801471,0.000204838,4.4933e-05,0,0.042569038,0.000139683,7.339e-06,7.4423e-05,8,2,0,0,0,19,0,5,0
cohort_1,30,offset_c0.8,0,ompl_uniform,,1.0,0.12746502098161727,0.12746502098161727,0.128696721047163,12.0634978946,1.26014896105,0.00715809686329,0.0736833987989909,,,,,,,,,,,,,,,,,
cohort_1,30,offset_c0.8,1,ompl_uniform,,1.0,0.12646093510556966,0.12646093510556966,0.1276826219400391,12.8007592124,1.60166720354,0.0367916380652,0.07875997958591968,,,,,,,,,,,,,,,,,
cohort_1,30,offset_c0.8,2,ompl_uniform,,1.0,0.1316860520746559,0.1316860520746559,0.13277556898538023,14.1380638107,2.3556055142,0.0176535693466,0.06825910973011977,,,,,,,,,,,,,,,,,
cohort_1,30,offset_c0.8,3,ompl_uniform,,1.0,0.12863832607399672,0.12863832607399672,0.12991684104781598,13.5191652893,2.56525142204,0.0442421404681,0.07875997958591968,,,,,,,,,,,,,,,,,
cohort_1,30,offset_c0.8,4,ompl_uniform,,1.0,0.41142907296307385,0.41142907296307385,0.4129071179777384,24.6750101058,4.10524322863,0.0442421404681,0.07875997958591968,,,,,,,,,,,,,,,,,
cohort_1,30,offset_c0.8,5,ompl_uniform,,1.0,0.2736623330274597,0.2736623330274597,0.27513802400790155,20.6187462793,2.20816134925,0.0245391149422,0.07208952223800291,,,,,,,,,,,,,,,,,
cohort_1,30,offset_c0.8,6,ompl_uniform,,1.0,0.16282148601021618,0.16282148601021618,0.16398620000109076,13.030308891,2.45861311488,0.0290746689279,0.07588347155048329,,,,,,,,,,,,,,,,,
cohort_1,30,offset_c0.8,7,ompl_uniform,,1.0,0.11709502502344549,0.11709502502344549,0.11855446896515787,14.1028989361,2.87829805056,0.0245583855911,0.0702744561603841,,,,,,,,,,,,,,,,,
cohort_1,30,offset_c0.8,8,ompl_uniform,,1.0,0.1397814789088443,0.1397814789088443,0.141754662967287,13.732559071,3.77671233607,0.0344912714317,0.0786764652489894,,,,,,,,,,,,,,,,,
cohort_1,30,offset_c0.8,9,ompl_uniform,,1.0,0.16574558604042977,0.16574558604042977,0.1672429940663278,12.5851022268,2.60453165476,0.00746330424029,0.07875997958591968,,,,,,,,,,,,,,,,,
cohort_1,31,offset_c0.8,0,cartesian_ik,,1.0,0.21889694198034704,0.21889694198034704,0.24237736803479493,11.524998002,0.870652184512,0.023342984024,0.1155500517696695,2.0977e-05,0.035470969,6.794e-06,0.034978928,0,0,0,0.000252632,21,10,0,0,21,0,0,0,0
cohort_1,31,offset_c0.8,1,cartesian_ik,,1.0,0.152602119022049,0.152602119022049,0.17629725695587695,9.6139789028,0.762986906551,0.003002579724,0.07016761301244688,2.2155e-05,0.009510817,5.998e-06,0.00909033,0,0,0,0.00026294,3,1,0,0,3,0,0,0,0
cohort_1,31,offset_c0.8,2,cartesian_ik,,1.0,0.07942286203615367,0.07942286203615367,0.1028291709953919,7.62160934002,0.872616564092,0.031671574045,0.08146208347206892,1.2222e-05,0.000798187,1.916e-06,0.000701208,0,0,0,5.1501e-05,1,1,0,0,1,0,0,0,0
cohort_1,31,offset_c0.8,3,cartesian_ik,,1.0,0.21166452404577285,0.21166452404577285,0.23510641301982105,6.71605615689,0.623356449605,0.00187005635165,0.0870735942510512,3.0071e-05,0.082190348,1.3103e-05,0.080912314,0,0,0,0.000770299,32,16,0,0,32,0,0,0,0
cohort_1,31,offset_c0.8,4,cartesian_ik,,1.0,0.21952283196151257,0.21952283196151257,0.24349663697648793,14.6278508254,1.11134942339,0.0101720690647,0.09602216052683235,5.8425e-05,0.01118563,3.273e-06,0.010924224,0,0,0,0.000140973,9,7,0,0,9,0,0,0,0
cohort_1,31,offset_c0.8,5,cartesian_ik,,1.0,0.19384254899341613,0.19384254899341613,0.21777419291902333,13.0943806836,1.24740901181,0.0463699158899,0.1155500517696695,3.3912e-05,0.028159858,1.0512e-05,0.027530958,0,0,0,0.00037429,11,3,0,0,11,0,0,0,0
cohort_1,31,offset_c0.8,6,cartesian_ik,,1.0,0.26726608898025006,0.26726608898025006,0.2907817108789459,12.5796963758,1.0257906133,0.0228048057209,0.1155500517696695,5.8174e-05,0.004371927,5.899e-06,0.004010498,0,0,0,0.00022205,2,2,0,0,2,0,0,0,0
cohort_1,31,offset_c0.8,7,cartesian_ik,,1.0,0.19980021798983216,0.19980021798983216,0.22321351000573486,13.8217628341,1.70659365932,0.044911116668,0.1155500517696695,1.3983e-05,0.007212786,4.219e-06,0.006985687,0,0,0,0.000100086,2,1,0,0,2,0,0,0,0
cohort_1,31,offset_c0.8,8,cartesian_ik,,1.0,0.14561909798067063,0.14561909798067063,0.16950728686060756,9.34835698079,0.716063319498,0.0171421189133,0.09777292381626566,2.3331e-05,0.012886893,6.579e-06,0.012631132,0,0,0,0.000100747,5,2,0,0,5,0,0,0,0
cohort_1,31,offset_c0.8,9,cartesian_ik,,1.0,0.0819328660145402,0.0819328660145402,0.10518109705299139,10.2291214281,0.857657537169,0.0506404026604,0.1155500517696695,2.0727e-05,0.007470338,4.751e-06,0.007015009,0,0,0,0.00028834,11,5,0,0,11,0,0,0,0
cohort_1,31,offset_c0.8,0,joint_projected,,1.0,0.1583596960408613,0.1583596960408613,0.18219431198667735,13.8771580945,0.817731357279,0.0331291839414,0.10549974987034166,0.014830546,0.000479409,9.6548e-05,0,0.0146757,9.4808e-05,1.3303e-05,0.000202773,22,5,0,0,0,15,6,8,0
cohort_1,31,offset_c0.8,1,joint_projected,,1.0,0.12721976602915674,0.12721976602915674,0.15079409594181925,12.0542353818,0.815304391021,0.00550577292756,0.07434782536889467,0.011995674,0.000765084,0.000179685,0,0.011898343,6.3773e-05,2.732e-05,0.000206884,89,18,0,0,0,15,8,48,0
cohort_1,31,offset_c0.8,2,joint_projected,,1.0,0.12478839396499097,0.12478839396499097,0.14814773492980748,9.14896618937,0.772102065945,0.0156928790106,0.09576647782014473,0.020894206,0.000374133,6.8639e-05,0,0.020742632,8.8199e-05,9.972e-06,0.000147766,32,11,0,0,0,17,2,17,0
cohort_1,31,offset_c0.8,3,joint_projected,,1.0,0.13391394598875195,0.13391394598875195,0.1574339489452541,8.06032493462,0.681001664564,0.0253631465351,0.1155500517696695,0.022478854,9.699e-05,1.5244e-05,0,0.022250734,0.000147136,1.656e-06,5.0512e-05,1,1,0,0,0,16,0,0,0
cohort_1,31,offset_c0.8,4,joint_projected,,1.0,0.1493390320101753,0.1493390320101753,0.1728218279313296,12.3165335786,1.10948688995,0.0506404026604,0.1155500517696695,0.027749134,0.000285189,6.1745e-05,0,0.02749341,0.000165029,9.875e-06,8.4135e-05,18,3,0,0,0,15,1,11,0
cohort_1,31,offset_c0.8,5,joint_projected,,1.0,0.19811145099811256,0.19811145099811256,0.22432691894937307,12.6839640789,0.76198779842,0.0301437254995,0.1155500517696695,0.014113152,0.000519068,0.000104503,0,0.013926922,0.0001096,1.4042e-05,0.000192045,21,5,0,0,0,15,2,9,0
cohort_1,31,offset_c0.8,6,joint_projected,,1.0,0.2731333289993927,0.2731333289993927,0.29653679486364126,14.2099528779,0.820476806778,0.0120030673641,0.07739810575681255,0.027418701,0.000517705,9.9035e-05,0,0.027199828,0.000141514,1.5453e-05,0.000210914,33,5,0,0,0,16,4,17,0
cohort_1,31,offset_c0.8,7,joint_projected,,1.0,0.12061000498943031,0.12061000498943031,0.14451924990862608,13.0898363815,1.15360815869,0.0287293564656,0.1155500517696695,0.013212775,0.000157642,3.4006e-05,0,0.013100308,7.0641e-05,4.248e-06,4.7728e-05,16,5,0,0,0,16,4,6,0
cohort_1,31,offset_c0.8,8,joint_projected,,1.0,0.17040390602778643,0.17040390602778643,0.19425001798663288,10.9737447213,0.936550604415,0.0506404026604,0.1155500517696695,0.032882628,0.000386029,8.3551e-05,0,0.032650034,0.00014761,1.4566e-05,0.00011607,14,3,0,0,0,16,1,9,0
cohort_1,31,offset_c0.8,9,joint_projected,,1.0,0.14716355700511485,0.14716355700511485,0.1710717340465635,8.56525385153,0.81573808023,0.019956158416,0.10980238237062974,0.03728774,0.000606712,0.000157384,0,0.036977762,0.000192765,1.7849e-05,0.000165284,32,7,0,0,0,17,8,14,0
cohort_1,31,offset_c0.8,0,ompl_uniform,,1.0,0.15719175490085036,0.15719175490085036,0.1586491649504751,13.4839136777,2.92374442867,0.0506404026604,0.1155500517696695,,,,,,,,,,,,,,,,,
cohort_1,31,offset_c0.8,1,ompl_uniform,,1.0,0.19853966997470707,0.19853966997470707,0.19968315795995295,14.1997150861,2.18968683512,0.0407865214089,0.1155500517696695,,,,,,,,,,,,,,,,,
cohort_1,31,offset_c0.8,2,ompl_uniform,,1.0,0.16009608004242182,0.16009608004242182,0.16129678406286985,14.2234685921,2.36130142685,0.00874879627799,0.09639147674279319,,,,,,,,,,,,,,,,,
cohort_1,31,offset_c0.8,3,ompl_uniform,,1.0,0.16101786703802645,0.16101786703802645,0.16214768204372376,12.9780073733,1.61992908148,0.0180428396521,0.08223426235841931,,,,,,,,,,,,,,,,,
cohort_1,31,offset_c0.8,4,ompl_uniform,,1.0,0.14257253799587488,0.14257253799587488,0.14441218599677086,12.8798616916,2.60208853075,0.0107109057398,0.08886772123054733,,,,,,,,,,,,,,,,,
cohort_1,31,offset_c0.8,5,ompl_uniform,,1.0,0.31162726401817054,0.31162726401817054,0.3126986159477383,12.9004870148,1.46516549482,0.00928480912934,0.10376771608856557,,,,,,,,,,,,,,,,,
cohort_1,31,offset_c0.8,6,ompl_uniform,,1.0,0.23536779603455216,0.23536779603455216,0.2370786169776693,21.0365788095,4.02657976381,0.0251876085452,0.10656547621029604,,,,,,,,,,,,,,,,,
cohort_1,31,offset_c0.8,7,ompl_uniform,,1.0,0.2707535419613123,0.2707535419613123,0.2728974820347503,21.5523754646,2.3603764619,0.00606195683621,0.08087293250250485,,,,,,,,,,,,,,,,,
cohort_1,31,offset_c0.8,8,ompl_uniform,,1.0,0.2609357079491019,0.2609357079491019,0.26253485993947834,20.9088679277,1.96809847135,0.0445817196942,0.1155500517696695,,,,,,,,,,,,,,,,,
cohort_1,31,offset_c0.8,9,ompl_uniform,,1.0,0.18374151398893446,0.18374151398893446,0.18487068195827305,13.1059855536,2.52616712969,0.0371546853234,0.1155500517696695,,,,,,,,,,,,,,,,,
cohort_1,32,offset_c0.8,0,cartesian_ik,,1.0,0.15433735901024193,0.15433735901024193,0.182273019105196,12.9617771674,1.07231506596,0.0193405638517,0.10011269624758053,2.3248e-05,0.010916088,3.384e-06,0.010647671,0,0,0,0.00016691,6,4,0,0,6,0,0,0,0
cohort_1,32,offset_c0.8,1,cartesian_ik,,1.0,0.09626832301728427,0.09626832301728427,0.1237885570153594,14.2078617826,1.55727437366,0.0195216095668,0.10011269624758053,1.2797e-05,0.003750172,1.888e-06,0.00361299,0,0,0,7.7322e-05,4,3,0,0,4,0,0,0,0
cohort_1,32,offset_c0.8,2,cartesian_ik,,1.0,0.13251721998676658,0.13251721998676658,0.16077044897247106,14.0458813226,1.073394788,0.0188020083152,0.10011269624758053,1.9636e-05,0.00049749,1.597e-06,0.000380346,0,0,0,7.3572e-05,1,1,0,0,1,0,0,0,0
cohort_1,32,offset_c0.8,3,cartesian_ik,,1.0,0.09511891903821379,0.09511891903821379,0.12261802807915956,7.79191042188,0.845220041941,0.00568885492051,0.08734238576041599,1.7848e-05,0.002263117,3.526e-06,0.002033224,0,0,0,0.000126275,4,3,0,0,4,0,0,0,0
cohort_1,32,offset_c0.8,4,cartesian_ik,,1.0,0.11720091197639704,0.11720091197639704,0.14507559197954834,4.87063844969,0.527398759145,0.0193165096362,0.09989943849817234,7.973e-06,0.013529436,2.826e-06,0.013366899,0,0,0,7.8564e-05,6,4,0,0,6,0,0,0,0
cohort_1,32,offset_c0.8,5,cartesian_ik,,1.0,0.04594912799075246,0.04594912799075246,0.07365911407396197,6.20281599006,0.55185970286,0.0196902930925,0.10011269624758053,1.3137e-05,0.001454142,1.111e-06,0.001399379,0,0,0,2.4316e-05,1,1,0,0,1,0,0,0,0
cohort_1,32,offset_c0.8,6,cartesian_ik,,1.0,0.06646236998494714,0.06646236998494714,0.09446344000753015,4.45531534961,0.619604524299,0.0193966764303,0.09995399838724917,9.456e-06,0.000822889,1.504e-06,0.000737319,0,0,0,4.2854e-05,1,1,0,0,1,0,0,0,0
cohort_1,32,offset_c0.8,7,cartesian_ik,,1.0,0.10305083997081965,0.10305083997081965,0.1304956970270723,9.9209992182,0.624593904505,0.0188546947822,0.10011269624758053,2.8663e-05,0.015977576,6.369e-06,0.015701916,0,0,0,0.000130745,3,1,0,0,3,0,0,0,0
cohort_1,32,offset_c0.8,8,cartesian_ik,,1.0,0.151215978898108,0.151215978898108,0.17926668701693416,8.98708095824,0.688129280214,0.0188875369678,0.10011269624758053,1.2496e-05,0.001292369,1.551e-06,0.00117985,0,0,0,6.0821e-05,2,2,0,0,2,0,0,0,0
cohort_1,32,offset_c0.8,9,cartesian_ik,,1.0,0.17486349598038942,0.17486349598038942,0.20226884610019624,14.2103394063,1.36385015011,0.016857634124,0.10011269624758053,2.4937e-05,0.008059714,3.523e-06,0.007888352,0,0,0,0.000100372,2,1,0,0,2,0,0,0,0
cohort_1,32,offset_c0.8,0,joint_projected,,1.0,0.0419586329953745,0.0419586329953745,0.0695413260255009,5.72675653037,0.560988917928,0.0193992048533,0.10011269624758053,0.006757013,0.000397703,7.851e-05,0,0.006641228,7.4367e-05,2.4531e-05,0.000162635,19,2,0,0,0,15,5,9,0
cohort_1,32,offset_c0.8,1,joint_projected,,1.0,0.24436732206959277,0.24436732206959277,0.27232536708470434,13.3507144667,0.924959270212,0.0194622893618,0.10011269624758053,0.036533589,0.0005596,0.000121846,0,0.036347108,0.000106863,1.8132e-05,0.000189528,37,5,0,0,0,17,6,21,0
cohort_1,32,offset_c0.8,2,joint_projected,,1.0,0.1495548370294273,0.1495548370294273,0.178120632073842,8.30672016587,0.648500702231,0.0198750982075,0.10011269624758053,0.020839509,7.9613e-05,1.698e-05,0,0.020691071,8.359e-05,2.542e-06,2.6141e-05,6,2,0,0,0,16,0,4,0
cohort_1,32,offset_c0.8,3,joint_projected,,1.0,0.17020106397103518,0.17020106397103518,0.19785313599277288,12.6011047739,1.22354384589,0.0168110181064,0.10011269624758053,0.031546078,0.000172509,2.8705e-05,0,0.031334114,0.000128475,4.362e-06,7.0863e-05,8,4,0,0,0,16,0,4,0
cohort_1,32,offset_c0.8,4,joint_projected,,1.0,0.11718216398730874,0.11718216398730874,0.14473855798132718,7.50658450525,0.685631849971,0.0120764873897,0.09954809315845291,0.014648423,6.1633e-05,1.5616e-05,0,0.014507662,8.8751e-05,1.732e-06,1.7722e-05,4,1,0,0,0,15,0,3,0
cohort_1,32,offset_c0.8,5,joint_projected,,1.0,0.19739092595409602,0.19739092595409602,0.22534460795577615,12.1370458034,0.788509060694,0.0157693346517,0.10011269624758053,0.020446507,0.000202286,5.0662e-05,0,0.020274251,0.000100469,4.513e-06,6.4113e-05,21,4,0,0,0,16,6,7,0
cohort_1,32,offset_c0.8,6,joint_projected,,1.0,0.18651175603736192,0.18651175603736192,0.21443935902789235,12.5715336522,0.614451099083,0.0193414375963,0.10011269624758053,0.013209302,7.7161e-05,2.1418e-05,0,0.013065331,8.9296e-05,1.161e-06,2.6385e-05,3,1,0,0,0,16,0,0,0
cohort_1,32,offset_c0.8,7,joint_projected,,1.0,0.05318464105948806,0.05318464105948806,0.08068276604171842,3.04134112329,0.537161484408,0.0190705709588,0.10011269624758053,0.013641604,0.00041166,0.000111168,0,0.01352397,7.85e-05,1.3093e-05,8.4606e-05,26,4,0,0,0,16,4,14,0
cohort_1,32,offset_c0.8,8,joint_projected,,1.0,0.09660030889790505,0.09660030889790505,0.12436755001544952,2.888355708,0.537039921274,0.0193773886938,0.10011269624758053,0.034022973,0.000258091,6.503e-05,0,0.03349539,0.000344783,8.302e-06,7.1209e-05,11,2,0,0,0,16,3,6,0
cohort_1,32,offset_c0.8,9,joint_projected,,1.0,0.15151847701054066,0.15151847701054066,0.17971729405689985,9.50770997318,0.718175615531,0.0196303449327,0.10011269624758053,0.014950798,0.000113525,2.7586e-05,0,0.014852064,4.8752e-05,3.852e-06,3.0598e-05,11,2,0,0,0,17,1,7,0
cohort_1,32,offset_c0.8,0,ompl_uniform,,1.0,0.14146540802903473,0.14146540802903473,0.14264839701354504,12.2922552777,2.61506643927,0.0195776486726,0.10011269624758053,,,,,,,,,,,,,,,,,
cohort_1,32,offset_c0.8,1,ompl_uniform,,1.0,0.12915519997477531,0.12915519997477531,0.1307674979325384,15.6952308019,3.17858052737,0.0188743313279,0.09975375874420433,,,,,,,,,,,,,,,,,
cohort_1,32,offset_c0.8,2,ompl_uniform,,1.0,0.22920305491425097,0.22920305491425097,0.23071672697551548,13.7951216686,3.47798377708,0.00939784513512,0.09990079440029123,,,,,,,,,,,,,,,,,
cohort_1,32,offset_c0.8,3,ompl_uniform,,1.0,0.26682546304073185,0.26682546304073185,0.268456699908711,14.3277867127,2.91606306195,0.00167017681365,0.0925538416428728,,,,,,,,,,,,,,,,,
cohort_1,32,offset_c0.8,4,ompl_uniform,,1.0,0.16362199594732374,0.16362199594732374,0.16490584705024958,11.9236889735,3.12653688827,0.00348680314804,0.09871962317249804,,,,,,,,,,,,,,,,,
cohort_1,32,offset_c0.8,5,ompl_uniform,,1.0,0.08276274497620761,0.08276274497620761,0.08406477200333029,11.6859991482,2.767729635,0.00199261281414,0.09424136823683958,,,,,,,,,,,,,,,,,
cohort_1,32,offset_c0.8,6,ompl_uniform,,1.0,0.17176995996851474,0.17176995996851474,0.17300587194040418,13.7109365797,2.93963388856,0.0190607431399,0.10011269624758053,,,,,,,,,,,,,,,,,
cohort_1,32,offset_c0.8,7,ompl_uniform,,1.0,0.15282074094284326,0.15282074094284326,0.15400339593179524,13.7425536592,2.90593093821,0.0195186123289,0.10011269624758053,,,,,,,,,,,,,,,,,
cohort_1,32,offset_c0.8,8,ompl_uniform,,1.0,0.17559552192687988,0.17559552192687988,0.17714872292708606,13.5040083889,1.43600694148,0.0189255679631,0.10011269624758053,,,,,,,,,,,,,,,,,
cohort_1,32,offset_c0.8,9,ompl_uniform,,1.0,0.1569286499870941,0.1569286499870941,0.15861975599545985,15.7999155229,2.11640537343,0.0192372352604,0.09338272444746878,,,,,,,,,,,,,,,,,
cohort_1,33,offset_c0.8,0,cartesian_ik,,1.0,0.05557551805395633,0.05557551805395633,0.07798231905326247,3.03210841388,0.449679220713,0.016684366822,0.09441624782372399,2.7516e-05,0.002096609,2.508e-06,0.001960133,0,0,0,7.0279e-05,1,1,0,0,1,0,0,0,0
cohort_1,33,offset_c0.8,1,cartesian_ik,,1.0,0.19007765303831547,0.19007765303831547,0.2127084550447762,13.1427886399,0.986731927741,0.0169870103833,0.09509710948436537,3.4132e-05,0.006140629,2.718e-06,0.005852796,0,0,0,0.000166328,3,3,0,0,3,0,0,0,0
cohort_1,33,offset_c0.8,2,cartesian_ik,,1.0,0.15743017592467368,0.15743017592467368,0.18178979901131243,8.25685848046,0.544486161652,0.0173428226025,0.09518110422120565,5.0591e-05,0.022439484,5.196e-06,0.022259955,0,0,0,7.5173e-05,3,2,0,0,3,0,0,0,0
cohort_1,33,offset_c0.8,3,cartesian_ik,,1.0,0.1395497639896348,0.1395497639896348,0.1619880610378459,5.4933928417,0.719829549906,0.0172911171066,0.09552425277025714,2.2552e-05,0.014243463,3.243e-06,0.013997031,0,0,0,0.000134735,10,9,0,0,10,0,0,0,0
cohort_1,33,offset_c0.8,4,cartesian_ik,,1.0,0.1312607560539618,0.1312607560539618,0.15401988592930138,7.88244109722,0.49374986978,0.0030149059102,0.09510474454744591,2.2706e-05,0.009552822,2.76e-06,0.009232267,0,0,0,0.000178527,6,3,0,0,6,0,0,0,0
cohort_1,33,offset_c0.8,5,cartesian_ik,,1.0,0.3254158030031249,0.3254158030031249,0.3514304111013189,17.9473197362,1.30870468694,0.0148183073615,0.09563708219067807,2.3702e-05,0.047725553,1.5837e-05,0.046487594,0,0,0,0.000641608,16,9,0,0,16,0,0,0,0
cohort_1,33,offset_c0.8,6,cartesian_ik,,1.0,0.0829185489565134,0.0829185489565134,0.1067791860550642,9.37886449434,0.503385443248,0.0164492583801,0.09480218874179894,1.6984e-05,0.00072998,2.162e-06,0.000616972,0,0,0,6.4571e-05,1,1,0,0,1,0,0,0,0
cohort_1,33,offset_c0.8,7,cartesian_ik,,1.0,0.14975716802291572,0.14975716802291572,0.17338960303459316,8.39355031891,0.695835752735,0.000192988491168,0.09551914924208202,2.7319e-05,0.026070609,5.647e-06,0.025638435,0,0,0,0.000222694,10,5,0,0,10,0,0,0,0
cohort_1,33,offset_c0.8,8,cartesian_ik,,1.0,0.17561558994930238,0.17561558994930238,0.20132323110010475,9.34433307003,0.573303687854,0.0167860801413,0.09569419168277196,2.1354e-05,0.001183429,2.625e-06,0.00089091,0,0,0,0.000229575,2,1,0,0,2,0,0,0,0
cohort_1,33,offset_c0.8,9,cartesian_ik,,1.0,0.11126932804472744,0.11126932804472744,0.13392867799848318,7.45495960092,0.536451762432,0.0171897594263,0.09549731636445483,1.8878e-05,0.002052991,1.583e-06,0.001989397,0,0,0,2.7269e-05,1,1,0,0,1,0,0,0,0
cohort_1,33,offset_c0.8,0,joint_projected,,1.0,0.1766876799520105,0.1766876799520105,0.20044086198322475,6.5877241243,0.452740841937,0.016821919423,0.09501026451428951,0.030322827,0.000879249,0.000170466,0,0.030023425,0.000179347,2.5399e-05,0.000370829,27,5,0,0,0,16,5,12,0
cohort_1,33,offset_c0.8,1,joint_projected,,1.0,0.2587442339863628,0.2587442339863628,0.28150093695148826,14.326215706,0.957297080448,0.017504603999,0.09555636842500062,0.037592969,0.000171995,4.372e-05,0,0.037424192,0.000100989,5.433e-06,5.0443e-05,17,2,0,0,0,19,5,8,0
cohort_1,33,offset_c0.8,2,joint_projected,,1.0,0.16088742297142744,0.16088742297142744,0.18384165305178612,14.2778419283,1.27332484955,0.0168634320905,0.09515251361126087,0.018507503,0.000432953,7.8897e-05,0,0.018368028,8.235e-05,1.0218e-05,0.000179144,26,9,0,0,0,16,2,8,0
cohort_1,33,offset_c0.8,3,joint_projected,,1.0,0.0983453739900142,0.0983453739900142,0.12117512198165059,10.8270955925,0.544653057192,0.0149570396513,0.0948529087330201,0.01064204,9.3329e-05,2.0053e-05,0,0.010537428,6.8967e-05,2.599e-06,3.0413e-05,6,2,0,0,0,15,0,3,0
cohort_1,33,offset_c0.8,4,joint_projected,,1.0,0.09008178394287825,0.09008178394287825,0.11367373703978956,4.16581215588,0.579000156623,0.0164885886326,0.09475232220768293,0.013969634,0.001345441,0.000355097,0,0.013772681,0.000122449,4.8817e-05,0.000313028,63,10,0,0,0,15,8,37,0
cohort_1,33,offset_c0.8,5,joint_projected,,1.0,0.1053428299492225,0.1053428299492225,0.129403131082654,4.67731553598,0.596372363321,0.0171699886667,0.0952244116400002,0.023317009,8.5151e-05,1.7584e-05,0,0.023232629,4.6999e-05,1.076e-06,4.249e-05,5,1,0,0,0,16,0,0,0
cohort_1,33,offset_c0.8,6,joint_projected,,1.0,0.09499063401017338,0.09499063401017338,0.11850060406140983,2.26918574487,0.489171668372,0.0115711848659,0.08354812174357695,0.023285205,8.3393e-05,1.0673e-05,0,0.023109403,0.000106407,1.035e-06,4.4326e-05,1,1,0,0,0,17,0,0,0
cohort_1,33,offset_c0.8,7,joint_projected,,1.0,0.19516644801478833,0.19516644801478833,0.21900326909963042,14.0067724796,0.984446759653,0.00364054441563,0.09530131033327385,0.020032691,0.000203527,5.4625e-05,0,0.019886881,9.2877e-05,7.997e-06,4.96e-05,15,2,0,0,0,17,3,9,0
cohort_1,33,offset_c0.8,8,joint_projected,,1.0,0.1284278710372746,0.1284278710372746,0.15225291799288243,11.8250850902,0.917383674533,0.00335134436184,0.06997749434002826,0.036257041,0.000439295,0.00010552,0,0.036043928,0.000136891,1.1656e-05,0.000152326,24,5,0,0,0,17,6,10,0
cohort_1,33,offset_c0.8,9,joint_projected,,1.0,0.13008591206744313,0.13008591206744313,0.15333942999131978,4.50030104674,0.59617262777,0.0169972787304,0.09489994779880495,0.017646137,0.00027818,7.2662e-05,0,0.017337842,0.00019896,1.2361e-05,6.4504e-05,5,1,0,0,0,15,0,4,0
cohort_1,33,offset_c0.8,0,ompl_uniform,,1.0,0.1180769739439711,0.1180769739439711,0.11940538499038666,12.7277259447,1.78819518475,0.0109405390702,0.05397519033348786,,,,,,,,,,,,,,,,,
cohort_1,33,offset_c0.8,1,ompl_uniform,,1.0,0.21610554703511298,0.21610554703511298,0.2175517799332738,13.8342199606,1.93829918177,0.00801990937039,0.046307373502380185,,,,,,,,,,,,,,,,,
cohort_1,33,offset_c0.8,2,ompl_uniform,,1.0,0.15170020295772702,0.15170020295772702,0.15293673798441887,14.3536315058,2.03527781186,0.0172392232512,0.09513183596142932,,,,,,,,,,,,,,,,,
cohort_1,33,offset_c0.8,3,ompl_uniform,,1.0,0.23381014307960868,0.23381014307960868,0.2351523860124871,13.360460353,3.3300404307,0.0168278312391,0.09482973264747835,,,,,,,,,,,,,,,,,
cohort_1,33,offset_c0.8,4,ompl_uniform,,1.0,0.14704975089989603,0.14704975089989603,0.14851745101623237,12.6741721092,1.74410053444,0.016875788885,0.0770006552238257,,,,,,,,,,,,,,,,,
cohort_1,33,offset_c0.8,5,ompl_uniform,,1.0,0.1668324009515345,0.1668324009515345,0.16848531097639352,12.3238310503,2.91178357925,0.00786660733422,0.05708429325791208,,,,,,,,,,,,,,,,,
cohort_1,33,offset_c0.8,6,ompl_uniform,,1.0,0.17562129499856383,0.17562129499856383,0.1770649440586567,12.421937933,0.82728189067,0.016981105974,0.09230267791572593,,,,,,,,,,,,,,,,,
cohort_1,33,offset_c0.8,7,ompl_uniform,,1.0,0.17966383905149996,0.17966383905149996,0.18082422099541873,12.5169934537,1.36921360457,0.00590205896948,0.06582436237265538,,,,,,,,,,,,,,,,,
cohort_1,33,offset_c0.8,8,ompl_uniform,,1.0,0.18123217590618879,0.18123217590618879,0.18284978391602635,11.6457720807,0.887171674942,0.013528433573,0.09477339619246422,,,,,,,,,,,,,,,,,
cohort_1,33,offset_c0.8,9,ompl_uniform,,1.0,0.11028615804389119,0.11028615804389119,0.11159538198262453,11.8108402712,1.83166247912,0.0152402462832,0.09486546165559773,,,,,,,,,,,,,,,,,
cohort_1,34,offset_c0.8,0,cartesian_ik,,1.0,0.14258605299983174,0.14258605299983174,0.16591478988993913,12.9522271645,0.94940637646,0.0134100680972,0.06596446655197205,2.609e-05,0.010204479,5.796e-06,0.009812023,0,0,0,0.00026268,5,2,0,0,5,0,0,0,0
cohort_1,34,offset_c0.8,1,cartesian_ik,,1.0,0.14910354104358703,0.14910354104358703,0.17154264403507113,13.9902473983,1.22805666029,0.0214773739628,0.06538707793959285,1.3819e-05,0.023075348,3.315e-06,0.022891825,0,0,0,8.7546e-05,9,5,0,0,9,0,0,0,0
cohort_1,34,offset_c0.8,2,cartesian_ik,,1.0,0.0908439279301092,0.0908439279301092,0.11328916193451732,8.82368452239,0.610994684218,0.0221289819594,0.06603551012432192,1.0524e-05,0.027263501,2.995e-06,0.027003003,0,0,0,0.000140343,11,4,0,0,11,0,0,0,0
cohort_1,34,offset_c0.8,3,cartesian_ik,,1.0,0.07835832703858614,0.07835832703858614,0.10155552602373064,6.26696533539,0.569401772497,0.0150666207323,0.06640569521587499,2.1718e-05,0.029860798,7.503e-06,0.029374767,0,0,0,0.000259523,10,6,0,0,10,0,0,0,0
cohort_1,34,offset_c0.8,4,cartesian_ik,,1.0,0.14927050494588912,0.14927050494588912,0.1731657769996673,11.5732239147,0.715037663406,0.00167584514455,0.06206330461789766,3.1142e-05,0.00617148,3.259e-06,0.005984239,0,0,0,0.000104272,2,2,0,0,2,0,0,0,0
cohort_1,34,offset_c0.8,5,cartesian_ik,,1.0,0.20231653295923024,0.20231653295923024,0.22583674697671086,13.373956441,0.814043615905,0.0222939885683,0.06618548635857702,2.3586e-05,0.014329902,3.886e-06,0.014121984,0,0,0,0.000109484,4,2,0,0,4,0,0,0,0
cohort_1,34,offset_c0.8,6,cartesian_ik,,1.0,0.11809577804524451,0.11809577804524451,0.1413713269867003,8.69016241535,0.646648424606,0.00769683654513,0.05538197409523071,1.9261e-05,0.00238291,1.94e-06,0.002254275,0,0,0,6.9763e-05,3,2,0,0,3,0,0,0,0
cohort_1,34,offset_c0.8,7,cartesian_ik,,1.0,0.15779815008863807,0.15779815008863807,0.18043170194141567,13.9438362041,1.16477395122,0.000412895679253,0.06452350764390123,8.403e-06,0.005841709,1.206e-06,0.005794124,0,0,0,2.0877e-05,2,1,0,0,2,0,0,0,0
cohort_1,34,offset_c0.8,8,cartesian_ik,,1.0,0.13112658902537078,0.13112658902537078,0.15376288397237659,12.4066641763,0.970342190152,0.022262878209,0.06614397765908527,1.4604e-05,0.000537519,1.946e-06,0.000451832,0,0,0,4.5919e-05,1,1,0,0,1,0,0,0,0
cohort_1,34,offset_c0.8,9,cartesian_ik,,1.0,0.08928122592624277,0.08928122592624277,0.11176740995142609,10.7013062689,0.940330579797,0.00267490866022,0.04865063995121657,1.3697e-05,0.021900121,4.415e-06,0.021621375,0,0,0,0.000118444,10,6,0,0,10,0,0,0,0
cohort_1,34,offset_c0.8,0,joint_projected,,1.0,0.06624985800590366,0.06624985800590366,0.08943045593332499,3.95766655218,0.520491451976,0.0145420093874,0.06557490716955747,0.023943118,0.000374324,0.000109935,0,0.023787679,8.9531e-05,1.2712e-05,7.748e-05,35,4,0,0,0,16,9,17,0
cohort_1,34,offset_c0.8,1,joint_projected,,1.0,0.17906603892333806,0.17906603892333806,0.20131098187994212,10.5174260093,0.719944377152,0.0147447063318,0.06146488679218964,0.030069423,7.2557e-05,1.2172e-05,0,0.029834445,0.000113257,1.293e-06,3.299e-05,2,1,0,0,0,18,0,1,0
cohort_1,34,offset_c0.8,2,joint_projected,,1.0,0.14810649794526398,0.14810649794526398,0.17053812299855053,8.24938922777,0.712664540788,0.0125807079123,0.0659951279677356,0.014160219,0.000310731,6.2035e-05,0,0.013910287,0.000156483,8.22e-06,0.000112422,14,3,0,0,0,15,4,7,0
cohort_1,34,offset_c0.8,3,joint_projected,,1.0,0.21511552203446627,0.21511552203446627,0.23943512595724314,13.5478843546,1.17595839547,0.0212016917644,0.0643114086663214,0.023486486,0.000129422,2.5316e-05,0,0.023329364,0.00010575,3.646e-06,4.8512e-05,5,2,0,0,0,16,0,3,0
cohort_1,34,offset_c0.8,4,joint_projected,,1.0,0.06738445302471519,0.06738445302471519,0.09568155591841787,5.35818147213,0.54081472355,0.0223152348889,0.06621586953411189,0.014190762,0.000278454,6.5884e-05,0,0.01404995,9.2648e-05,8.688e-06,8.9387e-05,14,2,0,0,0,15,2,8,0
cohort_1,34,offset_c0.8,5,joint_projected,,1.0,0.15132652001921088,0.15132652001921088,0.17396035592537373,9.65101925655,0.677192330845,0.0213731924732,0.06534762248826977,0.020007411,0.000148977,2.9974e-05,0,0.019829212,0.00010874,2.838e-06,4.8748e-05,7,3,0,0,0,16,1,1,0
cohort_1,34,offset_c0.8,6,joint_projected,,1.0,0.2003301220247522,0.2003301220247522,0.22259557794313878,14.4744982885,1.18339370044,0.00820921892261,0.05005769831539693,0.032134186,0.000245342,3.062e-05,0,0.031873589,0.000170876,4.059e-06,0.000102011,4,3,0,0,0,16,0,1,0
cohort_1,34,offset_c0.8,7,joint_projected,,1.0,0.14951274695340544,0.14951274695340544,0.1721745248651132,10.765662204,0.970352382446,0.00395224512902,0.052146949691757316,0.016363956,0.00027077,7.2519e-05,0,0.01624374,6.5411e-05,9.937e-06,6.1879e-05,30,3,0,0,0,17,2,20,0
cohort_1,34,offset_c0.8,8,joint_projected,,1.0,0.1314214860321954,0.1314214860321954,0.15446219383738935,13.2980806567,1.16100334896,0.0218006530693,0.065702234512393,0.016067799,0.000107999,2.3298e-05,0,0.015976604,5.6286e-05,2.235e-06,4.3956e-05,9,2,0,0,0,15,2,2,0
cohort_1,34,offset_c0.8,9,joint_projected,,1.0,0.1881034269463271,0.1881034269463271,0.21061664796434343,12.4076613973,1.01931592914,0.0147958978996,0.06638576683753881,0.013892467,0.000341606,7.3089e-05,0,0.013751222,8.3677e-05,1.077e-05,0.000126099,36,3,0,0,0,16,4,21,0
cohort_1,34,offset_c0.8,0,ompl_uniform,,1.0,0.13420654891524464,0.13420654891524464,0.13518347300123423,14.7492010119,1.65126417776,0.0208158691469,0.06457476008985517,,,,,,,,,,,,,,,,,
cohort_1,34,offset_c0.8,1,ompl_uniform,,1.0,0.10106677608564496,0.10106677608564496,0.10219897690694779,10.3262467523,1.51050763952,0.0123979810331,0.057664551197482185,,,,,,,,,,,,,,,,,
cohort_1,34,offset_c0.8,2,ompl_uniform,,1.0,0.10736922698561102,0.10736922698561102,0.10872372891753912,13.0449254539,3.51290321015,0.022207697497,0.06614305482387316,,,,,,,,,,,,,,,,,
cohort_1,34,offset_c0.8,3,ompl_uniform,,1.0,0.15625009394716471,0.15625009394716471,0.1574424320133403,11.9104569616,0.728709869699,0.00692010561815,0.06639929685360099,,,,,,,,,,,,,,,,,
cohort_1,34,offset_c0.8,4,ompl_uniform,,1.0,0.1515286270296201,0.1515286270296201,0.15294977102894336,11.403744543,1.02522220178,0.0219998133523,0.06590015655626401,,,,,,,,,,,,,,,,,
cohort_1,34,offset_c0.8,5,ompl_uniform,,1.0,0.17299574601929635,0.17299574601929635,0.17421727196779102,12.4912494655,0.70635915651,0.0215696320971,0.06539319269737567,,,,,,,,,,,,,,,,,
cohort_1,34,offset_c0.8,6,ompl_uniform,,1.0,0.18255358596798033,0.18255358596798033,0.1837791120633483,12.0990952582,2.2960978702,0.0221799155134,0.06611549548688157,,,,,,,,,,,,,,,,,
cohort_1,34,offset_c0.8,7,ompl_uniform,,1.0,0.1558498099911958,0.1558498099911958,0.1570888829883188,14.9887662227,2.58312088913,0.0215170176048,0.06550324576448968,,,,,,,,,,,,,,,,,
cohort_1,34,offset_c0.8,8,ompl_uniform,,1.0,0.14870354195591062,0.14870354195591062,0.15015309408772737,12.4505804954,1.66410592916,0.0220114543156,0.06593370545941067,,,,,,,,,,,,,,,,,
cohort_1,34,offset_c0.8,9,ompl_uniform,,1.0,0.21147561690304428,0.21147561690304428,0.2127430560067296,14.8115293055,2.96246901622,0.022285211188,0.06618557665927152,,,,,,,,,,,,,,,,,
cohort_1,35,offset_c0.8,0,cartesian_ik,,1.0,0.18826203304342926,0.18826203304342926,0.2123405650490895,13.5475193049,0.887711847019,0.0119910346461,0.09054794551623538,1.1635e-05,0.005773813,2.291e-06,0.005636599,0,0,0,7.3068e-05,3,2,0,0,3,0,0,0,0
cohort_1,35,offset_c0.8,1,cartesian_ik,,1.0,0.17679017805494368,0.17679017805494368,0.2009989230427891,14.1857433698,2.00423416204,0.0245004193943,0.08916748883537054,1.6291e-05,0.0008885,1.732e-06,0.000660505,0,0,0,0.000159476,1,1,0,0,1,0,0,0,0
cohort_1,35,offset_c0.8,2,cartesian_ik,,1.0,0.14061957702506334,0.14061957702506334,0.16565781307872385,5.41180697983,0.501087034146,0.0136175087012,0.07126513867577879,4.3695e-05,0.004007171,3.967e-06,0.003820664,0,0,0,8.0978e-05,1,1,0,0,1,0,0,0,0
cohort_1,35,offset_c0.8,3,cartesian_ik,,1.0,0.13112284895032644,0.13112284895032644,0.1556472551310435,13.1624240475,1.23944437105,0.0169712113736,0.0807468216837204,2.5529e-05,0.006053326,3.878e-06,0.005768184,0,0,0,0.000164882,4,2,0,0,4,0,0,0,0
cohort_1,35,offset_c0.8,4,cartesian_ik,,1.0,0.18902756599709392,0.18902756599709392,0.21323873614892364,13.8618962144,1.28358898879,0.0236493604974,0.09632698729486247,2.3529e-05,0.009280655,4.54e-06,0.009003458,0,0,0,0.000131001,7,4,0,0,7,0,0,0,0
cohort_1,35,offset_c0.8,5,cartesian_ik,,1.0,0.15279888396617025,0.15279888396617025,0.17714800301473588,12.631248182,1.0254183477,0.0240575085167,0.08565677239884742,1.2817e-05,0.007527996,4.094e-06,0.007285556,0,0,0,0.000124224,3,2,0,0,3,0,0,0,0
cohort_1,35,offset_c0.8,6,cartesian_ik,,1.0,0.18244088103529066,0.18244088103529066,0.20685908908490092,14.1085439919,0.99536269168,0.0241132484935,0.09346106600349385,2.0883e-05,0.004459765,1.952e-06,0.004385613,0,0,0,3.444e-05,1,1,0,0,1,0,0,0,0
cohort_1,35,offset_c0.8,7,cartesian_ik,,1.0,0.15790408803150058,0.15790408803150058,0.18405432207509875,13.8805619651,0.964675612517,0.00954363136704,0.07935530915147142,2.929e-05,0.000965771,2.119e-06,0.000790515,0,0,0,0.000118934,1,1,0,0,1,0,0,0,0
cohort_1,35,offset_c0.8,8,cartesian_ik,,1.0,0.12144214008003473,0.12144214008003473,0.14558594697155058,4.68960694707,0.57775309618,0.0238164899117,0.09042002118677978,2.5139e-05,0.025321964,5.109e-06,0.025011332,0,0,0,0.000177404,7,3,0,0,7,0,0,0,0
cohort_1,35,offset_c0.8,9,cartesian_ik,,1.0,0.16636223590467125,0.16636223590467125,0.19122876203618944,14.0586953436,1.62940093049,0.0241249704034,0.09018077428209105,8.056e-06,0.007465441,9.19e-07,0.007387505,0,0,0,4.1127e-05,2,1,0,0,2,0,0,0,0
cohort_1,35,offset_c0.8,0,joint_projected,,1.0,0.11876399803441018,0.11876399803441018,0.14379409211687744,9.48672648622,0.772716158271,0.02418198472,0.08457707068710921,0.032434812,0.000210025,4.7723e-05,0,0.03229702,8.1099e-05,8.071e-06,6.2521e-05,11,2,0,0,0,19,0,8,0
cohort_1,35,offset_c0.8,1,joint_projected,,1.0,0.22820156998932362,0.22820156998932362,0.25320383405778557,13.1619954646,0.906170118851,0.0204441013753,0.08643325123655785,0.028343982,0.000397807,8.0463e-05,0,0.028166073,0.00010865,1.1167e-05,0.000123215,18,8,0,0,0,16,3,7,0
cohort_1,35,offset_c0.8,2,joint_projected,,1.0,0.1014308329904452,0.1014308329904452,0.12650588806718588,10.3538673644,0.635684639948,0.022581871038,0.07883186448192041,0.032589849,0.000134915,3.4355e-05,0,0.032486522,5.3373e-05,3.954e-06,3.9875e-05,14,2,0,0,0,19,1,8,0
cohort_1,35,offset_c0.8,3,joint_projected,,1.0,0.09364805009681731,0.09364805009681731,0.11777339910622686,7.78633291406,0.607230824546,0.0132070765169,0.07451431774966778,0.01767843,0.000210128,4.989e-05,0,0.017454332,0.000139857,6.913e-06,6.6265e-05,14,3,0,0,0,15,1,6,0
cohort_1,35,offset_c0.8,4,joint_projected,,1.0,0.1289910119958222,0.1289910119958222,0.15311133104842156,5.66162583744,0.600756413355,0.00997829682128,0.07407745890291217,0.025039143,0.000240524,7.0253e-05,0,0.024671513,0.000231421,7.544e-06,4.8321e-05,14,3,0,0,0,17,3,8,0
cohort_1,35,offset_c0.8,5,joint_projected,,1.0,0.15173016907647252,0.15173016907647252,0.17661611002404243,13.1998380481,1.11622210954,0.00577120401168,0.08585863875346321,0.014243179,0.000157967,2.2985e-05,0,0.014114345,8.0899e-05,3.326e-06,6.3017e-05,3,2,0,0,0,16,0,1,0
cohort_1,35,offset_c0.8,6,joint_projected,,1.0,0.1497442820109427,0.1497442820109427,0.17415536101907492,10.4373203334,0.619892459286,0.0246140322955,0.08758295961988409,0.027333812,3.7345e-05,5.85e-06,0,0.027065804,0.000169602,4.41e-07,1.8241e-05,1,1,0,0,0,17,0,0,0
cohort_1,35,offset_c0.8,7,joint_projected,,1.0,0.2031614719890058,0.2031614719890058,0.22755213710479438,10.6233973383,0.891220634486,0.0241576455631,0.07987026536829529,0.02386942,0.000166469,4.4899e-05,0,0.023728106,8.0009e-05,4.614e-06,5.3929e-05,16,1,0,0,0,17,4,9,0
cohort_1,35,offset_c0.8,8,joint_projected,,1.0,0.1776885740691796,0.1776885740691796,0.20192406105343252,7.57812329865,0.601529506015,0.0175983745363,0.09644711416996049,0.042207085,0.000191753,4.3445e-05,0,0.041984062,0.000123753,6.319e-06,6.212e-05,11,2,0,0,0,18,1,6,0
cohort_1,35,offset_c0.8,9,joint_projected,,1.0,0.19511874695308506,0.19511874695308506,0.22062242415267974,12.744480637,0.701976145733,0.0201618753861,0.08817553606734584,0.023627061,5.14e-05,1.0241e-05,0,0.023521455,6.0221e-05,9.34e-07,2.2899e-05,2,1,0,0,0,16,0,1,0
cohort_1,35,offset_c0.8,0,ompl_uniform,,1.0,0.21979808004107326,0.21979808004107326,0.22098528197966516,12.8954895705,2.18475629072,0.0244080947619,0.09598702859058,,,,,,,,,,,,,,,,,
cohort_1,35,offset_c0.8,1,ompl_uniform,,1.0,0.10790194803848863,0.10790194803848863,0.1093997519928962,13.137399661,1.13176801838,0.00920909937906,0.09411639170642794,,,,,,,,,,,,,,,,,
cohort_1,35,offset_c0.8,2,ompl_uniform,,1.0,0.12975088704843074,0.12975088704843074,0.13158535805996507,10.7399979135,2.74233332677,0.0245707449915,0.09400404847604296,,,,,,,,,,,,,,,,,
cohort_1,35,offset_c0.8,3,ompl_uniform,,1.0,0.20810138597153127,0.20810138597153127,0.20933146099559963,12.7572437028,0.976429974836,0.0242425055667,0.07882547618745872,,,,,,,,,,,,,,,,,
cohort_1,35,offset_c0.8,4,ompl_uniform,,1.0,0.11518675496336073,0.11518675496336073,0.11685952998232096,13.4248962089,1.10390984016,0.0244266284673,0.08245693705636421,,,,,,,,,,,,,,,,,
cohort_1,35,offset_c0.8,5,ompl_uniform,,1.0,0.19800705590751022,0.19800705590751022,0.19913009100127965,14.8695351352,3.58467893753,0.00829102026052,0.09643342898423746,,,,,,,,,,,,,,,,,
cohort_1,35,offset_c0.8,6,ompl_uniform,,1.0,0.284984647994861,0.284984647994861,0.28627915994729847,15.377490302,1.59995834119,0.00805455215654,0.0739167908344109,,,,,,,,,,,,,,,,,
cohort_1,35,offset_c0.8,7,ompl_uniform,,1.0,0.12120411999057978,0.12120411999057978,0.12239453301299363,13.179650409,2.44937755908,0.02384110269,0.09496481637183346,,,,,,,,,,,,,,,,,
cohort_1,35,offset_c0.8,8,ompl_uniform,,1.0,0.12400809000246227,0.12400809000246227,0.12521479302085936,14.2744100039,1.19793546721,0.0172550758889,0.06171823086108086,,,,,,,,,,,,,,,,,
cohort_1,35,offset_c0.8,9,ompl_uniform,,1.0,0.16903795499820262,0.16903795499820262,0.17047782195731997,11.5680838897,2.05350366179,0.0165472684737,0.0962570480717923,,,,,,,,,,,,,,,,,
cohort_1,36,offset_c0.8,0,cartesian_ik,,1.0,0.3086242969147861,0.3086242969147861,0.34475167794153094,16.4985006341,1.28058840261,0.00496229934456,0.09668336013775133,2.3467e-05,0.015096122,2.984e-06,0.014813575,0,0,0,0.000166556,8,4,0,0,8,0,0,0,0
cohort_1,36,offset_c0.8,1,cartesian_ik,,1.0,0.12433476094156504,0.12433476094156504,0.148397923912853,11.6466002982,0.921821826471,0.00534421307216,0.11274506076365283,1.2302e-05,0.003174762,2.677e-06,0.002902393,0,0,0,0.000184818,6,4,0,0,6,0,0,0,0
cohort_1,36,offset_c0.8,2,cartesian_ik,,1.0,0.22486049705184996,0.22486049705184996,0.24972479790449142,12.500228741,0.980512215964,0.00185689619313,0.0932324601243385,5.3407e-05,0.033112774,1.3672e-05,0.032267062,0,0,0,0.00041842,10,5,0,0,10,0,0,0,0
cohort_1,36,offset_c0.8,3,cartesian_ik,,1.0,0.15711430797819048,0.15711430797819048,0.18163546093273908,13.2540386092,1.11873380416,0.0101202506748,0.09912240465758176,2.2476e-05,0.02234684,4.26e-06,0.022232067,0,0,0,3.6826e-05,4,1,0,0,4,0,0,0,0
cohort_1,36,offset_c0.8,4,cartesian_ik,,1.0,0.16526667296420783,0.16526667296420783,0.18968081497587264,11.4736983068,1.10381629793,0.050449188074,0.13400027230598974,1.5393e-05,0.014498821,3.433e-06,0.014325255,0,0,0,9.7098e-05,3,1,0,0,3,0,0,0,0
cohort_1,36,offset_c0.8,5,cartesian_ik,,1.0,0.09987056907266378,0.09987056907266378,0.12442647397983819,8.61481248577,0.892038083353,0.0535838947784,0.13341805377651134,1.7516e-05,0.00347886,1.425e-06,0.003359885,0,0,0,4.4084e-05,1,1,0,0,1,0,0,0,0
cohort_1,36,offset_c0.8,6,cartesian_ik,,1.0,0.17109170102048665,0.17109170102048665,0.1952194538898766,8.94283545248,0.764591112891,0.0188298767279,0.11153578035444836,1.4543e-05,0.026119108,4.734e-06,0.025700575,0,0,0,0.000224767,9,4,0,0,9,0,0,0,0
cohort_1,36,offset_c0.8,7,cartesian_ik,,1.0,0.167373895063065,0.167373895063065,0.191720137023367,12.6433544012,1.20446674882,0.0860232215811,0.13400027230598974,1.4046e-05,0.012677258,2.731e-06,0.012503477,0,0,0,9.5124e-05,4,2,0,0,4,0,0,0,0
cohort_1,36,offset_c0.8,8,cartesian_ik,,1.0,0.13461680593900383,0.13461680593900383,0.1587926959618926,4.07264256947,0.655765127757,0.0331062940371,0.13067142469814452,5.1407e-05,0.028492262,6.628e-06,0.027969131,0,0,0,0.000299236,12,7,0,0,12,0,0,0,0
cohort_1,36,offset_c0.8,9,cartesian_ik,,1.0,0.12908726697787642,0.12908726697787642,0.15339418896473944,9.45702372386,0.937257925552,0.085047638533,0.13400027230598974,1.633e-05,0.019874196,3.959e-06,0.019658879,0,0,0,0.000100348,3,2,0,0,3,0,0,0,0
cohort_1,36,offset_c0.8,0,joint_projected,,1.0,0.125091765075922,0.125091765075922,0.1501909359358251,12.1724101758,1.20412684508,0.0860232215811,0.13400027230598974,0.024503104,9.1814e-05,1.8632e-05,0,0.024354884,9.1264e-05,2.53e-06,3.2217e-05,5,2,0,0,0,17,0,3,0
cohort_1,36,offset_c0.8,1,joint_projected,,1.0,0.17444661597255617,0.17444661597255617,0.19866756000556052,8.24618702287,0.723901246296,0.0140751854706,0.1231532559041165,0.028705214,0.000483048,0.000105373,0,0.02832446,0.000245872,1.1859e-05,0.000182794,6,2,0,0,0,15,3,1,0
cohort_1,36,offset_c0.8,2,joint_projected,,1.0,0.18071024701930583,0.18071024701930583,0.20517880702391267,14.8080523172,0.985788762614,0.0284394010263,0.112439795101864,0.007805969,0.0004152,8.0681e-05,0,0.007657682,9.0492e-05,1.448e-05,0.000131657,16,5,0,0,0,16,1,8,0
cohort_1,36,offset_c0.8,3,joint_projected,,1.0,0.23030737391673028,0.23030737391673028,0.2546789760235697,14.0079186961,1.21533554605,0.0860232215811,0.13400027230598974,0.025961569,0.000241568,4.9931e-05,0,0.025847818,5.8668e-05,7.807e-06,9.5602e-05,19,3,0,0,0,17,2,12,0
cohort_1,36,offset_c0.8,4,joint_projected,,1.0,0.1889561990974471,0.1889561990974471,0.21339039993472397,10.6063173371,0.916750556592,0.0373649467541,0.12269430191076727,0.039474774,7.2245e-05,1.0707e-05,0,0.039348239,7.2325e-05,1.539e-06,3.4441e-05,3,2,0,0,0,20,0,1,0
cohort_1,36,offset_c0.8,5,joint_projected,,1.0,0.04386329394765198,0.04386329394765198,0.06972848693840206,3.87717228008,0.764080454362,0.0513518512797,0.12497576775379772,0.024992792,0.000270764,6.0977e-05,0,0.02474141,0.000166243,1.0279e-05,7.8894e-05,15,3,0,0,0,16,2,10,0
cohort_1,36,offset_c0.8,6,joint_projected,,1.0,0.12138141598552465,0.12138141598552465,0.14537714689504355,4.1217911106,0.686853719014,0.01865249662,0.12802132715991318,0.014939424,7.1664e-05,1.7092e-05,0,0.014808168,6.8877e-05,1.806e-06,2.5757e-05,5,1,0,0,0,16,1,3,0
cohort_1,36,offset_c0.8,7,joint_projected,,1.0,0.08595226495526731,0.08595226495526731,0.11028822895605117,6.84153086217,0.753103630184,0.0323238291812,0.13400027230598974,0.011800788,0.00028751,7.2631e-05,0,0.011691496,6.86e-05,9.998e-06,7.1799e-05,25,5,0,0,0,15,3,15,0
cohort_1,36,offset_c0.8,8,joint_projected,,1.0,0.15065634401980788,0.15065634401980788,0.17511079099494964,12.9732477138,1.43378321949,0.0248270211814,0.13400027230598974,0.009682783,0.000107109,2.1273e-05,0,0.009604606,4.8664e-05,3.717e-06,4.1981e-05,6,2,0,0,0,15,1,2,0
cohort_1,36,offset_c0.8,9,joint_projected,,1.0,0.10037825698964298,0.10037825698964298,0.12451604707166553,4.40964184252,0.631910147086,0.00748545664922,0.11945027391235201,0.019887518,0.000388115,0.000126381,0,0.019705452,0.000118157,1.3389e-05,6.9943e-05,24,3,0,0,0,16,5,11,0
cohort_1,36,offset_c0.8,0,ompl_uniform,,1.0,0.22206606704276055,0.22206606704276055,0.22307326400186867,14.3309001163,0.957498499163,0.00202499350311,0.10271397473016537,,,,,,,,,,,,,,,,,
cohort_1,36,offset_c0.8,1,ompl_uniform,,1.0,0.18043691897764802,0.18043691897764802,0.18209449108690023,15.2153262988,0.759170874792,0.0269768496017,0.12601109918662143,,,,,,,,,,,,,,,,,
cohort_1,36,offset_c0.8,2,ompl_uniform,,1.0,0.16616864397656173,0.16616864397656173,0.16758571402169764,12.8020675887,3.3533056109,0.063719686666,0.12990497841471435,,,,,,,,,,,,,,,,,
cohort_1,36,offset_c0.8,3,ompl_uniform,,1.0,0.19258989405352622,0.19258989405352622,0.19415852497331798,8.97884029677,1.53972086828,0.0860232215811,0.13400027230598974,,,,,,,,,,,,,,,,,
cohort_1,36,offset_c0.8,4,ompl_uniform,,1.0,0.18045792600605637,0.18045792600605637,0.1817220140947029,14.5660575781,1.24416990542,0.0650107643294,0.1339630457956152,,,,,,,,,,,,,,,,,
cohort_1,36,offset_c0.8,5,ompl_uniform,,1.0,0.10451817407738417,0.10451817407738417,0.10629223694559187,10.8765058289,0.815561034113,0.00647361281326,0.1263449609069115,,,,,,,,,,,,,,,,,
cohort_1,36,offset_c0.8,6,ompl_uniform,,1.0,0.19662724703084677,0.19662724703084677,0.197918797028251,12.1342384808,3.37873920669,0.0312673929546,0.11262693056269561,,,,,,,,,,,,,,,,,
cohort_1,36,offset_c0.8,7,ompl_uniform,,1.0,0.06957199703902006,0.06957199703902006,0.0707915109815076,9.43707313049,1.46202668011,0.0860232215811,0.13400027230598974,,,,,,,,,,,,,,,,,
cohort_1,36,offset_c0.8,8,ompl_uniform,,1.0,0.14564749493729323,0.14564749493729323,0.14687439997214824,9.77412577659,1.46757260915,0.0689203590763,0.13400027230598974,,,,,,,,,,,,,,,,,
cohort_1,36,offset_c0.8,9,ompl_uniform,,1.0,0.17336808692198247,0.17336808692198247,0.17464341293089092,12.1404662725,2.80539086698,0.0577599372444,0.12001248928482157,,,,,,,,,,,,,,,,,
cohort_1,37,offset_c0.8,0,cartesian_ik,,1.0,0.2029775589471683,0.2029775589471683,0.23104900203179568,12.77684325,1.01573328089,0.00554220584366,0.05699592829542062,1.8712e-05,0.008723105,3.47e-06,0.008465132,0,0,0,0.000171361,4,1,0,0,4,0,0,0,0
cohort_1,37,offset_c0.8,1,cartesian_ik,,1.0,0.1409254149766639,0.1409254149766639,0.1688548909733072,5.84901688968,0.543804063561,0.00460722981676,0.07984836894036598,2.4352e-05,0.021455631,5.125e-06,0.021312168,0,0,0,3.1596e-05,3,1,0,0,3,0,0,0,0
cohort_1,37,offset_c0.8,2,cartesian_ik,,1.0,0.12828755797818303,0.12828755797818303,0.15633670997340232,5.97566839102,0.690128071724,0.00516331019844,0.0799373430298049,2.1336e-05,0.030106746,4.13e-06,0.029964897,0,0,0,4.8379e-05,6,2,0,0,6,0,0,0,0
cohort_1,37,offset_c0.8,3,cartesian_ik,,1.0,0.14922767598181963,0.14922767598181963,0.17736324202269316,14.126150989,1.47836051479,0.00137608046389,0.07978168857382495,1.3633e-05,0.011032915,2.151e-06,0.010888757,0,0,0,8.4653e-05,4,1,0,0,4,0,0,0,0
cohort_1,37,offset_c0.8,4,cartesian_ik,,1.0,0.1030045609222725,0.1030045609222725,0.13098465802613646,11.6007325404,0.765305421914,0.00344248776273,0.07342915582922363,7.086e-06,0.014153848,3.142e-06,0.014030396,0,0,0,5.1955e-05,4,2,0,0,4,0,0,0,0
cohort_1,37,offset_c0.8,5,cartesian_ik,,1.0,0.09297344600781798,0.09297344600781798,0.12091517297085375,6.19745384633,0.803028194558,0.000575641018192,0.07991247663163467,3.0648e-05,0.002641468,2.37e-06,0.002360404,0,0,0,0.000184336,2,1,0,0,2,0,0,0,0
cohort_1,37,offset_c0.8,6,cartesian_ik,,1.0,0.2457447889028117,0.2457447889028117,0.2740175990620628,14.9323151873,0.874226871586,0.0047735685847,0.05787655497434635,3.4152e-05,0.06566381,8.886e-06,0.065210972,0,0,0,0.000223635,13,3,0,0,13,0,0,0,0
cohort_1,37,offset_c0.8,7,cartesian_ik,,1.0,0.15382899495307356,0.15382899495307356,0.18197223695460707,11.2784447493,0.807741582711,0.00508904476777,0.08009916032738967,4.0961e-05,0.01395598,2.75e-06,0.013861058,0,0,0,3.4768e-05,2,1,0,0,2,0,0,0,0
cohort_1,37,offset_c0.8,8,cartesian_ik,,1.0,0.1825694179860875,0.1825694179860875,0.21079689695034176,13.3213779501,0.880349052475,0.00499332769105,0.07978622522214093,2.2609e-05,0.033121624,7.104e-06,0.032652682,0,0,0,0.000283057,10,3,0,0,10,0,0,0,0
cohort_1,37,offset_c0.8,9,cartesian_ik,,1.0,0.17317550408188254,0.17317550408188254,0.20113399799447507,9.54313013122,0.600838162471,0.00459844871044,0.0802144991176292,2.0978e-05,0.01299476,3.628e-06,0.012742609,0,0,0,0.000139008,4,2,0,0,4,0,0,0,0
cohort_1,37,offset_c0.8,0,joint_projected,,1.0,0.16002831398509443,0.16002831398509443,0.18825590296182781,8.98477843816,0.857103928928,0.005035584925,0.07984094652203402,0.094011089,0.000145882,2.3814e-05,0,0.09393275,4.3919e-05,3.779e-06,6.1735e-05,14,2,0,0,0,28,0,5,5
cohort_1,37,offset_c0.8,1,joint_projected,,1.0,0.2757951330859214,0.2757951330859214,0.30392161395866424,13.0003324327,0.98298639665,0.00556842927108,0.07997085992899364,0.10132847,6.8661e-05,8.68e-06,0,0.101207946,6.864e-05,9.99e-07,3.556e-05,3,2,0,0,0,29,0,0,1
cohort_1,37,offset_c0.8,2,joint_projected,,1.0,0.1989413360133767,0.1989413360133767,0.2274508309783414,14.0686115827,1.1375477942,0.0042112697301,0.0801292001155812,0.096938533,5.9659e-05,7.702e-06,0,0.096843569,5.3945e-05,6.39e-07,3.3438e-05,1,1,0,0,0,29,0,0,0
cohort_1,37,offset_c0.8,3,joint_projected,,1.0,0.27007556101307273,0.27007556101307273,0.29800390906166285,13.7392928309,1.51984204942,0.00262558836635,0.04343819316372181,0.102714581,6.09e-05,5.876e-06,0,0.102547309,0.000102571,5e-07,4.1072e-05,1,1,0,0,0,29,0,0,0
cohort_1,37,offset_c0.8,4,joint_projected,,1.0,0.11969039496034384,0.11969039496034384,0.14764641493093222,5.71409915727,0.708260717729,0.00538350233707,0.07679548202433237,0.091689496,0.000146041,3.3946e-05,0,0.091589061,5.583e-05,4.153e-06,4.2755e-05,18,2,0,0,0,28,3,7,6
cohort_1,37,offset_c0.8,5,joint_projected,,1.0,0.27309808298014104,0.27309808298014104,0.3011835180222988,13.0313291935,0.849928390243,0.00490177709045,0.08006137030262453,0.090258793,0.000105616,2.5521e-05,0,0.090122058,7.2836e-05,3.982e-06,2.7977e-05,14,1,0,0,0,28,0,8,4
cohort_1,37,offset_c0.8,6,joint_projected,,1.0,0.19446237199008465,0.19446237199008465,0.22235806891694665,11.6397577948,1.22961525359,0.00510389569228,0.07574432882881722,0.090339391,0.000166084,2.3849e-05,0,0.09020504,7.5481e-05,3.954e-06,7.4224e-05,6,2,0,0,0,28,0,1,3
cohort_1,37,offset_c0.8,7,joint_projected,,1.0,0.31688021100126207,0.31688021100126207,0.3450588749255985,14.26564337,0.766691966331,0.00460224442399,0.06307532355044218,0.106530963,0.000137525,3.0299e-05,0,0.106389129,7.8771e-05,3.716e-06,4.961e-05,15,2,0,0,0,29,3,6,3
cohort_1,37,offset_c0.8,8,joint_projected,,1.0,0.18083229893818498,0.18083229893818498,0.20878968900069594,5.32722353704,0.677263079381,0.00490224292975,0.07893633534135454,0.106828787,4.9788e-05,6.326e-06,0,0.106731861,5.3138e-05,6.38e-07,2.8939e-05,1,1,0,0,0,29,0,0,0
cohort_1,37,offset_c0.8,9,joint_projected,,1.0,0.20228082104586065,0.20228082104586065,0.23062070598825812,10.2210700638,0.693219081449,0.00487722234312,0.0715971128290842,0.127429257,0.000230503,4.3319e-05,0,0.127208413,0.000129105,6.035e-06,8.5599e-05,25,6,0,0,0,30,2,9,6
cohort_1,37,offset_c0.8,0,ompl_uniform,,1.0,0.13613357895519584,0.13613357895519584,0.1374014620669186,13.7441093965,1.46773688655,0.00466896625388,0.0672267769505991,,,,,,,,,,,,,,,,,
cohort_1,37,offset_c0.8,1,ompl_uniform,,1.0,0.14890438597649336,0.14890438597649336,0.15025307703763247,13.0094006208,2.74410424353,0.00480647086296,0.08068740308119146,,,,,,,,,,,,,,,,,
cohort_1,37,offset_c0.8,2,ompl_uniform,,1.0,0.16481186205055565,0.16481186205055565,0.16599934606347233,11.8278010999,1.80723111932,0.00485924667494,0.0676829418328945,,,,,,,,,,,,,,,,,
cohort_1,37,offset_c0.8,3,ompl_uniform,,1.0,0.12864271400030702,0.12864271400030702,0.12999355501960963,13.3853280203,1.46513578166,0.00481685766569,0.08054409031257265,,,,,,,,,,,,,,,,,
cohort_1,37,offset_c0.8,4,ompl_uniform,,1.0,0.17643213202245533,0.17643213202245533,0.17773156601469964,14.5861831908,2.83583837777,0.00463021293264,0.0802273281450904,,,,,,,,,,,,,,,,,
cohort_1,37,offset_c0.8,5,ompl_uniform,,1.0,0.20170335192233324,0.20170335192233324,0.2033037090441212,13.3681214643,0.56629640312,0.0039507567997,0.07627369669266709,,,,,,,,,,,,,,,,,
cohort_1,37,offset_c0.8,6,ompl_uniform,,1.0,0.16325123596470803,0.16325123596470803,0.1646923089865595,13.0829188658,1.29808130138,0.00466675966084,0.07165548715476777,,,,,,,,,,,,,,,,,
cohort_1,37,offset_c0.8,7,ompl_uniform,,1.0,0.09803675208240747,0.09803675208240747,0.09921577293425798,11.7486459048,0.768179557841,0.00448366877929,0.07998469659862581,,,,,,,,,,,,,,,,,
cohort_1,37,offset_c0.8,8,ompl_uniform,,1.0,0.2007055199937895,0.2007055199937895,0.20178708096500486,12.7281098703,2.01124409028,0.00443844456747,0.0799100920195866,,,,,,,,,,,,,,,,,
cohort_1,37,offset_c0.8,9,ompl_uniform,,1.0,0.19441789598204195,0.19441789598204195,0.19593818206340075,13.3117699203,2.87094828328,0.00545300586486,0.06491798196956372,,,,,,,,,,,,,,,,,
cohort_1,38,offset_c0.8,0,cartesian_ik,,1.0,0.07998094393406063,0.07998094393406063,0.10280177206732333,5.25063431659,0.597063933651,0.00849556513966,0.05145192787944028,1.0659e-05,0.001510176,2.542e-06,0.001295529,0,0,0,0.00014334,3,2,0,0,3,0,0,0,0
cohort_1,38,offset_c0.8,1,cartesian_ik,,1.0,0.15552679810207337,0.15552679810207337,0.17836847412399948,11.0511227061,0.973845862431,0.00835319727558,0.10952559258430691,2.5787e-05,0.011647202,5.01e-06,0.011390299,0,0,0,0.000138317,5,2,0,0,5,0,0,0,0
cohort_1,38,offset_c0.8,2,cartesian_ik,,1.0,0.235859620035626,0.235859620035626,0.2595011410303414,15.3717132885,1.63251800047,0.00281331234705,0.06996665211766406,5.2015e-05,0.021912423,3.469e-06,0.02159488,0,0,0,0.000170313,12,8,0,0,12,0,0,0,0
cohort_1,38,offset_c0.8,3,cartesian_ik,,1.0,0.143085389980115,0.143085389980115,0.16586438508238643,9.58445649193,0.722155639496,0.0215792182249,0.077056571399586,1.5833e-05,0.004236291,1.925e-06,0.004071426,0,0,0,9.446e-05,2,1,0,0,2,0,0,0,0
cohort_1,38,offset_c0.8,4,cartesian_ik,,1.0,0.0686631869757548,0.0686631869757548,0.09149635711219162,8.81252432152,0.584268587952,0.0237366196984,0.13131791209459567,1.2221e-05,0.006913713,3.758e-06,0.006638228,0,0,0,0.000167861,5,4,0,0,5,0,0,0,0
cohort_1,38,offset_c0.8,5,cartesian_ik,,1.0,0.3049859390594065,0.3049859390594065,0.3279248410835862,17.579211176,1.09765461209,0.000811674880457,0.0415993350012208,3.0411e-05,0.005050003,4.91e-06,0.004742542,0,0,0,0.000185177,7,3,0,0,7,0,0,0,0
cohort_1,38,offset_c0.8,6,cartesian_ik,,1.0,0.29227953602094203,0.29227953602094203,0.3167619979940355,14.1923168386,1.04641826929,0.00676769075711,0.07515567274006243,1.8159e-05,0.07098647,1.2912e-05,0.070148201,0,0,0,0.000434482,20,7,0,0,20,0,0,0,0
cohort_1,38,offset_c0.8,7,cartesian_ik,,1.0,0.21546360303182155,0.21546360303182155,0.23851156211458147,15.8024569025,1.26256090984,0.0157138922898,0.08558861819020294,8.035e-06,0.072437701,9.23e-06,0.071580502,0,0,0,0.000480291,28,15,0,0,28,0,0,0,0
cohort_1,38,offset_c0.8,8,cartesian_ik,,1.0,0.18203568109311163,0.18203568109311163,0.2049865530570969,9.14127190889,0.640100028138,0.0156636677956,0.10293656112257409,3.2697e-05,0.032601263,6.442e-06,0.031949008,0,0,0,0.000393813,20,9,0,0,20,0,0,0,0
cohort_1,38,offset_c0.8,9,cartesian_ik,,1.0,0.16100394702516496,0.16100394702516496,0.18425918207503855,12.6392494549,1.19221227539,0.0152093075149,0.11184263622867097,4.8602e-05,0.032323944,3.401e-06,0.032032877,0,0,0,0.000198417,9,1,0,0,9,0,0,0,0
cohort_1,38,offset_c0.8,0,joint_projected,,1.0,0.10042209702078253,0.10042209702078253,0.1344381091184914,12.4261184005,0.705456727919,0.00395474699453,0.04441474860807366,0.014921397,8.464e-05,1.2553e-05,0,0.014824771,6.0135e-05,2.141e-06,3.8806e-05,3,2,0,0,0,17,0,1,0
cohort_1,38,offset_c0.8,1,joint_projected,,1.0,0.12874174606986344,0.12874174606986344,0.1516749031143263,10.4869200202,0.690448167092,0.0153656847505,0.12896358095039537,0.01296698,0.0001008,2.8916e-05,0,0.012770722,0.000118546,2.315e-06,2.8304e-05,6,1,0,0,0,15,3,2,0
cohort_1,38,offset_c0.8,2,joint_projected,,1.0,0.2540748859755695,0.2540748859755695,0.27715557103510946,12.0932891758,0.657393897641,0.00591917362535,0.05792733154474018,0.031647911,0.000650752,0.000151446,0,0.031512223,7.9846e-05,2.7296e-05,0.000172267,51,10,0,0,0,16,7,31,0
cohort_1,38,offset_c0.8,3,joint_projected,,1.0,0.2690998180769384,0.2690998180769384,0.2921728400979191,18.3513159627,1.51325973576,0.0203984022346,0.09861265880160118,0.019723368,0.00109207,0.000295041,0,0.019452378,0.0001534,3.1376e-05,0.000272289,51,9,0,0,0,15,11,19,0
cohort_1,38,offset_c0.8,4,joint_projected,,1.0,0.20316197106149048,0.20316197106149048,0.2270085330819711,15.2863171689,1.38537139573,0.00851383339766,0.10954719861120493,0.010464218,0.00070613,0.000167222,0,0.010345886,7.0152e-05,2.4977e-05,0.000192572,35,7,0,0,0,16,4,20,0
cohort_1,38,offset_c0.8,5,joint_projected,,1.0,0.24661660206038505,0.24661660206038505,0.27095850405748934,15.7638320756,1.26351465272,0.0298048109875,0.12735752803563424,0.02624346,0.00120826,0.000260457,0,0.026085845,0.000101033,3.7958e-05,0.000413553,86,17,0,0,0,16,15,36,0
cohort_1,38,offset_c0.8,6,joint_projected,,1.0,0.17440490401349962,0.17440490401349962,0.1983391250250861,9.52993394393,0.646886927093,0.00461257411834,0.04826419478300626,0.038686274,0.001417429,0.000299552,0,0.038447646,0.00014791,3.9131e-05,0.000564396,95,14,0,0,0,19,17,43,0
cohort_1,38,offset_c0.8,7,joint_projected,,1.0,0.10424830403644592,0.10424830403644592,0.12981034605763853,4.12371753007,0.635306902204,0.00150250394604,0.08244871715115556,0.048573132,0.001158413,0.000280526,0,0.048416539,9.6694e-05,4.5504e-05,0.000292956,141,27,0,0,0,18,21,83,0
cohort_1,38,offset_c0.8,8,joint_projected,,1.0,0.10653449397068471,0.10653449397068471,0.1303137680515647,4.95310847682,0.70715616098,0.0146048650495,0.05462463656720663,0.029927733,0.000359965,6.3852e-05,0,0.029548527,0.000231115,1.2697e-05,0.000147043,5,2,0,0,0,17,0,3,0
cohort_1,38,offset_c0.8,9,joint_projected,,1.0,0.06448807497508824,0.06448807497508824,0.08741967496462166,4.86365814952,0.690915060772,0.000283503583872,0.05701102154309196,0.01061666,0.000129546,2.6858e-05,0,0.010512985,6.4744e-05,4.397e-06,3.528e-05,9,3,0,0,0,15,0,5,0
cohort_1,38,offset_c0.8,0,ompl_uniform,,1.0,0.1791906621074304,0.1791906621074304,0.18015623500104994,13.5737534586,3.22692768569,0.0155344133346,0.09367176767088504,,,,,,,,,,,,,,,,,
cohort_1,38,offset_c0.8,1,ompl_uniform,,1.0,0.13549595896620303,0.13549595896620303,0.13688344799447805,12.4967570423,2.21472336111,0.0363380088441,0.09022114441294768,,,,,,,,,,,,,,,,,
cohort_1,38,offset_c0.8,2,ompl_uniform,,1.0,0.15866472304333,0.15866472304333,0.1598769740667194,12.5543773195,0.937777979333,0.0176823549554,0.08406188668821592,,,,,,,,,,,,,,,,,
cohort_1,38,offset_c0.8,3,ompl_uniform,,1.0,0.13973903201986104,0.13973903201986104,0.14083612093236297,14.3548659542,2.0617216126,0.0179107884212,0.08659000815191267,,,,,,,,,,,,,,,,,
cohort_1,38,offset_c0.8,4,ompl_uniform,,1.0,0.25833037798292935,0.25833037798292935,0.25956211902666837,14.0622232518,2.79374228661,0.049520059025,0.12347056557691428,,,,,,,,,,,,,,,,,
cohort_1,38,offset_c0.8,5,ompl_uniform,,1.0,0.25502203998621553,0.25502203998621553,0.2566244130721316,21.3551154627,3.8404724323,0.0478408905421,0.106883256273936,,,,,,,,,,,,,,,,,
cohort_1,38,offset_c0.8,6,ompl_uniform,,1.0,0.17823985102586448,0.17823985102586448,0.18374937598127872,12.4660150854,2.14602191743,0.0319818607366,0.11808543139068066,,,,,,,,,,,,,,,,,
cohort_1,38,offset_c0.8,7,ompl_uniform,,1.0,0.15158898592926562,0.15158898592926562,0.15291590988636017,12.6387708826,2.58386161337,0.00624170407748,0.06369442655486947,,,,,,,,,,,,,,,,,
cohort_1,38,offset_c0.8,8,ompl_uniform,,1.0,0.14059654192533344,0.14059654192533344,0.14188311609905213,13.9673640501,1.9120177447,0.0120991950415,0.09224692541122471,,,,,,,,,,,,,,,,,
cohort_1,38,offset_c0.8,9,ompl_uniform,,1.0,0.15772587002720684,0.15772587002720684,0.1589053370989859,13.3007946388,3.0186529552,0.0541707996367,0.13141328416140852,,,,,,,,,,,,,,,,,
cohort_1,39,offset_c0.8,0,cartesian_ik,,1.0,0.1948418109677732,0.1948418109677732,0.21830364095512778,13.425441109,1.14141827595,0.03019743876,0.11608577238477163,7.77e-06,0.000579312,1.235e-06,0.000507803,0,0,0,3.9428e-05,1,1,0,0,1,0,0,0,0
cohort_1,39,offset_c0.8,1,cartesian_ik,,1.0,0.18826127401553094,0.18826127401553094,0.21232882095500827,12.406231413,1.31763172525,0.0136230218918,0.09912944135283093,1.0427e-05,0.018999356,3.224e-06,0.018802612,0,0,0,0.000103408,8,4,0,0,8,0,0,0,0
cohort_1,39,offset_c0.8,2,cartesian_ik,,1.0,0.12320477899629623,0.12320477899629623,0.14978478092234582,8.7620100595,0.833244800127,0.0100745903201,0.10717918378807653,1.6503e-05,0.016321423,5.297e-06,0.015882985,0,0,0,0.000228382,6,3,0,0,6,0,0,0,0
cohort_1,39,offset_c0.8,3,cartesian_ik,,1.0,0.11382487905211747,0.11382487905211747,0.13750896393321455,13.4125462222,1.90292368356,0.0300482201008,0.11250793881815135,1.2493e-05,0.004315769,1.923e-06,0.004136723,0,0,0,0.00012898,2,1,0,0,2,0,0,0,0
cohort_1,39,offset_c0.8,4,cartesian_ik,,1.0,0.20265575393568724,0.20265575393568724,0.22677800490055233,13.4113351051,1.28169771347,0.0298971693706,0.11600413650142066,9.529e-06,0.000514045,1.586e-06,0.000439796,0,0,0,3.8235e-05,1,1,0,0,1,0,0,0,0
cohort_1,39,offset_c0.8,5,cartesian_ik,,1.0,0.09337897307705134,0.09337897307705134,0.11688189895357937,6.91772005514,0.560395068031,0.0301540843925,0.11262554942482124,2.6173e-05,0.018546494,7.232e-06,0.01812168,0,0,0,0.000251324,4,1,0,0,4,0,0,0,0
cohort_1,39,offset_c0.8,6,cartesian_ik,,1.0,0.16010628000367433,0.16010628000367433,0.18358071893453598,12.5678256224,0.941397808058,0.0303282288246,0.115972357358429,2.2987e-05,0.006110225,2.455e-06,0.006004588,0,0,0,5.079e-05,2,1,0,0,2,0,0,0,0
cohort_1,39,offset_c0.8,7,cartesian_ik,,1.0,0.16684396099299192,0.16684396099299192,0.1902439179830253,10.6923173692,0.734757560877,0.0305521219267,0.11607870183520227,2.9669e-05,0.011578897,3.589e-06,0.011432754,0,0,0,3.834e-05,2,1,0,0,2,0,0,0,0
cohort_1,39,offset_c0.8,8,cartesian_ik,,1.0,0.2166987620294094,0.2166987620294094,0.24012012593448162,13.3963925276,1.28114292853,0.0299011758893,0.11617285450160508,1.796e-05,0.0203416,3.857e-06,0.020107066,0,0,0,0.000124654,7,2,0,0,7,0,0,0,0
cohort_1,39,offset_c0.8,9,cartesian_ik,,1.0,0.22681490296963602,0.22681490296963602,0.250404282938689,12.8919815307,0.604195649326,0.00816376854001,0.09039603083596512,2.3869e-05,0.040357063,1.6717e-05,0.039342525,0,0,0,0.000522504,22,10,0,0,22,0,0,0,0
cohort_1,39,offset_c0.8,0,joint_projected,,1.0,0.11200377100612968,0.11200377100612968,0.13545947894454002,3.85865675536,0.617145433925,0.0154442826432,0.09508035417247823,0.015800988,0.000162623,3.8653e-05,0,0.01565082,9.9765e-05,4.829e-06,4.8832e-05,10,2,0,0,0,16,2,5,0
cohort_1,39,offset_c0.8,1,joint_projected,,1.0,0.08038334990851581,0.08038334990851581,0.10368760686833411,2.18029743614,0.501503293476,0.030108251084,0.10169853247222826,0.02792612,4.247e-05,5.78e-06,0,0.027711728,0.00012988,6.05e-07,2.3068e-05,1,1,0,0,0,16,0,0,0
cohort_1,39,offset_c0.8,2,joint_projected,,1.0,0.12263715697918087,0.12263715697918087,0.14645218290388584,13.2446828061,0.84731305972,0.0184401473066,0.11463603902607511,0.01430386,9.2524e-05,1.335e-05,0,0.014151203,9.8001e-05,1.751e-06,4.835e-05,2,1,0,0,0,16,0,1,0
cohort_1,39,offset_c0.8,3,joint_projected,,1.0,0.19471788604278117,0.19471788604278117,0.21857896691653877,14.3513046768,0.824546776885,0.0219952382081,0.10186603793523102,0.014645912,0.000129464,2.523e-05,0,0.01454153,6.4922e-05,3.15e-06,4.5419e-05,10,4,0,0,0,17,0,4,0
cohort_1,39,offset_c0.8,4,joint_projected,,1.0,0.06549249996896833,0.06549249996896833,0.08887810201849788,1.980356271,0.38065979887,0.00337515496487,0.09774232592382234,0.01036327,7.7342e-05,1.9145e-05,0,0.010278206,4.403e-05,1.621e-06,2.3869e-05,7,2,0,0,0,15,2,1,0
cohort_1,39,offset_c0.8,5,joint_projected,,1.0,0.051025621010921896,0.051025621010921896,0.07484134088736027,5.05392339013,0.623572120377,0.0297222112124,0.10551691817547752,0.007115939,0.000319839,7.002e-05,0,0.007014108,6.2176e-05,1.1201e-05,8.852e-05,13,5,0,0,0,15,1,5,0
cohort_1,39,offset_c0.8,6,joint_projected,,1.0,0.07476302201393992,0.07476302201393992,0.09807761094998568,2.471134822,0.491810562347,0.00249935889933,0.09787963836288653,0.013487694,0.000118254,3.995e-05,0,0.013387303,6.2536e-05,3.236e-06,2.7736e-05,17,1,0,0,0,15,4,6,0
cohort_1,39,offset_c0.8,7,joint_projected,,1.0,0.13146525295451283,0.13146525295451283,0.1558548278408125,10.3276663147,0.571176334752,0.00555932187818,0.07643143190238982,0.020659915,7.7088e-05,2.2422e-05,0,0.020485946,0.00011522,2.488e-06,1.6024e-05,7,1,0,0,0,16,2,4,0
cohort_1,39,offset_c0.8,8,joint_projected,,1.0,0.21518555807415396,0.21518555807415396,0.23975215898826718,11.5615106218,0.74383450245,0.000310089201436,0.08214718577521077,0.016974835,0.000117462,1.6912e-05,0,0.016736128,0.000138792,1.525e-06,6.0931e-05,3,2,0,0,0,15,0,0,0
cohort_1,39,offset_c0.8,9,joint_projected,,1.0,0.19281356409192085,0.19281356409192085,0.21687043795827776,13.4159810847,1.55010722824,0.0300672709097,0.07533413095488899,0.006070204,0.000367206,8.1123e-05,0,0.005918852,8.8618e-05,1.1676e-05,0.000130234,16,4,0,0,0,15,4,6,0
cohort_1,39,offset_c0.8,0,ompl_uniform,,1.0,0.16528551292140037,0.16528551292140037,0.16631252993829548,14.694710941,1.41879007023,0.0300613457511,0.11613921428139026,,,,,,,,,,,,,,,,,
cohort_1,39,offset_c0.8,1,ompl_uniform,,1.0,0.1442017190856859,0.1442017190856859,0.14548356994055212,12.3545586448,2.53472666065,0.0301661668048,0.11641803202136541,,,,,,,,,,,,,,,,,
cohort_1,39,offset_c0.8,2,ompl_uniform,,1.0,0.16536435496527702,0.16536435496527702,0.1668282370083034,13.2942675197,2.46612806322,0.0294069036343,0.11582927914215096,,,,,,,,,,,,,,,,,
cohort_1,39,offset_c0.8,3,ompl_uniform,,1.0,0.14093567000236362,0.14093567000236362,0.14208541892003268,14.8195596787,0.986785505199,0.00154755476343,0.09943517509966404,,,,,,,,,,,,,,,,,
cohort_1,39,offset_c0.8,4,ompl_uniform,,1.0,0.26560127595439553,0.26560127595439553,0.26709837501402944,17.582345247,3.92194198628,0.0292075803772,0.10164323195320418,,,,,,,,,,,,,,,,,
cohort_1,39,offset_c0.8,5,ompl_uniform,,1.0,0.1455835469532758,0.1455835469532758,0.14673586399294436,12.6981750082,2.45882031081,0.00668969994048,0.08721751059938164,,,,,,,,,,,,,,,,,
cohort_1,39,offset_c0.8,6,ompl_uniform,,1.0,0.19043483096174896,0.19043483096174896,0.19178206496872008,14.7822519664,2.41084369395,0.0296112955598,0.11539906979304068,,,,,,,,,,,,,,,,,
cohort_1,39,offset_c0.8,7,ompl_uniform,,1.0,0.12018860492389649,0.12018860492389649,0.12158102204557508,11.9544087119,1.68632512675,0.0298448476441,0.11585646743458969,,,,,,,,,,,,,,,,,
cohort_1,39,offset_c0.8,8,ompl_uniform,,1.0,0.2002317380392924,0.2002317380392924,0.20128846098668873,12.2293706366,2.89605131306,0.0294446346184,0.11620895918343868,,,,,,,,,,,,,,,,,
cohort_1,39,offset_c0.8,9,ompl_uniform,,1.0,0.1289466730086133,0.1289466730086133,0.13013363408390433,11.9642561092,1.66172999688,0.0140818895603,0.04785901915980505,,,,,,,,,,,,,,,,,
cohort_1,40,distant_c0.2,0,cartesian_ik,,1.0,0.1163099929690361,0.1163099929690361,0.13892203103750944,6.30071756115,0.33878804865,0.0209715019856,0.11048137974345741,2.4601e-05,0.002903372,2.107e-06,0.002706849,0,0,0,0.00011811,3,1,0,0,3,0,0,0,0
cohort_1,40,distant_c0.2,1,cartesian_ik,,1.0,0.3211919571040198,0.3211919571040198,0.34458449308294803,13.9781993794,1.35217604869,0.0221003217981,0.11048137974345741,1.8196e-05,0.003677456,2.39e-06,0.003470802,0,0,0,0.000121285,1,1,0,0,1,0,0,0,0
cohort_1,40,distant_c0.2,2,cartesian_ik,,1.0,0.09217036096379161,0.09217036096379161,0.11535842914599925,11.8404230521,1.18042421081,0.0221003217981,0.11048137974345741,1.3233e-05,0.001144704,1.884e-06,0.001032674,0,0,0,5.4768e-05,2,1,0,0,2,0,0,0,0
cohort_1,40,distant_c0.2,3,cartesian_ik,,1.0,0.1604944400023669,0.1604944400023669,0.18358891713432968,9.16000421976,0.528402128463,0.0221003217981,0.11048137974345741,2.0348e-05,0.005330295,2.374e-06,0.005157701,0,0,0,0.000112854,3,3,0,0,3,0,0,0,0
cohort_1,40,distant_c0.2,4,cartesian_ik,,1.0,0.22134713898412883,0.22134713898412883,0.24561725207604468,11.7368926951,0.53844290656,0.0221003217981,0.11048137974345741,5.0702e-05,0.017738229,8.679e-06,0.017086266,0,0,0,0.000392608,3,2,0,0,3,0,0,0,0
cohort_1,40,distant_c0.2,5,cartesian_ik,,1.0,0.1831591739319265,0.1831591739319265,0.20593457610812038,12.842975991,1.07579213606,0.0221003217981,0.11048137974345741,2.4093e-05,0.007450235,5.196e-06,0.007159037,0,0,0,0.000143513,5,4,0,0,5,0,0,0,0
cohort_1,40,distant_c0.2,6,cartesian_ik,,1.0,0.10782875504810363,0.10782875504810363,0.13071864505764097,2.41962557502,0.29139994888,0.0117820973122,0.11048137974345741,1.741e-05,0.011908349,5.835e-06,0.011495244,0,0,0,0.000232866,6,2,0,0,6,0,0,0,0
cohort_1,40,distant_c0.2,7,cartesian_ik,,1.0,0.18206404405646026,0.18206404405646026,0.20546256809029728,13.9607224856,0.982801421834,0.0198668169522,0.11048137974345741,3.0093e-05,0.01050321,4.658e-06,0.010209822,0,0,0,0.000130932,3,2,0,0,3,0,0,0,0
cohort_1,40,distant_c0.2,8,cartesian_ik,,1.0,0.08301220904104412,0.08301220904104412,0.10620781197212636,4.39762358659,0.432261354471,0.00945647587612,0.11048137974345741,2.5306e-05,0.000317591,1.048e-06,0.000239529,0,0,0,1.8436e-05,1,1,0,0,1,0,0,0,0
cohort_1,40,distant_c0.2,9,cartesian_ik,,1.0,0.17128257604781538,0.17128257604781538,0.1949260700494051,13.871641015,0.968332677813,0.00280894147929,0.11048137974345741,2.2e-05,0.01924702,3.317e-06,0.019072419,0,0,0,8.8307e-05,5,2,0,0,5,0,0,0,0
cohort_1,40,distant_c0.2,0,joint_projected,,1.0,0.034931252943351865,0.034931252943351865,0.057722082012332976,2.10871667347,0.2731973565,0.0221003217981,0.11048137974345741,0.008068571,0.000864738,0.000212493,0,0.007981191,5.3906e-05,3.3804e-05,0.000273467,76,9,0,0,0,15,6,36,0
cohort_1,40,distant_c0.2,1,joint_projected,,1.0,0.034600385930389166,0.034600385930389166,0.05782493611332029,1.7755355222,0.268759924622,0.00542832154811,0.11048137974345741,0.020133422,0.000125179,2.9375e-05,0,0.019989669,9.1365e-05,3.886e-06,4.1525e-05,5,1,0,0,0,16,1,3,0
cohort_1,40,distant_c0.2,2,joint_projected,,1.0,0.09281887707766145,0.09281887707766145,0.11617464700248092,1.84750887951,0.254220159568,0.0217261258764,0.11048137974345741,0.010589572,7.4189e-05,1.5781e-05,0,0.010478975,7.1159e-05,1.712e-06,2.9538e-05,3,1,0,0,0,15,0,1,0
cohort_1,40,distant_c0.2,3,joint_projected,,1.0,0.20227455196436495,0.20227455196436495,0.22565648111049086,13.3722172803,1.07296477671,0.0145009007152,0.11048137974345741,0.021033265,0.000236272,5.9712e-05,0,0.020947907,4.6783e-05,6.32e-06,7.6563e-05,25,3,0,0,0,17,6,10,0
cohort_1,40,distant_c0.2,4,joint_projected,,1.0,0.10990428691729903,0.10990428691729903,0.13274622813332826,2.01215889308,0.240481496676,0.0151676553181,0.11048137974345741,0.015419287,0.000480778,9.7558e-05,0,0.015328063,5.3345e-05,1.4561e-05,0.000199925,34,4,0,0,0,17,2,15,0
cohort_1,40,distant_c0.2,5,joint_projected,,1.0,0.12410628399811685,0.12410628399811685,0.14725860801991075,1.5824301806,0.276020983029,0.0155121377226,0.11048137974345741,0.015872119,0.000446954,9.697e-05,0,0.015563724,0.00019946,1.2232e-05,0.000150058,22,5,0,0,0,15,2,11,0
cohort_1,40,distant_c0.2,6,joint_projected,,1.0,0.12719842698425055,0.12719842698425055,0.15027692110743374,9.1513545235,0.563810502945,0.0221003217981,0.11048137974345741,0.02684944,9.9661e-05,2.3557e-05,0,0.026627572,0.000154529,2.491e-06,4.1997e-05,4,1,0,0,0,16,0,2,0
cohort_1,40,distant_c0.2,7,joint_projected,,1.0,0.09567968000192195,0.09567968000192195,0.1186647959984839,4.10164430269,0.316873620264,0.00980267693615,0.1080052229007359,0.054616957,0.000150947,3.1917e-05,0,0.054465875,8.8735e-05,4.234e-06,6.4127e-05,11,1,0,0,0,19,2,6,0
cohort_1,40,distant_c0.2,8,joint_projected,,1.0,0.03044020605739206,0.03044020605739206,0.05338485003449023,3.78935627277,0.273742190208,0.0200891579283,0.11048137974345741,0.016490326,5.8901e-05,1.1095e-05,0,0.016377148,7.2225e-05,1.313e-06,2.4505e-05,2,1,0,0,0,16,0,1,0
cohort_1,40,distant_c0.2,9,joint_projected,,1.0,0.19507926097139716,0.19507926097139716,0.2181998350424692,13.1526248615,0.907843001719,0.00826991081118,0.11048137974345741,0.047884604,0.000490076,0.000105584,0,0.047532578,0.000225098,1.5242e-05,0.000186094,9,2,0,0,0,17,0,5,0
cohort_1,40,distant_c0.2,0,ompl_uniform,,1.0,0.17349155095871538,0.17349155095871538,0.17483185301534832,13.3006526146,2.88932353248,0.0221003217981,0.11048137974345741,,,,,,,,,,,,,,,,,
cohort_1,40,distant_c0.2,1,ompl_uniform,,1.0,0.09238364303018898,0.09238364303018898,0.09388764505274594,12.6539931844,1.80497486096,0.0206140834659,0.11048137974345741,,,,,,,,,,,,,,,,,
cohort_1,40,distant_c0.2,2,ompl_uniform,,1.0,0.2327086339937523,0.2327086339937523,0.2342262810561806,13.0800343159,1.96774682392,0.0220092191577,0.11048137974345741,,,,,,,,,,,,,,,,,
cohort_1,40,distant_c0.2,3,ompl_uniform,,1.0,0.21018997102510184,0.21018997102510184,0.21140512195415795,14.6223085489,2.25153902748,0.0179568896322,0.11048137974345741,,,,,,,,,,,,,,,,,
cohort_1,40,distant_c0.2,4,ompl_uniform,,1.0,0.09820178302470595,0.09820178302470595,0.09949458797927946,10.1124350272,0.444546788482,0.0221003217981,0.11048137974345741,,,,,,,,,,,,,,,,,
cohort_1,40,distant_c0.2,5,ompl_uniform,,1.0,0.12023369292728603,0.12023369292728603,0.12152015906758606,13.5091146343,1.39622418123,0.0221003217981,0.11048137974345741,,,,,,,,,,,,,,,,,
cohort_1,40,distant_c0.2,6,ompl_uniform,,1.0,0.16811860702000558,0.16811860702000558,0.16976452502422035,13.7119263198,2.95818062669,0.021559692523,0.11048137974345741,,,,,,,,,,,,,,,,,
cohort_1,40,distant_c0.2,7,ompl_uniform,,1.0,0.21082711103372276,0.21082711103372276,0.21253759507089853,13.8497347276,1.04559476283,0.0113294331605,0.10373324940709233,,,,,,,,,,,,,,,,,
cohort_1,40,distant_c0.2,8,ompl_uniform,,1.0,0.21025170700158924,0.21025170700158924,0.2114233149914071,14.386967226,0.880541344855,0.00145285104,0.10032789972911182,,,,,,,,,,,,,,,,,
cohort_1,40,distant_c0.2,9,ompl_uniform,,1.0,0.1914669800316915,0.1914669800316915,0.19316184800118208,14.3145282991,3.11126377901,0.0221003217981,0.11048137974345741,,,,,,,,,,,,,,,,,
cohort_1,41,distant_c0.2,0,cartesian_ik,,1.0,0.15207200008444488,0.15207200008444488,0.17507292598020285,9.97480856106,0.688055443449,0.0388991158314,0.11877042959956421,1.8998e-05,0.009897511,5.235e-06,0.009631208,0,0,0,0.000120645,4,2,0,0,4,0,0,0,0
cohort_1,41,distant_c0.2,1,cartesian_ik,,1.0,0.12095596396829933,0.12095596396829933,0.1446097488515079,2.62764378191,0.385062979398,0.0395915301273,0.11953038923156722,1.4189e-05,0.001537923,1.692e-06,0.001440696,0,0,0,5.3429e-05,1,1,0,0,1,0,0,0,0
cohort_1,41,distant_c0.2,2,cartesian_ik,,1.0,0.1701058220351115,0.1701058220351115,0.1935004679253325,12.5446749026,0.615659937943,0.038907210002,0.11874837723817402,5.2682e-05,0.014477353,3.636e-06,0.014247161,0,0,0,0.00012295,4,2,0,0,4,0,0,0,0
cohort_1,41,distant_c0.2,3,cartesian_ik,,1.0,0.047993435990065336,0.047993435990065336,0.07141272188164294,3.69847589503,0.485980909539,0.0385596077034,0.11840194989019787,1.1922e-05,0.00279168,2.642e-06,0.002593707,0,0,0,0.000108968,2,2,0,0,2,0,0,0,0
cohort_1,41,distant_c0.2,4,cartesian_ik,,1.0,0.1116674579679966,0.1116674579679966,0.13528387888800353,11.1816605856,0.785202547305,0.00558594689744,0.09498361618228973,2.256e-05,0.014072416,5.731e-06,0.013866073,0,0,0,7.615e-05,3,1,0,0,3,0,0,0,0
cohort_1,41,distant_c0.2,5,cartesian_ik,,1.0,0.22638142702635378,0.22638142702635378,0.24975707894191146,12.8911587974,0.930258856983,0.0393645565408,0.1194339085692695,3.089e-05,0.000343226,1.368e-06,0.000274398,0,0,0,3.6445e-05,1,1,0,0,1,0,0,0,0
cohort_1,41,distant_c0.2,6,cartesian_ik,,1.0,0.17877124901860952,0.17877124901860952,0.20198344893287867,14.1426365832,0.811789980659,0.010021025189,0.08405438692543464,2.6835e-05,0.007131805,3.585e-06,0.006963629,0,0,0,7.188e-05,2,1,0,0,2,0,0,0,0
cohort_1,41,distant_c0.2,7,cartesian_ik,,1.0,0.13469238101970404,0.13469238101970404,0.15830859588459134,8.9625293899,0.59154598518,0.039332313563,0.11935591737063916,2.7545e-05,0.018512822,4.647e-06,0.018350314,0,0,0,6.9722e-05,3,1,0,0,3,0,0,0,0
cohort_1,41,distant_c0.2,8,cartesian_ik,,1.0,0.19230890704784542,0.19230890704784542,0.2156679459149018,10.4601392908,0.665383024143,0.0391645621985,0.11912902122755528,1.0986e-05,0.00443322,3.207e-06,0.004019301,0,0,0,0.00028871,2,2,0,0,2,0,0,0,0
cohort_1,41,distant_c0.2,9,cartesian_ik,,1.0,0.1597626890288666,0.1597626890288666,0.18296446197200567,3.9803286396,0.331832555029,0.0232083250022,0.11593832214519223,2.0182e-05,0.040577916,5.154e-06,0.040428995,0,0,0,4.5416e-05,4,1,0,0,4,0,0,0,0
cohort_1,41,distant_c0.2,0,joint_projected,,1.0,0.19846615695860237,0.19846615695860237,0.22196600202005357,14.2284855193,1.07735973986,0.0389510815575,0.11877596922687911,0.014602522,5.043e-05,8.354e-06,0,0.014449741,8.7348e-05,9.62e-07,2.5492e-05,2,1,0,0,0,15,0,1,0
cohort_1,41,distant_c0.2,1,joint_projected,,1.0,0.19383888598531485,0.19383888598531485,0.2174735409207642,13.1520909254,0.533357487554,0.0387990823834,0.11957729395091618,0.042869548,0.000252683,4.7661e-05,0,0.042728073,8.5539e-05,5.397e-06,0.000130701,17,2,0,0,0,17,2,5,0
cohort_1,41,distant_c0.2,2,joint_projected,,1.0,0.12944525899365544,0.12944525899365544,0.15266041387803853,5.80915096596,0.327726718646,0.0225467385607,0.11712283511590402,0.034553054,0.000211351,4.044e-05,0,0.034324456,0.000147154,5.123e-06,8.1856e-05,6,2,0,0,0,16,2,2,0
cohort_1,41,distant_c0.2,3,joint_projected,,1.0,0.11431906197685748,0.11431906197685748,0.13740644499193877,8.23510405545,0.397082455261,0.0394577647228,0.11936684183811658,0.029510304,0.00014415,4.4737e-05,0,0.029341036,0.000105928,4.848e-06,3.3384e-05,12,1,0,0,0,17,3,7,0
cohort_1,41,distant_c0.2,4,joint_projected,,1.0,0.15234894200693816,0.15234894200693816,0.17579642694909126,7.27433158238,0.402713859274,0.0393180746641,0.11926152652626304,0.030310318,4.3066e-05,5.337e-06,0,0.030160794,8.6659e-05,4.92e-07,2.4741e-05,1,1,0,0,0,17,0,0,0
cohort_1,41,distant_c0.2,5,joint_projected,,1.0,0.12035726406611502,0.12035726406611502,0.14377438486553729,5.65164372034,0.40749064344,0.039426067866,0.1193925536777301,0.005678179,9.3498e-05,1.2577e-05,0,0.005579549,5.6837e-05,3.141e-06,4.2007e-05,1,1,0,0,0,15,0,0,0
cohort_1,41,distant_c0.2,6,joint_projected,,1.0,0.169560581096448,0.169560581096448,0.19338834600057453,12.629148549,0.871369370218,0.00277849545598,0.08021975345403183,0.015659618,0.000357968,6.016e-05,0,0.015393638,0.000163552,8.941e-06,0.000155545,4,2,0,0,0,15,0,2,0
cohort_1,41,distant_c0.2,7,joint_projected,,1.0,0.244816115940921,0.244816115940921,0.26900400896556675,13.0386013042,0.656354772681,0.0394714827549,0.1194826818124923,0.015954444,8.1213e-05,1.0501e-05,0,0.015685112,0.00017209,1.646e-06,4.1656e-05,1,1,0,0,0,15,0,0,0
cohort_1,41,distant_c0.2,8,joint_projected,,1.0,0.22427364194300026,0.22427364194300026,0.24748085101600736,11.7566913794,0.754101285349,0.0391146524523,0.11907860693163266,0.02603497,0.000157616,3.6005e-05,0,0.025795862,0.000153376,4.528e-06,5.5926e-05,14,3,0,0,0,16,4,7,0
cohort_1,41,distant_c0.2,9,joint_projected,,1.0,0.1846242370083928,0.1846242370083928,0.20779545593541116,12.7795101778,0.578607923841,0.00431987025968,0.10890637848976192,0.026952771,0.000101676,2.4348e-05,0,0.026822815,8.2286e-05,3.037e-06,3.3443e-05,5,1,0,0,0,17,0,3,0
cohort_1,41,distant_c0.2,0,ompl_uniform,,1.0,0.158526583109051,0.158526583109051,0.1597751509398222,12.9699556471,0.757973813643,0.0397181070923,0.11970244224590146,,,,,,,,,,,,,,,,,
cohort_1,41,distant_c0.2,1,ompl_uniform,,1.0,0.16403759398963302,0.16403759398963302,0.16535729495808482,13.0548927854,2.04722538153,0.0392053156459,0.11918603056759028,,,,,,,,,,,,,,,,,
cohort_1,41,distant_c0.2,2,ompl_uniform,,1.0,0.2008061840897426,0.2008061840897426,0.20207908505108207,13.2988399848,2.04188172416,0.0391986722251,0.11913768048799964,,,,,,,,,,,,,,,,,
cohort_1,41,distant_c0.2,3,ompl_uniform,,1.0,0.26654764101840556,0.26654764101840556,0.26832086907234043,18.5468222946,3.04197663937,0.0388290631559,0.1186831291201734,,,,,,,,,,,,,,,,,
cohort_1,41,distant_c0.2,4,ompl_uniform,,1.0,0.11965302308090031,0.11965302308090031,0.12125652993563563,12.5008345912,1.06462016439,0.0199667393317,0.11926211818437013,,,,,,,,,,,,,,,,,
cohort_1,41,distant_c0.2,5,ompl_uniform,,1.0,0.1478872960433364,0.1478872960433364,0.14933790103532374,12.260220717,1.01800309053,0.0387119913939,0.1184899702418366,,,,,,,,,,,,,,,,,
cohort_1,41,distant_c0.2,6,ompl_uniform,,1.0,0.11615342705044895,0.11615342705044895,0.11729784891940653,7.97137970449,0.81126293216,0.0385666004229,0.11833611904054117,,,,,,,,,,,,,,,,,
cohort_1,41,distant_c0.2,7,ompl_uniform,,1.0,0.14712381502613425,0.14712381502613425,0.14829095697496086,13.2963893843,2.15158578415,0.0156550960287,0.062107186912148164,,,,,,,,,,,,,,,,,
cohort_1,41,distant_c0.2,8,ompl_uniform,,1.0,0.0900234590517357,0.0900234590517357,0.09177606890443712,12.3973750319,0.862922033855,0.0394029736639,0.11939593886903352,,,,,,,,,,,,,,,,,
cohort_1,41,distant_c0.2,9,ompl_uniform,,1.0,0.16484267392661422,0.16484267392661422,0.16618641605600715,13.4568827675,2.21696369037,0.0389000166918,0.11878614464322287,,,,,,,,,,,,,,,,,
cohort_1,42,distant_c0.2,0,cartesian_ik,,1.0,0.14174656802788377,0.14174656802788377,0.16461323795374483,7.21895383192,0.427096584807,0.0381801510307,0.15396578266562308,2.963e-05,0.000848694,1.729e-06,0.000754858,0,0,0,4.9913e-05,1,1,0,0,1,0,0,0,0
cohort_1,42,distant_c0.2,1,cartesian_ik,,1.0,0.09675504895858467,0.09675504895858467,0.12017169699538499,6.44046577313,0.437628131482,0.110819388904,0.19984423455300648,2.6597e-05,0.003174224,3.703e-06,0.003054251,0,0,0,3.8938e-05,1,1,0,0,1,0,0,0,0
cohort_1,42,distant_c0.2,2,cartesian_ik,,1.0,0.1646326018963009,0.1646326018963009,0.18842964200302958,14.1180193198,0.924848505258,0.0113631335843,0.15355347336866437,2.2815e-05,0.014345023,2.64e-06,0.014099184,0,0,0,0.000165716,4,2,0,0,4,0,0,0,0
cohort_1,42,distant_c0.2,3,cartesian_ik,,1.0,0.09378889994695783,0.09378889994695783,0.11707536200992763,7.96279859633,0.65470869914,0.075576169348,0.1803300853273776,3.1784e-05,0.022894802,4.85e-06,0.022689238,0,0,0,9.6355e-05,6,2,0,0,6,0,0,0,0
cohort_1,42,distant_c0.2,4,cartesian_ik,,1.0,0.1072366350563243,0.1072366350563243,0.13049190607853234,2.94948192095,0.392836292693,0.110819388904,0.19984423455300648,2.1992e-05,0.000779185,2.045e-06,0.000663043,0,0,0,6.0372e-05,1,1,0,0,1,0,0,0,0
cohort_1,42,distant_c0.2,5,cartesian_ik,,1.0,0.2539004220161587,0.2539004220161587,0.2774131610058248,13.1026809024,0.841477839857,0.110819388904,0.19984423455300648,2.9978e-05,0.001670456,3.327e-06,0.001426697,0,0,0,0.000149854,1,1,0,0,1,0,0,0,0
cohort_1,42,distant_c0.2,6,cartesian_ik,,1.0,0.13074211694765836,0.13074211694765836,0.1537145139882341,5.51871977424,0.495274777301,0.0285048832457,0.14981289670225198,3.6758e-05,0.019476798,4.131e-06,0.019241258,0,0,0,0.000113363,3,1,0,0,3,0,0,0,0
cohort_1,42,distant_c0.2,7,cartesian_ik,,1.0,0.08934109099209309,0.08934109099209309,0.11269099300261587,6.63861739243,0.327314463864,0.0776779519501,0.18344024153127425,2.1088e-05,0.002646241,2.039e-06,0.002536346,0,0,0,6.1527e-05,1,1,0,0,1,0,0,0,0
cohort_1,42,distant_c0.2,8,cartesian_ik,,1.0,0.23446459404658526,0.23446459404658526,0.25794258702080697,16.5268951312,1.03657862256,0.000685105505395,0.10999874617814424,2.0497e-05,0.010875692,3.892e-06,0.010682903,0,0,0,6.9362e-05,4,3,0,0,4,0,0,0,0
cohort_1,42,distant_c0.2,9,cartesian_ik,,1.0,0.10090172197669744,0.10090172197669744,0.12561609002295882,10.1871438788,0.806190788823,0.095179173568,0.19984423455300648,2.114e-05,0.002536157,2.575e-06,0.002446565,0,0,0,3.6084e-05,1,1,0,0,1,0,0,0,0
cohort_1,42,distant_c0.2,0,joint_projected,,1.0,0.07438369409646839,0.07438369409646839,0.09733844199217856,2.48738594759,0.355855669443,0.0463959248721,0.16109032758571593,0.012712622,3.7101e-05,6.34e-06,0,0.012540377,9.8022e-05,4.8e-07,1.7521e-05,1,1,0,0,0,15,0,0,0
cohort_1,42,distant_c0.2,1,joint_projected,,1.0,0.10391850594896823,0.10391850594896823,0.12729747407138348,2.27894009398,0.439057369541,0.0625483624809,0.17852188801342625,0.023571357,0.000101677,3.2021e-05,0,0.023487207,4.7354e-05,4.485e-06,1.5949e-05,12,1,0,0,0,17,0,10,0
cohort_1,42,distant_c0.2,2,joint_projected,,1.0,0.10168614005669951,0.10168614005669951,0.12472574005369097,4.03282764211,0.305061895334,0.102844605001,0.19984423455300648,0.014897137,0.000190435,3.6627e-05,0,0.014773883,6.9153e-05,4.011e-06,9.3933e-05,13,1,0,0,0,16,4,6,0
cohort_1,42,distant_c0.2,3,joint_projected,,1.0,0.13420053396839648,0.13420053396839648,0.15833314508199692,3.82861386539,0.38352746799,0.104966752407,0.19984423455300648,0.063008746,0.000121885,2.7039e-05,0,0.062729055,0.000175042,3.419e-06,4.7317e-05,5,1,0,0,0,18,0,3,0
cohort_1,42,distant_c0.2,4,joint_projected,,1.0,0.29070577095262706,0.29070577095262706,0.3145054900087416,12.7858684746,0.833053124598,0.0134984136006,0.10670517847536132,0.022434045,0.000171549,4.9164e-05,0,0.022070134,0.00023231,8.072e-06,2.9294e-05,11,1,0,0,0,16,1,9,0
cohort_1,42,distant_c0.2,5,joint_projected,,1.0,0.047740024980157614,0.047740024980157614,0.07133072905708104,5.76478688592,0.304197095069,0.0446727933589,0.15444784634103903,0.007140311,4.0531e-05,6.049e-06,0,0.007056374,5.1769e-05,1.453e-06,1.8552e-05,1,1,0,0,0,15,0,0,0
cohort_1,42,distant_c0.2,6,joint_projected,,1.0,0.05988661805167794,0.05988661805167794,0.08426602906547487,2.22857168735,0.276005097341,0.0547322439155,0.166740753281173,0.014921769,6.2781e-05,8.343e-06,0,0.014715854,0.000126687,1.024e-06,3.2705e-05,1,1,0,0,0,15,0,0,0
cohort_1,42,distant_c0.2,7,joint_projected,,1.0,0.13510404690168798,0.13510404690168798,0.15803336212411523,9.97058532226,0.499417410993,0.110819388904,0.19984423455300648,0.015657705,0.000170819,4.4151e-05,0,0.015551581,6.0583e-05,6.871e-06,4.8281e-05,18,1,0,0,0,16,0,13,0
cohort_1,42,distant_c0.2,8,joint_projected,,1.0,0.06936629698611796,0.06936629698611796,0.09266987908631563,2.3045945686,0.340995559689,0.0860339550804,0.19721930040785057,0.02643251,5.8849e-05,1.3791e-05,0,0.026273921,9.4073e-05,1.798e-06,2.0949e-05,4,1,0,0,0,17,0,3,0
cohort_1,42,distant_c0.2,9,joint_projected,,1.0,0.10135840100701898,0.10135840100701898,0.12526960705872625,7.15153246268,0.460135378646,0.110819388904,0.19984423455300648,0.011122813,0.000104578,2.5745e-05,0,0.010962705,9.677e-05,2.574e-06,3.5333e-05,4,1,0,0,0,15,0,2,0
cohort_1,42,distant_c0.2,0,ompl_uniform,,1.0,0.16959628206677735,0.16959628206677735,0.17079519503749907,15.0295964937,1.53292200192,0.0704445120675,0.18966013064380938,,,,,,,,,,,,,,,,,
cohort_1,42,distant_c0.2,1,ompl_uniform,,1.0,0.15999754099175334,0.15999754099175334,0.1614866730524227,12.2314937486,0.890089087782,0.0099928471493,0.19848883237511963,,,,,,,,,,,,,,,,,
cohort_1,42,distant_c0.2,2,ompl_uniform,,1.0,0.08414098701905459,0.08414098701905459,0.08530882094055414,12.2336487728,0.512930397794,0.0630197822483,0.18753972729367638,,,,,,,,,,,,,,,,,
cohort_1,42,distant_c0.2,3,ompl_uniform,,1.0,0.20751527592074126,0.20751527592074126,0.20926611206959933,17.2323259212,1.75087530978,0.0332094215786,0.10136403082939292,,,,,,,,,,,,,,,,,
cohort_1,42,distant_c0.2,4,ompl_uniform,,1.0,0.17060109600424767,0.17060109600424767,0.17171041702385992,13.329399971,2.87002724191,0.110819388904,0.19984423455300648,,,,,,,,,,,,,,,,,
cohort_1,42,distant_c0.2,5,ompl_uniform,,1.0,0.22012251801788807,0.22012251801788807,0.22128359705675393,13.14438698,1.41893182651,0.0377599436156,0.12556417199985598,,,,,,,,,,,,,,,,,
cohort_1,42,distant_c0.2,6,ompl_uniform,,1.0,0.14667025906965137,0.14667025906965137,0.14782998897135258,13.1382552944,2.63767676566,0.107535131256,0.19984423455300648,,,,,,,,,,,,,,,,,
cohort_1,42,distant_c0.2,7,ompl_uniform,,1.0,0.21856705995742232,0.21856705995742232,0.21981987811159343,12.2979970077,0.895929664429,0.0103297460264,0.19984291136654928,,,,,,,,,,,,,,,,,
cohort_1,42,distant_c0.2,8,ompl_uniform,,1.0,0.18772395700216293,0.18772395700216293,0.1889214349212125,13.614700634,2.03013816852,0.106941210526,0.19984423455300648,,,,,,,,,,,,,,,,,
cohort_1,42,distant_c0.2,9,ompl_uniform,,1.0,0.19585827901028097,0.19585827901028097,0.1975231299875304,13.394908419,2.91008321501,0.110819388904,0.19984423455300648,,,,,,,,,,,,,,,,,
cohort_1,43,distant_c0.2,0,cartesian_ik,,1.0,0.12064112303778529,0.12064112303778529,0.1465000038733706,9.05515502671,0.60366026379,0.0369429058581,0.15050692520554781,2.6515e-05,0.000494868,3.468e-06,0.000406778,0,0,0,3.2365e-05,1,1,0,0,1,0,0,0,0
cohort_1,43,distant_c0.2,1,cartesian_ik,,1.0,0.194118807092309,0.194118807092309,0.22014390293043107,11.3475630146,0.815529875157,0.00432098430423,0.11248604316526706,5.7718e-05,0.001056771,2.8e-06,0.00093274,0,0,0,6.0557e-05,1,1,0,0,1,0,0,0,0
cohort_1,43,distant_c0.2,2,cartesian_ik,,1.0,0.1098489600699395,0.1098489600699395,0.13619564194232225,11.4762151044,0.706200160308,0.0575799435178,0.160528537270646,1.2051e-05,0.011482595,3.102e-06,0.011214193,0,0,0,0.000140564,11,9,0,0,11,0,0,0,0
cohort_1,43,distant_c0.2,3,cartesian_ik,,1.0,0.0668843820458278,0.0668843820458278,0.0927903859410435,4.45932317512,0.489208653096,0.036079585635,0.13424470075286157,2.1978e-05,0.000617569,1.597e-06,0.000516559,0,0,0,5.0869e-05,1,1,0,0,1,0,0,0,0
cohort_1,43,distant_c0.2,4,cartesian_ik,,1.0,0.16954064310994,0.16954064310994,0.19716630794573575,13.9029729506,1.01544398242,0.0631294739675,0.160528537270646,3.5285e-05,0.007828987,5.197e-06,0.007439268,0,0,0,0.000199341,5,5,0,0,5,0,0,0,0
cohort_1,43,distant_c0.2,5,cartesian_ik,,1.0,0.1502885059453547,0.1502885059453547,0.17633312998805195,5.3224928167,0.697550792509,0.0631294739675,0.160528537270646,4.236e-05,0.019803535,1.1162e-05,0.01899564,0,0,0,0.00044529,8,6,0,0,8,0,0,0,0
cohort_1,43,distant_c0.2,6,cartesian_ik,,1.0,0.07537938700988889,0.07537938700988889,0.1021088829729706,2.98672737139,0.315809854176,0.00367737942665,0.11638595115045729,1.8346e-05,0.001621186,1.962e-06,0.001521744,0,0,0,5.5499e-05,1,1,0,0,1,0,0,0,0
cohort_1,43,distant_c0.2,7,cartesian_ik,,1.0,0.21339108503889292,0.21339108503889292,0.23943473387043923,12.2286754238,0.54581455689,0.0456981437233,0.160528537270646,1.7084e-05,0.006342547,2.564e-06,0.006161946,0,0,0,0.00012609,2,1,0,0,2,0,0,0,0
cohort_1,43,distant_c0.2,8,cartesian_ik,,1.0,0.18011918908450752,0.18011918908450752,0.2061765119433403,14.5620373626,1.27504528521,0.0380792669803,0.160528537270646,4.3769e-05,0.001009994,1.688e-06,0.000801712,0,0,0,0.000165164,1,1,0,0,1,0,0,0,0
cohort_1,43,distant_c0.2,9,cartesian_ik,,1.0,0.20848067803308368,0.20848067803308368,0.234398023923859,13.4004142245,0.574611375483,0.0567378828737,0.15918805714297604,2.8273e-05,0.000651159,1.022e-06,0.000573081,0,0,0,4.535e-05,1,1,0,0,1,0,0,0,0
cohort_1,43,distant_c0.2,0,joint_projected,,1.0,0.05013810400851071,0.05013810400851071,0.07594040594995022,2.94922578191,0.306265191282,0.0214306827378,0.13609253953436037,0.018242726,0.000168728,3.9723e-05,0,0.018004354,0.000164246,5.228e-06,4.7308e-05,13,2,0,0,0,16,3,8,0
cohort_1,43,distant_c0.2,1,joint_projected,,1.0,0.12670303310733289,0.12670303310733289,0.1527899740030989,14.4017620839,1.23981037383,0.00656338072999,0.1142901994312216,0.009865017,0.000169363,2.9092e-05,0,0.009740911,7.9314e-05,4.078e-06,6.4553e-05,5,3,0,0,0,15,1,0,0
cohort_1,43,distant_c0.2,2,joint_projected,,1.0,0.16759968898259103,0.16759968898259103,0.1935413279570639,12.8744865024,0.886520953509,0.0532740165507,0.160528537270646,0.023265208,7.8349e-05,1.4462e-05,0,0.023079473,0.000115754,2.258e-06,3.0127e-05,5,2,0,0,0,16,0,3,0
cohort_1,43,distant_c0.2,3,joint_projected,,1.0,0.15498136496171355,0.15498136496171355,0.18183511798270047,10.5099782115,0.510392145879,0.0436887140811,0.15354474067003934,0.009389469,0.000254684,6.0573e-05,0,0.009227904,0.000103082,8.955e-06,6.4194e-05,11,3,0,0,0,15,2,6,0
cohort_1,43,distant_c0.2,4,joint_projected,,1.0,0.02478463004808873,0.02478463004808873,0.05258592905011028,1.83216421001,0.338734450896,0.0365692548254,0.15062496692473112,0.011006004,8.5136e-05,1.6751e-05,0,0.010869802,8.7944e-05,1.915e-06,3.3288e-05,2,1,0,0,0,15,0,1,0
cohort_1,43,distant_c0.2,5,joint_projected,,1.0,0.09443762095179409,0.09443762095179409,0.12065315502695739,6.08823404532,0.481901070565,0.0172266504365,0.1395915311914648,0.026741684,0.000251633,5.2581e-05,0,0.026415434,0.000193902,8.62e-06,9.1972e-05,6,2,0,0,0,16,1,3,0
cohort_1,43,distant_c0.2,6,joint_projected,,1.0,0.21553347096778452,0.21553347096778452,0.24151306494604796,13.2204292619,0.876282293293,0.0119459104825,0.12072677512349948,0.021100033,0.000156947,4.5727e-05,0,0.020930961,0.000113166,5.578e-06,3.5555e-05,10,1,0,0,0,15,3,6,0
cohort_1,43,distant_c0.2,7,joint_projected,,1.0,0.04060459497850388,0.04060459497850388,0.06669548398349434,2.71789722213,0.327693506073,0.0016694793842,0.11526366566380751,0.014673175,0.000149145,2.3828e-05,0,0.014579257,5.8828e-05,2.509e-06,7.3163e-05,9,3,0,0,0,15,2,1,0
cohort_1,43,distant_c0.2,8,joint_projected,,1.0,0.14665982103906572,0.14665982103906572,0.1727564069442451,7.51109856116,0.490770948286,0.0631294739675,0.160528537270646,0.017444933,9.6251e-05,1.9502e-05,0,0.017227179,0.000112945,2.171e-06,3.6311e-05,7,2,0,0,0,16,1,3,0
cohort_1,43,distant_c0.2,9,joint_projected,,1.0,0.11431064095813781,0.11431064095813781,0.14048932795412838,11.7982297776,0.656472281022,0.0442610486732,0.13883797838576611,0.011863948,0.000188273,2.3026e-05,0,0.011751361,7.4033e-05,3.981e-06,0.000120317,5,1,0,0,0,15,0,2,0
cohort_1,43,distant_c0.2,0,ompl_uniform,,1.0,0.1025303730275482,0.1025303730275482,0.10407661995850503,13.2708987522,2.44853130559,0.0615841912194,0.160528537270646,,,,,,,,,,,,,,,,,
cohort_1,43,distant_c0.2,1,ompl_uniform,,1.0,0.2374420469859615,0.2374420469859615,0.23859935195650905,13.1967056359,3.12543293879,0.0631294739675,0.160528537270646,,,,,,,,,,,,,,,,,
cohort_1,43,distant_c0.2,2,ompl_uniform,,1.0,0.13316557696089149,0.13316557696089149,0.13424494897481054,12.4098456369,1.35402416585,0.0459837869683,0.160528537270646,,,,,,,,,,,,,,,,,
cohort_1,43,distant_c0.2,3,ompl_uniform,,1.0,0.13598823302891105,0.13598823302891105,0.13752332399599254,13.3582952307,2.26223086674,0.0631294739675,0.160528537270646,,,,,,,,,,,,,,,,,
cohort_1,43,distant_c0.2,4,ompl_uniform,,1.0,0.14249680703505874,0.14249680703505874,0.1434636500198394,13.5210988084,2.49376108779,0.0631294739675,0.160528537270646,,,,,,,,,,,,,,,,,
cohort_1,43,distant_c0.2,5,ompl_uniform,,1.0,0.13804294099099934,0.13804294099099934,0.1390004709828645,10.0462887155,1.89845450113,0.0621730565938,0.160528537270646,,,,,,,,,,,,,,,,,
cohort_1,43,distant_c0.2,6,ompl_uniform,,1.0,0.1612565480172634,0.1612565480172634,0.16245859407354146,14.3034990816,1.88792300541,0.0631294739675,0.160528537270646,,,,,,,,,,,,,,,,,
cohort_1,43,distant_c0.2,7,ompl_uniform,,1.0,0.11509540898259729,0.11509540898259729,0.11622037691995502,13.3163900608,1.63386666574,0.0554537996464,0.131293280043327,,,,,,,,,,,,,,,,,
cohort_1,43,distant_c0.2,8,ompl_uniform,,1.0,0.1358925470849499,0.1358925470849499,0.1369186140364036,13.5039559349,1.64049810707,0.0631294739675,0.160528537270646,,,,,,,,,,,,,,,,,
cohort_1,43,distant_c0.2,9,ompl_uniform,,1.0,0.27544467407278717,0.27544467407278717,0.2765254400437698,14.3278510985,3.21303816776,0.0631294739675,0.160528537270646,,,,,,,,,,,,,,,,,
cohort_1,44,distant_c0.2,0,cartesian_ik,,1.0,0.21213866595644504,0.21213866595644504,0.2418642429402098,12.6211668272,0.848498601225,0.0494288981164,0.2089740801455448,3.4607e-05,0.022276733,5.139e-06,0.021954823,0,0,0,0.000184696,6,3,0,0,6,0,0,0,0
cohort_1,44,distant_c0.2,1,cartesian_ik,,1.0,0.1992592109600082,0.1992592109600082,0.22898228198755533,12.6362707001,0.653011031451,0.0395707030208,0.15541958327042604,2.0612e-05,0.010658338,2.357e-06,0.010516902,0,0,0,6.9653e-05,4,3,0,0,4,0,0,0,0
cohort_1,44,distant_c0.2,2,cartesian_ik,,1.0,0.11641307489480823,0.11641307489480823,0.14579819899518043,7.26700097057,0.522363840655,0.0494653528393,0.2057959583827286,1.1471e-05,0.000488011,1.667e-06,0.00040501,0,0,0,4.4085e-05,1,1,0,0,1,0,0,0,0
cohort_1,44,distant_c0.2,3,cartesian_ik,,1.0,0.07949907798320055,0.07949907798320055,0.10929341486189514,3.48378672811,0.462525419589,0.0362522373707,0.14168655947064152,5.4511e-05,0.00190232,2.681e-06,0.001774403,0,0,0,6.0196e-05,1,1,0,0,1,0,0,0,0
cohort_1,44,distant_c0.2,4,cartesian_ik,,1.0,0.039782491978257895,0.039782491978257895,0.06967894791159779,4.08159722212,0.520828702183,0.0494100001614,0.1945181818458922,1.2355e-05,0.003411755,4.576e-06,0.002997571,0,0,0,0.000286229,3,3,0,0,3,0,0,0,0
cohort_1,44,distant_c0.2,5,cartesian_ik,,1.0,0.10165980097372085,0.10165980097372085,0.13091973692644387,3.14031927043,0.402943837945,0.0494539441078,0.180263630383125,1.3515e-05,0.005116118,2.775e-06,0.004904619,0,0,0,0.000111622,2,2,0,0,2,0,0,0,0
cohort_1,44,distant_c0.2,6,cartesian_ik,,1.0,0.15331093897111714,0.15331093897111714,0.18335121986456215,11.917807191,0.650014513014,0.0501744742693,0.2089740801455448,2.28e-05,0.005600205,4.68e-06,0.005211651,0,0,0,0.000243429,7,4,0,0,7,0,0,0,0
cohort_1,44,distant_c0.2,7,cartesian_ik,,1.0,0.10458138294052333,0.10458138294052333,0.13457616791129112,6.04116587771,0.539345657591,0.0490843145561,0.2089740801455448,2.3959e-05,0.002329745,3.566e-06,0.002207191,0,0,0,2.8698e-05,1,1,0,0,1,0,0,0,0
cohort_1,44,distant_c0.2,8,cartesian_ik,,1.0,0.21126836794428527,0.21126836794428527,0.24211671692319214,13.3042683921,0.652865529504,0.00765361889468,0.11821372153457663,2.6062e-05,0.001307754,2.272e-06,0.00120833,0,0,0,4.5352e-05,1,1,0,0,1,0,0,0,0
cohort_1,44,distant_c0.2,9,cartesian_ik,,1.0,0.15413453499786556,0.15413453499786556,0.18401621200609952,10.2773188868,0.608510924818,0.00399027924046,0.09954662511743828,2.6516e-05,0.001113517,2.035e-06,0.000956146,0,0,0,7.923e-05,1,1,0,0,1,0,0,0,0
cohort_1,44,distant_c0.2,0,joint_projected,,1.0,0.042129506007768214,0.042129506007768214,0.07125962385907769,6.65128064385,0.357291766506,0.0494411251101,0.1903530666986203,0.011631278,0.000103183,2.4729e-05,0,0.011512306,7.8222e-05,3.091e-06,2.7845e-05,8,2,0,0,0,15,1,4,0
cohort_1,44,distant_c0.2,1,joint_projected,,1.0,0.11708554008509964,0.11708554008509964,0.14645915396977216,10.5074797674,0.667976714698,0.0505115949261,0.2089740801455448,0.018255572,0.000166135,4.4018e-05,0,0.018015679,0.0001497,7.802e-06,3.1445e-05,9,1,0,0,0,15,0,8,0
cohort_1,44,distant_c0.2,2,joint_projected,,1.0,0.12383301497902721,0.12383301497902721,0.1531542509328574,9.3728689562,0.58999083183,0.0463703971386,0.20641885706582622,0.014007138,0.000309725,7.9759e-05,0,0.013856079,0.000100921,1.0603e-05,7.3779e-05,16,3,0,0,0,15,2,11,0
cohort_1,44,distant_c0.2,3,joint_projected,,1.0,0.13664937997236848,0.13664937997236848,0.16742398287169635,7.7280169615,0.50250779756,0.0494204584906,0.2089740801455448,0.016217326,3.7863e-05,5.86e-06,0,0.016137085,5.0423e-05,4.79e-07,1.9545e-05,1,1,0,0,0,16,0,0,0
cohort_1,44,distant_c0.2,4,joint_projected,,1.0,0.060624654055573046,0.060624654055573046,0.09007344290148467,5.75210233927,0.431356623718,0.0228864871017,0.1371235962622129,0.014577741,0.000122586,1.8829e-05,0,0.014354259,0.000142433,1.837e-06,6.0162e-05,3,2,0,0,0,15,1,0,0
cohort_1,44,distant_c0.2,5,joint_projected,,1.0,0.11253682803362608,0.11253682803362608,0.14187558891717345,2.54895962787,0.373473286844,0.0496583571826,0.16336711740965712,0.020067533,0.0001175,2.7943e-05,0,0.019943144,7.84e-05,4.484e-06,3.2314e-05,12,2,0,0,0,16,1,8,0
cohort_1,44,distant_c0.2,6,joint_projected,,1.0,0.2625431609340012,0.2625431609340012,0.2922637158771977,17.5229929868,1.01478253864,0.0158142897836,0.11544301294118094,0.014826497,0.000609595,0.000153813,0,0.014730733,6.2746e-05,1.8232e-05,0.000164727,38,7,0,0,0,17,3,16,0
cohort_1,44,distant_c0.2,7,joint_projected,,1.0,0.1253658439964056,0.1253658439964056,0.1546113669173792,7.22837483227,0.42991996849,0.00431365921805,0.11637097172015216,0.012443233,0.00025964,3.7669e-05,0,0.01221319,0.00015708,6.641e-06,0.000107195,4,2,0,0,0,15,1,1,0
cohort_1,44,distant_c0.2,8,joint_projected,,1.0,0.03464112395886332,0.03464112395886332,0.06392223201692104,2.17059213452,0.362273892051,0.0233505883577,0.1384684740048286,0.012946073,0.000116298,3.2278e-05,0,0.012845232,6.2454e-05,4.21e-06,2.8591e-05,12,1,0,0,0,16,2,8,0
cohort_1,44,distant_c0.2,9,joint_projected,,1.0,0.1162469940027222,0.1162469940027222,0.14556978596374393,6.69965267383,0.494245015084,0.0501248594832,0.17377081743551043,0.024171417,6.4794e-05,1.4775e-05,0,0.023966793,0.000122404,1.833e-06,2.4067e-05,4,1,0,0,0,16,0,3,0
cohort_1,44,distant_c0.2,0,ompl_uniform,,1.0,0.14377894799690694,0.14377894799690694,0.1450497090118006,12.1000384957,1.62493697998,0.0498210286364,0.2089740801455448,,,,,,,,,,,,,,,,,
cohort_1,44,distant_c0.2,1,ompl_uniform,,1.0,0.15187428903300315,0.15187428903300315,0.15361279796343297,14.9039342594,2.2695646633,0.00663633516013,0.1411710247816801,,,,,,,,,,,,,,,,,
cohort_1,44,distant_c0.2,2,ompl_uniform,,1.0,0.21800344705116004,0.21800344705116004,0.2193894119700417,12.6030621528,2.23983687745,0.0504388552564,0.2089740801455448,,,,,,,,,,,,,,,,,
cohort_1,44,distant_c0.2,3,ompl_uniform,,1.0,0.16129406308755279,0.16129406308755279,0.16240826400462538,12.5562432106,2.48389203377,0.050270239802,0.2089740801455448,,,,,,,,,,,,,,,,,
cohort_1,44,distant_c0.2,4,ompl_uniform,,1.0,0.15731062600389123,0.15731062600389123,0.1587886429624632,14.0576473857,2.01237597294,0.0501930485007,0.2089740801455448,,,,,,,,,,,,,,,,,
cohort_1,44,distant_c0.2,5,ompl_uniform,,1.0,0.13690806203521788,0.13690806203521788,0.13801813905593008,11.9434494054,2.04638752523,0.0231970328869,0.2089740801455448,,,,,,,,,,,,,,,,,
cohort_1,44,distant_c0.2,6,ompl_uniform,,1.0,0.18683915305882692,0.18683915305882692,0.18836288002785295,14.889726868,1.41659604536,0.0485604513323,0.19850324807331482,,,,,,,,,,,,,,,,,
cohort_1,44,distant_c0.2,7,ompl_uniform,,1.0,0.15074666100554168,0.15074666100554168,0.15185934398323298,8.88259369867,0.594672889478,0.0499921679072,0.2089740801455448,,,,,,,,,,,,,,,,,
cohort_1,44,distant_c0.2,8,ompl_uniform,,1.0,0.14520745200570673,0.14520745200570673,0.14642612903844565,12.6059068229,1.4279508693,0.0503145233802,0.2089740801455448,,,,,,,,,,,,,,,,,
cohort_1,44,distant_c0.2,9,ompl_uniform,,1.0,0.17014216200914234,0.17014216200914234,0.17138807103037834,12.4777826621,1.74084663199,0.0500748620324,0.1653451036328302,,,,,,,,,,,,,,,,,
cohort_1,45,distant_c0.2,0,cartesian_ik,,1.0,0.15925103600602597,0.15925103600602597,0.1838050588266924,12.7323766772,0.708506640895,0.015122948913,0.13691475373529532,2.4763e-05,0.001642037,1.803e-06,0.001550198,0,0,0,4.8436e-05,1,1,0,0,1,0,0,0,0
cohort_1,45,distant_c0.2,1,cartesian_ik,,1.0,0.22847243503201753,0.22847243503201753,0.25317246990744025,13.3215858086,1.02681370569,0.00970014125375,0.1023029912342502,2.516e-05,0.002433183,2.551e-06,0.002245313,0,0,0,0.000112515,2,2,0,0,2,0,0,0,0
cohort_1,45,distant_c0.2,2,cartesian_ik,,1.0,0.21159570303279907,0.21159570303279907,0.2361226629000157,13.2282335016,0.822951911753,0.0129029077277,0.12702233028778864,2.0125e-05,0.004502311,1.318e-06,0.004420186,0,0,0,4.5594e-05,1,1,0,0,1,0,0,0,0
cohort_1,45,distant_c0.2,3,cartesian_ik,,1.0,0.10637017490807921,0.10637017490807921,0.13061981787905097,10.2044667517,0.64720747063,0.00356560331868,0.11845444709197751,1.8971e-05,0.007607889,2.741e-06,0.007442962,0,0,0,9.8612e-05,2,1,0,0,2,0,0,0,0
cohort_1,45,distant_c0.2,4,cartesian_ik,,1.0,0.12992323690559715,0.12992323690559715,0.1550041058799252,6.05302995509,0.673365976036,0.0149602111862,0.13675246430691385,3.2292e-05,0.026517237,5.69e-06,0.026096883,0,0,0,0.000243141,7,3,0,0,7,0,0,0,0
cohort_1,45,distant_c0.2,5,cartesian_ik,,1.0,0.22611317806877196,0.22611317806877196,0.2510647368617356,13.5321113227,0.860777439183,0.00567221024646,0.09092932292020452,2.7939e-05,0.000587826,1.867e-06,0.00049816,0,0,0,4.4016e-05,1,1,0,0,1,0,0,0,0
cohort_1,45,distant_c0.2,6,cartesian_ik,,1.0,0.07438338897190988,0.07438338897190988,0.10033407795708627,3.94828225478,0.602820185315,0.01585632779,0.13745340693459535,2.374e-05,0.00088289,1.524e-06,0.000787981,0,0,0,5.5113e-05,2,1,0,0,2,0,0,0,0
cohort_1,45,distant_c0.2,7,cartesian_ik,,1.0,0.17744174296967685,0.17744174296967685,0.2018149629002437,11.6154584209,0.829352323677,0.0158456961946,0.13758372845209277,2.5421e-05,0.004237532,1.799e-06,0.004091839,0,0,0,9.1853e-05,1,1,0,0,1,0,0,0,0
cohort_1,45,distant_c0.2,8,cartesian_ik,,1.0,0.08558994403574616,0.08558994403574616,0.1097535848384723,3.859525849,0.467473828485,0.0154819110917,0.13337529089227457,2.6295e-05,0.02591693,6.518e-06,0.02554134,0,0,0,0.000160873,8,5,0,0,8,0,0,0,0
cohort_1,45,distant_c0.2,9,cartesian_ik,,1.0,0.15045949595514685,0.15045949595514685,0.1748568449402228,12.5294832051,0.98952639883,0.0157788006351,0.13761279826000833,3.367e-05,0.023525652,2.752e-06,0.023400225,0,0,0,5.6923e-05,2,1,0,0,2,0,0,0,0
cohort_1,45,distant_c0.2,0,joint_projected,,1.0,0.2386783470865339,0.2386783470865339,0.26336333889048547,12.6633264656,1.0162253824,0.0159263748296,0.13760430138686391,0.027065053,9.381e-05,1.4132e-05,0,0.026861049,0.000123689,1.339e-06,5.1808e-05,2,1,0,0,0,16,0,1,0
cohort_1,45,distant_c0.2,1,joint_projected,,1.0,0.11361432797275484,0.11361432797275484,0.13795081491116434,12.8671075974,1.00332720743,0.0152654090204,0.13716999623340892,0.013485308,9.6747e-05,2.0805e-05,0,0.013405735,4.7977e-05,2.333e-06,3.964e-05,6,1,0,0,0,16,1,3,0
cohort_1,45,distant_c0.2,2,joint_projected,,1.0,0.1382952550193295,0.1382952550193295,0.16293259896337986,12.9986146217,0.69847906269,0.0154133607288,0.13735158772299738,0.012029476,8.8462e-05,2.4971e-05,0,0.011887306,8.9714e-05,3.289e-06,2.2356e-05,4,1,0,0,0,15,0,3,0
cohort_1,45,distant_c0.2,3,joint_projected,,1.0,0.2082455880008638,0.2082455880008638,0.23253393091727048,13.5512250923,0.788167221108,0.0157600361179,0.13750704071498743,0.030786771,0.000175276,4.2812e-05,0,0.030668484,6.6525e-05,5.98e-06,5.1326e-05,19,2,0,0,0,17,2,12,0
cohort_1,45,distant_c0.2,4,joint_projected,,1.0,0.14025444199796766,0.14025444199796766,0.16439342789817601,12.9106289031,0.915823319,0.015384778194,0.13724970774454642,0.015492739,0.000131032,4.0908e-05,0,0.01538836,6.885e-05,3.613e-06,2.7802e-05,10,1,0,0,0,16,4,3,0
cohort_1,45,distant_c0.2,5,joint_projected,,1.0,0.21466288703959435,0.21466288703959435,0.25330101686995476,12.9462679677,1.08389785503,0.0159964755646,0.13779203088808856,0.027404754,5.5139e-05,9.71e-06,0,0.027166573,0.000147506,1.066e-06,2.3751e-05,2,1,0,0,0,16,0,1,0
cohort_1,45,distant_c0.2,6,joint_projected,,1.0,0.21076348796486855,0.21076348796486855,0.23505505383946002,14.9821241506,1.13179554413,0.0149844706578,0.1369215780154609,0.012478238,0.000139322,2.7032e-05,0,0.012339472,8.0977e-05,3.456e-06,6.5504e-05,8,1,0,0,0,15,1,5,0
cohort_1,45,distant_c0.2,7,joint_projected,,1.0,0.1669700569473207,0.1669700569473207,0.19119229493662715,13.1559569119,1.07654310154,0.00107438399831,0.07088482236523828,0.013387579,0.00011787,1.3067e-05,0,0.013193055,0.000112425,1.386e-06,7.2092e-05,1,1,0,0,0,15,0,0,0
cohort_1,45,distant_c0.2,8,joint_projected,,1.0,0.07313182298094034,0.07313182298094034,0.0973192349774763,3.03278474524,0.616815878043,0.0153000982398,0.1316498902276802,0.02145136,4.9344e-05,7.551e-06,0,0.02127505,0.00011498,1.072e-06,2.1765e-05,1,1,0,0,0,17,0,0,0
cohort_1,45,distant_c0.2,9,joint_projected,,1.0,0.12431337498128414,0.12431337498128414,0.14827731694094837,3.85945850191,0.505532158949,0.0148522151362,0.1338533477843104,0.026846757,8.6538e-05,1.1025e-05,0,0.026741414,5.9881e-05,1.204e-06,4.7809e-05,3,2,0,0,0,18,0,1,0
cohort_1,45,distant_c0.2,0,ompl_uniform,,1.0,0.10255046503152698,0.10255046503152698,0.10387019498739392,13.3487219781,1.82567359373,0.0134735808222,0.0949064417693923,,,,,,,,,,,,,,,,,
cohort_1,45,distant_c0.2,1,ompl_uniform,,1.0,0.23013564001303166,0.23013564001303166,0.23135494405869395,16.7294129825,3.09586008951,0.0154001763113,0.13728637345922295,,,,,,,,,,,,,,,,,
cohort_1,45,distant_c0.2,2,ompl_uniform,,1.0,0.22265615197829902,0.22265615197829902,0.2241314760176465,12.4561877358,2.87322502271,0.0154513889085,0.13735954214363583,,,,,,,,,,,,,,,,,
cohort_1,45,distant_c0.2,3,ompl_uniform,,1.0,0.16451244300697,0.16451244300697,0.1656459840014577,13.9624386977,2.04323050734,0.0150655083005,0.13702556037675817,,,,,,,,,,,,,,,,,
cohort_1,45,distant_c0.2,4,ompl_uniform,,1.0,0.20755666110198945,0.20755666110198945,0.20944876410067081,13.142536982,3.80497879222,0.015083775751,0.13696087544899382,,,,,,,,,,,,,,,,,
cohort_1,45,distant_c0.2,5,ompl_uniform,,1.0,0.20646415499504656,0.20646415499504656,0.20787528296932578,13.6701205033,2.2211378696,0.0145112815408,0.08384679506894215,,,,,,,,,,,,,,,,,
cohort_1,45,distant_c0.2,6,ompl_uniform,,1.0,0.13495978200808167,0.13495978200808167,0.13610181806143373,8.56887924675,1.67454683696,0.0153966508269,0.1371945144310603,,,,,,,,,,,,,,,,,
cohort_1,45,distant_c0.2,7,ompl_uniform,,1.0,0.21690906106960028,0.21690906106960028,0.21837613498792052,20.3345942303,4.30155942267,0.0149107150832,0.1367942788607654,,,,,,,,,,,,,,,,,
cohort_1,45,distant_c0.2,8,ompl_uniform,,1.0,0.2054986400762573,0.2054986400762573,0.20681932801380754,14.8867425136,3.85226675257,0.0153161801509,0.13722293677750813,,,,,,,,,,,,,,,,,
cohort_1,45,distant_c0.2,9,ompl_uniform,,1.0,0.12353981600608677,0.12353981600608677,0.12476048502139747,13.0575774961,2.40005724446,0.0153237184488,0.1373687610759901,,,,,,,,,,,,,,,,,
cohort_1,46,distant_c0.2,0,cartesian_ik,,1.0,0.09549567603971809,0.09549567603971809,0.11925299593713135,4.55152724767,0.438931026246,0.0568919074942,0.16036139577147882,2.4477e-05,0.003944693,3.734e-06,0.003737601,0,0,0,0.000113342,2,1,0,0,2,0,0,0,0
cohort_1,46,distant_c0.2,1,cartesian_ik,,1.0,0.12647375895176083,0.12647375895176083,0.15022902993950993,6.82863711762,0.348839427913,0.0295678361491,0.13318605770245562,2.4071e-05,0.014701307,2.876e-06,0.014594757,0,0,0,5.4325e-05,3,1,0,0,3,0,0,0,0
cohort_1,46,distant_c0.2,2,cartesian_ik,,1.0,0.1783555889269337,0.1783555889269337,0.20215967891272157,12.4889217085,0.695672864969,0.0517791864582,0.14461189740982439,2.5791e-05,0.015831985,3.755e-06,0.015721559,0,0,0,2.5284e-05,3,1,0,0,3,0,0,0,0
cohort_1,46,distant_c0.2,3,cartesian_ik,,1.0,0.2504288679920137,0.2504288679920137,0.2743323609465733,12.6410094567,0.782342210446,0.0618913789767,0.16064539731344307,2.3805e-05,0.000722166,2.23e-06,0.000624868,0,0,0,4.7266e-05,1,1,0,0,1,0,0,0,0
cohort_1,46,distant_c0.2,4,cartesian_ik,,1.0,0.14315299096051604,0.14315299096051604,0.1668959528906271,13.2906034168,1.42802635607,0.00538467636759,0.11676295657998383,5.602e-05,0.000621597,1.871e-06,0.000538739,0,0,0,4.3355e-05,1,1,0,0,1,0,0,0,0
cohort_1,46,distant_c0.2,5,cartesian_ik,,1.0,0.15353606105782092,0.15353606105782092,0.1776105009485036,10.7154152831,0.867995201993,0.0665446977507,0.16064539731344307,2.1242e-05,0.001458698,2.411e-06,0.001345605,0,0,0,6.4473e-05,1,1,0,0,1,0,0,0,0
cohort_1,46,distant_c0.2,6,cartesian_ik,,1.0,0.13306499202735722,0.13306499202735722,0.15763142285868526,9.12074789429,0.502228800552,0.0369861796665,0.1501360237780333,1.9794e-05,0.001703765,2.521e-06,0.001587054,0,0,0,6.8261e-05,2,1,0,0,2,0,0,0,0
cohort_1,46,distant_c0.2,7,cartesian_ik,,1.0,0.16599099501036108,0.16599099501036108,0.19009016489144415,12.6438645764,0.810524054335,0.0665446977507,0.16064539731344307,8.199e-06,0.002756315,1.566e-06,0.002653087,0,0,0,6.4217e-05,4,1,0,0,4,0,0,0,0
cohort_1,46,distant_c0.2,8,cartesian_ik,,1.0,0.10683756601065397,0.10683756601065397,0.13059242395684123,6.17495504814,0.365370489351,0.052519240292,0.15931423744896958,2.1602e-05,0.010581114,4.815e-06,0.010220801,0,0,0,0.000249796,4,2,0,0,4,0,0,0,0
cohort_1,46,distant_c0.2,9,cartesian_ik,,1.0,0.137583335977979,0.137583335977979,0.16137520398478955,7.88125531736,0.357538953781,0.0323027478687,0.13317662263557925,2.9737e-05,0.000736366,3.068e-06,0.000574241,0,0,0,9.9011e-05,1,1,0,0,1,0,0,0,0
cohort_1,46,distant_c0.2,0,joint_projected,,1.0,0.11245762091130018,0.11245762091130018,0.13619801797904074,8.35484809902,0.364484706515,0.065503680409,0.16064539731344307,0.011668342,7.5209e-05,1.6491e-05,0,0.0115551,6.6931e-05,1.778e-06,2.908e-05,3,1,0,0,0,15,0,2,0
cohort_1,46,distant_c0.2,1,joint_projected,,1.0,0.11026378301903605,0.11026378301903605,0.13386972399894148,1.93890952363,0.318571315977,0.0100923608849,0.12224848313951305,0.028427465,8.5409e-05,1.5048e-05,0,0.028264942,9.6719e-05,1.5e-06,3.8943e-05,4,2,0,0,0,18,0,1,0
cohort_1,46,distant_c0.2,2,joint_projected,,1.0,0.07697652000933886,0.07697652000933886,0.1006618378451094,2.661192696,0.362947071933,0.00854270064797,0.12417861411529652,0.020064077,4.6514e-05,6.494e-06,0,0.019972454,5.6939e-05,8.87e-07,2.4402e-05,2,1,0,0,0,17,0,1,0
cohort_1,46,distant_c0.2,3,joint_projected,,1.0,0.21023276099003851,0.21023276099003851,0.23477061989251524,12.6279435393,0.753688627693,0.0227053159065,0.16064539731344307,0.011503926,4.9536e-05,1.0163e-05,0,0.011394876,6.8781e-05,1.793e-06,1.8769e-05,2,1,0,0,0,16,0,1,0
cohort_1,46,distant_c0.2,4,joint_projected,,1.0,0.03382420900743455,0.03382420900743455,0.05749009898863733,1.90010383884,0.321549190245,0.0552313368804,0.1571801648619278,0.020087215,0.000158925,4.0388e-05,0,0.020002992,5.0433e-05,5.035e-06,4.935e-05,15,1,0,0,0,17,1,9,0
cohort_1,46,distant_c0.2,5,joint_projected,,1.0,0.07349739002529532,0.07349739002529532,0.09714761294890195,2.22437548268,0.305702942456,0.0368268111697,0.15141983085669394,0.012108421,0.000434389,0.000105765,0,0.011888175,0.000139091,1.0731e-05,0.000156022,18,3,0,0,0,15,4,6,0
cohort_1,46,distant_c0.2,6,joint_projected,,1.0,0.1381780239753425,0.1381780239753425,0.1627733309287578,1.72066410387,0.311499895006,0.0211379013536,0.1341904818282133,0.051469828,0.000115646,2.9087e-05,0,0.051296456,9.5628e-05,2.432e-06,4.5532e-05,10,1,0,0,0,19,0,3,0
cohort_1,46,distant_c0.2,7,joint_projected,,1.0,0.08332340605556965,0.08332340605556965,0.10731075296644121,4.1737912534,0.324088080008,0.0665446977507,0.16064539731344307,0.015794509,0.000318563,8.0193e-05,0,0.015547717,0.000133905,9.379e-06,0.000101569,27,3,0,0,0,15,0,14,0
cohort_1,46,distant_c0.2,8,joint_projected,,1.0,0.13021662400569767,0.13021662400569767,0.15390174195636064,3.96735294018,0.368554728438,0.0375936449315,0.15175888393198175,0.009792664,0.000187679,5.8988e-05,0,0.009705219,4.8935e-05,5.788e-06,4.1544e-05,20,2,0,0,0,16,2,8,0
cohort_1,46,distant_c0.2,9,joint_projected,,1.0,0.13113657699432224,0.13113657699432224,0.15490032394882292,2.20901121876,0.239466373113,0.0365865023109,0.13724958334628598,0.035231186,6.5929e-05,1.5625e-05,0,0.035113666,7.2009e-05,1.354e-06,2.6959e-05,4,1,0,0,0,17,0,2,0
cohort_1,46,distant_c0.2,0,ompl_uniform,,1.0,0.07787904690485448,0.07787904690485448,0.07927302806638181,12.0919269282,0.688858289048,0.0649214013875,0.16064539731344307,,,,,,,,,,,,,,,,,
cohort_1,46,distant_c0.2,1,ompl_uniform,,1.0,0.18705058295745403,0.18705058295745403,0.1881731660105288,14.7560914932,2.57065446978,0.0665446977507,0.16064539731344307,,,,,,,,,,,,,,,,,
cohort_1,46,distant_c0.2,2,ompl_uniform,,1.0,0.16408397699706256,0.16408397699706256,0.16529935598373413,14.3241491891,0.981954047545,0.0149314285098,0.16064539731344307,,,,,,,,,,,,,,,,,
cohort_1,46,distant_c0.2,3,ompl_uniform,,1.0,0.1108081400161609,0.1108081400161609,0.1119941599899903,12.59181998,3.56564407559,0.0665446977507,0.16064539731344307,,,,,,,,,,,,,,,,,
cohort_1,46,distant_c0.2,4,ompl_uniform,,1.0,0.18819562997668982,0.18819562997668982,0.1893167340895161,13.3103219285,2.50027074809,0.0665446977507,0.16064539731344307,,,,,,,,,,,,,,,,,
cohort_1,46,distant_c0.2,5,ompl_uniform,,1.0,0.0936903579859063,0.0936903579859063,0.09508807002566755,12.4580342413,1.98225650072,0.0665446977507,0.16064539731344307,,,,,,,,,,,,,,,,,
cohort_1,46,distant_c0.2,6,ompl_uniform,,1.0,0.19882456306368113,0.19882456306368113,0.20017010299488902,12.0452214054,0.675444060058,0.0623709598815,0.1606405592731379,,,,,,,,,,,,,,,,,
cohort_1,46,distant_c0.2,7,ompl_uniform,,1.0,0.2667821180075407,0.2667821180075407,0.26828021102119237,19.3149762301,3.31129929024,0.0108328059257,0.16064539731344307,,,,,,,,,,,,,,,,,
cohort_1,46,distant_c0.2,8,ompl_uniform,,1.0,0.09037395601626486,0.09037395601626486,0.0914198310347274,12.1971284957,0.525964538049,0.0259769108075,0.13184577351460597,,,,,,,,,,,,,,,,,
cohort_1,46,distant_c0.2,9,ompl_uniform,,1.0,0.19964806095231324,0.19964806095231324,0.2008820209885016,13.7836008468,1.55710673138,0.0157046951366,0.12328107691258462,,,,,,,,,,,,,,,,,
cohort_1,47,distant_c0.2,0,cartesian_ik,,1.0,0.16439306002575904,0.16439306002575904,0.2008612989448011,13.1794915654,0.594318917222,0.0291898964472,0.12150327852502629,2.5624e-05,0.00149141,2.607e-06,0.001366447,0,0,0,6.4305e-05,1,1,0,0,1,0,0,0,0
cohort_1,47,distant_c0.2,1,cartesian_ik,,1.0,0.12950731092132628,0.12950731092132628,0.15270902891643345,12.4260001652,1.01215263148,0.0496758584978,0.14014911383825668,1.63e-05,0.001360568,2.181e-06,0.001263258,0,0,0,4.8654e-05,1,1,0,0,1,0,0,0,0
cohort_1,47,distant_c0.2,2,cartesian_ik,,1.0,0.11971967096906155,0.11971967096906155,0.14236686297226697,4.86841658168,0.364177413132,0.0496758584978,0.14014911383825668,3.3678e-05,0.008816044,7.591e-06,0.008353657,0,0,0,0.000236019,3,2,0,0,3,0,0,0,0
cohort_1,47,distant_c0.2,3,cartesian_ik,,1.0,0.10239877190906554,0.10239877190906554,0.12517170188948512,5.31106072351,0.515287594024,0.0391356626718,0.14014911383825668,2.2503e-05,0.002250448,2.014e-06,0.002092363,0,0,0,9.0854e-05,1,1,0,0,1,0,0,0,0
cohort_1,47,distant_c0.2,4,cartesian_ik,,1.0,0.1944706739159301,0.1944706739159301,0.217649299884215,14.0568118624,1.14722337281,0.0496758584978,0.14014911383825668,1.571e-05,0.000634175,2.393e-06,0.000507909,0,0,0,7.1642e-05,1,1,0,0,1,0,0,0,0
cohort_1,47,distant_c0.2,5,cartesian_ik,,1.0,0.10353859106544405,0.10353859106544405,0.1264449559384957,11.914448949,0.658447806919,0.00792843507949,0.10436220099017385,7.996e-06,0.000816359,8.27e-07,0.000743296,0,0,0,4.7511e-05,2,1,0,0,2,0,0,0,0
cohort_1,47,distant_c0.2,6,cartesian_ik,,1.0,0.08905062300618738,0.08905062300618738,0.11284764192532748,2.14021358408,0.337390901338,0.0270969356985,0.13108285153031668,3.7151e-05,0.001357043,1.715e-06,0.00118938,0,0,0,0.000100494,1,1,0,0,1,0,0,0,0
cohort_1,47,distant_c0.2,7,cartesian_ik,,1.0,0.15196948393713683,0.15196948393713683,0.1746111479587853,6.78690234611,0.411485058911,0.0296074499018,0.13284841270305917,1.2593e-05,0.002470396,1.632e-06,0.002337531,0,0,0,7.4376e-05,1,1,0,0,1,0,0,0,0
cohort_1,47,distant_c0.2,8,cartesian_ik,,1.0,0.25024178193416446,0.25024178193416446,0.2729469219921157,12.4468098666,0.577927383704,0.0496758584978,0.14014911383825668,1.696e-05,0.014018834,2.51e-06,0.013931351,0,0,0,2.9121e-05,2,1,0,0,2,0,0,0,0
cohort_1,47,distant_c0.2,9,cartesian_ik,,1.0,0.16550689504947513,0.16550689504947513,0.1888988799182698,11.1921217428,0.66534054892,0.0468809110087,0.14014911383825668,3.3804e-05,0.001680383,2.713e-06,0.001408323,0,0,0,0.000154133,1,1,0,0,1,0,0,0,0
cohort_1,47,distant_c0.2,0,joint_projected,,1.0,0.18622995598707348,0.18622995598707348,0.2089932089438662,9.32256382743,0.569688331949,0.0496758584978,0.14014911383825668,0.056982937,9.9922e-05,2.1209e-05,0,0.056612931,0.000218805,3.175e-06,4.1488e-05,4,1,0,0,0,18,0,3,0
cohort_1,47,distant_c0.2,1,joint_projected,,1.0,0.16607956297229975,0.16607956297229975,0.18884578393772244,12.7813197486,0.888303881238,0.00790133200081,0.12336708781917234,0.018154096,0.000169074,3.3121e-05,0,0.018067745,5.1335e-05,3.247e-06,7.9657e-05,11,2,0,0,0,17,3,5,0
cohort_1,47,distant_c0.2,2,joint_projected,,1.0,0.20510823198128492,0.20510823198128492,0.22782181098591536,13.2040876813,0.694506505608,0.0103949349858,0.10207070747706978,0.022309471,5.5717e-05,1.3111e-05,0,0.022184141,6.8257e-05,1.683e-06,1.6441e-05,5,1,0,0,0,17,1,3,0
cohort_1,47,distant_c0.2,3,joint_projected,,1.0,0.07730025704950094,0.07730025704950094,0.10024555691052228,2.88815379776,0.381327328397,0.0496758584978,0.14014911383825668,0.012383813,0.000873286,0.000196891,0,0.012251704,8.3584e-05,3.0105e-05,0.000284023,27,4,0,0,0,15,8,14,0
cohort_1,47,distant_c0.2,4,joint_projected,,1.0,0.0406890029553324,0.0406890029553324,0.06361505901440978,6.18199026899,0.419984145219,0.0314966935684,0.13999618750549314,0.004222266,3.9248e-05,5.755e-06,0,0.004144438,4.7479e-05,1.468e-06,1.823e-05,1,1,0,0,0,15,0,0,0
cohort_1,47,distant_c0.2,5,joint_projected,,1.0,0.15716669091489166,0.15716669091489166,0.1801746980054304,10.8583150899,0.635181943564,0.0372266228471,0.14014911383825668,0.030254337,0.000244612,2.1537e-05,0,0.030085151,0.000109935,4.213e-06,0.000152937,3,3,0,0,0,17,0,0,0
cohort_1,47,distant_c0.2,6,joint_projected,,1.0,0.21421612601261586,0.21421612601261586,0.23719530599191785,14.4904012706,1.07800321702,0.00420399033543,0.14014911383825668,0.014585101,0.000137498,3.5699e-05,0,0.014451465,8.4746e-05,3.871e-06,3.4363e-05,11,3,0,0,0,15,1,4,0
cohort_1,47,distant_c0.2,7,joint_projected,,1.0,0.03586295002605766,0.03586295002605766,0.05880850099492818,2.32543858192,0.394238551275,0.0293255737154,0.13793126853757195,0.006662429,9.9362e-05,2.1187e-05,0,0.006608229,3.4017e-05,4.117e-06,3.6128e-05,3,1,0,0,0,15,0,2,0
cohort_1,47,distant_c0.2,8,joint_projected,,1.0,0.13706808595452458,0.13706808595452458,0.15961245086509734,5.52149098967,0.334240225803,0.0496758584978,0.14014911383825668,0.011952268,8.0124e-05,2.0179e-05,0,0.011772264,0.000108503,1.459e-06,2.945e-05,4,1,0,0,0,15,1,1,0
cohort_1,47,distant_c0.2,9,joint_projected,,1.0,0.057976163108833134,0.057976163108833134,0.08119359996635467,2.82737162294,0.332924912621,0.0409026530811,0.14014911383825668,0.016405994,0.00030675,4.718e-05,0,0.016235285,9.2973e-05,7.146e-06,0.000136513,10,5,0,0,0,15,0,4,0
cohort_1,47,distant_c0.2,0,ompl_uniform,,1.0,0.1414584401063621,0.1414584401063621,0.1429314569104463,12.2011860144,1.98895953883,0.0471350180154,0.1369091798256592,,,,,,,,,,,,,,,,,
cohort_1,47,distant_c0.2,1,ompl_uniform,,1.0,0.16236352000851184,0.16236352000851184,0.1635005819844082,12.2580899595,1.1194803264,0.0417072881732,0.13762204197975086,,,,,,,,,,,,,,,,,
cohort_1,47,distant_c0.2,2,ompl_uniform,,1.0,0.06284900498576462,0.06284900498576462,0.06407937000039965,11.9953249927,1.51244001608,0.0467966146969,0.14014911383825668,,,,,,,,,,,,,,,,,
cohort_1,47,distant_c0.2,3,ompl_uniform,,1.0,0.13098751194775105,0.13098751194775105,0.1327849819790572,12.0869638514,1.02831512865,0.00471399088824,0.11617988058092586,,,,,,,,,,,,,,,,,
cohort_1,47,distant_c0.2,4,ompl_uniform,,1.0,0.16524362098425627,0.16524362098425627,0.1664312370121479,13.6379789351,3.61499972713,0.0496758584978,0.14014911383825668,,,,,,,,,,,,,,,,,
cohort_1,47,distant_c0.2,5,ompl_uniform,,1.0,0.11179351503960788,0.11179351503960788,0.11290058901067823,13.0622607528,1.38898112134,0.0402930849198,0.14014911383825668,,,,,,,,,,,,,,,,,
cohort_1,47,distant_c0.2,6,ompl_uniform,,1.0,0.21929826703853905,0.21929826703853905,0.220497224945575,13.4779826951,1.58462556869,0.0405517084349,0.14014911383825668,,,,,,,,,,,,,,,,,
cohort_1,47,distant_c0.2,7,ompl_uniform,,1.0,0.16211776807904243,0.16211776807904243,0.16382640099618584,12.6354206585,0.895141886324,0.0297622183599,0.09908670163667241,,,,,,,,,,,,,,,,,
cohort_1,47,distant_c0.2,8,ompl_uniform,,1.0,0.22469808906316757,0.22469808906316757,0.2258573709987104,12.9574524909,1.96552450477,0.0496758584978,0.14014911383825668,,,,,,,,,,,,,,,,,
cohort_1,47,distant_c0.2,9,ompl_uniform,,1.0,0.149573030997999,0.149573030997999,0.15074345003813505,13.997377679,2.26811949705,0.0362842496532,0.11203100219014905,,,,,,,,,,,,,,,,,
cohort_1,48,distant_c0.2,0,cartesian_ik,,1.0,0.2040656239259988,0.2040656239259988,0.22737188695464283,12.4880152408,0.800419668581,0.0230875781403,0.11848519739992161,2.369e-05,0.003534411,1.647e-06,0.003417561,0,0,0,7.0202e-05,2,1,0,0,2,0,0,0,0
cohort_1,48,distant_c0.2,1,cartesian_ik,,1.0,0.1570442719385028,0.1570442719385028,0.1795322559773922,13.6419567802,0.977434290955,0.0138306441276,0.09210070741305969,1.6497e-05,0.014009119,2.819e-06,0.013819199,0,0,0,0.000101605,5,2,0,0,5,0,0,0,0
cohort_1,48,distant_c0.2,2,cartesian_ik,,1.0,0.15044419304467738,0.15044419304467738,0.17313802696298808,13.6888976566,1.06014503492,0.0671590988895,0.16022617604276843,1.2992e-05,0.002231653,1.381e-06,0.002109227,0,0,0,8.3398e-05,4,2,0,0,4,0,0,0,0
cohort_1,48,distant_c0.2,3,cartesian_ik,,1.0,0.13946297590155154,0.13946297590155154,0.16197660099714994,6.90835461998,0.509045491321,0.0677429916759,0.16022617604276843,2.6581e-05,0.017754216,4.175e-06,0.017440838,0,0,0,0.000176863,11,6,0,0,11,0,0,0,0
cohort_1,48,distant_c0.2,4,cartesian_ik,,1.0,0.14740306395106018,0.14740306395106018,0.16972853289917111,7.16316812282,0.467745729376,0.00951416739424,0.1132969675543143,2.9616e-05,0.00726029,3.206e-06,0.007062561,0,0,0,0.000104599,3,2,0,0,3,0,0,0,0
cohort_1,48,distant_c0.2,5,cartesian_ik,,1.0,0.13454915292095393,0.13454915292095393,0.1569830789230764,13.5265278062,1.16451286368,0.00898588958706,0.08873437274711793,1.6113e-05,0.012486117,7.176e-06,0.011871417,0,0,0,0.000339986,7,5,0,0,7,0,0,0,0
cohort_1,48,distant_c0.2,6,cartesian_ik,path_audit,0.0,6.0,0.17619438807014376,0.19867842399980873,,,,,2.1386e-05,0.002344799,1.906e-06,0.002131976,0,0,0,0.000139789,2,2,0,0,2,0,0,0,0
cohort_1,48,distant_c0.2,7,cartesian_ik,,1.0,0.14542621094733477,0.14542621094733477,0.167918580933474,10.405184789,0.836960323327,0.0473561830422,0.15092746639424615,2.607e-05,0.025778883,5.722e-06,0.025525445,0,0,0,0.000115478,8,2,0,0,8,0,0,0,0
cohort_1,48,distant_c0.2,8,cartesian_ik,,1.0,0.17776746908202767,0.17776746908202767,0.20078968699090183,10.385069154,0.741401067362,0.00218921473379,0.10885504751901043,3.6984e-05,0.019390798,8.148e-06,0.018507177,0,0,0,0.000541022,8,4,0,0,8,0,0,0,0
cohort_1,48,distant_c0.2,9,cartesian_ik,,1.0,0.20820774196181446,0.20820774196181446,0.23053269204683602,14.8311165422,1.28235370737,0.0138923531018,0.14550584688052032,2.1797e-05,0.011096925,4.934e-06,0.010696036,0,0,0,0.000266203,3,2,0,0,3,0,0,0,0
cohort_1,48,distant_c0.2,0,joint_projected,,1.0,0.11707704898435622,0.11707704898435622,0.1396434409543872,2.56830715873,0.460765636914,0.0228074085435,0.13695558630777685,0.013734379,7.2944e-05,1.3609e-05,0,0.01360354,7.917e-05,1.409e-06,3.0396e-05,4,2,0,0,0,16,0,1,0
cohort_1,48,distant_c0.2,1,joint_projected,,1.0,0.07377387396991253,0.07377387396991253,0.09670016693416983,5.69822496123,0.505275705926,0.0406550233041,0.14203838404282718,0.015864846,0.000104148,2.6758e-05,0,0.015745676,6.7906e-05,2.121e-06,3.3642e-05,10,2,0,0,0,16,1,3,0
cohort_1,48,distant_c0.2,2,joint_projected,,1.0,0.03432534099556506,0.03432534099556506,0.05714737297967076,3.15134400853,0.489393034003,0.0340729517808,0.1354574915209445,0.017391412,8.3528e-05,1.4495e-05,0,0.017301457,5.8887e-05,1.736e-06,3.5443e-05,4,2,0,0,0,17,0,1,0
cohort_1,48,distant_c0.2,3,joint_projected,,1.0,0.0685170260258019,0.0685170260258019,0.09126506198663265,7.90547966974,0.572990203275,0.0107662656638,0.12838501064605035,0.016517964,0.000340406,7.4127e-05,0,0.016437217,4.9163e-05,1.0229e-05,0.000119508,33,7,0,0,0,16,5,15,0
cohort_1,48,distant_c0.2,4,joint_projected,,1.0,0.10717098694294691,0.10717098694294691,0.12937970005441457,3.97053395359,0.415857671185,0.00476462581712,0.11924517666616263,0.014304035,0.000313703,6.4241e-05,0,0.014110269,0.000125287,7.988e-06,0.000118081,24,5,0,0,0,15,3,12,0
cohort_1,48,distant_c0.2,5,joint_projected,,1.0,0.19203522510360926,0.19203522510360926,0.214751505991444,12.2856561434,0.877105206537,0.0420387172064,0.14261369198310614,0.042239094,4.6645e-05,5.92e-06,0,0.042111598,6.3943e-05,4.99e-07,2.6599e-05,1,1,0,0,0,19,0,0,0
cohort_1,48,distant_c0.2,6,joint_projected,,1.0,0.04298015404492617,0.04298015404492617,0.06529976893216372,5.40382132839,0.523503512521,0.0524877180475,0.15454300539554808,0.007421532,0.000482404,0.000114713,0,0.007343045,3.7778e-05,1.6367e-05,0.000130707,21,5,0,0,0,15,6,10,0
cohort_1,48,distant_c0.2,7,joint_projected,,1.0,0.12700227601453662,0.12700227601453662,0.14933101797942072,3.53883028597,0.623335111027,0.0122295246628,0.12373803267497435,0.035629073,0.000797689,0.00013535,0,0.035493908,7.583e-05,2.2247e-05,0.000353124,59,15,0,0,0,17,3,31,0
cohort_1,48,distant_c0.2,8,joint_projected,,1.0,0.12104474497027695,0.12104474497027695,0.1443096559960395,2.57110010917,0.450130560917,0.036149421554,0.1515985256154159,0.023525187,0.000207864,5.0878e-05,0,0.023370471,8.3554e-05,7.386e-06,7.3075e-05,14,1,0,0,0,16,2,9,0
cohort_1,48,distant_c0.2,9,joint_projected,,1.0,0.10328728496097028,0.10328728496097028,0.12668436497915536,4.12292461727,0.519125524602,0.0331558864895,0.13934372422203908,0.035009815,0.002500137,0.000574968,0,0.034717323,0.000158843,7.6862e-05,0.000891642,228,31,0,0,0,17,27,99,0
cohort_1,48,distant_c0.2,0,ompl_uniform,,1.0,0.17383606708608568,0.17383606708608568,0.17510312399826944,13.8952217497,3.29967840705,0.0104145765197,0.1591593883919553,,,,,,,,,,,,,,,,,
cohort_1,48,distant_c0.2,1,ompl_uniform,,1.0,0.15366457600612193,0.15366457600612193,0.15472815197426826,13.0900885242,2.18696410034,0.0734060771182,0.16022617604276843,,,,,,,,,,,,,,,,,
cohort_1,48,distant_c0.2,2,ompl_uniform,,1.0,0.09620834002271295,0.09620834002271295,0.09772794193122536,11.5456544471,2.08552960187,0.0722977784949,0.15845540016943824,,,,,,,,,,,,,,,,,
cohort_1,48,distant_c0.2,3,ompl_uniform,,1.0,0.11152765899896622,0.11152765899896622,0.11270148702897131,12.9574771367,0.998143956141,0.00223278319352,0.07127185443320785,,,,,,,,,,,,,,,,,
cohort_1,48,distant_c0.2,4,ompl_uniform,,1.0,0.19727206695824862,0.19727206695824862,0.1987985000014305,14.2757193838,3.35213910211,0.0738847621754,0.16022617604276843,,,,,,,,,,,,,,,,,
cohort_1,48,distant_c0.2,5,ompl_uniform,,1.0,0.16916022403165698,0.16916022403165698,0.17058979405555874,13.4674193513,3.85839270288,0.0731064205086,0.16022617604276843,,,,,,,,,,,,,,,,,
cohort_1,48,distant_c0.2,6,ompl_uniform,,1.0,0.12631693203002214,0.12631693203002214,0.12760139792226255,14.5102648729,2.8271217539,0.0133147950277,0.08848848506383375,,,,,,,,,,,,,,,,,
cohort_1,48,distant_c0.2,7,ompl_uniform,,1.0,0.16491646401118487,0.16491646401118487,0.16618764004670084,15.8589063953,1.84118003161,0.0737700487751,0.16022617604276843,,,,,,,,,,,,,,,,,
cohort_1,48,distant_c0.2,8,ompl_uniform,,1.0,0.1728381559951231,0.1728381559951231,0.17394896899349988,11.6054879015,1.00454821912,0.0391668518446,0.14033849158275782,,,,,,,,,,,,,,,,,
cohort_1,48,distant_c0.2,9,ompl_uniform,,1.0,0.20324370299931616,0.20324370299931616,0.20445428893435746,13.2510584979,1.56293035142,0.0733455001069,0.16022617604276843,,,,,,,,,,,,,,,,,
cohort_1,49,distant_c0.2,0,cartesian_ik,,1.0,0.13500475708860904,0.13500475708860904,0.16597103490494192,3.21169122318,0.522883599297,0.0160488187478,0.1269641301653172,1.3691e-05,0.008825039,4.171e-06,0.008677675,0,0,0,5.3152e-05,2,1,0,0,2,0,0,0,0
cohort_1,49,distant_c0.2,1,cartesian_ik,,1.0,0.10586650704499334,0.10586650704499334,0.13705301797017455,7.8929810702,0.412163666468,0.0314622401061,0.14602728897464592,2.8961e-05,0.002709892,2.545e-06,0.002619151,0,0,0,4.0633e-05,1,1,0,0,1,0,0,0,0
cohort_1,49,distant_c0.2,2,cartesian_ik,,1.0,0.1381435520015657,0.1381435520015657,0.1686408679233864,4.36174774021,0.406229254803,0.03924390716,0.1724932306142633,2.3733e-05,0.002918453,2.228e-06,0.00275122,0,0,0,9.9434e-05,1,1,0,0,1,0,0,0,0
cohort_1,49,distant_c0.2,3,cartesian_ik,,1.0,0.13098289305344224,0.13098289305344224,0.16152523597702384,10.2564442449,0.574091389559,0.0387732134826,0.17019411989513314,3.0415e-05,0.005598934,4.606e-06,0.005404475,0,0,0,5.9898e-05,2,1,0,0,2,0,0,0,0
cohort_1,49,distant_c0.2,4,cartesian_ik,,1.0,0.03877036296762526,0.03877036296762526,0.06936691584996879,3.64091625726,0.275320555068,0.0089787507365,0.1129547128895738,6.97e-06,0.002916539,1.111e-06,0.002776737,0,0,0,8.9931e-05,2,2,0,0,2,0,0,0,0
cohort_1,49,distant_c0.2,5,cartesian_ik,,1.0,0.08261819300241768,0.08261819300241768,0.11332558398135006,6.57051782534,0.383724435216,0.0393025267227,0.17265314908497792,2.3253e-05,0.003989934,3.735e-06,0.003786894,0,0,0,0.000118381,2,1,0,0,2,0,0,0,0
cohort_1,49,distant_c0.2,6,cartesian_ik,,1.0,0.12370040803216398,0.12370040803216398,0.1541815649252385,4.63502678886,0.422896709316,0.0393626131344,0.1518363041843558,2.0569e-05,0.000683092,1.646e-06,0.000599855,0,0,0,4.2912e-05,1,1,0,0,1,0,0,0,0
cohort_1,49,distant_c0.2,7,cartesian_ik,,1.0,0.06295444793067873,0.06295444793067873,0.09354595898184925,6.39144795486,0.481968132384,0.0387036321625,0.17102518418856538,8.588e-06,0.006033959,1.548e-06,0.0058903,0,0,0,9.3266e-05,4,2,0,0,4,0,0,0,0
cohort_1,49,distant_c0.2,8,cartesian_ik,,1.0,0.09505189501214772,0.09505189501214772,0.12724066490773112,9.58749217712,0.651291282882,0.0387509748582,0.17206419844116022,1.1262e-05,0.001391233,1.96e-06,0.001309168,0,0,0,4.1414e-05,1,1,0,0,1,0,0,0,0
cohort_1,49,distant_c0.2,9,cartesian_ik,,1.0,0.20251770596951246,0.20251770596951246,0.23455406597349793,12.6956345106,0.552136781961,0.0386676385638,0.1722137650927679,3.8441e-05,0.026356638,5.701e-06,0.026192879,0,0,0,2.9915e-05,4,1,0,0,4,0,0,0,0
cohort_1,49,distant_c0.2,0,joint_projected,,1.0,0.0942460389342159,0.0942460389342159,0.12476179888471961,2.27686944379,0.363265076088,0.00893172049592,0.11775921885294034,0.027556092,0.000424712,0.000105967,0,0.027407667,8.5315e-05,1.2119e-05,0.00013009,24,3,0,0,0,16,4,11,0
cohort_1,49,distant_c0.2,1,joint_projected,,1.0,0.05469898891169578,0.05469898891169578,0.0852425618795678,3.0879446661,0.429369278344,0.0392409052323,0.16970926978571627,0.014871186,8.5744e-05,1.7102e-05,0,0.014732354,8.2735e-05,1.657e-06,3.932e-05,5,1,0,0,0,18,1,1,0
cohort_1,49,distant_c0.2,2,joint_projected,,1.0,0.12662046100012958,0.12662046100012958,0.15736654901411384,9.17021515132,0.618079297418,0.0342183244565,0.13733092690195997,0.010847822,5.5703e-05,1.3976e-05,0,0.010721577,7.2589e-05,1.209e-06,1.8565e-05,5,1,0,0,0,17,1,2,0
cohort_1,49,distant_c0.2,3,joint_projected,,1.0,0.23108636401593685,0.23108636401593685,0.26215580489952117,15.5274508778,1.09477996755,0.00260136259508,0.128117965652371,0.027399012,8.2727e-05,1.5275e-05,0,0.027255818,8.3719e-05,1.559e-06,3.567e-05,5,2,0,0,0,17,1,2,0
cohort_1,49,distant_c0.2,4,joint_projected,,1.0,0.08444865699857473,0.08444865699857473,0.11475424992386252,3.22771263171,0.319891214842,0.0210142505519,0.12853184198734652,0.014047896,6.5999e-05,1.4639e-05,0,0.013825675,0.000141713,1.883e-06,2.2623e-05,3,1,0,0,0,15,0,2,0
cohort_1,49,distant_c0.2,5,joint_projected,,1.0,0.1594044379889965,0.1594044379889965,0.1902421189006418,10.4634458447,0.469302332538,0.0317645882962,0.1364858517727902,0.012900622,0.000134615,2.5811e-05,0,0.012701624,0.000128592,3.046e-06,5.8705e-05,4,1,0,0,0,15,1,2,0
cohort_1,49,distant_c0.2,6,joint_projected,,1.0,0.06610509403981268,0.06610509403981268,0.09646238887216896,4.05607936961,0.398050320154,0.0389276049884,0.15259095418861343,0.029042065,7.4017e-05,1.9319e-05,0,0.028925986,7.547e-05,2.255e-06,2.2453e-05,6,1,0,0,0,17,1,4,0
cohort_1,49,distant_c0.2,7,joint_projected,,1.0,0.1293764669680968,0.1293764669680968,0.1599692099262029,2.93967297258,0.328124694078,0.0371086168515,0.14647800132282945,0.030145566,0.00014357,2.5856e-05,0,0.029929133,0.000138388,4.689e-06,6.3867e-05,3,1,0,0,0,17,0,2,0
cohort_1,49,distant_c0.2,8,joint_projected,,1.0,0.10761632898356766,0.10761632898356766,0.1385189319262281,10.4696040189,0.577407432361,0.0388247938588,0.1725814641221577,0.007468668,0.000135556,2.8432e-05,0,0.007378143,5.8741e-05,4.804e-06,4.9189e-05,5,1,0,0,0,16,1,3,0
cohort_1,49,distant_c0.2,9,joint_projected,,1.0,0.09364304505288601,0.09364304505288601,0.1241616258630529,2.13925175407,0.387738151372,0.0396114828021,0.16597399791488276,0.019987619,3.3925e-05,5.83e-06,0,0.019857762,7.7904e-05,4.72e-07,1.5029e-05,1,1,0,0,0,16,0,0,0
cohort_1,49,distant_c0.2,0,ompl_uniform,,1.0,0.2314694750821218,0.2314694750821218,0.2325504869222641,12.7359205288,2.22200035849,0.0394124532328,0.17279371351889863,,,,,,,,,,,,,,,,,
cohort_1,49,distant_c0.2,1,ompl_uniform,,1.0,0.18972424103412777,0.18972424103412777,0.19087557401508093,13.4607840459,3.07123752741,0.0387978147427,0.17293479054852906,,,,,,,,,,,,,,,,,
cohort_1,49,distant_c0.2,2,ompl_uniform,,1.0,0.15543856902513653,0.15543856902513653,0.15670230600517243,13.9874487696,1.48638328353,0.0391182533879,0.14661497116330618,,,,,,,,,,,,,,,,,
cohort_1,49,distant_c0.2,3,ompl_uniform,,1.0,0.19250441098120064,0.19250441098120064,0.1936159039614722,12.5565693776,1.14898464707,0.0106448249192,0.12339152819594178,,,,,,,,,,,,,,,,,
cohort_1,49,distant_c0.2,4,ompl_uniform,,1.0,0.19495852093677968,0.19495852093677968,0.19622613105457276,13.6503582646,2.45109997727,0.0389378104153,0.136541903581755,,,,,,,,,,,,,,,,,
cohort_1,49,distant_c0.2,5,ompl_uniform,,1.0,0.10434388101566583,0.10434388101566583,0.10558170604053885,12.301502631,3.10644703965,0.0392306768809,0.17275432051042805,,,,,,,,,,,,,,,,,
cohort_1,49,distant_c0.2,6,ompl_uniform,,1.0,0.1644741139607504,0.1644741139607504,0.16616477200295776,14.6703943928,1.09649303489,0.0177611653121,0.1727160035330182,,,,,,,,,,,,,,,,,
cohort_1,49,distant_c0.2,7,ompl_uniform,,1.0,0.10997805593069643,0.10997805593069643,0.11143053695559502,13.3576328558,2.26598871469,0.0385367589704,0.17221325749487332,,,,,,,,,,,,,,,,,
cohort_1,49,distant_c0.2,8,ompl_uniform,,1.0,0.23713989404495806,0.23713989404495806,0.23829865304287523,13.7911272339,3.0140774246,0.0368828318463,0.11453822790446895,,,,,,,,,,,,,,,,,
cohort_1,49,distant_c0.2,9,ompl_uniform,,1.0,0.17643789702560753,0.17643789702560753,0.17801619600504637,13.3089278905,1.63337300455,0.0392568922955,0.1726629856489556,,,,,,,,,,,,,,,,,
cohort_1,50,distant_c0.8,0,cartesian_ik,,1.0,0.20056545489933342,0.20056545489933342,0.22468714707065374,13.3727239225,1.24386394727,0.0719640656267,0.1404220210448939,2.8346e-05,0.002505887,2.351e-06,0.002312403,0,0,0,0.000114996,1,1,0,0,1,0,0,0,0
cohort_1,50,distant_c0.8,1,cartesian_ik,,1.0,0.051257123006507754,0.051257123006507754,0.07706398505251855,5.95945537896,0.431076600371,0.0509940244029,0.1593662984971579,1.1555e-05,0.001039072,1.565e-06,0.000929895,0,0,0,6.0408e-05,2,2,0,0,2,0,0,0,0
cohort_1,50,distant_c0.8,2,cartesian_ik,,1.0,0.09434212103951722,0.09434212103951722,0.11909589008428156,3.66537008997,0.474892647492,0.011927830898,0.11244867415108765,2.5095e-05,0.000321118,1.574e-06,0.00026061,0,0,0,2.5875e-05,1,1,0,0,1,0,0,0,0
cohort_1,50,distant_c0.8,3,cartesian_ik,,1.0,0.17610560299362987,0.17610560299362987,0.20043679315131158,11.2303944348,0.802052699482,0.0152051144455,0.1303677007727256,3.847e-05,0.0018193,3.62e-06,0.001537069,0,0,0,0.00016727,1,1,0,0,1,0,0,0,0
cohort_1,50,distant_c0.8,4,cartesian_ik,,1.0,0.15819354401901364,0.15819354401901364,0.18299179605673999,13.5224525387,1.07337143456,0.00755345425591,0.0898122862497209,2.848e-05,0.000735607,1.4925e-05,0.000574061,0,0,0,6.2039e-05,1,1,0,0,1,0,0,0,0
cohort_1,50,distant_c0.8,5,cartesian_ik,,1.0,0.10941298201214522,0.10941298201214522,0.1345294020138681,5.36804037731,0.674056614819,0.0161143427644,0.11532157813457072,2.4323e-05,0.007770143,2.76e-06,0.007612538,0,0,0,7.7567e-05,3,2,0,0,3,0,0,0,0
cohort_1,50,distant_c0.8,6,cartesian_ik,,1.0,0.15481038996949792,0.15481038996949792,0.17874064610805362,10.8314579949,0.610820351921,0.0175438894259,0.0941896144588119,2.4583e-05,0.003272473,3.776e-06,0.002968761,0,0,0,0.00018342,2,2,0,0,2,0,0,0,0
cohort_1,50,distant_c0.8,7,cartesian_ik,,1.0,0.09601786406710744,0.09601786406710744,0.12028388003818691,8.28251344353,0.52579507861,0.00977220994953,0.09926796011598112,1.9867e-05,0.002086788,1.299e-06,0.002008397,0,0,0,3.8987e-05,1,1,0,0,1,0,0,0,0
cohort_1,50,distant_c0.8,8,cartesian_ik,,1.0,0.209624056937173,0.209624056937173,0.23374022811185569,13.5968947055,1.1617119695,0.0209204740283,0.0985243355860983,2.3357e-05,0.010143059,4.248e-06,0.009865517,0,0,0,0.000141374,4,3,0,0,4,0,0,0,0
cohort_1,50,distant_c0.8,9,cartesian_ik,,1.0,0.13655187899712473,0.13655187899712473,0.16078450914938003,7.03745169296,0.597254953006,0.0980452815706,0.1727472959470111,2.2725e-05,0.018130574,3.374e-06,0.017981732,0,0,0,5.9713e-05,6,4,0,0,6,0,0,0,0
cohort_1,50,distant_c0.8,0,joint_projected,,1.0,0.32058817497454584,0.32058817497454584,0.3445574811194092,13.6019194048,1.6375672509,0.0599539376928,0.1301779957850651,0.133931666,7.8933e-05,8.196e-06,0,0.133727331,0.000110685,1e-06,4.8059e-05,2,1,0,0,0,30,0,0,1
cohort_1,50,distant_c0.8,1,joint_projected,,1.0,0.23736870801076293,0.23736870801076293,0.26158471615053713,13.5955037774,1.47429603135,0.0712211428053,0.13742539751606025,0.122842081,0.000128809,3.0694e-05,0,0.122746813,5.2709e-05,4.083e-06,4.0428e-05,11,1,0,0,0,31,0,6,3
cohort_1,50,distant_c0.8,2,joint_projected,,1.0,0.2066109440056607,0.2066109440056607,0.2328941720770672,13.1474014429,0.939961800846,0.0975455711388,0.17268420882785102,0.107433293,6.1446e-05,1.0043e-05,0,0.10732746,5.6265e-05,9.91e-07,3.1242e-05,2,1,0,0,0,29,0,1,0
cohort_1,50,distant_c0.8,3,joint_projected,,1.0,0.20821227401029319,0.20821227401029319,0.23228880704846233,6.18389139306,0.575370939826,0.0985917843948,0.17360516755353972,0.119785648,6.837e-05,1.3413e-05,0,0.119662202,6.0401e-05,1.52e-06,2.9648e-05,5,1,0,0,0,31,1,2,1
cohort_1,50,distant_c0.8,4,joint_projected,,1.0,0.2495184459257871,0.2495184459257871,0.2737399300094694,14.2593656387,1.48271097144,0.0973024016523,0.17224156139837205,0.097070837,6.4644e-05,1.401e-05,0,0.096948768,5.9774e-05,1.34e-06,2.8875e-05,4,1,0,0,0,28,1,2,0
cohort_1,50,distant_c0.8,5,joint_projected,,1.0,0.17610090097878128,0.17610090097878128,0.20008870807942003,2.76648087315,0.38221263862,0.0360803511406,0.14490558903345596,0.10564901,7.2603e-05,1.2755e-05,0,0.105498458,8.3381e-05,1.41e-06,3.2871e-05,6,1,0,0,0,30,0,2,2
cohort_1,50,distant_c0.8,6,joint_projected,,1.0,0.20755105197895318,0.20755105197895318,0.23185262305196375,2.89865293746,0.582613726168,0.0599146052454,0.1525535288172696,0.121592917,0.000105824,1.8807e-05,0,0.121464568,6.5169e-05,1.802e-06,5.1551e-05,7,2,0,0,0,29,3,2,0
cohort_1,50,distant_c0.8,7,joint_projected,,1.0,0.17188102600630373,0.17188102600630373,0.19618284713942558,4.55127104257,0.453599307011,0.0495676999528,0.15613833445244216,0.132526521,0.000144293,2.7798e-05,0,0.13232087,0.000110143,4.257e-06,5.5412e-05,10,1,0,0,0,28,1,5,3
cohort_1,50,distant_c0.8,8,joint_projected,,1.0,0.2811756219016388,0.2811756219016388,0.30526536714751273,12.163202528,0.887968671002,0.00452038658856,0.17220927921152784,0.127654513,0.00016396,2.5475e-05,0,0.127495976,9.4556e-05,3.312e-06,8.2122e-05,12,3,0,0,0,30,1,5,3
cohort_1,50,distant_c0.8,9,joint_projected,,1.0,0.2705386389279738,0.2705386389279738,0.29480090108700097,13.5963827776,1.6772690286,0.0522992595168,0.12027555005429873,0.102185366,5.0387e-05,5.612e-06,0,0.102027203,8.323e-05,4.92e-07,3.1584e-05,1,1,0,0,0,28,0,0,0
cohort_1,50,distant_c0.8,0,ompl_uniform,,1.0,0.12215993506833911,0.12215993506833911,0.12327065807767212,13.3623995035,2.81665515561,0.0504101827071,0.10277217288238225,,,,,,,,,,,,,,,,,
cohort_1,50,distant_c0.8,1,ompl_uniform,,1.0,0.13429485296364874,0.13429485296364874,0.13534537295345217,13.0728759253,3.29179043278,0.0970590004312,0.17209281578533892,,,,,,,,,,,,,,,,,
cohort_1,50,distant_c0.8,2,ompl_uniform,,1.0,0.12479890196118504,0.12479890196118504,0.12578472902532667,13.7145779265,1.75842386188,0.0971997084411,0.1724397048952097,,,,,,,,,,,,,,,,,
cohort_1,50,distant_c0.8,3,ompl_uniform,,1.0,0.2192838069749996,0.2192838069749996,0.2205584270413965,14.0075722994,2.1456713095,0.0899637561037,0.146138389662081,,,,,,,,,,,,,,,,,
cohort_1,50,distant_c0.8,4,ompl_uniform,,1.0,0.1894340799190104,0.1894340799190104,0.19053770194295794,12.994543155,2.73663321749,0.0974657295578,0.17196228436314448,,,,,,,,,,,,,,,,,
cohort_1,50,distant_c0.8,5,ompl_uniform,,1.0,0.17016506800428033,0.17016506800428033,0.1712480989517644,12.9355079554,3.52726627745,0.097168292632,0.1719186133115953,,,,,,,,,,,,,,,,,
cohort_1,50,distant_c0.8,6,ompl_uniform,,1.0,0.22130929306149483,0.22130929306149483,0.2229452410247177,15.0253259409,4.36025434972,0.097595804852,0.17269420121268397,,,,,,,,,,,,,,,,,
cohort_1,50,distant_c0.8,7,ompl_uniform,,1.0,0.1279197270050645,0.1279197270050645,0.12923276401124895,15.1569272264,1.15623231125,0.0978279657591,0.16971495138034265,,,,,,,,,,,,,,,,,
cohort_1,50,distant_c0.8,8,ompl_uniform,,1.0,0.21383745304774493,0.21383745304774493,0.21494589804206043,13.8513986809,1.93005377199,0.0530644446378,0.17311404566439242,,,,,,,,,,,,,,,,,
cohort_1,50,distant_c0.8,9,ompl_uniform,,1.0,0.26359290501568466,0.26359290501568466,0.26482683198992163,14.1962207701,4.0771826853,0.0180937434938,0.09068844702046393,,,,,,,,,,,,,,,,,
cohort_1,51,distant_c0.8,0,cartesian_ik,,1.0,0.13939718098845333,0.13939718098845333,0.16273845301475376,12.7656895466,1.22767126378,0.0691979552399,0.10545903865256512,8.513e-06,0.001450088,9.82e-07,0.001391406,0,0,0,2.7837e-05,2,2,0,0,2,0,0,0,0
cohort_1,51,distant_c0.8,1,cartesian_ik,,1.0,0.1925301889423281,0.1925301889423281,0.21665057400241494,11.700283827,0.899583973488,0.0416985924395,0.10545903865256512,1.4679e-05,0.010991397,5.304e-06,0.010593701,0,0,0,0.000193969,10,9,0,0,10,0,0,0,0
cohort_1,51,distant_c0.8,2,cartesian_ik,,1.0,0.06540110800415277,0.06540110800415277,0.08849092002492398,6.92479557956,0.681386974677,0.0150464044994,0.1047901980950078,1.5846e-05,0.008401101,2.269e-06,0.008282421,0,0,0,5.2673e-05,4,2,0,0,4,0,0,0,0
cohort_1,51,distant_c0.8,3,cartesian_ik,,1.0,0.14890867308713496,0.14890867308713496,0.17224326997529715,6.46614692956,0.768704584829,0.0436130294845,0.10545903865256512,1.3366e-05,0.02933,6.486e-06,0.028981289,0,0,0,0.000171119,11,7,0,0,11,0,0,0,0
cohort_1,51,distant_c0.8,4,cartesian_ik,,1.0,0.0690640719840303,0.0690640719840303,0.0926459199981764,5.76157268509,0.698350410887,0.0691979552399,0.10545903865256512,1.8172e-05,0.012220604,2.899e-06,0.012134572,0,0,0,2.6661e-05,3,1,0,0,3,0,0,0,0
cohort_1,51,distant_c0.8,5,cartesian_ik,,1.0,0.1591977949719876,0.1591977949719876,0.18276112899184227,14.0539296674,1.4319688692,0.0691979552399,0.10545903865256512,2.077e-05,0.007187228,4.514e-06,0.006963358,0,0,0,0.000119137,3,1,0,0,3,0,0,0,0
cohort_1,51,distant_c0.8,6,cartesian_ik,,1.0,0.2422660170122981,0.2422660170122981,0.265612656949088,14.9136632476,1.32016754871,0.0261068586925,0.10545903865256512,2.2473e-05,0.024904425,5.867e-06,0.024596233,0,0,0,0.000150217,8,3,0,0,8,0,0,0,0
cohort_1,51,distant_c0.8,7,cartesian_ik,,1.0,0.16016952297650278,0.16016952297650278,0.18441291095223278,12.6248689216,1.18979917756,0.0544980843938,0.10545903865256512,9.263e-06,0.020547203,5.259e-06,0.020161557,0,0,0,0.000221026,9,4,0,0,9,0,0,0,0
cohort_1,51,distant_c0.8,8,cartesian_ik,,1.0,0.23677132406737655,0.23677132406737655,0.261116569978185,14.7202568145,1.28651558438,0.033255937233,0.10055391171664259,1.2899e-05,0.012112097,4.097e-06,0.011805735,0,0,0,0.000175962,9,6,0,0,9,0,0,0,0
cohort_1,51,distant_c0.8,9,cartesian_ik,,1.0,0.06242956907954067,0.06242956907954067,0.08565715502481908,7.68015141525,0.896383970483,0.0691979552399,0.10545903865256512,1.343e-05,0.013459307,2.25e-06,0.013361666,0,0,0,4.8411e-05,4,2,0,0,4,0,0,0,0
cohort_1,51,distant_c0.8,0,joint_projected,,1.0,0.04903507698327303,0.04903507698327303,0.07250930299051106,4.20186734104,0.602973051745,0.00652223581319,0.10545903865256512,0.02264279,0.000167431,3.426e-05,0,0.022501483,9.1732e-05,5.531e-06,7.1063e-05,7,1,0,0,0,16,0,5,0
cohort_1,51,distant_c0.8,1,joint_projected,,1.0,0.20295477495528758,0.20295477495528758,0.2267365170409903,14.6202795087,1.28312089055,0.0429572147326,0.10545903865256512,0.005334346,0.000225397,4.9765e-05,0,0.005259999,4.1458e-05,6.943e-06,9.2794e-05,12,4,0,0,0,16,2,2,0
cohort_1,51,distant_c0.8,2,joint_projected,,1.0,0.20021473802626133,0.20021473802626133,0.2245575450360775,13.6375679275,0.805045376664,0.0480056063732,0.10545903865256512,0.013688077,5.8255e-05,9.813e-06,0,0.013573497,7.1584e-05,1.43e-06,2.5517e-05,2,1,0,0,0,16,0,1,0
cohort_1,51,distant_c0.8,3,joint_projected,,1.0,0.3143057640409097,0.3143057640409097,0.3380891779670492,19.915138689,1.85157758284,0.0691979552399,0.10545903865256512,0.012907866,0.00013207,2.8292e-05,0,0.012842886,4.135e-05,4.345e-06,3.7572e-05,10,3,0,0,0,16,0,7,0
cohort_1,51,distant_c0.8,4,joint_projected,,1.0,0.06826428102795035,0.06826428102795035,0.09195914608426392,5.81372066805,0.670413111,0.00201572297158,0.10032187551973853,0.005813357,9.3707e-05,1.3579e-05,0,0.005734915,4.7847e-05,3.354e-06,3.7169e-05,3,2,0,0,0,15,0,1,0
cohort_1,51,distant_c0.8,5,joint_projected,,1.0,0.12753954296931624,0.12753954296931624,0.1503718439489603,3.59981813171,0.751247536177,0.0180926277539,0.1043488889602724,0.007074771,5.9971e-05,7.924e-06,0,0.006986856,5.2246e-05,2.314e-06,3.0478e-05,1,1,0,0,0,15,0,0,0
cohort_1,51,distant_c0.8,6,joint_projected,,1.0,0.11698155803605914,0.11698155803605914,0.14025756809860468,8.38574514759,0.836819264864,0.0277940699972,0.07862122531789587,0.018031307,0.000399809,7.5337e-05,0,0.017885681,8.6571e-05,1.5023e-05,0.000129597,23,8,0,0,0,16,2,13,0
cohort_1,51,distant_c0.8,7,joint_projected,,1.0,0.06494910293258727,0.06494910293258727,0.08893763297237456,5.98043007453,0.849246730376,0.0259836304148,0.10382078758504937,0.011170834,8.6799e-05,1.9938e-05,0,0.011008449,9.9813e-05,2.246e-06,2.8193e-05,7,2,0,0,0,15,2,3,0
cohort_1,51,distant_c0.8,8,joint_projected,,1.0,0.2099975609453395,0.2099975609453395,0.23429584794212133,13.6619567804,1.14643791609,0.0642073962826,0.10545903865256512,0.016797287,8.2312e-05,1.2698e-05,0,0.01662491,0.000108908,1.472e-06,3.963e-05,1,1,0,0,0,17,0,0,0
cohort_1,51,distant_c0.8,9,joint_projected,,1.0,0.1167761409888044,0.1167761409888044,0.1398278969572857,5.84684360333,0.795326855801,0.0261055462069,0.10462579026846464,0.039121602,9.1495e-05,1.68e-05,0,0.038902826,0.000120709,1.423e-06,3.9823e-05,3,2,0,0,0,18,1,0,0
cohort_1,51,distant_c0.8,0,ompl_uniform,,1.0,0.17478886095341295,0.17478886095341295,0.17669083399232477,12.0267494786,1.7508005858,0.0676638540152,0.10545903865256512,,,,,,,,,,,,,,,,,
cohort_1,51,distant_c0.8,1,ompl_uniform,,1.0,0.14987467299215496,0.14987467299215496,0.15167396003380418,14.7115815171,2.86708032324,0.0199291226152,0.10342294169906802,,,,,,,,,,,,,,,,,
cohort_1,51,distant_c0.8,2,ompl_uniform,,1.0,0.14333265600726008,0.14333265600726008,0.14469740190543234,11.8105241024,2.91395133649,0.0639402546966,0.10545903865256512,,,,,,,,,,,,,,,,,
cohort_1,51,distant_c0.8,3,ompl_uniform,,1.0,0.12965640902984887,0.12965640902984887,0.13109187397640198,11.0294694688,3.13088445853,0.00955938143816,0.097664919899766,,,,,,,,,,,,,,,,,
cohort_1,51,distant_c0.8,4,ompl_uniform,,1.0,0.11017680400982499,0.11017680400982499,0.11176379502285272,13.0292338345,3.78739996271,0.0342542591656,0.10467379571179293,,,,,,,,,,,,,,,,,
cohort_1,51,distant_c0.8,5,ompl_uniform,,1.0,0.10236503707710654,0.10236503707710654,0.10370254598092288,8.52511343528,1.68811731239,0.0691979552399,0.10545903865256512,,,,,,,,,,,,,,,,,
cohort_1,51,distant_c0.8,6,ompl_uniform,,1.0,0.07013532298151404,0.07013532298151404,0.07157595595344901,10.5738197314,1.83584556998,0.0465747073422,0.10477567317655595,,,,,,,,,,,,,,,,,
cohort_1,51,distant_c0.8,7,ompl_uniform,,1.0,0.21205501491203904,0.21205501491203904,0.2137169810011983,14.5662932289,4.54117606338,0.0444101089487,0.10545903865256512,,,,,,,,,,,,,,,,,
cohort_1,51,distant_c0.8,8,ompl_uniform,,1.0,0.15160035504959524,0.15160035504959524,0.15353660797700286,15.9237780205,2.25083553145,0.00440352196244,0.09128263549453693,,,,,,,,,,,,,,,,,
cohort_1,51,distant_c0.8,9,ompl_uniform,,1.0,0.09996421600226313,0.09996421600226313,0.10138658504001796,14.0066730467,3.54351652346,0.0136431961021,0.07404167128998358,,,,,,,,,,,,,,,,,
cohort_1,52,distant_c0.8,0,cartesian_ik,,1.0,0.09002572891768068,0.09002572891768068,0.11424696410540491,5.92459434045,0.445944560387,0.0230698196981,0.12200896643592589,1.0274e-05,0.001888393,1.374e-06,0.00180828,0,0,0,4.6284e-05,2,1,0,0,2,0,0,0,0
cohort_1,52,distant_c0.8,1,cartesian_ik,,1.0,0.042720058001577854,0.042720058001577854,0.06761585606727749,4.63654296386,0.657648994369,0.00356594038106,0.12151267029021086,1.6903e-05,0.001690737,1.376e-06,0.001582472,0,0,0,7.053e-05,1,1,0,0,1,0,0,0,0
cohort_1,52,distant_c0.8,2,cartesian_ik,,1.0,0.1505567809799686,0.1505567809799686,0.17489091400057077,11.7607182197,0.65616472307,0.0224421791987,0.10368786770406664,1.4865e-05,0.000545762,1.373e-06,0.000466861,0,0,0,4.741e-05,1,1,0,0,1,0,0,0,0
cohort_1,52,distant_c0.8,3,cartesian_ik,,1.0,0.1303440519841388,0.1303440519841388,0.15408004203345627,11.5863290579,0.862889518671,0.0224652214632,0.09172277171763595,2.3807e-05,0.005456418,2.618e-06,0.005354493,0,0,0,3.4999e-05,2,2,0,0,2,0,0,0,0
cohort_1,52,distant_c0.8,4,cartesian_ik,,1.0,0.13891267497092485,0.13891267497092485,0.16266855306457728,5.85853952231,0.448978683983,0.0226327528977,0.12149997162209679,2.3785e-05,0.025448425,7.563e-06,0.025257137,0,0,0,3.6239e-05,4,1,0,0,4,0,0,0,0
cohort_1,52,distant_c0.8,5,cartesian_ik,,1.0,0.11514023994095623,0.11514023994095623,0.1393762540537864,6.10685852276,0.567611057961,0.022281307787,0.12036931611662065,2.4219e-05,0.006011867,3.891e-06,0.005869235,0,0,0,6.1095e-05,2,1,0,0,2,0,0,0,0
cohort_1,52,distant_c0.8,6,cartesian_ik,,1.0,0.1138686069753021,0.1138686069753021,0.13801348791457713,13.7424496263,1.28869923917,0.0228020934612,0.12062244196338993,6.787e-06,0.000628197,9.24e-07,0.000568386,0,0,0,3.1124e-05,1,1,0,0,1,0,0,0,0
cohort_1,52,distant_c0.8,7,cartesian_ik,,1.0,0.11188342608511448,0.11188342608511448,0.13609055103734136,7.17611181397,0.592998084681,0.00974453577665,0.10973279907070893,2.1016e-05,0.000462564,1.128e-06,0.000407156,0,0,0,2.791e-05,1,1,0,0,1,0,0,0,0
cohort_1,52,distant_c0.8,8,cartesian_ik,,1.0,0.12465147697366774,0.12465147697366774,0.14892446098383516,13.1949866336,0.9823548201,0.0224641090086,0.1217325415314316,1.0912e-05,0.000567662,1.338e-06,0.000521846,0,0,0,2.3493e-05,1,1,0,0,1,0,0,0,0
cohort_1,52,distant_c0.8,9,cartesian_ik,,1.0,0.07856825599446893,0.07856825599446893,0.1026482020970434,7.84508706578,0.420967023946,0.0228778802208,0.12164421492163545,1.0162e-05,0.011472557,1.826e-06,0.011382391,0,0,0,4.989e-05,4,1,0,0,4,0,0,0,0
cohort_1,52,distant_c0.8,0,joint_projected,,1.0,0.09839684702455997,0.09839684702455997,0.12195526401046664,4.28560193605,0.531418087239,0.0223604956855,0.12117356269698988,0.021036563,4.356e-05,5.32e-06,0,0.020909382,7.0891e-05,6.42e-07,2.5655e-05,1,1,0,0,0,17,0,0,0
cohort_1,52,distant_c0.8,1,joint_projected,,1.0,0.11125358892604709,0.11125358892604709,0.1366340620443225,2.33329318442,0.406654937377,0.0226494102602,0.11993640203023521,0.035179328,0.000129648,3.7694e-05,0,0.034956408,0.000117708,5.6e-06,2.9601e-05,8,1,0,0,0,17,1,6,0
cohort_1,52,distant_c0.8,2,joint_projected,,1.0,0.14220692205708474,0.14220692205708474,0.1660610999679193,12.3579531453,0.81792539289,0.0083860250252,0.1152840155393071,0.013472398,0.000180312,3.5835e-05,0,0.013320125,9.0165e-05,3.888e-06,8.5647e-05,7,1,0,0,0,15,3,2,0
cohort_1,52,distant_c0.8,3,joint_projected,,1.0,0.13437772600445896,0.13437772600445896,0.15801991999614984,10.2152681803,0.540547827475,0.0222650184146,0.09382281515273978,0.02778679,4.4205e-05,5.291e-06,0,0.027533238,0.000147298,5.23e-07,2.5866e-05,1,1,0,0,0,18,0,0,0
cohort_1,52,distant_c0.8,4,joint_projected,,1.0,0.05618379998486489,0.05618379998486489,0.0798820829950273,5.25195376689,0.450180439316,0.0229479473366,0.12162950849161784,0.019128414,5.8205e-05,1.9315e-05,0,0.019035465,5.6255e-05,1.028e-06,1.4813e-05,8,1,0,0,0,16,1,1,0
cohort_1,52,distant_c0.8,5,joint_projected,,1.0,0.09346031805034727,0.09346031805034727,0.11689508298877627,2.46594402322,0.421438778908,0.0219730327617,0.12108069667522679,0.017955463,0.000277431,5.8926e-05,0,0.017705735,0.000166763,1.0182e-05,9.792e-05,15,3,0,0,0,15,1,10,0
cohort_1,52,distant_c0.8,6,joint_projected,,1.0,0.17499873996712267,0.17499873996712267,0.19872569292783737,12.4003744615,0.54619380373,0.022151749137,0.11878513226830188,0.014972536,7.0637e-05,1.5338e-05,0,0.014776969,0.00012191,1.333e-06,2.9408e-05,3,1,0,0,0,15,1,1,0
cohort_1,52,distant_c0.8,7,joint_projected,,1.0,0.15247069695033133,0.15247069695033133,0.17617027694359422,12.5933021706,0.801234592473,0.022835208477,0.12160606203265577,0.024335913,0.00012525,2.6269e-05,0,0.024217486,5.2978e-05,3.247e-06,4.7515e-05,10,2,0,0,0,18,1,6,0
cohort_1,52,distant_c0.8,8,joint_projected,,1.0,0.16655935102608055,0.16655935102608055,0.19038566201925278,9.72544573975,0.667653911011,0.0218408990032,0.1210299619092957,0.007862774,0.00016751,5.0826e-05,0,0.007766972,5.454e-05,7.911e-06,2.321e-05,15,1,0,0,0,15,4,10,0
cohort_1,52,distant_c0.8,9,joint_projected,,1.0,0.051377687021158636,0.051377687021158636,0.07560305704828352,3.00418010086,0.373618369628,0.0227601063096,0.12149424701253765,0.017862521,0.000104948,3.2078e-05,0,0.017617087,0.00020991,2.589e-06,2.8135e-05,13,1,0,0,0,16,2,4,0
cohort_1,52,distant_c0.8,0,ompl_uniform,,1.0,0.14523351297248155,0.14523351297248155,0.14675580896437168,12.7799252035,1.26597223546,0.0228690823138,0.12174100533972813,,,,,,,,,,,,,,,,,
cohort_1,52,distant_c0.8,1,ompl_uniform,,1.0,0.1952486039372161,0.1952486039372161,0.19648470799438655,14.2898865288,3.20894593567,0.0221764894121,0.12130848072989091,,,,,,,,,,,,,,,,,
cohort_1,52,distant_c0.8,2,ompl_uniform,,1.0,0.1563635260099545,0.1563635260099545,0.15793583705089986,13.0081848634,2.58784691042,0.0224620260445,0.12101727108971182,,,,,,,,,,,,,,,,,
cohort_1,52,distant_c0.8,3,ompl_uniform,,1.0,0.14279992994852364,0.14279992994852364,0.14393961895257235,14.8356572581,1.17790273041,0.0223693530508,0.12143749870257266,,,,,,,,,,,,,,,,,
cohort_1,52,distant_c0.8,4,ompl_uniform,,1.0,0.13029819098301232,0.13029819098301232,0.13148793298751116,13.3814629471,2.44441819262,0.016469566734,0.07156426189647698,,,,,,,,,,,,,,,,,
cohort_1,52,distant_c0.8,5,ompl_uniform,,1.0,0.17805076600052416,0.17805076600052416,0.17917911906260997,14.4902057425,1.51048516823,0.0204094037351,0.09088010997703444,,,,,,,,,,,,,,,,,
cohort_1,52,distant_c0.8,6,ompl_uniform,,1.0,0.10808650706894696,0.10808650706894696,0.10937486903276294,13.3945918089,3.69648870399,0.0221134048018,0.09787746711297816,,,,,,,,,,,,,,,,,
cohort_1,52,distant_c0.8,7,ompl_uniform,,1.0,0.08833027502987534,0.08833027502987534,0.08960195502731949,14.429648964,2.40195130581,0.0226162292442,0.12136143593916014,,,,,,,,,,,,,,,,,
cohort_1,52,distant_c0.8,8,ompl_uniform,,1.0,0.16213422699365765,0.16213422699365765,0.16350560705177486,11.6016164627,0.962437810261,0.00203061044719,0.08603658219601806,,,,,,,,,,,,,,,,,
cohort_1,52,distant_c0.8,9,ompl_uniform,,1.0,0.1607195030665025,0.1607195030665025,0.16185346397105604,12.9681341148,2.31125116378,0.0223206985578,0.1212265336444331,,,,,,,,,,,,,,,,,
cohort_1,53,distant_c0.8,0,cartesian_ik,,1.0,0.1070185040589422,0.1070185040589422,0.12954622705001384,4.91978939858,0.424709990243,0.0133529371831,0.14675194892754329,2.7502e-05,0.010031291,4.332e-06,0.00977593,0,0,0,0.00015728,3,1,0,0,3,0,0,0,0
cohort_1,53,distant_c0.8,1,cartesian_ik,,1.0,0.0867969790706411,0.0867969790706411,0.10972342011518776,6.91137464804,0.487793152336,0.0132159582194,0.14660756062832941,3.527e-05,0.001236433,1.908e-06,0.001137567,0,0,0,5.4093e-05,1,1,0,0,1,0,0,0,0
cohort_1,53,distant_c0.8,2,cartesian_ik,,1.0,0.105639465036802,0.105639465036802,0.12871458008885384,6.15267079229,0.495511107601,0.013806262617,0.14733829504053914,4.0006e-05,0.018567001,7.624e-06,0.01792853,0,0,0,0.000382924,6,3,0,0,6,0,0,0,0
cohort_1,53,distant_c0.8,3,cartesian_ik,,1.0,0.08950683393049985,0.08950683393049985,0.1116306041367352,3.79380954708,0.365119510635,0.0133012259859,0.14657106949488716,1.5029e-05,0.019607386,7.234e-06,0.019263412,0,0,0,0.000124015,6,3,0,0,6,0,0,0,0
cohort_1,53,distant_c0.8,4,cartesian_ik,,1.0,0.19673892203718424,0.19673892203718424,0.2194142109947279,11.3246775306,0.771713941258,0.0134448843798,0.1472003017505926,2.1363e-05,0.003657585,3.386e-06,0.003402924,0,0,0,0.000161305,1,1,0,0,1,0,0,0,0
cohort_1,53,distant_c0.8,5,cartesian_ik,,1.0,0.09065343497786671,0.09065343497786671,0.11317134601995349,3.79976025172,0.314110232834,0.0136325299636,0.14626782613651876,2e-05,0.001503324,1.881e-06,0.001377302,0,0,0,7.3286e-05,1,1,0,0,1,0,0,0,0
cohort_1,53,distant_c0.8,6,cartesian_ik,,1.0,0.09567745204549283,0.09567745204549283,0.11806885700207204,11.1785235066,0.694118149766,0.0135562399344,0.1465608829751884,1.218e-05,0.014496804,3.728e-06,0.014268837,0,0,0,0.000103579,5,4,0,0,5,0,0,0,0
cohort_1,53,distant_c0.8,7,cartesian_ik,,1.0,0.23535377101507038,0.23535377101507038,0.2577763390727341,11.8045461056,0.654166637018,0.0137145125466,0.10934383142651304,2.608e-05,0.000738833,2.539e-06,0.000594177,0,0,0,7.934e-05,1,1,0,0,1,0,0,0,0
cohort_1,53,distant_c0.8,8,cartesian_ik,,1.0,0.13132386305369437,0.13132386305369437,0.15379331004805863,12.0858847099,0.757832356944,0.0136598842493,0.1477052482408887,1.2899e-05,0.018153948,5.538e-06,0.01787228,0,0,0,0.000117683,5,1,0,0,5,0,0,0,0
cohort_1,53,distant_c0.8,9,cartesian_ik,,1.0,0.09089034597855061,0.09089034597855061,0.1138295060954988,10.3394329132,0.775269098488,0.0135058987119,0.14725131031308197,2.7359e-05,0.021601842,3.769e-06,0.02140736,0,0,0,9.4962e-05,6,3,0,0,6,0,0,0,0
cohort_1,53,distant_c0.8,0,joint_projected,,1.0,0.08523578697349876,0.08523578697349876,0.10725271003320813,3.28873606397,0.416501130781,0.0136321593139,0.14650522425051055,0.023758688,0.000159105,4.5447e-05,0,0.023568938,0.00011479,5.811e-06,3.9531e-05,17,2,0,0,0,16,3,10,0
cohort_1,53,distant_c0.8,1,joint_projected,,1.0,0.04680623102467507,0.04680623102467507,0.0692617300665006,2.57974650424,0.338785304125,0.0129826926797,0.14653900426214886,0.017066461,4.7486e-05,6.47e-06,0,0.016950807,6.407e-05,5.21e-07,2.7297e-05,1,1,0,0,0,16,0,0,0
cohort_1,53,distant_c0.8,2,joint_projected,,1.0,0.1779248509556055,0.1779248509556055,0.20177679508924484,13.9525908613,1.28885769093,0.00197734553616,0.09537775862206564,0.023521549,9.419e-05,1.342e-05,0,0.023300923,0.000136087,1.902e-06,4.8503e-05,1,1,0,0,0,15,0,0,0
cohort_1,53,distant_c0.8,3,joint_projected,,1.0,0.20216240698937327,0.20216240698937327,0.2245913641527295,13.9865273213,1.64994266303,0.0131824939035,0.099709041184863,0.033054723,5.577e-05,1.3957e-05,0,0.032952375,5.4799e-05,1.703e-06,1.8229e-05,4,1,0,0,0,17,0,3,0
cohort_1,53,distant_c0.8,4,joint_projected,,1.0,0.06876902794465423,0.06876902794465423,0.09116484911646694,5.77737567389,0.67485173017,0.0139979981033,0.1471749653563068,0.022067128,6.217e-05,1.4521e-05,0,0.021919377,8.0665e-05,1.994e-06,1.9954e-05,4,1,0,0,0,16,0,3,0
cohort_1,53,distant_c0.8,5,joint_projected,,1.0,0.09085467597469687,0.09085467597469687,0.11323962605092674,3.65007843866,0.505203958752,0.0140691381537,0.1473764779800164,0.01400911,5.0075e-05,1.2606e-05,0,0.013901751,5.9645e-05,1.406e-06,1.5117e-05,4,1,0,0,0,16,0,2,0
cohort_1,53,distant_c0.8,6,joint_projected,,1.0,0.05638919095508754,0.05638919095508754,0.07988543005194515,4.36986329447,0.550170375353,0.0133170367089,0.1471595507582261,0.016913045,5.0467e-05,1.4616e-05,0,0.016770478,8.23e-05,9.53e-07,1.3428e-05,5,1,0,0,0,16,1,1,0
cohort_1,53,distant_c0.8,7,joint_projected,,1.0,0.13814250100404024,0.13814250100404024,0.1607215281110257,10.9484206541,0.545240236851,0.0119987556254,0.1463370483459083,0.022303899,5.4938e-05,1.1403e-05,0,0.022140322,9.8981e-05,1.497e-06,2.2419e-05,3,1,0,0,0,16,0,2,0
cohort_1,53,distant_c0.8,8,joint_projected,,1.0,0.2288629449903965,0.2288629449903965,0.2516798040596768,12.8522414441,0.992903711317,0.013133488814,0.14689035127831931,0.016484949,5.7541e-05,1.0524e-05,0,0.016346532,7.6524e-05,1.198e-06,2.6755e-05,3,1,0,0,0,16,0,2,0
cohort_1,53,distant_c0.8,9,joint_projected,,1.0,0.09186382999178022,0.09186382999178022,0.11434956500306726,2.7907066325,0.437112816968,0.0144389648576,0.1254201568858776,0.031836555,4.5466e-05,8.896e-06,0,0.031623371,0.000135072,7.11e-07,2.249e-05,2,1,0,0,0,16,1,0,0
cohort_1,53,distant_c0.8,0,ompl_uniform,,1.0,0.16463269491214305,0.16463269491214305,0.1657585420180112,13.9223102019,1.18794819003,0.0133795157808,0.14673021103878855,,,,,,,,,,,,,,,,,
cohort_1,53,distant_c0.8,1,ompl_uniform,,1.0,0.1516117979772389,0.1516117979772389,0.15360447706189007,14.0995166556,0.798325812469,0.0144573659189,0.14740058710951862,,,,,,,,,,,,,,,,,
cohort_1,53,distant_c0.8,2,ompl_uniform,,1.0,0.13731516199186444,0.13731516199186444,0.13905289699323475,12.032329687,0.943206759988,0.0140008345122,0.14732776934888817,,,,,,,,,,,,,,,,,
cohort_1,53,distant_c0.8,3,ompl_uniform,,1.0,0.20211740501690656,0.20211740501690656,0.20333877904340625,12.4340565091,2.91181798203,0.0140819818958,0.14776450437012137,,,,,,,,,,,,,,,,,
cohort_1,53,distant_c0.8,4,ompl_uniform,,1.0,0.11523085099179298,0.11523085099179298,0.11672931397333741,13.1640958379,0.806596402977,0.00780661547838,0.14648409120191824,,,,,,,,,,,,,,,,,
cohort_1,53,distant_c0.8,5,ompl_uniform,,1.0,0.2365484939655289,0.2365484939655289,0.2378822829341516,21.2266800229,3.37133295782,0.0101606606065,0.09801014419633046,,,,,,,,,,,,,,,,,
cohort_1,53,distant_c0.8,6,ompl_uniform,,1.0,0.20417167397681624,0.20417167397681624,0.20520801097154617,12.2001592695,0.649834400621,0.0107637198768,0.14656306861691185,,,,,,,,,,,,,,,,,
cohort_1,53,distant_c0.8,7,ompl_uniform,,1.0,0.21568614291027188,0.21568614291027188,0.21716247696895152,14.7829094748,2.92571695472,0.0139449230879,0.14735227873265638,,,,,,,,,,,,,,,,,
cohort_1,53,distant_c0.8,8,ompl_uniform,,1.0,0.224618720007129,0.224618720007129,0.22689206805080175,18.5282013315,4.89576027399,0.0139158522173,0.14703552857432844,,,,,,,,,,,,,,,,,
cohort_1,53,distant_c0.8,9,ompl_uniform,,1.0,0.15466629608999938,0.15466629608999938,0.15620369999669492,12.4697436552,1.8454618107,0.0139488848225,0.12734658955399936,,,,,,,,,,,,,,,,,
cohort_1,54,distant_c0.8,0,cartesian_ik,,1.0,0.13613214006181806,0.13613214006181806,0.1590139230247587,11.3880253549,0.810790730862,0.0107516198868,0.12814262125798132,2.866e-05,0.001898517,2.426e-06,0.001763522,0,0,0,7.5505e-05,1,1,0,0,1,0,0,0,0
cohort_1,54,distant_c0.8,1,cartesian_ik,,1.0,0.06967490294482559,0.06967490294482559,0.09264534304384142,6.60503967668,0.573794180141,0.0112010631263,0.12788584851646473,1.3302e-05,0.000907566,1.56e-06,0.000852403,0,0,0,2.3653e-05,1,1,0,0,1,0,0,0,0
cohort_1,54,distant_c0.8,2,cartesian_ik,,1.0,0.200117044034414,0.200117044034414,0.22350110206753016,13.6796729273,0.678073332628,0.0118676204778,0.12838544504448252,2.3643e-05,0.005536456,3.116e-06,0.005365613,0,0,0,8.3709e-05,4,2,0,0,4,0,0,0,0
cohort_1,54,distant_c0.8,3,cartesian_ik,,1.0,0.024371171952225268,0.024371171952225268,0.047097466071136296,3.84033180928,0.518988181186,0.0113623612862,0.1278464019235817,8.039e-06,0.002633785,2.237e-06,0.002506452,0,0,0,6.6654e-05,2,2,0,0,2,0,0,0,0
cohort_1,54,distant_c0.8,4,cartesian_ik,,1.0,0.22545285697560757,0.22545285697560757,0.24844670412130654,13.919352505,0.875299631803,0.0112481077763,0.12758376559081347,2.4636e-05,0.017380666,2.103e-06,0.017304444,0,0,0,2.6748e-05,2,1,0,0,2,0,0,0,0
cohort_1,54,distant_c0.8,5,cartesian_ik,,1.0,0.11671591899357736,0.11671591899357736,0.14024467999115586,5.82739649953,0.552508521899,0.0115056650413,0.12702418170313817,2.3338e-05,0.003322774,1.373e-06,0.003233297,0,0,0,4.5133e-05,1,1,0,0,1,0,0,0,0
cohort_1,54,distant_c0.8,6,cartesian_ik,,1.0,0.18878924497403204,0.18878924497403204,0.2119066771119833,12.518467789,0.797690752061,0.00237350192815,0.12842081246999482,3.5488e-05,0.010639923,6.509e-06,0.010005686,0,0,0,0.000413581,4,2,0,0,4,0,0,0,0
cohort_1,54,distant_c0.8,7,cartesian_ik,,1.0,0.21084503701422364,0.21084503701422364,0.23399045108817518,14.3446019721,0.835192484789,0.0111527885265,0.12757314369170486,1.5961e-05,0.00253692,2.114e-06,0.002389812,0,0,0,8.0599e-05,3,2,0,0,3,0,0,0,0
cohort_1,54,distant_c0.8,8,cartesian_ik,,1.0,0.11421028000768274,0.11421028000768274,0.13716558611486107,8.56959477263,0.607578241714,0.0112851692425,0.1279044573603244,1.8164e-05,0.004232476,2.099e-06,0.004036568,0,0,0,0.000132551,2,1,0,0,2,0,0,0,0
cohort_1,54,distant_c0.8,9,cartesian_ik,,1.0,0.12203610595315695,0.12203610595315695,0.1448504871223122,5.15980685436,0.522549006634,0.0113197637872,0.1279694248864482,1.615e-05,0.022284462,2.22e-06,0.022191852,0,0,0,3.7857e-05,3,1,0,0,3,0,0,0,0
cohort_1,54,distant_c0.8,0,joint_projected,,1.0,0.12312952906358987,0.12312952906358987,0.1460852090967819,12.0923032234,0.859106269639,0.0114076558371,0.12783172538838822,0.024510957,3.9692e-05,6.35e-06,0,0.024389342,7.4113e-05,6.74e-07,2.0048e-05,1,1,0,0,0,16,0,0,0
cohort_1,54,distant_c0.8,1,joint_projected,,1.0,0.0414238729281351,0.0414238729281351,0.06407411606051028,3.59116482074,0.517474508753,0.0117744618054,0.12765896485535394,0.017347981,4.439e-05,9.573e-06,0,0.017205593,8.2631e-05,9.52e-07,1.6991e-05,2,1,0,0,0,16,0,1,0
cohort_1,54,distant_c0.8,2,joint_projected,,1.0,0.04031638498418033,0.04031638498418033,0.06321397214196622,2.67380554992,0.483267854973,0.0116569084621,0.12767500989060548,0.014438716,5.1478e-05,8.625e-06,0,0.014293691,8.6919e-05,9.58e-07,2.5596e-05,2,1,0,0,0,17,0,0,0
cohort_1,54,distant_c0.8,3,joint_projected,,1.0,0.15055494895204902,0.15055494895204902,0.1744353740941733,14.5028614289,1.35731370521,0.00354276656039,0.0878453204272515,0.014051712,6.3497e-05,8.725e-06,0,0.01394214,7.0743e-05,1.158e-06,2.9413e-05,2,2,0,0,0,16,0,0,0
cohort_1,54,distant_c0.8,4,joint_projected,,1.0,0.10085782699752599,0.10085782699752599,0.12464689102489501,6.06932304096,0.546424746855,0.0122513508793,0.12765578864269206,0.030704082,9.3364e-05,2.4977e-05,0,0.030533478,9.7731e-05,2.566e-06,2.8828e-05,8,1,0,0,0,16,1,4,0
cohort_1,54,distant_c0.8,5,joint_projected,,1.0,0.11006542597897351,0.11006542597897351,0.13285729906056076,3.08302967616,0.582474978775,0.0114748560458,0.12759478525727264,0.011948359,5.1505e-05,7.888e-06,0,0.011822206,7.7944e-05,7.43e-07,2.4375e-05,1,1,0,0,0,15,0,0,0
cohort_1,54,distant_c0.8,6,joint_projected,,1.0,0.1532444399781525,0.1532444399781525,0.17626151896547526,11.6170910633,0.832355499427,0.0110135761124,0.11163456581681273,0.020731016,4.468e-05,6.282e-06,0,0.020447788,0.000182317,6.04e-07,2.2824e-05,1,1,0,0,0,16,0,0,0
cohort_1,54,distant_c0.8,7,joint_projected,,1.0,0.1503686000360176,0.1503686000360176,0.173216441180557,5.07398384967,0.577672688323,0.0108152911683,0.12738107772111168,0.039246711,0.000144067,2.3873e-05,0,0.03879182,0.000267075,1.667e-06,7.3272e-05,7,2,0,0,0,18,4,1,0
cohort_1,54,distant_c0.8,8,joint_projected,,1.0,0.14733092102687806,0.14733092102687806,0.17022408114280552,10.9200859389,0.697148409684,0.0115011450031,0.10785707607279289,0.047031449,7.3386e-05,9.656e-06,0,0.046809329,0.000142788,1.248e-06,3.871e-05,1,1,0,0,0,19,0,0,0
cohort_1,54,distant_c0.8,9,joint_projected,,1.0,0.2415803810581565,0.2415803810581565,0.2647823460865766,12.6955320311,0.860759394831,0.0113503666877,0.12787369333913412,0.034874952,0.000736426,0.000190393,0,0.034667738,0.000121455,1.8873e-05,0.000267708,52,3,0,0,0,17,18,19,0
cohort_1,54,distant_c0.8,0,ompl_uniform,,1.0,0.13933597295545042,0.13933597295545042,0.14050272200256586,12.1177388324,2.55747205517,0.0117539795401,0.06799275814427004,,,,,,,,,,,,,,,,,
cohort_1,54,distant_c0.8,1,ompl_uniform,,1.0,0.13703713496215641,0.13703713496215641,0.13845968106761575,13.8444980321,1.4676039145,0.0114486623435,0.08225389322672211,,,,,,,,,,,,,,,,,
cohort_1,54,distant_c0.8,2,ompl_uniform,,1.0,0.1616544040152803,0.1616544040152803,0.16285755392163992,11.2602371934,2.18065723073,0.0111676787828,0.08104366273667113,,,,,,,,,,,,,,,,,
cohort_1,54,distant_c0.8,3,ompl_uniform,,1.0,0.11862702097278088,0.11862702097278088,0.11983533902093768,14.4493508778,2.33429146095,0.0113505960091,0.12723520062831806,,,,,,,,,,,,,,,,,
cohort_1,54,distant_c0.8,4,ompl_uniform,,1.0,0.16839052992872894,0.16839052992872894,0.16950180800631642,12.3588319972,1.00315631672,0.010377833458,0.1279201212665667,,,,,,,,,,,,,,,,,
cohort_1,54,distant_c0.8,5,ompl_uniform,,1.0,0.2664619229035452,0.2664619229035452,0.26799936790484935,13.5943354322,1.34531563719,0.0108086061334,0.10744742531515564,,,,,,,,,,,,,,,,,
cohort_1,54,distant_c0.8,6,ompl_uniform,,1.0,0.12167941697407514,0.12167941697407514,0.12283342506270856,11.8737380333,1.42079838248,0.0115546910912,0.12804905845853504,,,,,,,,,,,,,,,,,
cohort_1,54,distant_c0.8,7,ompl_uniform,,1.0,0.19506582093890756,0.19506582093890756,0.19628323300275952,13.8088416484,1.62544350053,0.0118831293534,0.06838442108791372,,,,,,,,,,,,,,,,,
cohort_1,54,distant_c0.8,8,ompl_uniform,,1.0,0.1746515929698944,0.1746515929698944,0.17617626895662397,11.3978292216,3.37982185191,0.0114231667637,0.12728485838808962,,,,,,,,,,,,,,,,,
cohort_1,54,distant_c0.8,9,ompl_uniform,,1.0,0.17374727805145085,0.17374727805145085,0.17510805604979396,12.8414771669,1.31205066226,0.00940434957867,0.12846812718043604,,,,,,,,,,,,,,,,,
cohort_1,55,distant_c0.8,0,cartesian_ik,,1.0,0.20321952004451305,0.20321952004451305,0.2290203698212281,14.8651695425,0.829283167619,0.0752432842252,0.11946907274877061,3.965e-05,0.011841388,3.069e-06,0.011687318,0,0,0,6.2146e-05,3,2,0,0,3,0,0,0,0
cohort_1,55,distant_c0.8,1,cartesian_ik,,1.0,0.08974187902640551,0.08974187902640551,0.11538640689104795,4.61673398405,0.49812580437,0.023558819134,0.10320056433453541,1.8386e-05,0.000427029,1.777e-06,0.000334568,0,0,0,4.8145e-05,1,1,0,0,1,0,0,0,0
cohort_1,55,distant_c0.8,2,cartesian_ik,,1.0,0.13167941104620695,0.13167941104620695,0.15740143484435976,13.6355164713,1.66737528362,0.0555886014128,0.11946907274877061,1.6343e-05,0.000743502,1.689e-06,0.000646718,0,0,0,5.0048e-05,1,1,0,0,1,0,0,0,0
cohort_1,55,distant_c0.8,3,cartesian_ik,,1.0,0.11870689096394926,0.11870689096394926,0.1450720818247646,5.30132983995,0.540247849715,0.000824547685621,0.11341336350647081,8.2303e-05,0.023498683,5.343e-06,0.02309316,0,0,0,0.000243806,8,4,0,0,8,0,0,0,0
cohort_1,55,distant_c0.8,4,cartesian_ik,,1.0,0.10619479406159371,0.10619479406159371,0.1323487259214744,8.22562926151,0.620388091166,0.0761152413514,0.11946907274877061,2.4984e-05,0.033104529,6.825e-06,0.032710291,0,0,0,0.00020592,11,4,0,0,11,0,0,0,0
cohort_1,55,distant_c0.8,5,cartesian_ik,,1.0,0.08639683900400996,0.08639683900400996,0.11190348386298865,8.43021452316,0.650437321419,0.0420906588974,0.1133570089184008,1.5653e-05,0.022776943,2.334e-06,0.022599535,0,0,0,0.000114093,7,2,0,0,7,0,0,0,0
cohort_1,55,distant_c0.8,6,cartesian_ik,,1.0,0.06932237197179347,0.06932237197179347,0.09468607790768147,5.98352283359,0.757575472092,0.0655295038431,0.11070206309054141,1.3726e-05,0.010769161,5.042e-06,0.0103446,0,0,0,0.000265488,6,4,0,0,6,0,0,0,0
cohort_1,55,distant_c0.8,7,cartesian_ik,,1.0,0.04847524093929678,0.04847524093929678,0.0749810659326613,5.49503657554,0.63582197406,0.00947896919945,0.0971939384235498,1.2237e-05,0.002779161,2.809e-06,0.002578714,0,0,0,0.000112129,3,2,0,0,3,0,0,0,0
cohort_1,55,distant_c0.8,8,cartesian_ik,,1.0,0.15063281101174653,0.15063281101174653,0.17626574193127453,11.5997134236,0.670695269195,0.0104059708762,0.10370336653119662,2.3341e-05,0.001200975,1.981e-06,0.001121835,0,0,0,3.9651e-05,1,1,0,0,1,0,0,0,0
cohort_1,55,distant_c0.8,9,cartesian_ik,,1.0,0.1747951729921624,0.1747951729921624,0.20058069191873074,9.73012503149,0.799860419728,0.0761152413514,0.11946907274877061,2.3622e-05,0.031715338,9.517e-06,0.031129346,0,0,0,0.000290147,7,2,0,0,7,0,0,0,0
cohort_1,55,distant_c0.8,0,joint_projected,,1.0,0.22982026799581945,0.22982026799581945,0.2560015919152647,4.9426739581,0.542962131582,0.00155628580028,0.08579756307968397,0.139999793,0.000189928,3.8508e-05,0,0.139844536,8.7039e-05,5.408e-06,6.5772e-05,11,3,0,0,0,34,1,5,2
cohort_1,55,distant_c0.8,1,joint_projected,,1.0,0.2673784550279379,0.2673784550279379,0.29280983190983534,7.02447470848,0.75493227807,0.0276156814576,0.10622082951141616,0.169434967,4.9795e-05,5.866e-06,0,0.169284946,8.2631e-05,5.12e-07,2.9543e-05,1,1,0,0,0,37,0,0,0
cohort_1,55,distant_c0.8,2,joint_projected,,1.0,0.2613147090887651,0.2613147090887651,0.28702476795297116,8.35006816899,0.642831436663,0.0506548614906,0.10965002753768967,0.15046352,0.000108227,2.0036e-05,0,0.150358926,5.9857e-05,2.215e-06,4.489e-05,8,3,0,0,0,38,2,2,1
cohort_1,55,distant_c0.8,3,joint_projected,,1.0,0.3379766879370436,0.3379766879370436,0.36326588795054704,3.63314827595,0.604070733471,0.0140778442979,0.11946907274877061,0.227352333,7.9214e-05,1.4041e-05,0,0.227195956,7.4298e-05,1.376e-06,3.8935e-05,3,1,0,0,0,42,0,1,1
cohort_1,55,distant_c0.8,4,joint_projected,,1.0,0.22993399295955896,0.22993399295955896,0.25533459486905485,5.5634664,0.449492205151,0.00823645166741,0.11946907274877061,0.198390523,7.7998e-05,8.58e-06,0,0.198265328,6.9689e-05,1.062e-06,4.674e-05,2,1,0,0,0,43,0,0,1
cohort_1,55,distant_c0.8,5,joint_projected,,1.0,0.25000732508488,0.25000732508488,0.27596795093268156,7.43682810887,0.674080162927,0.0357313246233,0.10708309034410014,0.176697087,5.008e-05,5.704e-06,0,0.176566063,7.5746e-05,5.73e-07,3.0699e-05,1,1,0,0,0,42,0,0,0
cohort_1,55,distant_c0.8,6,joint_projected,,1.0,0.2670135030057281,0.2670135030057281,0.2926099468022585,7.22307662595,0.742027273463,0.035081092548,0.10783765087283557,0.199501796,8.5971e-05,1.2698e-05,0,0.199416421,4.8378e-05,1.572e-06,4.1697e-05,4,2,0,0,0,41,0,1,1
cohort_1,55,distant_c0.8,7,joint_projected,,1.0,0.357072668033652,0.357072668033652,0.3831838568439707,10.6283086569,0.742909508351,0.0478058754644,0.11946031720166404,0.208765881,6.8233e-05,1.2991e-05,0,0.208615046,7.5165e-05,1.455e-06,3.1177e-05,3,1,0,0,0,42,0,2,0
cohort_1,55,distant_c0.8,8,joint_projected,,1.0,0.24510751594789326,0.24510751594789326,0.2713977908715606,3.44176270757,0.56582288444,0.035702766671,0.11946907274877061,0.191095885,7.9867e-05,1.6674e-05,0,0.190942225,8.3703e-05,2.024e-06,3.0862e-05,5,1,0,0,0,41,0,3,1
cohort_1,55,distant_c0.8,9,joint_projected,,1.0,0.2091249100631103,0.2091249100631103,0.2345017228508368,3.33711465744,0.444173509343,0.0251502753548,0.11946907274877061,0.185169718,5.9792e-05,9.734e-06,0,0.185043847,6.1795e-05,9.82e-07,3.1545e-05,2,1,0,0,0,40,0,1,0
cohort_1,55,distant_c0.8,0,ompl_uniform,,1.0,0.20230116706807166,0.20230116706807166,0.20351041504181921,14.0735282957,1.0642378027,0.00310834139945,0.11165434825651645,,,,,,,,,,,,,,,,,
cohort_1,55,distant_c0.8,1,ompl_uniform,,1.0,0.15978754998650402,0.15978754998650402,0.16088818607386202,12.0946611467,1.5355276964,0.0281881690123,0.10947229822625665,,,,,,,,,,,,,,,,,
cohort_1,55,distant_c0.8,2,ompl_uniform,,1.0,0.13605928199831396,0.13605928199831396,0.1374174760421738,8.08320369602,2.12079392645,0.0435273786518,0.11748114155941645,,,,,,,,,,,,,,,,,
cohort_1,55,distant_c0.8,3,ompl_uniform,,1.0,0.16364769102074206,0.16364769102074206,0.16542114899493754,13.2195145881,2.85445894046,0.0459430529567,0.11829269701999957,,,,,,,,,,,,,,,,,
cohort_1,55,distant_c0.8,4,ompl_uniform,,1.0,0.19658578489907086,0.19658578489907086,0.19831612089183182,12.665182682,2.56949649353,0.0761152413514,0.11946907274877061,,,,,,,,,,,,,,,,,
cohort_1,55,distant_c0.8,5,ompl_uniform,,1.0,0.14068348694127053,0.14068348694127053,0.141857527079992,12.8717324772,2.49738618472,0.0761152413514,0.11946907274877061,,,,,,,,,,,,,,,,,
cohort_1,55,distant_c0.8,6,ompl_uniform,,1.0,0.13035860704258084,0.13035860704258084,0.131455815047957,13.753652201,2.26134163001,0.0511262809509,0.11942506718466839,,,,,,,,,,,,,,,,,
cohort_1,55,distant_c0.8,7,ompl_uniform,,1.0,0.09712857403792441,0.09712857403792441,0.09849100303836167,11.4281809922,1.76843361126,0.00269412368434,0.07699741261693019,,,,,,,,,,,,,,,,,
cohort_1,55,distant_c0.8,8,ompl_uniform,,1.0,0.15514826495200396,0.15514826495200396,0.15630622592289,12.6360427649,1.2168454894,0.0030193901893,0.055121346430445334,,,,,,,,,,,,,,,,,
cohort_1,55,distant_c0.8,9,ompl_uniform,,1.0,0.1270179129205644,0.1270179129205644,0.12874255899805576,14.5126360714,1.363021312,0.0584272770524,0.10918971740757431,,,,,,,,,,,,,,,,,
cohort_1,56,distant_c0.8,0,cartesian_ik,,1.0,0.2934137820266187,0.2934137820266187,0.31735444790683687,15.5578528827,1.25853646848,0.0121441521203,0.09575071244568173,1.2002e-05,0.006154372,2.997e-06,0.00596396,0,0,0,0.000101469,5,4,0,0,5,0,0,0,0
cohort_1,56,distant_c0.8,1,cartesian_ik,,1.0,0.23771248699631542,0.23771248699631542,0.2612561018904671,13.9234839778,1.21841948191,0.013141167582,0.10187329513092587,2.4604e-05,0.027024301,4.367e-06,0.026874241,0,0,0,5.8372e-05,5,3,0,0,5,0,0,0,0
cohort_1,56,distant_c0.8,2,cartesian_ik,,1.0,0.142423345008865,0.142423345008865,0.1654529859079048,8.80639394136,0.737148419164,0.0128019926888,0.10117593991877345,3.6826e-05,0.004445187,2.249e-06,0.004339253,0,0,0,5.4115e-05,1,1,0,0,1,0,0,0,0
cohort_1,56,distant_c0.8,3,cartesian_ik,,1.0,0.18067139701452106,0.18067139701452106,0.20351628784555942,12.7255562905,0.692918910312,0.01248882478,0.10113285147737298,3.9147e-05,0.015110418,3.713e-06,0.014848998,0,0,0,0.000123407,3,2,0,0,3,0,0,0,0
cohort_1,56,distant_c0.8,4,cartesian_ik,,1.0,0.10702825500629842,0.10702825500629842,0.12986793997697532,3.74451839703,0.555625366763,0.0126829281705,0.10154922317393096,6.738e-06,0.006111689,1.862e-06,0.005965503,0,0,0,7.9791e-05,7,3,0,0,7,0,0,0,0
cohort_1,56,distant_c0.8,5,cartesian_ik,,1.0,0.10552371991798282,0.10552371991798282,0.12879865698050708,7.93030006487,0.678424551281,0.00861153668234,0.10136367776087284,2.3993e-05,0.013484484,2.311e-06,0.013256729,0,0,0,0.000130406,5,3,0,0,5,0,0,0,0
cohort_1,56,distant_c0.8,6,cartesian_ik,,1.0,0.2207018359331414,0.2207018359331414,0.24375016894191504,12.896044285,0.805134419457,0.0126930672034,0.10136490726368132,3.9538e-05,0.004238741,2.55e-06,0.004082298,0,0,0,8.2862e-05,2,2,0,0,2,0,0,0,0
cohort_1,56,distant_c0.8,7,cartesian_ik,,1.0,0.10889872896950692,0.10889872896950692,0.1317738879006356,6.61744974378,0.412289926464,0.00377858448799,0.06846284256964384,2.8475e-05,0.006910676,4.317e-06,0.006742946,0,0,0,6.1998e-05,2,1,0,0,2,0,0,0,0
cohort_1,56,distant_c0.8,8,cartesian_ik,,1.0,0.07861870399210602,0.07861870399210602,0.10149561695288867,7.93194903603,0.620589612813,0.0124398502694,0.10143413185667012,1.9659e-05,0.001918744,1.509e-06,0.001845071,0,0,0,4.1944e-05,1,1,0,0,1,0,0,0,0
cohort_1,56,distant_c0.8,9,cartesian_ik,,1.0,0.27625387988518924,0.27625387988518924,0.29936338192783296,18.2662625987,1.31272125914,0.0128270555694,0.10147231164401017,2.1765e-05,0.002804521,3.81e-06,0.00265779,0,0,0,4.5835e-05,2,2,0,0,2,0,0,0,0
cohort_1,56,distant_c0.8,0,joint_projected,,1.0,0.22799188608769327,0.22799188608769327,0.2523989488836378,13.6610593853,0.650947373105,0.0129104932729,0.09706374848573775,0.019581646,9.2567e-05,1.5131e-05,0,0.019427305,9.2165e-05,1.987e-06,3.7935e-05,5,2,0,0,0,16,0,2,0
cohort_1,56,distant_c0.8,1,joint_projected,,1.0,0.13326733594294637,0.13326733594294637,0.15679124381858855,13.3634506218,1.04405142823,0.012499263402,0.09062807090802924,0.015913494,4.4037e-05,6.738e-06,0,0.015823918,5.3201e-05,4.99e-07,2.3651e-05,2,1,0,0,0,16,1,0,0
cohort_1,56,distant_c0.8,2,joint_projected,,1.0,0.0739616199862212,0.0739616199862212,0.09673038695473224,3.21912238459,0.480259910191,0.0127311901553,0.10118273351523456,0.012611666,0.000108288,2.9725e-05,0,0.012404924,0.000124706,3.402e-06,2.9015e-05,7,1,0,0,0,15,2,4,0
cohort_1,56,distant_c0.8,3,joint_projected,,1.0,0.12312017299700528,0.12312017299700528,0.14584515697788447,5.2102707924,0.534034301844,0.0130007877851,0.10159249237886493,0.015022172,0.000125869,2.267e-05,0,0.01473579,0.000182811,2.767e-06,5.4656e-05,2,1,0,0,0,16,0,1,0
cohort_1,56,distant_c0.8,4,joint_projected,,1.0,0.14258947200141847,0.14258947200141847,0.16586626088246703,11.1582306158,1.0586722426,0.000605548216159,0.10146572582869613,0.013489021,0.000149613,1.6971e-05,0,0.013285439,0.000130489,2.064e-06,7.9594e-05,2,2,0,0,0,15,0,0,0
cohort_1,56,distant_c0.8,5,joint_projected,,1.0,0.05232475197408348,0.05232475197408348,0.0756407609442249,4.45702074829,0.401053435872,0.0133614991538,0.1016864461562463,0.019606968,0.000104359,2.1546e-05,0,0.019471323,7.9324e-05,3.218e-06,4.2501e-05,6,1,0,0,0,15,0,3,0
cohort_1,56,distant_c0.8,6,joint_projected,,1.0,0.07990856398828328,0.07990856398828328,0.10305548692122102,10.691017248,0.816923700697,0.00639721454788,0.07090942195617464,0.006786677,0.000102477,1.4682e-05,0,0.006707133,4.7797e-05,1.432e-06,5.658e-05,4,2,0,0,0,16,2,0,0
cohort_1,56,distant_c0.8,7,joint_projected,,1.0,0.08312319708056748,0.08312319708056748,0.10600879194680601,3.02808856132,0.500035491755,0.0131510179872,0.09866692752796542,0.015750661,0.000155129,3.5479e-05,0,0.01555998,0.000110993,4.435e-06,5.9005e-05,8,1,0,0,0,15,1,4,0
cohort_1,56,distant_c0.8,8,joint_projected,,1.0,0.11773428996093571,0.11773428996093571,0.1414345329394564,7.86849875324,0.636042872311,0.0123730334124,0.10157367648529465,0.027303709,0.000157696,4.4274e-05,0,0.027112817,0.000128846,5.645e-06,3.8427e-05,7,1,0,0,0,16,1,5,0
cohort_1,56,distant_c0.8,9,joint_projected,,1.0,0.12614566495176405,0.12614566495176405,0.14905123796779662,11.8060438022,1.18295547388,0.00688182889356,0.06565046265929449,0.016373218,7.6129e-05,1.5598e-05,0,0.016252688,7.2115e-05,2.057e-06,2.7813e-05,3,1,0,0,0,16,0,2,0
cohort_1,56,distant_c0.8,0,ompl_uniform,,1.0,0.16509035392664373,0.16509035392664373,0.16627227305434644,13.6564749887,2.05395571413,0.0120857624131,0.06265457029189382,,,,,,,,,,,,,,,,,
cohort_1,56,distant_c0.8,1,ompl_uniform,,1.0,0.2142044029897079,0.2142044029897079,0.21594404696952552,13.1527226353,4.28344968338,0.0129996306316,0.10144861409997515,,,,,,,,,,,,,,,,,
cohort_1,56,distant_c0.8,2,ompl_uniform,,1.0,0.16166809003334492,0.16166809003334492,0.1634443070506677,14.7545317815,1.17765592198,0.0120342903749,0.10128454966114524,,,,,,,,,,,,,,,,,
cohort_1,56,distant_c0.8,3,ompl_uniform,,1.0,0.1289272130234167,0.1289272130234167,0.13167418306693435,12.121922112,2.61537883964,0.0102103080373,0.1016455491130701,,,,,,,,,,,,,,,,,
cohort_1,56,distant_c0.8,4,ompl_uniform,,1.0,0.14636751904617995,0.14636751904617995,0.1478768619708717,13.9134274151,3.35424644244,0.012651252878,0.10139393967357836,,,,,,,,,,,,,,,,,
cohort_1,56,distant_c0.8,5,ompl_uniform,,1.0,0.14270610199309886,0.14270610199309886,0.14445388596504927,14.0026594223,1.99616703753,0.0129646376031,0.06407158867465677,,,,,,,,,,,,,,,,,
cohort_1,56,distant_c0.8,6,ompl_uniform,,1.0,0.26700398593675345,0.26700398593675345,0.2685536469798535,21.2985777784,2.68850725497,0.0132834358794,0.09479122005870431,,,,,,,,,,,,,,,,,
cohort_1,56,distant_c0.8,7,ompl_uniform,,1.0,0.18460629996843636,0.18460629996843636,0.18590070900972933,14.7574096337,1.76646795833,0.0129901588732,0.10085226152418449,,,,,,,,,,,,,,,,,
cohort_1,56,distant_c0.8,8,ompl_uniform,,1.0,0.19547248992603272,0.19547248992603272,0.1965163379209116,13.3191098939,3.55762586336,0.0126623272743,0.06897358998891455,,,,,,,,,,,,,,,,,
cohort_1,56,distant_c0.8,9,ompl_uniform,,1.0,0.16926510003395379,0.16926510003395379,0.17047508992254734,14.4836568273,2.78326381995,0.0126664852559,0.08412487137438056,,,,,,,,,,,,,,,,,
cohort_1,57,distant_c0.8,0,cartesian_ik,,1.0,0.057987684034742415,0.057987684034742415,0.08578852901700884,4.75150803878,0.563235084699,0.0248805371799,0.13538028785741774,2.056e-05,0.013323729,2.983e-06,0.013101843,0,0,0,0.000127469,6,3,0,0,6,0,0,0,0
cohort_1,57,distant_c0.8,1,cartesian_ik,,1.0,0.11113261501304805,0.11113261501304805,0.1394957749871537,12.6726536765,1.24953478201,0.055411211303,0.15165006231913913,8.657e-06,0.003996254,1.817e-06,0.00378529,0,0,0,0.000129273,5,4,0,0,5,0,0,0,0
cohort_1,57,distant_c0.8,2,cartesian_ik,,1.0,0.10464502905961126,0.10464502905961126,0.13371524901594967,4.84004653475,0.584687393758,0.0184708419669,0.12872400237975457,1.8196e-05,0.056682496,7.506e-06,0.056214779,0,0,0,0.00027716,9,2,0,0,9,0,0,0,0
cohort_1,57,distant_c0.8,3,cartesian_ik,,1.0,0.1386610249755904,0.1386610249755904,0.16719976102467626,12.1486375853,0.914610017237,0.0858266994533,0.1796356466963914,1.1016e-05,0.039639214,5.03e-06,0.03930643,0,0,0,0.000183713,17,6,0,0,17,0,0,0,0
cohort_1,57,distant_c0.8,4,cartesian_ik,,1.0,0.1181787489913404,0.1181787489913404,0.14623608510009944,4.07736390372,0.506403236804,0.0472461869926,0.16309405542635527,1.0711e-05,0.005283433,1.262e-06,0.005224139,0,0,0,2.18e-05,2,1,0,0,2,0,0,0,0
cohort_1,57,distant_c0.8,5,cartesian_ik,,1.0,0.13712106295861304,0.13712106295861304,0.16527917399071157,12.1565260351,0.855121175243,0.0266661902764,0.1416703198751008,2.6833e-05,0.003664605,2.023e-06,0.003567366,0,0,0,5.1879e-05,1,1,0,0,1,0,0,0,0
cohort_1,57,distant_c0.8,6,cartesian_ik,,1.0,0.15766993700526655,0.15766993700526655,0.18593943305313587,8.99405867146,0.59305511173,0.0557563510776,0.16164492167565597,3.0811e-05,0.020785884,5.414e-06,0.020554361,0,0,0,9.9696e-05,8,3,0,0,8,0,0,0,0
cohort_1,57,distant_c0.8,7,cartesian_ik,,1.0,0.19900449202395976,0.19900449202395976,0.22706727706827223,13.6532857029,1.01111790132,0.0515168747788,0.1450867444856755,4.6987e-05,0.035173681,9.304e-06,0.034621719,0,0,0,0.000309125,13,4,0,0,13,0,0,0,0
cohort_1,57,distant_c0.8,8,cartesian_ik,,1.0,0.11793626099824905,0.11793626099824905,0.1464912829687819,9.78900731024,0.602642907913,0.0551977621593,0.16336883315236983,2.2064e-05,0.008131374,3.719e-06,0.007830448,0,0,0,0.000207332,4,3,0,0,4,0,0,0,0
cohort_1,57,distant_c0.8,9,cartesian_ik,,1.0,0.11660168191883713,0.11660168191883713,0.1447397309821099,4.96328494203,0.455739664449,0.0893536349952,0.1879048132162971,3.5865e-05,0.009592084,2.526e-06,0.009415637,0,0,0,0.000105955,4,2,0,0,4,0,0,0,0
cohort_1,57,distant_c0.8,0,joint_projected,,1.0,0.15952048206236213,0.15952048206236213,0.18804879998788238,7.41861192631,0.799855182371,0.032759629358,0.14382610759617065,0.018241349,0.00029419,7.8717e-05,0,0.017912042,0.000186327,9.049e-06,7.945e-05,18,3,0,0,0,15,1,8,0
cohort_1,57,distant_c0.8,1,joint_projected,,1.0,0.1576479630311951,0.1576479630311951,0.18614830495789647,12.9053230547,0.761928163951,0.0300279238613,0.14230121783617583,0.017017088,0.000212373,5.588e-05,0,0.016781416,0.000150131,6.395e-06,4.946e-05,16,3,0,0,0,15,4,8,0
cohort_1,57,distant_c0.8,2,joint_projected,,1.0,0.06789443898014724,0.06789443898014724,0.09700807509943843,3.09978648769,0.467993599304,0.0379026626205,0.15288999115504645,0.027934477,0.000424229,0.000100844,0,0.027681204,0.000148348,1.5519e-05,0.000136483,32,4,0,0,0,16,3,15,0
cohort_1,57,distant_c0.8,3,joint_projected,,1.0,0.18705988302826881,0.18705988302826881,0.21537739702034742,13.2633151497,1.02219825952,0.0844628513533,0.1537277033672978,0.012652056,0.000307846,7.4111e-05,0,0.012421241,0.000145171,8.657e-06,0.000108464,17,2,0,0,0,16,3,7,0
cohort_1,57,distant_c0.8,4,joint_projected,,1.0,0.21401831205002964,0.21401831205002964,0.2422867730492726,12.802441905,0.609310765171,0.00266155273816,0.1126921738021669,0.029473604,5.7793e-05,1.5708e-05,0,0.029284468,0.000111777,1.18e-06,1.9034e-05,5,1,0,0,0,18,2,2,0
cohort_1,57,distant_c0.8,5,joint_projected,,1.0,0.07469400903210044,0.07469400903210044,0.10283280606381595,2.73059498332,0.569597136563,0.023445448663,0.13873289553930834,0.027559753,0.000506332,0.000130057,0,0.027430727,8.0369e-05,1.6155e-05,0.000129177,45,7,0,0,0,17,7,19,0
cohort_1,57,distant_c0.8,6,joint_projected,,1.0,0.10300710797309875,0.10300710797309875,0.13198286795523018,8.27930859148,0.606470930421,0.0129452885898,0.13344941713964603,0.023188083,4.7155e-05,8.536e-06,0,0.023055226,7.7939e-05,1.121e-06,2.1342e-05,2,1,0,0,0,17,0,1,0
cohort_1,57,distant_c0.8,7,joint_projected,,1.0,0.07943866890855134,0.07943866890855134,0.10793299996294081,10.4384201251,0.716966177567,0.00987623951471,0.12019946754402555,0.006559348,0.000345646,7.7025e-05,0,0.006483269,4.4865e-05,9.799e-06,0.000116869,22,4,0,0,0,16,5,10,0
cohort_1,57,distant_c0.8,8,joint_projected,,1.0,0.13392189994920045,0.13392189994920045,0.16199592303019017,7.13573853163,0.562206197738,0.0344939981997,0.1498272516974952,0.018594947,3.9745e-05,5.672e-06,0,0.018483693,6.5661e-05,5.79e-07,2.0475e-05,1,1,0,0,0,16,0,0,0
cohort_1,57,distant_c0.8,9,joint_projected,,1.0,0.2079041349934414,0.2079041349934414,0.2361655730055645,15.5985696005,1.32261651663,0.0408926888061,0.128019458484527,0.015621514,0.000530395,0.000137686,0,0.015471445,8.9212e-05,1.6929e-05,0.000150282,56,7,0,0,0,15,9,27,0
cohort_1,57,distant_c0.8,0,ompl_uniform,,1.0,0.09034049196634442,0.09034049196634442,0.09147136297542602,13.438651743,0.479537904349,0.0881204497364,0.1879048132162971,,,,,,,,,,,,,,,,,
cohort_1,57,distant_c0.8,1,ompl_uniform,,1.0,0.1792572719277814,0.1792572719277814,0.18050793500151485,13.4397286002,2.75094845298,0.117328759735,0.1879048132162971,,,,,,,,,,,,,,,,,
cohort_1,57,distant_c0.8,2,ompl_uniform,,1.0,0.17432323296088725,0.17432323296088725,0.17565803602337837,13.2069665552,1.36021931124,0.112674541739,0.1879048132162971,,,,,,,,,,,,,,,,,
cohort_1,57,distant_c0.8,3,ompl_uniform,,1.0,0.18569517193827778,0.18569517193827778,0.18693414598237723,15.0132195194,2.41292247896,0.11265074177,0.1879048132162971,,,,,,,,,,,,,,,,,
cohort_1,57,distant_c0.8,4,ompl_uniform,,1.0,0.19546540593728423,0.19546540593728423,0.19670834892895073,11.8835400042,2.50097602325,0.0313304948452,0.1879048132162971,,,,,,,,,,,,,,,,,
cohort_1,57,distant_c0.8,5,ompl_uniform,,1.0,0.23449178808368742,0.23449178808368742,0.2356428779894486,13.2272639025,0.743681255385,0.0749347387785,0.1879048132162971,,,,,,,,,,,,,,,,,
cohort_1,57,distant_c0.8,6,ompl_uniform,,1.0,0.2100105379940942,0.2100105379940942,0.21147465298417956,15.3732514549,1.26559802289,0.115704886542,0.1879048132162971,,,,,,,,,,,,,,,,,
cohort_1,57,distant_c0.8,7,ompl_uniform,,1.0,0.13938524993136525,0.13938524993136525,0.14067840797360986,13.376621103,2.09830167964,0.115520295532,0.1879048132162971,,,,,,,,,,,,,,,,,
cohort_1,57,distant_c0.8,8,ompl_uniform,,1.0,0.1347590599907562,0.1347590599907562,0.13602014898788184,13.7815609998,1.61048283426,0.0928973496364,0.17279164101014013,,,,,,,,,,,,,,,,,
cohort_1,57,distant_c0.8,9,ompl_uniform,,1.0,0.23812633496709168,0.23812633496709168,0.23951049998868257,21.1759246653,3.81952631239,0.117057433225,0.172438564596237,,,,,,,,,,,,,,,,,
cohort_1,58,distant_c0.8,0,cartesian_ik,,1.0,0.21114203694742173,0.21114203694742173,0.24434736196417361,15.682954733,1.11960592414,0.00193594963012,0.10562075625234935,4.0088e-05,0.007091726,7.192e-06,0.00686174,0,0,0,8.5002e-05,3,2,0,0,3,0,0,0,0
cohort_1,58,distant_c0.8,1,cartesian_ik,,1.0,0.12803867901675403,0.12803867901675403,0.16061971394810826,10.1231929753,0.602110239917,0.00187476331294,0.10854407487371147,3.1261e-05,0.001630005,4.201e-06,0.001427566,0,0,0,0.00010664,1,1,0,0,1,0,0,0,0
cohort_1,58,distant_c0.8,2,cartesian_ik,,1.0,0.09143263194710016,0.09143263194710016,0.12406875705346465,7.50707996424,0.598753837645,0.00222745862141,0.11101210858669709,3.2148e-05,0.004032816,2.521e-06,0.00392841,0,0,0,5.4576e-05,1,1,0,0,1,0,0,0,0
cohort_1,58,distant_c0.8,3,cartesian_ik,,1.0,0.10596350592095405,0.10596350592095405,0.138429015991278,4.09919790426,0.428618982567,0.00190928696073,0.1113549473568667,1.8265e-05,0.002357235,3.367e-06,0.002225834,0,0,0,5.2744e-05,2,2,0,0,2,0,0,0,0
cohort_1,58,distant_c0.8,4,cartesian_ik,,1.0,0.22100030607543886,0.22100030607543886,0.2535562049597502,13.9432863898,0.921179376219,0.00292884254189,0.11144576379797681,2.7568e-05,0.00053005,1.372e-06,0.000466025,0,0,0,3.4192e-05,1,1,0,0,1,0,0,0,0
cohort_1,58,distant_c0.8,5,cartesian_ik,,1.0,0.3206700449809432,0.3206700449809432,0.35339711396954954,16.3520909829,1.09393415387,0.00222800634856,0.11219905920598132,1.2214e-05,0.00136379,1.86e-06,0.001240196,0,0,0,6.9103e-05,4,3,0,0,4,0,0,0,0
cohort_1,58,distant_c0.8,6,cartesian_ik,,1.0,0.17533647804521024,0.17533647804521024,0.20820906793233007,12.8669936188,0.867282328929,0.00143087857539,0.10593285895383386,3.5901e-05,0.009304182,3.53e-06,0.009077409,0,0,0,0.000112866,4,2,0,0,4,0,0,0,0
cohort_1,58,distant_c0.8,7,cartesian_ik,,1.0,0.16780612396541983,0.16780612396541983,0.2003263490041718,9.80548252858,0.605095913367,0.0024723149399,0.11153705151404487,3.9515e-05,0.001215217,3.608e-06,0.001072254,0,0,0,5.7181e-05,1,1,0,0,1,0,0,0,0
cohort_1,58,distant_c0.8,8,cartesian_ik,,1.0,0.13286153599619865,0.13286153599619865,0.1656052878824994,11.0092605417,0.760484653099,0.0023134110143,0.1124403706258278,3.1387e-05,0.001019509,3.838e-06,0.000876744,0,0,0,5.729e-05,1,1,0,0,1,0,0,0,0
cohort_1,58,distant_c0.8,9,cartesian_ik,,1.0,0.18445155990775675,0.18445155990775675,0.21704911801498383,13.9417007541,1.08454088297,0.00261414627983,0.11198478097487173,3.7977e-05,0.006279119,2.282e-06,0.006193476,0,0,0,3.7088e-05,1,1,0,0,1,0,0,0,0
cohort_1,58,distant_c0.8,0,joint_projected,,1.0,0.12674451095517725,0.12674451095517725,0.15928902698215097,6.1222185222,0.713579725378,0.00210005801757,0.11181870000625267,0.030018964,5.0036e-05,8.811e-06,0,0.029923376,5.4922e-05,9.58e-07,2.3465e-05,2,1,0,0,0,18,0,1,0
cohort_1,58,distant_c0.8,1,joint_projected,,1.0,0.1666972889797762,0.1666972889797762,0.2003805359127,13.9469886381,1.34775517605,0.00174596144932,0.11171344828372419,0.024842706,0.000248421,6.289e-05,0,0.024743456,5.6529e-05,5.857e-06,8.8395e-05,25,3,0,0,0,16,2,10,0
cohort_1,58,distant_c0.8,2,joint_projected,,1.0,0.17019080102909356,0.17019080102909356,0.20285651495214552,13.7278838519,0.873263616127,0.00238545211191,0.11199214010257304,0.015145096,8.2057e-05,1.9821e-05,0,0.015025269,7.3801e-05,2.468e-06,2.1908e-05,7,2,0,0,0,16,1,4,0
cohort_1,58,distant_c0.8,3,joint_projected,,1.0,0.13468208606354892,0.13468208606354892,0.16713638289365917,3.78718265773,0.521007964428,0.00139436309875,0.10225356144425381,0.022278406,0.000114896,2.3125e-05,0,0.022052232,0.000148051,2.798e-06,4.08e-05,5,2,0,0,0,16,0,2,0
cohort_1,58,distant_c0.8,4,joint_projected,,1.0,0.1099219840252772,0.1099219840252772,0.14214739995077252,2.83339856822,0.470686492073,0.00289778793489,0.0994919427133948,0.018668561,3.3567e-05,6.432e-06,0,0.018488541,0.00010674,5.59e-07,1.4342e-05,1,1,0,0,0,18,0,0,0
cohort_1,58,distant_c0.8,5,joint_projected,,1.0,0.14660960191395134,0.14660960191395134,0.17944565799552947,12.4696252615,0.604152953313,0.00186907957658,0.11197137547033849,0.014709545,4.4416e-05,9.505e-06,0,0.014622846,5.2757e-05,5.73e-07,1.8964e-05,2,1,0,0,0,16,0,0,0
cohort_1,58,distant_c0.8,6,joint_projected,,1.0,0.06905616994481534,0.06905616994481534,0.10150522098410875,5.40482638123,0.615859215663,0.00207673794338,0.11190529239225121,0.021411022,7.044e-05,1.3509e-05,0,0.021109091,0.000203173,8.41e-07,3.4055e-05,2,1,0,0,0,15,0,0,0
cohort_1,58,distant_c0.8,7,joint_projected,,1.0,0.165046971058473,0.165046971058473,0.19994667393621057,13.168064194,1.20358703554,0.00275047687715,0.10801851332703233,0.029740145,0.000123228,3.0616e-05,0,0.029502136,0.000149109,4.075e-06,3.1981e-05,10,2,0,0,0,16,1,7,0
cohort_1,58,distant_c0.8,8,joint_projected,,1.0,0.131625761045143,0.131625761045143,0.16470797103829682,3.05930171232,0.436857591849,0.00233217559337,0.11120021721307612,0.024434398,5.0984e-05,1.1502e-05,0,0.024252187,0.000108441,1.635e-06,1.7028e-05,3,1,0,0,0,17,0,2,0
cohort_1,58,distant_c0.8,9,joint_projected,,1.0,0.19311636895872653,0.19311636895872653,0.2260788909625262,14.8295076887,1.14121070745,0.00236233708101,0.11186206609924222,0.015223671,0.000148478,3.0124e-05,0,0.015055206,0.000103657,4.052e-06,5.525e-05,8,2,0,0,0,15,0,4,0
cohort_1,58,distant_c0.8,0,ompl_uniform,,1.0,0.20207575301174074,0.20207575301174074,0.20328238001093268,13.5399815143,2.88891664314,0.00202828011968,0.07868373606267516,,,,,,,,,,,,,,,,,
cohort_1,58,distant_c0.8,1,ompl_uniform,,1.0,0.17359524790663272,0.17359524790663272,0.17490069603081793,12.1169166068,0.711332631243,0.00214435974986,0.11179350389963906,,,,,,,,,,,,,,,,,
cohort_1,58,distant_c0.8,2,ompl_uniform,,1.0,0.20402524899691343,0.20402524899691343,0.20550407492555678,14.164947446,1.04773936212,0.0021253954484,0.11201105474530391,,,,,,,,,,,,,,,,,
cohort_1,58,distant_c0.8,3,ompl_uniform,,1.0,0.12395232100971043,0.12395232100971043,0.12519190507009625,13.0358119805,2.59274649881,0.00183184953914,0.05733617223223304,,,,,,,,,,,,,,,,,
cohort_1,58,distant_c0.8,4,ompl_uniform,,1.0,0.14502073789481074,0.14502073789481074,0.14630353800021112,13.6404032793,1.70905945623,0.00160422984729,0.11210122311750707,,,,,,,,,,,,,,,,,
cohort_1,58,distant_c0.8,5,ompl_uniform,,1.0,0.14747870701830834,0.14747870701830834,0.148815545020625,13.3199777804,2.39764740783,0.00157245431079,0.09387655288401975,,,,,,,,,,,,,,,,,
cohort_1,58,distant_c0.8,6,ompl_uniform,,1.0,0.20293601893354207,0.20293601893354207,0.20434287702664733,14.586990495,2.02848801227,0.00271468066258,0.11163441807391518,,,,,,,,,,,,,,,,,
cohort_1,58,distant_c0.8,7,ompl_uniform,,1.0,0.19442620396148413,0.19442620396148413,0.1958829240174964,15.1049014196,2.64378852254,0.002828450304,0.11159828359292691,,,,,,,,,,,,,,,,,
cohort_1,58,distant_c0.8,8,ompl_uniform,,1.0,0.1285449709976092,0.1285449709976092,0.12988821894396096,14.091947522,1.80929818863,0.00197837065127,0.11170596838764431,,,,,,,,,,,,,,,,,
cohort_1,58,distant_c0.8,9,ompl_uniform,,1.0,0.087005804060027,0.087005804060027,0.08815242198761553,12.5463191748,1.02616363287,0.00284796959701,0.1118067012345826,,,,,,,,,,,,,,,,,
cohort_1,59,distant_c0.8,0,cartesian_ik,,1.0,0.11277623602654785,0.11277623602654785,0.1419371609808877,12.4118956431,1.25831445597,0.0259381627451,0.12298042015656893,1.6849e-05,0.000949168,1.326e-06,0.000866957,0,0,0,4.2455e-05,2,2,0,0,2,0,0,0,0
cohort_1,59,distant_c0.8,1,cartesian_ik,,1.0,0.12112594989594072,0.12112594989594072,0.1500066890148446,4.72130957819,0.53731158816,0.0254341222686,0.15736798029531418,1.5999e-05,0.012472337,4.481e-06,0.012216338,0,0,0,0.000142063,4,2,0,0,4,0,0,0,0
cohort_1,59,distant_c0.8,2,cartesian_ik,,1.0,0.1345947909867391,0.1345947909867391,0.16340898908674717,6.52855451491,0.622894772244,0.0251157844625,0.15670174313844315,2.2467e-05,0.011113824,4.097e-06,0.010858201,0,0,0,0.000158688,4,1,0,0,4,0,0,0,0
cohort_1,59,distant_c0.8,3,cartesian_ik,,1.0,0.19548386707901955,0.19548386707901955,0.22595578606706113,13.9766650819,0.846170981856,0.0259037215193,0.15782918110619604,1.3854e-05,0.02731252,3.578e-06,0.027176791,0,0,0,5.9028e-05,5,2,0,0,5,0,0,0,0
cohort_1,59,distant_c0.8,4,cartesian_ik,,1.0,0.0741515849949792,0.0741515849949792,0.10320072202011943,9.83251445482,0.701882902556,0.0256553936647,0.1576648041659119,7.834e-06,0.001828055,1.389e-06,0.001770947,0,0,0,3.1183e-05,2,1,0,0,2,0,0,0,0
cohort_1,59,distant_c0.8,5,cartesian_ik,,1.0,0.16340880608186126,0.16340880608186126,0.1924363060388714,15.0183340348,1.05872183509,0.0143567504881,0.1454419988522551,1.7605e-05,0.008477258,3.217e-06,0.00833863,0,0,0,6.2515e-05,2,1,0,0,2,0,0,0,0
cohort_1,59,distant_c0.8,6,cartesian_ik,,1.0,0.0697544600116089,0.0697544600116089,0.09912580612581223,3.0834988697,0.421688160087,0.0262928405195,0.15549695791102103,2.1134e-05,0.006350249,2.348e-06,0.00618893,0,0,0,9.1291e-05,2,2,0,0,2,0,0,0,0
cohort_1,59,distant_c0.8,7,cartesian_ik,,1.0,0.07288816990330815,0.07288816990330815,0.10171750001609325,5.72332825788,0.437764266626,0.025081054407,0.15700807794179283,2.4252e-05,0.010459276,3.761e-06,0.010160005,0,0,0,0.000173436,5,2,0,0,5,0,0,0,0
cohort_1,59,distant_c0.8,8,cartesian_ik,,1.0,0.07139715901575983,0.07139715901575983,0.10254082304891199,6.934119776,0.672610464216,0.026238678612,0.1576465884296232,2.3832e-05,0.004667718,2.271e-06,0.004447813,0,0,0,0.000115002,1,1,0,0,1,0,0,0,0
cohort_1,59,distant_c0.8,9,cartesian_ik,,1.0,0.07333070109598339,0.07333070109598339,0.10253761301282793,9.08557490156,0.736030433342,0.00193012861001,0.10444418096275966,1.3351e-05,0.007039646,2.619e-06,0.006953088,0,0,0,3.7237e-05,2,1,0,0,2,0,0,0,0
cohort_1,59,distant_c0.8,0,joint_projected,,1.0,0.07918954791966826,0.07918954791966826,0.10821049194782972,4.7153941366,0.592457587173,0.0258725747444,0.15698803218693713,0.005922475,0.000198662,5.3725e-05,0,0.005729921,0.000109204,8.703e-06,4.1603e-05,9,1,0,0,0,15,1,6,0
cohort_1,59,distant_c0.8,1,joint_projected,,1.0,0.1314922539750114,0.1314922539750114,0.16053876210935414,12.8909648945,0.903943197758,0.00719926596283,0.1203740769750107,0.025439085,8.064e-05,1.3055e-05,0,0.025299783,7.1316e-05,2.053e-06,3.4599e-05,4,2,0,0,0,17,0,2,0
cohort_1,59,distant_c0.8,2,joint_projected,,1.0,0.2325891919899732,0.2325891919899732,0.2615427350392565,13.428494602,0.778231714242,0.0259864478259,0.14636107110832758,0.023516887,0.000124569,2.4082e-05,0,0.023361496,9.6347e-05,3.365e-06,5.1019e-05,9,2,0,0,0,17,2,5,0
cohort_1,59,distant_c0.8,3,joint_projected,,1.0,0.13030164991505444,0.13030164991505444,0.15907971805427223,13.0041519112,0.95968868531,0.0264815739276,0.15835597372355192,0.007032399,0.00011091,2.9909e-05,0,0.006938396,5.6845e-05,3.683e-06,2.9039e-05,10,2,0,0,0,15,2,4,0
cohort_1,59,distant_c0.8,4,joint_projected,,1.0,0.1128802039893344,0.1128802039893344,0.1418929499341175,3.43081797393,0.587541133527,0.0250977480588,0.1576002547576199,0.033874041,6.5698e-05,1.1739e-05,0,0.033714321,9.0465e-05,1.502e-06,3.1339e-05,3,1,0,0,0,16,0,2,0
cohort_1,59,distant_c0.8,5,joint_projected,,1.0,0.17397924000397325,0.17397924000397325,0.20328071294352412,11.34489639,0.773502299469,0.00961982714005,0.15712430956418882,0.012167432,0.000203825,5.3109e-05,0,0.012031326,8.2418e-05,7.905e-06,4.8358e-05,23,2,0,0,0,15,3,17,0
cohort_1,59,distant_c0.8,6,joint_projected,,1.0,0.09472069097682834,0.09472069097682834,0.12363019096665084,4.27455170622,0.450385723615,0.0256339404735,0.15196693574808065,0.021207722,9.9015e-05,1.9823e-05,0,0.020909778,0.000198558,1.401e-06,4.4485e-05,2,1,0,0,0,16,1,0,0
cohort_1,59,distant_c0.8,7,joint_projected,,1.0,0.1832139320904389,0.1832139320904389,0.2122967679752037,12.1952930188,0.870061243104,0.025898267929,0.15803751698409435,0.0268568,6.2318e-05,1.0387e-05,0,0.02664697,0.000133185,1.451e-06,2.8182e-05,2,1,0,0,0,17,0,1,0
cohort_1,59,distant_c0.8,8,joint_projected,,1.0,0.19424251199234277,0.19424251199234277,0.22291393706109375,14.3220688359,1.25448628774,0.0252396458599,0.15785922158037147,0.023484145,0.000131378,2.5059e-05,0,0.023350373,7.8234e-05,2.66e-06,6.5649e-05,7,1,0,0,0,16,3,3,0
cohort_1,59,distant_c0.8,9,joint_projected,,1.0,0.12280574499163777,0.12280574499163777,0.15215499501209706,12.2029703966,0.730090559871,0.0249900330086,0.15762872666596467,0.008281968,0.000229492,7.185e-05,0,0.00819467,5.6125e-05,1.082e-05,3.8191e-05,9,1,0,0,0,15,2,5,0
cohort_1,59,distant_c0.8,0,ompl_uniform,,1.0,0.19444827502593398,0.19444827502593398,0.19573999498970807,14.3461963419,1.83680629359,0.0255946681942,0.11168337969889412,,,,,,,,,,,,,,,,,
cohort_1,59,distant_c0.8,1,ompl_uniform,,1.0,0.17825558001641184,0.17825558001641184,0.1796448059612885,13.8930057908,4.83780223638,0.0237667745169,0.07383249318212846,,,,,,,,,,,,,,,,,
cohort_1,59,distant_c0.8,2,ompl_uniform,,1.0,0.21064659708645195,0.21064659708645195,0.21224997995886952,12.7948357394,1.94164781366,0.0236082433737,0.07884338778432158,,,,,,,,,,,,,,,,,
cohort_1,59,distant_c0.8,3,ompl_uniform,,1.0,0.1558080289978534,0.1558080289978534,0.15718960296362638,14.1699415445,0.672721994891,0.0257055740593,0.15758178490810537,,,,,,,,,,,,,,,,,
cohort_1,59,distant_c0.8,4,ompl_uniform,,1.0,0.2376643830211833,0.2376643830211833,0.23914991703350097,15.1597061264,2.96497313203,0.0263616535274,0.1578190287687254,,,,,,,,,,,,,,,,,
cohort_1,59,distant_c0.8,5,ompl_uniform,,1.0,0.16513998992741108,0.16513998992741108,0.16614808596204966,14.4144132527,1.6850821476,0.0260016544817,0.15763481879990476,,,,,,,,,,,,,,,,,
cohort_1,59,distant_c0.8,6,ompl_uniform,,1.0,0.12369091995060444,0.12369091995060444,0.12533399206586182,14.6726634,0.749686210003,0.025968493434,0.15767616704304133,,,,,,,,,,,,,,,,,
cohort_1,59,distant_c0.8,7,ompl_uniform,,1.0,0.16073083993978798,0.16073083993978798,0.16240770497824997,11.6039161333,2.14730821297,0.0161920995591,0.09530855947192511,,,,,,,,,,,,,,,,,
cohort_1,59,distant_c0.8,8,ompl_uniform,,1.0,0.1605861879652366,0.1605861879652366,0.1624270079191774,12.5196926486,2.83324221073,0.00602317504083,0.0804370124328462,,,,,,,,,,,,,,,,,
cohort_1,59,distant_c0.8,9,ompl_uniform,,1.0,0.17049180599860847,0.17049180599860847,0.1716951240086928,12.527056809,0.658731020198,0.00626063683499,0.06851571753928604,,,,,,,,,,,,,,,,,
cohort_2,0,central_c0.2,0,cartesian_ik,,1.0,0.2745330010075122,0.2745330010075122,0.31084692699369043,17.0474212247,1.32262612391,0.0556544287648,0.125681519028465,5.2241e-05,0.00521084,3.492e-06,0.004933534,0,0,0,0.000139056,4,4,0,0,4,0,0,0,0
cohort_2,0,central_c0.2,1,cartesian_ik,,1.0,0.10294708597939461,0.10294708597939461,0.13969002605881542,7.39454697371,0.544982032716,0.00179201648936,0.11163853336092054,1.3654e-05,0.000441582,1.679e-06,0.000366114,0,0,0,3.7946e-05,1,1,0,0,1,0,0,0,0
cohort_2,0,central_c0.2,2,cartesian_ik,,1.0,0.11357367807067931,0.11357367807067931,0.15050281898584217,5.81087366928,0.593263671643,0.0128228173301,0.11433662916857616,2.4682e-05,0.019050944,4.854e-06,0.018759385,0,0,0,0.000159537,4,2,0,0,4,0,0,0,0
cohort_2,0,central_c0.2,3,cartesian_ik,,1.0,0.16170873399823904,0.16170873399823904,0.19754173792898655,9.39720797998,0.643051160247,0.00275860764773,0.09999204547779367,1.4725e-05,0.003124893,2.851e-06,0.002940456,0,0,0,0.000110354,4,3,0,0,4,0,0,0,0
cohort_2,0,central_c0.2,4,cartesian_ik,,1.0,0.1669649570249021,0.1669649570249021,0.20203989802394062,11.0012790521,0.813916792458,0.0562523675561,0.11638424926457061,3.1388e-05,0.013720791,6.218e-06,0.013380432,0,0,0,0.000186655,4,1,0,0,4,0,0,0,0
cohort_2,0,central_c0.2,0,joint_projected,,1.0,0.18942190799862146,0.18942190799862146,0.22575508302543312,13.888240082,1.38073061915,0.0551265150232,0.11459744463167726,0.02992378,0.000451785,0.000114051,0,0.029578522,0.000220073,1.5969e-05,0.000117096,34,5,0,0,0,17,6,22,0
cohort_2,0,central_c0.2,1,joint_projected,,1.0,0.09968914405908436,0.09968914405908436,0.1345516659785062,10.0831346054,0.69435821309,0.0211123450197,0.0993231256535918,0.014074089,7.3084e-05,1.4828e-05,0,0.013872721,0.000134002,1.585e-06,2.7782e-05,5,2,0,0,0,15,0,2,0
cohort_2,0,central_c0.2,2,joint_projected,,1.0,0.040516626089811325,0.040516626089811325,0.07633828499820083,3.80527819338,0.629737836032,0.0367000438845,0.1089346343530813,0.017459208,0.000238498,4.7786e-05,0,0.017355528,6.7618e-05,6.017e-06,8.9008e-05,17,5,0,0,0,15,1,6,0
cohort_2,0,central_c0.2,3,joint_projected,,1.0,0.10422217601444572,0.10422217601444572,0.1393703781068325,12.6885643545,1.25944517594,0.0560359947245,0.126354828421602,0.014767836,9.2991e-05,1.0547e-05,0,0.014628114,8.9458e-05,9.99e-07,5.7884e-05,2,1,0,0,0,16,0,0,0
cohort_2,0,central_c0.2,4,joint_projected,,1.0,0.1423796049784869,0.1423796049784869,0.17770715104416013,10.7410372997,0.732346427842,0.0405210341578,0.11104041059150567,0.024665529,0.00027269,7.6456e-05,0,0.024445004,0.000138236,8.456e-06,6.538e-05,23,4,0,0,0,16,7,9,0
cohort_2,0,central_c0.2,0,ompl_uniform,,1.0,0.19864202302414924,0.19864202302414924,0.1996942509431392,12.4768608305,1.28852474299,0.0560034518151,0.1322149151228893,,,,,,,,,,,,,,,,,
cohort_2,0,central_c0.2,1,ompl_uniform,,1.0,0.2165487459860742,0.2165487459860742,0.21797106589656323,12.3743701478,2.64130975866,0.0411239982635,0.1327982824406641,,,,,,,,,,,,,,,,,
cohort_2,0,central_c0.2,2,ompl_uniform,,1.0,0.21595544600859284,0.21595544600859284,0.21727773104794323,13.704818545,4.20240922996,0.0559914060789,0.13737950919847589,,,,,,,,,,,,,,,,,
cohort_2,0,central_c0.2,3,ompl_uniform,,1.0,0.18704224203247577,0.18704224203247577,0.18830469297245145,13.0504947957,2.89386810451,0.0557101734841,0.13722652142212852,,,,,,,,,,,,,,,,,
cohort_2,0,central_c0.2,4,ompl_uniform,,1.0,0.14631931099575013,0.14631931099575013,0.14746780996210873,12.7262308553,1.24937358395,0.00959226856056,0.11420637184880085,,,,,,,,,,,,,,,,,
cohort_2,1,central_c0.2,0,cartesian_ik,,1.0,0.072631228948012,0.072631228948012,0.10171888000331819,7.90847291725,0.590153278939,0.0314451170747,0.10672173058853587,7.049e-06,0.001128721,1.542e-06,0.001002308,0,0,0,7.5379e-05,3,3,0,0,3,0,0,0,0
cohort_2,1,central_c0.2,1,cartesian_ik,,1.0,0.1352256330428645,0.1352256330428645,0.16453678300604224,14.0176062239,1.49091097451,0.0678955544608,0.1500109034171837,1.2663e-05,0.01860501,3.44e-06,0.018282922,0,0,0,0.000199472,8,3,0,0,8,0,0,0,0
cohort_2,1,central_c0.2,2,cartesian_ik,,1.0,0.19203579996246845,0.19203579996246845,0.22102707799058408,12.1940178881,1.28655904437,0.0133379270553,0.1148328931778755,4.3232e-05,0.005521811,5.883e-06,0.004943276,0,0,0,0.000439133,2,1,0,0,2,0,0,0,0
cohort_2,1,central_c0.2,3,cartesian_ik,,1.0,0.13588555809110403,0.13588555809110403,0.16509559098631144,12.2171226759,1.00851649982,0.03430937336,0.1480170286177748,1.1842e-05,0.00051452,1.212e-06,0.000412275,0,0,0,5.2239e-05,2,2,0,0,2,0,0,0,0
cohort_2,1,central_c0.2,4,cartesian_ik,,1.0,0.14705826295539737,0.14705826295539737,0.17632816801778972,10.8286200317,0.741888970298,0.000380408112947,0.071462258962377,3.4135e-05,0.000773294,2.157e-06,0.000652931,0,0,0,7.1712e-05,1,1,0,0,1,0,0,0,0
cohort_2,1,central_c0.2,0,joint_projected,,1.0,0.08832320489455014,0.08832320489455014,0.11706941307056695,4.77698139925,0.852199276496,0.00967375334194,0.08268270248961902,0.014031782,0.002288796,0.000517164,0,0.013892427,8.7023e-05,7.2042e-05,0.000715674,231,43,0,0,0,15,37,104,0
cohort_2,1,central_c0.2,1,joint_projected,,1.0,0.36535079788882285,0.36535079788882285,0.39493784902151674,18.9201984897,1.28348814444,0.0023323466004,0.060642527827139726,0.013639009,0.008661355,0.001952058,0,0.013470917,9.8948e-05,0.000280051,0.002957713,825,134,0,0,0,15,95,369,0
cohort_2,1,central_c0.2,2,joint_projected,,1.0,0.08863969694357365,0.08863969694357365,0.11835250398144126,7.9131206846,0.79566511879,0.00156440060989,0.06602171047212889,0.017368931,0.000454155,0.000113138,0,0.017300442,4.1536e-05,1.6091e-05,0.00011833,50,8,0,0,0,15,4,29,0
cohort_2,1,central_c0.2,3,joint_projected,,1.0,0.12454378698021173,0.12454378698021173,0.15382795501500368,12.5090276542,0.972673044667,0.00496376297806,0.11109446399167057,0.026715387,0.000225812,5.7323e-05,0,0.02659463,7.8277e-05,6.901e-06,5.5774e-05,24,5,0,0,0,17,6,12,0
cohort_2,1,central_c0.2,4,joint_projected,,1.0,0.09525205800309777,0.09525205800309777,0.1243490461492911,8.54498829899,0.900310277636,0.0374794933813,0.1500109034171837,0.024978028,0.001128998,0.000249574,0,0.024874314,5.9604e-05,3.9259e-05,0.000366735,127,26,0,0,0,17,11,77,0
cohort_2,1,central_c0.2,0,ompl_uniform,,1.0,0.11306589795276523,0.11306589795276523,0.11433763499371707,13.8026535432,1.55446442853,0.0518345470973,0.09935876184734826,,,,,,,,,,,,,,,,,
cohort_2,1,central_c0.2,1,ompl_uniform,,1.0,0.1414280169410631,0.1414280169410631,0.14278548711445183,10.2022956535,2.47996179804,0.0689083831934,0.11582181109892578,,,,,,,,,,,,,,,,,
cohort_2,1,central_c0.2,2,ompl_uniform,,1.0,0.163827492040582,0.163827492040582,0.16573080304078758,15.1784667857,1.5964552629,0.0295261553246,0.10109510795453851,,,,,,,,,,,,,,,,,
cohort_2,1,central_c0.2,3,ompl_uniform,,1.0,0.226936369901523,0.226936369901523,0.2280252049677074,11.8790619286,2.49367071127,0.0764441479235,0.1500109034171837,,,,,,,,,,,,,,,,,
cohort_2,1,central_c0.2,4,ompl_uniform,,1.0,0.18609733891207725,0.18609733891207725,0.18737810291349888,14.6016688334,1.5424694556,0.0824226217302,0.14968504985142964,,,,,,,,,,,,,,,,,
cohort_2,2,central_c0.2,0,cartesian_ik,,1.0,0.18353500904049724,0.18353500904049724,0.20883833989501,12.717236156,0.922850313217,0.00824729074747,0.063847291083898,5.051e-05,0.007378701,6.479e-06,0.00690552,0,0,0,0.000280694,4,3,0,0,4,0,0,0,0
cohort_2,2,central_c0.2,1,cartesian_ik,,1.0,0.09198252006899565,0.09198252006899565,0.11788387782871723,9.42024398879,0.776616700074,0.0218472930189,0.09348364084845485,5.2071e-05,0.016714493,4.876e-06,0.016311261,0,0,0,0.000243231,10,5,0,0,10,0,0,0,0
cohort_2,2,central_c0.2,2,cartesian_ik,,1.0,0.3250258279731497,0.3250258279731497,0.3511613829759881,21.3205212872,1.51303263913,0.00221659981744,0.10145934825516602,4.833e-05,0.010336108,4.903e-06,0.009977134,0,0,0,0.000200337,12,8,0,0,12,0,0,0,0
cohort_2,2,central_c0.2,3,cartesian_ik,,1.0,0.11542016302701086,0.11542016302701086,0.14178096188697964,14.4704797721,0.788416633296,0.00189283028627,0.10168718336760436,1.0302e-05,0.003794037,4.346e-06,0.003463503,0,0,0,0.000167553,5,5,0,0,5,0,0,0,0
cohort_2,2,central_c0.2,4,cartesian_ik,,1.0,0.14276069903280586,0.14276069903280586,0.16926264599896967,12.6923125937,0.958241373133,0.0211282815754,0.10134791456766241,5.1265e-05,0.033065639,8.35e-06,0.032236911,0,0,0,0.000482507,22,12,0,0,22,0,0,0,0
cohort_2,2,central_c0.2,0,joint_projected,,1.0,0.17699196294415742,0.17699196294415742,0.20322146790567786,15.5597754599,1.16847841508,0.00709053736129,0.06181761290116972,0.032253811,0.000512998,9.7588e-05,0,0.032019246,0.000128802,1.6028e-05,0.000183639,50,14,0,0,0,16,4,28,0
cohort_2,2,central_c0.2,1,joint_projected,,1.0,0.13577854307368398,0.13577854307368398,0.16196786798536777,9.10307435043,0.619390361616,0.00128164785666,0.051216982883214794,0.018736823,0.000110548,2.3901e-05,0,0.018517132,0.000115555,3.271e-06,3.7448e-05,10,2,0,0,0,18,0,5,0
cohort_2,2,central_c0.2,2,joint_projected,,1.0,0.05541476502548903,0.05541476502548903,0.08125502185430378,6.68452359921,0.503176962988,0.00432679723452,0.07667458442228502,0.012332751,0.000164327,4.3767e-05,0,0.01217738,9.0282e-05,4.367e-06,4.8331e-05,11,2,0,0,0,16,3,3,0
cohort_2,2,central_c0.2,3,joint_projected,,1.0,0.16586668393574655,0.16586668393574655,0.19210383389145136,13.1953934393,1.17013326027,0.00801450675364,0.05178094631795075,0.021515151,0.000273851,2.8412e-05,0,0.021244359,0.000157255,2.751e-06,0.000172652,3,2,0,0,0,16,1,0,0
cohort_2,2,central_c0.2,4,joint_projected,,1.0,0.12676844303496182,0.12676844303496182,0.1528335209004581,12.6043238839,1.06060674123,0.0146519011052,0.06471904031697642,0.012366539,9.0091e-05,2.3974e-05,0,0.012144415,0.000120669,3.676e-06,2.0057e-05,10,1,0,0,0,15,0,9,0
cohort_2,2,central_c0.2,0,ompl_uniform,,1.0,0.26593915396369994,0.26593915396369994,0.2676050621084869,20.143058358,3.15209112856,0.020056400875,0.09313315414957775,,,,,,,,,,,,,,,,,
cohort_2,2,central_c0.2,1,ompl_uniform,,1.0,0.18257459602318704,0.18257459602318704,0.18419578694738448,13.5767541095,2.48882361183,0.0216811651433,0.09914107187549254,,,,,,,,,,,,,,,,,
cohort_2,2,central_c0.2,2,ompl_uniform,,1.0,0.130099200992845,0.130099200992845,0.13194266497157514,13.0304315661,2.05783623975,0.021660309639,0.10154363944968868,,,,,,,,,,,,,,,,,
cohort_2,2,central_c0.2,3,ompl_uniform,,1.0,0.15592114604078233,0.15592114604078233,0.15745952597353607,12.2615409682,2.8676992509,0.0165350624093,0.061624031238631874,,,,,,,,,,,,,,,,,
cohort_2,2,central_c0.2,4,ompl_uniform,,1.0,0.20098673307802528,0.20098673307802528,0.20261258201207966,13.579381024,2.50690519349,0.0216014999626,0.0743830104712536,,,,,,,,,,,,,,,,,
cohort_2,3,central_c0.2,0,cartesian_ik,,1.0,0.11098410899285227,0.11098410899285227,0.13352184102404863,12.8755582663,1.06255516854,0.0160045073426,0.12223428125138291,3.3722e-05,0.005182643,2.839e-06,0.004950984,0,0,0,9.8261e-05,3,3,0,0,3,0,0,0,0
cohort_2,3,central_c0.2,1,cartesian_ik,,1.0,0.092777987010777,0.092777987010777,0.11531596898566931,5.25878799628,0.48461100316,0.01571867374,0.06680620716467593,5.1968e-05,0.008440891,4.714e-06,0.008142613,0,0,0,0.000176241,2,1,0,0,2,0,0,0,0
cohort_2,3,central_c0.2,2,cartesian_ik,,1.0,0.0654914939077571,0.0654914939077571,0.0880501220235601,8.40703075007,0.604679605436,0.0132508814191,0.10646634416591057,1.2638e-05,0.0014418,2.281e-06,0.001348686,0,0,0,3.9182e-05,1,1,0,0,1,0,0,0,0
cohort_2,3,central_c0.2,3,cartesian_ik,,1.0,0.08929905400145799,0.08929905400145799,0.11270937696099281,5.11002282212,0.620893120459,0.0154813605325,0.09977870438064022,5.0137e-05,0.009318108,6.249e-06,0.009053123,0,0,0,0.000127573,3,2,0,0,3,0,0,0,0
cohort_2,3,central_c0.2,4,cartesian_ik,,1.0,0.12320624594576657,0.12320624594576657,0.14622522506397218,8.83196443597,0.541254728178,0.0162458061251,0.07402245615618265,5.6297e-05,0.009148968,4.608e-06,0.00893389,0,0,0,0.000107467,5,5,0,0,5,0,0,0,0
cohort_2,3,central_c0.2,0,joint_projected,,1.0,0.10115222097374499,0.10115222097374499,0.1236328009981662,3.45771975746,0.61394688003,0.0161109016156,0.07631036456381374,0.018724775,4.7521e-05,8.146e-06,0,0.018616364,5.1037e-05,1.059e-06,2.1972e-05,2,1,0,0,0,16,0,1,0
cohort_2,3,central_c0.2,1,joint_projected,,1.0,0.14802826603408903,0.14802826603408903,0.1709085120819509,10.2844134201,0.739763802848,0.0157184850778,0.09485808956475161,0.020975346,0.000211957,6.5011e-05,0,0.020797759,8.8955e-05,5.581e-06,4.8862e-05,18,3,0,0,0,16,4,6,0
cohort_2,3,central_c0.2,2,joint_projected,,1.0,0.11600635899230838,0.11600635899230838,0.13923680095467716,8.27654185242,0.513954544306,0.0123978061259,0.07180502212874958,0.016141544,8.1962e-05,2.2829e-05,0,0.015946365,0.000100179,2.912e-06,1.838e-05,9,1,0,0,0,16,1,7,0
cohort_2,3,central_c0.2,3,joint_projected,,1.0,0.13808661699295044,0.13808661699295044,0.16133439005352557,10.4993658522,0.676147652935,2.1084903674e-05,0.09600798608921987,0.031132557,0.000283479,6.5127e-05,0,0.030919882,0.000109687,9.982e-06,8.6277e-05,35,5,0,0,0,16,3,23,0
cohort_2,3,central_c0.2,4,joint_projected,,1.0,0.09352905408013612,0.09352905408013612,0.11628786998335272,4.24915211686,0.587949430406,0.0163004120501,0.1156093482533507,0.013060987,0.000175509,2.664e-05,0,0.012813097,0.000123629,4.278e-06,8.4604e-05,12,4,0,0,0,15,0,5,0
cohort_2,3,central_c0.2,0,ompl_uniform,,1.0,0.1262478670105338,0.1262478670105338,0.12750055198557675,13.7446451176,1.15959435783,0.0161731922526,0.10439561222974264,,,,,,,,,,,,,,,,,
cohort_2,3,central_c0.2,1,ompl_uniform,,1.0,0.1408815699396655,0.1408815699396655,0.14264817896764725,13.9923727781,1.96363335997,0.016014232919,0.07733353490295145,,,,,,,,,,,,,,,,,
cohort_2,3,central_c0.2,2,ompl_uniform,,1.0,0.12068340799305588,0.12068340799305588,0.12219467398244888,14.2244270432,2.62603243659,0.016037741497,0.12219410832736843,,,,,,,,,,,,,,,,,
cohort_2,3,central_c0.2,3,ompl_uniform,,1.0,0.11942265904508531,0.11942265904508531,0.12113462307024747,14.9402931619,2.08016331579,0.0106944694173,0.1086330175832392,,,,,,,,,,,,,,,,,
cohort_2,3,central_c0.2,4,ompl_uniform,,1.0,0.10277874895837158,0.10277874895837158,0.104621512000449,13.4112719738,1.86849306861,0.0158302486769,0.10538275549839166,,,,,,,,,,,,,,,,,
cohort_2,4,central_c0.2,0,cartesian_ik,,1.0,0.13617614202667028,0.13617614202667028,0.15865100896917284,6.31144481018,0.874683318948,0.000398386167014,0.05430608112841202,4.4298e-05,0.020285695,8.126e-06,0.019347089,0,0,0,0.000587667,10,6,0,0,10,0,0,0,0
cohort_2,4,central_c0.2,1,cartesian_ik,,1.0,0.34418126195669174,0.34418126195669174,0.3673705889377743,18.3341048272,1.14000384725,0.00405640626661,0.04617180667265591,5.0272e-05,0.050977033,1.3971e-05,0.049617112,0,0,0,0.000799141,34,23,0,0,34,0,0,0,0
cohort_2,4,central_c0.2,2,cartesian_ik,,1.0,0.32812945602927357,0.32812945602927357,0.3508415159303695,18.8191860201,1.20049492053,0.00546998792621,0.05436373530826055,3.6422e-05,0.074778251,1.1569e-05,0.073606398,0,0,0,0.00069235,64,34,0,0,64,0,0,0,0
cohort_2,4,central_c0.2,3,cartesian_ik,,1.0,0.11115629796404392,0.11115629796404392,0.13471044204197824,12.8528876625,0.735340223751,0.00619757191987,0.054326174891177276,7.85e-06,0.012805836,2.719e-06,0.012562808,0,0,0,0.000135865,11,6,0,0,11,0,0,0,0
cohort_2,4,central_c0.2,4,cartesian_ik,,1.0,0.18544065102469176,0.18544065102469176,0.2088201530277729,12.9727408361,0.883180694771,0.00293669906493,0.050954660722825694,3.0181e-05,0.030144608,4.52e-06,0.02972306,0,0,0,0.000254998,15,7,0,0,15,0,0,0,0
cohort_2,4,central_c0.2,0,joint_projected,,1.0,0.14139179105404764,0.14139179105404764,0.16380752599798143,7.62045275967,0.629252432556,0.00281880336093,0.043201851718493854,0.025122338,0.00123666,0.000273656,0,0.024987786,7.8996e-05,3.6615e-05,0.000421634,120,27,0,0,0,17,14,49,0
cohort_2,4,central_c0.2,1,joint_projected,path_audit,0.0,6.0,0.09555233491118997,0.11913762695621699,,,,,0.020775615,0.000905914,0.000222761,0,0.020687013,4.588e-05,2.7464e-05,0.000310202,126,7,0,0,0,17,8,54,0
cohort_2,4,central_c0.2,2,joint_projected,,1.0,0.15853917005006224,0.15853917005006224,0.1816646329825744,13.5235854016,0.956012740039,0.00338754693764,0.05379314890228924,0.007996422,0.000460093,0.000104704,0,0.007884488,5.6047e-05,1.2638e-05,0.000142107,48,16,0,0,0,15,6,22,0
cohort_2,4,central_c0.2,3,joint_projected,,1.0,0.08513337292242795,0.08513337292242795,0.10822433093562722,11.1458994563,0.886277314062,0.000122247737079,0.04324029516033196,0.030040861,0.000344061,8.3191e-05,0,0.029971527,4.229e-05,1.087e-05,0.000101742,43,8,0,0,0,18,6,21,0
cohort_2,4,central_c0.2,4,joint_projected,,1.0,0.11543855303898454,0.11543855303898454,0.13784430804662406,6.48812519594,0.548143541935,0.00159319861,0.05411285301741357,0.011381112,0.002143244,0.000507427,0,0.011168091,0.000104812,7.2676e-05,0.000642564,179,32,0,0,0,15,15,81,0
cohort_2,4,central_c0.2,0,ompl_uniform,,1.0,0.208512720069848,0.208512720069848,0.2103900141082704,20.8180810685,3.70403002573,0.00203292959706,0.0540943367369624,,,,,,,,,,,,,,,,,
cohort_2,4,central_c0.2,1,ompl_uniform,,1.0,0.20065103692468256,0.20065103692468256,0.20270301192067564,13.5258906876,3.51220233135,0.0031076145985,0.04876016012698871,,,,,,,,,,,,,,,,,
cohort_2,4,central_c0.2,2,ompl_uniform,,1.0,0.17751437902916223,0.17751437902916223,0.17915784800425172,13.3002026464,2.56265409807,0.00543767742763,0.05396734432456067,,,,,,,,,,,,,,,,,
cohort_2,4,central_c0.2,3,ompl_uniform,,1.0,0.08990774105768651,0.08990774105768651,0.09159108798485249,12.473398691,1.88292398346,0.00612124473442,0.05433327498043242,,,,,,,,,,,,,,,,,
cohort_2,4,central_c0.2,4,ompl_uniform,,1.0,0.15303629299160093,0.15303629299160093,0.154702779953368,13.656856609,2.11474895376,0.00317578130671,0.04746987047556979,,,,,,,,,,,,,,,,,
cohort_2,5,central_c0.2,0,cartesian_ik,,1.0,0.18755640601739287,0.18755640601739287,0.21110793098341674,14.7072086869,0.912935333529,0.0516843729701,0.1823603631641723,7.408e-06,0.025659126,5.68e-06,0.025394403,0,0,0,0.000111141,10,4,0,0,10,0,0,0,0
cohort_2,5,central_c0.2,1,cartesian_ik,,1.0,0.07105040806345642,0.07105040806345642,0.09364801901392639,8.67654307807,0.687563630307,0.00968495620346,0.13027883200650753,1.9301e-05,0.004018022,2.651e-06,0.003828256,0,0,0,0.000107145,3,2,0,0,3,0,0,0,0
cohort_2,5,central_c0.2,2,cartesian_ik,,1.0,0.2191277389647439,0.2191277389647439,0.24218559206929058,13.7880791736,0.955124054731,0.00111385632597,0.09318750659345058,2.8702e-05,0.017005459,4.431e-06,0.016500916,0,0,0,0.000334857,6,3,0,0,6,0,0,0,0
cohort_2,5,central_c0.2,3,cartesian_ik,,1.0,0.14680411003064364,0.14680411003064364,0.16994390403851867,11.6195338486,1.08946771815,0.0518700152808,0.18017178760713032,1.4296e-05,0.000694982,1.116e-06,0.000628478,0,0,0,3.494e-05,1,1,0,0,1,0,0,0,0
cohort_2,5,central_c0.2,4,cartesian_ik,,1.0,0.14863608602900058,0.14863608602900058,0.17166562099009752,12.0286050996,1.02640097295,0.0190533897654,0.13919472678789357,2.7227e-05,0.006993966,2.423e-06,0.006886956,0,0,0,5.0436e-05,3,2,0,0,3,0,0,0,0
cohort_2,5,central_c0.2,0,joint_projected,,1.0,0.131717468961142,0.131717468961142,0.15418045013211668,13.9313336054,1.26690955325,0.0186466840567,0.12662531278811298,0.021052766,0.000304285,6.1686e-05,0,0.020949354,6.7854e-05,1.1233e-05,0.000104691,8,3,0,0,0,16,2,3,0
cohort_2,5,central_c0.2,1,joint_projected,,1.0,0.15291877195704728,0.15291877195704728,0.17742111312691122,13.2001617174,1.07322241505,0.0352807485203,0.12810295490472257,0.013781748,0.000161336,3.8158e-05,0,0.013693504,5.7607e-05,5.931e-06,4.0517e-05,18,3,0,0,0,15,0,14,0
cohort_2,5,central_c0.2,2,joint_projected,,1.0,0.1096087300684303,0.1096087300684303,0.13220268115401268,13.2260788242,1.19301619676,0.051362311774,0.18758898498624943,0.012186546,7.4701e-05,1.4888e-05,0,0.012123796,3.8861e-05,1.579e-06,2.5724e-05,4,2,0,0,0,15,0,2,0
cohort_2,5,central_c0.2,3,joint_projected,,1.0,0.1319372639991343,0.1319372639991343,0.15489183505997062,7.67673749275,0.655265170507,0.0176061233594,0.1354745147088773,0.044667843,5.3252e-05,8.515e-06,0,0.044526452,6.7573e-05,9.74e-07,2.7462e-05,2,1,0,0,0,19,0,1,0
cohort_2,5,central_c0.2,4,joint_projected,,1.0,0.18704446009360254,0.18704446009360254,0.20984002004843205,12.9610240149,1.41794530627,0.0454096544592,0.1528977195828745,0.014221849,7.3903e-05,1.3115e-05,0,0.014049323,0.000107496,9.75e-07,3.5071e-05,2,1,0,0,0,15,1,0,0
cohort_2,5,central_c0.2,0,ompl_uniform,,1.0,0.12397354899439961,0.12397354899439961,0.12574232695624232,13.9473290464,1.9248872704,0.0517626829878,0.11318232758677439,,,,,,,,,,,,,,,,,
cohort_2,5,central_c0.2,1,ompl_uniform,,1.0,0.21394877799320966,0.21394877799320966,0.21511835104320198,13.724026156,2.91731209316,0.0519584344241,0.11641824333714103,,,,,,,,,,,,,,,,,
cohort_2,5,central_c0.2,2,ompl_uniform,,1.0,0.14761517802253366,0.14761517802253366,0.1487070929724723,13.0816303152,1.96665848489,0.0306336429065,0.0873830858207217,,,,,,,,,,,,,,,,,
cohort_2,5,central_c0.2,3,ompl_uniform,,1.0,0.16241027205251157,0.16241027205251157,0.16369905194733292,13.4146829514,1.82537544858,0.0516056766982,0.1413394780062265,,,,,,,,,,,,,,,,,
cohort_2,5,central_c0.2,4,ompl_uniform,,1.0,0.1635761100333184,0.1635761100333184,0.1646332039963454,11.4334937797,1.44744466364,0.0475828650943,0.09747117565024543,,,,,,,,,,,,,,,,,
cohort_2,6,central_c0.2,0,cartesian_ik,,1.0,0.13177289301529527,0.13177289301529527,0.1593537589069456,6.2393753977,0.547189080861,0.0106540693777,0.0563255306378329,3.5639e-05,0.018917778,2.826e-06,0.018756126,0,0,0,5.8227e-05,8,6,0,0,8,0,0,0,0
cohort_2,6,central_c0.2,1,cartesian_ik,,1.0,0.12577047594822943,0.12577047594822943,0.15365675289649516,12.9591832787,0.781598197624,0.0107978366096,0.058556477527686175,1.7941e-05,0.00250721,2.211e-06,0.002369327,0,0,0,8.1062e-05,1,1,0,0,1,0,0,0,0
cohort_2,6,central_c0.2,2,cartesian_ik,,1.0,0.12648132303729653,0.12648132303729653,0.1542056119069457,13.3230518252,0.982013935217,0.00719231073831,0.08304646421398745,1.0705e-05,0.015467018,3.7e-06,0.015309062,0,0,0,7.3865e-05,4,1,0,0,4,0,0,0,0
cohort_2,6,central_c0.2,3,cartesian_ik,,1.0,0.17308937793131918,0.17308937793131918,0.2010992979630828,13.5572654546,0.943403148875,0.00686663026937,0.07035873413602349,3.3995e-05,0.008334591,3.571e-06,0.008101258,0,0,0,0.000119033,8,3,0,0,8,0,0,0,0
cohort_2,6,central_c0.2,4,cartesian_ik,,1.0,0.3346691080369055,0.3346691080369055,0.363127322983928,21.3982003688,1.34909027575,0.0106188568347,0.08283689214557471,5.0404e-05,0.024392878,9.08e-06,0.023700931,0,0,0,0.000390101,14,10,0,0,14,0,0,0,0
cohort_2,6,central_c0.2,0,joint_projected,,1.0,0.10738838510587811,0.10738838510587811,0.1352241999702528,12.326382227,0.789636855195,0.000375013921659,0.08268822288311176,0.02175501,0.001548022,0.000331092,0,0.021634742,6.8291e-05,5.1802e-05,0.000531264,196,37,0,0,0,17,10,100,0
cohort_2,6,central_c0.2,1,joint_projected,,1.0,0.1017390820197761,0.1017390820197761,0.12946533097419888,6.67090393992,0.709936346982,0.00479421072334,0.07360547509120534,0.024396205,0.000592257,0.000110049,0,0.024220798,8.7046e-05,1.3602e-05,0.000249904,57,14,0,0,0,18,6,17,0
cohort_2,6,central_c0.2,2,joint_projected,,1.0,0.1596954130800441,0.1596954130800441,0.18784461088944227,13.0879061955,0.968751428293,0.00459703274616,0.08377570452766644,0.0379031,0.000282073,6.6844e-05,0,0.037701332,9.5849e-05,7.775e-06,0.000104818,31,5,0,0,0,18,4,9,0
cohort_2,6,central_c0.2,3,joint_projected,,1.0,0.17064800497610122,0.17064800497610122,0.19849767198320478,8.0873919131,0.449925156033,0.000355055880957,0.06765465240860749,0.028798264,0.000347378,5.9478e-05,0,0.028637822,6.9843e-05,9.089e-06,0.000144012,34,10,0,0,0,18,4,14,0
cohort_2,6,central_c0.2,4,joint_projected,,1.0,0.23651281197089702,0.23651281197089702,0.2642263579182327,14.2059167122,1.18125265176,5.6055309509e-05,0.08291329346648366,0.030757067,0.009049643,0.0020577,0,0.03059013,8.1305e-05,0.000292692,0.002804663,1257,248,0,0,0,18,112,599,0
cohort_2,6,central_c0.2,0,ompl_uniform,,1.0,0.1607193099334836,0.1607193099334836,0.16216570499818772,13.0714778124,3.54570051502,0.0107150600811,0.07661449468084792,,,,,,,,,,,,,,,,,
cohort_2,6,central_c0.2,1,ompl_uniform,,1.0,0.17472362297121435,0.17472362297121435,0.17661595798563212,13.9719882957,4.20070159296,0.0104884040995,0.08326115309054855,,,,,,,,,,,,,,,,,
cohort_2,6,central_c0.2,2,ompl_uniform,,1.0,0.10366099094972014,0.10366099094972014,0.10541402897797525,12.1768490322,2.46281261662,0.0106443217649,0.06257404173050946,,,,,,,,,,,,,,,,,
cohort_2,6,central_c0.2,3,ompl_uniform,,1.0,0.15091138693969697,0.15091138693969697,0.15264202107209712,12.8504714832,1.48345223276,0.0108653355694,0.08294076435005851,,,,,,,,,,,,,,,,,
cohort_2,6,central_c0.2,4,ompl_uniform,,1.0,0.12091975403018296,0.12091975403018296,0.12275931402109563,12.4013813037,1.88325343904,0.0039148356929,0.06147240006383375,,,,,,,,,,,,,,,,,
cohort_2,7,central_c0.2,0,cartesian_ik,,1.0,0.09139869501814246,0.09139869501814246,0.12601661100052297,12.7400639761,0.960426242285,0.00485875674758,0.12114483775163665,2.5312e-05,0.006849224,1.952e-06,0.006742342,0,0,0,5.4228e-05,3,1,0,0,3,0,0,0,0
cohort_2,7,central_c0.2,1,cartesian_ik,,1.0,0.06726009002886713,0.06726009002886713,0.10183605609927326,7.56510301397,0.594310273514,0.0149603082611,0.10612438066491983,1.6504e-05,0.000634646,1.09e-06,0.000577553,0,0,0,2.6044e-05,1,1,0,0,1,0,0,0,0
cohort_2,7,central_c0.2,2,cartesian_ik,,1.0,0.19723757600877434,0.19723757600877434,0.23209041613154113,12.9196394153,1.03432550465,0.0250210258453,0.12221106165026366,4.8342e-05,0.027718364,6.763e-06,0.027418221,0,0,0,0.000132752,9,4,0,0,9,0,0,0,0
cohort_2,7,central_c0.2,3,cartesian_ik,,1.0,0.09951410500798374,0.09951410500798374,0.13608374306932092,11.5251179084,0.743902819243,0.0500230036476,0.12233378521658511,2.533e-05,0.00635181,5.5e-06,0.005996036,0,0,0,0.000200808,6,4,0,0,6,0,0,0,0
cohort_2,7,central_c0.2,4,cartesian_ik,,1.0,0.07944407500326633,0.07944407500326633,0.11406697414349765,9.17646164217,0.65361880244,0.0492317439616,0.12233378521658511,2.518e-05,0.000526802,1.667e-06,0.000445441,0,0,0,3.9123e-05,1,1,0,0,1,0,0,0,0
cohort_2,7,central_c0.2,0,joint_projected,,1.0,0.1906027370132506,0.1906027370132506,0.22522803605534136,14.4130490932,0.833841801602,0.0030966846139,0.09277579476713606,0.035987649,0.000797617,0.000178114,0,0.03579392,9.6206e-05,2.5035e-05,0.000240741,98,23,0,0,0,17,16,47,0
cohort_2,7,central_c0.2,1,joint_projected,,1.0,0.14858728204853833,0.14858728204853833,0.18326215003617108,13.3694936053,1.28080592741,0.0499886741602,0.11625296803811282,0.026138077,0.000242754,6.242e-05,0,0.025834599,0.000175301,6.904e-06,6.5127e-05,29,6,0,0,0,16,7,12,0
cohort_2,7,central_c0.2,2,joint_projected,,1.0,0.08892745710909367,0.08892745710909367,0.12294381705578417,11.6851099348,0.991735036089,0.0441112379457,0.12233378521658511,0.011907891,7.8966e-05,1.8049e-05,0,0.011812003,6.1926e-05,2.373e-06,2.4429e-05,5,1,0,0,0,15,1,3,0
cohort_2,7,central_c0.2,3,joint_projected,,1.0,0.2078087900299579,0.2078087900299579,0.24278096412308514,13.1137870499,0.907564561563,0.00918056801174,0.10909820420688997,0.013819915,8.8175e-05,1.283e-05,0,0.013621437,0.000103924,2.133e-06,4.1439e-05,3,2,0,0,0,15,0,1,0
cohort_2,7,central_c0.2,4,joint_projected,,1.0,0.15416318201459944,0.15416318201459944,0.1888017529854551,12.9305909118,0.803766933261,0.0204291759107,0.12233378521658511,0.027652413,5.4741e-05,9.552e-06,0,0.02752167,7.8139e-05,8.94e-07,2.6438e-05,2,1,0,0,0,16,0,1,0
cohort_2,7,central_c0.2,0,ompl_uniform,,1.0,0.20230805198661983,0.20230805198661983,0.20396572002209723,15.3298454094,2.01912229187,0.0285366148943,0.12233378521658511,,,,,,,,,,,,,,,,,
cohort_2,7,central_c0.2,1,ompl_uniform,,1.0,0.13131494098342955,0.13131494098342955,0.13306051190011203,7.97508031089,0.940005071174,0.0427237723317,0.12233378521658511,,,,,,,,,,,,,,,,,
cohort_2,7,central_c0.2,2,ompl_uniform,,1.0,0.1532196799525991,0.1532196799525991,0.15472326893359423,13.4603370595,1.67850416496,0.050011092772,0.12233378521658511,,,,,,,,,,,,,,,,,
cohort_2,7,central_c0.2,3,ompl_uniform,,1.0,0.06571781600359827,0.06571781600359827,0.06779824709519744,8.08712465751,1.29450633089,0.025297627024,0.10268680508152343,,,,,,,,,,,,,,,,,
cohort_2,7,central_c0.2,4,ompl_uniform,,1.0,0.15726426499895751,0.15726426499895751,0.15892673505004495,13.1891606953,1.40467799695,0.0497103188699,0.12233378521658511,,,,,,,,,,,,,,,,,
cohort_2,8,central_c0.2,0,cartesian_ik,,1.0,0.13189587194938213,0.13189587194938213,0.18400211492553353,7.05460769609,0.80858938537,0.0372072689426,0.12048390566902889,5.0048e-05,0.026682261,5.385e-06,0.026326662,0,0,0,0.000226718,7,5,0,0,7,0,0,0,0
cohort_2,8,central_c0.2,1,cartesian_ik,,1.0,0.09786631201859564,0.09786631201859564,0.15083736286032945,13.1271183764,0.796270232338,0.00338946811438,0.12048390566902889,9.923e-06,0.005714632,3.287e-06,0.005538321,0,0,0,8.6504e-05,4,3,0,0,4,0,0,0,0
cohort_2,8,central_c0.2,2,cartesian_ik,,1.0,0.10587986593600363,0.10587986593600363,0.15893513592891395,6.73886076782,0.660338222914,0.0224324327945,0.12048390566902889,1.2572e-05,0.001534162,1.763e-06,0.00144471,0,0,0,4.728e-05,2,2,0,0,2,0,0,0,0
cohort_2,8,central_c0.2,3,cartesian_ik,,1.0,0.19760021497495472,0.19760021497495472,0.25053490488789976,19.5845263722,1.81379610605,0.0264129923515,0.1182295523336688,2.4777e-05,0.005373657,3.597e-06,0.004947245,0,0,0,0.00029939,3,3,0,0,3,0,0,0,0
cohort_2,8,central_c0.2,4,cartesian_ik,,1.0,0.12462845398113132,0.12462845398113132,0.17744232492987067,6.72398581038,0.734173284981,0.0377064353985,0.11188877918525605,7.7318e-05,0.009948821,5.507e-06,0.009542963,0,0,0,0.000227957,6,6,0,0,6,0,0,0,0
cohort_2,8,central_c0.2,0,joint_projected,,1.0,0.0813654059311375,0.0813654059311375,0.13394782389514148,6.54201397701,0.780821905963,0.0377517880762,0.12048390566902889,0.008008793,0.000163878,4.9422e-05,0,0.007888919,6.5986e-05,5.885e-06,2.9025e-05,24,3,0,0,0,16,2,14,0
cohort_2,8,central_c0.2,1,joint_projected,,1.0,0.0681867100065574,0.0681867100065574,0.12086780089884996,6.55725546589,0.859523720444,0.037354265641,0.12048390566902889,0.015848643,0.000706813,0.000117237,0,0.015684505,8.7956e-05,1.7799e-05,0.00032292,41,10,0,0,0,16,3,20,0
cohort_2,8,central_c0.2,2,joint_projected,,1.0,0.1829456010600552,0.1829456010600552,0.23585905984509736,13.9484635703,1.08811248183,0.00193732649232,0.10075202653460294,0.019680449,0.000231154,2.8676e-05,0,0.019478974,0.000106356,4.856e-06,0.000124296,13,5,0,0,0,16,0,7,0
cohort_2,8,central_c0.2,3,joint_projected,,1.0,0.053624790045432746,0.053624790045432746,0.10561128496192396,6.72124096598,0.75290974436,0.0369156497652,0.11744337636111607,0.020086849,0.000134773,2.2364e-05,0,0.019979919,6.5185e-05,3.384e-06,6.2597e-05,5,2,0,0,0,17,0,3,0
cohort_2,8,central_c0.2,4,joint_projected,,1.0,0.1333164880052209,0.1333164880052209,0.1860682489350438,9.13761548436,0.876967694197,0.00168587555781,0.09201325153803004,0.022776755,0.000321951,6.0902e-05,0,0.02266846,5.161e-05,7.99e-06,0.000124961,32,11,0,0,0,16,2,9,0
cohort_2,8,central_c0.2,0,ompl_uniform,,1.0,0.12683551607187837,0.12683551607187837,0.12838100199587643,16.3170630671,2.06726805133,0.0375252703748,0.12048390566902889,,,,,,,,,,,,,,,,,
cohort_2,8,central_c0.2,1,ompl_uniform,,1.0,0.14380634599365294,0.14380634599365294,0.1453550709411502,13.9064676882,2.63403144585,0.0375684449791,0.12048390566902889,,,,,,,,,,,,,,,,,
cohort_2,8,central_c0.2,2,ompl_uniform,,1.0,0.10466332104988396,0.10466332104988396,0.10634749103337526,11.7218751825,2.88763582353,0.0381937431977,0.12048390566902889,,,,,,,,,,,,,,,,,
cohort_2,8,central_c0.2,3,ompl_uniform,,1.0,0.1199608319438994,0.1199608319438994,0.12178148201201111,8.67080838356,0.89825371414,0.0277493388812,0.09372320893077417,,,,,,,,,,,,,,,,,
cohort_2,8,central_c0.2,4,ompl_uniform,,1.0,0.25106418307404965,0.25106418307404965,0.25268788798712194,19.3035010882,1.88357442564,0.0205271787846,0.12048390566902889,,,,,,,,,,,,,,,,,
cohort_2,9,central_c0.2,0,cartesian_ik,,1.0,0.24965837597846985,0.24965837597846985,0.28000262996647507,17.1641988478,1.10877997786,0.0032419306681,0.06514846018778767,1.1739e-05,0.074824831,1.7984e-05,0.0731978,0,0,0,0.000935425,40,24,0,0,40,0,0,0,0
cohort_2,9,central_c0.2,1,cartesian_ik,,1.0,0.1838118489831686,0.1838118489831686,0.21333383093588054,12.0406601407,0.86284439165,0.0096894825683,0.07108429144518978,2.404e-05,0.01616364,4.892e-06,0.015721577,0,0,0,0.000296414,7,4,0,0,7,0,0,0,0
cohort_2,9,central_c0.2,2,cartesian_ik,,1.0,0.2171339390333742,0.2171339390333742,0.24778807896655053,22.1218506517,1.56463112631,0.0160398707379,0.07108429144518978,1.0861e-05,0.020889042,3.551e-06,0.020558018,0,0,0,0.000178452,18,11,0,0,18,0,0,0,0
cohort_2,9,central_c0.2,3,cartesian_ik,,1.0,0.16439157095737755,0.16439157095737755,0.19473278801888227,15.5250225364,1.32979409595,0.0166708343927,0.07108429144518978,4.8272e-05,0.011616404,7.148e-06,0.011086091,0,0,0,0.000314405,11,7,0,0,11,0,0,0,0
cohort_2,9,central_c0.2,4,cartesian_ik,,1.0,0.16301525302696973,0.16301525302696973,0.19241383497137576,12.9545455964,1.27500995254,0.0165624034853,0.07108429144518978,2.1732e-05,0.004626097,3.655e-06,0.004380256,0,0,0,0.000154946,4,2,0,0,4,0,0,0,0
cohort_2,9,central_c0.2,0,joint_projected,,1.0,0.129886592971161,0.129886592971161,0.16047530295327306,3.30147588989,0.473263514597,0.0131060770053,0.07108429144518978,0.02415348,0.003721902,0.000767867,0,0.023927898,0.000146577,0.000115717,0.001238694,222,53,0,0,0,16,17,110,0
cohort_2,9,central_c0.2,1,joint_projected,,1.0,0.16408896795473993,0.16408896795473993,0.19446834200061858,14.0335620699,1.21518542566,0.0166041451451,0.07108429144518978,0.038009999,0.000303829,7.3221e-05,0,0.037807584,8.979e-05,1.0755e-05,8.3329e-05,33,5,0,0,0,17,3,19,0
cohort_2,9,central_c0.2,2,joint_projected,,1.0,0.38164564792532474,0.38164564792532474,0.41158117703162134,20.0296101466,1.35937945736,0.00618067176039,0.07108429144518978,0.029103809,0.002649844,0.000599359,0,0.028812191,0.000177841,7.1446e-05,0.001031428,176,20,0,0,0,16,18,59,0
cohort_2,9,central_c0.2,3,joint_projected,,1.0,0.21442391606979072,0.21442391606979072,0.24460022000130266,14.0826850973,0.780252227307,0.016317238885,0.07108429144518978,0.010468493,0.000174932,2.9948e-05,0,0.010261948,8.8051e-05,3.261e-06,8.7715e-05,14,3,0,0,0,15,2,4,0
cohort_2,9,central_c0.2,4,joint_projected,,1.0,0.025913438061252236,0.025913438061252236,0.05611835198942572,5.34723289804,0.49391312503,0.00461222174062,0.07108429144518978,0.01043488,0.000165228,3.1216e-05,0,0.010383316,3.2124e-05,4.636e-06,5.8329e-05,17,5,0,0,0,16,2,7,0
cohort_2,9,central_c0.2,0,ompl_uniform,,1.0,0.14027267310302705,0.14027267310302705,0.14146745495963842,12.4933595297,2.08813709835,0.00496352882487,0.07108429144518978,,,,,,,,,,,,,,,,,
cohort_2,9,central_c0.2,1,ompl_uniform,,1.0,0.2172868000343442,0.2172868000343442,0.21837498305831105,11.7295469276,2.08704133351,0.0167851338832,0.07108429144518978,,,,,,,,,,,,,,,,,
cohort_2,9,central_c0.2,2,ompl_uniform,,1.0,0.1273113670758903,0.1273113670758903,0.12911583599634469,12.0399832146,2.01708756993,0.0108637182352,0.07108429144518978,,,,,,,,,,,,,,,,,
cohort_2,9,central_c0.2,3,ompl_uniform,,1.0,0.24570186797063798,0.24570186797063798,0.2475274889729917,21.7442123162,1.96622869499,0.00320374192238,0.07108429144518978,,,,,,,,,,,,,,,,,
cohort_2,9,central_c0.2,4,ompl_uniform,,1.0,0.1625184320146218,0.1625184320146218,0.16444381303153932,13.5737899122,3.55992900381,0.015645649846,0.07108429144518978,,,,,,,,,,,,,,,,,
cohort_2,10,central_c0.8,0,cartesian_ik,,1.0,0.06852988700848073,0.06852988700848073,0.10322561708744615,10.4009845716,0.688825956032,0.00479066001109,0.059331238141655994,1.1906e-05,0.019942497,2.798e-06,0.019781106,0,0,0,7.838e-05,9,4,0,0,9,0,0,0,0
cohort_2,10,central_c0.8,1,cartesian_ik,,1.0,0.12373707804363221,0.12373707804363221,0.1579694759566337,3.35592822682,0.513205771699,0.0055247453618,0.04943571230066791,4.9171e-05,0.061281449,8.452e-06,0.060719515,0,0,0,0.000317773,24,6,0,0,24,0,0,0,0
cohort_2,10,central_c0.8,2,cartesian_ik,,1.0,0.15730640199035406,0.15730640199035406,0.19189833104610443,9.67708829811,0.870614351327,0.0156934516643,0.06081489072725738,2.9115e-05,0.018453845,3.555e-06,0.018268515,0,0,0,0.000103531,8,2,0,0,8,0,0,0,0
cohort_2,10,central_c0.8,3,cartesian_ik,,1.0,0.20689990394748747,0.20689990394748747,0.24143746797926724,13.9737665568,1.01980803039,0.0131690819701,0.053795238403418315,3.4346e-05,0.027862842,4.555e-06,0.027594494,0,0,0,0.000135557,13,4,0,0,13,0,0,0,0
cohort_2,10,central_c0.8,4,cartesian_ik,,1.0,0.11997871799394488,0.11997871799394488,0.15445615502540022,13.9827855117,1.09990828149,0.0137189333617,0.060324728381427696,7.535e-06,0.021400619,2.863e-06,0.021162995,0,0,0,0.000122439,9,5,0,0,9,0,0,0,0
cohort_2,10,central_c0.8,0,joint_projected,,1.0,0.2587312899995595,0.2587312899995595,0.2930054470198229,10.5690073214,0.716298351871,0.00352772667507,0.05802517196660577,0.177138986,0.000153136,3.6676e-05,0,0.177021348,5.7226e-05,5.112e-06,3.5894e-05,27,4,0,0,0,41,3,10,8
cohort_2,10,central_c0.8,1,joint_projected,,1.0,0.2659721350064501,0.2659721350064501,0.3005160760367289,2.36178353795,0.480941944284,0.0124103878211,0.05204463193761349,0.179591971,0.00065679,0.000129372,0,0.179402474,9.3526e-05,1.9366e-05,0.000225432,119,17,0,0,0,41,12,37,40
cohort_2,10,central_c0.8,2,joint_projected,,1.0,0.22368672804441303,0.22368672804441303,0.2581592861097306,2.64116481893,0.498574719709,0.00966835563521,0.04991563383639777,0.179366686,0.000134214,2.5098e-05,0,0.17922026,5.8642e-05,3.548e-06,5.7859e-05,16,2,0,0,0,41,2,5,5
cohort_2,10,central_c0.8,3,joint_projected,,1.0,0.32496670400723815,0.32496670400723815,0.3594277820084244,14.4393027419,1.42745138519,0.0142246661848,0.058046929581150715,0.174230536,0.000268383,6.3452e-05,0,0.174104178,5.7302e-05,6.929e-06,8.7089e-05,38,4,0,0,0,41,4,13,16
cohort_2,10,central_c0.8,4,joint_projected,,1.0,0.30469785002060235,0.30469785002060235,0.33933265099767596,9.1323272524,0.752455380661,0.00281097652069,0.06046906908905241,0.173667769,0.00025144,5.0402e-05,0,0.173472985,9.8232e-05,7.1e-06,8.0219e-05,38,7,0,0,0,42,3,12,11
cohort_2,10,central_c0.8,0,ompl_uniform,,1.0,0.16016861703246832,0.16016861703246832,0.16168227791786194,12.5254286681,2.39518314287,0.0154176702473,0.06050673462712381,,,,,,,,,,,,,,,,,
cohort_2,10,central_c0.8,1,ompl_uniform,,1.0,0.09605205792468041,0.09605205792468041,0.09781640907749534,13.4917370669,2.55506949297,0.0119909087564,0.054438446277886514,,,,,,,,,,,,,,,,,
cohort_2,10,central_c0.8,2,ompl_uniform,,1.0,0.1297529429430142,0.1297529429430142,0.13140124990604818,7.42347395595,0.711482143823,0.0119831981619,0.0602354500566712,,,,,,,,,,,,,,,,,
cohort_2,10,central_c0.8,3,ompl_uniform,,1.0,0.18599609890952706,0.18599609890952706,0.18777662294451147,12.8390944986,3.22710555783,0.0153713195428,0.0604060636623947,,,,,,,,,,,,,,,,,
cohort_2,10,central_c0.8,4,ompl_uniform,,1.0,0.2128952939528972,0.2128952939528972,0.21448877803049982,17.6394097067,2.92391857237,0.00194945376746,0.04794926115986994,,,,,,,,,,,,,,,,,
cohort_2,11,central_c0.8,0,cartesian_ik,,1.0,0.12394264503382146,0.12394264503382146,0.1497861339012161,13.1052510661,1.12084220448,0.00135726162834,0.13923876081664394,1.0602e-05,0.034025136,5.823e-06,0.033577269,0,0,0,0.000255488,12,6,0,0,12,0,0,0,0
cohort_2,11,central_c0.8,1,cartesian_ik,,1.0,0.19543091906234622,0.19543091906234622,0.2216684699524194,8.61200665071,0.641855353085,0.00137696792285,0.06752710001751931,2.2199e-05,0.02594802,6.42e-06,0.025415891,0,0,0,0.000305752,11,8,0,0,11,0,0,0,0
cohort_2,11,central_c0.8,2,cartesian_ik,,1.0,0.12487382197286934,0.12487382197286934,0.15090957598295063,13.7362440377,1.00227824614,0.000451198636864,0.13919639437336592,6.158e-06,0.001519755,1.821e-06,0.001394382,0,0,0,5.8926e-05,3,3,0,0,3,0,0,0,0
cohort_2,11,central_c0.8,3,cartesian_ik,,1.0,0.1642540890024975,0.1642540890024975,0.1903194059850648,11.3191546186,0.876019359782,0.00129126024544,0.13907222815627976,2.2799e-05,0.003963427,3.066e-06,0.00382444,0,0,0,6.0762e-05,2,2,0,0,2,0,0,0,0
cohort_2,11,central_c0.8,4,cartesian_ik,,1.0,0.16529140691272914,0.16529140691272914,0.19133037503343076,10.1260781209,0.65234070664,0.00126097262443,0.12449415111204565,4.9538e-05,0.026808291,7.279e-06,0.026338688,0,0,0,0.000249244,7,4,0,0,7,0,0,0,0
cohort_2,11,central_c0.8,0,joint_projected,,1.0,0.0931056309491396,0.0931056309491396,0.12062242988031358,8.64055473529,0.76363850949,0.000782047311207,0.10808748801915044,0.015266449,0.00012222,2.0751e-05,0,0.015167135,6.1305e-05,2.359e-06,5.1846e-05,10,4,0,0,0,16,4,2,0
cohort_2,11,central_c0.8,1,joint_projected,,1.0,0.10523371305316687,0.10523371305316687,0.132606680970639,4.62132862883,0.597283300854,0.00104830633492,0.10427071430324834,0.05648304,7.3862e-05,1.0211e-05,0,0.05629698,9.5453e-05,1.158e-06,4.3781e-05,2,1,0,0,0,21,0,0,0
cohort_2,11,central_c0.8,2,joint_projected,,1.0,0.13852282206062227,0.13852282206062227,0.16451265185605735,13.7361870198,1.27846365248,0.000739718886262,0.1388686039214363,0.00767265,0.000315449,6.8767e-05,0,0.007576799,5.7707e-05,1.1519e-05,0.000107773,13,3,0,0,0,17,2,6,0
cohort_2,11,central_c0.8,3,joint_projected,,1.0,0.15526513301301748,0.15526513301301748,0.18135278392583132,13.1464056919,0.897708283315,0.000379587599631,0.11335274057932622,0.015316299,8.685e-05,1.971e-05,0,0.015235726,5.1647e-05,2.33e-06,2.5806e-05,7,2,0,0,0,16,1,3,0
cohort_2,11,central_c0.8,4,joint_projected,,1.0,0.10743130405899137,0.10743130405899137,0.13596214295830578,4.51011864039,0.648237147649,0.00151640670383,0.10217144179176053,0.036923104,0.000289389,6.2765e-05,0,0.036706636,0.000138132,9.447e-06,8.665e-05,31,9,0,0,0,17,4,17,0
cohort_2,11,central_c0.8,0,ompl_uniform,,1.0,0.13304122001864016,0.13304122001864016,0.1347623720066622,12.9814704597,0.842274626019,0.000694022572087,0.12690499536577543,,,,,,,,,,,,,,,,,
cohort_2,11,central_c0.8,1,ompl_uniform,,1.0,0.1841420370619744,0.1841420370619744,0.1853002510033548,12.5687526759,2.29509033121,0.000789429106411,0.133442982292306,,,,,,,,,,,,,,,,,
cohort_2,11,central_c0.8,2,ompl_uniform,,1.0,0.10715994297061116,0.10715994297061116,0.10826537304092199,10.6531478813,1.61873028561,0.00199284377362,0.10557316837128553,,,,,,,,,,,,,,,,,
cohort_2,11,central_c0.8,3,ompl_uniform,,1.0,0.13667204603552818,0.13667204603552818,0.13791667309124023,12.0573361491,2.82940387289,0.00151194882007,0.08307110772127022,,,,,,,,,,,,,,,,,
cohort_2,11,central_c0.8,4,ompl_uniform,,1.0,0.1902491330401972,0.1902491330401972,0.1918599959462881,13.8299582519,3.5353842663,0.000751021477002,0.13176787743073481,,,,,,,,,,,,,,,,,
cohort_2,12,central_c0.8,0,cartesian_ik,,1.0,0.11972575297113508,0.11972575297113508,0.1427946969633922,14.4025894669,1.09887879842,0.00751543417308,0.07295151774469619,1.1633e-05,0.02321879,3.278e-06,0.022904127,0,0,0,0.000181018,15,10,0,0,15,0,0,0,0
cohort_2,12,central_c0.8,1,cartesian_ik,,1.0,0.13128478394355625,0.13128478394355625,0.1546740379417315,14.3278631424,1.42029542093,0.0200513808644,0.09064629138948817,2.657e-05,0.001138413,1.823e-06,0.001050598,0,0,0,4.5781e-05,1,1,0,0,1,0,0,0,0
cohort_2,12,central_c0.8,2,cartesian_ik,,1.0,0.1621475680731237,0.1621475680731237,0.185638845898211,11.2403616754,1.11310584658,0.00181508478799,0.0698642874762856,5.1531e-05,0.035451618,8.115e-06,0.03518493,0,0,0,8.8881e-05,11,6,0,0,11,0,0,0,0
cohort_2,12,central_c0.8,3,cartesian_ik,,1.0,0.2262107189744711,0.2262107189744711,0.2500772919738665,14.5740458889,1.0994514536,0.00420981890012,0.09116083681819022,6.674e-05,0.04141934,8.715e-06,0.040982282,0,0,0,0.000215044,21,7,0,0,21,0,0,0,0
cohort_2,12,central_c0.8,4,cartesian_ik,,1.0,0.1880933940410614,0.1880933940410614,0.2118248320184648,15.0848038533,1.44257343486,0.0201691636956,0.08888391660979836,5.3074e-05,0.039365694,1.6432e-05,0.038993037,0,0,0,0.000168419,20,10,0,0,20,0,0,0,0
cohort_2,12,central_c0.8,0,joint_projected,,1.0,0.28167670604307204,0.28167670604307204,0.30520852096378803,16.6042061367,1.17758883275,0.00123889473593,0.07271943234273555,0.070317507,0.000430647,9.0957e-05,0,0.07009755,0.000113399,1.1685e-05,0.000138642,51,16,0,0,0,23,13,19,0
cohort_2,12,central_c0.8,1,joint_projected,,1.0,0.14002862002234906,0.14002862002234906,0.16333883604966104,13.8345261204,0.823152609289,0.00156929766596,0.040789835513080006,0.030054258,0.002235571,0.000509306,0,0.029976087,4.671e-05,7.4585e-05,0.000643226,307,72,0,0,0,18,48,138,0
cohort_2,12,central_c0.8,2,joint_projected,,1.0,0.24607469502370805,0.24607469502370805,0.26923035201616585,17.5532676293,1.61086748962,0.000266179427897,0.09107115833788999,0.065695633,0.000231343,5.0314e-05,0,0.065515065,9.1461e-05,7.188e-06,7.6001e-05,24,6,0,0,0,20,3,12,0
cohort_2,12,central_c0.8,3,joint_projected,,1.0,0.19314387196209282,0.19314387196209282,0.2164365709759295,15.2801720044,1.56908026643,0.0193410283144,0.09062102548893174,0.037992075,0.000651777,0.000148863,0,0.037830204,7.3437e-05,2.1908e-05,0.00018991,87,19,0,0,0,18,11,47,0
cohort_2,12,central_c0.8,4,joint_projected,,1.0,0.1714288799557835,0.1714288799557835,0.19521671696566045,11.2962434433,1.21034718321,0.00877105021533,0.0911234955408607,0.055019437,0.000182604,4.1476e-05,0,0.054826659,8.5712e-05,5.853e-06,4.1708e-05,21,5,0,0,0,19,2,14,0
cohort_2,12,central_c0.8,0,ompl_uniform,,1.0,0.3198463850421831,0.3198463850421831,0.3214729829924181,22.9792712818,4.46378571466,0.0180945168236,0.09086705814169045,,,,,,,,,,,,,,,,,
cohort_2,12,central_c0.8,1,ompl_uniform,,1.0,0.23267891095019877,0.23267891095019877,0.23432557401247323,18.0980787633,1.89009224455,0.0200881968581,0.091199364149344,,,,,,,,,,,,,,,,,
cohort_2,12,central_c0.8,2,ompl_uniform,,1.0,0.13557046302594244,0.13557046302594244,0.13752563495654613,17.4031616075,1.84963963128,0.0133430391093,0.08218399012743656,,,,,,,,,,,,,,,,,
cohort_2,12,central_c0.8,3,ompl_uniform,,1.0,0.44922826904803514,0.44922826904803514,0.4512834900524467,29.0270323543,3.15760517139,0.0196365134025,0.09115190950007608,,,,,,,,,,,,,,,,,
cohort_2,12,central_c0.8,4,ompl_uniform,,1.0,0.07675289898179471,0.07675289898179471,0.07810288807377219,12.2970283541,2.14232337969,0.000818728136768,0.05365618259196546,,,,,,,,,,,,,,,,,
cohort_2,13,central_c0.8,0,cartesian_ik,,1.0,0.1478265490150079,0.1478265490150079,0.17369621514808387,11.6605880062,0.949386877202,0.0240142377843,0.11871307757750017,3.5795e-05,0.037251828,3.709e-06,0.037019367,0,0,0,0.000100603,11,5,0,0,11,0,0,0,0
cohort_2,13,central_c0.8,1,cartesian_ik,,1.0,0.1340450010029599,0.1340450010029599,0.16047719202470034,12.3360523996,0.871432647155,0.0578260231014,0.11871307757750017,5.2273e-05,0.001356291,2.877e-06,0.00119714,0,0,0,7.5923e-05,1,1,0,0,1,0,0,0,0
cohort_2,13,central_c0.8,2,cartesian_ik,,1.0,0.14317281101830304,0.14317281101830304,0.16924080811440945,9.21134110423,0.627694009874,0.0452087299259,0.11871307757750017,3.7487e-05,0.002260583,2.116e-06,0.002159287,0,0,0,4.623e-05,1,1,0,0,1,0,0,0,0
cohort_2,13,central_c0.8,3,cartesian_ik,,1.0,0.09011815604753792,0.09011815604753792,0.11597008106764406,6.06730317876,0.699964285104,0.0113186303258,0.09106531063320208,3.2414e-05,0.018501698,3.604e-06,0.018108284,0,0,0,0.000220348,6,5,0,0,6,0,0,0,0
cohort_2,13,central_c0.8,4,cartesian_ik,,1.0,0.11811202194076031,0.11811202194076031,0.14402287197299302,13.2688318405,0.84691836792,0.0288452949665,0.11871307757750017,3.4996e-05,0.00546094,3.489e-06,0.005378981,0,0,0,3.2649e-05,2,1,0,0,2,0,0,0,0
cohort_2,13,central_c0.8,0,joint_projected,,1.0,0.18032719695474952,0.18032719695474952,0.206397915026173,13.4860461159,1.17742226276,0.0580155236831,0.11871307757750017,0.024350164,6.8629e-05,1.3794e-05,0,0.024082082,0.000152364,1.585e-06,2.9233e-05,5,1,0,0,0,15,0,3,0
cohort_2,13,central_c0.8,1,joint_projected,,1.0,0.16187153395731002,0.16187153395731002,0.1881580260815099,11.9174430624,0.746007411129,0.047599333371,0.11871307757750017,0.01139656,9.0157e-05,2.2013e-05,0,0.011138368,0.000145467,4.336e-06,2.669e-05,4,1,0,0,0,15,0,3,0
cohort_2,13,central_c0.8,2,joint_projected,,1.0,0.06949098198674619,0.06949098198674619,0.09549026796594262,11.6463062029,1.0957538283,0.0580806339784,0.11871307757750017,0.012532099,0.000118013,3.2962e-05,0,0.012460826,4.4348e-05,5.009e-06,2.7521e-05,16,1,0,0,0,17,2,12,0
cohort_2,13,central_c0.8,3,joint_projected,,1.0,0.17071181104984134,0.17071181104984134,0.1968809689860791,13.0440787281,1.33036074065,0.0175408570899,0.1169237839223999,0.010034503,8.4489e-05,1.25e-05,0,0.009838851,9.8068e-05,1.503e-06,4.861e-05,3,1,0,0,0,15,0,0,0
cohort_2,13,central_c0.8,4,joint_projected,,1.0,0.09789538395125419,0.09789538395125419,0.12384329503402114,10.8222410976,0.736811802876,0.0268410313841,0.11871307757750017,0.013269071,0.000157354,0.00012769,0,0.013122551,8.5224e-05,1.468e-06,1.4324e-05,1,1,0,0,0,15,0,0,0
cohort_2,13,central_c0.8,0,ompl_uniform,,1.0,0.14336438197642565,0.14336438197642565,0.14485187001992017,12.4946334852,3.45448612681,0.0154324751327,0.11871307757750017,,,,,,,,,,,,,,,,,
cohort_2,13,central_c0.8,1,ompl_uniform,,1.0,0.08736507303547114,0.08736507303547114,0.08893090300261974,12.5440663513,1.36999733329,0.030939827218,0.11871307757750017,,,,,,,,,,,,,,,,,
cohort_2,13,central_c0.8,2,ompl_uniform,,1.0,0.15099284693133086,0.15099284693133086,0.15272683196235448,14.714731102,1.75412684264,0.048863011345,0.11871307757750017,,,,,,,,,,,,,,,,,
cohort_2,13,central_c0.8,3,ompl_uniform,,1.0,0.18161403201520443,0.18161403201520443,0.18325498700141907,14.3081012982,1.71586972114,0.0427545626083,0.11871307757750017,,,,,,,,,,,,,,,,,
cohort_2,13,central_c0.8,4,ompl_uniform,,1.0,0.11751733697019517,0.11751733697019517,0.1190907439449802,13.3192764781,3.10159397268,0.0452737936313,0.11666851018704852,,,,,,,,,,,,,,,,,
cohort_2,14,central_c0.8,0,cartesian_ik,,1.0,0.13359442702494562,0.13359442702494562,0.168892850051634,9.21565145485,0.84898240239,0.00502168613397,0.05492048970634902,8.143e-06,0.018858828,3.383e-06,0.018582024,0,0,0,0.000151457,11,6,0,0,11,0,0,0,0
cohort_2,14,central_c0.8,1,cartesian_ik,,1.0,0.1461979829473421,0.1461979829473421,0.18135961599182338,7.95315535298,0.790700571278,0.00502168613397,0.05492048970634902,2.9744e-05,0.03181414,7.152e-06,0.031192532,0,0,0,0.0003737,19,7,0,0,19,0,0,0,0
cohort_2,14,central_c0.8,2,cartesian_ik,,1.0,0.14521352795418352,0.14521352795418352,0.17970122408587486,7.18353893926,0.645813952495,0.00502168613397,0.05492048970634902,3.6453e-05,0.034194176,8.636e-06,0.033731721,0,0,0,0.000220927,13,6,0,0,13,0,0,0,0
cohort_2,14,central_c0.8,3,cartesian_ik,,1.0,0.25126586097758263,0.25126586097758263,0.28621380601543933,17.2533420187,1.05137037998,0.00428171324949,0.05492048970634902,1.0374e-05,0.035023428,5.303e-06,0.034512076,0,0,0,0.000298564,24,11,0,0,24,0,0,0,0
cohort_2,14,central_c0.8,4,cartesian_ik,,1.0,0.12323949509300292,0.12323949509300292,0.1589481889968738,8.05794749481,0.508227376533,0.00322062711314,0.05492048970634902,2.9396e-05,0.036455998,5.105e-06,0.036042387,0,0,0,0.000229382,10,6,0,0,10,0,0,0,0
cohort_2,14,central_c0.8,0,joint_projected,,1.0,0.12695365294348449,0.12695365294348449,0.16113063599914312,7.49684798823,0.712677070651,0.00388781795626,0.05256599258071175,0.011561017,0.000532277,0.000110816,0,0.011449923,6.819e-05,1.5506e-05,0.000196909,58,12,0,0,0,15,7,28,0
cohort_2,14,central_c0.8,1,joint_projected,,1.0,0.08477319602388889,0.08477319602388889,0.12049337103962898,9.47703258201,0.576699971485,0.00502168613397,0.05492048970634902,0.020098241,0.000134289,3.454e-05,0,0.019947649,9.1683e-05,3.212e-06,4.4024e-05,13,3,0,0,0,17,2,2,0
cohort_2,14,central_c0.8,2,joint_projected,,1.0,0.23084858595393598,0.23084858595393598,0.26581875095143914,19.4667625207,1.78428002592,0.00502168613397,0.05492048970634902,0.026523046,0.000562817,0.00013536,0,0.02637727,8.3942e-05,1.8349e-05,0.00016762,68,10,0,0,0,16,5,37,0
cohort_2,14,central_c0.8,3,joint_projected,,1.0,0.09999467700254172,0.09999467700254172,0.1348461729940027,7.46120176249,0.829435658445,0.00502168613397,0.05492048970634902,0.018537423,0.000485292,0.000121623,0,0.018410529,7.2928e-05,1.5369e-05,0.00012096,62,15,0,0,0,15,10,27,0
cohort_2,14,central_c0.8,4,joint_projected,,1.0,0.09287825401406735,0.09287825401406735,0.12785631697624922,9.25990679336,0.676396825084,0.00502168613397,0.05492048970634902,0.029651169,0.000425398,8.9803e-05,0,0.029536499,6.7969e-05,1.1211e-05,0.000152852,30,6,0,0,0,18,5,13,0
cohort_2,14,central_c0.8,0,ompl_uniform,,1.0,0.34680797695182264,0.34680797695182264,0.348466221941635,21.6897588086,3.00028272766,0.00502168613397,0.05492048970634902,,,,,,,,,,,,,,,,,
cohort_2,14,central_c0.8,1,ompl_uniform,,1.0,0.13557968707755208,0.13557968707755208,0.1368026229320094,11.282894006,2.04207380825,0.00502168613397,0.05492048970634902,,,,,,,,,,,,,,,,,
cohort_2,14,central_c0.8,2,ompl_uniform,,1.0,0.14269909902941436,0.14269909902941436,0.14427540393080562,14.1277078927,1.73631795561,0.00502168613397,0.05492048970634902,,,,,,,,,,,,,,,,,
cohort_2,14,central_c0.8,3,ompl_uniform,,1.0,0.2818131980020553,0.2818131980020553,0.2832456131000072,21.7756729243,2.32093353629,0.00502168613397,0.05492048970634902,,,,,,,,,,,,,,,,,
cohort_2,14,central_c0.8,4,ompl_uniform,,1.0,0.2288378409575671,0.2288378409575671,0.23040797596331686,16.9112237003,1.98999042629,0.00502168613397,0.05492048970634902,,,,,,,,,,,,,,,,,
cohort_2,15,central_c0.8,0,cartesian_ik,,1.0,0.14098289294634014,0.14098289294634014,0.1645215079188347,9.71265887169,0.675106869941,0.0158237207321,0.07048869326055002,2.6668e-05,0.00846275,3.136e-06,0.008298837,0,0,0,7.5555e-05,4,3,0,0,4,0,0,0,0
cohort_2,15,central_c0.8,1,cartesian_ik,,1.0,0.09554433997254819,0.09554433997254819,0.11978430789895356,11.1388792021,0.88990258704,0.0169261907535,0.07048869326055002,4.7231e-05,0.003220328,3.984e-06,0.002897008,0,0,0,0.000150659,2,2,0,0,2,0,0,0,0
cohort_2,15,central_c0.8,2,cartesian_ik,,1.0,0.12029556999914348,0.12029556999914348,0.1451474418863654,8.78765509082,0.782428109671,0.0169261907535,0.07048869326055002,4.7579e-05,0.025400337,6.132e-06,0.02522679,0,0,0,3.9066e-05,6,1,0,0,6,0,0,0,0
cohort_2,15,central_c0.8,3,cartesian_ik,,1.0,0.13294396200217307,0.13294396200217307,0.15691368794068694,7.11766913996,0.698852946384,0.000762178003366,0.06887181811532349,2.7937e-05,0.004879598,2.533e-06,0.004765281,0,0,0,4.8564e-05,1,1,0,0,1,0,0,0,0
cohort_2,15,central_c0.8,4,cartesian_ik,,1.0,0.17265146493446082,0.17265146493446082,0.19680148584302515,10.2481150977,0.857152675017,0.0169261907535,0.07048869326055002,4.9692e-05,0.025213563,6.605e-06,0.024497722,0,0,0,0.000471099,7,4,0,0,7,0,0,0,0
cohort_2,15,central_c0.8,0,joint_projected,,1.0,0.2577557968907058,0.2577557968907058,0.2818864728324115,19.4138149587,1.15707402542,0.00110923101789,0.06969202520774578,0.01857766,0.000115594,2.7219e-05,0,0.018412847,9.4515e-05,2.346e-06,4.747e-05,6,3,0,0,0,16,0,2,0
cohort_2,15,central_c0.8,1,joint_projected,,1.0,0.24233887693844736,0.24233887693844736,0.26730143593158573,16.7196595565,1.18370136898,0.013625157708,0.05342880126736812,0.009445031,0.001208907,0.000321526,0,0.00919189,0.000142382,4.5009e-05,0.000268005,64,10,0,0,0,15,8,41,0
cohort_2,15,central_c0.8,2,joint_projected,,1.0,0.14449198101647198,0.14449198101647198,0.16919424489606172,14.0514812221,0.978635746188,0.0169261907535,0.07048869326055002,0.020855678,0.000200078,5.0074e-05,0,0.020708425,7.595e-05,6.856e-06,4.57e-05,26,6,0,0,0,16,4,15,0
cohort_2,15,central_c0.8,3,joint_projected,,1.0,0.1604674729751423,0.1604674729751423,0.18497351091355085,11.7098494016,0.897005413831,0.000944105607852,0.06996947279788795,0.026780422,0.000241296,4.2702e-05,0,0.026495521,0.000165015,6.269e-06,0.000108985,11,2,0,0,0,16,0,5,0
cohort_2,15,central_c0.8,4,joint_projected,,1.0,0.11467145895585418,0.11467145895585418,0.13931707793381065,5.58725000128,0.540780166015,0.00109502343335,0.06860964282565946,0.026808955,5.2027e-05,7.172e-06,0,0.026642018,7.5013e-05,5.78e-07,3.1018e-05,2,1,0,0,0,17,0,0,0
cohort_2,15,central_c0.8,0,ompl_uniform,,1.0,0.11786559596657753,0.11786559596657753,0.1194945489987731,14.6407917608,2.45223126039,0.0138151615657,0.0535115571211271,,,,,,,,,,,,,,,,,
cohort_2,15,central_c0.8,1,ompl_uniform,,1.0,0.1467276819748804,0.1467276819748804,0.1484973900951445,13.7566927886,3.34706520083,0.0149845332133,0.06452370916239493,,,,,,,,,,,,,,,,,
cohort_2,15,central_c0.8,2,ompl_uniform,,1.0,0.15840630803722888,0.15840630803722888,0.16038196708541363,13.3866277489,3.59991071066,0.016911261682,0.07048869326055002,,,,,,,,,,,,,,,,,
cohort_2,15,central_c0.8,3,ompl_uniform,,1.0,0.15336356102488935,0.15336356102488935,0.15496491291560233,14.3252266645,2.63880218501,0.0169261907535,0.07048869326055002,,,,,,,,,,,,,,,,,
cohort_2,15,central_c0.8,4,ompl_uniform,,1.0,0.24537043296732008,0.24537043296732008,0.24677186307962984,20.737262427,3.25125474134,0.0169261907535,0.07048869326055002,,,,,,,,,,,,,,,,,
cohort_2,16,central_c0.8,0,cartesian_ik,,1.0,0.260131555958651,0.260131555958651,0.28440150804817677,14.2542757151,1.21112880945,0.0149379192313,0.06338441158461547,2.0774e-05,0.001735964,1.628e-06,0.001626609,0,0,0,6.4812e-05,1,1,0,0,1,0,0,0,0
cohort_2,16,central_c0.8,1,cartesian_ik,,1.0,0.1114778519840911,0.1114778519840911,0.13697187299840152,7.91806588478,0.554049125909,0.0106301757755,0.0890279098340075,2.4402e-05,0.016163675,7.826e-06,0.015683037,0,0,0,0.000276257,6,2,0,0,6,0,0,0,0
cohort_2,16,central_c0.8,2,cartesian_ik,,1.0,0.16089533793274313,0.16089533793274313,0.1853290150174871,3.7247111228,0.602534816187,0.0130657866505,0.05752128452635546,4.5586e-05,0.03728579,6.785e-06,0.036776301,0,0,0,0.000313559,16,4,0,0,16,0,0,0,0
cohort_2,16,central_c0.8,3,cartesian_ik,,1.0,0.21554838097654283,0.21554838097654283,0.2398273330181837,13.3256562469,0.905841873141,0.00960883847282,0.0680981628973327,1.3821e-05,0.000362148,1.786e-06,0.000288617,0,0,0,3.6431e-05,1,1,0,0,1,0,0,0,0
cohort_2,16,central_c0.8,4,cartesian_ik,,1.0,0.141814999980852,0.141814999980852,0.1660840860567987,6.78771551545,0.796292729531,0.0336910616964,0.0829005479865831,1.9778e-05,0.012326292,7.662e-06,0.011782323,0,0,0,0.000281653,6,5,0,0,6,0,0,0,0
cohort_2,16,central_c0.8,0,joint_projected,,1.0,0.09237807698082179,0.09237807698082179,0.11714394192676991,5.31490150769,0.805544589472,0.0131362358232,0.07599547740568605,0.023410704,0.00138342,0.000308178,0,0.023067403,0.000211478,5.419e-05,0.000404129,44,9,0,0,0,16,3,24,0
cohort_2,16,central_c0.8,1,joint_projected,,1.0,0.22760289500001818,0.22760289500001818,0.25318158708978444,14.2379093298,1.46053012518,0.0290180817582,0.1351228992419104,0.036585014,0.000215735,4.6847e-05,0,0.036393763,0.000117211,5.481e-06,7.1177e-05,17,4,0,0,0,16,3,8,0
cohort_2,16,central_c0.8,2,joint_projected,,1.0,0.2251269370317459,0.2251269370317459,0.25847351900301874,15.0175275302,0.849227251482,0.0244538729031,0.08390446717151465,0.014611525,0.000213811,4.5788e-05,0,0.014480223,7.3803e-05,5.397e-06,8.2912e-05,13,3,0,0,0,15,1,6,0
cohort_2,16,central_c0.8,3,joint_projected,,1.0,0.16813287907280028,0.16813287907280028,0.19511889398563653,14.1984797343,0.835052545557,0.031978288452,0.08035278909500951,0.029783271,0.000515081,0.000124588,0,0.029650662,8.4637e-05,1.9274e-05,0.000145873,43,8,0,0,0,17,9,20,0
cohort_2,16,central_c0.8,4,joint_projected,,1.0,0.12794188200496137,0.12794188200496137,0.15239857090637088,7.96206289154,0.784622723136,0.00570551000907,0.11395370127938032,0.011336124,0.000116231,2.6799e-05,0,0.011235351,5.8703e-05,3.66e-06,3.1599e-05,10,3,0,0,0,16,0,6,0
cohort_2,16,central_c0.8,0,ompl_uniform,,1.0,0.18179249006789178,0.18179249006789178,0.18409508699551225,11.5634288467,1.371869336,0.041934410285,0.14008010568577794,,,,,,,,,,,,,,,,,
cohort_2,16,central_c0.8,1,ompl_uniform,,1.0,0.21597140200901777,0.21597140200901777,0.2171331689460203,12.8126323589,2.09629278112,0.0418211384149,0.14030171829700677,,,,,,,,,,,,,,,,,
cohort_2,16,central_c0.8,2,ompl_uniform,,1.0,0.17921433690935373,0.17921433690935373,0.18061597098130733,14.2306872244,3.47245377422,0.028399833124,0.06881064506873158,,,,,,,,,,,,,,,,,
cohort_2,16,central_c0.8,3,ompl_uniform,,1.0,0.17505489196628332,0.17505489196628332,0.17642336094286293,12.8257369114,3.71693265782,0.0413200478066,0.12298778979841088,,,,,,,,,,,,,,,,,
cohort_2,16,central_c0.8,4,ompl_uniform,,1.0,0.18012391997035593,0.18012391997035593,0.18133506691083312,10.4446280866,1.78000307978,0.0409910513781,0.13586679251819414,,,,,,,,,,,,,,,,,
cohort_2,17,central_c0.8,0,cartesian_ik,,1.0,0.07029523199889809,0.07029523199889809,0.10132067208178341,6.69893124175,0.644431197627,0.0222258048375,0.06882575936306426,1.2777e-05,0.002137528,2.313e-06,0.001959209,0,0,0,9.8858e-05,3,2,0,0,3,0,0,0,0
cohort_2,17,central_c0.8,1,cartesian_ik,,1.0,0.1517640899401158,0.1517640899401158,0.18303441687021405,7.49413399864,0.792963361213,0.0167453705945,0.06882575936306426,3.7326e-05,0.009947793,4.67e-06,0.009564024,0,0,0,0.000238366,4,3,0,0,4,0,0,0,0
cohort_2,17,central_c0.8,2,cartesian_ik,,1.0,0.3084262720076367,0.3084262720076367,0.3402321779867634,18.0104373318,1.44536739535,0.00727198208921,0.06882575936306426,9.23e-06,0.080124652,9.657e-06,0.079316706,0,0,0,0.000467255,31,12,0,0,31,0,0,0,0
cohort_2,17,central_c0.8,3,cartesian_ik,,1.0,0.22301768697798252,0.22301768697798252,0.2549080359749496,12.4582489686,1.01439737024,0.0231837192222,0.06882575936306426,1.3419e-05,0.028152261,5.437e-06,0.027712837,0,0,0,0.00025523,18,8,0,0,18,0,0,0,0
cohort_2,17,central_c0.8,4,cartesian_ik,,1.0,0.2848370230058208,0.2848370230058208,0.31686558201909065,18.051225966,1.29224374336,0.00661922407053,0.06758557451635969,3.399e-05,0.034585234,7.272e-06,0.034060473,0,0,0,0.000258354,16,10,0,0,16,0,0,0,0
cohort_2,17,central_c0.8,0,joint_projected,,1.0,0.18989829090423882,0.18989829090423882,0.22118013992439955,8.96167976893,1.17725577473,0.00255331753332,0.06882575936306426,0.107237565,0.000257208,5.1992e-05,0,0.107086977,7.7132e-05,6.437e-06,0.000100944,24,6,0,0,0,29,2,8,3
cohort_2,17,central_c0.8,1,joint_projected,,1.0,0.19837408105377108,0.19837408105377108,0.23087989899795502,7.68823454809,0.883919211801,0.00902592820284,0.06882575936306426,0.099830213,7.1539e-05,1.1002e-05,0,0.099661301,9.2521e-05,1.448e-06,3.7457e-05,4,1,0,0,0,29,0,2,1
cohort_2,17,central_c0.8,2,joint_projected,,1.0,0.19021509098820388,0.19021509098820388,0.22224438190460205,7.13628724405,0.787543025609,0.0147805570383,0.06882575936306426,0.103968212,7.1635e-05,1.344e-05,0,0.103793014,9.3734e-05,9.14e-07,3.4803e-05,6,1,0,0,0,30,1,1,2
cohort_2,17,central_c0.8,3,joint_projected,,1.0,0.1686929319985211,0.1686929319985211,0.199867611983791,7.0189315142,0.811159560519,0.0231676436767,0.06882575936306426,0.098845637,0.000198732,4.6966e-05,0,0.098695212,8.5423e-05,4.094e-06,7.3591e-05,25,3,0,0,0,29,9,2,5
cohort_2,17,central_c0.8,4,joint_projected,,1.0,0.24990351893939078,0.24990351893939078,0.28179132496006787,13.1631372337,1.77077031266,0.0137724345222,0.06882575936306426,0.103275702,0.000199562,4.1549e-05,0,0.103024099,0.000182068,5.153e-06,7.561e-05,16,3,0,0,0,30,3,8,0
cohort_2,17,central_c0.8,0,ompl_uniform,,1.0,0.18212244601454586,0.18212244601454586,0.1834870820166543,17.016860102,2.42159698552,0.0209840880338,0.06882575936306426,,,,,,,,,,,,,,,,,
cohort_2,17,central_c0.8,1,ompl_uniform,,1.0,0.3595950580202043,0.3595950580202043,0.361142948968336,21.4665491698,4.61583671396,0.0238102768785,0.06882575936306426,,,,,,,,,,,,,,,,,
cohort_2,17,central_c0.8,2,ompl_uniform,,1.0,0.27066283498425037,0.27066283498425037,0.2722174150403589,20.7553949802,3.39924359552,0.00919560232598,0.06587298783112881,,,,,,,,,,,,,,,,,
cohort_2,17,central_c0.8,3,ompl_uniform,,1.0,0.1939682870870456,0.1939682870870456,0.19606215099338442,13.2384764271,2.20646526181,0.0147371395171,0.06551144495206528,,,,,,,,,,,,,,,,,
cohort_2,17,central_c0.8,4,ompl_uniform,,1.0,0.16286453802604228,0.16286453802604228,0.1641204630723223,12.900176048,2.04609796694,0.0202934550119,0.06695390379588176,,,,,,,,,,,,,,,,,
cohort_2,18,central_c0.8,0,cartesian_ik,,1.0,0.17465831502340734,0.17465831502340734,0.20178502798080444,12.4539350018,1.05435187501,0.00746172549108,0.10664681816875973,2.1909e-05,0.031766712,1.2587e-05,0.030759493,0,0,0,0.000611585,15,8,0,0,15,0,0,0,0
cohort_2,18,central_c0.8,1,cartesian_ik,,1.0,0.20831410610117018,0.20831410610117018,0.23548509005922824,12.306652838,0.821803336022,0.00489819297565,0.10791953914476188,2.2232e-05,0.002677801,2.159e-06,0.002574907,0,0,0,5.4133e-05,1,1,0,0,1,0,0,0,0
cohort_2,18,central_c0.8,2,cartesian_ik,,1.0,0.11285987496376038,0.11285987496376038,0.13983948109671474,10.4059248307,0.777810890167,0.00714903034519,0.09834097652820989,1.0952e-05,0.004317832,2.627e-06,0.004100463,0,0,0,0.000114496,5,4,0,0,5,0,0,0,0
cohort_2,18,central_c0.8,3,cartesian_ik,,1.0,0.1265505360206589,0.1265505360206589,0.15373361308593303,12.2657299665,1.43871810575,0.00714462813846,0.10252155264796065,1.2121e-05,0.032647003,4.198e-06,0.032485434,0,0,0,7.1014e-05,8,2,0,0,8,0,0,0,0
cohort_2,18,central_c0.8,4,cartesian_ik,,1.0,0.14337235409766436,0.14337235409766436,0.17058002203702927,4.2137942733,0.5618337685,0.00678073158877,0.08242865632645562,2.8341e-05,0.016003792,3.806e-06,0.01577901,0,0,0,0.000118972,5,2,0,0,5,0,0,0,0
cohort_2,18,central_c0.8,0,joint_projected,,1.0,0.15314158494584262,0.15314158494584262,0.18044377805199474,13.5749522546,1.59299288993,0.00657269423955,0.08424796721093952,0.014391844,8.2098e-05,8.091e-06,0,0.014229249,9.5605e-05,9.34e-07,5.2561e-05,1,1,0,0,0,15,0,0,0
cohort_2,18,central_c0.8,1,joint_projected,,1.0,0.09537712100427598,0.09537712100427598,0.1225168650271371,3.26873583568,0.630562778185,0.00114497878375,0.05621701624417345,0.025864879,0.000329387,7.3957e-05,0,0.025719545,8.8968e-05,9.728e-06,0.000104283,25,6,0,0,0,16,4,14,0
cohort_2,18,central_c0.8,2,joint_projected,,1.0,0.14927834493573755,0.14927834493573755,0.1765309440670535,7.27688437963,0.80246777803,0.00696722261566,0.0866943931450737,0.021528034,0.000313478,5.0825e-05,0,0.021368936,8.4159e-05,8.135e-06,0.000129328,25,11,0,0,0,16,2,11,0
cohort_2,18,central_c0.8,3,joint_projected,,1.0,0.05147756601218134,0.05147756601218134,0.07961647305637598,4.67547150646,0.721858728613,0.00184917482575,0.07357478202961579,0.018755024,0.001074688,0.000272734,0,0.018678148,4.5907e-05,3.5968e-05,0.000306992,125,19,0,0,0,16,12,63,0
cohort_2,18,central_c0.8,4,joint_projected,,1.0,0.19927790598012507,0.19927790598012507,0.22633109509479254,13.003597579,1.5184338209,0.00637285606076,0.07396040650062738,0.053853612,0.000214311,4.9456e-05,0,0.053616112,0.000128904,6.004e-06,6.8004e-05,9,2,0,0,0,20,2,5,0
cohort_2,18,central_c0.8,0,ompl_uniform,,1.0,0.1870072321034968,0.1870072321034968,0.18808353692293167,9.72473431872,2.02455186066,0.00635379808521,0.10791106282940838,,,,,,,,,,,,,,,,,
cohort_2,18,central_c0.8,1,ompl_uniform,,1.0,0.12178391602355987,0.12178391602355987,0.12284011498559266,11.5983099371,1.50809440034,0.0070535005444,0.10804748048687868,,,,,,,,,,,,,,,,,
cohort_2,18,central_c0.8,2,ompl_uniform,,1.0,0.14548653608653694,0.14548653608653694,0.1470887070754543,12.5223340517,1.98258840092,0.00461657223789,0.1078901092616649,,,,,,,,,,,,,,,,,
cohort_2,18,central_c0.8,3,ompl_uniform,,1.0,0.1595077810343355,0.1595077810343355,0.16073484206572175,12.2658518352,2.29691184603,0.00716555366974,0.08047669978802481,,,,,,,,,,,,,,,,,
cohort_2,18,central_c0.8,4,ompl_uniform,,1.0,0.16629823402035981,0.16629823402035981,0.16729866003151983,13.7901496376,1.71782883073,0.00671620674546,0.10838446725803838,,,,,,,,,,,,,,,,,
cohort_2,19,central_c0.8,0,cartesian_ik,,1.0,0.12651285505853593,0.12651285505853593,0.1498342949198559,9.31949880835,0.597900072172,0.0153237342652,0.08485806167170273,4.8574e-05,0.014931617,2.298e-06,0.014851927,0,0,0,3.1136e-05,4,1,0,0,4,0,0,0,0
cohort_2,19,central_c0.8,1,cartesian_ik,,1.0,0.10528970102313906,0.10528970102313906,0.12870141002349555,12.2335794216,1.00744855104,0.0174836229593,0.06661658196537615,2.1382e-05,0.001982075,2.21e-06,0.001728905,0,0,0,0.000173641,3,2,0,0,3,0,0,0,0
cohort_2,19,central_c0.8,2,cartesian_ik,,1.0,0.10391487693414092,0.10391487693414092,0.1272854480193928,11.3917821026,0.883260344549,0.0014007589634,0.06853624445444617,6.403e-06,0.029770627,2.25e-06,0.02964261,0,0,0,5.5131e-05,7,2,0,0,7,0,0,0,0
cohort_2,19,central_c0.8,3,cartesian_ik,,1.0,0.15675634203944355,0.15675634203944355,0.18064723699353635,12.7692791931,1.12232063403,0.017071756014,0.07545001376812754,5.5411e-05,0.011988831,5.226e-06,0.011861583,0,0,0,2.1869e-05,4,2,0,0,4,0,0,0,0
cohort_2,19,central_c0.8,4,cartesian_ik,,1.0,0.14772238198202103,0.14772238198202103,0.1713062860071659,11.9007547071,0.840241801619,0.000620806905448,0.06633417806491135,5.1809e-05,0.011706284,5.292e-06,0.011462825,0,0,0,0.0001107,4,3,0,0,4,0,0,0,0
cohort_2,19,central_c0.8,0,joint_projected,,1.0,0.2689557500416413,0.2689557500416413,0.29256204690318555,13.4191811798,0.913459876443,0.0172938591959,0.08069586114838798,0.104315793,9.7756e-05,1.4613e-05,0,0.104134186,9.0768e-05,1.65e-06,3.8208e-05,8,2,0,0,0,29,2,1,2
cohort_2,19,central_c0.8,1,joint_projected,,1.0,0.26825036492664367,0.26825036492664367,0.29186700202990323,12.6692553297,0.911416981228,0.0082688525083,0.06704653187039673,0.125830276,4.5565e-05,4.816e-06,0,0.125589106,0.000121989,6.55e-07,2.8228e-05,1,1,0,0,0,31,0,0,0
cohort_2,19,central_c0.8,2,joint_projected,,1.0,0.23737932892981917,0.23737932892981917,0.26112254802137613,14.9595464662,1.39117972839,0.0148136050833,0.08483484108938599,0.09447181,0.000140259,3.2684e-05,0,0.094373486,5.4714e-05,3.755e-06,4.8309e-05,21,2,0,0,0,28,3,6,5
cohort_2,19,central_c0.8,3,joint_projected,,1.0,0.20277345704380423,0.20277345704380423,0.226592505001463,13.182783393,0.981842849078,0.0172429989219,0.08016127410235505,0.104758589,0.000162284,2.991e-05,0,0.104667592,4.8602e-05,4.628e-06,6.5719e-05,13,4,0,0,0,30,1,6,0
cohort_2,19,central_c0.8,4,joint_projected,,1.0,0.2450460980180651,0.2450460980180651,0.26874605601187795,13.6742352935,1.00746942365,0.0166823136078,0.07820010836520282,0.108356651,3.9557e-05,9.396e-06,0,0.108189142,6.0626e-05,1.19e-06,1.2603e-05,3,1,0,0,0,32,0,2,0
cohort_2,19,central_c0.8,0,ompl_uniform,,1.0,0.09410927910357714,0.09410927910357714,0.09591417293995619,14.675595041,1.94508969435,0.0175472609748,0.06921878469327489,,,,,,,,,,,,,,,,,
cohort_2,19,central_c0.8,1,ompl_uniform,,1.0,0.16102568700443953,0.16102568700443953,0.16287365998141468,13.1676674494,2.7348686775,0.0176826392834,0.07428110676168934,,,,,,,,,,,,,,,,,
cohort_2,19,central_c0.8,2,ompl_uniform,,1.0,0.10668128507677466,0.10668128507677466,0.10795424901880324,13.3658388009,2.27448620251,0.00759542826452,0.0827755075447964,,,,,,,,,,,,,,,,,
cohort_2,19,central_c0.8,3,ompl_uniform,,1.0,0.09381556801963598,0.09381556801963598,0.09519229596480727,11.8839883023,1.46625715268,0.0166512546024,0.08482194856600947,,,,,,,,,,,,,,,,,
cohort_2,19,central_c0.8,4,ompl_uniform,,1.0,0.12381837703287601,0.12381837703287601,0.1253528039669618,12.8346031747,2.86800055126,0.0119761589234,0.08429735583733658,,,,,,,,,,,,,,,,,
cohort_2,20,offset_c0.2,0,cartesian_ik,,1.0,0.08074332401156425,0.08074332401156425,0.10781949805095792,7.57270888595,0.684929088158,0.00431116421028,0.06704777791869623,2.5385e-05,0.033324632,4.385e-06,0.033079576,0,0,0,0.000111384,10,2,0,0,10,0,0,0,0
cohort_2,20,offset_c0.2,1,cartesian_ik,,1.0,0.04119953804183751,0.04119953804183751,0.06833604699932039,7.9078303933,0.712304619426,0.00420250096032,0.06704777791869623,1.1109e-05,0.00120435,6.56e-07,0.001168966,0,0,0,1.6987e-05,1,1,0,0,1,0,0,0,0
cohort_2,20,offset_c0.2,2,cartesian_ik,,1.0,0.1966123590245843,0.1966123590245843,0.22349160397425294,18.3356103195,1.42476928533,9.9620106435e-05,0.06704777791869623,5.1643e-05,0.024067061,5.846e-06,0.023740511,0,0,0,0.000171856,12,6,0,0,12,0,0,0,0
cohort_2,20,offset_c0.2,3,cartesian_ik,,1.0,0.0492184649920091,0.0492184649920091,0.07600239396560937,7.57305452063,0.549950575176,0.00442517947371,0.06704777791869623,1.0667e-05,0.020874198,3.025e-06,0.020691288,0,0,0,0.000101859,9,4,0,0,9,0,0,0,0
cohort_2,20,offset_c0.2,4,cartesian_ik,,1.0,0.10780257196165621,0.10780257196165621,0.1350916869705543,13.7325956959,1.31760133155,0.00452351113926,0.06704777791869623,1.0121e-05,0.01724079,3.561e-06,0.016719808,0,0,0,0.000249261,16,13,0,0,16,0,0,0,0
cohort_2,20,offset_c0.2,0,joint_projected,,1.0,0.13412680593319237,0.13412680593319237,0.16090220597106963,8.44346246422,0.959392609567,0.0037041171416,0.06704777791869623,0.01583773,0.000143733,1.8752e-05,0,0.015508183,0.000200538,2.2e-06,7.6965e-05,1,1,0,0,0,15,0,0,0
cohort_2,20,offset_c0.2,1,joint_projected,,1.0,0.10766026400960982,0.10766026400960982,0.13501129997894168,10.2111748856,0.647389497362,0.00232090807926,0.06704777791869623,0.015464722,0.000288294,7.645e-05,0,0.015281174,9.6998e-05,1.0449e-05,7.3473e-05,40,4,0,0,0,15,9,24,0
cohort_2,20,offset_c0.2,2,joint_projected,,1.0,0.1535825589671731,0.1535825589671731,0.18083137704525143,8.95231781023,0.464971966732,0.00215879911793,0.06704777791869623,0.018769154,0.000385853,9.0579e-05,0,0.018613758,7.2824e-05,1.4311e-05,0.000114282,49,8,0,0,0,18,3,31,0
cohort_2,20,offset_c0.2,3,joint_projected,,1.0,0.12500819703564048,0.12500819703564048,0.15185136103536934,7.68390643558,0.605579843141,0.00409094908279,0.06704777791869623,0.024847272,0.000218564,4.7828e-05,0,0.024585781,0.000143745,6.825e-06,7.1091e-05,14,4,0,0,0,17,0,9,0
cohort_2,20,offset_c0.2,4,joint_projected,,1.0,0.06419976602774113,0.06419976602774113,0.09148183395154774,8.49024001596,0.968349178833,0.00306503462182,0.06704777791869623,0.007125582,0.000138234,4.272e-05,0,0.007029411,5.8266e-05,4.979e-06,2.6173e-05,13,2,0,0,0,15,3,6,0
cohort_2,20,offset_c0.2,0,ompl_uniform,,1.0,0.1761848470196128,0.1761848470196128,0.17773857596330345,16.2954401778,1.43852345376,0.00437745943386,0.06704777791869623,,,,,,,,,,,,,,,,,
cohort_2,20,offset_c0.2,1,ompl_uniform,,1.0,0.11755048506893218,0.11755048506893218,0.11943655193317682,14.0978259556,2.97367500838,0.0046393212086,0.06704777791869623,,,,,,,,,,,,,,,,,
cohort_2,20,offset_c0.2,2,ompl_uniform,,1.0,0.07859819696750492,0.07859819696750492,0.08055083896033466,10.3323999024,1.49459885755,0.00426627593395,0.06704777791869623,,,,,,,,,,,,,,,,,
cohort_2,20,offset_c0.2,3,ompl_uniform,,1.0,0.0990620959782973,0.0990620959782973,0.10082583990879357,12.9776290525,1.39913606685,0.00377793887735,0.06704777791869623,,,,,,,,,,,,,,,,,
cohort_2,20,offset_c0.2,4,ompl_uniform,,1.0,0.10676321003120393,0.10676321003120393,0.10864384705200791,12.5194158839,2.87678244308,0.00363337336386,0.06322250444138415,,,,,,,,,,,,,,,,,
cohort_2,21,offset_c0.2,0,cartesian_ik,,1.0,0.20572817395441234,0.20572817395441234,0.23238456097897142,13.4417329726,0.897623814826,0.00308850026983,0.07895039314066114,5.471e-05,0.008794307,5.861e-06,0.008247509,0,0,0,0.000322868,8,7,0,0,8,0,0,0,0
cohort_2,21,offset_c0.2,1,cartesian_ik,,1.0,0.06518527795560658,0.06518527795560658,0.09140001295600086,11.1226660795,1.05459113239,0.03501504711,0.12486240757837967,1.3285e-05,0.000376662,7.02e-07,0.000337395,0,0,0,2.0752e-05,1,1,0,0,1,0,0,0,0
cohort_2,21,offset_c0.2,2,cartesian_ik,,1.0,0.12455685797613114,0.12455685797613114,0.15083916089497507,12.5206035243,1.12486436194,0.0631547153957,0.13722285992265718,3.6379e-05,0.019806464,2.967e-06,0.019636732,0,0,0,8.2956e-05,4,2,0,0,4,0,0,0,0
cohort_2,21,offset_c0.2,3,cartesian_ik,,1.0,0.10650214203633368,0.10650214203633368,0.13277910999022424,14.0789533879,1.34068986634,0.0311409337121,0.13722285992265718,1.412e-05,0.008320147,1.869e-06,0.008257688,0,0,0,3.1075e-05,2,1,0,0,2,0,0,0,0
cohort_2,21,offset_c0.2,4,cartesian_ik,,1.0,0.11258622002787888,0.11258622002787888,0.1390553219243884,12.3375828777,0.934914791868,0.0688965358793,0.13722285992265718,3.5684e-05,0.012139898,2.991e-06,0.011896774,0,0,0,0.000141536,4,1,0,0,4,0,0,0,0
cohort_2,21,offset_c0.2,0,joint_projected,,1.0,0.17538729298394173,0.17538729298394173,0.2007506329100579,10.3810069564,1.0407868549,0.0688965358793,0.13722285992265718,0.03394123,0.000129988,3.7859e-05,0,0.033713803,0.000107642,4.982e-06,2.2685e-05,19,2,0,0,0,18,2,11,0
cohort_2,21,offset_c0.2,1,joint_projected,,1.0,0.05543142301030457,0.05543142301030457,0.08158214692957699,9.53718633889,0.748433565598,0.0637138168416,0.1269163000215219,0.015864868,5.1608e-05,1.039e-05,0,0.015769353,5.9214e-05,1.473e-06,2.0347e-05,2,1,0,0,0,16,0,1,0
cohort_2,21,offset_c0.2,2,joint_projected,,1.0,0.0671431350056082,0.0671431350056082,0.09356487984769046,3.72610647579,0.585844168761,0.000939697142603,0.11898412370478494,0.024150285,4.8428e-05,5.01e-06,0,0.023979669,8.4243e-05,5.07e-07,1.943e-05,1,1,0,0,0,17,0,0,0
cohort_2,21,offset_c0.2,3,joint_projected,,1.0,0.12635332497302443,0.12635332497302443,0.15250332991126925,3.4644926681,0.536252775201,0.000831146946021,0.11078391039586989,0.024563169,0.000179513,5.3893e-05,0,0.024335173,0.000127864,6.358e-06,3.9462e-05,14,1,0,0,0,17,3,8,0
cohort_2,21,offset_c0.2,4,joint_projected,,1.0,0.19326825300231576,0.19326825300231576,0.22933006787206978,15.6107924884,1.25688686372,0.0205006569617,0.0998609783607942,0.013535129,0.000212985,4.033e-05,0,0.013425664,5.7378e-05,6.003e-06,7.9002e-05,15,4,0,0,0,16,2,8,0
cohort_2,21,offset_c0.2,0,ompl_uniform,,1.0,0.12939700204879045,0.12939700204879045,0.1309929289855063,10.8452116058,0.612323675654,0.0438278107588,0.13591092578288663,,,,,,,,,,,,,,,,,
cohort_2,21,offset_c0.2,1,ompl_uniform,,1.0,0.09243144106585532,0.09243144106585532,0.0940913159865886,9.93666318778,2.9964422204,0.0197646412124,0.08079963545489165,,,,,,,,,,,,,,,,,
cohort_2,21,offset_c0.2,2,ompl_uniform,,1.0,0.0938740000128746,0.0938740000128746,0.0955506709869951,11.8507107218,1.37692563992,0.0065471438073,0.11573249281471444,,,,,,,,,,,,,,,,,
cohort_2,21,offset_c0.2,3,ompl_uniform,,1.0,0.10112151794601232,0.10112151794601232,0.10262685595080256,12.8224637329,1.08874684264,0.0688965358793,0.13722285992265718,,,,,,,,,,,,,,,,,
cohort_2,21,offset_c0.2,4,ompl_uniform,,1.0,0.15271513897459954,0.15271513897459954,0.15447316598147154,14.2688835731,3.35864127759,0.0264246041981,0.09453683393381945,,,,,,,,,,,,,,,,,
cohort_2,22,offset_c0.2,0,cartesian_ik,,1.0,0.142844513989985,0.142844513989985,0.1654446559259668,13.2065358015,1.34792107849,0.00990197473143,0.07618128949782492,4.4604e-05,0.002457207,2.078e-06,0.002295258,0,0,0,0.000104873,1,1,0,0,1,0,0,0,0
cohort_2,22,offset_c0.2,1,cartesian_ik,,1.0,0.05482407903764397,0.05482407903764397,0.07803873403463513,5.85937850761,0.465421719864,0.00400192397423,0.09310129380195578,1.0907e-05,0.026060687,4.341e-06,0.025783955,0,0,0,0.000139989,12,4,0,0,12,0,0,0,0
cohort_2,22,offset_c0.2,2,cartesian_ik,,1.0,0.12604018999263644,0.12604018999263644,0.14917337195947766,10.8359865132,0.809931167434,0.0242270529682,0.07401265331010294,3.3085e-05,0.018959063,3.488e-06,0.018835985,0,0,0,3.7586e-05,5,1,0,0,5,0,0,0,0
cohort_2,22,offset_c0.2,3,cartesian_ik,,1.0,0.05882750393357128,0.05882750393357128,0.0822254370432347,7.71627879915,0.59231046929,0.00189280773782,0.06493014502052531,1.0448e-05,0.011943365,2.82e-06,0.011825837,0,0,0,5.2737e-05,5,3,0,0,5,0,0,0,0
cohort_2,22,offset_c0.2,4,cartesian_ik,,1.0,0.11821264901664108,0.11821264901664108,0.1415748338913545,12.1765850572,1.01408890568,0.000611216392718,0.07447857203166351,5.1041e-05,0.016591618,6.411e-06,0.016027432,0,0,0,0.000343758,6,3,0,0,6,0,0,0,0
cohort_2,22,offset_c0.2,0,joint_projected,,1.0,0.12393373192753643,0.12393373192753643,0.14753927197307348,13.3942201187,0.814324761783,0.029854723165,0.07770418078292726,0.014425868,0.000381269,8.6483e-05,0,0.01432731,6.4033e-05,1.1941e-05,0.000121732,47,10,0,0,0,16,8,22,0
cohort_2,22,offset_c0.2,1,joint_projected,,1.0,0.1989148249849677,0.1989148249849677,0.2220481588738039,13.6178962999,1.02389362889,0.0248762222395,0.0816043281224501,0.02305712,9.1281e-05,2.4867e-05,0,0.022875431,8.3635e-05,2.232e-06,2.4014e-05,10,2,0,0,0,16,2,4,0
cohort_2,22,offset_c0.2,2,joint_projected,,1.0,0.1286601279862225,0.1286601279862225,0.15239297796506435,13.2284861835,0.844334359057,0.00467765687637,0.09307798032363657,0.027004422,0.000121419,2.4051e-05,0,0.026759622,0.000147667,3.146e-06,3.8843e-05,11,4,0,0,0,18,2,5,0
cohort_2,22,offset_c0.2,3,joint_projected,,1.0,0.12649898696690798,0.12649898696690798,0.14972609002143145,3.58775104208,0.521002731342,0.000202306628544,0.05958964509253262,0.012132566,0.000432174,9.6798e-05,0,0.011962796,8.2912e-05,1.4921e-05,0.000116596,45,11,0,0,0,15,5,25,0
cohort_2,22,offset_c0.2,4,joint_projected,,1.0,0.07729967497289181,0.07729967497289181,0.10047710896469653,8.70403977022,0.624197435527,0.0247428453812,0.07288351172346999,0.019275665,3.8114e-05,6.422e-06,0,0.019083362,0.000109199,5.57e-07,1.8105e-05,2,1,0,0,0,16,1,0,0
cohort_2,22,offset_c0.2,0,ompl_uniform,,1.0,0.1945036050165072,0.1945036050165072,0.19603306602220982,12.7172331735,1.12655319669,0.0297539022123,0.09307808016373734,,,,,,,,,,,,,,,,,
cohort_2,22,offset_c0.2,1,ompl_uniform,,1.0,0.12049937807023525,0.12049937807023525,0.12191348301712424,12.3326181236,3.31470336713,0.0229192631902,0.09327766986770405,,,,,,,,,,,,,,,,,
cohort_2,22,offset_c0.2,2,ompl_uniform,,1.0,0.14154565893113613,0.14154565893113613,0.1428289939649403,13.7338470016,3.57183259604,0.0301597774829,0.09012223822251228,,,,,,,,,,,,,,,,,
cohort_2,22,offset_c0.2,3,ompl_uniform,,1.0,0.09441447001881897,0.09441447001881897,0.09637286607176065,13.0457335898,3.26765489607,0.0241937901931,0.09246431414476011,,,,,,,,,,,,,,,,,
cohort_2,22,offset_c0.2,4,ompl_uniform,,1.0,0.19783053896389902,0.19783053896389902,0.19913868606090546,13.8871969986,2.6375721584,0.0299942932031,0.09186753824626473,,,,,,,,,,,,,,,,,
cohort_2,23,offset_c0.2,0,cartesian_ik,,1.0,0.27633573301136494,0.27633573301136494,0.29865115496795624,18.3675107471,1.24037706692,0.00574579795187,0.05840028026776798,7.8053e-05,0.021342492,6.969e-06,0.020880153,0,0,0,0.000246824,8,4,0,0,8,0,0,0,0
cohort_2,23,offset_c0.2,1,cartesian_ik,,1.0,0.15472176298499107,0.15472176298499107,0.17762655299156904,13.930298813,1.3466419376,0.0190228654573,0.05840028026776798,5.1356e-05,0.004542186,3.178e-06,0.004463925,0,0,0,2.6357e-05,1,1,0,0,1,0,0,0,0
cohort_2,23,offset_c0.2,2,cartesian_ik,,1.0,0.23777300608344376,0.23777300608344376,0.26032893790397793,17.5195740076,0.829019714738,0.0190228654573,0.05840028026776798,1.0772e-05,0.017082881,4.932e-06,0.016492668,0,0,0,0.000416522,16,8,0,0,16,0,0,0,0
cohort_2,23,offset_c0.2,3,cartesian_ik,,1.0,0.11551134195178747,0.11551134195178747,0.13828184187877923,3.73416292519,0.469514251559,0.00912304838034,0.05840028026776798,7.7992e-05,0.027759648,8.438e-06,0.027128066,0,0,0,0.000357295,27,14,0,0,27,0,0,0,0
cohort_2,23,offset_c0.2,4,cartesian_ik,,1.0,0.14910244604106992,0.14910244604106992,0.17196578392758965,10.2802810066,0.584974306558,0.0071652170513,0.05840028026776798,5.2814e-05,0.005029514,5.013e-06,0.004815071,0,0,0,0.000107029,3,2,0,0,3,0,0,0,0
cohort_2,23,offset_c0.2,0,joint_projected,,1.0,0.3063146190252155,0.3063146190252155,0.32898372097406536,18.7518506411,0.973521994523,0.00132088131182,0.05840028026776798,0.03233626,0.00119128,0.00032265,0,0.032117594,0.00011253,3.6218e-05,0.00035311,181,14,0,0,0,19,35,65,0
cohort_2,23,offset_c0.2,1,joint_projected,,1.0,0.15943605301436037,0.15943605301436037,0.18213927396573126,10.3758636023,0.621480052607,0.0190228654573,0.05840028026776798,0.015183116,0.001066707,0.000249583,0,0.014989544,8.2617e-05,4.0471e-05,0.00034955,123,13,0,0,0,15,14,60,0
cohort_2,23,offset_c0.2,2,joint_projected,,1.0,0.10956635407637805,0.10956635407637805,0.13203589292243123,4.70311861737,0.477869609851,0.0124278289517,0.05840028026776798,0.029295034,0.000130882,3.0275e-05,0,0.029057767,0.000132876,3.714e-06,4.1324e-05,15,3,0,0,0,16,3,7,0
cohort_2,23,offset_c0.2,3,joint_projected,,1.0,0.16020254406612366,0.16020254406612366,0.18289683293551207,9.05847460038,0.501659358743,0.000259482430049,0.05840028026776798,0.025762375,0.000521549,0.000110139,0,0.025536639,0.00011937,1.6269e-05,0.000192584,56,8,0,0,0,18,6,33,0
cohort_2,23,offset_c0.2,4,joint_projected,,1.0,0.2242095449473709,0.2242095449473709,0.24725748493801802,14.6320310552,1.00242453501,0.0190228654573,0.05840028026776798,0.033500768,0.000358869,5.581e-05,0,0.033309987,7.8973e-05,8.341e-06,0.000167186,26,5,0,0,0,17,1,14,0
cohort_2,23,offset_c0.2,0,ompl_uniform,,1.0,0.1854683579877019,0.1854683579877019,0.18703696399461478,13.9052810911,2.52092966763,0.0190228654573,0.05840028026776798,,,,,,,,,,,,,,,,,
cohort_2,23,offset_c0.2,1,ompl_uniform,,1.0,0.25418209400959313,0.25418209400959313,0.2560662110336125,21.9089889943,4.11030731394,0.00363658884275,0.05223689818470247,,,,,,,,,,,,,,,,,
cohort_2,23,offset_c0.2,2,ompl_uniform,,1.0,0.15241375204641372,0.15241375204641372,0.1542228190228343,11.2898014935,1.36445332156,0.0186830059149,0.05840028026776798,,,,,,,,,,,,,,,,,
cohort_2,23,offset_c0.2,3,ompl_uniform,,1.0,0.19975691195577383,0.19975691195577383,0.2016024850308895,17.5128663192,2.50473936554,0.0190228654573,0.058032299417659826,,,,,,,,,,,,,,,,,
cohort_2,23,offset_c0.2,4,ompl_uniform,,1.0,0.18776813300792128,0.18776813300792128,0.18963099201209843,17.4736636956,3.34200041967,0.0190228654573,0.05840028026776798,,,,,,,,,,,,,,,,,
cohort_2,24,offset_c0.2,0,cartesian_ik,,1.0,0.09797553194221109,0.09797553194221109,0.12036225211340934,13.7452044056,1.05121168001,0.0547861252886,0.16095180216069835,7.379e-06,0.000520263,8.6e-07,0.000472866,0,0,0,2.9345e-05,1,1,0,0,1,0,0,0,0
cohort_2,24,offset_c0.2,1,cartesian_ik,,1.0,0.14541888795793056,0.14541888795793056,0.16760552302002907,14.6120039092,1.11745552852,0.0300649576623,0.16088279956280838,8.206e-06,0.000631491,1.56e-06,0.000464527,0,0,0,0.000115209,1,1,0,0,1,0,0,0,0
cohort_2,24,offset_c0.2,2,cartesian_ik,,1.0,0.17897010105662048,0.17897010105662048,0.20128650998231024,12.9736274762,0.973579097535,0.00818544364671,0.0929405924349827,2.3504e-05,0.009373677,3.808e-06,0.009133136,0,0,0,0.000128895,3,2,0,0,3,0,0,0,0
cohort_2,24,offset_c0.2,3,cartesian_ik,,1.0,0.1359656760469079,0.1359656760469079,0.15831122698727995,11.7174074952,1.22808084712,0.054582585398,0.16095180216069835,1.8935e-05,0.001376497,1.8315e-05,0.001272582,0,0,0,3.6413e-05,2,2,0,0,2,0,0,0,0
cohort_2,24,offset_c0.2,4,cartesian_ik,,1.0,0.34283258800860494,0.34283258800860494,0.3652387100737542,18.9649727657,1.09950621233,0.0348923658147,0.12806931711663222,4.2191e-05,0.023694539,1.0897e-05,0.022962726,0,0,0,0.000432932,6,3,0,0,6,0,0,0,0
cohort_2,24,offset_c0.2,0,joint_projected,,1.0,0.1151813609758392,0.1151813609758392,0.1375771719031036,3.83070936669,0.674208838585,0.00854339990095,0.06319139036456806,0.014057174,0.000378776,0.000108204,0,0.013939316,6.7916e-05,1.2995e-05,8.0589e-05,48,6,0,0,0,17,2,28,0
cohort_2,24,offset_c0.2,1,joint_projected,,1.0,0.14496320392936468,0.14496320392936468,0.16746690403670073,8.65522053209,0.54489404966,0.00176410751876,0.09255045780696028,0.041120593,5.3625e-05,5.751e-06,0,0.040953237,8.5352e-05,4.59e-07,3.4895e-05,1,1,0,0,0,17,0,0,0
cohort_2,24,offset_c0.2,2,joint_projected,,1.0,0.2149348419625312,0.2149348419625312,0.23742224799934775,13.9128490046,1.37272312299,0.0502145378042,0.15306273694257008,0.031588691,0.000232017,5.3456e-05,0,0.031326233,0.000139431,7.548e-06,6.576e-05,22,5,0,0,0,18,1,13,0
cohort_2,24,offset_c0.2,3,joint_projected,,1.0,0.1752744240220636,0.1752744240220636,0.19765862601343542,8.7928433908,0.553942252466,0.00716897339297,0.08618278501630228,0.024201402,0.000171583,3.5317e-05,0,0.023780987,0.000268436,4.495e-06,6.302e-05,8,2,0,0,0,15,1,4,0
cohort_2,24,offset_c0.2,4,joint_projected,,1.0,0.0891371900215745,0.0891371900215745,0.11345667694695294,12.5665644058,1.07588789703,0.0241602645064,0.11052685974376253,0.013722396,0.000130041,1.2275e-05,0,0.013569743,9.1301e-05,1.528e-06,7.9414e-05,2,2,0,0,0,16,0,0,0
cohort_2,24,offset_c0.2,0,ompl_uniform,,1.0,0.1564683549804613,0.1564683549804613,0.15776212699711323,13.7931221143,2.46719013412,0.0256342124267,0.1262295499339572,,,,,,,,,,,,,,,,,
cohort_2,24,offset_c0.2,1,ompl_uniform,,1.0,0.2201833389699459,0.2201833389699459,0.2214730370324105,12.8243015948,1.25667214018,0.0126073655428,0.12145310694440385,,,,,,,,,,,,,,,,,
cohort_2,24,offset_c0.2,2,ompl_uniform,,1.0,0.17847655701916665,0.17847655701916665,0.1798916719853878,13.8018215076,3.52693575615,0.0556694665065,0.16095180216069835,,,,,,,,,,,,,,,,,
cohort_2,24,offset_c0.2,3,ompl_uniform,,1.0,0.1771684680134058,0.1771684680134058,0.178624521009624,14.0472387294,2.18230768156,0.0552730616006,0.16095180216069835,,,,,,,,,,,,,,,,,
cohort_2,24,offset_c0.2,4,ompl_uniform,,1.0,0.14940212399233133,0.14940212399233133,0.15163433295674622,11.1062736104,2.62804356913,0.0465485819746,0.1312950472756306,,,,,,,,,,,,,,,,,
cohort_2,25,offset_c0.2,0,cartesian_ik,,1.0,0.08273931301664561,0.08273931301664561,0.11077709391247481,14.0972040563,1.2505999302,0.0236529960763,0.11528678583419921,1.1509e-05,0.000575575,6.08e-07,0.000542823,0,0,0,1.676e-05,1,1,0,0,1,0,0,0,0
cohort_2,25,offset_c0.2,1,cartesian_ik,,1.0,0.20089703297708184,0.20089703297708184,0.22873819689266384,13.1619140119,1.13259104313,0.0223906951954,0.11546692368424177,4.773e-05,0.036205697,7.162e-06,0.035746286,0,0,0,0.000227811,16,9,0,0,16,0,0,0,0
cohort_2,25,offset_c0.2,2,cartesian_ik,,1.0,0.09464055194985121,0.09464055194985121,0.12296743085607886,10.3974629849,0.957952001034,0.0207028438065,0.10888128751526152,3.3105e-05,0.010603398,2.759e-06,0.010384498,0,0,0,9.6068e-05,5,3,0,0,5,0,0,0,0
cohort_2,25,offset_c0.2,3,cartesian_ik,,1.0,0.11080638505518436,0.11080638505518436,0.13882863195613027,3.66659503785,0.483331372141,0.00402888322958,0.091931484168942,5.5005e-05,0.003579392,3.63e-06,0.003384559,0,0,0,9.8037e-05,2,2,0,0,2,0,0,0,0
cohort_2,25,offset_c0.2,4,cartesian_ik,,1.0,0.09967847797088325,0.09967847797088325,0.12755218101665378,3.97871161034,0.465923551265,0.0188940301708,0.09371302676913555,3.9537e-05,0.025743457,3.662e-06,0.025470622,0,0,0,0.000123031,9,6,0,0,9,0,0,0,0
cohort_2,25,offset_c0.2,0,joint_projected,,1.0,0.16576386103406549,0.16576386103406549,0.1930865088943392,12.0115066886,1.15461890522,0.0225040400437,0.08055989088090725,0.015539501,3.5174e-05,4.689e-06,0,0.015355875,9.1043e-05,4.51e-07,1.9329e-05,1,1,0,0,0,16,0,0,0
cohort_2,25,offset_c0.2,1,joint_projected,,1.0,0.11016530799679458,0.11016530799679458,0.13770945696160197,3.75595531476,0.409411338764,0.000790344032642,0.08783971459182423,0.019580009,0.0006013,0.000127377,0,0.0194044,8.3484e-05,1.8117e-05,0.000213267,57,11,0,0,0,16,5,25,0
cohort_2,25,offset_c0.2,2,joint_projected,,1.0,0.11877387796994299,0.11877387796994299,0.14683617802802473,9.98884681155,0.53833597896,0.00211288479944,0.08810914401442488,0.015005267,0.000529052,0.000132974,0,0.014811346,0.00010095,1.4315e-05,0.000187551,65,8,0,0,0,16,12,27,0
cohort_2,25,offset_c0.2,3,joint_projected,,1.0,0.12562531605362892,0.12562531605362892,0.15346855798270553,13.1592620395,1.0084207742,0.00136033737596,0.07912248367106503,0.018980914,0.000184152,4.0517e-05,0,0.018833008,8.8113e-05,5.426e-06,4.3712e-05,19,3,0,0,0,17,2,11,0
cohort_2,25,offset_c0.2,4,joint_projected,,1.0,0.14257367001846433,0.14257367001846433,0.1704370540101081,8.63078047494,0.554441118339,0.0236190462235,0.11501415051643601,0.019221589,0.00039489,8.7288e-05,0,0.01900598,0.000117122,1.1018e-05,0.000153828,19,1,0,0,0,15,2,10,0
cohort_2,25,offset_c0.2,0,ompl_uniform,,1.0,0.13442595198284835,0.13442595198284835,0.13607688609045,12.2364721917,2.18813569385,0.0225786853616,0.11555709959065114,,,,,,,,,,,,,,,,,
cohort_2,25,offset_c0.2,1,ompl_uniform,,1.0,0.1592691979603842,0.1592691979603842,0.16106206201948225,9.44637217374,1.69258465587,0.022428991712,0.11569289859409584,,,,,,,,,,,,,,,,,
cohort_2,25,offset_c0.2,2,ompl_uniform,,1.0,0.11474011105019599,0.11474011105019599,0.11677373596467078,13.5527941396,1.62984674933,0.0160847592498,0.06200554341314931,,,,,,,,,,,,,,,,,
cohort_2,25,offset_c0.2,3,ompl_uniform,,1.0,0.14371007506269962,0.14371007506269962,0.1455552140250802,13.6604783408,1.51998482924,0.00911518713641,0.07779691163680802,,,,,,,,,,,,,,,,,
cohort_2,25,offset_c0.2,4,ompl_uniform,,1.0,0.16181591094937176,0.16181591094937176,0.16342270595487207,11.454761853,1.56686840821,0.0141570293962,0.10313378127118208,,,,,,,,,,,,,,,,,
cohort_2,26,offset_c0.2,0,cartesian_ik,,1.0,0.2736451729433611,0.2736451729433611,0.2984561490593478,15.8257919681,0.995504183848,0.00522993414527,0.08966548747776504,5.1713e-05,0.033611026,3.3129e-05,0.0327873,0,0,0,0.000504739,22,15,0,0,22,0,0,0,0
cohort_2,26,offset_c0.2,1,cartesian_ik,,1.0,0.16756103397347033,0.16756103397347033,0.19243710907176137,11.7731131784,0.962715215909,0.0259609506439,0.09953587883389182,3.3811e-05,0.026831088,4.281e-06,0.02650135,0,0,0,0.000147225,10,5,0,0,10,0,0,0,0
cohort_2,26,offset_c0.2,2,cartesian_ik,,1.0,0.11467519903089851,0.11467519903089851,0.13960409013088793,13.0160291363,0.889701995251,0.00914451183702,0.09953587883389182,2.976e-05,0.00642782,3.683e-06,0.006187537,0,0,0,0.000115722,6,6,0,0,6,0,0,0,0
cohort_2,26,offset_c0.2,3,cartesian_ik,,1.0,0.13640170393045992,0.13640170393045992,0.16157916898373514,13.6184649725,1.37173525812,0.0254596572903,0.09953587883389182,5.2299e-05,0.008497957,5.576e-06,0.008245334,0,0,0,0.000111871,3,1,0,0,3,0,0,0,0
cohort_2,26,offset_c0.2,4,cartesian_ik,,1.0,0.15236152394209057,0.15236152394209057,0.17681143409572542,12.6273830695,1.22012394388,0.0255265471732,0.09953587883389182,4.6655e-05,0.01398104,3.48e-06,0.013876864,0,0,0,3.0854e-05,4,2,0,0,4,0,0,0,0
cohort_2,26,offset_c0.2,0,joint_projected,,1.0,0.1963833939516917,0.1963833939516917,0.23028717911802232,11.6895425198,0.610867453963,0.0042780594661,0.07836858690486248,0.011353449,0.001848443,0.000455494,0,0.011119138,0.000132429,6.0213e-05,0.000556713,283,46,0,0,0,15,33,131,0
cohort_2,26,offset_c0.2,1,joint_projected,,1.0,0.1344511640490964,0.1344511640490964,0.1600310580106452,12.8788441636,1.20260417844,0.0128433052884,0.08518090831083214,0.012098793,0.000132796,3.26e-05,0,0.011928422,8.1311e-05,3.975e-06,4.6298e-05,9,2,0,0,0,15,2,3,0
cohort_2,26,offset_c0.2,2,joint_projected,,1.0,0.15846309799235314,0.15846309799235314,0.18363325099926442,10.7570057219,0.713496296472,0.0258014969303,0.09627339807959087,0.014256489,8.9376e-05,1.4774e-05,0,0.014047568,0.00011032,2.522e-06,3.9233e-05,6,2,0,0,0,15,0,4,0
cohort_2,26,offset_c0.2,3,joint_projected,,1.0,0.10894346598070115,0.10894346598070115,0.13363200111780316,12.3716610798,1.0950528343,0.0256994527404,0.09953587883389182,0.022644813,0.000107951,3.3935e-05,0,0.02241194,0.000128988,3.267e-06,2.2184e-05,16,1,0,0,0,18,3,6,0
cohort_2,26,offset_c0.2,4,joint_projected,,1.0,0.12667492905166,0.12667492905166,0.15171938901767135,10.214150243,0.694589197548,0.0253895944665,0.09953587883389182,0.024160596,0.000284965,6.8847e-05,0,0.023946459,0.000114473,8.504e-06,8.6277e-05,27,5,0,0,0,16,5,11,0
cohort_2,26,offset_c0.2,0,ompl_uniform,,1.0,0.12289110594429076,0.12289110594429076,0.12394510000012815,13.0741216855,2.30239500019,0.0254973093706,0.09953587883389182,,,,,,,,,,,,,,,,,
cohort_2,26,offset_c0.2,1,ompl_uniform,,1.0,0.16330440097954124,0.16330440097954124,0.1650020380038768,12.5312130408,2.05356537614,0.0137963202644,0.09462962554006875,,,,,,,,,,,,,,,,,
cohort_2,26,offset_c0.2,2,ompl_uniform,,1.0,0.08592960494570434,0.08592960494570434,0.0874402450863272,12.3422416372,1.76075616153,0.0259453516532,0.09951569059279347,,,,,,,,,,,,,,,,,
cohort_2,26,offset_c0.2,3,ompl_uniform,,1.0,0.2048823731020093,0.2048823731020093,0.20646194100845605,17.6106728267,2.98358818841,0.021391567703,0.08278047927407205,,,,,,,,,,,,,,,,,
cohort_2,26,offset_c0.2,4,ompl_uniform,,1.0,0.08201464894227684,0.08201464894227684,0.0835987749742344,12.1112189195,1.58517684049,0.0261103169526,0.09953587883389182,,,,,,,,,,,,,,,,,
cohort_2,27,offset_c0.2,0,cartesian_ik,,1.0,0.11533780593890697,0.11533780593890697,0.1391009830404073,4.54964220277,0.569913907103,0.0574672819595,0.09517028602124014,4.8114e-05,0.006479154,5.99e-06,0.006189271,0,0,0,0.000156928,7,3,0,0,7,0,0,0,0
cohort_2,27,offset_c0.2,1,cartesian_ik,,1.0,0.08285827201325446,0.08285827201325446,0.10661948099732399,7.8667938159,0.637588306918,0.0268177463267,0.09517028602124014,3.747e-05,0.031985362,5.397e-06,0.031557851,0,0,0,0.000253568,15,8,0,0,15,0,0,0,0
cohort_2,27,offset_c0.2,2,cartesian_ik,,1.0,0.08533814596012235,0.08533814596012235,0.10834175499621779,3.13646980411,0.520824952737,0.0388251942612,0.09517028602124014,5.1534e-05,0.014868129,4.913e-06,0.014396847,0,0,0,0.000337037,6,3,0,0,6,0,0,0,0
cohort_2,27,offset_c0.2,3,cartesian_ik,,1.0,0.11515876196790487,0.11515876196790487,0.13861165195703506,8.0091544203,0.461258262472,0.00438836421366,0.09234851547764941,3.6035e-05,0.025061501,3.375e-06,0.024978705,0,0,0,1.2244e-05,4,1,0,0,4,0,0,0,0
cohort_2,27,offset_c0.2,4,cartesian_ik,,1.0,0.06749712105374783,0.06749712105374783,0.09129544603638351,12.5329625245,0.739112666037,0.0574672819595,0.09517028602124014,1.1219e-05,0.002632775,1.679e-06,0.002527934,0,0,0,6.4466e-05,3,2,0,0,3,0,0,0,0
cohort_2,27,offset_c0.2,0,joint_projected,,1.0,0.15080112300347537,0.15080112300347537,0.17492188210599124,15.9844278785,0.97404700423,0.00769742478945,0.09174920372329659,0.017538096,0.000150689,3.193e-05,0,0.017451269,4.6241e-05,4.08e-06,5.1445e-05,17,4,0,0,0,18,1,8,0
cohort_2,27,offset_c0.2,1,joint_projected,,1.0,0.0982693259138614,0.0982693259138614,0.12216372112743556,12.836154474,1.28753086788,0.0268895170769,0.09517028602124014,0.016745182,0.000165284,4.7912e-05,0,0.016642342,6.2556e-05,6.158e-06,3.6345e-05,23,2,0,0,0,19,4,13,0
cohort_2,27,offset_c0.2,2,joint_projected,,1.0,0.15437996806576848,0.15437996806576848,0.17832869908306748,8.38552579824,0.540305775483,0.00470953632862,0.09115544080194071,0.016467743,0.000808416,0.000187918,0,0.016315505,7.3427e-05,2.1062e-05,0.000298601,109,13,0,0,0,16,11,38,0
cohort_2,27,offset_c0.2,3,joint_projected,,1.0,0.09320073702838272,0.09320073702838272,0.11703280603978783,12.44252475,0.963307408792,0.0140546256538,0.09517028602124014,0.012376228,5.9697e-05,7.056e-06,0,0.012241607,8.2515e-05,8.45e-07,3.5185e-05,1,1,0,0,0,16,0,0,0
cohort_2,27,offset_c0.2,4,joint_projected,,1.0,0.13917253294494003,0.13917253294494003,0.1628086700802669,10.8748250529,0.77845622841,0.0359669899072,0.09517028602124014,0.027838135,6.9659e-05,1.0288e-05,0,0.027632178,0.000106689,1.16e-06,3.1413e-05,4,3,0,0,0,16,1,0,0
cohort_2,27,offset_c0.2,0,ompl_uniform,,1.0,0.13160096609499305,0.13160096609499305,0.1331803509965539,12.3717689532,1.97268067885,0.0263644353277,0.09494551379249187,,,,,,,,,,,,,,,,,
cohort_2,27,offset_c0.2,1,ompl_uniform,,1.0,0.10305479797534645,0.10305479797534645,0.10464387806132436,13.4069954042,2.0162418983,0.0408516486362,0.09517028602124014,,,,,,,,,,,,,,,,,
cohort_2,27,offset_c0.2,2,ompl_uniform,,1.0,0.1642209739657119,0.1642209739657119,0.16576715488918126,13.3955921859,2.6629125527,0.045334103326,0.09517028602124014,,,,,,,,,,,,,,,,,
cohort_2,27,offset_c0.2,3,ompl_uniform,,1.0,0.20494804601185024,0.20494804601185024,0.2065201560035348,14.8044796721,1.15469620709,0.00764858234107,0.0946237681538071,,,,,,,,,,,,,,,,,
cohort_2,27,offset_c0.2,4,ompl_uniform,,1.0,0.07826510607264936,0.07826510607264936,0.07968145806808025,12.442943042,2.09233330336,0.0157813731362,0.09170383319138778,,,,,,,,,,,,,,,,,
cohort_2,28,offset_c0.2,0,cartesian_ik,,1.0,0.11636724497657269,0.11636724497657269,0.14915046805981547,14.2902527628,1.13063356326,0.0116569177705,0.07576955617508194,1.5478e-05,0.014687517,4.013e-06,0.014329728,0,0,0,0.000189474,12,9,0,0,12,0,0,0,0
cohort_2,28,offset_c0.2,1,cartesian_ik,,1.0,0.04647502803709358,0.04647502803709358,0.07900302903726697,3.74457153323,0.473577114281,0.0140482500351,0.07565518495426857,4.4766e-05,0.007015593,3.494e-06,0.006900424,0,0,0,3.3675e-05,3,2,0,0,3,0,0,0,0
cohort_2,28,offset_c0.2,2,cartesian_ik,,1.0,0.150354606914334,0.150354606914334,0.1828778530471027,5.59378224446,0.378234851156,0.014756510682,0.0760278877607746,4.6534e-05,0.00685175,3.529e-06,0.006606833,0,0,0,0.000108301,3,2,0,0,3,0,0,0,0
cohort_2,28,offset_c0.2,3,cartesian_ik,,1.0,0.08194614201784134,0.08194614201784134,0.11438755900599062,7.73728172392,0.586900038603,0.0113205606813,0.07511452700048285,4.5111e-05,0.019947127,4.607e-06,0.019680741,0,0,0,0.000153438,7,5,0,0,7,0,0,0,0
cohort_2,28,offset_c0.2,4,cartesian_ik,,1.0,0.33008964906912297,0.33008964906912297,0.3630120300222188,19.9297056969,1.58682526583,0.0222237075724,0.07526640694262068,6.938e-05,0.016642777,1.0499e-05,0.016017843,0,0,0,0.000317404,7,5,0,0,7,0,0,0,0
cohort_2,28,offset_c0.2,0,joint_projected,,1.0,0.19909831800032407,0.19909831800032407,0.23213074100203812,14.9461829914,0.687620715697,0.0212405915854,0.07552633381896576,0.024023865,0.000624245,0.000140347,0,0.023856133,8.1203e-05,1.9392e-05,0.000188095,33,7,0,0,0,16,3,22,0
cohort_2,28,offset_c0.2,1,joint_projected,,1.0,0.12198787997476757,0.12198787997476757,0.15485559299122542,9.02563931805,0.486740952694,0.0152676042567,0.0753886747758141,0.037213838,0.000259786,6.9091e-05,0,0.037022744,9.5592e-05,6.524e-06,7.3924e-05,35,4,0,0,0,19,4,11,0
cohort_2,28,offset_c0.2,2,joint_projected,,1.0,0.11743283492978662,0.11743283492978662,0.1499466400127858,12.8253773156,1.0030199145,0.0174078058486,0.0757194048959205,0.014406995,0.000205385,3.4467e-05,0,0.014257282,6.4332e-05,5.673e-06,8.7401e-05,14,4,0,0,0,16,0,6,0
cohort_2,28,offset_c0.2,3,joint_projected,,1.0,0.13562574703246355,0.13562574703246355,0.16805775801185519,7.51924050384,0.446651691258,0.0130114254239,0.06969231517043929,0.016688135,0.000113194,2.2779e-05,0,0.016461415,0.000128674,2.611e-06,3.6388e-05,9,4,0,0,0,16,0,4,0
cohort_2,28,offset_c0.2,4,joint_projected,,1.0,0.13039030996151268,0.13039030996151268,0.1633731840411201,6.74664300715,0.482818150084,0.00812384011792,0.07566219692220263,0.031586028,7.0809e-05,1.4688e-05,0,0.031361546,0.000118949,1.414e-06,2.5814e-05,6,2,0,0,0,17,0,2,0
cohort_2,28,offset_c0.2,0,ompl_uniform,,1.0,0.17503659205976874,0.17503659205976874,0.17661661189049482,14.3146455369,1.06566823539,0.0223365525843,0.07536778653177614,,,,,,,,,,,,,,,,,
cohort_2,28,offset_c0.2,1,ompl_uniform,,1.0,0.1278383950702846,0.1278383950702846,0.1295413930201903,12.1250232188,1.52922832437,0.0225974039825,0.07577530939673288,,,,,,,,,,,,,,,,,
cohort_2,28,offset_c0.2,2,ompl_uniform,,1.0,0.12559828395023942,0.12559828395023942,0.12716496095526963,14.8869512014,2.33025900062,0.0226035007169,0.07572044151069679,,,,,,,,,,,,,,,,,
cohort_2,28,offset_c0.2,3,ompl_uniform,,1.0,0.22721086395904422,0.22721086395904422,0.22889258502982557,13.6688248044,2.25461620791,0.0226187839565,0.07576616928662205,,,,,,,,,,,,,,,,,
cohort_2,28,offset_c0.2,4,ompl_uniform,,1.0,0.11201252206228673,0.11201252206228673,0.11349804396741092,14.2662237601,0.960529610744,0.0126101460168,0.07537867170674697,,,,,,,,,,,,,,,,,
cohort_2,29,offset_c0.2,0,cartesian_ik,,1.0,0.0600388019811362,0.0600388019811362,0.08441158512141556,9.29311411842,0.917920282384,0.0386933831809,0.13344171882356823,1.699e-05,0.002222338,1.744e-06,0.002105758,0,0,0,7.4974e-05,2,1,0,0,2,0,0,0,0
cohort_2,29,offset_c0.2,1,cartesian_ik,,1.0,0.19541167502757162,0.19541167502757162,0.22038910316769034,11.1898328739,1.22249226195,0.0222650338536,0.11526742609036134,5.3985e-05,0.040089034,9.917e-06,0.039047371,0,0,0,0.000672657,31,17,0,0,31,0,0,0,0
cohort_2,29,offset_c0.2,2,cartesian_ik,,1.0,0.18057496706023812,0.18057496706023812,0.20552277204114944,11.6169452322,0.96267334542,0.021316076229,0.13234366984311838,1.9877e-05,0.008348082,3.034e-06,0.008223981,0,0,0,6.9865e-05,3,1,0,0,3,0,0,0,0
cohort_2,29,offset_c0.2,3,cartesian_ik,,1.0,0.237765247002244,0.237765247002244,0.2627173970686272,15.0249052225,1.44590819973,0.0263438539503,0.10721226584907914,4.9499e-05,0.04051776,8.736e-06,0.039899946,0,0,0,0.000322508,29,14,0,0,29,0,0,0,0
cohort_2,29,offset_c0.2,4,cartesian_ik,,1.0,0.08613544201944023,0.08613544201944023,0.11055532714817673,8.99643250246,0.874229007685,0.0223620925463,0.13344171882356823,1.5804e-05,0.027757609,5.843e-06,0.02712895,0,0,0,0.000418516,24,10,0,0,24,0,0,0,0
cohort_2,29,offset_c0.2,0,joint_projected,,1.0,0.14452835102565587,0.14452835102565587,0.16951134311966598,12.3966734612,1.16515216806,0.024382124367,0.13344171882356823,0.024169452,0.000122732,2.6955e-05,0,0.023960934,0.000125405,3.041e-06,4.7126e-05,11,2,0,0,0,17,2,6,0
cohort_2,29,offset_c0.2,1,joint_projected,,1.0,0.03148238908033818,0.03148238908033818,0.05614412610884756,4.47315088638,0.747622907201,0.00115819682504,0.10477456286850431,0.008239338,0.000799214,0.000158271,0,0.008188334,3.2196e-05,2.4704e-05,0.000260392,90,28,0,0,0,15,7,49,0
cohort_2,29,offset_c0.2,2,joint_projected,,1.0,0.13935894798487425,0.13935894798487425,0.1634164931019768,10.3089270649,0.934309630353,0.0386933831809,0.13344171882356823,0.025252745,0.000129095,3.1566e-05,0,0.025133453,7.8838e-05,3.516e-06,4.0561e-05,12,2,0,0,0,17,1,6,0
cohort_2,29,offset_c0.2,3,joint_projected,,1.0,0.22078691993374377,0.22078691993374377,0.24572663102298975,15.2207566635,1.16974648446,0.0239234774826,0.13344171882356823,0.036415924,0.003208834,0.000764297,0,0.036320491,5.7635e-05,0.000100399,0.001003707,465,83,0,0,0,20,38,194,0
cohort_2,29,offset_c0.2,4,joint_projected,,1.0,0.05438299605157226,0.05438299605157226,0.07889336114749312,3.4155049614,0.625523359935,0.0103334353054,0.05816151536349393,0.017779735,0.000361901,8.9359e-05,0,0.017649565,7.0547e-05,1.1782e-05,9.5262e-05,49,10,0,0,0,17,5,26,0
cohort_2,29,offset_c0.2,0,ompl_uniform,,1.0,0.17421141604427248,0.17421141604427248,0.17556227499153465,12.3327615297,2.92071325548,0.00791257566597,0.04073709322130704,,,,,,,,,,,,,,,,,
cohort_2,29,offset_c0.2,1,ompl_uniform,,1.0,0.08710523904301226,0.08710523904301226,0.08872395101934671,10.0535228416,2.3809279037,0.0170959787385,0.128869932003559,,,,,,,,,,,,,,,,,
cohort_2,29,offset_c0.2,2,ompl_uniform,,1.0,0.1265234990278259,0.1265234990278259,0.12825760699342936,15.5955754623,3.30595764438,0.0324375241734,0.07685518929259687,,,,,,,,,,,,,,,,,
cohort_2,29,offset_c0.2,3,ompl_uniform,,1.0,0.09910978795960546,0.09910978795960546,0.1004670059774071,13.4512444317,2.72636167545,0.00301222970483,0.11890764951608808,,,,,,,,,,,,,,,,,
cohort_2,29,offset_c0.2,4,ompl_uniform,,1.0,0.11740709899459034,0.11740709899459034,0.11915100796613842,13.4608966612,3.34524089551,0.0128409395922,0.08172074039015986,,,,,,,,,,,,,,,,,
cohort_2,30,offset_c0.8,0,cartesian_ik,,1.0,0.18957560404669493,0.18957560404669493,0.21218305395450443,11.064666847,0.467839903584,0.00313561832444,0.09195687824797673,2.2483e-05,0.001710971,1.769e-06,0.001595586,0,0,0,7.0973e-05,1,1,0,0,1,0,0,0,0
cohort_2,30,offset_c0.8,1,cartesian_ik,,1.0,0.25829316303133965,0.25829316303133965,0.2813521759817377,16.27455785,0.936180057553,0.000457742493056,0.058150701560393855,1.4844e-05,0.043350076,1.3465e-05,0.042367219,0,0,0,0.000569391,16,9,0,0,16,0,0,0,0
cohort_2,30,offset_c0.8,2,cartesian_ik,,1.0,0.23956410901155323,0.23956410901155323,0.2623139200732112,14.1370881756,1.02376369704,0.00933796266547,0.0774844321234568,1.6666e-05,0.000745825,1.611e-06,0.000675101,0,0,0,3.6857e-05,1,1,0,0,1,0,0,0,0
cohort_2,30,offset_c0.8,3,cartesian_ik,,1.0,0.17035472008865327,0.17035472008865327,0.19404215109534562,12.6192981694,0.556986650363,0.00493239226865,0.09226402658403228,3.0616e-05,0.015735479,4.29e-06,0.015513029,0,0,0,0.000106694,4,2,0,0,4,0,0,0,0
cohort_2,30,offset_c0.8,4,cartesian_ik,,1.0,0.09984271205030382,0.09984271205030382,0.12257269211113453,4.83018625045,0.543809819605,0.0119224226737,0.06256622214219418,2.4205e-05,0.022041291,8.034e-06,0.021698895,0,0,0,0.000177903,8,4,0,0,8,0,0,0,0
cohort_2,30,offset_c0.8,0,joint_projected,,1.0,0.15332369797397405,0.15332369797397405,0.17592601815704256,9.70045383887,0.661195646741,0.00327579889475,0.04992816714607877,0.019220299,6.1504e-05,1.1003e-05,0,0.019060748,9.2695e-05,1.378e-06,2.8383e-05,4,1,0,0,0,15,0,1,0
cohort_2,30,offset_c0.8,1,joint_projected,,1.0,0.13127158302813768,0.13127158302813768,0.15557101496960968,11.5609991381,0.819660578555,0.00407129324249,0.09229087242977062,0.014984268,0.000399261,9.0723e-05,0,0.014805551,0.000114719,1.1539e-05,0.000127429,31,7,0,0,0,16,6,11,0
cohort_2,30,offset_c0.8,2,joint_projected,,1.0,0.18658237904310226,0.18658237904310226,0.20960804400965571,13.5093137466,1.03868871957,0.0129365181969,0.0920242574130168,0.04559045,0.000187141,3.3359e-05,0,0.045401868,0.000117006,5.195e-06,7.5631e-05,15,4,0,0,0,17,0,7,0
cohort_2,30,offset_c0.8,3,joint_projected,,1.0,0.0673017940716818,0.0673017940716818,0.09061235503759235,6.42397420183,0.57147129091,0.0142015052203,0.0835389169725614,0.04704373,5.8182e-05,1.1456e-05,0,0.04687943,0.000107992,6.68e-07,2.6981e-05,2,1,0,0,0,17,0,0,0
cohort_2,30,offset_c0.8,4,joint_projected,,1.0,0.08384032896719873,0.08384032896719873,0.10651384701486677,6.65296310865,0.761736395648,0.0143243638198,0.09082549411946074,0.022287735,0.000813155,0.000168889,0,0.022098988,0.000113428,2.2076e-05,0.000312254,40,7,0,0,0,16,5,20,0
cohort_2,30,offset_c0.8,0,ompl_uniform,,1.0,0.12450993689708412,0.12450993689708412,0.12570762005634606,12.8604095876,0.828846437821,0.00124934113677,0.07875563005811889,,,,,,,,,,,,,,,,,
cohort_2,30,offset_c0.8,1,ompl_uniform,,1.0,0.10369111795444041,0.10369111795444041,0.10519004694651812,12.7652303572,1.75142495217,0.0148547995073,0.09208811349048333,,,,,,,,,,,,,,,,,
cohort_2,30,offset_c0.8,2,ompl_uniform,,1.0,0.2500625370303169,0.2500625370303169,0.25115938403178006,14.0613282634,0.972275776631,0.0136037369616,0.09174887777353134,,,,,,,,,,,,,,,,,
cohort_2,30,offset_c0.8,3,ompl_uniform,,1.0,0.2412548349238932,0.2412548349238932,0.24270334700122476,13.5398286643,2.89773577683,0.00591456362549,0.05010723290361911,,,,,,,,,,,,,,,,,
cohort_2,30,offset_c0.8,4,ompl_uniform,,1.0,0.16191337199416012,0.16191337199416012,0.16316466394346207,14.5508732163,3.14249568093,0.0116711970055,0.06869726006733473,,,,,,,,,,,,,,,,,
cohort_2,31,offset_c0.8,0,cartesian_ik,,1.0,0.13708246406167746,0.13708246406167746,0.16020922490861267,10.9262613198,0.648374627012,0.000893358956178,0.037708249374423485,4.612e-05,0.026655807,6.311e-06,0.026099478,0,0,0,0.000339947,13,8,0,0,13,0,0,0,0
cohort_2,31,offset_c0.8,1,cartesian_ik,,1.0,0.3227919149212539,0.3227919149212539,0.3460915528703481,19.3992107718,0.923834792741,0.00263579656461,0.037708249374423485,2.637e-05,0.053470279,4.599e-06,0.052983697,0,0,0,0.000294328,25,14,0,0,25,0,0,0,0
cohort_2,31,offset_c0.8,2,cartesian_ik,,1.0,0.2699672969756648,0.2699672969756648,0.29324597399681807,18.1197542689,1.06250144267,0.00263579656461,0.037708249374423485,4.846e-05,0.027996106,1.0864e-05,0.027061782,0,0,0,0.000495095,14,10,0,0,14,0,0,0,0
cohort_2,31,offset_c0.8,3,cartesian_ik,,1.0,0.1386655429378152,0.1386655429378152,0.16183653089683503,12.7845798124,1.02309180412,0.00207841302632,0.037708249374423485,3.6659e-05,0.003151314,1.637e-06,0.003034079,0,0,0,5.8783e-05,1,1,0,0,1,0,0,0,0
cohort_2,31,offset_c0.8,4,cartesian_ik,,1.0,0.13121119793504477,0.13121119793504477,0.1543108319165185,10.5106194907,0.72718193954,0.00263579656461,0.037708249374423485,4.7249e-05,0.03006315,4.381e-06,0.029831518,0,0,0,7.9199e-05,11,7,0,0,11,0,0,0,0
cohort_2,31,offset_c0.8,0,joint_projected,,1.0,0.26683659094851464,0.26683659094851464,0.2900759499752894,13.0807864679,0.519835435608,0.00263579656461,0.037708249374423485,0.112005455,0.000138447,3.7923e-05,0,0.111757694,0.000107973,5.3e-06,3.4795e-05,23,1,0,0,0,29,4,12,4
cohort_2,31,offset_c0.8,1,joint_projected,,1.0,0.2182319420389831,0.2182319420389831,0.24188149604015052,9.68103365479,0.603857710251,0.00263579656461,0.037708249374423485,0.10792882,0.000138127,1.9955e-05,0,0.107788871,7.9207e-05,3.302e-06,6.1466e-05,12,5,0,0,0,28,0,5,2
cohort_2,31,offset_c0.8,2,joint_projected,,1.0,0.22681129805278033,0.22681129805278033,0.25034276489168406,15.17774798,1.14985596837,0.00263579656461,0.037708249374423485,0.106254509,0.000105963,2.2834e-05,0,0.106104769,8.5683e-05,3.354e-06,2.489e-05,12,2,0,0,0,28,2,7,1
cohort_2,31,offset_c0.8,3,joint_projected,,1.0,0.227001080987975,0.227001080987975,0.2501824238570407,13.5785739635,0.950156243374,0.00263579656461,0.037708249374423485,0.11895453,8.1479e-05,2.2905e-05,0,0.118806031,7.7276e-05,2.741e-06,1.9388e-05,13,1,0,0,0,28,2,6,2
cohort_2,31,offset_c0.8,4,joint_projected,,1.0,0.26968798507004976,0.26968798507004976,0.2928383918479085,13.3768118126,1.44386823468,0.00263579656461,0.037708249374423485,0.112916172,4.1714e-05,7.228e-06,0,0.112797544,5.6322e-05,9.21e-07,1.9637e-05,2,1,0,0,0,28,0,1,0
cohort_2,31,offset_c0.8,0,ompl_uniform,,1.0,0.19164595706388354,0.19164595706388354,0.19341274804901332,12.3694775258,0.972314904787,0.00263579656461,0.037708249374423485,,,,,,,,,,,,,,,,,
cohort_2,31,offset_c0.8,1,ompl_uniform,,1.0,0.11127213295549154,0.11127213295549154,0.11316407192498446,13.662927798,3.90916440623,0.00263579656461,0.037708249374423485,,,,,,,,,,,,,,,,,
cohort_2,31,offset_c0.8,2,ompl_uniform,,1.0,0.095672378083691,0.095672378083691,0.09742726001422852,13.689059738,2.23423731294,0.00263579656461,0.037708249374423485,,,,,,,,,,,,,,,,,
cohort_2,31,offset_c0.8,3,ompl_uniform,,1.0,0.11995033896528184,0.11995033896528184,0.12171920004766434,13.7348594745,1.68734700285,0.00125188763847,0.037708249374423485,,,,,,,,,,,,,,,,,
cohort_2,31,offset_c0.8,4,ompl_uniform,,1.0,0.15974538901355118,0.15974538901355118,0.16146166704129428,13.5054572107,2.63951684384,0.00263579656461,0.037708249374423485,,,,,,,,,,,,,,,,,
cohort_2,32,offset_c0.8,0,cartesian_ik,,1.0,0.19860859191976488,0.19860859191976488,0.22493055497761816,13.4748480722,1.37283554564,0.00069606725646,0.0901476914405686,5.4735e-05,0.050427889,6.319e-06,0.050109616,0,0,0,0.000154041,14,5,0,0,14,0,0,0,0
cohort_2,32,offset_c0.8,1,cartesian_ik,,1.0,0.21798748709261417,0.21798748709261417,0.24430693709291518,15.910872132,1.38239762192,0.000472123205415,0.0777634304363427,2.4929e-05,0.088939704,5.494e-06,0.088376275,0,0,0,0.000332603,29,12,0,0,29,0,0,0,0
cohort_2,32,offset_c0.8,2,cartesian_ik,,1.0,0.11434472003020346,0.11434472003020346,0.14082006004173309,15.0365395304,1.16627862234,0.000624697519825,0.09292289678271413,1.0836e-05,0.019416731,2.492e-06,0.019279406,0,0,0,5.8072e-05,5,3,0,0,5,0,0,0,0
cohort_2,32,offset_c0.8,3,cartesian_ik,,1.0,0.22663521009963006,0.22663521009963006,0.2526575051015243,14.0275738237,1.36165379086,0.00021816055643,0.0942246942235341,5.1617e-05,0.06824843,7.946e-06,0.067814537,0,0,0,0.000184811,21,9,0,0,21,0,0,0,0
cohort_2,32,offset_c0.8,4,cartesian_ik,,1.0,0.5744720799848437,0.5744720799848437,0.6012922610389069,20.7952479198,2.17566550768,0.00051663494332,0.07219405493067904,4.9293e-05,0.234652671,1.3771e-05,0.23362956,0,0,0,0.000518395,76,26,0,0,76,0,0,0,0
cohort_2,32,offset_c0.8,0,joint_projected,,1.0,0.3860730220330879,0.3860730220330879,0.41194072598591447,16.1419486569,1.45925491794,0.000717856593591,0.08728558414350303,0.2541707,0.001715816,0.000329152,0,0.254053874,5.7919e-05,5.4769e-05,0.000428124,465,70,0,0,0,54,16,103,253
cohort_2,32,offset_c0.8,1,joint_projected,,1.0,1.0563912189099938,1.0563912189099938,1.0825996220810339,16.2192478233,1.0634017295,0.000166768723895,0.0907104470903762,0.257763649,0.185212652,0.036127737,0,0.257563791,8.2711e-05,0.006147285,0.055150834,54355,5435,0,0,0,55,2922,11598,29824
cohort_2,32,offset_c0.8,2,joint_projected,,1.0,0.39428616501390934,0.39428616501390934,0.42043018713593483,12.9485577475,0.794767263163,0.000980656432501,0.0625994709148609,0.265925807,0.001490634,0.000281119,0,0.265744188,7.8592e-05,4.822e-05,0.000410554,411,49,0,0,0,55,14,88,230
cohort_2,32,offset_c0.8,3,joint_projected,planning,0.0,6.0,3.089457436930388,3.115084354998544,,,,,0.271655554,0.806004424,0.155386704,0,0.271506673,5.7872e-05,0.024631245,0.230310366,240371,31142,0,0,0,56,10390,47452,132825
cohort_2,32,offset_c0.8,4,joint_projected,,1.0,0.42340415297076106,0.42340415297076106,0.4495722841238603,10.4047635123,1.00494100493,0.000211837847063,0.07985310319205295,0.269169981,0.000131554,2.1538e-05,0,0.269029144,5.5453e-05,3.43e-06,5.2083e-05,19,3,0,0,0,55,1,4,10
cohort_2,32,offset_c0.8,0,ompl_uniform,,1.0,0.155635733040981,0.155635733040981,0.15743104205466807,13.0429742595,1.71603031362,0.000945531507478,0.11246409095622986,,,,,,,,,,,,,,,,,
cohort_2,32,offset_c0.8,1,ompl_uniform,,1.0,0.2514600621070713,0.2514600621070713,0.25325946300290525,22.3638662914,5.56321753851,0.000207600303706,0.1264083993622966,,,,,,,,,,,,,,,,,
cohort_2,32,offset_c0.8,2,ompl_uniform,,1.0,0.16654736606869847,0.16654736606869847,0.16811874706763774,12.5958192773,1.49295519242,0.000813298366392,0.10968129114519927,,,,,,,,,,,,,,,,,
cohort_2,32,offset_c0.8,3,ompl_uniform,,1.0,0.2809940550941974,0.2809940550941974,0.28228945389855653,18.4326669599,2.02949536957,0.000526968532946,0.1264083993622966,,,,,,,,,,,,,,,,,
cohort_2,32,offset_c0.8,4,ompl_uniform,,1.0,0.5266332060564309,0.5266332060564309,0.5286706250626594,34.9450892551,5.65214344408,0.000894562040083,0.1264083993622966,,,,,,,,,,,,,,,,,
cohort_2,33,offset_c0.8,0,cartesian_ik,,1.0,0.05900546396151185,0.05900546396151185,0.08850703190546483,7.06067630293,0.598764596385,0.00104760741194,0.12675358199760917,5.0978e-05,0.003737626,2.972e-06,0.00339738,0,0,0,0.000180965,4,3,0,0,4,0,0,0,0
cohort_2,33,offset_c0.8,1,cartesian_ik,,1.0,0.18369143805466592,0.18369143805466592,0.21392110595479608,14.7833856064,0.974356446719,0.00132472887848,0.12675358199760917,5.2391e-05,0.037050649,8.332e-06,0.03648075,0,0,0,0.000283764,18,7,0,0,18,0,0,0,0
cohort_2,33,offset_c0.8,2,cartesian_ik,,1.0,0.13151016691699624,0.13151016691699624,0.16123767395038158,7.52690384162,0.693015292006,0.000603780532162,0.1082045908315314,4.873e-05,0.008944592,3.771e-06,0.008839335,0,0,0,3.1262e-05,3,1,0,0,3,0,0,0,0
cohort_2,33,offset_c0.8,3,cartesian_ik,,1.0,0.19668071693740785,0.19668071693740785,0.2265515320468694,10.1123410424,0.918932480362,0.00153046777809,0.11123445601202712,4.853e-05,0.053923081,6.452e-06,0.053510861,0,0,0,0.000188619,21,9,0,0,21,0,0,0,0
cohort_2,33,offset_c0.8,4,cartesian_ik,,1.0,0.16815145197324455,0.16815145197324455,0.19819816399831325,13.7625348349,0.896671703947,0.000523468651877,0.12675358199760917,6.0147e-05,0.005550978,4.208e-06,0.005293337,0,0,0,0.000161183,2,1,0,0,2,0,0,0,0
cohort_2,33,offset_c0.8,0,joint_projected,,1.0,0.10393121605738997,0.10393121605738997,0.13372901699040085,8.11745943831,0.665457304656,0.000659947262524,0.12675358199760917,0.021146532,3.9652e-05,1.0052e-05,0,0.020947075,9.9204e-05,1.086e-06,1.1845e-05,4,1,0,0,0,17,0,2,0
cohort_2,33,offset_c0.8,1,joint_projected,,1.0,0.18417886504903436,0.18417886504903436,0.21457708498928696,12.7360576287,0.918977225723,0.00137551176456,0.10920651321706769,0.025733119,0.00014506,2.6645e-05,0,0.025485624,0.000133068,3.521e-06,6.5993e-05,6,1,0,0,0,16,0,3,0
cohort_2,33,offset_c0.8,2,joint_projected,,1.0,0.10984413104597479,0.10984413104597479,0.13916537386830896,7.99415906601,0.663886199971,0.000447677918423,0.12158813814120571,0.0138252,3.478e-05,6.072e-06,0,0.013627746,0.000100414,8.08e-07,1.4162e-05,1,1,0,0,0,15,0,0,0
cohort_2,33,offset_c0.8,3,joint_projected,,1.0,0.34171870292630047,0.34171870292630047,0.3721442819805816,20.668055425,1.72967356314,0.000726652873182,0.08950495810908456,0.031298409,0.000345921,8.4894e-05,0,0.031098378,9.9522e-05,8.178e-06,0.000114977,40,4,0,0,0,17,9,13,0
cohort_2,33,offset_c0.8,4,joint_projected,,1.0,0.09254562808200717,0.09254562808200717,0.122309444937855,5.43623067844,0.514382424306,0.000572004703297,0.11657151233372999,0.013730601,8.9654e-05,2.7882e-05,0,0.013621623,4.9501e-05,4.064e-06,1.1505e-05,12,1,0,0,0,15,0,10,0
cohort_2,33,offset_c0.8,0,ompl_uniform,,1.0,0.07864408392924815,0.07864408392924815,0.08007405092939734,11.6337390228,1.45693912872,0.000192385605898,0.1038457844776604,,,,,,,,,,,,,,,,,
cohort_2,33,offset_c0.8,1,ompl_uniform,,1.0,0.1332664869260043,0.1332664869260043,0.13500495604239404,9.84361682333,0.921241836118,0.00174130459093,0.12675358199760917,,,,,,,,,,,,,,,,,
cohort_2,33,offset_c0.8,2,ompl_uniform,,1.0,0.15457151795271784,0.15457151795271784,0.15589989500585943,17.1196268842,2.63404483478,0.00120023178965,0.12675358199760917,,,,,,,,,,,,,,,,,
cohort_2,33,offset_c0.8,3,ompl_uniform,,1.0,0.15720666805282235,0.15720666805282235,0.15895121195353568,15.6867838057,1.42903062683,0.000997512847584,0.12629370480240035,,,,,,,,,,,,,,,,,
cohort_2,33,offset_c0.8,4,ompl_uniform,,1.0,0.18914105300791562,0.18914105300791562,0.19077580398879945,16.4138222049,2.20628585436,0.000615999753925,0.12675358199760917,,,,,,,,,,,,,,,,,
cohort_2,34,offset_c0.8,0,cartesian_ik,,1.0,0.14978938200511038,0.14978938200511038,0.1727986999321729,10.3284019134,0.711838185774,0.048284029832,0.11906179487101423,3.498e-05,0.001400402,1.571e-06,0.001332029,0,0,0,3.1193e-05,1,1,0,0,1,0,0,0,0
cohort_2,34,offset_c0.8,1,cartesian_ik,,1.0,0.08790544199291617,0.08790544199291617,0.111221386003308,7.28051906172,0.915358057584,0.0453544223665,0.11823395942803873,1.267e-05,0.04745408,6.927e-06,0.046981429,0,0,0,0.000277531,20,7,0,0,20,0,0,0,0
cohort_2,34,offset_c0.8,2,cartesian_ik,,1.0,0.18530498002655804,0.18530498002655804,0.20868549589067698,13.0393080522,1.17899568494,0.0386661715602,0.11238978864379666,7.1925e-05,0.001132269,2.762e-06,0.000964759,0,0,0,0.000101018,1,1,0,0,1,0,0,0,0
cohort_2,34,offset_c0.8,3,cartesian_ik,,1.0,0.2067126469919458,0.2067126469919458,0.23016776994336396,12.0289050397,0.754938633391,0.00919025143588,0.10560425823111164,4.3433e-05,0.002345663,3.527e-06,0.002174323,0,0,0,8.0621e-05,1,1,0,0,1,0,0,0,0
cohort_2,34,offset_c0.8,4,cartesian_ik,,1.0,0.10759292903821915,0.10759292903821915,0.13083078397903591,7.8781974778,0.589113983918,0.0390704581237,0.11029906317323063,1.15e-05,0.035790542,2.452e-06,0.035665905,0,0,0,4.9204e-05,9,2,0,0,9,0,0,0,0
cohort_2,34,offset_c0.8,0,joint_projected,,1.0,0.108316874015145,0.108316874015145,0.13157278997823596,9.91710015517,0.777153879702,0.0478419612941,0.1498079855515967,0.018151306,0.000224644,5.9021e-05,0,0.018071186,4.5094e-05,6.729e-06,5.2796e-05,26,5,0,0,0,16,7,12,0
cohort_2,34,offset_c0.8,1,joint_projected,,1.0,0.08098825707565993,0.08098825707565993,0.1039916129084304,7.59912832258,0.671145473793,0.0400889198605,0.1183342025399852,0.016567377,0.000125898,3.2022e-05,0,0.016419927,9.6781e-05,3.64e-06,3.8918e-05,4,1,0,0,0,15,0,3,0
cohort_2,34,offset_c0.8,2,joint_projected,,1.0,0.0906524210004136,0.0906524210004136,0.1142972829984501,6.00855830703,0.748406403326,0.0477098494944,0.12478693017634594,0.015055102,9.8494e-05,2.0442e-05,0,0.014938161,7.2895e-05,2.773e-06,3.2261e-05,5,2,0,0,0,17,0,3,0
cohort_2,34,offset_c0.8,3,joint_projected,,1.0,0.1462725269375369,0.1462725269375369,0.16966894594952464,6.01871502463,0.711675205022,0.0157305081659,0.15108163687732976,0.026028177,0.000140784,3.392e-05,0,0.025820338,0.00012794,4.325e-06,4.142e-05,14,3,0,0,0,16,2,8,0
cohort_2,34,offset_c0.8,4,joint_projected,,1.0,0.12230520392768085,0.12230520392768085,0.14564231492113322,3.70095929541,0.572626684338,0.00976499377142,0.09403792940511307,0.025915274,5.8438e-05,1.7015e-05,0,0.025802037,5.815e-05,1.222e-06,1.4421e-05,5,1,0,0,0,16,0,2,0
cohort_2,34,offset_c0.8,0,ompl_uniform,,1.0,0.18513807805720717,0.18513807805720717,0.18606115295551717,14.16269338,3.0602053448,0.0404071411157,0.08818395528400086,,,,,,,,,,,,,,,,,
cohort_2,34,offset_c0.8,1,ompl_uniform,,1.0,0.17326714599039406,0.17326714599039406,0.17443482007365674,14.531914583,4.40960167184,0.0474927054841,0.14218520790798148,,,,,,,,,,,,,,,,,
cohort_2,34,offset_c0.8,2,ompl_uniform,,1.0,0.10741252498701215,0.10741252498701215,0.10867040208540857,13.3727462811,2.26822197254,0.0479021043353,0.14999831722099757,,,,,,,,,,,,,,,,,
cohort_2,34,offset_c0.8,3,ompl_uniform,,1.0,0.12130911799613386,0.12130911799613386,0.12238459498621523,10.0999767976,2.7208839644,0.0476836604453,0.15146360555040672,,,,,,,,,,,,,,,,,
cohort_2,34,offset_c0.8,4,ompl_uniform,,1.0,0.17402560089249164,0.17402560089249164,0.17506454000249505,13.3401658925,2.65752373808,0.0479847803436,0.14307853224820713,,,,,,,,,,,,,,,,,
cohort_2,35,offset_c0.8,0,cartesian_ik,,1.0,0.22157704294659197,0.22157704294659197,0.24428436602465808,13.2792165359,1.23607130449,0.0237693049431,0.11393770241112906,4.292e-05,0.004499599,5.629e-06,0.004180403,0,0,0,0.000173875,3,3,0,0,3,0,0,0,0
cohort_2,35,offset_c0.8,1,cartesian_ik,,1.0,0.14408458303660154,0.14408458303660154,0.1668917960487306,10.5182169871,0.778093652391,0.0233719149006,0.11393770241112906,3.605e-05,0.00282224,2.563e-06,0.002698947,0,0,0,6.0412e-05,1,1,0,0,1,0,0,0,0
cohort_2,35,offset_c0.8,2,cartesian_ik,,1.0,0.12724222405813634,0.12724222405813634,0.15017581800930202,8.56123709799,0.562787009363,0.0119581931843,0.11393770241112906,2.6495e-05,0.004026763,3.556e-06,0.003823689,0,0,0,0.000110432,4,2,0,0,4,0,0,0,0
cohort_2,35,offset_c0.8,3,cartesian_ik,,1.0,0.14562904299236834,0.14562904299236834,0.1683272800873965,13.6447079069,0.882977353186,0.0214669162513,0.11393770241112906,1.6266e-05,0.000566416,1.535e-06,0.000391854,0,0,0,8.7483e-05,1,1,0,0,1,0,0,0,0
cohort_2,35,offset_c0.8,4,cartesian_ik,,1.0,0.12035403295885772,0.12035403295885772,0.14437634905334562,11.7487271768,0.620428857659,0.0230224040567,0.11393770241112906,1.2436e-05,0.000744315,1.157e-06,0.000682517,0,0,0,3.3262e-05,1,1,0,0,1,0,0,0,0
cohort_2,35,offset_c0.8,0,joint_projected,,1.0,0.15671014902181923,0.15671014902181923,0.18044890696182847,13.6319806373,0.98954542867,0.022820316479,0.11393770241112906,0.012289137,0.000356987,0.000101086,0,0.012197464,5.177e-05,1.1712e-05,9.7521e-05,33,2,0,0,0,17,1,19,0
cohort_2,35,offset_c0.8,1,joint_projected,,1.0,0.11866537400055677,0.11866537400055677,0.14199807902332395,8.14573277946,0.594544130467,0.0233548488555,0.11393770241112906,0.028502296,5.3194e-05,1.1666e-05,0,0.02835897,6.9409e-05,6.08e-07,2.3881e-05,2,1,0,0,0,16,1,0,0
cohort_2,35,offset_c0.8,2,joint_projected,,1.0,0.20249713398516178,0.20249713398516178,0.22564848500769585,11.810749795,0.848773557927,0.0237440980499,0.11393770241112906,0.033382983,7.0477e-05,1.1618e-05,0,0.033116072,0.000163663,1.38e-06,3.7973e-05,4,1,0,0,0,18,1,1,0
cohort_2,35,offset_c0.8,3,joint_projected,,1.0,0.19745567196514457,0.19745567196514457,0.2207135009812191,11.7269451232,0.956997628877,0.0232423940776,0.11393770241112906,0.009983975,0.000117709,3.131e-05,0,0.009812411,0.000129703,2.969e-06,4.0072e-05,7,1,0,0,0,15,1,3,0
cohort_2,35,offset_c0.8,4,joint_projected,,1.0,0.1062512140488252,0.1062512140488252,0.12914094503503293,3.75391991763,0.495496226613,0.00992128947442,0.11393770241112906,0.033496086,0.00013256,3.1847e-05,0,0.033376569,6.6048e-05,4.171e-06,4.2062e-05,11,1,0,0,0,18,0,8,0
cohort_2,35,offset_c0.8,0,ompl_uniform,,1.0,0.16256414202507585,0.16256414202507585,0.1637137009529397,12.4224493732,2.93493611554,0.0236570862418,0.11393770241112906,,,,,,,,,,,,,,,,,
cohort_2,35,offset_c0.8,1,ompl_uniform,,1.0,0.1430630850372836,0.1430630850372836,0.14452220289967954,13.3668365832,1.92252794318,0.0226144302769,0.11393770241112906,,,,,,,,,,,,,,,,,
cohort_2,35,offset_c0.8,2,ompl_uniform,,1.0,0.1737289730226621,0.1737289730226621,0.17525424400810152,12.4388106064,1.17635341312,0.0234481029602,0.11393770241112906,,,,,,,,,,,,,,,,,
cohort_2,35,offset_c0.8,3,ompl_uniform,,1.0,0.15472801600117236,0.15472801600117236,0.1565368080046028,14.4920841902,0.925962295532,0.0131207280265,0.11393770241112906,,,,,,,,,,,,,,,,,
cohort_2,35,offset_c0.8,4,ompl_uniform,,1.0,0.1600240000989288,0.1600240000989288,0.16116151108872145,8.23252758766,1.3022244333,0.0227415940009,0.11393770241112906,,,,,,,,,,,,,,,,,
cohort_2,36,offset_c0.8,0,cartesian_ik,,1.0,0.28552874899469316,0.28552874899469316,0.30958322098013014,15.5383602228,0.604351927064,0.0088182698309,0.06913920153485034,5.4304e-05,0.08741401,8.274e-06,0.086700101,0,0,0,0.000444716,40,13,0,0,40,0,0,0,0
cohort_2,36,offset_c0.8,1,cartesian_ik,,1.0,0.19282778399065137,0.19282778399065137,0.2168807090492919,11.3428908907,1.10966397782,0.0214711090314,0.09654844203439181,4.7527e-05,0.072432524,9.597e-06,0.071501757,0,0,0,0.000531712,25,10,0,0,25,0,0,0,0
cohort_2,36,offset_c0.8,2,cartesian_ik,,1.0,0.10843950801063329,0.10843950801063329,0.1324378919089213,12.3696306686,0.771464707181,0.0210911395768,0.09654844203439181,3.9708e-05,0.002554216,4.29e-06,0.002309159,0,0,0,0.000125858,2,2,0,0,2,0,0,0,0
cohort_2,36,offset_c0.8,3,cartesian_ik,,1.0,0.1476149259833619,0.1476149259833619,0.17127703793812543,9.00004718181,0.588332612369,0.0185370857492,0.09654844203439181,5.0119e-05,0.000725643,1.945e-06,0.000630394,0,0,0,4.1165e-05,1,1,0,0,1,0,0,0,0
cohort_2,36,offset_c0.8,4,cartesian_ik,,1.0,0.13893807493150234,0.13893807493150234,0.16315779299475253,12.2328593566,0.786752870695,0.0213810002993,0.09460792963835583,1.1986e-05,0.021018766,4.821e-06,0.020707149,0,0,0,0.000187158,11,2,0,0,11,0,0,0,0
cohort_2,36,offset_c0.8,0,joint_projected,,1.0,0.2627764150965959,0.2627764150965959,0.2860772889107466,8.53841038495,0.971451182079,0.00977383227633,0.09654844203439181,0.195388509,0.0010104,0.000207217,0,0.195262572,4.6033e-05,3.0459e-05,0.000330015,190,16,0,0,0,44,15,63,73
cohort_2,36,offset_c0.8,1,joint_projected,,1.0,0.3462872280506417,0.3462872280506417,0.3703476570080966,17.2154790257,1.32432312328,0.0157131470937,0.08507116601159233,0.180714861,0.000535763,0.000102293,0,0.180540268,8.1892e-05,1.4781e-05,0.000180787,96,14,0,0,0,42,9,24,40
cohort_2,36,offset_c0.8,2,joint_projected,,1.0,0.3018974019214511,0.3018974019214511,0.3258088220609352,10.0804449903,0.607922220828,0.00396372443476,0.09654844203439181,0.171521932,5.8149e-05,5.675e-06,0,0.171323678,8.9143e-05,6.4e-07,3.8651e-05,1,1,0,0,0,41,0,0,0
cohort_2,36,offset_c0.8,3,joint_projected,,1.0,0.25544982706196606,0.25544982706196606,0.2793468999443576,8.75365376684,0.673991697661,0.0214398479563,0.09654844203439181,0.174398898,0.000130944,2.713e-05,0,0.174183969,9.7566e-05,2.769e-06,5.0178e-05,16,3,0,0,0,41,1,4,5
cohort_2,36,offset_c0.8,4,joint_projected,,1.0,0.2979323819745332,0.2979323819745332,0.32157471193931997,2.8054641845,0.541734685965,0.00711854008879,0.07666294712556514,0.184031789,0.000762028,0.000178281,0,0.183881212,5.9861e-05,2.0018e-05,0.000238661,151,17,0,0,0,42,30,34,45
cohort_2,36,offset_c0.8,0,ompl_uniform,,1.0,0.09849845303688198,0.09849845303688198,0.10002749401610345,12.8408199738,1.40722102368,0.0109733400153,0.09534305703382731,,,,,,,,,,,,,,,,,
cohort_2,36,offset_c0.8,1,ompl_uniform,,1.0,0.1468189510051161,0.1468189510051161,0.1486911040265113,12.9134780166,4.02578362828,0.021772160689,0.09654844203439181,,,,,,,,,,,,,,,,,
cohort_2,36,offset_c0.8,2,ompl_uniform,,1.0,0.16606541897635907,0.16606541897635907,0.16791044804267585,18.5522615277,2.80248223032,0.0198176157282,0.09654844203439181,,,,,,,,,,,,,,,,,
cohort_2,36,offset_c0.8,3,ompl_uniform,,1.0,0.08096200204454362,0.08096200204454362,0.08254377893172204,12.9270332136,1.26793723024,0.0211207459023,0.09654844203439181,,,,,,,,,,,,,,,,,
cohort_2,36,offset_c0.8,4,ompl_uniform,,1.0,0.2727008570218459,0.2727008570218459,0.27435602608602494,20.0848548893,4.83248910738,0.00432085971455,0.09654844203439181,,,,,,,,,,,,,,,,,
cohort_2,37,offset_c0.8,0,cartesian_ik,,1.0,0.17825649899896234,0.17825649899896234,0.20081359217874706,9.8134919659,0.669201920868,0.00296985701056,0.10474633832973433,4.7241e-05,0.01941205,6.206e-06,0.018962665,0,0,0,0.000250389,7,3,0,0,7,0,0,0,0
cohort_2,37,offset_c0.8,1,cartesian_ik,,1.0,0.12981448997743428,0.12981448997743428,0.15258457406889647,14.622457766,1.00417430266,0.0126658093661,0.10713953157794966,1.1304e-05,0.02480393,3.681e-06,0.024419726,0,0,0,0.000236086,23,11,0,0,23,0,0,0,0
cohort_2,37,offset_c0.8,2,cartesian_ik,,1.0,0.11446638405323029,0.11446638405323029,0.13700885511934757,12.7808809318,0.81239513585,0.0125370736377,0.1147652903640838,1.0464e-05,0.021450115,2.342e-06,0.021394996,0,0,0,1.4197e-05,4,1,0,0,4,0,0,0,0
cohort_2,37,offset_c0.8,3,cartesian_ik,,1.0,0.11534678400494158,0.11534678400494158,0.13778756011743098,3.50556201374,0.466746744963,0.0123067822898,0.1147652903640838,2.753e-05,0.012894679,3.089e-06,0.012444059,0,0,0,0.000319937,11,7,0,0,11,0,0,0,0
cohort_2,37,offset_c0.8,4,cartesian_ik,,1.0,0.1340030221035704,0.1340030221035704,0.15667198516894132,6.91469359625,0.450214110063,0.00467243171156,0.06307989756152117,5.0569e-05,0.004148005,3.505e-06,0.004075239,0,0,0,1.5909e-05,1,1,0,0,1,0,0,0,0
cohort_2,37,offset_c0.8,0,joint_projected,,1.0,0.15168195310980082,0.15168195310980082,0.17446788516826928,9.75037876272,0.886522464167,0.00784998826441,0.1147652903640838,0.015845532,0.000256496,5.5728e-05,0,0.015633036,0.000117334,7.784e-06,8.3663e-05,27,7,0,0,0,15,2,13,0
cohort_2,37,offset_c0.8,1,joint_projected,,1.0,0.17936859698966146,0.17936859698966146,0.20170205004978925,12.607294979,0.959140915889,0.0126592015182,0.08848368961601731,0.028635668,9.2045e-05,1.6954e-05,0,0.028452473,7.5086e-05,2.216e-06,3.8494e-05,6,2,0,0,0,18,1,2,0
cohort_2,37,offset_c0.8,2,joint_projected,,1.0,0.11910654802341014,0.11910654802341014,0.14157371409237385,12.5199234375,0.695923495413,0.0130248869921,0.10981145299854435,0.014906859,0.000159492,4.4084e-05,0,0.014717886,0.00011807,5.866e-06,4.0164e-05,13,2,0,0,0,15,4,7,0
cohort_2,37,offset_c0.8,3,joint_projected,,1.0,0.07307454105466604,0.07307454105466604,0.09568650100845844,4.05401645633,0.457650352382,0.0128197815133,0.08928457831407367,0.032230874,5.3715e-05,7.25e-06,0,0.032107008,6.1552e-05,8.39e-07,1.8066e-05,2,1,0,0,0,19,0,1,0
cohort_2,37,offset_c0.8,4,joint_projected,,1.0,0.15407093102112412,0.15407093102112412,0.1765749080805108,11.732826976,0.77843029518,0.0126008241007,0.1147652903640838,0.039861591,9.5302e-05,2.7686e-05,0,0.039707811,7.1464e-05,2.7e-06,2.6503e-05,13,1,0,0,0,19,3,5,0
cohort_2,37,offset_c0.8,0,ompl_uniform,,1.0,0.1841375690419227,0.1841375690419227,0.185295750037767,14.2838894416,1.13344793672,0.00463767641952,0.06325745382879445,,,,,,,,,,,,,,,,,
cohort_2,37,offset_c0.8,1,ompl_uniform,,1.0,0.15787945897318423,0.15787945897318423,0.15951554500497878,12.6811330079,1.8180621331,0.0102419750549,0.09458257270767605,,,,,,,,,,,,,,,,,
cohort_2,37,offset_c0.8,2,ompl_uniform,,1.0,0.15220764593686908,0.15220764593686908,0.15376132098026574,14.2059599414,1.85772931083,0.0128051821669,0.1147652903640838,,,,,,,,,,,,,,,,,
cohort_2,37,offset_c0.8,3,ompl_uniform,,1.0,0.19913115398958325,0.19913115398958325,0.20074386498890817,13.4365395139,3.19655219733,0.0131746894644,0.1147652903640838,,,,,,,,,,,,,,,,,
cohort_2,37,offset_c0.8,4,ompl_uniform,,1.0,0.11404685094021261,0.11404685094021261,0.11591682396829128,12.8535710741,3.35172450821,0.00252391668638,0.09822567984528252,,,,,,,,,,,,,,,,,
cohort_2,38,offset_c0.8,0,cartesian_ik,,1.0,0.1329468310577795,0.1329468310577795,0.15634048997890204,12.1798792272,0.738380085964,0.00214375718397,0.08650729738154969,5.5067e-05,0.009622488,4.197e-06,0.009434275,0,0,0,8.9653e-05,6,3,0,0,6,0,0,0,0
cohort_2,38,offset_c0.8,1,cartesian_ik,,1.0,0.15588470303919166,0.15588470303919166,0.17858051101211458,8.1006960973,0.6381962655,0.0146727795008,0.08630516385535753,5.0735e-05,0.014817397,4.104e-06,0.014570936,0,0,0,0.000132263,4,1,0,0,4,0,0,0,0
cohort_2,38,offset_c0.8,2,cartesian_ik,,1.0,0.151325743063353,0.151325743063353,0.1737316339276731,14.0722187748,0.973377198076,0.0149932319529,0.08617726827620112,4.2909e-05,0.004128593,4.05e-06,0.003799305,0,0,0,0.000159037,2,2,0,0,2,0,0,0,0
cohort_2,38,offset_c0.8,3,cartesian_ik,,1.0,0.09422265808098018,0.09422265808098018,0.11752455297391862,9.98069284148,0.727006446236,0.0154358361378,0.08684761679586303,4.1724e-05,0.002510724,3.172e-06,0.002350306,0,0,0,8.6725e-05,1,1,0,0,1,0,0,0,0
cohort_2,38,offset_c0.8,4,cartesian_ik,,1.0,0.09689661499578506,0.09689661499578506,0.12062572501599789,9.86148786241,1.03347893482,0.0158813058873,0.08705762090365857,1.2225e-05,0.012972061,2.769e-06,0.012851039,0,0,0,5.3969e-05,5,2,0,0,5,0,0,0,0
cohort_2,38,offset_c0.8,0,joint_projected,,1.0,0.09240372898057103,0.09240372898057103,0.11547304596751928,10.7544014192,1.21624052705,0.0150238159594,0.08642860914397119,0.030101525,0.000110935,2.8324e-05,0,0.029940414,7.6642e-05,3.112e-06,3.2e-05,11,2,0,0,0,19,3,6,0
cohort_2,38,offset_c0.8,1,joint_projected,,1.0,0.1570618839468807,0.1570618839468807,0.17944174294825643,12.2145582429,0.918766437784,0.0151750293053,0.08658809883862223,0.023915996,0.000345221,6.4864e-05,0,0.023775958,5.8566e-05,9.675e-06,0.000148156,32,7,0,0,0,18,5,16,0
cohort_2,38,offset_c0.8,2,joint_projected,,1.0,0.11372090107761323,0.11372090107761323,0.13680621306411922,6.65297074506,0.668617467721,0.0153989461675,0.08640811058811715,0.022140378,0.000146528,4.7801e-05,0,0.021966978,8.2977e-05,5.237e-06,2.3984e-05,23,2,0,0,0,16,4,13,0
cohort_2,38,offset_c0.8,3,joint_projected,,1.0,0.08518289099447429,0.08518289099447429,0.10808628401719034,7.78275158968,0.726781256749,0.0158610860969,0.08687254842033151,0.03224806,4.4163e-05,1.0158e-05,0,0.032102095,9.101e-05,8.51e-07,1.6804e-05,3,1,0,0,0,17,0,1,0
cohort_2,38,offset_c0.8,4,joint_projected,,1.0,0.06288790295366198,0.06288790295366198,0.08579135697800666,7.03676284954,0.497629011866,0.0147323016542,0.08513927354615289,0.018992098,7.3566e-05,1.6099e-05,0,0.018878821,6.9654e-05,1.411e-06,3.2682e-05,6,1,0,0,0,16,3,1,0
cohort_2,38,offset_c0.8,0,ompl_uniform,,1.0,0.16921431897208095,0.16921431897208095,0.17050940997432917,14.3318120257,1.06356550324,0.00442972802583,0.08644411782744962,,,,,,,,,,,,,,,,,
cohort_2,38,offset_c0.8,1,ompl_uniform,,1.0,0.22511417092755437,0.22511417092755437,0.22657793399412185,14.0287767133,3.64536895717,0.0152287503221,0.08663538718075173,,,,,,,,,,,,,,,,,
cohort_2,38,offset_c0.8,2,ompl_uniform,,1.0,0.15416672301944345,0.15416672301944345,0.15609543095342815,17.1638815479,2.21802448398,0.0146292360478,0.08608685682159556,,,,,,,,,,,,,,,,,
cohort_2,38,offset_c0.8,3,ompl_uniform,,1.0,0.20095623889937997,0.20095623889937997,0.20268956199288368,17.6724897949,2.00334702915,0.0149008285761,0.0864110066972664,,,,,,,,,,,,,,,,,
cohort_2,38,offset_c0.8,4,ompl_uniform,,1.0,0.15017621091101319,0.15017621091101319,0.1515019090147689,9.25091515355,0.893074376046,0.0152938134289,0.08605525866835542,,,,,,,,,,,,,,,,,
cohort_2,39,offset_c0.8,0,cartesian_ik,,1.0,0.21763880702201277,0.21763880702201277,0.24045474699232727,12.7041543266,1.37987681149,0.0524135457282,0.10007910070546272,2.4311e-05,0.004245305,3.721e-06,0.003923417,0,0,0,0.00020008,4,4,0,0,4,0,0,0,0
cohort_2,39,offset_c0.8,1,cartesian_ik,,1.0,0.12949363398365676,0.12949363398365676,0.1536803588969633,7.58058973448,0.478095030635,0.00341502603193,0.10372898469048446,2.0785e-05,0.016545858,2.254e-06,0.016418561,0,0,0,6.5145e-05,4,2,0,0,4,0,0,0,0
cohort_2,39,offset_c0.8,2,cartesian_ik,,1.0,0.1494044290157035,0.1494044290157035,0.17260745097883046,10.3202250505,0.958445550159,0.00685912432609,0.11653081664065064,1.3627e-05,0.000725652,2.42e-06,0.00061297,0,0,0,6.0844e-05,1,1,0,0,1,0,0,0,0
cohort_2,39,offset_c0.8,3,cartesian_ik,,1.0,0.11355593707412481,0.11355593707412481,0.1362702149199322,12.9587326834,1.4120383627,0.051965429243,0.1506225785114997,1.124e-05,0.013146932,2.61e-06,0.013011073,0,0,0,6.7665e-05,6,2,0,0,6,0,0,0,0
cohort_2,39,offset_c0.8,4,cartesian_ik,,1.0,0.11354672198649496,0.11354672198649496,0.1363972849212587,12.1044043664,1.05028803291,0.0524319458229,0.14947023815319258,2.1397e-05,0.005553984,2.876e-06,0.00536811,0,0,0,0.000106405,4,2,0,0,4,0,0,0,0
cohort_2,39,offset_c0.8,0,joint_projected,,1.0,0.08169913198798895,0.08169913198798895,0.10447407199535519,9.91772303069,0.691554956468,0.0521310698733,0.148241151920525,0.014665852,7.3636e-05,1.3535e-05,0,0.014514945,9.9776e-05,1.648e-06,3.0285e-05,2,1,0,0,0,15,0,1,0
cohort_2,39,offset_c0.8,1,joint_projected,,1.0,0.14326870790682733,0.14326870790682733,0.16660578292794526,12.700901962,0.967482685494,0.0375967772023,0.0971244200348612,0.020403343,0.000229055,6.1077e-05,0,0.020259517,9.1759e-05,9.74e-06,4.3781e-05,28,4,0,0,0,16,4,20,0
cohort_2,39,offset_c0.8,2,joint_projected,,1.0,0.20647574996110052,0.20647574996110052,0.2294813540065661,13.9840915693,1.22800903659,0.0224444578429,0.0907657290626726,0.02753238,0.000328626,8.0446e-05,0,0.02722148,0.000178757,1.0723e-05,9.7096e-05,40,6,0,0,0,17,7,19,0
cohort_2,39,offset_c0.8,3,joint_projected,,1.0,0.12771423801314086,0.12771423801314086,0.15042091300711036,8.15176010193,0.512011201141,0.0169117293946,0.0855455182333454,0.020575798,5.7284e-05,7.843e-06,0,0.020306303,0.000163494,8.4e-07,3.0393e-05,1,1,0,0,0,15,0,0,0
cohort_2,39,offset_c0.8,4,joint_projected,,1.0,0.17917887109797448,0.17917887109797448,0.20209651591721922,10.6548893828,0.711866153111,0.0431045033865,0.09901103080971695,0.029910362,7.1938e-05,1.6908e-05,0,0.02970154,0.000112436,2.928e-06,2.1788e-05,4,1,0,0,0,18,0,3,0
cohort_2,39,offset_c0.8,0,ompl_uniform,,1.0,0.11745912302285433,0.11745912302285433,0.11867374100256711,12.698995038,2.33466689735,0.0519070468643,0.15108519863818448,,,,,,,,,,,,,,,,,
cohort_2,39,offset_c0.8,1,ompl_uniform,,1.0,0.1330383779713884,0.1330383779713884,0.13415038993116468,13.5494296395,3.80126375833,0.0523279046205,0.15070384632478973,,,,,,,,,,,,,,,,,
cohort_2,39,offset_c0.8,2,ompl_uniform,,1.0,0.31792059901636094,0.31792059901636094,0.31985607894603163,21.0134812032,4.38565089998,0.00416583633346,0.1293321674404237,,,,,,,,,,,,,,,,,
cohort_2,39,offset_c0.8,3,ompl_uniform,,1.0,0.16409922495950013,0.16409922495950013,0.16507145704235882,11.4208603378,1.05517296147,0.00999374129411,0.12308827274660428,,,,,,,,,,,,,,,,,
cohort_2,39,offset_c0.8,4,ompl_uniform,,1.0,0.14239282405469567,0.14239282405469567,0.14358715794514865,12.1911842264,2.07847611812,0.046634663075,0.12238793259555221,,,,,,,,,,,,,,,,,
cohort_2,40,distant_c0.2,0,cartesian_ik,,1.0,0.16946146998088807,0.16946146998088807,0.20269266492687166,14.3629585658,1.63187387257,0.0162791029683,0.12492807224260633,4.9154e-05,0.008046598,4.589e-06,0.007764818,0,0,0,0.000161663,5,3,0,0,5,0,0,0,0
cohort_2,40,distant_c0.2,1,cartesian_ik,,1.0,0.09728494298178703,0.09728494298178703,0.13002870907075703,6.11402320399,0.721617053118,0.0837549199236,0.1774009074235716,3.2112e-05,0.005213803,2.177e-06,0.005080456,0,0,0,5.699e-05,4,4,0,0,4,0,0,0,0
cohort_2,40,distant_c0.2,2,cartesian_ik,,1.0,0.1728586630197242,0.1728586630197242,0.20610875089187175,13.9919497698,0.787709311922,0.0893720265788,0.17740315420663783,4.929e-05,0.003346432,4.338e-06,0.003084885,0,0,0,0.000127159,2,2,0,0,2,0,0,0,0
cohort_2,40,distant_c0.2,3,cartesian_ik,,1.0,0.0917903350200504,0.0917903350200504,0.12504961504600942,13.128962435,0.922971981801,0.0901106070959,0.17740315420663783,1.0465e-05,0.024445307,4.342e-06,0.024138561,0,0,0,0.000191313,11,6,0,0,11,0,0,0,0
cohort_2,40,distant_c0.2,4,cartesian_ik,,1.0,0.08067934599239379,0.08067934599239379,0.11353564099408686,4.50919974429,0.460961701885,0.0096995407382,0.12310058164034346,2.6803e-05,0.007345372,3.296e-06,0.007149657,0,0,0,9.4993e-05,5,2,0,0,5,0,0,0,0
cohort_2,40,distant_c0.2,0,joint_projected,,1.0,0.12312534998636693,0.12312534998636693,0.15613020595628768,8.54431191784,0.483761398312,0.084892454473,0.17740315420663783,0.024068221,3.1675e-05,6.931e-06,0,0.023911485,8.2736e-05,4.29e-07,1.2146e-05,3,1,0,0,0,17,1,0,0
cohort_2,40,distant_c0.2,1,joint_projected,,1.0,0.07204573997296393,0.07204573997296393,0.1052349420497194,4.86853709982,0.374677171831,0.0155125276574,0.11887803694354723,0.02484056,0.000159561,5.1123e-05,0,0.02463667,0.000104747,5.918e-06,3.2331e-05,23,2,0,0,0,17,2,13,0
cohort_2,40,distant_c0.2,2,joint_projected,,1.0,0.06500629091169685,0.06500629091169685,0.09833347599487752,5.84689251071,0.393185920459,0.007736673217,0.11359224697679253,0.017117717,3.853e-05,7.209e-06,0,0.016949118,8.0831e-05,8.07e-07,1.5793e-05,2,1,0,0,0,17,0,1,0
cohort_2,40,distant_c0.2,3,joint_projected,,1.0,0.09128714294638485,0.09128714294638485,0.12444068491458893,2.21879338908,0.378157541231,0.0529598712459,0.16254993696843018,0.020089993,0.000163215,3.1344e-05,0,0.019917418,8.5642e-05,4.264e-06,5.7652e-05,14,5,0,0,0,17,3,6,0
cohort_2,40,distant_c0.2,4,joint_projected,,1.0,0.18132172198966146,0.18132172198966146,0.21479046193417162,12.0618168329,0.776779634332,0.0323175063914,0.13173790287334003,0.026915218,0.000242567,5.5562e-05,0,0.026672174,0.00013606,7.936e-06,7.7986e-05,27,2,0,0,0,18,2,20,0
cohort_2,40,distant_c0.2,0,ompl_uniform,,1.0,0.1128358111018315,0.1128358111018315,0.12434884300455451,14.3671148716,2.4387746427,0.0899800164547,0.17740315420663783,,,,,,,,,,,,,,,,,
cohort_2,40,distant_c0.2,1,ompl_uniform,,1.0,0.1093958830460906,0.1093958830460906,0.11076649697497487,12.9322668358,3.67653682214,0.089294936058,0.17740315420663783,,,,,,,,,,,,,,,,,
cohort_2,40,distant_c0.2,2,ompl_uniform,,1.0,0.12358494591899216,0.12358494591899216,0.1253276199568063,13.2709529037,0.748271351742,0.0696578059183,0.17740315420663783,,,,,,,,,,,,,,,,,
cohort_2,40,distant_c0.2,3,ompl_uniform,,1.0,0.15831773506943136,0.15831773506943136,0.15980737702921033,12.4278958489,1.56141964711,0.0896883104314,0.17740315420663783,,,,,,,,,,,,,,,,,
cohort_2,40,distant_c0.2,4,ompl_uniform,,1.0,0.14123896299861372,0.14123896299861372,0.14312122692354023,13.2932142509,2.78020659411,0.0895727839178,0.17740315420663783,,,,,,,,,,,,,,,,,
cohort_2,41,distant_c0.2,0,cartesian_ik,,1.0,0.1828028509626165,0.1828028509626165,0.2109884590608999,14.1151951856,0.947784256797,0.0611857121981,0.14327963136847874,4.9536e-05,0.001030744,3.297e-06,0.000830798,0,0,0,0.000115393,1,1,0,0,1,0,0,0,0
cohort_2,41,distant_c0.2,1,cartesian_ik,,1.0,0.12245374696794897,0.12245374696794897,0.15044792799744755,14.1355763062,1.16447837035,0.0611857121981,0.13757119266225432,1.1428e-05,0.003989464,8.96e-07,0.003946779,0,0,0,2.3328e-05,1,1,0,0,1,0,0,0,0
cohort_2,41,distant_c0.2,2,cartesian_ik,,1.0,0.1517681130208075,0.1517681130208075,0.17897243693005294,12.0646378472,0.967173597995,0.0611857121981,0.14327963136847874,1.1741e-05,0.005991312,2.595e-06,0.00586134,0,0,0,7.2067e-05,5,3,0,0,5,0,0,0,0
cohort_2,41,distant_c0.2,3,cartesian_ik,,1.0,0.1106332540512085,0.1106332540512085,0.13781479001045227,3.88856909918,0.52768652887,0.0301183096736,0.14191403319327114,4.9094e-05,0.001170382,3.091e-06,0.000952118,0,0,0,0.000118664,1,1,0,0,1,0,0,0,0
cohort_2,41,distant_c0.2,4,cartesian_ik,,1.0,0.07063918199855834,0.07063918199855834,0.09789214702323079,9.37090071154,0.700970644428,0.0544527072008,0.14327963136847874,1.8287e-05,0.015510681,2.426e-06,0.015440563,0,0,0,2.947e-05,4,1,0,0,4,0,0,0,0
cohort_2,41,distant_c0.2,0,joint_projected,,1.0,0.14437279000412673,0.14437279000412673,0.17222321196459234,11.9475199935,0.671124590212,0.000760366549613,0.12551056859951365,0.019225685,7.2224e-05,2.2902e-05,0,0.019021829,9.0852e-05,1.951e-06,1.6052e-05,10,1,0,0,0,16,2,4,0
cohort_2,41,distant_c0.2,1,joint_projected,,1.0,0.03131258091889322,0.03131258091889322,0.058801953913643956,2.40662874309,0.424004380882,0.0598588144608,0.14327963136847874,0.023126539,9.1974e-05,2.5707e-05,0,0.023031945,5.9683e-05,3.933e-06,2.069e-05,7,1,0,0,0,16,0,5,0
cohort_2,41,distant_c0.2,2,joint_projected,,1.0,0.16495907201897353,0.16495907201897353,0.1924683980178088,11.9426811168,0.70725726353,0.0357505457862,0.13625595424402903,0.027903976,3.5751e-05,6.749e-06,0,0.027675262,0.000126826,8.65e-07,1.3948e-05,2,1,0,0,0,17,0,1,0
cohort_2,41,distant_c0.2,3,joint_projected,,1.0,0.07055554795078933,0.07055554795078933,0.09856330195907503,8.41090739771,0.495238059044,0.0309573209556,0.138966162837751,0.020249051,6.5798e-05,2.0371e-05,0,0.020152791,6.1323e-05,1.697e-06,1.7882e-05,8,1,0,0,0,17,2,3,0
cohort_2,41,distant_c0.2,4,joint_projected,,1.0,0.14357682003173977,0.14357682003173977,0.17124371696263552,4.59860496973,0.376326081211,0.023631389644,0.13452362836505546,0.042423146,7.9821e-05,2.5563e-05,0,0.04227674,6.1133e-05,7.93e-07,2.7194e-05,4,2,0,0,0,17,0,0,0
cohort_2,41,distant_c0.2,0,ompl_uniform,,1.0,0.1560498820617795,0.1560498820617795,0.157300402992405,11.8536134595,1.36233446395,0.0604637829236,0.14327963136847874,,,,,,,,,,,,,,,,,
cohort_2,41,distant_c0.2,1,ompl_uniform,,1.0,0.0912902009440586,0.0912902009440586,0.0929712310899049,14.4910768287,2.00824503343,0.0293402531509,0.0915860275205641,,,,,,,,,,,,,,,,,
cohort_2,41,distant_c0.2,2,ompl_uniform,,1.0,0.19810585700906813,0.19810585700906813,0.19918312202207744,13.3043485661,0.841827920359,0.0452062989667,0.14327963136847874,,,,,,,,,,,,,,,,,
cohort_2,41,distant_c0.2,3,ompl_uniform,,1.0,0.18401066004298627,0.18401066004298627,0.18576989194843918,13.9799773794,2.72964932213,0.0381861844262,0.08731579477084203,,,,,,,,,,,,,,,,,
cohort_2,41,distant_c0.2,4,ompl_uniform,,1.0,0.15561120095662773,0.15561120095662773,0.15710493200458586,13.2189032973,3.19870963045,0.0536284884902,0.13156456340904027,,,,,,,,,,,,,,,,,
cohort_2,42,distant_c0.2,0,cartesian_ik,,1.0,0.15381422196514904,0.15381422196514904,0.19053867005277425,12.1590928009,0.947953665568,0.00313904093807,0.08798336495780809,5.1475e-05,0.002398018,4.393e-06,0.002088469,0,0,0,0.000153819,2,2,0,0,2,0,0,0,0
cohort_2,42,distant_c0.2,1,cartesian_ik,,1.0,0.14211826608516276,0.14211826608516276,0.17894021200481802,11.7635388562,0.873609934337,0.0285280126914,0.08832322749537105,4.7143e-05,0.009569379,6.791e-06,0.009311773,0,0,0,8.3058e-05,3,2,0,0,3,0,0,0,0
cohort_2,42,distant_c0.2,2,cartesian_ik,,1.0,0.14646904496476054,0.14646904496476054,0.18348802998661995,5.35677310378,0.452358949572,0.000148064345384,0.08832322749537105,5.0111e-05,0.020987296,8.303e-06,0.020506968,0,0,0,0.000237434,10,7,0,0,10,0,0,0,0
cohort_2,42,distant_c0.2,3,cartesian_ik,,1.0,0.14524796302430332,0.14524796302430332,0.18166617106180638,10.5306501083,0.615450655285,0.0361930936175,0.08832322749537105,2.8395e-05,0.014292912,3.329e-06,0.014186497,0,0,0,4.7426e-05,3,1,0,0,3,0,0,0,0
cohort_2,42,distant_c0.2,4,cartesian_ik,,1.0,0.033478869940154254,0.033478869940154254,0.07026906602550298,3.36250168698,0.399416631741,0.0114860246125,0.08832322749537105,1.3486e-05,0.005846646,2.274e-06,0.005619253,0,0,0,0.00016099,3,2,0,0,3,0,0,0,0
cohort_2,42,distant_c0.2,0,joint_projected,,1.0,0.1019456300418824,0.1019456300418824,0.13871645205654204,11.3123750329,1.02466677868,0.00264272171047,0.08832322749537105,0.019035413,5.9984e-05,9.147e-06,0,0.018880647,9.4163e-05,1.378e-06,3.077e-05,2,1,0,0,0,16,0,1,0
cohort_2,42,distant_c0.2,1,joint_projected,,1.0,0.12018497393000871,0.12018497393000871,0.1575283360434696,12.2663133319,0.780339865903,0.00507193311696,0.08832322749537105,0.012293886,4.6135e-05,1.0538e-05,0,0.012170001,7.9621e-05,1.103e-06,1.7341e-05,3,1,0,0,0,15,0,2,0
cohort_2,42,distant_c0.2,2,joint_projected,,1.0,0.12728555698413402,0.12728555698413402,0.1642690640874207,10.048016095,0.961808898912,0.0320336071456,0.08832322749537105,0.017736315,0.000195337,3.3361e-05,0,0.017542039,0.000101659,3.831e-06,9.9916e-05,16,3,0,0,0,15,4,7,0
cohort_2,42,distant_c0.2,3,joint_projected,,1.0,0.1129106100415811,0.1129106100415811,0.14907080004923046,3.58751370755,0.411008907237,0.00942414573266,0.08832322749537105,0.027502326,0.000148003,3.5178e-05,0,0.027371286,7.4865e-05,5.707e-06,4.0699e-05,15,2,0,0,0,18,0,12,0
cohort_2,42,distant_c0.2,4,joint_projected,,1.0,0.08591822104062885,0.08591822104062885,0.12311064300592989,10.2592464297,0.7842927638,0.0256707425463,0.06686903267891123,0.019256263,0.000177713,3.1089e-05,0,0.019170208,5.4196e-05,4.121e-06,8.5074e-05,14,3,0,0,0,16,2,6,0
cohort_2,42,distant_c0.2,0,ompl_uniform,,1.0,0.13389429601375014,0.13389429601375014,0.13525121798738837,14.2919888446,2.43726675483,0.0228002271468,0.07896045848045591,,,,,,,,,,,,,,,,,
cohort_2,42,distant_c0.2,1,ompl_uniform,,1.0,0.11040961800608784,0.11040961800608784,0.11223376996349543,11.9584926738,2.94097758681,0.0100606531686,0.08832322749537105,,,,,,,,,,,,,,,,,
cohort_2,42,distant_c0.2,2,ompl_uniform,,1.0,0.08984286605846137,0.08984286605846137,0.09143504593521357,14.8930693104,1.52850678407,0.0228093697285,0.08832322749537105,,,,,,,,,,,,,,,,,
cohort_2,42,distant_c0.2,3,ompl_uniform,,1.0,0.12800639600027353,0.12800639600027353,0.12934384192340076,13.510531393,2.13283035787,0.0199459222753,0.08814023197976595,,,,,,,,,,,,,,,,,
cohort_2,42,distant_c0.2,4,ompl_uniform,,1.0,0.12869531800970435,0.12869531800970435,0.12989524903241545,14.3065434837,3.90247713414,0.0140952402933,0.08832322749537105,,,,,,,,,,,,,,,,,
cohort_2,43,distant_c0.2,0,cartesian_ik,,1.0,0.1523209320148453,0.1523209320148453,0.19366435101255774,10.3807816449,0.673215316752,0.0280618006836,0.1280365686817702,4.8896e-05,0.002160068,3.448e-06,0.001973577,0,0,0,9.0873e-05,1,1,0,0,1,0,0,0,0
cohort_2,43,distant_c0.2,1,cartesian_ik,,1.0,0.1312296980759129,0.1312296980759129,0.17285437893588096,13.447621842,0.778121178614,0.0254620674445,0.08557978606596545,3.1474e-05,0.001002508,2.021e-06,0.000889526,0,0,0,6.7243e-05,1,1,0,0,1,0,0,0,0
cohort_2,43,distant_c0.2,2,cartesian_ik,,1.0,0.10863536596298218,0.10863536596298218,0.1496226959861815,12.9118120134,1.06068440962,0.0184271278881,0.06776487147629619,2.153e-05,0.001639045,1.339e-06,0.001571165,0,0,0,3.2361e-05,1,1,0,0,1,0,0,0,0
cohort_2,43,distant_c0.2,3,cartesian_ik,,1.0,0.10749656998086721,0.10749656998086721,0.14836432493757457,8.04947178469,0.453685930652,0.0277099362513,0.12774548049372914,5.0836e-05,0.008346085,4.747e-06,0.00821954,0,0,0,2.2184e-05,2,1,0,0,2,0,0,0,0
cohort_2,43,distant_c0.2,4,cartesian_ik,,1.0,0.05217755201738328,0.05217755201738328,0.0937979620648548,8.38854623322,0.599851578942,0.0286280920447,0.12856491320232943,1.04e-05,0.008581341,1.419e-06,0.008479834,0,0,0,6.601e-05,3,1,0,0,3,0,0,0,0
cohort_2,43,distant_c0.2,0,joint_projected,,1.0,0.08244614105205983,0.08244614105205983,0.12382296798750758,4.35447028898,0.4288903897,0.0284689069412,0.12844187876025165,0.028500799,3.681e-05,4.666e-06,0,0.02835201,6.5776e-05,4.62e-07,2.0999e-05,1,1,0,0,0,18,0,0,0
cohort_2,43,distant_c0.2,1,joint_projected,,1.0,0.1721706329844892,0.1721706329844892,0.21361963299568743,13.2664840354,0.872037576224,0.0281761311747,0.1281436763898139,0.01455704,6.8468e-05,1.8632e-05,0,0.014363051,0.000101236,1.991e-06,1.6668e-05,6,1,0,0,0,15,1,3,0
cohort_2,43,distant_c0.2,2,joint_projected,,1.0,0.05910735507495701,0.05910735507495701,0.10043125494848937,3.20108195363,0.468814902291,0.0276571166851,0.12722431305377552,0.020629849,0.000129736,1.7694e-05,0,0.020475023,8.2714e-05,2.185e-06,6.9636e-05,8,4,0,0,0,15,2,1,0
cohort_2,43,distant_c0.2,3,joint_projected,,1.0,0.07575267797801644,0.07575267797801644,0.11683640500996262,4.37159475126,0.517005750273,0.0282363959438,0.12829844117069356,0.011462607,5.8853e-05,1.5725e-05,0,0.011354007,5.3207e-05,1.91e-06,1.3664e-05,6,1,0,0,0,15,0,4,0
cohort_2,43,distant_c0.2,4,joint_projected,,1.0,0.14100961002986878,0.14100961002986878,0.18253034097142518,6.35156208622,0.369548207074,0.0272513409974,0.09355490494797329,0.02619965,3.7129e-05,4.782e-06,0,0.02601492,8.9332e-05,4.49e-07,2.1252e-05,1,1,0,0,0,17,0,0,0
cohort_2,43,distant_c0.2,0,ompl_uniform,,1.0,0.13171921903267503,0.13171921903267503,0.13310480304062366,13.5704227199,1.48276982194,0.0288201769789,0.1287239855990155,,,,,,,,,,,,,,,,,
cohort_2,43,distant_c0.2,1,ompl_uniform,,1.0,0.16506584698799998,0.16506584698799998,0.1665815250016749,14.773269745,2.27454208145,0.0279112385841,0.1257080973026736,,,,,,,,,,,,,,,,,
cohort_2,43,distant_c0.2,2,ompl_uniform,,1.0,0.07940186897758394,0.07940186897758394,0.08066497708205134,13.0812914426,2.65157681376,0.0278156879667,0.12786927805391363,,,,,,,,,,,,,,,,,
cohort_2,43,distant_c0.2,3,ompl_uniform,,1.0,0.12820631405338645,0.12820631405338645,0.12934290303383023,14.8022528751,1.84902021207,0.0281712344658,0.12819476176024064,,,,,,,,,,,,,,,,,
cohort_2,43,distant_c0.2,4,ompl_uniform,,1.0,0.10653039801400155,0.10653039801400155,0.10818916198331863,13.9727111502,2.01342476751,0.028342013907,0.1283440133526742,,,,,,,,,,,,,,,,,
cohort_2,44,distant_c0.2,0,cartesian_ik,,1.0,0.06435632705688477,0.06435632705688477,0.09665366110857576,2.70595183878,0.384461044277,0.0617543963976,0.15148605744056928,3.9412e-05,0.011659354,2.271e-06,0.01155087,0,0,0,5.2134e-05,4,1,0,0,4,0,0,0,0
cohort_2,44,distant_c0.2,1,cartesian_ik,,1.0,0.19887578603811562,0.19887578603811562,0.23043754894752055,13.8714498606,1.15598670022,0.0343534238567,0.15147044506878024,3.7084e-05,0.003727212,2.459e-06,0.003547676,0,0,0,8.6906e-05,2,2,0,0,2,0,0,0,0
cohort_2,44,distant_c0.2,2,cartesian_ik,,1.0,0.09177349193487316,0.09177349193487316,0.12328725901897997,4.26310948526,0.45150300882,0.0665839089603,0.151036910479757,4.8789e-05,0.005785139,3.805e-06,0.005714421,0,0,0,1.4018e-05,2,1,0,0,2,0,0,0,0
cohort_2,44,distant_c0.2,3,cartesian_ik,,1.0,0.19386206101626158,0.19386206101626158,0.2255560209741816,13.8417589286,1.09644391164,0.0677053591123,0.15227508312186794,4.9918e-05,0.005302487,3.62e-06,0.005230748,0,0,0,1.8397e-05,1,1,0,0,1,0,0,0,0
cohort_2,44,distant_c0.2,4,cartesian_ik,,1.0,0.06422572396695614,0.06422572396695614,0.09580919402651489,12.364101961,1.30193405286,0.0290498490929,0.12704213809662557,1.1276e-05,0.001472639,1.542e-06,0.001418298,0,0,0,2.1788e-05,2,2,0,0,2,0,0,0,0
cohort_2,44,distant_c0.2,0,joint_projected,,1.0,0.1576912939781323,0.1576912939781323,0.19015840499196202,12.3535721777,0.526555292735,0.0332720173133,0.12856938365404727,0.014849193,0.000431579,0.000108191,0,0.014569361,0.000179228,1.5742e-05,0.000135825,10,1,0,0,0,15,1,7,0
cohort_2,44,distant_c0.2,1,joint_projected,,1.0,0.13142212701495737,0.13142212701495737,0.16369223792571574,12.8074270038,0.595798406173,0.067225484522,0.151770605038414,0.019749821,4.3438e-05,1.1018e-05,0,0.019664435,4.5888e-05,7.84e-07,1.4154e-05,4,1,0,0,0,18,1,1,0
cohort_2,44,distant_c0.2,2,joint_projected,,1.0,0.08773707097861916,0.08773707097861916,0.11933123599737883,4.15059102839,0.399058202506,0.0397801200775,0.13725527823094102,0.036606466,8.4277e-05,2.9994e-05,0,0.0364108,6.6753e-05,2.004e-06,1.6021e-05,13,1,0,0,0,17,3,4,0
cohort_2,44,distant_c0.2,3,joint_projected,,1.0,0.11012492200825363,0.11012492200825363,0.14202436001505703,2.2093244045,0.340570564948,0.064445097112,0.15139273755683286,0.022879767,0.000459078,9.92e-05,0,0.022655277,0.000125702,1.2887e-05,0.000177918,28,4,0,0,0,18,3,13,0
cohort_2,44,distant_c0.2,4,joint_projected,,1.0,0.12134686694480479,0.12134686694480479,0.15296096203383058,5.78618905539,0.382106115633,0.0663429518871,0.15093907732746148,0.016056023,4.292e-05,7.493e-06,0,0.015841547,0.00011195,8.24e-07,1.8813e-05,2,1,0,0,0,15,0,1,0
cohort_2,44,distant_c0.2,0,ompl_uniform,,1.0,0.11067899502813816,0.11067899502813816,0.11218325898516923,13.1171694804,1.8457342513,0.0485970365885,0.14553778349670818,,,,,,,,,,,,,,,,,
cohort_2,44,distant_c0.2,1,ompl_uniform,,1.0,0.18836366396863014,0.18836366396863014,0.1899354310007766,13.9461390603,2.20255045301,0.0666838523178,0.15116118326977707,,,,,,,,,,,,,,,,,
cohort_2,44,distant_c0.2,2,ompl_uniform,,1.0,0.09031585999764502,0.09031585999764502,0.09206452302169055,13.1823036589,2.5787585701,0.0664081668868,0.15081796406873763,,,,,,,,,,,,,,,,,
cohort_2,44,distant_c0.2,3,ompl_uniform,,1.0,0.11363428109325469,0.11363428109325469,0.1151993100065738,13.7369411612,0.680644854229,0.0665452479846,0.15095108789905384,,,,,,,,,,,,,,,,,
cohort_2,44,distant_c0.2,4,ompl_uniform,,1.0,0.24097235791850835,0.24097235791850835,0.24211100197862834,13.5324883139,2.59156656352,0.000978795927726,0.1516735089755932,,,,,,,,,,,,,,,,,
cohort_2,45,distant_c0.2,0,cartesian_ik,,1.0,0.07163143705110997,0.07163143705110997,0.09950205101631582,11.5930259661,0.720516467211,0.0475408864126,0.14348178581380594,1.1408e-05,0.000489694,8.32e-07,0.000457136,0,0,0,1.5418e-05,1,1,0,0,1,0,0,0,0
cohort_2,45,distant_c0.2,1,cartesian_ik,,1.0,0.07435438595712185,0.07435438595712185,0.10186299600172788,7.2650293714,0.424027753284,0.0468107499061,0.14348178581380594,6.949e-06,0.032363215,2.146e-06,0.032245972,0,0,0,5.0184e-05,7,3,0,0,7,0,0,0,0
cohort_2,45,distant_c0.2,2,cartesian_ik,,1.0,0.09265392099041492,0.09265392099041492,0.12040232808794826,7.73749071675,0.449550357694,0.0475408864126,0.14348178581380594,4.7985e-05,0.007541502,5.469e-06,0.007236087,0,0,0,0.000140233,4,3,0,0,4,0,0,0,0
cohort_2,45,distant_c0.2,3,cartesian_ik,,1.0,0.042497490998357534,0.042497490998357534,0.07015300390776247,7.39055693708,0.458184832473,0.0472633853053,0.14348178581380594,1.0648e-05,0.008660305,1.38e-06,0.008621976,0,0,0,1.4672e-05,2,1,0,0,2,0,0,0,0
cohort_2,45,distant_c0.2,4,cartesian_ik,,1.0,0.17675360897555947,0.17675360897555947,0.2043245059903711,12.0917626225,0.92109151138,0.0173328713227,0.1288409011597143,2.7355e-05,0.012797868,2.615e-06,0.012677636,0,0,0,5.881e-05,6,3,0,0,6,0,0,0,0
cohort_2,45,distant_c0.2,0,joint_projected,,1.0,0.12390530505217612,0.12390530505217612,0.1508029029937461,1.97730194464,0.371545653099,0.0475408864126,0.14348178581380594,0.021329873,8.9732e-05,9.753e-06,0,0.021109245,0.000115205,1.324e-06,5.1208e-05,2,2,0,0,0,16,0,0,0
cohort_2,45,distant_c0.2,1,joint_projected,,1.0,0.019159746007062495,0.019159746007062495,0.04703308700118214,3.92035293931,0.31304581882,0.0431974833331,0.14348178581380594,0.008735853,3.5551e-05,6.387e-06,0,0.008664462,4.2954e-05,4.61e-07,1.6901e-05,2,1,0,0,0,15,1,0,0
cohort_2,45,distant_c0.2,2,joint_projected,,1.0,0.12775373202748597,0.12775373202748597,0.15553557104431093,12.2206387154,0.997764144045,0.0475408864126,0.14348178581380594,0.021765059,3.8653e-05,6.539e-06,0,0.021591039,8.4936e-05,8.18e-07,1.7161e-05,1,1,0,0,0,17,0,0,0
cohort_2,45,distant_c0.2,3,joint_projected,,1.0,0.1068575729150325,0.1068575729150325,0.1342187209520489,7.56912592989,0.395559911642,0.023278296087,0.1321289949690022,0.01103365,0.000325023,7.8541e-05,0,0.010829266,0.000109343,1.5923e-05,9.9146e-05,12,2,0,0,0,15,0,6,0
cohort_2,45,distant_c0.2,4,joint_projected,,1.0,0.12107477791141719,0.12107477791141719,0.14818786608520895,1.89217937726,0.360075704353,0.0206295991428,0.13596102846057356,0.017391668,3.0566e-05,7.124e-06,0,0.017279412,4.9358e-05,4.3e-07,1.1781e-05,2,1,0,0,0,17,0,0,0
cohort_2,45,distant_c0.2,0,ompl_uniform,,1.0,0.10575733205769211,0.10575733205769211,0.10753260902129114,12.8301204661,1.97962799542,0.00626031497719,0.09278002447522365,,,,,,,,,,,,,,,,,
cohort_2,45,distant_c0.2,1,ompl_uniform,,1.0,0.0963129090378061,0.0963129090378061,0.09791328408755362,13.1828994722,2.54078001753,0.0284790291297,0.10680459366037641,,,,,,,,,,,,,,,,,
cohort_2,45,distant_c0.2,2,ompl_uniform,,1.0,0.12091102299746126,0.12091102299746126,0.12235862493980676,14.4236646431,2.13407628633,0.0475408864126,0.14348178581380594,,,,,,,,,,,,,,,,,
cohort_2,45,distant_c0.2,3,ompl_uniform,,1.0,0.12161282997112721,0.12161282997112721,0.12333096691872925,12.6293027081,3.95347094892,0.00771119019391,0.08255016371036669,,,,,,,,,,,,,,,,,
cohort_2,45,distant_c0.2,4,ompl_uniform,,1.0,0.13253389101009816,0.13253389101009816,0.134475197060965,12.3056094365,0.574655881334,0.0180545186217,0.13713996765859424,,,,,,,,,,,,,,,,,
cohort_2,46,distant_c0.2,0,cartesian_ik,,1.0,0.028230655938386917,0.028230655938386917,0.05493408290203661,5.90113063626,0.41334269798,0.0339673502628,0.14492376117263703,1.1333e-05,0.000281724,1.217e-06,0.000234439,0,0,0,2.9624e-05,1,1,0,0,1,0,0,0,0
cohort_2,46,distant_c0.2,1,cartesian_ik,,1.0,0.16093222796916962,0.16093222796916962,0.1879444899968803,12.2351136823,1.0673447643,0.059688134336,0.14874795027271978,4.7571e-05,0.005631074,5.536e-06,0.005244165,0,0,0,0.00020954,2,2,0,0,2,0,0,0,0
cohort_2,46,distant_c0.2,2,cartesian_ik,,1.0,0.1433873389614746,0.1433873389614746,0.1702967690071091,12.4635619219,0.873822613474,0.0584184677048,0.1478458305473455,5.1233e-05,0.004075162,3.058e-06,0.00385761,0,0,0,0.000113923,1,1,0,0,1,0,0,0,0
cohort_2,46,distant_c0.2,3,cartesian_ik,,1.0,0.20298248704057187,0.20298248704057187,0.2304219090146944,12.9677531482,0.66313174867,0.034976195236,0.1485453553942617,2.7089e-05,0.003166359,2.365e-06,0.003046564,0,0,0,5.5002e-05,4,3,0,0,4,0,0,0,0
cohort_2,46,distant_c0.2,4,cartesian_ik,,1.0,0.08878320502117276,0.08878320502117276,0.11621159606147557,2.43673462957,0.336779643004,0.0449949736686,0.1455688926924842,4.82e-05,0.009745719,4.598e-06,0.009504766,0,0,0,0.000113276,2,1,0,0,2,0,0,0,0
cohort_2,46,distant_c0.2,0,joint_projected,,1.0,0.12028178898617625,0.12028178898617625,0.14658527390565723,2.2765658195,0.427999031104,0.0598794449982,0.14888287692503463,0.027689114,0.000151207,3.0241e-05,0,0.027466363,0.00011908,3.586e-06,6.0079e-05,9,3,0,0,0,16,0,4,0
cohort_2,46,distant_c0.2,1,joint_projected,,1.0,0.17510631203185767,0.17510631203185767,0.20221707096789032,12.7632585216,0.636879652917,0.0601908421874,0.14923254781873818,0.021325376,9.6313e-05,1.38e-05,0,0.021039978,0.000166915,1.481e-06,4.8936e-05,1,1,0,0,0,15,0,0,0
cohort_2,46,distant_c0.2,2,joint_projected,,1.0,0.13666489301249385,0.13666489301249385,0.16352895402815193,7.01875363317,0.366338651177,0.0584197533374,0.1481882718213245,0.015040168,4.1512e-05,7.091e-06,0,0.014845153,0.000108354,8.55e-07,1.9324e-05,2,1,0,0,0,16,0,1,0
cohort_2,46,distant_c0.2,3,joint_projected,,1.0,0.18916796799749136,0.18916796799749136,0.2162422880064696,11.8260647484,0.433573824122,0.0417439232007,0.14397185901990445,0.034875807,0.000125003,3.0646e-05,0,0.034704098,8.5944e-05,3.541e-06,4.1187e-05,15,1,0,0,0,17,3,5,0
cohort_2,46,distant_c0.2,4,joint_projected,,1.0,0.15822725498583168,0.15822725498583168,0.18562253192067146,12.6212405396,0.639587029669,0.0593811723657,0.14850922628796823,0.028209747,0.000105502,1.9359e-05,0,0.02799054,0.000130347,2.204e-06,5.2568e-05,5,1,0,0,0,17,1,1,0
cohort_2,46,distant_c0.2,0,ompl_uniform,,1.0,0.1884218699997291,0.1884218699997291,0.18986735306680202,14.9881417629,3.0948339105,0.0169323149729,0.07866349212467298,,,,,,,,,,,,,,,,,
cohort_2,46,distant_c0.2,1,ompl_uniform,,1.0,0.1369319090154022,0.1369319090154022,0.13850407709833235,13.0749032983,1.84502967553,0.0595659542842,0.14872222223946788,,,,,,,,,,,,,,,,,
cohort_2,46,distant_c0.2,2,ompl_uniform,,1.0,0.14635125501081347,0.14635125501081347,0.14791076502297074,13.4978060969,1.34897976716,0.0403053933519,0.12003303161739531,,,,,,,,,,,,,,,,,
cohort_2,46,distant_c0.2,3,ompl_uniform,,1.0,0.0990139109781012,0.0990139109781012,0.10075502202380449,11.4452335356,2.70589384525,0.0597495294798,0.14886346204023782,,,,,,,,,,,,,,,,,
cohort_2,46,distant_c0.2,4,ompl_uniform,,1.0,0.16146685497369617,0.16146685497369617,0.16324216593056917,13.8565558849,2.33353787067,0.0591589499932,0.14833002796437406,,,,,,,,,,,,,,,,,
cohort_2,47,distant_c0.2,0,cartesian_ik,,1.0,0.2608902979409322,0.2608902979409322,0.2855058868881315,21.6279404209,1.34409784587,0.00972934863152,0.07016617853014902,1.2005e-05,0.012245943,4.134e-06,0.012020776,0,0,0,0.000120172,7,4,0,0,7,0,0,0,0
cohort_2,47,distant_c0.2,1,cartesian_ik,,1.0,0.16323009703774005,0.16323009703774005,0.1879663149593398,12.3410148836,0.70399254143,0.0196342798778,0.126360437628507,5.2575e-05,0.014995316,3.2218e-05,0.014606638,0,0,0,0.000187103,7,5,0,0,7,0,0,0,0
cohort_2,47,distant_c0.2,2,cartesian_ik,,1.0,0.07757917698472738,0.07757917698472738,0.10150552296545357,6.48832419456,0.427214688706,0.0728368240529,0.13056100097815385,1.2423e-05,0.01217756,4.693e-06,0.0119506,0,0,0,0.000107731,6,5,0,0,6,0,0,0,0
cohort_2,47,distant_c0.2,3,cartesian_ik,,1.0,0.08879771293140948,0.08879771293140948,0.11328317492734641,8.80171106816,0.522876103302,0.0316469855643,0.13056100097815385,5.1829e-05,0.002922358,4.601e-06,0.002685861,0,0,0,0.000112654,2,2,0,0,2,0,0,0,0
cohort_2,47,distant_c0.2,4,cartesian_ik,,1.0,0.07221683510579169,0.07221683510579169,0.09675146592780948,7.45543667696,0.498381377653,0.0146755397026,0.12996834843799626,1.8215e-05,0.013607941,4.058e-06,0.013449591,0,0,0,7.9847e-05,4,2,0,0,4,0,0,0,0
cohort_2,47,distant_c0.2,0,joint_projected,,1.0,0.13036362500861287,0.13036362500861287,0.15522552886977792,12.6186110485,1.0768665265,0.049763389435,0.13056100097815385,0.021947567,0.000171017,3.8202e-05,0,0.02162541,0.000187144,6.79e-06,5.1882e-05,16,4,0,0,0,15,0,12,0
cohort_2,47,distant_c0.2,1,joint_projected,,1.0,0.11960827198345214,0.11960827198345214,0.1441220099804923,2.70214385421,0.394256436518,0.0356885033524,0.13056100097815385,0.025837402,0.000135156,3.3187e-05,0,0.02561994,0.000114554,4.891e-06,3.6643e-05,10,2,0,0,0,16,1,6,0
cohort_2,47,distant_c0.2,2,joint_projected,,1.0,0.1085876259021461,0.1085876259021461,0.132570237852633,3.89871132919,0.464510888386,0.00859257848751,0.12281810771966624,0.023802905,4.5202e-05,9.518e-06,0,0.023641709,7.0983e-05,1.172e-06,1.7212e-05,3,1,0,0,0,17,0,2,0
cohort_2,47,distant_c0.2,3,joint_projected,,1.0,0.14240333996713161,0.14240333996713161,0.16669839282985777,6.74109226682,0.588511591652,0.0157950438448,0.13056100097815385,0.017414074,0.000135867,3.6756e-05,0,0.0172089,0.000104764,4.574e-06,2.9572e-05,18,3,0,0,0,17,1,10,0
cohort_2,47,distant_c0.2,4,joint_projected,,1.0,0.02608838491141796,0.02608838491141796,0.05015350389294326,2.99288560257,0.415879501143,0.00693038683736,0.11212552473589892,0.013260134,0.0001032,2.7309e-05,0,0.013170876,5.6787e-05,3.815e-06,2.6972e-05,11,1,0,0,0,16,1,7,0
cohort_2,47,distant_c0.2,0,ompl_uniform,,1.0,0.14749038801528513,0.14749038801528513,0.1486812650691718,12.0758905956,1.53360033844,0.0439796326955,0.13056100097815385,,,,,,,,,,,,,,,,,
cohort_2,47,distant_c0.2,1,ompl_uniform,,1.0,0.12527281907387078,0.12527281907387078,0.1268344019772485,13.9094055663,3.06476200408,0.0631967581892,0.13056100097815385,,,,,,,,,,,,,,,,,
cohort_2,47,distant_c0.2,2,ompl_uniform,,1.0,0.16127019003033638,0.16127019003033638,0.1631225700257346,13.4819273907,2.56773135388,0.0726498157503,0.13056100097815385,,,,,,,,,,,,,,,,,
cohort_2,47,distant_c0.2,3,ompl_uniform,,1.0,0.11895093193743378,0.11895093193743378,0.12045351997949183,11.6334688857,2.43750992608,0.0430959928034,0.13054640632088213,,,,,,,,,,,,,,,,,
cohort_2,47,distant_c0.2,4,ompl_uniform,,1.0,0.15319100103806704,0.15319100103806704,0.1550827770261094,13.8104253885,2.64413012791,0.0653254887232,0.13056100097815385,,,,,,,,,,,,,,,,,
cohort_2,48,distant_c0.2,0,cartesian_ik,,1.0,0.0857861980330199,0.0857861980330199,0.10968001396395266,3.14035678706,0.424395508654,0.0174602410043,0.1572715664348499,4.9623e-05,0.005628446,5.691e-06,0.005252304,0,0,0,0.000267446,4,1,0,0,4,0,0,0,0
cohort_2,48,distant_c0.2,1,cartesian_ik,,1.0,0.20890737208537757,0.20890737208537757,0.23219192901160568,13.2984160857,0.799965046182,0.0019153661926,0.1809289687534727,2.8384e-05,0.001446515,2.142e-06,0.001349395,0,0,0,4.1596e-05,1,1,0,0,1,0,0,0,0
cohort_2,48,distant_c0.2,2,cartesian_ik,,1.0,0.081041055964306,0.081041055964306,0.10475614794995636,6.30544837559,0.450563599553,0.0180997053326,0.18247028168491045,4.9396e-05,0.002526501,3.428e-06,0.002376208,0,0,0,6.931e-05,1,1,0,0,1,0,0,0,0
cohort_2,48,distant_c0.2,3,cartesian_ik,,1.0,0.21786622190847993,0.21786622190847993,0.24164339993149042,12.4952836783,0.926458986763,0.0179819516079,0.18252636120253612,4.4121e-05,0.001780318,2.542e-06,0.001604648,0,0,0,0.000105579,1,1,0,0,1,0,0,0,0
cohort_2,48,distant_c0.2,4,cartesian_ik,,1.0,0.16135855996981263,0.16135855996981263,0.18498687399551272,13.8138173886,0.91487740293,0.017504233037,0.1819433678480986,5.1576e-05,0.002292136,3.725e-06,0.00209245,0,0,0,0.000114842,1,1,0,0,1,0,0,0,0
cohort_2,48,distant_c0.2,0,joint_projected,,1.0,0.08201592590194196,0.08201592590194196,0.10529735090676695,3.44435990925,0.473404921337,0.0181771276615,0.1576234377300032,0.030924575,4.3307e-05,1.175e-05,0,0.030778019,6.6402e-05,7.96e-07,1.4403e-05,4,1,0,0,0,17,0,1,0
cohort_2,48,distant_c0.2,1,joint_projected,,1.0,0.09629505197517574,0.09629505197517574,0.11975917604286224,4.78007304773,0.471869908393,0.018135502449,0.13716724063814073,0.011258085,0.000108274,2.8192e-05,0,0.011062821,0.000101132,2.12e-06,3.5793e-05,8,2,0,0,0,15,1,1,0
cohort_2,48,distant_c0.2,2,joint_projected,,1.0,0.1051718449452892,0.1051718449452892,0.12875540694221854,4.40340795682,0.452124358026,0.0135532316829,0.11590950332136411,0.019127065,4.6121e-05,9.944e-06,0,0.018940969,9.1249e-05,1.173e-06,1.8602e-05,3,1,0,0,0,15,0,2,0
cohort_2,48,distant_c0.2,3,joint_projected,,1.0,0.09404581598937511,0.09404581598937511,0.1167187390383333,3.02486473743,0.416053055697,0.018416248434,0.1745094661586561,0.019347189,9.4128e-05,1.6474e-05,0,0.019171539,0.000108007,1.991e-06,3.5536e-05,3,2,0,0,0,16,0,1,0
cohort_2,48,distant_c0.2,4,joint_projected,,1.0,0.059176185983233154,0.059176185983233154,0.08297723694704473,3.49010075443,0.458353481182,0.0179710230152,0.18236937108106469,0.00993949,0.00010549,7.602e-06,0,0.00980512,7.2541e-05,8.51e-07,7.7762e-05,2,2,0,0,0,15,0,0,0
cohort_2,48,distant_c0.2,0,ompl_uniform,,1.0,0.13977234601043165,0.13977234601043165,0.14165401901118457,13.5535272759,0.897253240339,0.0188676515007,0.18348230556273865,,,,,,,,,,,,,,,,,
cohort_2,48,distant_c0.2,1,ompl_uniform,,1.0,0.2035766929620877,0.2035766929620877,0.205737481941469,14.5056865791,2.81468023467,0.0182588098205,0.18269728633098284,,,,,,,,,,,,,,,,,
cohort_2,48,distant_c0.2,2,ompl_uniform,,1.0,0.13599687395617366,0.13599687395617366,0.13729866000358015,13.8292224455,2.18158726865,0.0179840522974,0.1824559505692836,,,,,,,,,,,,,,,,,
cohort_2,48,distant_c0.2,3,ompl_uniform,,1.0,0.16382238105870783,0.16382238105870783,0.16530144307762384,14.6226549957,2.37046769686,0.0176019206685,0.18215526917103572,,,,,,,,,,,,,,,,,
cohort_2,48,distant_c0.2,4,ompl_uniform,,1.0,0.16249248606618494,0.16249248606618494,0.16444977605715394,13.9450902217,3.38935918702,0.0183734971459,0.1827915617222807,,,,,,,,,,,,,,,,,
cohort_2,49,distant_c0.2,0,cartesian_ik,,1.0,0.12103544105775654,0.12103544105775654,0.15776277997065336,13.2630436858,1.09178957145,0.0112708071611,0.12642229417215609,4.9905e-05,0.00893646,4.255e-06,0.008593336,0,0,0,0.000179933,5,4,0,0,5,0,0,0,0
cohort_2,49,distant_c0.2,1,cartesian_ik,,1.0,0.11650859797373414,0.11650859797373414,0.15302899305243045,10.874724556,0.887976025738,0.0607153217878,0.1550843666065321,5.015e-05,0.004631448,3.777e-06,0.00451638,0,0,0,3.9287e-05,3,3,0,0,3,0,0,0,0
cohort_2,49,distant_c0.2,2,cartesian_ik,,1.0,0.05630522302817553,0.05630522302817553,0.09278229402843863,2.89700907334,0.420838736182,0.0623153805806,0.16373884309718653,5.0886e-05,0.004546979,3.569e-06,0.004473138,0,0,0,1.5544e-05,1,1,0,0,1,0,0,0,0
cohort_2,49,distant_c0.2,3,cartesian_ik,,1.0,0.09718388400506228,0.09718388400506228,0.13434287707787007,11.476883063,0.817231539652,0.0209301406083,0.12819712588513743,3.395e-05,0.006997347,2.437e-06,0.006932503,0,0,0,1.5817e-05,3,2,0,0,3,0,0,0,0
cohort_2,49,distant_c0.2,4,cartesian_ik,,1.0,0.09981909103225917,0.09981909103225917,0.13620223593898118,4.08027189975,0.385353933451,0.0734056005012,0.16373884309718653,3.3937e-05,0.016289282,3.03e-06,0.016171139,0,0,0,3.4257e-05,5,2,0,0,5,0,0,0,0
cohort_2,49,distant_c0.2,0,joint_projected,,1.0,0.08990975900087506,0.08990975900087506,0.12722317199222744,3.29608353799,0.352046423604,0.0698522964926,0.1636518092226896,0.016225548,6.8901e-05,1.5507e-05,0,0.016050015,8.3739e-05,1.921e-06,2.1875e-05,3,1,0,0,0,15,0,2,0
cohort_2,49,distant_c0.2,1,joint_projected,,1.0,0.1154712219722569,0.1154712219722569,0.1514771319925785,6.8719760339,0.489547258463,0.0323228705032,0.14234626096769376,0.01737837,0.000122121,3.6615e-05,0,0.017209585,8.1251e-05,3.049e-06,3.1556e-05,11,4,0,0,0,17,2,4,0
cohort_2,49,distant_c0.2,2,joint_projected,,1.0,0.14982021402101964,0.14982021402101964,0.186675913981162,10.113771063,0.672124128367,0.0624789431679,0.1579836196870196,0.017224176,9.7205e-05,2.1739e-05,0,0.017051151,8.3725e-05,3.875e-06,2.6413e-05,6,2,0,0,0,16,0,4,0
cohort_2,49,distant_c0.2,3,joint_projected,,1.0,0.15134381095413119,0.15134381095413119,0.1877735040616244,9.25962056041,0.44487705679,0.0299262032211,0.14291348857746444,0.028106648,0.000108472,3.2591e-05,0,0.02792408,9.5224e-05,2.408e-06,3.6166e-05,9,2,0,0,0,18,0,5,0
cohort_2,49,distant_c0.2,4,joint_projected,,1.0,0.047949085012078285,0.047949085012078285,0.08503315504640341,2.55017473707,0.323342779562,0.0287949300266,0.1393196986247281,0.016653481,0.000158254,3.6249e-05,0,0.016477853,0.000102662,4.38e-06,6.1065e-05,16,1,0,0,0,15,0,9,0
cohort_2,49,distant_c0.2,0,ompl_uniform,,1.0,0.09176772297360003,0.09176772297360003,0.0929756440455094,12.7765422303,2.8476504681,0.0911490348671,0.16373884309718653,,,,,,,,,,,,,,,,,
cohort_2,49,distant_c0.2,1,ompl_uniform,,1.0,0.1829768109600991,0.1829768109600991,0.18463330995291471,13.7525428371,3.16152085201,0.0680071221435,0.13054752338264924,,,,,,,,,,,,,,,,,
cohort_2,49,distant_c0.2,2,ompl_uniform,,1.0,0.14821265905629843,0.14821265905629843,0.14956649695523083,11.3383679706,2.72178715761,0.0784828428734,0.16075957803824703,,,,,,,,,,,,,,,,,
cohort_2,49,distant_c0.2,3,ompl_uniform,,1.0,0.12981217401102185,0.12981217401102185,0.1312384200282395,13.7027468527,3.4579992456,0.0911490348671,0.16373884309718653,,,,,,,,,,,,,,,,,
cohort_2,49,distant_c0.2,4,ompl_uniform,,1.0,0.15009136404842138,0.15009136404842138,0.15153175103478134,12.3630519625,2.33843955569,0.0911490348671,0.16373884309718653,,,,,,,,,,,,,,,,,
cohort_2,50,distant_c0.8,0,cartesian_ik,,1.0,0.09816137794405222,0.09816137794405222,0.1282005050452426,12.9117976222,1.35901255227,0.0504754267989,0.15382482974567974,2.551e-05,0.00672177,2.158e-06,0.006667105,0,0,0,1.5447e-05,3,2,0,0,3,0,0,0,0
cohort_2,50,distant_c0.8,1,cartesian_ik,,1.0,0.027500899974256754,0.027500899974256754,0.05698873207438737,4.09537990391,0.538145540145,0.0634624651397,0.21048736435138873,9.158e-06,0.002313443,1.505e-06,0.002202533,0,0,0,6.6428e-05,2,1,0,0,2,0,0,0,0
cohort_2,50,distant_c0.8,2,cartesian_ik,,1.0,0.13886622490826994,0.13886622490826994,0.16865928412880749,9.56374616359,0.732151797067,0.0516174121495,0.15766917563505353,5.1594e-05,0.002534266,2.2916e-05,0.002356463,0,0,0,7.3802e-05,1,1,0,0,1,0,0,0,0
cohort_2,50,distant_c0.8,3,cartesian_ik,,1.0,0.056940949987620115,0.056940949987620115,0.08676402200944722,5.39465737033,0.597034866683,0.062860616912,0.20308582578065526,2.6292e-05,0.004735778,2.094e-06,0.004613088,0,0,0,5.7883e-05,1,1,0,0,1,0,0,0,0
cohort_2,50,distant_c0.8,4,cartesian_ik,,1.0,0.13184079399798065,0.13184079399798065,0.16150939709041268,7.17691821737,0.433464989933,0.0450805199842,0.14833179453447676,5.1213e-05,0.001743482,2.917e-06,0.001584165,0,0,0,7.6137e-05,1,1,0,0,1,0,0,0,0
cohort_2,50,distant_c0.8,0,joint_projected,,1.0,0.09750292298849672,0.09750292298849672,0.12723977805580944,4.89861702614,0.563297771058,0.0625082211246,0.21053297641352095,0.026552071,4.1753e-05,1.1138e-05,0,0.026412298,7.3281e-05,1.171e-06,1.165e-05,4,1,0,0,0,17,0,2,0
cohort_2,50,distant_c0.8,1,joint_projected,,1.0,0.04184824600815773,0.04184824600815773,0.07119727809913456,2.37638384892,0.490620637256,0.0623416956612,0.1823120070237353,0.01011824,4.4057e-05,6.591e-06,0,0.009927454,0.000119446,7.66e-07,2.2159e-05,1,1,0,0,0,15,0,0,0
cohort_2,50,distant_c0.8,2,joint_projected,,1.0,0.13287076295819134,0.13287076295819134,0.16294232103973627,12.9103626434,1.41154165813,0.0543362878233,0.15409093623848508,0.028678339,8.6096e-05,1.8233e-05,0,0.028504608,9.3683e-05,2.052e-06,3.1925e-05,6,2,0,0,0,17,0,2,0
cohort_2,50,distant_c0.8,3,joint_projected,,1.0,0.04537684307433665,0.04537684307433665,0.07581715600099415,2.8057387674,0.518304946294,0.062169652305,0.1738715844091019,0.017893101,0.000194242,4.8058e-05,0,0.017804008,5.3644e-05,6.982e-06,4.978e-05,22,3,0,0,0,16,0,16,0
cohort_2,50,distant_c0.8,4,joint_projected,,1.0,0.06794501794502139,0.06794501794502139,0.09771732112858444,9.59219017817,0.585888799115,0.0630873554807,0.21111206065650004,0.021209966,5.2349e-05,4.537e-06,0,0.021129056,4.6086e-05,4.22e-07,3.7456e-05,1,1,0,0,0,17,0,0,0
cohort_2,50,distant_c0.8,0,ompl_uniform,,1.0,0.07691504096146673,0.07691504096146673,0.07795719103887677,9.07105726671,0.814291889281,0.0628328348898,0.21076818101286302,,,,,,,,,,,,,,,,,
cohort_2,50,distant_c0.8,1,ompl_uniform,,1.0,0.1607944539282471,0.1607944539282471,0.16231103392783552,13.3177505722,2.60132316411,0.0629935439775,0.21081495383114449,,,,,,,,,,,,,,,,,
cohort_2,50,distant_c0.8,2,ompl_uniform,,1.0,0.16004611004609615,0.16004611004609615,0.16168587596621364,10.2945737732,0.80646229866,0.0628029161922,0.21062220615501925,,,,,,,,,,,,,,,,,
cohort_2,50,distant_c0.8,3,ompl_uniform,,1.0,0.13722140702884644,0.13722140702884644,0.13832448003813624,12.0018491453,0.453053231956,0.0630316004898,0.2047164815884975,,,,,,,,,,,,,,,,,
cohort_2,50,distant_c0.8,4,ompl_uniform,,1.0,0.16403394506778568,0.16403394506778568,0.16525754693429917,13.1231162653,3.21631197239,0.0633149560107,0.21104181341393324,,,,,,,,,,,,,,,,,
cohort_2,51,distant_c0.8,0,cartesian_ik,,1.0,0.16320440697018057,0.16320440697018057,0.1905960381263867,10.014999408,0.629755295655,0.00065434760133,0.05207031205422867,3.4285e-05,0.002657189,2.413e-06,0.002514686,0,0,0,7.0663e-05,1,1,0,0,1,0,0,0,0
cohort_2,51,distant_c0.8,1,cartesian_ik,,1.0,0.11201132193673402,0.11201132193673402,0.1398009790573269,12.9277359367,1.00548198334,0.00141394210291,0.05204026009543708,1.3728e-05,0.002490164,1.538e-06,0.002394345,0,0,0,5.7808e-05,2,2,0,0,2,0,0,0,0
cohort_2,51,distant_c0.8,2,cartesian_ik,,1.0,0.19158091500867158,0.19158091500867158,0.21906139806378633,13.0695575946,0.819697008319,0.000969033036701,0.051462477481968846,3.2978e-05,0.011793306,3.556e-06,0.01145886,0,0,0,0.000174073,4,2,0,0,4,0,0,0,0
cohort_2,51,distant_c0.8,3,cartesian_ik,,1.0,0.12811125500593334,0.12811125500593334,0.15634370013140142,9.37429364611,0.823496555092,0.00103025970206,0.051543565672782746,2.7963e-05,0.007099013,3.05e-06,0.006923469,0,0,0,8.9273e-05,3,1,0,0,3,0,0,0,0
cohort_2,51,distant_c0.8,4,cartesian_ik,,1.0,0.0806718859821558,0.0806718859821558,0.10862460208591074,11.3059949657,0.750917345578,0.00133112952497,0.05214567682102156,1.3194e-05,0.00542524,4.735e-06,0.00510168,0,0,0,0.000149445,3,3,0,0,3,0,0,0,0
cohort_2,51,distant_c0.8,0,joint_projected,,1.0,0.12933617900125682,0.12933617900125682,0.15636920114047825,3.12213021368,0.604792417689,0.00139269238645,0.051398936980870016,0.024304624,0.000249251,5.923e-05,0,0.02414322,9.7628e-05,8.006e-06,7.1574e-05,31,6,0,0,0,16,2,15,0
cohort_2,51,distant_c0.8,1,joint_projected,,1.0,0.17408796097151935,0.17408796097151935,0.20190735801588744,11.3820904689,0.75750114059,0.00130233562173,0.0513988799015582,0.010341343,3.6861e-05,9.277e-06,0,0.010221286,5.9227e-05,1.155e-06,1.0431e-05,3,1,0,0,0,15,0,2,0
cohort_2,51,distant_c0.8,2,joint_projected,,1.0,0.03539205202832818,0.03539205202832818,0.0629758631112054,3.29459051768,0.53553097985,0.00146327905197,0.05097327718330137,0.021715293,3.8396e-05,6.461e-06,0,0.021643819,4.0524e-05,7.82e-07,1.743e-05,2,1,0,0,0,18,0,1,0
cohort_2,51,distant_c0.8,3,joint_projected,,1.0,0.08576684899162501,0.08576684899162501,0.11321903113275766,5.70354085367,0.683107217948,0.00116363911972,0.05193797733022014,0.024631047,0.000259212,5.1173e-05,0,0.024359618,0.000171393,6.883e-06,0.000101341,8,2,0,0,0,15,0,4,0
cohort_2,51,distant_c0.8,4,joint_projected,,1.0,0.1431169849820435,0.1431169849820435,0.17084387002978474,6.92194069575,0.599425355943,0.000724599924942,0.05155271538938043,0.014907018,0.000185849,5.8087e-05,0,0.014727953,9.3394e-05,5.059e-06,3.3521e-05,11,1,0,0,0,15,3,5,0
cohort_2,51,distant_c0.8,0,ompl_uniform,,1.0,0.16855233104433864,0.16855233104433864,0.17024944489821792,14.7159869952,2.00778222859,0.000182789803949,0.05094989047774966,,,,,,,,,,,,,,,,,
cohort_2,51,distant_c0.8,1,ompl_uniform,,1.0,0.18416274106130004,0.18416274106130004,0.18584842595737427,14.0572466705,1.90115670355,0.00119182231222,0.05137366449281296,,,,,,,,,,,,,,,,,
cohort_2,51,distant_c0.8,2,ompl_uniform,,1.0,0.15422398399095982,0.15422398399095982,0.15616487502120435,14.8956367197,3.42448254335,0.00105106633436,0.05212003214949627,,,,,,,,,,,,,,,,,
cohort_2,51,distant_c0.8,3,ompl_uniform,,1.0,0.1372247899416834,0.1372247899416834,0.13899325800593942,15.1869716955,2.38805220817,0.00148346198151,0.05127487338542169,,,,,,,,,,,,,,,,,
cohort_2,51,distant_c0.8,4,ompl_uniform,,1.0,0.09187110897619277,0.09187110897619277,0.0935851710382849,11.9164970484,3.14111090413,0.000994021539529,0.05166219737214797,,,,,,,,,,,,,,,,,
cohort_2,52,distant_c0.8,0,cartesian_ik,,1.0,0.10998457297682762,0.10998457297682762,0.1348284820560366,4.60426558731,0.419469367209,0.00222391751733,0.10756319781858048,4.8903e-05,0.001068089,3.657e-06,0.000895271,0,0,0,8.8117e-05,1,1,0,0,1,0,0,0,0
cohort_2,52,distant_c0.8,1,cartesian_ik,,1.0,0.16740335593931377,0.16740335593931377,0.1926370869623497,10.443693421,0.698713798712,0.0524389464669,0.15939047002584364,3.7986e-05,0.026263063,3.8e-06,0.026185081,0,0,0,1.3118e-05,6,1,0,0,6,0,0,0,0
cohort_2,52,distant_c0.8,2,cartesian_ik,,1.0,0.18775167199783027,0.18775167199783027,0.21306484600063413,13.7328451975,1.33347315017,0.0976478602237,0.17480872927567245,4.9709e-05,0.005319064,3.498e-06,0.005242454,0,0,0,1.5469e-05,2,1,0,0,2,0,0,0,0
cohort_2,52,distant_c0.8,3,cartesian_ik,,1.0,0.15599436894990504,0.15599436894990504,0.18057629198301584,13.846663382,1.41281258317,0.010783010165,0.1253919476191844,3.072e-05,0.006137287,1.846e-06,0.005979359,0,0,0,7.517e-05,2,1,0,0,2,0,0,0,0
cohort_2,52,distant_c0.8,4,cartesian_ik,,1.0,0.12042564293369651,0.12042564293369651,0.14595879206899554,13.2912601282,1.16145604523,0.0976478602237,0.17480872927567245,2.2315e-05,0.007765974,2.294e-06,0.007654339,0,0,0,5.7042e-05,2,2,0,0,2,0,0,0,0
cohort_2,52,distant_c0.8,0,joint_projected,,1.0,0.14816999097820371,0.14816999097820371,0.17327189701609313,3.14682509446,0.58712367718,0.0622813787696,0.16887078024767493,0.094838533,0.000149402,3.3573e-05,0,0.094660413,8.7007e-05,3.431e-06,4.5244e-05,21,5,0,0,0,28,3,5,3
cohort_2,52,distant_c0.8,1,joint_projected,,1.0,0.167156451032497,0.167156451032497,0.19251025700941682,13.010098288,1.33521393195,0.0976478602237,0.17480872927567245,0.092363929,0.000123398,3.089e-05,0,0.092292692,4.1383e-05,4.062e-06,3.5906e-05,16,2,0,0,0,29,3,8,2
cohort_2,52,distant_c0.8,2,joint_projected,,1.0,0.1818665920291096,0.1818665920291096,0.20703273394610733,8.58776343412,0.650617590762,0.049158517897,0.1596018748218412,0.107597616,7.5217e-05,2.9531e-05,0,0.107487272,5.0886e-05,1.779e-06,1.7358e-05,10,1,0,0,0,30,4,4,1
cohort_2,52,distant_c0.8,3,joint_projected,,1.0,0.16326206305529922,0.16326206305529922,0.18812808708753437,3.50886351304,0.437779507679,0.0185639961238,0.13301263426099744,0.109180528,0.000126915,2.6765e-05,0,0.109002219,8.4853e-05,3.494e-06,4.4238e-05,11,3,0,0,0,30,2,6,0
cohort_2,52,distant_c0.8,4,joint_projected,,1.0,0.15124789299443364,0.15124789299443364,0.17617222294211388,11.7476524945,0.779625654787,0.0906871710673,0.17480872927567245,0.092219048,3.2132e-05,4.861e-06,0,0.092157177,3.6157e-05,6.26e-07,1.593e-05,1,1,0,0,0,28,0,0,0
cohort_2,52,distant_c0.8,0,ompl_uniform,,1.0,0.17202136991545558,0.17202136991545558,0.17353858903516084,12.9016451812,1.65613313592,0.037136389903,0.12850115120171712,,,,,,,,,,,,,,,,,
cohort_2,52,distant_c0.8,1,ompl_uniform,,1.0,0.21063252305611968,0.21063252305611968,0.2123623260995373,14.1046750363,2.05360682408,0.0823693547642,0.17480872927567245,,,,,,,,,,,,,,,,,
cohort_2,52,distant_c0.8,2,ompl_uniform,,1.0,0.1627110029803589,0.1627110029803589,0.16426601901184767,11.7003000714,1.42620448145,0.0249076973968,0.10761546378281794,,,,,,,,,,,,,,,,,
cohort_2,52,distant_c0.8,3,ompl_uniform,,1.0,0.15975048998370767,0.15975048998370767,0.1613755860598758,12.5899369593,0.471628942874,0.0229599777503,0.15847015047319254,,,,,,,,,,,,,,,,,
cohort_2,52,distant_c0.8,4,ompl_uniform,,1.0,0.0944717259844765,0.0944717259844765,0.09588145604357123,11.5614627523,1.18330174166,0.0222878908442,0.11274106936068942,,,,,,,,,,,,,,,,,
cohort_2,53,distant_c0.8,0,cartesian_ik,,1.0,0.18929778004530817,0.18929778004530817,0.2152446269756183,11.0164511425,0.827831812213,0.0282554104213,0.07815360791438287,5.1167e-05,0.006675976,4.535e-06,0.006152444,0,0,0,0.000364567,2,2,0,0,2,0,0,0,0
cohort_2,53,distant_c0.8,1,cartesian_ik,,1.0,0.17385283601470292,0.17385283601470292,0.20021822804119438,13.2996784984,0.907901753775,0.0221195668663,0.06818945270063766,4.7281e-05,0.009816701,5.64e-06,0.009469558,0,0,0,0.000208357,3,2,0,0,3,0,0,0,0
cohort_2,53,distant_c0.8,2,cartesian_ik,,1.0,0.04650842596311122,0.04650842596311122,0.07294704206287861,4.9860743217,0.581863967321,0.0285988313936,0.07867009237805792,3.1915e-05,0.006463668,3.328e-06,0.006256218,0,0,0,0.000115724,2,1,0,0,2,0,0,0,0
cohort_2,53,distant_c0.8,3,cartesian_ik,,1.0,0.04804636491462588,0.04804636491462588,0.07394023204687983,6.64256231092,0.662129757313,0.027970442253,0.07863106119527546,9.677e-06,0.016689521,2.612e-06,0.016501622,0,0,0,0.00010017,7,3,0,0,7,0,0,0,0
cohort_2,53,distant_c0.8,4,cartesian_ik,,1.0,0.07556727901101112,0.07556727901101112,0.10157949104905128,6.27015938078,0.584419481203,0.00917042465168,0.07618447556456462,3.4119e-05,0.0196071,4.553e-06,0.019404435,0,0,0,8.7486e-05,4,1,0,0,4,0,0,0,0
cohort_2,53,distant_c0.8,0,joint_projected,,1.0,0.21819248306564987,0.21819248306564987,0.24456551403272897,8.44474088658,0.604513337396,0.0282558233082,0.078213241232085,0.101993366,0.000237365,4.6041e-05,0,0.101836829,6.7921e-05,4.498e-06,0.000106157,27,5,0,0,0,28,9,8,2
cohort_2,53,distant_c0.8,1,joint_projected,,1.0,0.23779592500068247,0.23779592500068247,0.2642110501183197,7.31564586417,0.688115668184,0.0282628523782,0.07818117600648922,0.113403608,3.6365e-05,7.376e-06,0,0.113244212,7.3408e-05,5.63e-07,1.6433e-05,2,1,0,0,0,28,1,0,0
cohort_2,53,distant_c0.8,2,joint_projected,,1.0,0.2504870200064033,0.2504870200064033,0.2767359090503305,7.97645026471,0.769629198542,0.0284811450153,0.07846616143039536,0.122277508,5.3752e-05,1.8309e-05,0,0.122126794,6.2561e-05,3.81e-07,2.2915e-05,1,1,0,0,0,31,0,0,0
cohort_2,53,distant_c0.8,3,joint_projected,,1.0,0.27088759804610163,0.27088759804610163,0.2973950420273468,13.4859314115,1.08655222685,0.0250036502146,0.07374587142037696,0.130655424,0.000170499,3.9249e-05,0,0.13049845,6.5253e-05,5.528e-06,5.9671e-05,25,2,0,0,0,29,2,13,6
cohort_2,53,distant_c0.8,4,joint_projected,,1.0,0.1783012510277331,0.1783012510277331,0.2041535141179338,3.15987757976,0.489155142159,0.00612306326793,0.07863382113262662,0.113182024,0.000108985,3.6564e-05,0,0.113019832,6.961e-05,1.457e-06,4.5719e-05,5,1,0,0,0,29,0,1,1
cohort_2,53,distant_c0.8,0,ompl_uniform,,1.0,0.1702507029986009,0.1702507029986009,0.17132441699504852,14.6609129072,3.02775895687,0.019420088305,0.056991945097355355,,,,,,,,,,,,,,,,,
cohort_2,53,distant_c0.8,1,ompl_uniform,,1.0,0.16905847401358187,0.16905847401358187,0.17045108403544873,13.8134463743,1.85015830302,0.0267095899974,0.07106478622150729,,,,,,,,,,,,,,,,,
cohort_2,53,distant_c0.8,2,ompl_uniform,,1.0,0.11492070101667196,0.11492070101667196,0.1166018599178642,13.7408688067,1.06743697761,0.0173218832423,0.054155965229217486,,,,,,,,,,,,,,,,,
cohort_2,53,distant_c0.8,3,ompl_uniform,,1.0,0.18859433697070926,0.18859433697070926,0.19026496401056647,13.020083368,1.65217067621,0.0284625897717,0.07832240238071754,,,,,,,,,,,,,,,,,
cohort_2,53,distant_c0.8,4,ompl_uniform,,1.0,0.17592678591609,0.17592678591609,0.17759956093505025,12.7901197909,2.8576128665,0.0287540027933,0.07876029275032574,,,,,,,,,,,,,,,,,
cohort_2,54,distant_c0.8,0,cartesian_ik,,1.0,0.13333943695761263,0.13333943695761263,0.15997147595044225,12.8391873883,0.850510454173,0.0124712166855,0.09545346319688053,2.4332e-05,0.015525097,3.513e-06,0.015389895,0,0,0,5.6724e-05,5,3,0,0,5,0,0,0,0
cohort_2,54,distant_c0.8,1,cartesian_ik,,1.0,0.12251123401802033,0.12251123401802033,0.14810631109867245,7.91414647968,0.5482095799,0.0126146101244,0.11585749456718333,2.6225e-05,0.001206087,1.997e-06,0.001094323,0,0,0,6.324e-05,1,1,0,0,1,0,0,0,0
cohort_2,54,distant_c0.8,2,cartesian_ik,,1.0,0.13618438795674592,0.13618438795674592,0.16253623412922025,6.00875910374,0.404694323501,0.0125353936434,0.11584930895030843,3.7745e-05,0.001413609,2.948e-06,0.001181241,0,0,0,0.00013807,1,1,0,0,1,0,0,0,0
cohort_2,54,distant_c0.8,3,cartesian_ik,,1.0,0.27993931202217937,0.27993931202217937,0.30573474313132465,13.8571904112,1.20709067914,0.0131783929583,0.11607036673471746,8.745e-06,0.003414907,3.678e-06,0.002982721,0,0,0,0.000312685,4,1,0,0,4,0,0,0,0
cohort_2,54,distant_c0.8,4,cartesian_ik,,1.0,0.12167643196880817,0.12167643196880817,0.147842091973871,9.15725362095,0.594185398146,0.0127863285064,0.11590591080607177,3.6303e-05,0.001244995,2.213e-06,0.001139943,0,0,0,5.6683e-05,1,1,0,0,1,0,0,0,0
cohort_2,54,distant_c0.8,0,joint_projected,,1.0,0.12811447493731976,0.12811447493731976,0.1577594969421625,12.2744304619,0.592729998195,0.0133344212961,0.11612555873502453,0.032084984,0.000258474,6.4925e-05,0,0.031907551,0.000117364,8.483e-06,9.2804e-05,8,1,0,0,0,17,2,4,0
cohort_2,54,distant_c0.8,1,joint_projected,,1.0,0.22703716298565269,0.22703716298565269,0.25277160305995494,13.8338287177,1.30436467889,0.0109332419454,0.06774710640467543,0.04652442,9.3801e-05,2.1833e-05,0,0.04605327,0.000301534,2.59e-06,3.8686e-05,6,1,0,0,0,17,1,4,0
cohort_2,54,distant_c0.8,2,joint_projected,,1.0,0.18903050490189344,0.18903050490189344,0.21504273707978427,13.3459176218,1.22916312813,0.012366430075,0.09829052665349211,0.03664139,0.00050753,0.000110859,0,0.036357268,0.000183558,1.7991e-05,0.000196887,14,2,0,0,0,18,1,8,0
cohort_2,54,distant_c0.8,3,joint_projected,,1.0,0.055097959004342556,0.055097959004342556,0.08056722499895841,2.72479260657,0.389801082351,0.0126772059463,0.11558391705346738,0.010974556,0.000168949,2.7318e-05,0,0.010818575,8.4173e-05,3.917e-06,7.7171e-05,5,2,0,0,0,15,0,3,0
cohort_2,54,distant_c0.8,4,joint_projected,,1.0,0.0806696000508964,0.0806696000508964,0.10662217810750008,8.15812123052,0.657055466372,0.00997509602158,0.115627258401788,0.014249545,0.000104442,2.2255e-05,0,0.014044566,0.000134708,2.155e-06,4.7484e-05,4,1,0,0,0,15,1,2,0
cohort_2,54,distant_c0.8,0,ompl_uniform,,1.0,0.19701529701706022,0.19701529701706022,0.19907257903832942,14.3129745978,1.88512464205,0.00923502800226,0.11592961919816064,,,,,,,,,,,,,,,,,
cohort_2,54,distant_c0.8,1,ompl_uniform,,1.0,0.1353913329076022,0.1353913329076022,0.13670699892099947,14.1359978187,3.09879089352,0.0127631339991,0.08377343917442168,,,,,,,,,,,,,,,,,
cohort_2,54,distant_c0.8,2,ompl_uniform,,1.0,0.14114371000323445,0.14114371000323445,0.14229294401593506,11.5136353372,1.0139577256,0.0128701423644,0.11600467321161848,,,,,,,,,,,,,,,,,
cohort_2,54,distant_c0.8,3,ompl_uniform,,1.0,0.15458824299275875,0.15458824299275875,0.15568948606960475,12.3585467534,2.32939950793,0.00867085825703,0.08662777156992402,,,,,,,,,,,,,,,,,
cohort_2,54,distant_c0.8,4,ompl_uniform,,1.0,0.19600006693508476,0.19600006693508476,0.19776403694413602,13.038487166,2.17612946065,0.0123744008381,0.11577101673686749,,,,,,,,,,,,,,,,,
cohort_2,55,distant_c0.8,0,cartesian_ik,,1.0,0.10752131196204573,0.10752131196204573,0.13121538702398539,4.77075457444,0.729776564874,0.05807367877,0.16152111500505173,4.9154e-05,0.021765212,5.367e-06,0.021630436,0,0,0,4.0942e-05,7,2,0,0,7,0,0,0,0
cohort_2,55,distant_c0.8,1,cartesian_ik,,1.0,0.16240408993326128,0.16240408993326128,0.18603673204779625,10.8759036163,0.871351628338,0.0723010376966,0.16152111500505173,5.0931e-05,0.010704198,5.97e-06,0.010390927,0,0,0,0.000156717,4,2,0,0,4,0,0,0,0
cohort_2,55,distant_c0.8,2,cartesian_ik,,1.0,0.04171871196012944,0.04171871196012944,0.06514464400243014,4.57507786027,0.57718864408,0.0112596985688,0.1265547697487412,1.0749e-05,0.025921708,2.08e-06,0.025861857,0,0,0,1.5607e-05,6,1,0,0,6,0,0,0,0
cohort_2,55,distant_c0.8,3,cartesian_ik,,1.0,0.09318164899013937,0.09318164899013937,0.11673214810434729,11.1798986225,0.871104501603,0.0723010376966,0.16152111500505173,3.7001e-05,0.005471603,3.209e-06,0.005375694,0,0,0,2.9718e-05,2,1,0,0,2,0,0,0,0
cohort_2,55,distant_c0.8,4,cartesian_ik,,1.0,0.13762048003263772,0.13762048003263772,0.16097460605669767,13.0347974799,0.98173418733,0.0723010376966,0.1535046263738323,4.8315e-05,0.01155604,7.066e-06,0.011100475,0,0,0,0.000245308,5,2,0,0,5,0,0,0,0
cohort_2,55,distant_c0.8,0,joint_projected,,1.0,0.22863753396086395,0.22863753396086395,0.25201941397972405,12.8178893942,1.29208790217,0.0723010376966,0.16152111500505173,0.099634873,0.000135915,4.0994e-05,0,0.099453613,6.7355e-05,4.198e-06,2.8338e-05,20,2,0,0,0,29,7,9,0
cohort_2,55,distant_c0.8,1,joint_projected,,1.0,0.135728077031672,0.135728077031672,0.15952270501293242,7.92541136148,0.698160425794,0.0625293754585,0.16131026401397508,0.10331968,3.2323e-05,4.662e-06,0,0.103246936,4.195e-05,6.29e-07,1.5458e-05,2,1,0,0,0,30,0,0,1
cohort_2,55,distant_c0.8,2,joint_projected,,1.0,0.100257204961963,0.100257204961963,0.12378926097881049,2.90105056189,0.566970682074,0.0709893443105,0.16152111500505173,0.088204375,0.00011253,2.6497e-05,0,0.088132007,4.2308e-05,2.868e-06,3.8853e-05,13,2,0,0,0,28,4,4,1
cohort_2,55,distant_c0.8,3,joint_projected,,1.0,0.2874807670013979,0.2874807670013979,0.3113268710440025,14.2104208928,1.53830068149,0.0723010376966,0.16152111500505173,0.11590808,3.2106e-05,4.615e-06,0,0.11570983,9.581e-05,4.11e-07,1.7213e-05,1,1,0,0,0,31,0,0,0
cohort_2,55,distant_c0.8,4,joint_projected,,1.0,0.12363893003202975,0.12363893003202975,0.14726081304252148,4.27793751387,0.590709094616,0.0718121490732,0.16152111500505173,0.107500279,2.6604e-05,4.881e-06,0,0.107411256,5.2732e-05,4.35e-07,1.2155e-05,1,1,0,0,0,31,0,0,0
cohort_2,55,distant_c0.8,0,ompl_uniform,,1.0,0.19508822890929878,0.19508822890929878,0.19643971708137542,18.6962312755,2.35372200559,0.0723010376966,0.14957822624158507,,,,,,,,,,,,,,,,,
cohort_2,55,distant_c0.8,1,ompl_uniform,,1.0,0.1003129220334813,0.1003129220334813,0.10188884194940329,10.6634661294,0.804528113458,0.0723010376966,0.16152111500505173,,,,,,,,,,,,,,,,,
cohort_2,55,distant_c0.8,2,ompl_uniform,,1.0,0.15331724600400776,0.15331724600400776,0.15476925706025213,12.0162498508,1.27738128455,0.0586456367255,0.16152111500505173,,,,,,,,,,,,,,,,,
cohort_2,55,distant_c0.8,3,ompl_uniform,,1.0,0.16444284189492464,0.16444284189492464,0.1662922709947452,14.757528183,3.83721793424,0.0286182536792,0.12721899218424923,,,,,,,,,,,,,,,,,
cohort_2,55,distant_c0.8,4,ompl_uniform,,1.0,0.16802694299258292,0.16802694299258292,0.16990347998216748,14.1637685249,2.55219966284,0.0723010376966,0.16152111500505173,,,,,,,,,,,,,,,,,
cohort_2,56,distant_c0.8,0,cartesian_ik,,1.0,0.07563117204699665,0.07563117204699665,0.0994933940237388,1.46267153834,0.268769506387,0.00939197836794,0.11435433908831065,3.3177e-05,0.010463216,3.134e-06,0.010170012,0,0,0,0.000186878,4,1,0,0,4,0,0,0,0
cohort_2,56,distant_c0.8,1,cartesian_ik,,1.0,0.12046251900028437,0.12046251900028437,0.14440147287677974,13.126414667,0.881257423995,0.0114898609188,0.1392863341604906,3.3902e-05,0.001646273,1.997e-06,0.001452358,0,0,0,0.000133398,1,1,0,0,1,0,0,0,0
cohort_2,56,distant_c0.8,2,cartesian_ik,,1.0,0.08435898006428033,0.08435898006428033,0.10835715301800519,12.5298667717,1.02425926021,0.0115050203233,0.14011145373809403,1.0773e-05,0.012730491,2.239e-06,0.012598601,0,0,0,5.0983e-05,4,2,0,0,4,0,0,0,0
cohort_2,56,distant_c0.8,3,cartesian_ik,,1.0,0.08708978199865669,0.08708978199865669,0.1110412540147081,13.1418458665,0.927914013609,0.0111978713323,0.13963513430241842,1.0814e-05,0.001278931,1.188e-06,0.001242711,0,0,0,1.7521e-05,1,1,0,0,1,0,0,0,0
cohort_2,56,distant_c0.8,4,cartesian_ik,,1.0,0.09308891394175589,0.09308891394175589,0.11709075304679573,3.81864921282,0.397703631577,0.0112633752927,0.13924612264874578,4.8328e-05,0.001205882,3.953e-06,0.001052519,0,0,0,6.9434e-05,1,1,0,0,1,0,0,0,0
cohort_2,56,distant_c0.8,0,joint_projected,,1.0,0.1918533780844882,0.1918533780844882,0.2150667509995401,11.5034918495,0.736033612414,0.010726486871,0.13938046069227084,0.026324043,7.2987e-05,1.3363e-05,0,0.026173512,7.6309e-05,1.537e-06,1.7745e-05,6,2,0,0,0,16,0,2,0
cohort_2,56,distant_c0.8,1,joint_projected,,1.0,0.15535305498633534,0.15535305498633534,0.1792007579933852,11.1868143173,0.575712308688,0.0110358585532,0.1396891994429549,0.014226293,2.6108e-05,4.741e-06,0,0.014091576,7.1273e-05,4.81e-07,1.0813e-05,1,1,0,0,0,16,0,0,0
cohort_2,56,distant_c0.8,2,joint_projected,,1.0,0.11204008897766471,0.11204008897766471,0.13538043294101954,2.72519287403,0.376112556545,0.011909410786,0.14048019030460365,0.010466264,8.7099e-05,1.9704e-05,0,0.010327717,7.5475e-05,2.945e-06,2.5561e-05,8,2,0,0,0,16,0,6,0
cohort_2,56,distant_c0.8,3,joint_projected,,1.0,0.057832053978927433,0.057832053978927433,0.08141883101779968,3.19991076671,0.439646661819,0.0118244546951,0.1356935925389313,0.013307085,0.000143144,3.3207e-05,0,0.013163986,8.0112e-05,3.674e-06,5.0833e-05,14,3,0,0,0,15,2,7,0
cohort_2,56,distant_c0.8,4,joint_projected,,1.0,0.06072195596061647,0.06072195596061647,0.0841423679376021,10.1995375764,0.496493601169,0.0112119390844,0.13925907386058387,0.014007768,5.4638e-05,5.315e-06,0,0.013939036,4.1122e-05,4.9e-07,1.3562e-05,1,1,0,0,0,15,0,0,0
cohort_2,56,distant_c0.8,0,ompl_uniform,,1.0,0.09179426089394838,0.09179426089394838,0.09336901200003922,13.6747739243,1.00751540579,0.0117517788023,0.14031288722671026,,,,,,,,,,,,,,,,,
cohort_2,56,distant_c0.8,1,ompl_uniform,,1.0,0.1942207309184596,0.1942207309184596,0.19605651299934834,13.9775988174,0.985637050917,0.010668772016,0.138841870145563,,,,,,,,,,,,,,,,,
cohort_2,56,distant_c0.8,2,ompl_uniform,,1.0,0.17445622198283672,0.17445622198283672,0.17622350703459233,10.5776749992,3.66876665203,0.0112251624616,0.1396467536869534,,,,,,,,,,,,,,,,,
cohort_2,56,distant_c0.8,3,ompl_uniform,,1.0,0.14077061892021447,0.14077061892021447,0.14253335201647133,13.039778417,0.799864966492,0.0110986456105,0.13959655843608004,,,,,,,,,,,,,,,,,
cohort_2,56,distant_c0.8,4,ompl_uniform,,1.0,0.18307526991702616,0.18307526991702616,0.1848053860012442,13.8882058722,2.7566298668,0.0117009423208,0.14000796694455997,,,,,,,,,,,,,,,,,
cohort_2,57,distant_c0.8,0,cartesian_ik,,1.0,0.18789728998672217,0.18789728998672217,0.2116201900644228,10.8796965953,0.607986019798,0.0708762680832,0.16208913984716075,2.4975e-05,0.001482315,1.755e-06,0.001367463,0,0,0,7.1322e-05,1,1,0,0,1,0,0,0,0
cohort_2,57,distant_c0.8,1,cartesian_ik,,1.0,0.23434481408912688,0.23434481408912688,0.2576533539686352,12.3560243168,0.653783473225,0.0908378526573,0.18926626305994515,2.6848e-05,0.021207272,8.481e-06,0.020729569,0,0,0,0.000273182,4,1,0,0,4,0,0,0,0
cohort_2,57,distant_c0.8,2,cartesian_ik,,1.0,0.31806475506164134,0.31806475506164134,0.34252451406791806,13.5399503655,0.974096009849,0.0326717340418,0.1242040821259871,3.8357e-05,0.001456183,2.818e-06,0.001259776,0,0,0,0.000109966,2,2,0,0,2,0,0,0,0
cohort_2,57,distant_c0.8,3,cartesian_ik,,1.0,0.18870692502241582,0.18870692502241582,0.21189296303782612,10.18393471,0.615334474466,0.0935831534329,0.18926626305994515,3.1581e-05,0.024391597,6.045e-06,0.024028832,0,0,0,0.000201076,6,2,0,0,6,0,0,0,0
cohort_2,57,distant_c0.8,4,cartesian_ik,,1.0,0.13392552104778588,0.13392552104778588,0.15728533605579287,12.3527439209,0.779429862009,0.0600401009798,0.18926626305994515,1.0995e-05,0.005918937,2.093e-06,0.005801094,0,0,0,4.3009e-05,2,1,0,0,2,0,0,0,0
cohort_2,57,distant_c0.8,0,joint_projected,,1.0,0.10295700002461672,0.10295700002461672,0.12629706703592092,2.27272305379,0.447584081105,0.084645366384,0.18926626305994515,0.024499127,5.0191e-05,1.3742e-05,0,0.024393335,6.283e-05,9.34e-07,1.707e-05,4,1,0,0,0,16,1,1,0
cohort_2,57,distant_c0.8,1,joint_projected,,1.0,0.1354782630223781,0.1354782630223781,0.15964565507601947,10.0965706505,0.642030721374,0.0478055102956,0.15386110430001837,0.015333955,4.621e-05,1.024e-05,0,0.015247188,5.3834e-05,1.26e-06,1.6379e-05,3,1,0,0,0,16,0,2,0
cohort_2,57,distant_c0.8,2,joint_projected,,1.0,0.11608828604221344,0.11608828604221344,0.13988518703263253,1.99266671849,0.29885265113,0.0513228728624,0.1652285243503192,0.016278151,0.000154494,3.1674e-05,0,0.016141603,8.8865e-05,4.971e-06,6.0005e-05,3,1,0,0,0,16,0,2,0
cohort_2,57,distant_c0.8,3,joint_projected,,1.0,0.043169328942894936,0.043169328942894936,0.06634775002021343,2.48831844663,0.427197119665,0.037884010106,0.1528538344730684,0.018495584,4.1891e-05,6.329e-06,0,0.018256298,0.000150718,6.8e-07,2.0654e-05,1,1,0,0,0,17,0,0,0
cohort_2,57,distant_c0.8,4,joint_projected,,1.0,0.17606162000447512,0.17606162000447512,0.20038686506450176,10.1874617785,0.404637687185,0.0804377905827,0.1665987914600632,0.017724954,0.00039266,0.000102571,0,0.017504184,0.000137875,1.4604e-05,0.000114216,16,2,0,0,0,15,3,9,0
cohort_2,57,distant_c0.8,0,ompl_uniform,,1.0,0.15468930208589882,0.15468930208589882,0.15620429906994104,11.2404588515,1.59570301099,0.0935831534329,0.18926626305994515,,,,,,,,,,,,,,,,,
cohort_2,57,distant_c0.8,1,ompl_uniform,,1.0,0.18259742599911988,0.18259742599911988,0.18404673598706722,10.6861453904,0.955489543959,0.0913084797655,0.18926626305994515,,,,,,,,,,,,,,,,,
cohort_2,57,distant_c0.8,2,ompl_uniform,,1.0,0.1813897219253704,0.1813897219253704,0.18262390606105328,13.8176805435,1.48156180947,0.0889648074527,0.18926626305994515,,,,,,,,,,,,,,,,,
cohort_2,57,distant_c0.8,3,ompl_uniform,,1.0,0.23063854896463454,0.23063854896463454,0.2317551199812442,13.4270877504,1.55316357424,0.0935831534329,0.18926626305994515,,,,,,,,,,,,,,,,,
cohort_2,57,distant_c0.8,4,ompl_uniform,,1.0,0.2050607519922778,0.2050607519922778,0.20619877998251468,13.5886789543,1.49405056651,0.0908652105196,0.18926626305994515,,,,,,,,,,,,,,,,,
cohort_2,58,distant_c0.8,0,cartesian_ik,,1.0,0.18345945898909122,0.18345945898909122,0.21113737300038338,13.4337392339,0.993878179709,0.0754230236563,0.14712387826058598,3.0527e-05,0.004573409,1.921e-06,0.004453985,0,0,0,6.4536e-05,1,1,0,0,1,0,0,0,0
cohort_2,58,distant_c0.8,1,cartesian_ik,,1.0,0.08232900302391499,0.08232900302391499,0.11004275409504771,5.35906123451,0.602651898811,0.0422314695918,0.14681435475814614,3.6786e-05,0.033344755,3.343e-06,0.033199602,0,0,0,5.736e-05,5,2,0,0,5,0,0,0,0
cohort_2,58,distant_c0.8,2,cartesian_ik,,1.0,0.028830058057792485,0.028830058057792485,0.05696633702609688,3.76423503982,0.449681044886,0.0509755587549,0.14712387826058598,1.0272e-05,0.000656507,1.494e-06,0.000585869,0,0,0,3.2085e-05,2,2,0,0,2,0,0,0,0
cohort_2,58,distant_c0.8,3,cartesian_ik,,1.0,0.11723122897092253,0.11723122897092253,0.14505723712500185,11.4317436606,0.971787636881,0.00388624851371,0.13437801587686005,3.3981e-05,0.00452167,2.537e-06,0.004352566,0,0,0,0.000100262,1,1,0,0,1,0,0,0,0
cohort_2,58,distant_c0.8,4,cartesian_ik,,1.0,0.17383097601123154,0.17383097601123154,0.20194199006073177,13.7763480332,0.834627035065,0.0405762833122,0.14712387826058598,5.0516e-05,0.008943196,4.751e-06,0.008672224,0,0,0,0.000129012,4,2,0,0,4,0,0,0,0
cohort_2,58,distant_c0.8,0,joint_projected,,1.0,0.026513976976275444,0.026513976976275444,0.053451005020178854,3.27388914543,0.520031989177,0.0754292175169,0.14712387826058598,0.01443104,4.7381e-05,9.586e-06,0,0.014342747,5.6017e-05,1.428e-06,1.6159e-05,2,1,0,0,0,16,0,1,0
cohort_2,58,distant_c0.8,1,joint_projected,,1.0,0.15134097205009311,0.15134097205009311,0.17932055005803704,9.594903442,0.815605529222,0.0807706449397,0.14712387826058598,0.025509943,5.296e-05,1.3534e-05,0,0.025342903,6.3671e-05,1.894e-06,1.2911e-05,5,1,0,0,0,17,0,4,0
cohort_2,58,distant_c0.8,2,joint_projected,,1.0,0.12964873504824936,0.12964873504824936,0.157531292992644,11.8093707136,0.86877614328,0.0870486634769,0.14712387826058598,0.012512865,8.3016e-05,1.8782e-05,0,0.012278132,0.000127108,2.178e-06,2.8309e-05,5,2,0,0,0,15,2,1,0
cohort_2,58,distant_c0.8,3,joint_projected,,1.0,0.06056308699771762,0.06056308699771762,0.08872187999077141,3.89634234053,0.595177689209,0.082751355742,0.14712387826058598,0.02546997,0.000113132,2.256e-05,0,0.025363532,6.4763e-05,3.234e-06,3.9065e-05,10,3,0,0,0,17,1,6,0
cohort_2,58,distant_c0.8,4,joint_projected,,1.0,0.12398329901043326,0.12398329901043326,0.15210748207755387,12.6953916414,1.00370426116,0.0883311797964,0.14712387826058598,0.016399374,7.6868e-05,1.5915e-05,0,0.016209246,9.3712e-05,1.924e-06,2.645e-05,5,2,0,0,0,17,1,2,0
cohort_2,58,distant_c0.8,0,ompl_uniform,,1.0,0.16840993391815573,0.16840993391815573,0.1695716930553317,13.4313101606,1.40359859318,0.0732811889935,0.14696900595686682,,,,,,,,,,,,,,,,,
cohort_2,58,distant_c0.8,1,ompl_uniform,,1.0,0.13914111501071602,0.13914111501071602,0.14075136894825846,13.0277114799,1.14601232683,0.0614840314971,0.14539770561994644,,,,,,,,,,,,,,,,,
cohort_2,58,distant_c0.8,2,ompl_uniform,,1.0,0.08257956395391375,0.08257956395391375,0.08428189996629953,13.5900379253,2.72572997884,0.000618591030888,0.14537392432685736,,,,,,,,,,,,,,,,,
cohort_2,58,distant_c0.8,3,ompl_uniform,,1.0,0.06831788597628474,0.06831788597628474,0.06985125492792577,9.0416644962,1.11900923885,0.063170607303,0.14712387826058598,,,,,,,,,,,,,,,,,
cohort_2,58,distant_c0.8,4,ompl_uniform,,1.0,0.13968701392877847,0.13968701392877847,0.1411040179664269,13.5065811109,0.720668796263,0.0153521592628,0.13078665289450078,,,,,,,,,,,,,,,,,
cohort_2,59,distant_c0.8,0,cartesian_ik,,1.0,0.1314436700195074,0.1314436700195074,0.1859493280062452,13.9091478362,1.04488052959,0.0653481944105,0.1751506011413843,3.8998e-05,0.021815194,4.553e-06,0.021699941,0,0,0,3.0976e-05,5,1,0,0,5,0,0,0,0
cohort_2,59,distant_c0.8,1,cartesian_ik,,1.0,0.11244344199076295,0.11244344199076295,0.16690829198341817,4.83283595045,0.613144221346,0.0127652051165,0.11227738379859306,3.5222e-05,0.014428685,3.388e-06,0.014253662,0,0,0,6.6736e-05,10,6,0,0,10,0,0,0,0
cohort_2,59,distant_c0.8,2,cartesian_ik,,1.0,0.1351003700401634,0.1351003700401634,0.18927715194877237,9.57838931951,0.629713736871,0.0662413419413,0.17589150030317735,4.8594e-05,0.049059775,6.483e-06,0.048816531,0,0,0,6.6219e-05,12,2,0,0,12,0,0,0,0
cohort_2,59,distant_c0.8,3,cartesian_ik,,1.0,0.16862309607677162,0.16862309607677162,0.22351355606224388,12.6114478757,0.81239981582,0.0623636256263,0.16930569683479008,4.8449e-05,0.020267333,4.809e-06,0.020189025,0,0,0,1.3756e-05,3,1,0,0,3,0,0,0,0
cohort_2,59,distant_c0.8,4,cartesian_ik,,1.0,0.0753248839173466,0.0753248839173466,0.1297627870226279,6.8755339996,0.594887636822,0.066026019654,0.1758607099592741,5.3109e-05,0.005769766,3.028e-06,0.005692548,0,0,0,1.5683e-05,2,1,0,0,2,0,0,0,0
cohort_2,59,distant_c0.8,0,joint_projected,,1.0,0.32596353301778436,0.32596353301778436,0.3799488099757582,3.23537672078,0.542040322698,0.0352769662233,0.13778230226558214,0.260558254,0.000349451,5.5924e-05,0,0.260329464,8.4955e-05,7.314e-06,0.000154339,69,6,0,0,0,54,0,13,39
cohort_2,59,distant_c0.8,1,joint_projected,,1.0,0.35778383805882186,0.35778383805882186,0.4120181449688971,5.04029140233,0.493125350533,0.0659328210192,0.17564942702888459,0.270917807,6.4608e-05,1.2054e-05,0,0.270725265,9.0802e-05,2.002e-06,2.4303e-05,7,1,0,0,0,54,0,3,3
cohort_2,59,distant_c0.8,2,joint_projected,,1.0,0.31248913903255016,0.31248913903255016,0.3665450339904055,5.42483306798,0.482596031418,0.00642158823368,0.1017347680428957,0.251539414,7.8044e-05,9.956e-06,0,0.251362545,7.8425e-05,1.282e-06,3.983e-05,17,1,0,0,0,54,0,2,14
cohort_2,59,distant_c0.8,3,joint_projected,,1.0,0.30624102207366377,0.30624102207366377,0.36089065892156214,2.51085580555,0.406878180515,0.0251765684543,0.13436223016399435,0.27320606,3.0524e-05,4.346e-06,0,0.273072164,6.7989e-05,5.81e-07,1.5417e-05,1,1,0,0,0,55,0,0,0
cohort_2,59,distant_c0.8,4,joint_projected,,1.0,0.308556774049066,0.308556774049066,0.36275978304911405,2.34425000357,0.450667440082,0.00982355597212,0.12225484890677493,0.251972526,0.00017073,2.6928e-05,0,0.251909575,2.8762e-05,3.662e-06,7.6662e-05,28,4,0,0,0,54,2,5,15
cohort_2,59,distant_c0.8,0,ompl_uniform,,1.0,0.19702383899129927,0.19702383899129927,0.1985277869971469,14.3824668404,3.62105464779,0.0665143665456,0.17608923628298023,,,,,,,,,,,,,,,,,
cohort_2,59,distant_c0.8,1,ompl_uniform,,1.0,0.17562454694416374,0.17562454694416374,0.17718992906156927,12.8994476515,1.63673693371,0.066115030375,0.17589274249948478,,,,,,,,,,,,,,,,,
cohort_2,59,distant_c0.8,2,ompl_uniform,,1.0,0.17766270390711725,0.17766270390711725,0.17926383297890425,13.9476052553,2.48624267411,0.0656278686751,0.17551175374918432,,,,,,,,,,,,,,,,,
cohort_2,59,distant_c0.8,3,ompl_uniform,,1.0,0.1874708749819547,0.1874708749819547,0.18929370504338294,12.7349199472,0.860980616078,0.0663473914593,0.17601733928513302,,,,,,,,,,,,,,,,,
cohort_2,59,distant_c0.8,4,ompl_uniform,,1.0,0.09429641591850668,0.09429641591850668,0.09608087199740112,13.0428489198,2.15017602215,0.00227695862523,0.06398921289558084,,,,,,,,,,,,,,,,,
