environment,stratum,repeat,mode,seed,success,planner_success,failure_stage,error_code,action_wall_s,moveit_planning_s,par2_s,end_to_end_wall_s
24,offset_c0.5_from0.2,0,ompl_uniform,20501095,True,True,,1,0.1457052759360522,0.010979923,0.1457052759360522,0.14663456403650343
24,offset_c0.5_from0.2,0,cartesian_ik,20501095,True,True,,1,0.12604623101651669,0.020539639,0.12604623101651669,0.14628511189948767
24,offset_c0.5_from0.2,0,joint_projected,20501095,True,True,,1,0.07793832605239004,0.013323439,0.07793832605239004,0.09835893602576107
24,offset_c0.5_from0.2,1,cartesian_ik,20501196,True,True,,1,0.0596037550130859,0.022077162,0.0596037550130859,0.0803484880598262
24,offset_c0.5_from0.2,1,ompl_uniform,20501196,True,True,,1,0.13353665196336806,0.03208836,0.13353665196336806,0.13463352795224637
24,offset_c0.5_from0.2,1,joint_projected,20501196,True,True,,1,0.16090063808951527,0.033316257,0.16090063808951527,0.18111113691702485
24,offset_c0.5_from0.2,2,joint_projected,20501297,True,True,,1,0.08621756103821099,0.023846653,0.08621756103821099,0.10629634605720639
24,offset_c0.5_from0.2,2,cartesian_ik,20501297,True,True,,1,0.1648985070642084,0.023642957,0.1648985070642084,0.18508772598579526
24,offset_c0.5_from0.2,2,ompl_uniform,20501297,True,True,,1,0.1873068449785933,0.015304484,0.1873068449785933,0.18875657999888062
24,offset_c0.5_from0.2,3,ompl_uniform,20501398,True,True,,1,0.1581588159315288,0.025600995,0.1581588159315288,0.15966591495089233
24,offset_c0.5_from0.2,3,cartesian_ik,20501398,True,True,,1,0.35701123403850943,0.06413257,0.35701123403850943,0.3775935360463336
24,offset_c0.5_from0.2,3,joint_projected,20501398,True,True,,1,0.10605279600713402,0.028432264,0.10605279600713402,0.1260669049806893
24,offset_c0.5_from0.2,4,cartesian_ik,20501499,True,True,,1,0.13933931000065058,0.030065044,0.13933931000065058,0.15955196705181152
24,offset_c0.5_from0.2,4,ompl_uniform,20501499,True,True,,1,0.2521825039293617,0.013493609,0.2521825039293617,0.25350746896583587
24,offset_c0.5_from0.2,4,joint_projected,20501499,True,True,,1,0.16171440191101283,0.036618974,0.16171440191101283,0.18189314706251025
39,offset_c0.7_from0.8,0,cartesian_ik,20651200,True,True,,1,0.19893682200927287,0.046772617,0.19893682200927287,0.21922525495756418
39,offset_c0.7_from0.8,0,joint_projected,20651200,True,True,,1,0.20561954705044627,0.050170138,0.20561954705044627,0.22619325888808817
39,offset_c0.7_from0.8,0,ompl_uniform,20651200,True,True,,1,0.1679798640543595,0.032375871,0.1679798640543595,0.1696316619636491
39,offset_c0.7_from0.8,1,joint_projected,20651301,True,True,,1,0.586360746063292,0.078916159,0.586360746063292,0.6079725918825716
39,offset_c0.7_from0.8,1,cartesian_ik,20651301,True,True,,1,0.36959746200591326,0.169991788,0.36959746200591326,0.3903523659100756
39,offset_c0.7_from0.8,1,ompl_uniform,20651301,True,True,,1,0.4471721389563754,0.035040774,0.4471721389563754,0.4490648170467466
39,offset_c0.7_from0.8,2,cartesian_ik,20651402,True,True,,1,0.21736534300725907,0.153652954,0.21736534300725907,0.23795151198282838
39,offset_c0.7_from0.8,2,ompl_uniform,20651402,True,True,,1,0.1641136968974024,0.010385012,0.1641136968974024,0.165524150012061
39,offset_c0.7_from0.8,2,joint_projected,20651402,False,False,planning,99999,3.025025468086824,0.0,6.0,3.0454364890465513
39,offset_c0.7_from0.8,3,cartesian_ik,20651503,True,True,,1,0.7689620800083503,0.392927676,0.7689620800083503,0.790210852981545
39,offset_c0.7_from0.8,3,joint_projected,20651503,True,True,,1,0.4718565749935806,0.084360863,0.4718565749935806,0.4929134409176186
39,offset_c0.7_from0.8,3,ompl_uniform,20651503,True,True,,1,0.1536561349639669,0.011150293,0.1536561349639669,0.15526996704284102
39,offset_c0.7_from0.8,4,joint_projected,20651604,True,True,,1,0.6342045799829066,0.140716537,0.6342045799829066,0.6553704530233517
39,offset_c0.7_from0.8,4,cartesian_ik,20651604,True,True,,1,0.17632329696789384,0.06174186,0.17632329696789384,0.19762062700465322
39,offset_c0.7_from0.8,4,ompl_uniform,20651604,True,True,,1,0.1876389509998262,0.013799137,0.1876389509998262,0.18918192700948566
30,offset_c0.7_from0.8,0,cartesian_ik,20561137,False,False,planning,99999,3.023669056012295,0.0,6.0,3.0435234799515456
30,offset_c0.7_from0.8,0,ompl_uniform,20561137,True,True,,1,0.26203238300513476,0.016113424,0.26203238300513476,0.26340074103791267
30,offset_c0.7_from0.8,0,joint_projected,20561137,False,False,planning,99999,3.064946030965075,0.0,6.0,3.0851470129564404
30,offset_c0.7_from0.8,1,ompl_uniform,20561238,True,True,,1,0.18739936396013945,0.028483254,0.18739936396013945,0.18841375201009214
30,offset_c0.7_from0.8,1,joint_projected,20561238,True,True,,1,2.462979265023023,2.229440174,2.462979265023023,2.484085932956077
30,offset_c0.7_from0.8,1,cartesian_ik,20561238,False,False,planning,99999,3.073651712969877,0.0,6.0,3.0944833969697356
30,offset_c0.7_from0.8,2,cartesian_ik,20561339,False,False,planning,99999,3.0900998600991443,0.0,6.0,3.1102431369945407
30,offset_c0.7_from0.8,2,ompl_uniform,20561339,True,True,,1,0.2966264870483428,0.019985074,0.2966264870483428,0.29809079703409225
30,offset_c0.7_from0.8,2,joint_projected,20561339,True,True,,1,0.23883666493929923,0.120075863,0.23883666493929923,0.25981188693549484
30,offset_c0.7_from0.8,3,ompl_uniform,20561440,True,True,,1,0.12411635695025325,0.025851894,0.12411635695025325,0.1257812719559297
30,offset_c0.7_from0.8,3,cartesian_ik,20561440,True,True,,1,1.5606438829563558,1.398224947,1.5606438829563558,1.5822543440153822
30,offset_c0.7_from0.8,3,joint_projected,20561440,True,True,,1,1.941047501983121,1.648420845,1.941047501983121,1.9627173759508878
30,offset_c0.7_from0.8,4,ompl_uniform,20561541,True,True,,1,0.17673731304239482,0.012741648,0.17673731304239482,0.178478985093534
30,offset_c0.7_from0.8,4,joint_projected,20561541,False,False,planning,99999,3.1007316800532863,0.0,6.0,3.1213617420289665
30,offset_c0.7_from0.8,4,cartesian_ik,20561541,False,False,planning,99999,3.107435721089132,0.0,6.0,3.1271142510231584
18,central_c0.7_from0.8,0,ompl_uniform,20441053,False,False,goal_ik_design,,0.0,0.0,6.0,0.0
18,central_c0.7_from0.8,0,joint_projected,20441053,False,False,goal_ik_design,,0.0,0.0,6.0,0.018502969993278384
18,central_c0.7_from0.8,0,cartesian_ik,20441053,False,False,goal_ik_design,,0.0,0.0,6.0,0.018502969993278384
18,central_c0.7_from0.8,1,joint_projected,20441154,False,False,goal_ik_design,,0.0,0.0,6.0,0.018502969993278384
18,central_c0.7_from0.8,1,ompl_uniform,20441154,False,False,goal_ik_design,,0.0,0.0,6.0,0.0
18,central_c0.7_from0.8,1,cartesian_ik,20441154,False,False,goal_ik_design,,0.0,0.0,6.0,0.018502969993278384
18,central_c0.7_from0.8,2,joint_projected,20441255,False,False,goal_ik_design,,0.0,0.0,6.0,0.018502969993278384
18,central_c0.7_from0.8,2,cartesian_ik,20441255,False,False,goal_ik_design,,0.0,0.0,6.0,0.018502969993278384
18,central_c0.7_from0.8,2,ompl_uniform,20441255,False,False,goal_ik_design,,0.0,0.0,6.0,0.0
18,central_c0.7_from0.8,3,cartesian_ik,20441356,False,False,goal_ik_design,,0.0,0.0,6.0,0.018502969993278384
18,central_c0.7_from0.8,3,joint_projected,20441356,False,False,goal_ik_design,,0.0,0.0,6.0,0.018502969993278384
18,central_c0.7_from0.8,3,ompl_uniform,20441356,False,False,goal_ik_design,,0.0,0.0,6.0,0.0
18,central_c0.7_from0.8,4,cartesian_ik,20441457,False,False,goal_ik_design,,0.0,0.0,6.0,0.018502969993278384
18,central_c0.7_from0.8,4,ompl_uniform,20441457,False,False,goal_ik_design,,0.0,0.0,6.0,0.0
18,central_c0.7_from0.8,4,joint_projected,20441457,False,False,goal_ik_design,,0.0,0.0,6.0,0.018502969993278384
35,offset_c0.7_from0.8,0,joint_projected,20611172,True,True,,1,0.1750843550544232,0.040589783,0.1750843550544232,0.19548025797121227
35,offset_c0.7_from0.8,0,cartesian_ik,20611172,True,True,,1,0.24468345800414681,0.050837154,0.24468345800414681,0.2651101970113814
35,offset_c0.7_from0.8,0,ompl_uniform,20611172,True,True,,1,0.10257231898140162,0.020990097,0.10257231898140162,0.10414393397513777
35,offset_c0.7_from0.8,1,cartesian_ik,20611273,True,True,,1,0.18338780791964382,0.064598954,0.18338780791964382,0.20423701393883675
35,offset_c0.7_from0.8,1,joint_projected,20611273,True,True,,1,0.20054586499463767,0.023409766,0.20054586499463767,0.22103478689678013
35,offset_c0.7_from0.8,1,ompl_uniform,20611273,True,True,,1,0.15807811392005533,0.029309764,0.15807811392005533,0.15975453599821776
35,offset_c0.7_from0.8,2,ompl_uniform,20611374,True,True,,1,0.14180631295312196,0.030872457,0.14180631295312196,0.14328163699246943
35,offset_c0.7_from0.8,2,joint_projected,20611374,True,True,,1,0.09952017001342028,0.032945114,0.09952017001342028,0.12018057203385979
35,offset_c0.7_from0.8,2,cartesian_ik,20611374,True,True,,1,0.19535417703446,0.106839105,0.19535417703446,0.21596554201096296
35,offset_c0.7_from0.8,3,ompl_uniform,20611475,True,True,,1,0.20106680295430124,0.03679529,0.20106680295430124,0.2026254819938913
35,offset_c0.7_from0.8,3,cartesian_ik,20611475,True,True,,1,0.11564326204825193,0.056434139,0.11564326204825193,0.13647100899834186
35,offset_c0.7_from0.8,3,joint_projected,20611475,True,True,,1,0.16564104706048965,0.032199169,0.16564104706048965,0.18659182894043624
35,offset_c0.7_from0.8,4,cartesian_ik,20611576,True,True,,1,0.3350770079996437,0.126406583,0.3350770079996437,0.35608598694670945
35,offset_c0.7_from0.8,4,ompl_uniform,20611576,True,True,,1,0.15806022100150585,0.01259021,0.15806022100150585,0.1596736810170114
35,offset_c0.7_from0.8,4,joint_projected,20611576,True,True,,1,0.1066767000593245,0.033109081,0.1066767000593245,0.127543615992181
16,central_c0.7_from0.8,0,cartesian_ik,20421039,False,False,planning,99999,3.00982442102395,0.0,6.0,3.029375611105934
16,central_c0.7_from0.8,0,ompl_uniform,20421039,True,True,,1,0.20569599303416908,0.027117731,0.20569599303416908,0.20749661698937416
16,central_c0.7_from0.8,0,joint_projected,20421039,False,False,planning,99999,3.0809427780332044,0.0,6.0,3.1008138281758875
16,central_c0.7_from0.8,1,joint_projected,20421140,False,False,planning,99999,3.106939891935326,0.0,6.0,3.12655301601626
16,central_c0.7_from0.8,1,cartesian_ik,20421140,False,False,planning,99999,3.097684445907362,0.0,6.0,3.117463922011666
16,central_c0.7_from0.8,1,ompl_uniform,20421140,True,True,,1,0.19496204098686576,0.020716646,0.19496204098686576,0.19610176503192633
16,central_c0.7_from0.8,2,cartesian_ik,20421241,False,False,planning,99999,3.0893069250741974,0.0,6.0,3.109871061053127
16,central_c0.7_from0.8,2,ompl_uniform,20421241,True,True,,1,0.18587296199984848,0.016678737,0.18587296199984848,0.18708465399686247
16,central_c0.7_from0.8,2,joint_projected,20421241,False,False,planning,99999,3.1004325669491664,0.0,6.0,3.1203189820516855
16,central_c0.7_from0.8,3,cartesian_ik,20421342,False,False,planning,99999,3.102652317029424,0.0,6.0,3.122809519059956
16,central_c0.7_from0.8,3,joint_projected,20421342,False,False,planning,99999,3.088886038050987,0.0,6.0,3.10891775903292
16,central_c0.7_from0.8,3,ompl_uniform,20421342,True,True,,1,0.18020694993901998,0.007031861,0.18020694993901998,0.18162139295600355
16,central_c0.7_from0.8,4,cartesian_ik,20421443,False,False,planning,99999,3.0983129629166797,0.0,6.0,3.118552848114632
16,central_c0.7_from0.8,4,joint_projected,20421443,False,False,planning,99999,3.095555030973628,0.0,6.0,3.1156930420547724
16,central_c0.7_from0.8,4,ompl_uniform,20421443,True,True,,1,0.2066699219867587,0.01358514,0.2066699219867587,0.2080668379785493
11,central_c0.7_from0.8,0,cartesian_ik,20371004,True,True,,1,0.3210384710691869,0.170762113,0.3210384710691869,0.3421812830492854
11,central_c0.7_from0.8,0,ompl_uniform,20371004,True,True,,1,0.2009188279043883,0.02430516,0.2009188279043883,0.20274047693237662
11,central_c0.7_from0.8,0,joint_projected,20371004,True,True,,1,0.10528699296992272,0.02082422,0.10528699296992272,0.12679884501267225
11,central_c0.7_from0.8,1,joint_projected,20371105,True,True,,1,0.22296271799132228,0.049687466,0.22296271799132228,0.24412729195319116
11,central_c0.7_from0.8,1,ompl_uniform,20371105,True,True,,1,0.09977691201493144,0.008081752,0.09977691201493144,0.10112528002355248
11,central_c0.7_from0.8,1,cartesian_ik,20371105,True,True,,1,1.0090920800575987,0.816966532,1.0090920800575987,1.030245129019022
11,central_c0.7_from0.8,2,joint_projected,20371206,False,False,planning,99999,3.0609822180122137,0.0,6.0,3.0808528430061415
11,central_c0.7_from0.8,2,cartesian_ik,20371206,True,True,,1,1.6943119509378448,1.357412816,1.6943119509378448,1.7151034470880404
11,central_c0.7_from0.8,2,ompl_uniform,20371206,True,True,,1,0.16303906601388007,0.027705934,0.16303906601388007,0.1647679719608277
11,central_c0.7_from0.8,3,joint_projected,20371307,True,True,,1,0.24174862506333739,0.042146135,0.24174862506333739,0.26324046310037374
11,central_c0.7_from0.8,3,ompl_uniform,20371307,True,True,,1,0.1774451369419694,0.00927371,0.1774451369419694,0.17912100406829268
11,central_c0.7_from0.8,3,cartesian_ik,20371307,True,True,,1,0.8869217509636655,0.582012875,0.8869217509636655,0.9082973790355027
11,central_c0.7_from0.8,4,cartesian_ik,20371408,True,True,,1,0.20421486801933497,0.049911247,0.20421486801933497,0.22486193606164306
11,central_c0.7_from0.8,4,joint_projected,20371408,True,True,,1,0.23006260499823838,0.055392146,0.23006260499823838,0.25073832098860294
11,central_c0.7_from0.8,4,ompl_uniform,20371408,True,True,,1,0.06189442193135619,0.019301775,0.06189442193135619,0.06319171306677163
14,central_c0.7_from0.8,0,joint_projected,20401025,True,True,,1,1.6329860070254654,1.430128018,1.6329860070254654,1.6538042520405725
14,central_c0.7_from0.8,0,ompl_uniform,20401025,True,True,,1,0.06928859499748796,0.003758152,0.06928859499748796,0.0708752409555018
14,central_c0.7_from0.8,0,cartesian_ik,20401025,True,True,,1,0.3632201290456578,0.225289874,0.3632201290456578,0.3852341719903052
14,central_c0.7_from0.8,1,ompl_uniform,20401126,True,True,,1,0.20549733901862055,0.014847672,0.20549733901862055,0.2070898920064792
14,central_c0.7_from0.8,1,cartesian_ik,20401126,True,True,,1,0.2949666939675808,0.161694943,0.2949666939675808,0.3159329970367253
14,central_c0.7_from0.8,1,joint_projected,20401126,True,True,,1,0.22161812405101955,0.059343424,0.22161812405101955,0.2424986690748483
14,central_c0.7_from0.8,2,cartesian_ik,20401227,True,True,,1,0.27118337398860604,0.102911702,0.27118337398860604,0.29212813707999885
14,central_c0.7_from0.8,2,joint_projected,20401227,True,True,,1,1.009687563055195,0.80954381,1.009687563055195,1.0313371720258147
14,central_c0.7_from0.8,2,ompl_uniform,20401227,True,True,,1,0.09487875993363559,0.011039819,0.09487875993363559,0.09597258199937642
14,central_c0.7_from0.8,3,cartesian_ik,20401328,True,True,,1,0.3286944179562852,0.188670188,0.3286944179562852,0.34987056301906705
14,central_c0.7_from0.8,3,joint_projected,20401328,True,True,,1,0.5895134180318564,0.230775814,0.5895134180318564,0.6109521060716361
14,central_c0.7_from0.8,3,ompl_uniform,20401328,True,True,,1,0.16038687503896654,0.030834031,0.16038687503896654,0.16187907091807574
14,central_c0.7_from0.8,4,cartesian_ik,20401429,True,True,,1,0.26835445896722376,0.181608729,0.26835445896722376,0.28929952008184046
14,central_c0.7_from0.8,4,joint_projected,20401429,True,True,,1,0.29556488094385713,0.084313193,0.29556488094385713,0.31672919809352607
14,central_c0.7_from0.8,4,ompl_uniform,20401429,True,True,,1,0.20467843592632562,0.022122498,0.20467843592632562,0.20635391504038125
5,central_c0.5_from0.2,0,joint_projected,20310962,False,False,planning,99999,3.0821555589791387,0.0,6.0,3.102193385013379
5,central_c0.5_from0.2,0,cartesian_ik,20310962,True,True,,1,0.2711878459667787,0.10883628,0.2711878459667787,0.2911646841093898
5,central_c0.5_from0.2,0,ompl_uniform,20310962,True,True,,1,0.19004590797703713,0.033097451,0.19004590797703713,0.19128634501248598
5,central_c0.5_from0.2,1,cartesian_ik,20311063,True,True,,1,0.24138739693444222,0.164708507,0.24138739693444222,0.2620969070121646
5,central_c0.5_from0.2,1,ompl_uniform,20311063,True,True,,1,0.17682291695382446,0.009344775,0.17682291695382446,0.17819349199999124
5,central_c0.5_from0.2,1,joint_projected,20311063,True,True,,1,0.21148402197286487,0.041521209,0.21148402197286487,0.23216416395734996
5,central_c0.5_from0.2,2,cartesian_ik,20311164,True,True,,1,0.4520026840036735,0.124413803,0.4520026840036735,0.47282508690841496
5,central_c0.5_from0.2,2,joint_projected,20311164,True,True,,1,0.2179043609648943,0.038917246,0.2179043609648943,0.23892280110158026
5,central_c0.5_from0.2,2,ompl_uniform,20311164,True,True,,1,0.19852904905565083,0.023397525,0.19852904905565083,0.20003098901361227
5,central_c0.5_from0.2,3,ompl_uniform,20311265,True,True,,1,0.13293834205251187,0.018806909,0.13293834205251187,0.13465143099892884
5,central_c0.5_from0.2,3,joint_projected,20311265,True,True,,1,0.09091330296359956,0.051663283,0.09091330296359956,0.11158559808973223
5,central_c0.5_from0.2,3,cartesian_ik,20311265,True,True,,1,0.3592254740651697,0.291493894,0.3592254740651697,0.3803908691043034
5,central_c0.5_from0.2,4,ompl_uniform,20311366,True,True,,1,0.2025526399957016,0.043325818,0.2025526399957016,0.2039241249440238
5,central_c0.5_from0.2,4,joint_projected,20311366,True,True,,1,0.5634710229933262,0.097038484,0.5634710229933262,0.5843564119422808
5,central_c0.5_from0.2,4,cartesian_ik,20311366,True,True,,1,0.3758933739736676,0.320034036,0.3758933739736676,0.39667511405423284
1,central_c0.5_from0.2,0,joint_projected,20270934,False,False,planning,99999,3.055503527051769,0.0,6.0,3.0752195599488914
1,central_c0.5_from0.2,0,ompl_uniform,20270934,True,True,,1,0.264898371999152,0.04375286,0.264898371999152,0.26617118692956865
1,central_c0.5_from0.2,0,cartesian_ik,20270934,True,True,,1,0.8655350540066138,0.305988136,0.8655350540066138,0.8872156940633431
1,central_c0.5_from0.2,1,cartesian_ik,20271035,True,True,,1,1.0312792760087177,0.563043555,1.0312792760087177,1.0518640540540218
1,central_c0.5_from0.2,1,ompl_uniform,20271035,True,True,,1,0.14881159993819892,0.045943464,0.14881159993819892,0.1501911300001666
1,central_c0.5_from0.2,1,joint_projected,20271035,True,True,,1,0.42363234306685627,0.146483473,0.42363234306685627,0.4448859649710357
1,central_c0.5_from0.2,2,ompl_uniform,20271136,True,True,,1,0.07735408400185406,0.010421799,0.07735408400185406,0.07902002497576177
1,central_c0.5_from0.2,2,joint_projected,20271136,False,False,planning,99999,3.0150179740739986,0.0,6.0,3.035025069024414
1,central_c0.5_from0.2,2,cartesian_ik,20271136,True,True,,1,0.6773214909480885,0.191433738,0.6773214909480885,0.698559346026741
1,central_c0.5_from0.2,3,joint_projected,20271237,False,False,planning,99999,3.097946324967779,0.0,6.0,3.1183862501056865
1,central_c0.5_from0.2,3,cartesian_ik,20271237,False,False,planning,99999,3.102580396924168,0.0,6.0,3.122260755044408
1,central_c0.5_from0.2,3,ompl_uniform,20271237,True,True,,1,0.25700466707348824,0.033642883,0.25700466707348824,0.25820233509875834
1,central_c0.5_from0.2,4,joint_projected,20271338,False,False,planning,99999,3.0923470420530066,0.0,6.0,3.1128687190357596
1,central_c0.5_from0.2,4,ompl_uniform,20271338,True,True,,1,0.1619782930938527,0.010907017,0.1619782930938527,0.16378340602386743
1,central_c0.5_from0.2,4,cartesian_ik,20271338,True,True,,1,1.8805583859793842,1.446694696,1.8805583859793842,1.9019775911001489
57,distant_c0.7_from0.8,0,cartesian_ik,20831326,True,True,,1,0.10115532705094665,0.028532179,0.10115532705094665,0.12145549093838781
57,distant_c0.7_from0.8,0,ompl_uniform,20831326,True,True,,1,0.10658731998410076,0.015201421,0.10658731998410076,0.10834077396430075
57,distant_c0.7_from0.8,0,joint_projected,20831326,True,True,,1,0.037276268005371094,0.013989664,0.037276268005371094,0.05863184097688645
57,distant_c0.7_from0.8,1,cartesian_ik,20831427,False,True,path_audit,1,0.09553842199966311,0.028551232,6.0,0.11647572997026145
57,distant_c0.7_from0.8,1,joint_projected,20831427,True,True,,1,0.21676044608466327,0.02393468,0.21676044608466327,0.23852217488456517
57,distant_c0.7_from0.8,1,ompl_uniform,20831427,True,True,,1,0.20392360701225698,0.036127287,0.20392360701225698,0.20561573398299515
57,distant_c0.7_from0.8,2,joint_projected,20831528,True,True,,1,0.1425492709968239,0.033710453,0.1425492709968239,0.16370856785215437
57,distant_c0.7_from0.8,2,cartesian_ik,20831528,True,True,,1,0.15670335397589952,0.045508108,0.15670335397589952,0.1775143388658762
57,distant_c0.7_from0.8,2,ompl_uniform,20831528,True,True,,1,0.16067412693519145,0.020261547,0.16067412693519145,0.16257303510792553
57,distant_c0.7_from0.8,3,joint_projected,20831629,True,True,,1,0.05011932994239032,0.026692317,0.05011932994239032,0.07126484392210841
57,distant_c0.7_from0.8,3,ompl_uniform,20831629,True,True,,1,0.10269174701534212,0.006671742,0.10269174701534212,0.1040846190880984
57,distant_c0.7_from0.8,3,cartesian_ik,20831629,True,True,,1,0.044517490081489086,0.020505381,0.044517490081489086,0.06694055593106896
57,distant_c0.7_from0.8,4,ompl_uniform,20831730,True,True,,1,0.21303540095686913,0.017036276,0.21303540095686913,0.21424857899546623
57,distant_c0.7_from0.8,4,cartesian_ik,20831730,True,True,,1,0.07383598200976849,0.013517801,0.07383598200976849,0.09558151394594461
57,distant_c0.7_from0.8,4,joint_projected,20831730,True,True,,1,0.20323519106023014,0.038417988,0.20323519106023014,0.237750326981768
34,offset_c0.7_from0.8,0,ompl_uniform,20601165,True,True,,1,0.20560003502760082,0.033173558,0.20560003502760082,0.20725327508989722
34,offset_c0.7_from0.8,0,joint_projected,20601165,True,True,,1,0.435842004022561,0.070232266,0.435842004022561,0.45813002600334585
34,offset_c0.7_from0.8,0,cartesian_ik,20601165,True,True,,1,0.16388034098781645,0.067416603,0.16388034098781645,0.18486863002181053
34,offset_c0.7_from0.8,1,joint_projected,20601266,True,True,,1,0.09990452392958105,0.041423644,0.09990452392958105,0.12165567593183368
34,offset_c0.7_from0.8,1,ompl_uniform,20601266,True,True,,1,0.1556089340010658,0.034659113,0.1556089340010658,0.1574169690720737
34,offset_c0.7_from0.8,1,cartesian_ik,20601266,True,True,,1,0.2801124929683283,0.191829225,0.2801124929683283,0.3021075769793242
34,offset_c0.7_from0.8,2,joint_projected,20601367,True,True,,1,0.6152835220564157,0.482566947,0.6152835220564157,0.6371361890342087
34,offset_c0.7_from0.8,2,cartesian_ik,20601367,True,True,,1,0.23374105000402778,0.056405515,0.23374105000402778,0.25553557998500764
34,offset_c0.7_from0.8,2,ompl_uniform,20601367,True,True,,1,0.2709278839174658,0.028882375,0.2709278839174658,0.27267150301486254
34,offset_c0.7_from0.8,3,joint_projected,20601468,True,True,,1,0.12067986594047397,0.03488327,0.12067986594047397,0.1422021099133417
34,offset_c0.7_from0.8,3,ompl_uniform,20601468,True,True,,1,0.18328803894110024,0.012328016,0.18328803894110024,0.18500975100323558
34,offset_c0.7_from0.8,3,cartesian_ik,20601468,True,True,,1,0.1527224840829149,0.065898443,0.1527224840829149,0.1737293789628893
34,offset_c0.7_from0.8,4,cartesian_ik,20601569,True,True,,1,0.10667311493307352,0.059272786,0.10667311493307352,0.1283351449528709
34,offset_c0.7_from0.8,4,ompl_uniform,20601569,True,True,,1,0.18762337998487055,0.021489755,0.18762337998487055,0.18891464604530483
34,offset_c0.7_from0.8,4,joint_projected,20601569,True,True,,1,0.1364216839428991,0.020907811,0.1364216839428991,0.15761959797237068
0,central_c0.5_from0.2,0,ompl_uniform,20260927,True,True,,1,0.44483076804317534,0.051768556,0.44483076804317534,0.4464259169762954
0,central_c0.5_from0.2,0,joint_projected,20260927,True,True,,1,0.13281021395232528,0.034961188,0.13281021395232528,0.15621323604136705
0,central_c0.5_from0.2,0,cartesian_ik,20260927,True,True,,1,0.2451208799611777,0.156291733,0.2451208799611777,0.2683701569912955
0,central_c0.5_from0.2,1,joint_projected,20261028,True,True,,1,0.4294196399860084,0.061285637,0.4294196399860084,0.45297567907255143
0,central_c0.5_from0.2,1,ompl_uniform,20261028,True,True,,1,0.23110255401115865,0.038725928,0.23110255401115865,0.23300378595013171
0,central_c0.5_from0.2,1,cartesian_ik,20261028,True,True,,1,0.555431967950426,0.329111256,0.555431967950426,0.5786277541192248
0,central_c0.5_from0.2,2,ompl_uniform,20261129,True,True,,1,0.13078001502435654,0.040835526,0.13078001502435654,0.1319793340517208
0,central_c0.5_from0.2,2,cartesian_ik,20261129,True,True,,1,0.1483437599381432,0.020992267,0.1483437599381432,0.17097670608200133
0,central_c0.5_from0.2,2,joint_projected,20261129,False,False,planning,99999,3.0625385340536013,0.0,6.0,3.0849344820016995
0,central_c0.5_from0.2,3,cartesian_ik,20261230,True,True,,1,0.19465640804264694,0.016689578,0.19465640804264694,0.21747502102516592
0,central_c0.5_from0.2,3,joint_projected,20261230,True,True,,1,0.2430780460126698,0.042921348,0.2430780460126698,0.266347253927961
0,central_c0.5_from0.2,3,ompl_uniform,20261230,True,True,,1,0.12001752899959683,0.034527775,0.12001752899959683,0.12158935505431145
0,central_c0.5_from0.2,4,joint_projected,20261331,True,True,,1,0.17948972200974822,0.037228213,0.17948972200974822,0.20264948392286897
0,central_c0.5_from0.2,4,ompl_uniform,20261331,True,True,,1,0.16237446398008615,0.035951853,0.16237446398008615,0.16406290500890464
0,central_c0.5_from0.2,4,cartesian_ik,20261331,True,True,,1,0.29004579596221447,0.087867746,0.29004579596221447,0.3136739260517061
54,distant_c0.7_from0.8,0,ompl_uniform,20801305,True,True,,1,0.18897457793354988,0.042083108,0.18897457793354988,0.19060141406953335
54,distant_c0.7_from0.8,0,joint_projected,20801305,True,True,,1,0.11213278491050005,0.05266125,0.11213278491050005,0.13287115294951946
54,distant_c0.7_from0.8,0,cartesian_ik,20801305,True,True,,1,0.15428026800509542,0.025321246,0.15428026800509542,0.17548456392250955
54,distant_c0.7_from0.8,1,ompl_uniform,20801406,True,True,,1,0.1750494110165164,0.037327454,0.1750494110165164,0.17715912905987352
54,distant_c0.7_from0.8,1,cartesian_ik,20801406,True,True,,1,0.06525158602744341,0.029461332,0.06525158602744341,0.08559067791793495
54,distant_c0.7_from0.8,1,joint_projected,20801406,True,True,,1,0.1330538170877844,0.02674291,0.1330538170877844,0.1533457669429481
54,distant_c0.7_from0.8,2,ompl_uniform,20801507,True,True,,1,0.06744328408967704,0.009846494,0.06744328408967704,0.06872482295148075
54,distant_c0.7_from0.8,2,joint_projected,20801507,True,True,,1,0.13180335599463433,0.025855982,0.13180335599463433,0.15261641598772258
54,distant_c0.7_from0.8,2,cartesian_ik,20801507,True,True,,1,0.18429679505061358,0.048170235,0.18429679505061358,0.2045699479058385
54,distant_c0.7_from0.8,3,cartesian_ik,20801608,True,True,,1,0.10756055894307792,0.012393688,0.10756055894307792,0.12812602892518044
54,distant_c0.7_from0.8,3,joint_projected,20801608,True,True,,1,0.12313978804741055,0.018146898,0.12313978804741055,0.14352604490704834
54,distant_c0.7_from0.8,3,ompl_uniform,20801608,True,True,,1,0.0713274700101465,0.004453527,0.0713274700101465,0.07298777799587697
54,distant_c0.7_from0.8,4,cartesian_ik,20801709,True,True,,1,0.06755604897625744,0.039616174,0.06755604897625744,0.08815572096500546
54,distant_c0.7_from0.8,4,ompl_uniform,20801709,True,True,,1,0.13570504297968,0.04111704,0.13570504297968,0.13685563206672668
54,distant_c0.7_from0.8,4,joint_projected,20801709,True,True,,1,0.09750559693202376,0.022464247,0.09750559693202376,0.11846369795966893
17,central_c0.7_from0.8,0,cartesian_ik,20431046,False,False,planning,99999,3.0079847360029817,0.0,6.0,3.0279089579125866
17,central_c0.7_from0.8,0,joint_projected,20431046,False,False,planning,99999,3.0987708639586344,0.0,6.0,3.1188415449578315
17,central_c0.7_from0.8,0,ompl_uniform,20431046,True,True,,1,0.3354092469671741,0.00981912,0.3354092469671741,0.33686531404964626
17,central_c0.7_from0.8,1,ompl_uniform,20431147,True,True,,1,0.20590744295623153,0.038914574,0.20590744295623153,0.20775881805457175
17,central_c0.7_from0.8,1,cartesian_ik,20431147,False,False,planning,99999,3.0059649749891832,0.0,6.0,3.026547637884505
17,central_c0.7_from0.8,1,joint_projected,20431147,False,False,planning,99999,3.0990539530757815,0.0,6.0,3.118992812000215
17,central_c0.7_from0.8,2,cartesian_ik,20431248,False,False,planning,99999,3.105366684962064,0.0,6.0,3.1252507489407435
17,central_c0.7_from0.8,2,joint_projected,20431248,False,False,planning,99999,3.087363021913916,0.0,6.0,3.1077337928581983
17,central_c0.7_from0.8,2,ompl_uniform,20431248,True,True,,1,0.23644872196018696,0.016334745,0.23644872196018696,0.2376278400188312
17,central_c0.7_from0.8,3,cartesian_ik,20431349,False,False,planning,99999,3.052927596028894,0.0,6.0,3.0739140468649566
17,central_c0.7_from0.8,3,joint_projected,20431349,False,False,planning,99999,3.0935762230074033,0.0,6.0,3.1145784578984603
17,central_c0.7_from0.8,3,ompl_uniform,20431349,True,True,,1,0.2350024520419538,0.016768808,0.2350024520419538,0.23704321100376546
17,central_c0.7_from0.8,4,cartesian_ik,20431450,False,False,planning,99999,3.075716217979789,0.0,6.0,3.09643430786673
17,central_c0.7_from0.8,4,ompl_uniform,20431450,True,True,,1,0.248267533024773,0.019152269,0.248267533024773,0.24992393190041184
17,central_c0.7_from0.8,4,joint_projected,20431450,False,False,planning,99999,3.0679641800234094,0.0,6.0,3.088852231972851
9,central_c0.5_from0.2,0,cartesian_ik,20350990,True,True,,1,0.13925072504207492,0.04764611,0.13925072504207492,0.1598183560417965
9,central_c0.5_from0.2,0,ompl_uniform,20350990,True,True,,1,0.18680482194758952,0.018906726,0.18680482194758952,0.18813150003552437
9,central_c0.5_from0.2,0,joint_projected,20350990,True,True,,1,0.7408145619556308,0.50703203,0.7408145619556308,0.7624496701173484
9,central_c0.5_from0.2,1,cartesian_ik,20351091,True,True,,1,0.5931748950388283,0.210004564,0.5931748950388283,0.6145048091420904
9,central_c0.5_from0.2,1,joint_projected,20351091,True,True,,1,1.8351622630143538,0.642585992,1.8351622630143538,1.8572414711816236
9,central_c0.5_from0.2,1,ompl_uniform,20351091,True,True,,1,0.17818448704201728,0.017382542,0.17818448704201728,0.17958349105902016
9,central_c0.5_from0.2,2,joint_projected,20351192,True,True,,1,2.615967735997401,2.163686585,2.615967735997401,2.6371195170795545
9,central_c0.5_from0.2,2,ompl_uniform,20351192,True,True,,1,0.18574595102109015,0.012187041,0.18574595102109015,0.18741877702996135
9,central_c0.5_from0.2,2,cartesian_ik,20351192,True,True,,1,0.2249354850500822,0.04185233,0.2249354850500822,0.24630402808543295
9,central_c0.5_from0.2,3,ompl_uniform,20351293,True,True,,1,0.3396462530363351,0.022143142,0.3396462530363351,0.341132404981181
9,central_c0.5_from0.2,3,joint_projected,20351293,True,True,,1,0.6908640789333731,0.520740581,0.6908640789333731,0.7126017491100356
9,central_c0.5_from0.2,3,cartesian_ik,20351293,True,True,,1,0.4094868910033256,0.110209677,0.4094868910033256,0.43115005316212773
9,central_c0.5_from0.2,4,cartesian_ik,20351394,True,True,,1,0.21807930001523346,0.036896643,0.21807930001523346,0.23885860911104828
9,central_c0.5_from0.2,4,ompl_uniform,20351394,True,True,,1,0.1800980910193175,0.03211602,0.1800980910193175,0.18184959795325994
9,central_c0.5_from0.2,4,joint_projected,20351394,True,True,,1,0.8736050059087574,0.66695311,0.8736050059087574,0.895148562034592
12,central_c0.7_from0.8,0,ompl_uniform,20381011,True,True,,1,0.13815066195093095,0.017421451,0.13815066195093095,0.13947561802342534
12,central_c0.7_from0.8,0,cartesian_ik,20381011,False,False,planning,99999,3.0820165059994906,0.0,6.0,3.102885123109445
12,central_c0.7_from0.8,0,joint_projected,20381011,False,False,planning,99999,3.094607917009853,0.0,6.0,3.1149201771477237
12,central_c0.7_from0.8,1,joint_projected,20381112,False,False,planning,99999,3.1038675300078467,0.0,6.0,3.1237706519896165
12,central_c0.7_from0.8,1,ompl_uniform,20381112,True,True,,1,0.29817193804774433,0.019088012,0.29817193804774433,0.2993138110032305
12,central_c0.7_from0.8,1,cartesian_ik,20381112,False,False,planning,99999,3.0913509170059115,0.0,6.0,3.112337943050079
12,central_c0.7_from0.8,2,joint_projected,20381213,False,False,planning,99999,3.0893076029606164,0.0,6.0,3.1095621450804174
12,central_c0.7_from0.8,2,ompl_uniform,20381213,True,True,,1,0.3351319129578769,0.023179409,0.3351319129578769,0.33667563600465655
12,central_c0.7_from0.8,2,cartesian_ik,20381213,False,False,planning,99999,3.0737242300529033,0.0,6.0,3.094481243053451
12,central_c0.7_from0.8,3,joint_projected,20381314,False,False,planning,99999,3.0923481059726328,0.0,6.0,3.113078943104483
12,central_c0.7_from0.8,3,cartesian_ik,20381314,False,False,planning,99999,3.1038432579953223,0.0,6.0,3.1235345230670646
12,central_c0.7_from0.8,3,ompl_uniform,20381314,True,True,,1,0.6232779308920726,0.027866129,0.6232779308920726,0.6250603580847383
12,central_c0.7_from0.8,4,cartesian_ik,20381415,False,False,planning,99999,3.058651276049204,0.0,6.0,3.0795356450835243
12,central_c0.7_from0.8,4,ompl_uniform,20381415,True,True,,1,0.24234637699555606,0.024309258,0.24234637699555606,0.24381184589583427
12,central_c0.7_from0.8,4,joint_projected,20381415,False,False,planning,99999,3.07524202298373,0.0,6.0,3.095951941097155
36,offset_c0.7_from0.8,0,joint_projected,20621179,True,True,,1,2.1615723660215735,1.744135076,2.1615723660215735,2.1830992130562663
36,offset_c0.7_from0.8,0,ompl_uniform,20621179,True,True,,1,0.18883120303507894,0.008357772,0.18883120303507894,0.19040000799577683
36,offset_c0.7_from0.8,0,cartesian_ik,20621179,True,True,,1,1.2198091640602797,0.864252965,1.2198091640602797,1.2419880130328238
36,offset_c0.7_from0.8,1,cartesian_ik,20621280,True,True,,1,1.4662613100372255,1.111579722,1.4662613100372255,1.4881951259449124
36,offset_c0.7_from0.8,1,joint_projected,20621280,False,False,planning,99999,3.09074024297297,0.0,6.0,3.1109252489404753
36,offset_c0.7_from0.8,1,ompl_uniform,20621280,True,True,,1,0.1943184060510248,0.025764671,0.1943184060510248,0.19578873098362237
36,offset_c0.7_from0.8,2,joint_projected,20621381,False,False,planning,99999,3.080165031948127,0.0,6.0,3.101249270956032
36,offset_c0.7_from0.8,2,ompl_uniform,20621381,True,True,,1,0.1592054880456999,0.015092164,0.1592054880456999,0.16032000398263335
36,offset_c0.7_from0.8,2,cartesian_ik,20621381,True,True,,1,1.738012928981334,1.180908532,1.738012928981334,1.7593928929418325
36,offset_c0.7_from0.8,3,joint_projected,20621482,False,False,planning,99999,3.056908515980467,0.0,6.0,3.077657288988121
36,offset_c0.7_from0.8,3,cartesian_ik,20621482,True,True,,1,0.6024493449367583,0.25278686,0.6024493449367583,0.6236678319983184
36,offset_c0.7_from0.8,3,ompl_uniform,20621482,True,True,,1,0.12681468902155757,0.012608107,0.12681468902155757,0.12855397397652268
36,offset_c0.7_from0.8,4,joint_projected,20621583,False,False,planning,99999,3.072152766981162,0.0,6.0,3.092925947974436
36,offset_c0.7_from0.8,4,ompl_uniform,20621583,True,True,,1,0.1756812979001552,0.012083269,0.1756812979001552,0.17717843397986144
36,offset_c0.7_from0.8,4,cartesian_ik,20621583,True,True,,1,0.8299206210067496,0.711268781,0.8299206210067496,0.8516091021010652
7,central_c0.5_from0.2,0,joint_projected,20330976,True,True,,1,0.1718230179976672,0.032367951,0.1718230179976672,0.1922500591026619
7,central_c0.5_from0.2,0,ompl_uniform,20330976,True,True,,1,0.17947253701277077,0.0128511,0.17947253701277077,0.18172592902556062
7,central_c0.5_from0.2,0,cartesian_ik,20330976,True,True,,1,0.16403470502700657,0.079949333,0.16403470502700657,0.1847577840089798
7,central_c0.5_from0.2,1,joint_projected,20331077,True,True,,1,0.17995799402706325,0.045772298,0.17995799402706325,0.20132030511740595
7,central_c0.5_from0.2,1,cartesian_ik,20331077,True,True,,1,0.2428760869661346,0.066910679,0.2428760869661346,0.26370649808086455
7,central_c0.5_from0.2,1,ompl_uniform,20331077,True,True,,1,0.23618546593934298,0.022692689,0.23618546593934298,0.23802055802661926
7,central_c0.5_from0.2,2,joint_projected,20331178,True,True,,1,0.1450740429572761,0.041954825,0.1450740429572761,0.16638023511040956
7,central_c0.5_from0.2,2,cartesian_ik,20331178,True,True,,1,0.1358064819360152,0.02347794,0.1358064819360152,0.1564971930347383
7,central_c0.5_from0.2,2,ompl_uniform,20331178,True,True,,1,0.18946023797616363,0.009031486,0.18946023797616363,0.19089763006195426
7,central_c0.5_from0.2,3,ompl_uniform,20331279,True,True,,1,0.1740020940778777,0.014055553,0.1740020940778777,0.1757167640607804
7,central_c0.5_from0.2,3,cartesian_ik,20331279,True,True,,1,0.1715358509682119,0.065871043,0.1715358509682119,0.19275446806568652
7,central_c0.5_from0.2,3,joint_projected,20331279,True,True,,1,0.14615323499310762,0.03153254,0.14615323499310762,0.16699659905862063
7,central_c0.5_from0.2,4,joint_projected,20331380,True,True,,1,0.10522244102321565,0.032477042,0.10522244102321565,0.126222197082825
7,central_c0.5_from0.2,4,ompl_uniform,20331380,True,True,,1,0.23813424701802433,0.032443645,0.23813424701802433,0.23976665001828223
7,central_c0.5_from0.2,4,cartesian_ik,20331380,True,True,,1,0.13856505800504237,0.041965176,0.13856505800504237,0.15918991796206683
47,distant_c0.5_from0.2,0,ompl_uniform,20731256,True,True,,1,0.17679140507243574,0.008746797,0.17679140507243574,0.1785677579464391
47,distant_c0.5_from0.2,0,joint_projected,20731256,True,True,,1,0.14496497111395001,0.026243866,0.14496497111395001,0.1654400760307908
47,distant_c0.5_from0.2,0,cartesian_ik,20731256,True,True,,1,0.08113210694864392,0.022467734,0.08113210694864392,0.10138504498172551
47,distant_c0.5_from0.2,1,joint_projected,20731357,True,True,,1,0.13074726099148393,0.03199913,0.13074726099148393,0.15104704396799207
47,distant_c0.5_from0.2,1,cartesian_ik,20731357,True,True,,1,0.11668217601254582,0.041229071,0.11668217601254582,0.136886095860973
47,distant_c0.5_from0.2,1,ompl_uniform,20731357,True,True,,1,0.16893059096764773,0.020766403,0.16893059096764773,0.17085843393579125
47,distant_c0.5_from0.2,2,cartesian_ik,20731458,True,True,,1,0.1660983239999041,0.039271228,0.1660983239999041,0.18666200095321983
47,distant_c0.5_from0.2,2,ompl_uniform,20731458,True,True,,1,0.12680616101715714,0.010210852,0.12680616101715714,0.12828324793372303
47,distant_c0.5_from0.2,2,joint_projected,20731458,True,True,,1,0.15822116099298,0.023962971,0.15822116099298,0.17833000898826867
47,distant_c0.5_from0.2,3,joint_projected,20731559,True,True,,1,0.09767053299583495,0.023767749,0.09767053299583495,0.11816531594377011
47,distant_c0.5_from0.2,3,cartesian_ik,20731559,True,True,,1,0.05475083296187222,0.026324656,0.05475083296187222,0.07545133191160858
47,distant_c0.5_from0.2,3,ompl_uniform,20731559,True,True,,1,0.13104450702667236,0.012233675,0.13104450702667236,0.1326779619557783
47,distant_c0.5_from0.2,4,cartesian_ik,20731660,True,True,,1,0.13519407401327044,0.038262248,0.13519407401327044,0.1558925489662215
47,distant_c0.5_from0.2,4,joint_projected,20731660,True,True,,1,0.10030779906082898,0.036732036,0.10030779906082898,0.1208218518877402
47,distant_c0.5_from0.2,4,ompl_uniform,20731660,True,True,,1,0.10255872795823961,0.022148568,0.10255872795823961,0.10430527699645609
42,distant_c0.5_from0.2,0,ompl_uniform,20681221,True,True,,1,0.09028246602974832,0.026934107,0.09028246602974832,0.09156855591572821
42,distant_c0.5_from0.2,0,joint_projected,20681221,True,True,,1,0.15326035395264626,0.041008657,0.15326035395264626,0.17451006302144378
42,distant_c0.5_from0.2,0,cartesian_ik,20681221,True,True,,1,0.1380068639991805,0.008727174,0.1380068639991805,0.15834062604699284
42,distant_c0.5_from0.2,1,cartesian_ik,20681322,True,True,,1,0.1342354950029403,0.010824664,0.1342354950029403,0.15565730992238969
42,distant_c0.5_from0.2,1,ompl_uniform,20681322,True,True,,1,0.17721955303568393,0.03793463,0.17721955303568393,0.17856216302607208
42,distant_c0.5_from0.2,1,joint_projected,20681322,True,True,,1,0.030169114004820585,0.015284796,0.030169114004820585,0.050994071061722934
42,distant_c0.5_from0.2,2,joint_projected,20681423,True,True,,1,0.03419267397839576,0.017990318,0.03419267397839576,0.054858330986462533
42,distant_c0.5_from0.2,2,ompl_uniform,20681423,True,True,,1,0.14416328095830977,0.026617468,0.14416328095830977,0.14565032091923058
42,distant_c0.5_from0.2,2,cartesian_ik,20681423,True,True,,1,0.12291745096445084,0.021062729,0.12291745096445084,0.14410710195079446
42,distant_c0.5_from0.2,3,ompl_uniform,20681524,True,True,,1,0.09472615900449455,0.020918452,0.09472615900449455,0.09623120003379881
42,distant_c0.5_from0.2,3,cartesian_ik,20681524,True,True,,1,0.0712286198977381,0.009006272,0.0712286198977381,0.09231764893047512
42,distant_c0.5_from0.2,3,joint_projected,20681524,True,True,,1,0.17067197803407907,0.032423229,0.17067197803407907,0.1921624100068584
42,distant_c0.5_from0.2,4,cartesian_ik,20681625,True,True,,1,0.21117189398501068,0.059107524,0.21117189398501068,0.23252697894349694
42,distant_c0.5_from0.2,4,ompl_uniform,20681625,True,True,,1,0.13984484400134534,0.015080012,0.13984484400134534,0.14117440301924944
42,distant_c0.5_from0.2,4,joint_projected,20681625,True,True,,1,0.08720369101502001,0.020759269,0.08720369101502001,0.1076749210478738
41,distant_c0.5_from0.2,0,ompl_uniform,20671214,True,True,,1,0.18391478003468364,0.012587405,0.18391478003468364,0.18531935894861817
41,distant_c0.5_from0.2,0,cartesian_ik,20671214,True,True,,1,0.13306805992033333,0.033027026,0.13306805992033333,0.15416364301927388
41,distant_c0.5_from0.2,0,joint_projected,20671214,True,True,,1,0.062072508968412876,0.015167027,0.062072508968412876,0.0822489169659093
41,distant_c0.5_from0.2,1,cartesian_ik,20671315,True,True,,1,0.05620399594772607,0.009686041,0.05620399594772607,0.07746425806544721
41,distant_c0.5_from0.2,1,ompl_uniform,20671315,True,True,,1,0.11148154200054705,0.018007824,0.11148154200054705,0.1130618789466098
41,distant_c0.5_from0.2,1,joint_projected,20671315,True,True,,1,0.092682791990228,0.038405718,0.092682791990228,0.11275299696717411
41,distant_c0.5_from0.2,2,cartesian_ik,20671416,True,True,,1,0.13742689602077007,0.041160833,0.13742689602077007,0.15731491206679493
41,distant_c0.5_from0.2,2,ompl_uniform,20671416,True,True,,1,0.27511567901819944,0.024764541,0.27511567901819944,0.27714281098451465
41,distant_c0.5_from0.2,2,joint_projected,20671416,True,True,,1,0.10255454003345221,0.033420358,0.10255454003345221,0.12328877905383706
41,distant_c0.5_from0.2,3,ompl_uniform,20671517,True,True,,1,0.14466784603428096,0.038987215,0.14466784603428096,0.14615569193847477
41,distant_c0.5_from0.2,3,joint_projected,20671517,True,True,,1,0.20677168597467244,0.04018396,0.20677168597467244,0.22765069513116032
41,distant_c0.5_from0.2,3,cartesian_ik,20671517,True,True,,1,0.11912441800814122,0.009797394,0.11912441800814122,0.13955267099663615
41,distant_c0.5_from0.2,4,cartesian_ik,20671618,True,True,,1,0.06678412400651723,0.007443145,0.06678412400651723,0.08775560394860804
41,distant_c0.5_from0.2,4,ompl_uniform,20671618,True,True,,1,0.2077048469800502,0.033974555,0.2077048469800502,0.20941455895081162
41,distant_c0.5_from0.2,4,joint_projected,20671618,True,True,,1,0.18829145596828312,0.034479664,0.18829145596828312,0.2095972620882094
38,offset_c0.7_from0.8,0,ompl_uniform,20641193,True,True,,1,0.21283167297951877,0.013514872,0.21283167297951877,0.21452887600753456
38,offset_c0.7_from0.8,0,cartesian_ik,20641193,False,False,planning,99999,3.0405988020356745,0.0,6.0,3.061191799119115
38,offset_c0.7_from0.8,0,joint_projected,20641193,True,True,,1,1.9382983070099726,1.711097124,1.9382983070099726,1.9593659960664809
38,offset_c0.7_from0.8,1,joint_projected,20641294,False,False,planning,99999,3.078450807952322,0.0,6.0,3.0990063621429726
38,offset_c0.7_from0.8,1,cartesian_ik,20641294,False,False,planning,99999,3.0984871230321005,0.0,6.0,3.1187533490592614
38,offset_c0.7_from0.8,1,ompl_uniform,20641294,True,True,,1,0.17526952701155096,0.012864137,0.17526952701155096,0.17692559701390564
38,offset_c0.7_from0.8,2,ompl_uniform,20641395,True,True,,1,0.15234251995570958,0.022181072,0.15234251995570958,0.15437271003611386
38,offset_c0.7_from0.8,2,joint_projected,20641395,False,False,planning,99999,3.030679379007779,0.0,6.0,3.051541632041335
38,offset_c0.7_from0.8,2,cartesian_ik,20641395,False,False,planning,99999,3.103179494966753,0.0,6.0,3.123424979043193
38,offset_c0.7_from0.8,3,ompl_uniform,20641496,True,True,,1,0.1774019239237532,0.018547926,0.1774019239237532,0.17858354304917157
38,offset_c0.7_from0.8,3,cartesian_ik,20641496,False,False,planning,99999,3.0174354349728674,0.0,6.0,3.037642987095751
38,offset_c0.7_from0.8,3,joint_projected,20641496,False,True,path_audit,1,2.3688089810311794,2.151596599,6.0,2.38941881316714
38,offset_c0.7_from0.8,4,ompl_uniform,20641597,True,True,,1,0.15590057708323002,0.010080855,0.15590057708323002,0.15746514697093517
38,offset_c0.7_from0.8,4,cartesian_ik,20641597,False,False,planning,99999,3.023583041038364,0.0,6.0,3.044415316078812
38,offset_c0.7_from0.8,4,joint_projected,20641597,False,False,planning,99999,3.093651655013673,0.0,6.0,3.1142852610209957
46,distant_c0.5_from0.2,0,joint_projected,20721249,True,True,,1,0.2055929919006303,0.038062988,0.2055929919006303,0.22579133592080325
46,distant_c0.5_from0.2,0,ompl_uniform,20721249,True,True,,1,0.18088123202323914,0.018034893,0.18088123202323914,0.18287141202017665
46,distant_c0.5_from0.2,0,cartesian_ik,20721249,True,True,,1,0.019711448927409947,0.004270108,0.019711448927409947,0.040163576952181756
46,distant_c0.5_from0.2,1,ompl_uniform,20721350,True,True,,1,0.16285652399528772,0.007823333,0.16285652399528772,0.1645675910403952
46,distant_c0.5_from0.2,1,cartesian_ik,20721350,True,True,,1,0.05504102096892893,0.01025302,0.05504102096892893,0.0760537040187046
46,distant_c0.5_from0.2,1,joint_projected,20721350,True,True,,1,0.06851651798933744,0.021351964,0.06851651798933744,0.08927237102761865
46,distant_c0.5_from0.2,2,joint_projected,20721451,True,True,,1,0.08364852704107761,0.019273146,0.08364852704107761,0.10458740091416985
46,distant_c0.5_from0.2,2,ompl_uniform,20721451,True,True,,1,0.21037056192290038,0.010420693,0.21037056192290038,0.21192563301883638
46,distant_c0.5_from0.2,2,cartesian_ik,20721451,True,True,,1,0.13238608604297042,0.032499366,0.13238608604297042,0.15305013791657984
46,distant_c0.5_from0.2,3,cartesian_ik,20721552,True,True,,1,0.1737373770447448,0.037280418,0.1737373770447448,0.19485546695068479
46,distant_c0.5_from0.2,3,joint_projected,20721552,True,True,,1,0.13870023796334863,0.027374474,0.13870023796334863,0.1585797859588638
46,distant_c0.5_from0.2,3,ompl_uniform,20721552,True,True,,1,0.1531148130306974,0.013265982,0.1531148130306974,0.15421961399260908
46,distant_c0.5_from0.2,4,cartesian_ik,20721653,True,True,,1,0.04645519808400422,0.006547694,0.04645519808400422,0.0673439959064126
46,distant_c0.5_from0.2,4,ompl_uniform,20721653,True,True,,1,0.2076113810762763,0.02168767,0.2076113810762763,0.2090656190412119
46,distant_c0.5_from0.2,4,joint_projected,20721653,True,True,,1,0.09811755595728755,0.010541381,0.09811755595728755,0.11819872097112238
52,distant_c0.7_from0.8,0,ompl_uniform,20781291,True,True,,1,0.13794992794282734,0.015195143,0.13794992794282734,0.13886000704951584
52,distant_c0.7_from0.8,0,joint_projected,20781291,True,True,,1,0.8019827490206808,0.288004881,0.8019827490206808,0.8235245930263773
52,distant_c0.7_from0.8,0,cartesian_ik,20781291,True,True,,1,0.3645656160078943,0.17592076,0.3645656160078943,0.3860635890159756
52,distant_c0.7_from0.8,1,cartesian_ik,20781392,True,True,,1,0.4561570229707286,0.308822094,0.4561570229707286,0.4774008321110159
52,distant_c0.7_from0.8,1,ompl_uniform,20781392,True,True,,1,0.17851738794706762,0.023118072,0.17851738794706762,0.18009968800470233
52,distant_c0.7_from0.8,1,joint_projected,20781392,True,True,,1,0.11821828596293926,0.026910045,0.11821828596293926,0.139779401011765
52,distant_c0.7_from0.8,2,cartesian_ik,20781493,True,True,,1,0.8720949420239776,0.418823934,0.8720949420239776,0.8939733529696241
52,distant_c0.7_from0.8,2,joint_projected,20781493,True,True,,1,0.09580859798006713,0.034372643,0.09580859798006713,0.11663052800577134
52,distant_c0.7_from0.8,2,ompl_uniform,20781493,True,True,,1,0.11269080301281065,0.01545609,0.11269080301281065,0.11401544697582722
52,distant_c0.7_from0.8,3,ompl_uniform,20781594,True,True,,1,0.09475353895686567,0.01431122,0.09475353895686567,0.09630061197094619
52,distant_c0.7_from0.8,3,joint_projected,20781594,True,True,,1,0.049272603006102145,0.026344817,0.049272603006102145,0.06981089001055807
52,distant_c0.7_from0.8,3,cartesian_ik,20781594,True,True,,1,0.1012556500500068,0.024665367,0.1012556500500068,0.12227063509635627
52,distant_c0.7_from0.8,4,joint_projected,20781695,True,True,,1,0.09566218499094248,0.049036929,0.09566218499094248,0.11667237710207701
52,distant_c0.7_from0.8,4,cartesian_ik,20781695,True,True,,1,0.1826445299666375,0.107299161,0.1826445299666375,0.2039904771372676
52,distant_c0.7_from0.8,4,ompl_uniform,20781695,True,True,,1,0.19010694394819438,0.023504664,0.19010694394819438,0.1916345680365339
20,offset_c0.5_from0.2,0,ompl_uniform,20461067,True,True,,1,0.17595775495283306,0.015946504,0.17595775495283306,0.177153111086227
20,offset_c0.5_from0.2,0,joint_projected,20461067,False,True,path_audit,1,1.0402938959887251,0.799827249,6.0,1.0616089028771967
20,offset_c0.5_from0.2,0,cartesian_ik,20461067,True,True,,1,0.13619889097753912,0.044082262,0.13619889097753912,0.15725893690250814
20,offset_c0.5_from0.2,1,joint_projected,20461168,True,True,,1,0.1282781109912321,0.016632305,0.1282781109912321,0.1489633129676804
20,offset_c0.5_from0.2,1,ompl_uniform,20461168,True,True,,1,0.13213741895742714,0.027387996,0.13213741895742714,0.13392565993126482
20,offset_c0.5_from0.2,1,cartesian_ik,20461168,True,True,,1,0.16749757097568363,0.054103852,0.16749757097568363,0.1887424479937181
20,offset_c0.5_from0.2,2,ompl_uniform,20461269,True,True,,1,0.26454734907019883,0.043838564,0.26454734907019883,0.26594063790980726
20,offset_c0.5_from0.2,2,joint_projected,20461269,True,True,,1,0.27527605392970145,0.042824787,0.27527605392970145,0.29581918788608164
20,offset_c0.5_from0.2,2,cartesian_ik,20461269,True,True,,1,0.2084701149724424,0.092996332,0.2084701149724424,0.2285332599421963
20,offset_c0.5_from0.2,3,joint_projected,20461370,True,True,,1,0.06569548102561384,0.00896776,0.06569548102561384,0.08575381489936262
20,offset_c0.5_from0.2,3,cartesian_ik,20461370,True,True,,1,0.19721537199802697,0.07321697,0.19721537199802697,0.2173843738855794
20,offset_c0.5_from0.2,3,ompl_uniform,20461370,True,True,,1,0.1318808209616691,0.010235846,0.1318808209616691,0.13324934802949429
20,offset_c0.5_from0.2,4,ompl_uniform,20461471,True,True,,1,0.1499640599358827,0.01051326,0.1499640599358827,0.15135831001680344
20,offset_c0.5_from0.2,4,joint_projected,20461471,True,True,,1,0.10025538201443851,0.025489982,0.10025538201443851,0.12095358083024621
20,offset_c0.5_from0.2,4,cartesian_ik,20461471,True,True,,1,0.10729090706445277,0.026493483,0.10729090706445277,0.12763263599481434
29,offset_c0.5_from0.2,0,ompl_uniform,20551130,True,True,,1,0.09694258496165276,0.005861791,0.09694258496165276,0.0981792559614405
29,offset_c0.5_from0.2,0,joint_projected,20551130,False,False,planning,99999,3.085617491044104,0.0,6.0,3.106041398947127
29,offset_c0.5_from0.2,0,cartesian_ik,20551130,False,False,planning,99999,3.107096298946999,0.0,6.0,3.126958576962352
29,offset_c0.5_from0.2,1,cartesian_ik,20551231,False,False,planning,99999,3.0866722010541707,0.0,6.0,3.107188169960864
29,offset_c0.5_from0.2,1,ompl_uniform,20551231,True,True,,1,0.19721664499957114,0.017757389,0.19721664499957114,0.19846489001065493
29,offset_c0.5_from0.2,1,joint_projected,20551231,False,False,planning,99999,3.0811644149944186,0.0,6.0,3.1013334249146283
29,offset_c0.5_from0.2,2,cartesian_ik,20551332,False,False,planning,99999,3.1023897250415757,0.0,6.0,3.1227387419203296
29,offset_c0.5_from0.2,2,ompl_uniform,20551332,True,True,,1,0.1898306179791689,0.016226931,0.1898306179791689,0.19094887492246926
29,offset_c0.5_from0.2,2,joint_projected,20551332,False,False,planning,99999,3.063673094031401,0.0,6.0,3.08428151300177
29,offset_c0.5_from0.2,3,ompl_uniform,20551433,True,True,,1,0.18615034501999617,0.006193317,0.18615034501999617,0.18727995501831174
29,offset_c0.5_from0.2,3,joint_projected,20551433,False,False,planning,99999,3.0054783129598945,0.0,6.0,3.0258919809712097
29,offset_c0.5_from0.2,3,cartesian_ik,20551433,False,False,planning,99999,3.1060029789805412,0.0,6.0,3.1258418849902228
29,offset_c0.5_from0.2,4,ompl_uniform,20551534,True,True,,1,0.19673813797999173,0.022333941,0.19673813797999173,0.19803573796525598
29,offset_c0.5_from0.2,4,joint_projected,20551534,False,False,planning,99999,3.048014004016295,0.0,6.0,3.0686328089796007
29,offset_c0.5_from0.2,4,cartesian_ik,20551534,False,False,planning,99999,3.1035497690318152,0.0,6.0,3.1234477879479527
48,distant_c0.5_from0.2,0,joint_projected,20741263,True,True,,1,0.13300353195518255,0.036413457,0.13300353195518255,0.18782132398337126
48,distant_c0.5_from0.2,0,ompl_uniform,20741263,True,True,,1,0.20814363495446742,0.011275191,0.20814363495446742,0.2093718519899994
48,distant_c0.5_from0.2,0,cartesian_ik,20741263,True,True,,1,0.07790021307300776,0.012012451,0.07790021307300776,0.1331910470034927
48,distant_c0.5_from0.2,1,joint_projected,20741364,True,True,,1,0.10473336395807564,0.012289939,0.10473336395807564,0.16000051004812121
48,distant_c0.5_from0.2,1,ompl_uniform,20741364,True,True,,1,0.1597349449293688,0.012422724,0.1597349449293688,0.1611200919141993
48,distant_c0.5_from0.2,1,cartesian_ik,20741364,True,True,,1,0.22475037002004683,0.033436036,0.22475037002004683,0.2806546180509031
48,distant_c0.5_from0.2,2,ompl_uniform,20741465,True,True,,1,0.09269625996239483,0.024521793,0.09269625996239483,0.09387756802607328
48,distant_c0.5_from0.2,2,cartesian_ik,20741465,True,True,,1,0.181792797986418,0.00813259,0.181792797986418,0.2374851709464565
48,distant_c0.5_from0.2,2,joint_projected,20741465,True,True,,1,0.13325339800212532,0.029685774,0.13325339800212532,0.1886716049630195
48,distant_c0.5_from0.2,3,cartesian_ik,20741566,True,True,,1,0.06578397599514574,0.014524678,0.06578397599514574,0.12092694395687431
48,distant_c0.5_from0.2,3,joint_projected,20741566,True,True,,1,0.032115365960635245,0.013060697,0.032115365960635245,0.08784435002598912
48,distant_c0.5_from0.2,3,ompl_uniform,20741566,True,True,,1,0.08843110303860158,0.024500403,0.08843110303860158,0.08982022095005959
48,distant_c0.5_from0.2,4,ompl_uniform,20741667,True,True,,1,0.124776192009449,0.010800402,0.124776192009449,0.12648837093729526
48,distant_c0.5_from0.2,4,cartesian_ik,20741667,True,True,,1,0.1633651840966195,0.014355672,0.1633651840966195,0.2195837500039488
48,distant_c0.5_from0.2,4,joint_projected,20741667,True,True,,1,0.11331028898712248,0.026572291,0.11331028898712248,0.1685429160716012
22,offset_c0.5_from0.2,0,cartesian_ik,20481081,False,False,goal_ik_design,,0.0,0.0,6.0,0.01872472499962896
22,offset_c0.5_from0.2,0,ompl_uniform,20481081,False,False,goal_ik_design,,0.0,0.0,6.0,0.0
22,offset_c0.5_from0.2,0,joint_projected,20481081,False,False,goal_ik_design,,0.0,0.0,6.0,0.01872472499962896
22,offset_c0.5_from0.2,1,ompl_uniform,20481182,False,False,goal_ik_design,,0.0,0.0,6.0,0.0
22,offset_c0.5_from0.2,1,joint_projected,20481182,False,False,goal_ik_design,,0.0,0.0,6.0,0.01872472499962896
22,offset_c0.5_from0.2,1,cartesian_ik,20481182,False,False,goal_ik_design,,0.0,0.0,6.0,0.01872472499962896
22,offset_c0.5_from0.2,2,ompl_uniform,20481283,False,False,goal_ik_design,,0.0,0.0,6.0,0.0
22,offset_c0.5_from0.2,2,joint_projected,20481283,False,False,goal_ik_design,,0.0,0.0,6.0,0.01872472499962896
22,offset_c0.5_from0.2,2,cartesian_ik,20481283,False,False,goal_ik_design,,0.0,0.0,6.0,0.01872472499962896
22,offset_c0.5_from0.2,3,joint_projected,20481384,False,False,goal_ik_design,,0.0,0.0,6.0,0.01872472499962896
22,offset_c0.5_from0.2,3,cartesian_ik,20481384,False,False,goal_ik_design,,0.0,0.0,6.0,0.01872472499962896
22,offset_c0.5_from0.2,3,ompl_uniform,20481384,False,False,goal_ik_design,,0.0,0.0,6.0,0.0
22,offset_c0.5_from0.2,4,ompl_uniform,20481485,False,False,goal_ik_design,,0.0,0.0,6.0,0.0
22,offset_c0.5_from0.2,4,joint_projected,20481485,False,False,goal_ik_design,,0.0,0.0,6.0,0.01872472499962896
22,offset_c0.5_from0.2,4,cartesian_ik,20481485,False,False,goal_ik_design,,0.0,0.0,6.0,0.01872472499962896
58,distant_c0.7_from0.8,0,joint_projected,20841333,True,True,,1,0.030382315977476537,0.011603617,0.030382315977476537,0.05050834489520639
58,distant_c0.7_from0.8,0,cartesian_ik,20841333,True,True,,1,0.04219483397901058,0.006934802,0.04219483397901058,0.0631992049748078
58,distant_c0.7_from0.8,0,ompl_uniform,20841333,True,True,,1,0.07352675299625844,0.005537071,0.07352675299625844,0.07465811993461102
58,distant_c0.7_from0.8,1,cartesian_ik,20841434,True,True,,1,0.0714682110119611,0.023328288,0.0714682110119611,0.09250206698197871
58,distant_c0.7_from0.8,1,joint_projected,20841434,True,True,,1,0.08143993897829205,0.01823454,0.08143993897829205,0.10181283787824214
58,distant_c0.7_from0.8,1,ompl_uniform,20841434,True,True,,1,0.07789633504580706,0.005455571,0.07789633504580706,0.07926891301758587
58,distant_c0.7_from0.8,2,ompl_uniform,20841535,True,True,,1,0.12007990491110831,0.011661478,0.12007990491110831,0.12212046596687287
58,distant_c0.7_from0.8,2,joint_projected,20841535,True,True,,1,0.07645075803156942,0.019652797,0.07645075803156942,0.09708230989053845
58,distant_c0.7_from0.8,2,cartesian_ik,20841535,True,True,,1,0.07169213402085006,0.013117889,0.07169213402085006,0.09202628990169615
58,distant_c0.7_from0.8,3,cartesian_ik,20841636,True,True,,1,0.10165832994971424,0.037468709,0.10165832994971424,0.12230985192582011
58,distant_c0.7_from0.8,3,ompl_uniform,20841636,True,True,,1,0.09450525708962232,0.011726093,0.09450525708962232,0.09596871992107481
58,distant_c0.7_from0.8,3,joint_projected,20841636,True,True,,1,0.03515603893902153,0.01896933,0.03515603893902153,0.055982302874326706
58,distant_c0.7_from0.8,4,cartesian_ik,20841737,True,True,,1,0.13042744505219162,0.024322596,0.13042744505219162,0.15135759895201772
58,distant_c0.7_from0.8,4,ompl_uniform,20841737,True,True,,1,0.14590399409644306,0.010436089,0.14590399409644306,0.14724597695749253
58,distant_c0.7_from0.8,4,joint_projected,20841737,True,True,,1,0.10592118906788528,0.030609153,0.10592118906788528,0.12679917889181525
19,central_c0.7_from0.8,0,cartesian_ik,20451060,False,False,goal_ik_design,,0.0,0.0,6.0,0.01889558497350663
19,central_c0.7_from0.8,0,joint_projected,20451060,False,False,goal_ik_design,,0.0,0.0,6.0,0.01889558497350663
19,central_c0.7_from0.8,0,ompl_uniform,20451060,False,False,goal_ik_design,,0.0,0.0,6.0,0.0
19,central_c0.7_from0.8,1,ompl_uniform,20451161,False,False,goal_ik_design,,0.0,0.0,6.0,0.0
19,central_c0.7_from0.8,1,joint_projected,20451161,False,False,goal_ik_design,,0.0,0.0,6.0,0.01889558497350663
19,central_c0.7_from0.8,1,cartesian_ik,20451161,False,False,goal_ik_design,,0.0,0.0,6.0,0.01889558497350663
19,central_c0.7_from0.8,2,ompl_uniform,20451262,False,False,goal_ik_design,,0.0,0.0,6.0,0.0
19,central_c0.7_from0.8,2,joint_projected,20451262,False,False,goal_ik_design,,0.0,0.0,6.0,0.01889558497350663
19,central_c0.7_from0.8,2,cartesian_ik,20451262,False,False,goal_ik_design,,0.0,0.0,6.0,0.01889558497350663
19,central_c0.7_from0.8,3,cartesian_ik,20451363,False,False,goal_ik_design,,0.0,0.0,6.0,0.01889558497350663
19,central_c0.7_from0.8,3,ompl_uniform,20451363,False,False,goal_ik_design,,0.0,0.0,6.0,0.0
19,central_c0.7_from0.8,3,joint_projected,20451363,False,False,goal_ik_design,,0.0,0.0,6.0,0.01889558497350663
19,central_c0.7_from0.8,4,joint_projected,20451464,False,False,goal_ik_design,,0.0,0.0,6.0,0.01889558497350663
19,central_c0.7_from0.8,4,cartesian_ik,20451464,False,False,goal_ik_design,,0.0,0.0,6.0,0.01889558497350663
19,central_c0.7_from0.8,4,ompl_uniform,20451464,False,False,goal_ik_design,,0.0,0.0,6.0,0.0
50,distant_c0.7_from0.8,0,ompl_uniform,20761277,True,True,,1,0.10669773595873266,0.011230618,0.10669773595873266,0.10839542408939451
50,distant_c0.7_from0.8,0,cartesian_ik,20761277,True,True,,1,0.15922328201122582,0.020049306,0.15922328201122582,0.18011314398609102
50,distant_c0.7_from0.8,0,joint_projected,20761277,True,True,,1,0.07339902792591602,0.015331534,0.07339902792591602,0.09361364890355617
50,distant_c0.7_from0.8,1,joint_projected,20761378,True,True,,1,0.0481783690629527,0.021475308,0.0481783690629527,0.06862180994357914
50,distant_c0.7_from0.8,1,cartesian_ik,20761378,True,True,,1,0.1209695270517841,0.020825625,0.1209695270517841,0.1409847600152716
50,distant_c0.7_from0.8,1,ompl_uniform,20761378,True,True,,1,0.19086517894174904,0.029976551,0.19086517894174904,0.1922928539570421
50,distant_c0.7_from0.8,2,ompl_uniform,20761479,True,True,,1,0.12279534002300352,0.009638518,0.12279534002300352,0.12430214998312294
50,distant_c0.7_from0.8,2,cartesian_ik,20761479,True,True,,1,0.06991524004843086,0.013077834,0.06991524004843086,0.0898009620141238
50,distant_c0.7_from0.8,2,joint_projected,20761479,True,True,,1,0.15671750099863857,0.031561864,0.15671750099863857,0.17671066895127296
50,distant_c0.7_from0.8,3,joint_projected,20761580,True,True,,1,0.06668853503651917,0.026792008,0.06668853503651917,0.08629950904287398
50,distant_c0.7_from0.8,3,ompl_uniform,20761580,True,True,,1,0.09873328101821244,0.017281435,0.09873328101821244,0.09978119097650051
50,distant_c0.7_from0.8,3,cartesian_ik,20761580,True,True,,1,0.1059477369999513,0.029728331,0.1059477369999513,0.12619647604878992
50,distant_c0.7_from0.8,4,joint_projected,20761681,True,True,,1,0.050682426895946264,0.025767967,0.050682426895946264,0.07039708201773465
50,distant_c0.7_from0.8,4,cartesian_ik,20761681,True,True,,1,0.05571609502658248,0.025418754,0.05571609502658248,0.07601999095641077
50,distant_c0.7_from0.8,4,ompl_uniform,20761681,True,True,,1,0.12394928210414946,0.022303447,0.12394928210414946,0.1251640049740672
15,central_c0.7_from0.8,0,cartesian_ik,20411032,True,True,,1,0.21763664402533323,0.113082161,0.21763664402533323,0.23789665300864726
15,central_c0.7_from0.8,0,joint_projected,20411032,True,True,,1,0.0808617239817977,0.028462994,0.0808617239817977,0.10129312099888921
15,central_c0.7_from0.8,0,ompl_uniform,20411032,True,True,,1,0.08811184798832983,0.02374869,0.08811184798832983,0.08951125503517687
15,central_c0.7_from0.8,1,cartesian_ik,20411133,True,True,,1,0.07830778299830854,0.028852128,0.07830778299830854,0.09911540406756103
15,central_c0.7_from0.8,1,ompl_uniform,20411133,True,True,,1,0.17837314796634018,0.019669463,0.17837314796634018,0.17976654903031886
15,central_c0.7_from0.8,1,joint_projected,20411133,True,True,,1,0.20220745401456952,0.033856552,0.20220745401456952,0.2227373019559309
15,central_c0.7_from0.8,2,ompl_uniform,20411234,True,True,,1,0.16089667100459337,0.020904376,0.16089667100459337,0.16271375108044595
15,central_c0.7_from0.8,2,joint_projected,20411234,True,True,,1,0.14232670795172453,0.057196906,0.14232670795172453,0.16308231395669281
15,central_c0.7_from0.8,2,cartesian_ik,20411234,True,True,,1,0.17887842806521803,0.070710141,0.17887842806521803,0.19953614100813866
15,central_c0.7_from0.8,3,joint_projected,20411335,True,True,,1,0.2294825529679656,0.050487427,0.2294825529679656,0.2505519080441445
15,central_c0.7_from0.8,3,cartesian_ik,20411335,True,True,,1,0.4496223240857944,0.337111774,0.4496223240857944,0.4702498719561845
15,central_c0.7_from0.8,3,ompl_uniform,20411335,True,True,,1,0.13216332101728767,0.009270996,0.13216332101728767,0.13354823598638177
15,central_c0.7_from0.8,4,cartesian_ik,20411436,True,True,,1,0.5421618999680504,0.389938638,0.5421618999680504,0.5631366909947246
15,central_c0.7_from0.8,4,ompl_uniform,20411436,True,True,,1,0.17165628704242408,0.023890498,0.17165628704242408,0.17324713501147926
15,central_c0.7_from0.8,4,joint_projected,20411436,True,True,,1,0.3522081410046667,0.051485696,0.3522081410046667,0.3738155090250075
55,distant_c0.7_from0.8,0,ompl_uniform,20811312,True,True,,1,0.19382575701456517,0.019394596,0.19382575701456517,0.19526113697793335
55,distant_c0.7_from0.8,0,joint_projected,20811312,False,False,planning,99999,3.1013813599711284,0.0,6.0,3.121831778087653
55,distant_c0.7_from0.8,0,cartesian_ik,20811312,False,False,planning,99999,3.1019917420344427,0.0,6.0,3.121463959105313
55,distant_c0.7_from0.8,1,ompl_uniform,20811413,True,True,,1,0.15831956698093563,0.013537895,0.15831956698093563,0.1597693309886381
55,distant_c0.7_from0.8,1,joint_projected,20811413,False,False,planning,99999,3.059667252935469,0.0,6.0,3.080449365079403
55,distant_c0.7_from0.8,1,cartesian_ik,20811413,False,False,planning,99999,3.1019585269968957,0.0,6.0,3.121873136027716
55,distant_c0.7_from0.8,2,joint_projected,20811514,False,False,planning,99999,3.091773802996613,0.0,6.0,3.111273552989587
55,distant_c0.7_from0.8,2,cartesian_ik,20811514,False,False,planning,99999,3.098163246992044,0.0,6.0,3.1179539969889447
55,distant_c0.7_from0.8,2,ompl_uniform,20811514,True,True,,1,0.23187894304282963,0.041418508,0.23187894304282963,0.23318156693130732
55,distant_c0.7_from0.8,3,ompl_uniform,20811615,True,True,,1,0.09025135799311101,0.006128712,0.09025135799311101,0.09185554995201528
55,distant_c0.7_from0.8,3,joint_projected,20811615,False,False,planning,99999,3.038184938021004,0.0,6.0,3.0591574730351567
55,distant_c0.7_from0.8,3,cartesian_ik,20811615,False,False,planning,99999,3.101363572059199,0.0,6.0,3.1216715740738437
55,distant_c0.7_from0.8,4,joint_projected,20811716,False,False,planning,99999,3.0913497289875522,0.0,6.0,3.11125231301412
55,distant_c0.7_from0.8,4,cartesian_ik,20811716,False,False,planning,99999,3.104945137980394,0.0,6.0,3.12494346301537
55,distant_c0.7_from0.8,4,ompl_uniform,20811716,True,True,,1,0.22567300195805728,0.040244199,0.22567300195805728,0.22690763894934207
25,offset_c0.5_from0.2,0,joint_projected,20511102,False,False,goal_ik_design,,0.0,0.0,6.0,0.018943310948088765
25,offset_c0.5_from0.2,0,ompl_uniform,20511102,False,False,goal_ik_design,,0.0,0.0,6.0,0.0
25,offset_c0.5_from0.2,0,cartesian_ik,20511102,False,False,goal_ik_design,,0.0,0.0,6.0,0.018943310948088765
25,offset_c0.5_from0.2,1,joint_projected,20511203,False,False,goal_ik_design,,0.0,0.0,6.0,0.018943310948088765
25,offset_c0.5_from0.2,1,ompl_uniform,20511203,False,False,goal_ik_design,,0.0,0.0,6.0,0.0
25,offset_c0.5_from0.2,1,cartesian_ik,20511203,False,False,goal_ik_design,,0.0,0.0,6.0,0.018943310948088765
25,offset_c0.5_from0.2,2,cartesian_ik,20511304,False,False,goal_ik_design,,0.0,0.0,6.0,0.018943310948088765
25,offset_c0.5_from0.2,2,ompl_uniform,20511304,False,False,goal_ik_design,,0.0,0.0,6.0,0.0
25,offset_c0.5_from0.2,2,joint_projected,20511304,False,False,goal_ik_design,,0.0,0.0,6.0,0.018943310948088765
25,offset_c0.5_from0.2,3,ompl_uniform,20511405,False,False,goal_ik_design,,0.0,0.0,6.0,0.0
25,offset_c0.5_from0.2,3,cartesian_ik,20511405,False,False,goal_ik_design,,0.0,0.0,6.0,0.018943310948088765
25,offset_c0.5_from0.2,3,joint_projected,20511405,False,False,goal_ik_design,,0.0,0.0,6.0,0.018943310948088765
25,offset_c0.5_from0.2,4,cartesian_ik,20511506,False,False,goal_ik_design,,0.0,0.0,6.0,0.018943310948088765
25,offset_c0.5_from0.2,4,ompl_uniform,20511506,False,False,goal_ik_design,,0.0,0.0,6.0,0.0
25,offset_c0.5_from0.2,4,joint_projected,20511506,False,False,goal_ik_design,,0.0,0.0,6.0,0.018943310948088765
2,central_c0.5_from0.2,0,cartesian_ik,20280941,True,True,,1,0.4100117509951815,0.103019121,0.4100117509951815,0.430081226862967
2,central_c0.5_from0.2,0,joint_projected,20280941,True,True,,1,0.4777708889450878,0.041588187,0.4777708889450878,0.4985603819368407
2,central_c0.5_from0.2,0,ompl_uniform,20280941,True,True,,1,0.16503303300123662,0.031649828,0.16503303300123662,0.16657768900040537
2,central_c0.5_from0.2,1,joint_projected,20281042,False,False,planning,99999,3.006740528042428,0.0,6.0,3.0271569289034232
2,central_c0.5_from0.2,1,ompl_uniform,20281042,True,True,,1,0.21185306704137474,0.013111133,0.21185306704137474,0.21302737994119525
2,central_c0.5_from0.2,1,cartesian_ik,20281042,True,True,,1,1.055142296012491,0.484467904,1.055142296012491,1.076135513954796
2,central_c0.5_from0.2,2,ompl_uniform,20281143,True,True,,1,0.1859948750352487,0.012318718,0.1859948750352487,0.18778393103275448
2,central_c0.5_from0.2,2,joint_projected,20281143,False,False,planning,99999,3.0349373790668324,0.0,6.0,3.0552527609979734
2,central_c0.5_from0.2,2,cartesian_ik,20281143,True,True,,1,0.25939115101937205,0.108061113,0.25939115101937205,0.27939209900796413
2,central_c0.5_from0.2,3,joint_projected,20281244,False,False,planning,99999,3.007950571947731,0.0,6.0,3.0277842169161886
2,central_c0.5_from0.2,3,cartesian_ik,20281244,True,True,,1,0.8446597249712795,0.302681714,0.8446597249712795,0.865783007000573
2,central_c0.5_from0.2,3,ompl_uniform,20281244,True,True,,1,0.10987463500350714,0.01164924,0.10987463500350714,0.11144763301126659
2,central_c0.5_from0.2,4,ompl_uniform,20281345,True,True,,1,0.2126735500060022,0.013246741,0.2126735500060022,0.21423480997327715
2,central_c0.5_from0.2,4,joint_projected,20281345,False,False,planning,99999,3.099032962927595,0.0,6.0,3.119118883041665
2,central_c0.5_from0.2,4,cartesian_ik,20281345,True,True,,1,0.28390796098392457,0.132532532,0.28390796098392457,0.30415889096911997
28,offset_c0.5_from0.2,0,ompl_uniform,20541123,True,True,,1,0.09389770205598325,0.014774244,0.09389770205598325,0.09518641396425664
28,offset_c0.5_from0.2,0,cartesian_ik,20541123,True,True,,1,0.2610446410253644,0.044100318,0.2610446410253644,0.2825872340472415
28,offset_c0.5_from0.2,0,joint_projected,20541123,True,True,,1,0.22975372395012528,0.037377181,0.22975372395012528,0.2509053379762918
28,offset_c0.5_from0.2,1,joint_projected,20541224,True,True,,1,0.14225514593999833,0.038582313,0.14225514593999833,0.1632948040496558
28,offset_c0.5_from0.2,1,ompl_uniform,20541224,True,True,,1,0.2415685870219022,0.013376762,0.2415685870219022,0.24331783305387944
28,offset_c0.5_from0.2,1,cartesian_ik,20541224,True,True,,1,0.11314550100360066,0.027742172,0.11314550100360066,0.1340567999286577
28,offset_c0.5_from0.2,2,ompl_uniform,20541325,True,True,,1,0.2470682190032676,0.033850103,0.2470682190032676,0.24837268295232207
28,offset_c0.5_from0.2,2,cartesian_ik,20541325,True,True,,1,0.10725984605960548,0.033129957,0.10725984605960548,0.1278060949407518
28,offset_c0.5_from0.2,2,joint_projected,20541325,True,True,,1,0.06948800303507596,0.026778383,0.06948800303507596,0.09007276897318661
28,offset_c0.5_from0.2,3,joint_projected,20541426,True,True,,1,0.26620008097961545,0.100246137,0.26620008097961545,0.28705854702275246
28,offset_c0.5_from0.2,3,cartesian_ik,20541426,True,True,,1,0.11714162793941796,0.033048003,0.11714162793941796,0.1381799039663747
28,offset_c0.5_from0.2,3,ompl_uniform,20541426,True,True,,1,0.18807692895643413,0.015001093,0.18807692895643413,0.18946612102445215
28,offset_c0.5_from0.2,4,cartesian_ik,20541527,True,True,,1,0.16323363303672522,0.064169794,0.16323363303672522,0.18411244999151677
28,offset_c0.5_from0.2,4,ompl_uniform,20541527,True,True,,1,0.1898318389430642,0.01520104,0.1898318389430642,0.19096668402198702
28,offset_c0.5_from0.2,4,joint_projected,20541527,True,True,,1,0.1969774089520797,0.030611652,0.1969774089520797,0.21765987703111023
59,distant_c0.7_from0.8,0,joint_projected,20851340,False,False,planning,99999,3.0482092610327527,0.0,6.0,3.068120031966828
59,distant_c0.7_from0.8,0,ompl_uniform,20851340,True,True,,1,0.19183960906229913,0.010159803,0.19183960906229913,0.19336988404393196
59,distant_c0.7_from0.8,0,cartesian_ik,20851340,False,False,planning,99999,3.03236582595855,0.0,6.0,3.0525722180027515
59,distant_c0.7_from0.8,1,cartesian_ik,20851441,False,False,planning,99999,3.096044215024449,0.0,6.0,3.1157555719837546
59,distant_c0.7_from0.8,1,ompl_uniform,20851441,True,True,,1,0.17580983194056898,0.020330182,0.17580983194056898,0.17728638497646898
59,distant_c0.7_from0.8,1,joint_projected,20851441,False,False,planning,99999,3.0972322260495275,0.0,6.0,3.1178827269468457
59,distant_c0.7_from0.8,2,joint_projected,20851542,False,False,planning,99999,3.0991996109951288,0.0,6.0,3.119437870918773
59,distant_c0.7_from0.8,2,ompl_uniform,20851542,True,True,,1,0.27207913098391145,0.016417382,0.27207913098391145,0.2732023859862238
59,distant_c0.7_from0.8,2,cartesian_ik,20851542,False,False,planning,99999,3.0067787599982694,0.0,6.0,3.02733968407847
59,distant_c0.7_from0.8,3,cartesian_ik,20851643,False,False,planning,99999,3.098698780988343,0.0,6.0,3.1186602850211784
59,distant_c0.7_from0.8,3,ompl_uniform,20851643,True,True,,1,0.1774484639754519,0.017299145,0.1774484639754519,0.17895994894206524
59,distant_c0.7_from0.8,3,joint_projected,20851643,False,False,planning,99999,3.00672253605444,0.0,6.0,3.0273620509542525
59,distant_c0.7_from0.8,4,ompl_uniform,20851744,True,True,,1,0.1952163929818198,0.016901454,0.1952163929818198,0.19677514000795782
59,distant_c0.7_from0.8,4,joint_projected,20851744,False,False,planning,99999,3.0539656770415604,0.0,6.0,3.074804611969739
59,distant_c0.7_from0.8,4,cartesian_ik,20851744,False,False,planning,99999,3.1008411429356784,0.0,6.0,3.1210486619966105
53,distant_c0.7_from0.8,0,ompl_uniform,20791298,True,True,,1,0.09204233798664063,0.020321444,0.09204233798664063,0.09302554104942828
53,distant_c0.7_from0.8,0,joint_projected,20791298,True,True,,1,0.13613802194595337,0.025428396,0.13613802194595337,0.15775943896733224
53,distant_c0.7_from0.8,0,cartesian_ik,20791298,True,True,,1,0.1922685639001429,0.035441008,0.1922685639001429,0.21358411002438515
53,distant_c0.7_from0.8,1,joint_projected,20791399,True,True,,1,0.08447521296329796,0.023764288,0.08447521296329796,0.10604668594896793
53,distant_c0.7_from0.8,1,ompl_uniform,20791399,True,True,,1,0.24092384101822972,0.030564575,0.24092384101822972,0.24272513994947076
53,distant_c0.7_from0.8,1,cartesian_ik,20791399,True,True,,1,0.14674859691876918,0.03212232,0.14674859691876918,0.16803334490396082
53,distant_c0.7_from0.8,2,joint_projected,20791500,True,True,,1,0.10112997598480433,0.021360632,0.10112997598480433,0.12207727995701134
53,distant_c0.7_from0.8,2,ompl_uniform,20791500,True,True,,1,0.14571602700743824,0.023536445,0.14571602700743824,0.14705650694668293
53,distant_c0.7_from0.8,2,cartesian_ik,20791500,True,True,,1,0.14215954102110118,0.031442995,0.14215954102110118,0.16347670590039343
53,distant_c0.7_from0.8,3,cartesian_ik,20791601,True,True,,1,0.19831343193072826,0.039741184,0.19831343193072826,0.21918527293018997
53,distant_c0.7_from0.8,3,joint_projected,20791601,True,True,,1,0.07304937404114753,0.022137512,0.07304937404114753,0.09459687897469848
53,distant_c0.7_from0.8,3,ompl_uniform,20791601,True,True,,1,0.12929129193071276,0.049938087,0.12929129193071276,0.1307666020002216
53,distant_c0.7_from0.8,4,ompl_uniform,20791702,True,True,,1,0.07089812401682138,0.007043195,0.07089812401682138,0.07265370793174952
53,distant_c0.7_from0.8,4,cartesian_ik,20791702,True,True,,1,0.12063166406005621,0.020457586,0.12063166406005621,0.14183408592361957
53,distant_c0.7_from0.8,4,joint_projected,20791702,True,True,,1,0.22624098602682352,0.036037726,0.22624098602682352,0.24787721689790487
26,offset_c0.5_from0.2,0,ompl_uniform,20521109,True,True,,1,0.20615903404541314,0.025010019,0.20615903404541314,0.20793326606508344
26,offset_c0.5_from0.2,0,cartesian_ik,20521109,True,True,,1,0.10204916901420802,0.028313402,0.10204916901420802,0.122567567974329
26,offset_c0.5_from0.2,0,joint_projected,20521109,True,True,,1,0.12253152998164296,0.036384127,0.12253152998164296,0.1427831860492006
26,offset_c0.5_from0.2,1,ompl_uniform,20521210,True,True,,1,0.15162565500941128,0.019985683,0.15162565500941128,0.15327787108253688
26,offset_c0.5_from0.2,1,joint_projected,20521210,True,True,,1,0.06301397294737399,0.031614548,0.06301397294737399,0.08404493005946279
26,offset_c0.5_from0.2,1,cartesian_ik,20521210,True,True,,1,0.11404465592931956,0.019891638,0.11404465592931956,0.1343572010518983
26,offset_c0.5_from0.2,2,ompl_uniform,20521311,True,True,,1,0.17923961696214974,0.043463637,0.17923961696214974,0.18094750004820526
26,offset_c0.5_from0.2,2,joint_projected,20521311,True,True,,1,0.0875306660309434,0.030779415,0.0875306660309434,0.1084301300579682
26,offset_c0.5_from0.2,2,cartesian_ik,20521311,True,True,,1,0.09727586701046675,0.034550525,0.09727586701046675,0.11792228498961776
26,offset_c0.5_from0.2,3,cartesian_ik,20521412,True,True,,1,0.13117512699682266,0.081274795,0.13117512699682266,0.1514203690458089
26,offset_c0.5_from0.2,3,joint_projected,20521412,True,True,,1,0.12077086605131626,0.016930346,0.12077086605131626,0.14180206507444382
26,offset_c0.5_from0.2,3,ompl_uniform,20521412,True,True,,1,0.16348484496120363,0.028602314,0.16348484496120363,0.1650275910506025
26,offset_c0.5_from0.2,4,joint_projected,20521513,True,True,,1,0.113821926061064,0.023276588,0.113821926061064,0.13503260700963438
26,offset_c0.5_from0.2,4,cartesian_ik,20521513,True,True,,1,0.1448235330171883,0.080753805,0.1448235330171883,0.1649892950663343
26,offset_c0.5_from0.2,4,ompl_uniform,20521513,True,True,,1,0.25432237901259214,0.012278615,0.25432237901259214,0.2554225670173764
13,central_c0.7_from0.8,0,cartesian_ik,20391018,False,False,planning,99999,3.102123159915209,0.0,6.0,3.1215649771038443
13,central_c0.7_from0.8,0,ompl_uniform,20391018,True,True,,1,0.209547795006074,0.030665212,0.209547795006074,0.21095843997318298
13,central_c0.7_from0.8,0,joint_projected,20391018,False,False,planning,99999,3.043602481018752,0.0,6.0,3.063806505058892
13,central_c0.7_from0.8,1,joint_projected,20391119,False,False,planning,99999,3.1031026620185003,0.0,6.0,3.122461293125525
13,central_c0.7_from0.8,1,ompl_uniform,20391119,True,True,,1,0.2132915680995211,0.019020095,0.2132915680995211,0.21439153200481087
13,central_c0.7_from0.8,1,cartesian_ik,20391119,False,False,planning,99999,3.009369376930408,0.0,6.0,3.029960679123178
13,central_c0.7_from0.8,2,joint_projected,20391220,False,False,planning,99999,3.0987647169968113,0.0,6.0,3.1188869141042233
13,central_c0.7_from0.8,2,ompl_uniform,20391220,True,True,,1,0.16600858396850526,0.016022679,0.16600858396850526,0.16719142498914152
13,central_c0.7_from0.8,2,cartesian_ik,20391220,False,False,planning,99999,3.104511766927317,0.0,6.0,3.125726846163161
13,central_c0.7_from0.8,3,cartesian_ik,20391321,False,False,planning,99999,3.100225029978901,0.0,6.0,3.12003241898492
13,central_c0.7_from0.8,3,ompl_uniform,20391321,True,True,,1,0.16535968706011772,0.015543465,0.16535968706011772,0.16645070002414286
13,central_c0.7_from0.8,3,joint_projected,20391321,False,False,planning,99999,3.017384367994964,0.0,6.0,3.0372789951507
13,central_c0.7_from0.8,4,ompl_uniform,20391422,True,True,,1,0.18488643190357834,0.017167177,0.18488643190357834,0.18585379200521857
13,central_c0.7_from0.8,4,joint_projected,20391422,False,False,planning,99999,3.01611793495249,0.0,6.0,3.036493521067314
13,central_c0.7_from0.8,4,cartesian_ik,20391422,False,False,planning,99999,3.106474152067676,0.0,6.0,3.126526050036773
43,distant_c0.5_from0.2,0,joint_projected,20691228,True,True,,1,0.06295806099660695,0.018149114,0.06295806099660695,0.08299141505267471
43,distant_c0.5_from0.2,0,ompl_uniform,20691228,True,True,,1,0.1179949069628492,0.009470878,0.1179949069628492,0.1196062930393964
43,distant_c0.5_from0.2,0,cartesian_ik,20691228,True,True,,1,0.04943293903488666,0.007438276,0.04943293903488666,0.07132664893288165
43,distant_c0.5_from0.2,1,joint_projected,20691329,True,True,,1,0.11572871310636401,0.018110029,0.11572871310636401,0.1363938469439745
43,distant_c0.5_from0.2,1,ompl_uniform,20691329,True,True,,1,0.12158525793347508,0.012777742,0.12158525793347508,0.12286383600439876
43,distant_c0.5_from0.2,1,cartesian_ik,20691329,True,True,,1,0.09191261697560549,0.009908445,0.09191261697560549,0.1128325869794935
43,distant_c0.5_from0.2,2,ompl_uniform,20691430,True,True,,1,0.12107559107244015,0.017166488,0.12107559107244015,0.12259928497951478
43,distant_c0.5_from0.2,2,cartesian_ik,20691430,True,True,,1,0.12976739602163434,0.041587666,0.12976739602163434,0.15028077294118702
43,distant_c0.5_from0.2,2,joint_projected,20691430,True,True,,1,0.21068946993909776,0.036371892,0.21068946993909776,0.23165260895621032
43,distant_c0.5_from0.2,3,joint_projected,20691531,True,True,,1,0.18454947602003813,0.043879113,0.18454947602003813,0.20523997698910534
43,distant_c0.5_from0.2,3,cartesian_ik,20691531,True,True,,1,0.025559467962011695,0.011342966,0.025559467962011695,0.046427391935139894
43,distant_c0.5_from0.2,3,ompl_uniform,20691531,True,True,,1,0.1987508920719847,0.01154873,0.1987508920719847,0.20039493998046964
43,distant_c0.5_from0.2,4,joint_projected,20691632,True,True,,1,0.031980234081856906,0.021272898,0.031980234081856906,0.05257122602779418
43,distant_c0.5_from0.2,4,cartesian_ik,20691632,True,True,,1,0.1224442069651559,0.020338985,0.1224442069651559,0.14334026002325118
43,distant_c0.5_from0.2,4,ompl_uniform,20691632,True,True,,1,0.14073382201604545,0.013847125,0.14073382201604545,0.14213441195897758
49,distant_c0.5_from0.2,0,ompl_uniform,20751270,True,True,,1,0.1206469580065459,0.01007267,0.1206469580065459,0.12175999907776713
49,distant_c0.5_from0.2,0,joint_projected,20751270,True,True,,1,0.054795376025140285,0.014622734,0.054795376025140285,0.07560773612931371
49,distant_c0.5_from0.2,0,cartesian_ik,20751270,True,True,,1,0.2004969409899786,0.018240805,0.2004969409899786,0.22085379110649228
49,distant_c0.5_from0.2,1,cartesian_ik,20751371,True,True,,1,0.13117484003305435,0.030928626,0.13117484003305435,0.15171817608643323
49,distant_c0.5_from0.2,1,joint_projected,20751371,True,True,,1,0.1333642740501091,0.026734927,0.1333642740501091,0.15372508007567376
49,distant_c0.5_from0.2,1,ompl_uniform,20751371,True,True,,1,0.22133291605859995,0.028851041,0.22133291605859995,0.22278643597383052
49,distant_c0.5_from0.2,2,joint_projected,20751472,True,True,,1,0.0647475749719888,0.014994155,0.0647475749719888,0.08466493105515838
49,distant_c0.5_from0.2,2,ompl_uniform,20751472,True,True,,1,0.16464259300846606,0.01453938,0.16464259300846606,0.16579364310018718
49,distant_c0.5_from0.2,2,cartesian_ik,20751472,True,True,,1,0.13765813200734556,0.022866511,0.13765813200734556,0.15790633799042553
49,distant_c0.5_from0.2,3,joint_projected,20751573,True,True,,1,0.16055001504719257,0.027140307,0.16055001504719257,0.18036277208011597
49,distant_c0.5_from0.2,3,ompl_uniform,20751573,True,True,,1,0.14286034007091075,0.010593203,0.14286034007091075,0.1450636190129444
49,distant_c0.5_from0.2,3,cartesian_ik,20751573,True,True,,1,0.1600112069863826,0.033191492,0.1600112069863826,0.1801088220672682
49,distant_c0.5_from0.2,4,ompl_uniform,20751674,True,True,,1,0.16434509900864214,0.018161105,0.16434509900864214,0.16586031403858215
49,distant_c0.5_from0.2,4,joint_projected,20751674,True,True,,1,0.11750645108986646,0.037153598,0.11750645108986646,0.13720108207780868
49,distant_c0.5_from0.2,4,cartesian_ik,20751674,True,True,,1,0.16114826500415802,0.05752593,0.16114826500415802,0.18156993307638913
3,central_c0.5_from0.2,0,ompl_uniform,20290948,False,False,goal_ik_design,,0.0,0.0,6.0,0.0
3,central_c0.5_from0.2,0,joint_projected,20290948,False,False,goal_ik_design,,0.0,0.0,6.0,0.0190637189662084
3,central_c0.5_from0.2,0,cartesian_ik,20290948,False,False,goal_ik_design,,0.0,0.0,6.0,0.0190637189662084
3,central_c0.5_from0.2,1,joint_projected,20291049,False,False,goal_ik_design,,0.0,0.0,6.0,0.0190637189662084
3,central_c0.5_from0.2,1,cartesian_ik,20291049,False,False,goal_ik_design,,0.0,0.0,6.0,0.0190637189662084
3,central_c0.5_from0.2,1,ompl_uniform,20291049,False,False,goal_ik_design,,0.0,0.0,6.0,0.0
3,central_c0.5_from0.2,2,cartesian_ik,20291150,False,False,goal_ik_design,,0.0,0.0,6.0,0.0190637189662084
3,central_c0.5_from0.2,2,ompl_uniform,20291150,False,False,goal_ik_design,,0.0,0.0,6.0,0.0
3,central_c0.5_from0.2,2,joint_projected,20291150,False,False,goal_ik_design,,0.0,0.0,6.0,0.0190637189662084
3,central_c0.5_from0.2,3,cartesian_ik,20291251,False,False,goal_ik_design,,0.0,0.0,6.0,0.0190637189662084
3,central_c0.5_from0.2,3,ompl_uniform,20291251,False,False,goal_ik_design,,0.0,0.0,6.0,0.0
3,central_c0.5_from0.2,3,joint_projected,20291251,False,False,goal_ik_design,,0.0,0.0,6.0,0.0190637189662084
3,central_c0.5_from0.2,4,ompl_uniform,20291352,False,False,goal_ik_design,,0.0,0.0,6.0,0.0
3,central_c0.5_from0.2,4,cartesian_ik,20291352,False,False,goal_ik_design,,0.0,0.0,6.0,0.0190637189662084
3,central_c0.5_from0.2,4,joint_projected,20291352,False,False,goal_ik_design,,0.0,0.0,6.0,0.0190637189662084
32,offset_c0.7_from0.8,0,joint_projected,20581151,False,False,planning,99999,3.044258526992053,0.0,6.0,3.064425496966578
32,offset_c0.7_from0.8,0,ompl_uniform,20581151,True,True,,1,0.31929760007187724,0.03816748,0.31929760007187724,0.3211268369341269
32,offset_c0.7_from0.8,0,cartesian_ik,20581151,False,False,planning,99999,3.1077777709579095,0.0,6.0,3.128144773072563
32,offset_c0.7_from0.8,1,joint_projected,20581252,False,False,planning,99999,3.089527603937313,0.0,6.0,3.1096837570657954
32,offset_c0.7_from0.8,1,cartesian_ik,20581252,False,False,planning,99999,3.105114085949026,0.0,6.0,3.125053156982176
32,offset_c0.7_from0.8,1,ompl_uniform,20581252,True,True,,1,0.32532541803084314,0.038390494,0.32532541803084314,0.32698097510728985
32,offset_c0.7_from0.8,2,cartesian_ik,20581353,False,False,planning,99999,3.0960233150981367,0.0,6.0,3.1168048221152276
32,offset_c0.7_from0.8,2,ompl_uniform,20581353,True,True,,1,0.17004439898300916,0.024784848,0.17004439898300916,0.17157897306606174
32,offset_c0.7_from0.8,2,joint_projected,20581353,False,False,planning,99999,3.033866498968564,0.0,6.0,3.054714509053156
32,offset_c0.7_from0.8,3,cartesian_ik,20581454,False,False,planning,99999,3.1031766320811585,0.0,6.0,3.1235865600174293
32,offset_c0.7_from0.8,3,joint_projected,20581454,False,False,planning,99999,3.0906441310653463,0.0,6.0,3.1106419960269704
32,offset_c0.7_from0.8,3,ompl_uniform,20581454,True,True,,1,0.26444522000383586,0.031169277,0.26444522000383586,0.26601163810119033
32,offset_c0.7_from0.8,4,cartesian_ik,20581555,False,False,planning,99999,3.069340963033028,0.0,6.0,3.0901302410056815
32,offset_c0.7_from0.8,4,joint_projected,20581555,False,False,planning,99999,3.093006966984831,0.0,6.0,3.112989254994318
32,offset_c0.7_from0.8,4,ompl_uniform,20581555,True,True,,1,0.22484017605893314,0.029729094,0.22484017605893314,0.22625762701500207
23,offset_c0.5_from0.2,0,ompl_uniform,20491088,True,True,,1,0.2566144830780104,0.013677818,0.2566144830780104,0.25793605810031295
23,offset_c0.5_from0.2,0,joint_projected,20491088,True,True,,1,0.222953496966511,0.08812846,0.222953496966511,0.24359660304617137
23,offset_c0.5_from0.2,0,cartesian_ik,20491088,True,True,,1,0.6013364150421694,0.206198898,0.6013364150421694,0.6222076949197799
23,offset_c0.5_from0.2,1,cartesian_ik,20491189,True,True,,1,0.3488281450700015,0.138300181,0.3488281450700015,0.3695046518696472
23,offset_c0.5_from0.2,1,ompl_uniform,20491189,True,True,,1,0.15568944602273405,0.018822959,0.15568944602273405,0.15728124207817018
23,offset_c0.5_from0.2,1,joint_projected,20491189,True,True,,1,0.3546850379789248,0.081037622,0.3546850379789248,0.3754967919085175
23,offset_c0.5_from0.2,2,ompl_uniform,20491290,True,True,,1,0.15669048903509974,0.047764519,0.15669048903509974,0.15853105706628412
23,offset_c0.5_from0.2,2,cartesian_ik,20491290,True,True,,1,0.3837299910373986,0.102597125,0.3837299910373986,0.4050042649032548
23,offset_c0.5_from0.2,2,joint_projected,20491290,True,True,,1,0.36793761898297817,0.07387143,0.36793761898297817,0.3887777249328792
23,offset_c0.5_from0.2,3,ompl_uniform,20491391,True,True,,1,0.2647321199765429,0.04418251,0.2647321199765429,0.26678940595593303
23,offset_c0.5_from0.2,3,cartesian_ik,20491391,True,True,,1,0.44036136905197054,0.266410512,0.44036136905197054,0.4616234810091555
23,offset_c0.5_from0.2,3,joint_projected,20491391,True,True,,1,0.9953769529238343,0.815880741,0.9953769529238343,1.0164153738878667
23,offset_c0.5_from0.2,4,cartesian_ik,20491492,True,True,,1,0.48493910499382764,0.100275526,0.48493910499382764,0.5145935128675774
23,offset_c0.5_from0.2,4,ompl_uniform,20491492,True,True,,1,0.24815856094937772,0.018343232,0.24815856094937772,0.25006060500163585
23,offset_c0.5_from0.2,4,joint_projected,20491492,True,True,,1,0.1536205249140039,0.07934243,0.1536205249140039,0.17448487190995365
33,offset_c0.7_from0.8,0,ompl_uniform,20591158,True,True,,1,0.13389643596019596,0.010550696,0.13389643596019596,0.13534600904677063
33,offset_c0.7_from0.8,0,joint_projected,20591158,True,True,,1,0.11782693606801331,0.036253845,0.11782693606801331,0.1392852501012385
33,offset_c0.7_from0.8,0,cartesian_ik,20591158,True,True,,1,0.10651389590930194,0.06901889,0.10651389590930194,0.12753653211984783
33,offset_c0.7_from0.8,1,ompl_uniform,20591259,True,True,,1,0.16178715298883617,0.012134316,0.16178715298883617,0.1633740949910134
33,offset_c0.7_from0.8,1,cartesian_ik,20591259,False,True,path_audit,1,0.2673704259796068,0.11802681,6.0,0.28902329900301993
33,offset_c0.7_from0.8,1,joint_projected,20591259,True,True,,1,0.20600213506259024,0.057685536,0.20600213506259024,0.22827670606784523
33,offset_c0.7_from0.8,2,ompl_uniform,20591360,True,True,,1,0.19122935098130256,0.028060357,0.19122935098130256,0.1929988058982417
33,offset_c0.7_from0.8,2,joint_projected,20591360,True,True,,1,0.15146170603111386,0.032884468,0.15146170603111386,0.17279134108684957
33,offset_c0.7_from0.8,2,cartesian_ik,20591360,True,True,,1,0.286790271056816,0.11957808,0.286790271056816,0.30800381302833557
33,offset_c0.7_from0.8,3,cartesian_ik,20591461,True,True,,1,0.20664686698000878,0.046266318,0.20664686698000878,0.2277280690614134
33,offset_c0.7_from0.8,3,ompl_uniform,20591461,True,True,,1,0.1696865858975798,0.012195421,0.1696865858975798,0.17114058800507337
33,offset_c0.7_from0.8,3,joint_projected,20591461,True,True,,1,0.20424590399488807,0.072716577,0.20424590399488807,0.22538995905779302
33,offset_c0.7_from0.8,4,cartesian_ik,20591562,True,True,,1,0.15096957806963474,0.045348256,0.15096957806963474,0.17186723207123578
33,offset_c0.7_from0.8,4,joint_projected,20591562,True,True,,1,0.15505632502026856,0.04317823,0.15505632502026856,0.17637325008399785
33,offset_c0.7_from0.8,4,ompl_uniform,20591562,True,True,,1,0.2209101039916277,0.014507791,0.2209101039916277,0.22272322804201394
51,distant_c0.7_from0.8,0,cartesian_ik,20771284,False,False,goal_ik_design,,0.0,0.0,6.0,0.018774516065604985
51,distant_c0.7_from0.8,0,ompl_uniform,20771284,False,False,goal_ik_design,,0.0,0.0,6.0,0.0
51,distant_c0.7_from0.8,0,joint_projected,20771284,False,False,goal_ik_design,,0.0,0.0,6.0,0.018774516065604985
51,distant_c0.7_from0.8,1,ompl_uniform,20771385,False,False,goal_ik_design,,0.0,0.0,6.0,0.0
51,distant_c0.7_from0.8,1,joint_projected,20771385,False,False,goal_ik_design,,0.0,0.0,6.0,0.018774516065604985
51,distant_c0.7_from0.8,1,cartesian_ik,20771385,False,False,goal_ik_design,,0.0,0.0,6.0,0.018774516065604985
51,distant_c0.7_from0.8,2,joint_projected,20771486,False,False,goal_ik_design,,0.0,0.0,6.0,0.018774516065604985
51,distant_c0.7_from0.8,2,cartesian_ik,20771486,False,False,goal_ik_design,,0.0,0.0,6.0,0.018774516065604985
51,distant_c0.7_from0.8,2,ompl_uniform,20771486,False,False,goal_ik_design,,0.0,0.0,6.0,0.0
51,distant_c0.7_from0.8,3,ompl_uniform,20771587,False,False,goal_ik_design,,0.0,0.0,6.0,0.0
51,distant_c0.7_from0.8,3,cartesian_ik,20771587,False,False,goal_ik_design,,0.0,0.0,6.0,0.018774516065604985
51,distant_c0.7_from0.8,3,joint_projected,20771587,False,False,goal_ik_design,,0.0,0.0,6.0,0.018774516065604985
51,distant_c0.7_from0.8,4,joint_projected,20771688,False,False,goal_ik_design,,0.0,0.0,6.0,0.018774516065604985
51,distant_c0.7_from0.8,4,ompl_uniform,20771688,False,False,goal_ik_design,,0.0,0.0,6.0,0.0
51,distant_c0.7_from0.8,4,cartesian_ik,20771688,False,False,goal_ik_design,,0.0,0.0,6.0,0.018774516065604985
44,distant_c0.5_from0.2,0,ompl_uniform,20701235,True,True,,1,0.16616180003620684,0.014385436,0.16616180003620684,0.1673463329207152
44,distant_c0.5_from0.2,0,joint_projected,20701235,True,True,,1,0.18232330190949142,0.0213229,0.18232330190949142,0.20424058404751122
44,distant_c0.5_from0.2,0,cartesian_ik,20701235,True,True,,1,0.1020851869834587,0.032282807,0.1020851869834587,0.12252022803295404
44,distant_c0.5_from0.2,1,ompl_uniform,20701336,True,True,,1,0.1550211040303111,0.021428002,0.1550211040303111,0.15617588604800403
44,distant_c0.5_from0.2,1,joint_projected,20701336,True,True,,1,0.19625730498228222,0.033682114,0.19625730498228222,0.2172980789327994
44,distant_c0.5_from0.2,1,cartesian_ik,20701336,True,True,,1,0.15111202199477702,0.011942966,0.15111202199477702,0.17219468601979315
44,distant_c0.5_from0.2,2,cartesian_ik,20701437,True,True,,1,0.1778605319559574,0.040158612,0.1778605319559574,0.1985360539983958
44,distant_c0.5_from0.2,2,joint_projected,20701437,True,True,,1,0.1602484369650483,0.0272899,0.1602484369650483,0.1808942980132997
44,distant_c0.5_from0.2,2,ompl_uniform,20701437,True,True,,1,0.11656833498273045,0.020168051,0.11656833498273045,0.11787840398028493
44,distant_c0.5_from0.2,3,cartesian_ik,20701538,True,True,,1,0.09362051007337868,0.016002389,0.09362051007337868,0.11436242703348398
44,distant_c0.5_from0.2,3,ompl_uniform,20701538,True,True,,1,0.19566621002741158,0.032441991,0.19566621002741158,0.1974310049554333
44,distant_c0.5_from0.2,3,joint_projected,20701538,True,True,,1,0.09182038297876716,0.034334124,0.09182038297876716,0.11330007808282971
44,distant_c0.5_from0.2,4,ompl_uniform,20701639,True,True,,1,0.1248323020990938,0.011277623,0.1248323020990938,0.12685527303256094
44,distant_c0.5_from0.2,4,cartesian_ik,20701639,True,True,,1,0.13862609898205847,0.011527066,0.13862609898205847,0.15913522511254996
44,distant_c0.5_from0.2,4,joint_projected,20701639,True,True,,1,0.03009688900783658,0.014513664,0.03009688900783658,0.050843909033574164
4,central_c0.5_from0.2,0,joint_projected,20300955,False,False,goal_ik_design,,0.0,0.0,6.0,0.018332249950617552
4,central_c0.5_from0.2,0,cartesian_ik,20300955,False,False,goal_ik_design,,0.0,0.0,6.0,0.018332249950617552
4,central_c0.5_from0.2,0,ompl_uniform,20300955,False,False,goal_ik_design,,0.0,0.0,6.0,0.0
4,central_c0.5_from0.2,1,ompl_uniform,20301056,False,False,goal_ik_design,,0.0,0.0,6.0,0.0
4,central_c0.5_from0.2,1,joint_projected,20301056,False,False,goal_ik_design,,0.0,0.0,6.0,0.018332249950617552
4,central_c0.5_from0.2,1,cartesian_ik,20301056,False,False,goal_ik_design,,0.0,0.0,6.0,0.018332249950617552
4,central_c0.5_from0.2,2,cartesian_ik,20301157,False,False,goal_ik_design,,0.0,0.0,6.0,0.018332249950617552
4,central_c0.5_from0.2,2,joint_projected,20301157,False,False,goal_ik_design,,0.0,0.0,6.0,0.018332249950617552
4,central_c0.5_from0.2,2,ompl_uniform,20301157,False,False,goal_ik_design,,0.0,0.0,6.0,0.0
4,central_c0.5_from0.2,3,ompl_uniform,20301258,False,False,goal_ik_design,,0.0,0.0,6.0,0.0
4,central_c0.5_from0.2,3,cartesian_ik,20301258,False,False,goal_ik_design,,0.0,0.0,6.0,0.018332249950617552
4,central_c0.5_from0.2,3,joint_projected,20301258,False,False,goal_ik_design,,0.0,0.0,6.0,0.018332249950617552
4,central_c0.5_from0.2,4,joint_projected,20301359,False,False,goal_ik_design,,0.0,0.0,6.0,0.018332249950617552
4,central_c0.5_from0.2,4,ompl_uniform,20301359,False,False,goal_ik_design,,0.0,0.0,6.0,0.0
4,central_c0.5_from0.2,4,cartesian_ik,20301359,False,False,goal_ik_design,,0.0,0.0,6.0,0.018332249950617552
27,offset_c0.5_from0.2,0,ompl_uniform,20531116,True,True,,1,0.1596107060322538,0.009841386,0.1596107060322538,0.1610412549925968
27,offset_c0.5_from0.2,0,joint_projected,20531116,True,True,,1,0.6140810260549188,0.170344534,0.6140810260549188,0.6354574579745531
27,offset_c0.5_from0.2,0,cartesian_ik,20531116,True,True,,1,0.3985160900047049,0.309949174,0.3985160900047049,0.4195552238961682
27,offset_c0.5_from0.2,1,ompl_uniform,20531217,True,True,,1,0.16478843591175973,0.029607014,0.16478843591175973,0.16654077207203954
27,offset_c0.5_from0.2,1,joint_projected,20531217,True,True,,1,0.3364998010220006,0.199645918,0.3364998010220006,0.35742626700084656
27,offset_c0.5_from0.2,1,cartesian_ik,20531217,True,True,,1,0.46537775499746203,0.151075847,0.46537775499746203,0.48653488291893154
27,offset_c0.5_from0.2,2,ompl_uniform,20531318,True,True,,1,0.1407361370511353,0.023222173,0.1407361370511353,0.14231917599681765
27,offset_c0.5_from0.2,2,joint_projected,20531318,True,True,,1,0.2881841129856184,0.083026112,0.2881841129856184,0.3091647708788514
27,offset_c0.5_from0.2,2,cartesian_ik,20531318,True,True,,1,0.4647725890390575,0.271709418,0.4647725890390575,0.485354425967671
27,offset_c0.5_from0.2,3,cartesian_ik,20531419,True,True,,1,0.6299244789406657,0.255565834,0.6299244789406657,0.6509708409430459
27,offset_c0.5_from0.2,3,ompl_uniform,20531419,True,True,,1,0.09989734797272831,0.013746421,0.09989734797272831,0.10127350804395974
27,offset_c0.5_from0.2,3,joint_projected,20531419,True,True,,1,0.2575612759683281,0.132635354,0.2575612759683281,0.2782142219366506
27,offset_c0.5_from0.2,4,ompl_uniform,20531520,True,True,,1,0.08654886402655393,0.020232325,0.08654886402655393,0.0879462860757485
27,offset_c0.5_from0.2,4,cartesian_ik,20531520,True,True,,1,1.0415306159993634,0.862070666,1.0415306159993634,1.0619228669675067
27,offset_c0.5_from0.2,4,joint_projected,20531520,True,True,,1,0.31021837005391717,0.044019429,0.31021837005391717,0.3310576200019568
31,offset_c0.7_from0.8,0,cartesian_ik,20571144,False,False,goal_ik_design,,0.0,0.0,6.0,0.018659490044228733
31,offset_c0.7_from0.8,0,joint_projected,20571144,False,False,goal_ik_design,,0.0,0.0,6.0,0.018659490044228733
31,offset_c0.7_from0.8,0,ompl_uniform,20571144,False,False,goal_ik_design,,0.0,0.0,6.0,0.0
31,offset_c0.7_from0.8,1,ompl_uniform,20571245,False,False,goal_ik_design,,0.0,0.0,6.0,0.0
31,offset_c0.7_from0.8,1,joint_projected,20571245,False,False,goal_ik_design,,0.0,0.0,6.0,0.018659490044228733
31,offset_c0.7_from0.8,1,cartesian_ik,20571245,False,False,goal_ik_design,,0.0,0.0,6.0,0.018659490044228733
31,offset_c0.7_from0.8,2,ompl_uniform,20571346,False,False,goal_ik_design,,0.0,0.0,6.0,0.0
31,offset_c0.7_from0.8,2,cartesian_ik,20571346,False,False,goal_ik_design,,0.0,0.0,6.0,0.018659490044228733
31,offset_c0.7_from0.8,2,joint_projected,20571346,False,False,goal_ik_design,,0.0,0.0,6.0,0.018659490044228733
31,offset_c0.7_from0.8,3,ompl_uniform,20571447,False,False,goal_ik_design,,0.0,0.0,6.0,0.0
31,offset_c0.7_from0.8,3,cartesian_ik,20571447,False,False,goal_ik_design,,0.0,0.0,6.0,0.018659490044228733
31,offset_c0.7_from0.8,3,joint_projected,20571447,False,False,goal_ik_design,,0.0,0.0,6.0,0.018659490044228733
31,offset_c0.7_from0.8,4,joint_projected,20571548,False,False,goal_ik_design,,0.0,0.0,6.0,0.018659490044228733
31,offset_c0.7_from0.8,4,cartesian_ik,20571548,False,False,goal_ik_design,,0.0,0.0,6.0,0.018659490044228733
31,offset_c0.7_from0.8,4,ompl_uniform,20571548,False,False,goal_ik_design,,0.0,0.0,6.0,0.0
8,central_c0.5_from0.2,0,cartesian_ik,20340983,True,True,,1,0.19741251808591187,0.051888608,0.19741251808591187,0.21762795897666365
8,central_c0.5_from0.2,0,joint_projected,20340983,True,True,,1,0.09454408101737499,0.029776072,0.09454408101737499,0.11475730792153627
8,central_c0.5_from0.2,0,ompl_uniform,20340983,True,True,,1,0.20370968501083553,0.027719219,0.20370968501083553,0.20502455497626215
8,central_c0.5_from0.2,1,joint_projected,20341084,False,False,planning,99999,3.049224065965973,0.0,6.0,3.069468301953748
8,central_c0.5_from0.2,1,cartesian_ik,20341084,True,True,,1,0.25225113495253026,0.091327766,0.25225113495253026,0.2723289260175079
8,central_c0.5_from0.2,1,ompl_uniform,20341084,True,True,,1,0.274954324006103,0.036241282,0.274954324006103,0.2764155720360577
8,central_c0.5_from0.2,2,ompl_uniform,20341185,True,True,,1,0.14422328094951808,0.016010424,0.14422328094951808,0.1453747620107606
8,central_c0.5_from0.2,2,cartesian_ik,20341185,True,True,,1,0.17979393398854882,0.048894363,0.17979393398854882,0.20091177197173238
8,central_c0.5_from0.2,2,joint_projected,20341185,True,True,,1,0.06613446294795722,0.027970063,0.06613446294795722,0.08647551096510142
8,central_c0.5_from0.2,3,cartesian_ik,20341286,True,True,,1,0.09931230801157653,0.049341115,0.09931230801157653,0.11978430498857051
8,central_c0.5_from0.2,3,ompl_uniform,20341286,True,True,,1,0.15553092292975634,0.019667365,0.15553092292975634,0.15696829801891
8,central_c0.5_from0.2,3,joint_projected,20341286,True,True,,1,0.1619036350166425,0.044345414,0.1619036350166425,0.1825059549883008
8,central_c0.5_from0.2,4,cartesian_ik,20341387,True,True,,1,0.25977752602193505,0.049849263,0.25977752602193505,0.280440210015513
8,central_c0.5_from0.2,4,ompl_uniform,20341387,True,True,,1,0.19646742206532508,0.021954829,0.19646742206532508,0.19786670501343906
8,central_c0.5_from0.2,4,joint_projected,20341387,False,False,planning,99999,3.098182777990587,0.0,6.0,3.117846838897094
6,central_c0.5_from0.2,0,ompl_uniform,20320969,True,True,,1,0.3469797389116138,0.043542094,0.3469797389116138,0.34867730201222
6,central_c0.5_from0.2,0,joint_projected,20320969,False,False,planning,99999,3.068552824901417,0.0,6.0,3.0888978069415316
6,central_c0.5_from0.2,0,cartesian_ik,20320969,True,True,,1,0.2433406449854374,0.067660328,0.2433406449854374,0.2636669740313664
6,central_c0.5_from0.2,1,joint_projected,20321070,False,False,planning,99999,3.049499732092954,0.0,6.0,3.070368546061218
6,central_c0.5_from0.2,1,cartesian_ik,20321070,True,True,,1,0.5687081910436973,0.248255161,0.5687081910436973,0.5893133539939299
6,central_c0.5_from0.2,1,ompl_uniform,20321070,True,True,,1,0.30000765598379076,0.032624032,0.30000765598379076,0.30172493506688625
6,central_c0.5_from0.2,2,joint_projected,20321171,False,False,planning,99999,3.0695829739561304,0.0,6.0,3.090076264925301
6,central_c0.5_from0.2,2,ompl_uniform,20321171,True,True,,1,0.2452287949854508,0.02230388,0.2452287949854508,0.24678358505479991
6,central_c0.5_from0.2,2,cartesian_ik,20321171,True,True,,1,0.3260732479393482,0.168931981,0.3260732479393482,0.3471229950664565
6,central_c0.5_from0.2,3,joint_projected,20321272,True,True,,1,2.1072615350130945,1.85981371,2.1072615350130945,2.128565334016457
6,central_c0.5_from0.2,3,ompl_uniform,20321272,True,True,,1,0.16912823100574315,0.021847311,0.16912823100574315,0.1704916530288756
6,central_c0.5_from0.2,3,cartesian_ik,20321272,True,True,,1,0.293851797003299,0.134322347,0.293851797003299,0.3153676779475063
6,central_c0.5_from0.2,4,ompl_uniform,20321373,True,True,,1,0.19099998602177948,0.028322733,0.19099998602177948,0.1930765981087461
6,central_c0.5_from0.2,4,cartesian_ik,20321373,True,True,,1,0.33039265393745154,0.054779738,0.33039265393745154,0.3515851800329983
6,central_c0.5_from0.2,4,joint_projected,20321373,True,True,,1,0.22549908491782844,0.062236794,0.22549908491782844,0.2461822519544512
40,distant_c0.5_from0.2,0,ompl_uniform,20661207,True,True,,1,0.24127161805517972,0.025085325,0.24127161805517972,0.24238552898168564
40,distant_c0.5_from0.2,0,cartesian_ik,20661207,True,True,,1,0.1555947510059923,0.036332391,0.1555947510059923,0.17672227311413735
40,distant_c0.5_from0.2,0,joint_projected,20661207,True,True,,1,0.07915082992985845,0.015148407,0.07915082992985845,0.09965620294678956
40,distant_c0.5_from0.2,1,joint_projected,20661308,True,True,,1,0.1076494159642607,0.03278744,0.1076494159642607,0.1286081299185753
40,distant_c0.5_from0.2,1,cartesian_ik,20661308,True,True,,1,0.14313585893251002,0.045269312,0.14313585893251002,0.16418049205094576
40,distant_c0.5_from0.2,1,ompl_uniform,20661308,True,True,,1,0.23873975803144276,0.024323092,0.23873975803144276,0.24007053603418171
40,distant_c0.5_from0.2,2,ompl_uniform,20661409,True,True,,1,0.15753472596406937,0.03388125,0.15753472596406937,0.15938937000464648
40,distant_c0.5_from0.2,2,joint_projected,20661409,True,True,,1,0.09184821404051036,0.024849767,0.09184821404051036,0.11251264694146812
40,distant_c0.5_from0.2,2,cartesian_ik,20661409,True,True,,1,0.17480925610288978,0.018137374,0.17480925610288978,0.19525666697882116
40,distant_c0.5_from0.2,3,cartesian_ik,20661510,True,True,,1,0.17265691992361099,0.033227321,0.17265691992361099,0.1932057439116761
40,distant_c0.5_from0.2,3,joint_projected,20661510,True,True,,1,0.03487858094740659,0.021578109,0.03487858094740659,0.05546174198389053
40,distant_c0.5_from0.2,3,ompl_uniform,20661510,True,True,,1,0.16144182696007192,0.00957771,0.16144182696007192,0.1627156010363251
40,distant_c0.5_from0.2,4,ompl_uniform,20661611,True,True,,1,0.09441375103779137,0.009713356,0.09441375103779137,0.09597953502088785
40,distant_c0.5_from0.2,4,joint_projected,20661611,True,True,,1,0.06759993906598538,0.030424641,0.06759993906598538,0.0885813869535923
40,distant_c0.5_from0.2,4,cartesian_ik,20661611,True,True,,1,0.10190551797859371,0.043149855,0.10190551797859371,0.12301087891682982
56,distant_c0.7_from0.8,0,joint_projected,20821319,True,True,,1,0.1023608889663592,0.026254583,0.1023608889663592,0.12270256492774934
56,distant_c0.7_from0.8,0,cartesian_ik,20821319,True,True,,1,0.12684583198279142,0.027452437,0.12684583198279142,0.14711353287566453
56,distant_c0.7_from0.8,0,ompl_uniform,20821319,True,True,,1,0.14692560106050223,0.021672607,0.14692560106050223,0.14867836993653327
56,distant_c0.7_from0.8,1,cartesian_ik,20821420,True,True,,1,0.08555958897341043,0.016597523,0.08555958897341043,0.10629955597687513
56,distant_c0.7_from0.8,1,ompl_uniform,20821420,True,True,,1,0.15853098302613944,0.009769311,0.15853098302613944,0.15991494292393327
56,distant_c0.7_from0.8,1,joint_projected,20821420,True,True,,1,0.18844741699285805,0.02387586,0.18844741699285805,0.20893853390589356
56,distant_c0.7_from0.8,2,cartesian_ik,20821521,True,True,,1,0.05792342603672296,0.010231708,0.05792342603672296,0.07835958199575543
56,distant_c0.7_from0.8,2,joint_projected,20821521,True,True,,1,0.11161287396680564,0.023725064,0.11161287396680564,0.13232108298689127
56,distant_c0.7_from0.8,2,ompl_uniform,20821521,True,True,,1,0.20624148601200432,0.035875234,0.20624148601200432,0.2078111779410392
56,distant_c0.7_from0.8,3,ompl_uniform,20821622,True,True,,1,0.13333432807121426,0.032971742,0.13333432807121426,0.13522512407507747
56,distant_c0.7_from0.8,3,cartesian_ik,20821622,True,True,,1,0.16550162492785603,0.019509559,0.16550162492785603,0.18616408691741526
56,distant_c0.7_from0.8,3,joint_projected,20821622,True,True,,1,0.14712318603415042,0.026658512,0.14712318603415042,0.1680135700153187
56,distant_c0.7_from0.8,4,cartesian_ik,20821723,True,True,,1,0.07040275901090354,0.012995735,0.07040275901090354,0.09043718199245632
56,distant_c0.7_from0.8,4,ompl_uniform,20821723,True,True,,1,0.13575095299165696,0.024345974,0.13575095299165696,0.1374489499721676
56,distant_c0.7_from0.8,4,joint_projected,20821723,True,True,,1,0.04162407899275422,0.026740167,0.04162407899275422,0.06175147497560829
37,offset_c0.7_from0.8,0,ompl_uniform,20631186,True,True,,1,0.18364172300789505,0.040330835,0.18364172300789505,0.18484381202142686
37,offset_c0.7_from0.8,0,cartesian_ik,20631186,True,True,,1,0.5204443510156125,0.222696569,0.5204443510156125,0.5416189909446985
37,offset_c0.7_from0.8,0,joint_projected,20631186,True,True,,1,0.29265897104050964,0.048561503,0.29265897104050964,0.31451920699328184
37,offset_c0.7_from0.8,1,ompl_uniform,20631287,True,True,,1,0.17290851997677237,0.017284862,0.17290851997677237,0.17462415096815675
37,offset_c0.7_from0.8,1,cartesian_ik,20631287,True,True,,1,0.30678941996302456,0.1461599,0.30678941996302456,0.32806035899557173
37,offset_c0.7_from0.8,1,joint_projected,20631287,True,True,,1,0.3347991280024871,0.053896567,0.3347991280024871,0.3564951940206811
37,offset_c0.7_from0.8,2,joint_projected,20631388,True,True,,1,0.067676016013138,0.026171009,0.067676016013138,0.0890390130225569
37,offset_c0.7_from0.8,2,ompl_uniform,20631388,True,True,,1,0.23190790100488812,0.040239205,0.23190790100488812,0.2338639540830627
37,offset_c0.7_from0.8,2,cartesian_ik,20631388,True,True,,1,0.575981187983416,0.269696,0.575981187983416,0.5980566010111943
37,offset_c0.7_from0.8,3,joint_projected,20631489,True,True,,1,1.122516902978532,1.042322418,1.122516902978532,1.1437018240103498
37,offset_c0.7_from0.8,3,cartesian_ik,20631489,True,True,,1,0.4773759780218825,0.144773844,0.4773759780218825,0.4992344529600814
37,offset_c0.7_from0.8,3,ompl_uniform,20631489,True,True,,1,0.20220847998280078,0.042451113,0.20220847998280078,0.2041001170873642
37,offset_c0.7_from0.8,4,ompl_uniform,20631590,True,True,,1,0.1617341450182721,0.025965555,0.1617341450182721,0.16351418406702578
37,offset_c0.7_from0.8,4,cartesian_ik,20631590,True,True,,1,0.22757340490352362,0.127858453,0.22757340490352362,0.24922752496786416
37,offset_c0.7_from0.8,4,joint_projected,20631590,True,True,,1,0.08610565692652017,0.030902155,0.08610565692652017,0.10734981996938586
21,offset_c0.5_from0.2,0,joint_projected,20471074,False,False,goal_invalid_in_corridor,,0.0,0.0,6.0,0.019854426966048777
21,offset_c0.5_from0.2,0,ompl_uniform,20471074,True,True,,1,0.17260011797770858,0.023538473,0.17260011797770858,0.17389350407756865
21,offset_c0.5_from0.2,0,cartesian_ik,20471074,False,False,goal_invalid_in_corridor,,0.0,0.0,6.0,0.0205688769929111
21,offset_c0.5_from0.2,1,cartesian_ik,20471175,False,False,goal_invalid_in_corridor,,0.0,0.0,6.0,0.019587134011089802
21,offset_c0.5_from0.2,1,ompl_uniform,20471175,True,True,,1,0.17462054907809943,0.030096449,0.17462054907809943,0.17570011806674302
21,offset_c0.5_from0.2,1,joint_projected,20471175,False,False,goal_invalid_in_corridor,,0.0,0.0,6.0,0.02025995496660471
21,offset_c0.5_from0.2,2,ompl_uniform,20471276,True,True,,1,0.1701553309103474,0.010726148,0.1701553309103474,0.17102167895063758
21,offset_c0.5_from0.2,2,cartesian_ik,20471276,False,False,goal_invalid_in_corridor,,0.0,0.0,6.0,0.020101475063711405
21,offset_c0.5_from0.2,2,joint_projected,20471276,False,False,goal_invalid_in_corridor,,0.0,0.0,6.0,0.02000267500989139
21,offset_c0.5_from0.2,3,cartesian_ik,20471377,False,False,goal_invalid_in_corridor,,0.0,0.0,6.0,0.020171087002381682
21,offset_c0.5_from0.2,3,joint_projected,20471377,False,False,goal_invalid_in_corridor,,0.0,0.0,6.0,0.02059907210059464
21,offset_c0.5_from0.2,3,ompl_uniform,20471377,True,True,,1,0.15194805699866265,0.035327655,0.15194805699866265,0.15347662998829037
21,offset_c0.5_from0.2,4,cartesian_ik,20471478,False,False,goal_invalid_in_corridor,,0.0,0.0,6.0,0.01994547701906413
21,offset_c0.5_from0.2,4,ompl_uniform,20471478,True,True,,1,0.7608096890617162,0.017317502,0.7608096890617162,0.7630724119953811
21,offset_c0.5_from0.2,4,joint_projected,20471478,False,False,goal_invalid_in_corridor,,0.0,0.0,6.0,0.02087536605540663
10,central_c0.7_from0.8,0,ompl_uniform,20360997,False,False,goal_ik_design,,0.0,0.0,6.0,0.0
10,central_c0.7_from0.8,0,cartesian_ik,20360997,False,False,goal_ik_design,,0.0,0.0,6.0,0.018719078972935677
10,central_c0.7_from0.8,0,joint_projected,20360997,False,False,goal_ik_design,,0.0,0.0,6.0,0.018719078972935677
10,central_c0.7_from0.8,1,cartesian_ik,20361098,False,False,goal_ik_design,,0.0,0.0,6.0,0.018719078972935677
10,central_c0.7_from0.8,1,joint_projected,20361098,False,False,goal_ik_design,,0.0,0.0,6.0,0.018719078972935677
10,central_c0.7_from0.8,1,ompl_uniform,20361098,False,False,goal_ik_design,,0.0,0.0,6.0,0.0
10,central_c0.7_from0.8,2,joint_projected,20361199,False,False,goal_ik_design,,0.0,0.0,6.0,0.018719078972935677
10,central_c0.7_from0.8,2,ompl_uniform,20361199,False,False,goal_ik_design,,0.0,0.0,6.0,0.0
10,central_c0.7_from0.8,2,cartesian_ik,20361199,False,False,goal_ik_design,,0.0,0.0,6.0,0.018719078972935677
10,central_c0.7_from0.8,3,ompl_uniform,20361300,False,False,goal_ik_design,,0.0,0.0,6.0,0.0
10,central_c0.7_from0.8,3,joint_projected,20361300,False,False,goal_ik_design,,0.0,0.0,6.0,0.018719078972935677
10,central_c0.7_from0.8,3,cartesian_ik,20361300,False,False,goal_ik_design,,0.0,0.0,6.0,0.018719078972935677
10,central_c0.7_from0.8,4,joint_projected,20361401,False,False,goal_ik_design,,0.0,0.0,6.0,0.018719078972935677
10,central_c0.7_from0.8,4,cartesian_ik,20361401,False,False,goal_ik_design,,0.0,0.0,6.0,0.018719078972935677
10,central_c0.7_from0.8,4,ompl_uniform,20361401,False,False,goal_ik_design,,0.0,0.0,6.0,0.0
45,distant_c0.5_from0.2,0,joint_projected,20711242,True,True,,1,0.07334878598339856,0.018922436,0.07334878598339856,0.0931084071053192
45,distant_c0.5_from0.2,0,ompl_uniform,20711242,True,True,,1,0.16468416096176952,0.0087049,0.16468416096176952,0.16616095008794218
45,distant_c0.5_from0.2,0,cartesian_ik,20711242,True,True,,1,0.207075109006837,0.026986474,0.207075109006837,0.2280622940743342
45,distant_c0.5_from0.2,1,cartesian_ik,20711343,True,True,,1,0.1422817320562899,0.028143834,0.1422817320562899,0.16293140209745616
45,distant_c0.5_from0.2,1,ompl_uniform,20711343,True,True,,1,0.1477184590185061,0.021659372,0.1477184590185061,0.14904373604804277
45,distant_c0.5_from0.2,1,joint_projected,20711343,True,True,,1,0.11212150997016579,0.037040513,0.11212150997016579,0.1321551981382072
45,distant_c0.5_from0.2,2,joint_projected,20711444,True,True,,1,0.09031079104170203,0.021949348,0.09031079104170203,0.11072517605498433
45,distant_c0.5_from0.2,2,ompl_uniform,20711444,True,True,,1,0.17466506594792008,0.025041446,0.17466506594792008,0.17636087897699326
45,distant_c0.5_from0.2,2,cartesian_ik,20711444,True,True,,1,0.04403729399200529,0.013167399,0.04403729399200529,0.06458689703140408
45,distant_c0.5_from0.2,3,ompl_uniform,20711545,True,True,,1,0.1708102619741112,0.025359314,0.1708102619741112,0.17247346695512533
45,distant_c0.5_from0.2,3,cartesian_ik,20711545,True,True,,1,0.11106875003315508,0.008290101,0.11106875003315508,0.13179424405097961
45,distant_c0.5_from0.2,3,joint_projected,20711545,True,True,,1,0.10070899501442909,0.028431939,0.10070899501442909,0.12094384897500277
45,distant_c0.5_from0.2,4,joint_projected,20711646,True,True,,1,0.03526949498336762,0.019013344,0.03526949498336762,0.0554603060008958
45,distant_c0.5_from0.2,4,cartesian_ik,20711646,True,True,,1,0.12662566197104752,0.014841828,0.12662566197104752,0.14701591012999415
45,distant_c0.5_from0.2,4,ompl_uniform,20711646,True,True,,1,0.14730120508465916,0.009837857,0.14730120508465916,0.14902840193826705
